draw,draw_seed,sample,net_income_adjusted,popu_density,agri_land_pp,is_sns,ethnicity,burial,temple,dai,hani,bulang,ID,dist_to_road,dist_to_village,mean_elev,mean_slope,mode_aspect,forest_area_02,woody_area_02,distance,weights,subclass,loss_1_34_14,loss_1_34_intensity_14,loss_1_345_14,loss_1_345_intensity_14,dai_eth,hani_eth,aspect_cos,aspect_sin,log_income,log_popu,log_agri,geometry_wkt
5,20260514,Forest,8450.297366185216,73.42593080392646,1.8587749920660108,1,Dai,火葬,无,1,0,0,39,467.88896705455073,973.9420289361556,842.76318359375,9.866257667541504,185.98673812728885,12600,253140.49072265625,0.16581038214983854,1,1,12600,1,0,0,1,0,-0.9945460632347923,-0.10429826510626353,9.041956910996545,4.296277153938979,0.6199176643325077,"POLYGON ((696095.3 2447963, 696094.6 2447937, 696092.5 2447910, 696089.1 2447884, 696084.3 2447859, 696078.2 2447833, 696070.8 2447808, 696062 2447784, 696052 2447759, 696040.8 2447736, 696028.3 2447713, 696014.6 2447690, 695999.8 2447669, 695983.8 2447648, 695966.8 2447628, 695948.8 2447609, 695929.8 2447591, 695909.9 2447574, 695889.1 2447558, 695867.6 2447543, 695845.3 2447530, 695822.2 2447517, 695798.6 2447506, 695774.4 2447496, 695749.8 2447487, 695724.7 2447480, 695699.2 2447474, 695673.5 2447469, 695647.5 2447465, 695621.4 2447463, 695595.3 2447463, 695569.1 2447463, 695543 2447465, 695517 2447469, 695491.3 2447474, 695465.8 2447480, 695440.7 2447487, 695416.1 2447496, 695391.9 2447506, 695368.3 2447517, 695345.3 2447530, 695322.9 2447543, 695301.4 2447558, 695280.6 2447574, 695260.7 2447591, 695241.7 2447609, 695223.7 2447628, 695206.7 2447648, 695190.7 2447669, 695175.9 2447690, 695162.2 2447713, 695149.7 2447736, 695138.5 2447759, 695128.5 2447784, 695119.7 2447808, 695112.3 2447833, 695106.2 2447859, 695101.4 2447884, 695098 2447910, 695095.9 2447937, 695095.3 2447963, 695095.9 2447989, 695098 2448015, 695101.4 2448041, 695106.2 2448067, 695112.3 2448092, 695119.7 2448117, 695128.5 2448142, 695138.5 2448166, 695149.7 2448190, 695162.2 2448213, 695175.9 2448235, 695190.7 2448257, 695206.7 2448277, 695223.7 2448297, 695241.7 2448316, 695260.7 2448334, 695280.6 2448351, 695301.4 2448367, 695322.9 2448382, 695345.3 2448396, 695368.3 2448408, 695391.9 2448419, 695416.1 2448429, 695440.7 2448438, 695465.8 2448446, 695491.3 2448452, 695517 2448457, 695543 2448460, 695569.1 2448462, 695595.3 2448463, 695621.4 2448462, 695647.5 2448460, 695673.5 2448457, 695699.2 2448452, 695724.7 2448446, 695749.8 2448438, 695774.4 2448429, 695798.6 2448419, 695822.2 2448408, 695845.3 2448396, 695867.6 2448382, 695889.1 2448367, 695909.9 2448351, 695929.8 2448334, 695948.8 2448316, 695966.8 2448297, 695983.8 2448277, 695999.8 2448257, 696014.6 2448235, 696028.3 2448213, 696040.8 2448190, 696052 2448166, 696062 2448142, 696070.8 2448117, 696078.2 2448092, 696084.3 2448067, 696089.1 2448041, 696092.5 2448015, 696094.6 2447989, 696095.3 2447963))"
5,20260514,Forest,8450.297366185216,73.42593080392646,1.8587749920660108,1,Dai,火葬,无,1,0,0,40,413.77919748317225,2393.1644568207607,799.55523681640625,9.810006141662598,144.16330623733987,8096.832847595215,28702.542686462402,0.00611899830685358,1,2,0,0,1796.8326330184937,0.22191796061989333,1,0,-0.8106890300140245,0.5854769821392812,9.041956910996545,4.296277153938979,0.6199176643325077,"POLYGON ((697124.2 2445862, 697123.5 2445835, 697121.4 2445809, 697118 2445783, 697113.2 2445758, 697107.1 2445732, 697099.7 2445707, 697091 2445682, 697080.9 2445658, 697069.7 2445635, 697057.2 2445612, 697043.5 2445589, 697028.7 2445568, 697012.7 2445547, 696995.7 2445527, 696977.7 2445508, 696958.7 2445490, 696938.8 2445473, 696918.1 2445457, 696896.5 2445442, 696874.2 2445429, 696851.2 2445416, 696827.5 2445405, 696803.3 2445395, 696778.7 2445386, 696753.6 2445379, 696728.1 2445373, 696702.4 2445368, 696676.4 2445364, 696650.3 2445362, 696624.2 2445362, 696598 2445362, 696571.9 2445364, 696545.9 2445368, 696520.2 2445373, 696494.8 2445379, 696469.7 2445386, 696445 2445395, 696420.8 2445405, 696397.2 2445416, 696374.2 2445429, 696351.8 2445442, 696330.3 2445457, 696309.5 2445473, 696289.6 2445490, 696270.6 2445508, 696252.6 2445527, 696235.6 2445547, 696219.7 2445568, 696204.8 2445589, 696191.2 2445612, 696178.7 2445635, 696167.4 2445658, 696157.4 2445682, 696148.6 2445707, 696141.2 2445732, 696135.1 2445758, 696130.3 2445783, 696126.9 2445809, 696124.9 2445835, 696124.2 2445862, 696124.9 2445888, 696126.9 2445914, 696130.3 2445940, 696135.1 2445966, 696141.2 2445991, 696148.6 2446016, 696157.4 2446041, 696167.4 2446065, 696178.7 2446089, 696191.2 2446112, 696204.8 2446134, 696219.7 2446156, 696235.6 2446176, 696252.6 2446196, 696270.6 2446215, 696289.6 2446233, 696309.5 2446250, 696330.3 2446266, 696351.8 2446281, 696374.2 2446295, 696397.2 2446307, 696420.8 2446318, 696445 2446328, 696469.7 2446337, 696494.8 2446345, 696520.2 2446351, 696545.9 2446355, 696571.9 2446359, 696598 2446361, 696624.2 2446362, 696650.3 2446361, 696676.4 2446359, 696702.4 2446355, 696728.1 2446351, 696753.6 2446345, 696778.7 2446337, 696803.3 2446328, 696827.5 2446318, 696851.2 2446307, 696874.2 2446295, 696896.5 2446281, 696918.1 2446266, 696938.8 2446250, 696958.7 2446233, 696977.7 2446215, 696995.7 2446196, 697012.7 2446176, 697028.7 2446156, 697043.5 2446134, 697057.2 2446112, 697069.7 2446089, 697080.9 2446065, 697091 2446041, 697099.7 2446016, 697107.1 2445991, 697113.2 2445966, 697118 2445940, 697121.4 2445914, 697123.5 2445888, 697124.2 2445862))"
5,20260514,Forest,8450.297366185216,73.42593080392646,1.8587749920660108,1,Dai,火葬,无,1,0,0,41,73.04572707444774,1557.978698080153,766.8189697265625,5.734014511108398,192.6303991768814,6901.325511932373,62168.82247924805,0.3783285379600348,1,3,0,0,1800,0.260819460969897,1,0,-0.9758008852565537,-0.21866099865436903,9.041956910996545,4.296277153938979,0.6199176643325077,"POLYGON ((696459.1 2446369, 696458.4 2446343, 696456.4 2446317, 696452.9 2446291, 696448.2 2446265, 696442.1 2446240, 696434.6 2446215, 696425.9 2446190, 696415.9 2446166, 696404.6 2446142, 696392.1 2446119, 696378.4 2446097, 696363.6 2446076, 696347.7 2446055, 696330.7 2446035, 696312.7 2446016, 696293.7 2445998, 696273.8 2445981, 696253 2445965, 696231.4 2445950, 696209.1 2445936, 696186.1 2445924, 696162.5 2445913, 696138.3 2445903, 696113.6 2445894, 696088.5 2445886, 696063.1 2445880, 696037.3 2445876, 696011.4 2445872, 695985.3 2445870, 695959.1 2445869, 695932.9 2445870, 695906.8 2445872, 695880.9 2445876, 695855.1 2445880, 695829.7 2445886, 695804.6 2445894, 695779.9 2445903, 695755.7 2445913, 695732.1 2445924, 695709.1 2445936, 695686.8 2445950, 695665.2 2445965, 695644.4 2445981, 695624.5 2445998, 695605.5 2446016, 695587.5 2446035, 695570.5 2446055, 695554.6 2446076, 695539.8 2446097, 695526.1 2446119, 695513.6 2446142, 695502.3 2446166, 695492.3 2446190, 695483.6 2446215, 695476.1 2446240, 695470 2446265, 695465.3 2446291, 695461.8 2446317, 695459.8 2446343, 695459.1 2446369, 695459.8 2446396, 695461.8 2446422, 695465.3 2446448, 695470 2446473, 695476.1 2446499, 695483.6 2446524, 695492.3 2446549, 695502.3 2446573, 695513.6 2446596, 695526.1 2446619, 695539.8 2446642, 695554.6 2446663, 695570.5 2446684, 695587.5 2446704, 695605.5 2446723, 695624.5 2446741, 695644.4 2446758, 695665.2 2446774, 695686.8 2446789, 695709.1 2446802, 695732.1 2446815, 695755.7 2446826, 695779.9 2446836, 695804.6 2446845, 695829.7 2446852, 695855.1 2446858, 695880.9 2446863, 695906.8 2446867, 695932.9 2446869, 695959.1 2446869, 695985.3 2446869, 696011.4 2446867, 696037.3 2446863, 696063.1 2446858, 696088.5 2446852, 696113.6 2446845, 696138.3 2446836, 696162.5 2446826, 696186.1 2446815, 696209.1 2446802, 696231.4 2446789, 696253 2446774, 696273.8 2446758, 696293.7 2446741, 696312.7 2446723, 696330.7 2446704, 696347.7 2446684, 696363.6 2446663, 696378.4 2446642, 696392.1 2446619, 696404.6 2446596, 696415.9 2446573, 696425.9 2446549, 696434.6 2446524, 696442.1 2446499, 696448.2 2446473, 696452.9 2446448, 696456.4 2446422, 696458.4 2446396, 696459.1 2446369))"
5,20260514,Forest,8082.412914188615,48.483721067496745,1.5257279617072197,1,Dai,火葬,无,1,0,0,44,6.308072140434634,1658.2344801426814,790.29376220703125,6.178640365600586,207.86454016305572,117.76105910539627,27680.223655700684,0.289879556793144,1,4,117.76105910539627,1,0,0,1,0,-0.8840550583247369,-0.4673827701685697,8.997445734928318,3.881228093508158,0.4224716481023428,"POLYGON ((697418.3 2444440, 697417.7 2444414, 697415.6 2444388, 697412.2 2444362, 697407.4 2444336, 697401.3 2444310, 697393.9 2444285, 697385.1 2444261, 697375.1 2444237, 697363.8 2444213, 697351.4 2444190, 697337.7 2444168, 697322.9 2444146, 697306.9 2444125, 697289.9 2444105, 697271.9 2444086, 697252.9 2444068, 697233 2444051, 697212.2 2444035, 697190.7 2444021, 697168.3 2444007, 697145.3 2443994, 697121.7 2443983, 697097.5 2443973, 697072.9 2443964, 697047.8 2443957, 697022.3 2443951, 696996.6 2443946, 696970.6 2443943, 696944.5 2443941, 696918.3 2443940, 696892.2 2443941, 696866.1 2443943, 696840.1 2443946, 696814.4 2443951, 696788.9 2443957, 696763.8 2443964, 696739.2 2443973, 696715 2443983, 696691.4 2443994, 696668.3 2444007, 696646 2444021, 696624.5 2444035, 696603.7 2444051, 696583.8 2444068, 696564.8 2444086, 696546.8 2444105, 696529.8 2444125, 696513.8 2444146, 696499 2444168, 696485.3 2444190, 696472.8 2444213, 696461.6 2444237, 696451.6 2444261, 696442.8 2444285, 696435.4 2444310, 696429.3 2444336, 696424.5 2444362, 696421.1 2444388, 696419 2444414, 696418.3 2444440, 696419 2444466, 696421.1 2444492, 696424.5 2444518, 696429.3 2444544, 696435.4 2444569, 696442.8 2444594, 696451.6 2444619, 696461.6 2444643, 696472.8 2444667, 696485.3 2444690, 696499 2444712, 696513.8 2444734, 696529.8 2444755, 696546.8 2444774, 696564.8 2444793, 696583.8 2444811, 696603.7 2444828, 696624.5 2444844, 696646 2444859, 696668.3 2444873, 696691.4 2444885, 696715 2444897, 696739.2 2444907, 696763.8 2444915, 696788.9 2444923, 696814.4 2444929, 696840.1 2444934, 696866.1 2444937, 696892.2 2444939, 696918.3 2444940, 696944.5 2444939, 696970.6 2444937, 696996.6 2444934, 697022.3 2444929, 697047.8 2444923, 697072.9 2444915, 697097.5 2444907, 697121.7 2444897, 697145.3 2444885, 697168.3 2444873, 697190.7 2444859, 697212.2 2444844, 697233 2444828, 697252.9 2444811, 697271.9 2444793, 697289.9 2444774, 697306.9 2444755, 697322.9 2444734, 697337.7 2444712, 697351.4 2444690, 697363.8 2444667, 697375.1 2444643, 697385.1 2444619, 697393.9 2444594, 697401.3 2444569, 697407.4 2444544, 697412.2 2444518, 697415.6 2444492, 697417.7 2444466, 697418.3 2444440))"
5,20260514,Forest,4729.178800232964,28.284346991989317,25.912513445679455,1,Dai,土葬,无,1,0,0,65,18.378412408454587,288.44851564676645,943.22686767578125,8.567584037780762,258.54979720003536,529385.888671875,0,0.6437310596012497,1,6,257500.634765625,0.48641386231817285,9641.096878051758,0.01821185090943654,1,0,-0.1985161820694964,-0.980097610167758,8.461506851240385,3.3423085418038267,3.2547259966495377,"POLYGON ((686550.7 2480649, 686550 2480623, 686547.9 2480597, 686544.5 2480571, 686539.7 2480545, 686533.6 2480519, 686526.2 2480494, 686517.5 2480470, 686507.4 2480445, 686496.2 2480422, 686483.7 2480399, 686470 2480376, 686455.2 2480355, 686439.2 2480334, 686422.2 2480314, 686404.2 2480295, 686385.2 2480277, 686365.3 2480260, 686344.6 2480244, 686323 2480229, 686300.7 2480216, 686277.7 2480203, 686254 2480192, 686229.9 2480182, 686205.2 2480173, 686180.1 2480166, 686154.6 2480160, 686128.9 2480155, 686102.9 2480152, 686076.8 2480149, 686050.7 2480149, 686024.5 2480149, 685998.4 2480152, 685972.5 2480155, 685946.7 2480160, 685921.3 2480166, 685896.2 2480173, 685871.5 2480182, 685847.3 2480192, 685823.7 2480203, 685800.7 2480216, 685778.4 2480229, 685756.8 2480244, 685736 2480260, 685716.1 2480277, 685697.1 2480295, 685679.1 2480314, 685662.1 2480334, 685646.2 2480355, 685631.3 2480376, 685617.7 2480399, 685605.2 2480422, 685593.9 2480445, 685583.9 2480470, 685575.1 2480494, 685567.7 2480519, 685561.6 2480545, 685556.8 2480571, 685553.4 2480597, 685551.4 2480623, 685550.7 2480649, 685551.4 2480675, 685553.4 2480701, 685556.8 2480727, 685561.6 2480753, 685567.7 2480778, 685575.1 2480803, 685583.9 2480828, 685593.9 2480852, 685605.2 2480876, 685617.7 2480899, 685631.3 2480921, 685646.2 2480943, 685662.1 2480963, 685679.1 2480983, 685697.1 2481002, 685716.1 2481020, 685736 2481037, 685756.8 2481053, 685778.4 2481068, 685800.7 2481082, 685823.7 2481094, 685847.3 2481106, 685871.5 2481116, 685896.2 2481124, 685921.3 2481132, 685946.7 2481138, 685972.5 2481143, 685998.4 2481146, 686024.5 2481148, 686050.7 2481149, 686076.8 2481148, 686102.9 2481146, 686128.9 2481143, 686154.6 2481138, 686180.1 2481132, 686205.2 2481124, 686229.9 2481116, 686254 2481106, 686277.7 2481094, 686300.7 2481082, 686323 2481068, 686344.6 2481053, 686365.3 2481037, 686385.2 2481020, 686404.2 2481002, 686422.2 2480983, 686439.2 2480963, 686455.2 2480943, 686470 2480921, 686483.7 2480899, 686496.2 2480876, 686507.4 2480852, 686517.5 2480828, 686526.2 2480803, 686533.6 2480778, 686539.7 2480753, 686544.5 2480727, 686547.9 2480701, 686550 2480675, 686550.7 2480649))"
5,20260514,Forest,4740.827023878858,28.393067437574942,2.9508196721311477,1,Dai,土葬,无,1,0,0,69,18.022673176525558,602.5224871482981,948.857421875,8.154994010925293,153.26754225967903,636699.2980957031,0,0.38306153113017283,1,7,585062.4572753906,0.9188991711240259,12600,0.01978956163087536,1,0,-0.8931167082800273,0.44982501641310324,8.463966877081248,3.346145011058112,1.0820829867168993,"POLYGON ((680559.7 2480962, 680559 2480936, 680557 2480910, 680553.6 2480884, 680548.8 2480858, 680542.7 2480833, 680535.2 2480808, 680526.5 2480783, 680516.5 2480759, 680505.2 2480735, 680492.7 2480712, 680479.1 2480690, 680464.2 2480668, 680448.3 2480647, 680431.3 2480628, 680413.3 2480609, 680394.3 2480591, 680374.4 2480574, 680353.6 2480558, 680332 2480543, 680309.7 2480529, 680286.7 2480517, 680263.1 2480505, 680238.9 2480495, 680214.2 2480487, 680189.1 2480479, 680163.7 2480473, 680137.9 2480468, 680112 2480465, 680085.9 2480463, 680059.7 2480462, 680033.6 2480463, 680007.5 2480465, 679981.5 2480468, 679955.8 2480473, 679930.3 2480479, 679905.2 2480487, 679880.5 2480495, 679856.4 2480505, 679832.7 2480517, 679809.7 2480529, 679787.4 2480543, 679765.8 2480558, 679745.1 2480574, 679725.2 2480591, 679706.2 2480609, 679688.1 2480628, 679671.1 2480647, 679655.2 2480668, 679640.4 2480690, 679626.7 2480712, 679614.2 2480735, 679602.9 2480759, 679592.9 2480783, 679584.2 2480808, 679576.8 2480833, 679570.6 2480858, 679565.9 2480884, 679562.5 2480910, 679560.4 2480936, 679559.7 2480962, 679560.4 2480988, 679562.5 2481014, 679565.9 2481040, 679570.6 2481066, 679576.8 2481092, 679584.2 2481117, 679592.9 2481141, 679602.9 2481165, 679614.2 2481189, 679626.7 2481212, 679640.4 2481234, 679655.2 2481256, 679671.1 2481277, 679688.1 2481297, 679706.2 2481316, 679725.2 2481334, 679745.1 2481351, 679765.8 2481367, 679787.4 2481381, 679809.7 2481395, 679832.7 2481408, 679856.4 2481419, 679880.5 2481429, 679905.2 2481438, 679930.3 2481445, 679955.8 2481451, 679981.5 2481456, 680007.5 2481459, 680033.6 2481461, 680059.7 2481462, 680085.9 2481461, 680112 2481459, 680137.9 2481456, 680163.7 2481451, 680189.1 2481445, 680214.2 2481438, 680238.9 2481429, 680263.1 2481419, 680286.7 2481408, 680309.7 2481395, 680332 2481381, 680353.6 2481367, 680374.4 2481351, 680394.3 2481334, 680413.3 2481316, 680431.3 2481297, 680448.3 2481277, 680464.2 2481256, 680479.1 2481234, 680492.7 2481212, 680505.2 2481189, 680516.5 2481165, 680526.5 2481141, 680535.2 2481117, 680542.7 2481092, 680548.8 2481066, 680553.6 2481040, 680557 2481014, 680559 2480988, 680559.7 2480962))"
5,20260514,Forest,4740.827023878858,28.393067437574942,2.9508196721311477,1,Dai,土葬,无,1,0,0,70,361.8480660508105,643.5207045741159,940.30078125,6.687822341918945,158.049844717533,663738.6291503906,0,0.33613873415301576,1,8,571387.7197265625,0.8608625362937808,23621.12216949463,0.0355879876989087,1,0,-0.9275093943373025,0.37379984405567934,8.463966877081248,3.346145011058112,1.0820829867168993,"POLYGON ((680711.9 2481343, 680711.2 2481317, 680709.1 2481290, 680705.7 2481264, 680700.9 2481239, 680694.8 2481213, 680687.4 2481188, 680678.6 2481164, 680668.6 2481139, 680657.4 2481116, 680644.9 2481093, 680631.2 2481070, 680616.4 2481049, 680600.4 2481028, 680583.4 2481008, 680565.4 2480989, 680546.4 2480971, 680526.5 2480954, 680505.7 2480938, 680484.2 2480923, 680461.9 2480910, 680438.8 2480897, 680415.2 2480886, 680391 2480876, 680366.4 2480867, 680341.3 2480860, 680315.8 2480854, 680290.1 2480849, 680264.1 2480845, 680238 2480843, 680211.9 2480843, 680185.7 2480843, 680159.6 2480845, 680133.6 2480849, 680107.9 2480854, 680082.4 2480860, 680057.3 2480867, 680032.7 2480876, 680008.5 2480886, 679984.9 2480897, 679961.9 2480910, 679939.5 2480923, 679918 2480938, 679897.2 2480954, 679877.3 2480971, 679858.3 2480989, 679840.3 2481008, 679823.3 2481028, 679807.3 2481049, 679792.5 2481070, 679778.8 2481093, 679766.4 2481116, 679755.1 2481139, 679745.1 2481164, 679736.3 2481188, 679728.9 2481213, 679722.8 2481239, 679718 2481264, 679714.6 2481290, 679712.5 2481317, 679711.9 2481343, 679712.5 2481369, 679714.6 2481395, 679718 2481421, 679722.8 2481447, 679728.9 2481472, 679736.3 2481497, 679745.1 2481522, 679755.1 2481546, 679766.4 2481570, 679778.8 2481593, 679792.5 2481615, 679807.3 2481637, 679823.3 2481657, 679840.3 2481677, 679858.3 2481696, 679877.3 2481714, 679897.2 2481731, 679918 2481747, 679939.5 2481762, 679961.9 2481776, 679984.9 2481788, 680008.5 2481799, 680032.7 2481810, 680057.3 2481818, 680082.4 2481826, 680107.9 2481832, 680133.6 2481837, 680159.6 2481840, 680185.7 2481842, 680211.9 2481843, 680238 2481842, 680264.1 2481840, 680290.1 2481837, 680315.8 2481832, 680341.3 2481826, 680366.4 2481818, 680391 2481810, 680415.2 2481799, 680438.8 2481788, 680461.9 2481776, 680484.2 2481762, 680505.7 2481747, 680526.5 2481731, 680546.4 2481714, 680565.4 2481696, 680583.4 2481677, 680600.4 2481657, 680616.4 2481637, 680631.2 2481615, 680644.9 2481593, 680657.4 2481570, 680668.6 2481546, 680678.6 2481522, 680687.4 2481497, 680694.8 2481472, 680700.9 2481447, 680705.7 2481421, 680709.1 2481395, 680711.2 2481369, 680711.9 2481343))"
5,20260514,Forest,4740.827023878858,28.393067437574942,2.9508196721311477,1,Dai,土葬,无,1,0,0,72,98.98331981548837,751.2919430320019,927.00439453125,4.351489543914795,118.03967113068015,651990.78369140625,0,0.5002329124295554,1,9,577275.7873535156,0.885404827481037,41242.63114929199,0.0632564634054897,1,0,-0.4700827959190177,0.8826223229564043,8.463966877081248,3.346145011058112,1.0820829867168993,"POLYGON ((680604.1 2481839, 680603.4 2481813, 680601.3 2481787, 680597.9 2481761, 680593.1 2481735, 680587 2481710, 680579.6 2481685, 680570.9 2481660, 680560.8 2481636, 680549.6 2481612, 680537.1 2481589, 680523.4 2481567, 680508.6 2481545, 680492.6 2481525, 680475.6 2481505, 680457.6 2481486, 680438.6 2481468, 680418.7 2481451, 680398 2481435, 680376.4 2481420, 680354.1 2481406, 680331.1 2481394, 680307.4 2481383, 680283.2 2481373, 680258.6 2481364, 680233.5 2481356, 680208 2481350, 680182.3 2481345, 680156.3 2481342, 680130.2 2481340, 680104.1 2481339, 680077.9 2481340, 680051.8 2481342, 680025.8 2481345, 680000.1 2481350, 679974.7 2481356, 679949.6 2481364, 679924.9 2481373, 679900.7 2481383, 679877.1 2481394, 679854.1 2481406, 679831.7 2481420, 679810.2 2481435, 679789.4 2481451, 679769.5 2481468, 679750.5 2481486, 679732.5 2481505, 679715.5 2481525, 679699.6 2481545, 679684.7 2481567, 679671 2481589, 679658.6 2481612, 679647.3 2481636, 679637.3 2481660, 679628.5 2481685, 679621.1 2481710, 679615 2481735, 679610.2 2481761, 679606.8 2481787, 679604.7 2481813, 679604.1 2481839, 679604.7 2481865, 679606.8 2481892, 679610.2 2481918, 679615 2481943, 679621.1 2481969, 679628.5 2481994, 679637.3 2482018, 679647.3 2482043, 679658.6 2482066, 679671 2482089, 679684.7 2482112, 679699.6 2482133, 679715.5 2482154, 679732.5 2482174, 679750.5 2482193, 679769.5 2482211, 679789.4 2482228, 679810.2 2482244, 679831.7 2482259, 679854.1 2482272, 679877.1 2482285, 679900.7 2482296, 679924.9 2482306, 679949.6 2482315, 679974.7 2482322, 680000.1 2482328, 680025.8 2482333, 680051.8 2482337, 680077.9 2482339, 680104.1 2482339, 680130.2 2482339, 680156.3 2482337, 680182.3 2482333, 680208 2482328, 680233.5 2482322, 680258.6 2482315, 680283.2 2482306, 680307.4 2482296, 680331.1 2482285, 680354.1 2482272, 680376.4 2482259, 680398 2482244, 680418.7 2482228, 680438.6 2482211, 680457.6 2482193, 680475.6 2482174, 680492.6 2482154, 680508.6 2482133, 680523.4 2482112, 680537.1 2482089, 680549.6 2482066, 680560.8 2482043, 680570.9 2482018, 680579.6 2481994, 680587 2481969, 680593.1 2481943, 680597.9 2481918, 680601.3 2481892, 680603.4 2481865, 680604.1 2481839))"
5,20260514,Forest,3542,11.643287154175853,2.4648552864737154,1,Dai,土葬,无,1,0,0,76,61.93806209382271,164.17777095160355,899.55413818359375,12.304438591003418,353.58003602747567,740244.7814941406,0,0.366565140761555,1,10,0,0,93982.159423828125,0.12696092127002997,1,0,0.9937290189293425,-0.11181519099713805,8.17244681834278,2.454729803996976,0.9021330984584174,"POLYGON ((752994.3 2454341, 752993.6 2454314, 752991.6 2454288, 752988.1 2454262, 752983.4 2454237, 752977.3 2454211, 752969.8 2454186, 752961.1 2454161, 752951.1 2454137, 752939.8 2454114, 752927.3 2454091, 752913.6 2454068, 752898.8 2454047, 752882.9 2454026, 752865.9 2454006, 752847.9 2453987, 752828.9 2453969, 752809 2453952, 752788.2 2453936, 752766.6 2453921, 752744.3 2453908, 752721.3 2453895, 752697.7 2453884, 752673.5 2453874, 752648.8 2453865, 752623.7 2453858, 752598.3 2453852, 752572.5 2453847, 752546.6 2453843, 752520.5 2453841, 752494.3 2453841, 752468.1 2453841, 752442 2453843, 752416.1 2453847, 752390.3 2453852, 752364.9 2453858, 752339.8 2453865, 752315.1 2453874, 752290.9 2453884, 752267.3 2453895, 752244.3 2453908, 752222 2453921, 752200.4 2453936, 752179.6 2453952, 752159.7 2453969, 752140.8 2453987, 752122.7 2454006, 752105.7 2454026, 752089.8 2454047, 752075 2454068, 752061.3 2454091, 752048.8 2454114, 752037.5 2454137, 752027.5 2454161, 752018.8 2454186, 752011.3 2454211, 752005.2 2454237, 752000.5 2454262, 751997 2454288, 751995 2454314, 751994.3 2454341, 751995 2454367, 751997 2454393, 752000.5 2454419, 752005.2 2454445, 752011.3 2454470, 752018.8 2454495, 752027.5 2454520, 752037.5 2454544, 752048.8 2454568, 752061.3 2454591, 752075 2454613, 752089.8 2454634, 752105.7 2454655, 752122.7 2454675, 752140.8 2454694, 752159.7 2454712, 752179.6 2454729, 752200.4 2454745, 752222 2454760, 752244.3 2454774, 752267.3 2454786, 752290.9 2454797, 752315.1 2454807, 752339.8 2454816, 752364.9 2454824, 752390.3 2454830, 752416.1 2454834, 752442 2454838, 752468.1 2454840, 752494.3 2454841, 752520.5 2454840, 752546.6 2454838, 752572.5 2454834, 752598.3 2454830, 752623.7 2454824, 752648.8 2454816, 752673.5 2454807, 752697.7 2454797, 752721.3 2454786, 752744.3 2454774, 752766.6 2454760, 752788.2 2454745, 752809 2454729, 752828.9 2454712, 752847.9 2454694, 752865.9 2454675, 752882.9 2454655, 752898.8 2454634, 752913.6 2454613, 752927.3 2454591, 752939.8 2454568, 752951.1 2454544, 752961.1 2454520, 752969.8 2454495, 752977.3 2454470, 752983.4 2454445, 752988.1 2454419, 752991.6 2454393, 752993.6 2454367, 752994.3 2454341))"
5,20260514,Forest,3542,11.643287154175853,2.4648552864737154,1,Dai,土葬,无,1,0,0,77,433.7764682224992,416.9824168955499,872.93792724609375,10.330180168151855,267.0567995566353,780053.8513183594,0,0.3888470838023862,1,11,0,0,237211.44104003906,0.3040962372522499,1,0,-0.0513459500074891,-0.9986809267317708,8.17244681834278,2.454729803996976,0.9021330984584174,"POLYGON ((753480.2 2454226, 753479.5 2454200, 753477.4 2454174, 753474 2454148, 753469.3 2454122, 753463.1 2454097, 753455.7 2454072, 753447 2454047, 753437 2454023, 753425.7 2453999, 753413.2 2453976, 753399.5 2453954, 753384.7 2453933, 753368.8 2453912, 753351.7 2453892, 753333.7 2453873, 753314.7 2453855, 753294.8 2453838, 753274.1 2453822, 753252.5 2453807, 753230.2 2453793, 753207.2 2453781, 753183.5 2453770, 753159.4 2453760, 753134.7 2453751, 753109.6 2453743, 753084.1 2453737, 753058.4 2453733, 753032.4 2453729, 753006.3 2453727, 752980.2 2453726, 752954 2453727, 752927.9 2453729, 752902 2453733, 752876.2 2453737, 752850.8 2453743, 752825.7 2453751, 752801 2453760, 752776.8 2453770, 752753.2 2453781, 752730.2 2453793, 752707.9 2453807, 752686.3 2453822, 752665.5 2453838, 752645.6 2453855, 752626.6 2453873, 752608.6 2453892, 752591.6 2453912, 752575.7 2453933, 752560.8 2453954, 752547.2 2453976, 752534.7 2453999, 752523.4 2454023, 752513.4 2454047, 752504.6 2454072, 752497.2 2454097, 752491.1 2454122, 752486.3 2454148, 752482.9 2454174, 752480.9 2454200, 752480.2 2454226, 752480.9 2454253, 752482.9 2454279, 752486.3 2454305, 752491.1 2454330, 752497.2 2454356, 752504.6 2454381, 752513.4 2454406, 752523.4 2454430, 752534.7 2454453, 752547.2 2454476, 752560.8 2454499, 752575.7 2454520, 752591.6 2454541, 752608.6 2454561, 752626.6 2454580, 752645.6 2454598, 752665.5 2454615, 752686.3 2454631, 752707.9 2454646, 752730.2 2454659, 752753.2 2454672, 752776.8 2454683, 752801 2454693, 752825.7 2454702, 752850.8 2454709, 752876.2 2454715, 752902 2454720, 752927.9 2454724, 752954 2454726, 752980.2 2454726, 753006.3 2454726, 753032.4 2454724, 753058.4 2454720, 753084.1 2454715, 753109.6 2454709, 753134.7 2454702, 753159.4 2454693, 753183.5 2454683, 753207.2 2454672, 753230.2 2454659, 753252.5 2454646, 753274.1 2454631, 753294.8 2454615, 753314.7 2454598, 753333.7 2454580, 753351.7 2454561, 753368.8 2454541, 753384.7 2454520, 753399.5 2454499, 753413.2 2454476, 753425.7 2454453, 753437 2454430, 753447 2454406, 753455.7 2454381, 753463.1 2454356, 753469.3 2454330, 753474 2454305, 753477.4 2454279, 753479.5 2454253, 753480.2 2454226))"
5,20260514,Forest,3542,11.643287154175853,2.4648552864737154,1,Dai,土葬,无,1,0,0,78,72.09149067191645,80.32751421141982,904.334716796875,11.073243141174316,234.05103048521045,500664.88037109375,59976.507568359375,0.6642443930384305,1,12,0,0,900,0.0017976096093117583,1,0,-0.5870644682806904,-0.809540184353013,8.17244681834278,2.454729803996976,0.9021330984584174,"POLYGON ((753724.8 2456014, 753724.1 2455988, 753722 2455962, 753718.6 2455936, 753713.9 2455910, 753707.7 2455885, 753700.3 2455860, 753691.6 2455835, 753681.5 2455811, 753670.3 2455787, 753657.8 2455764, 753644.1 2455742, 753629.3 2455720, 753613.4 2455700, 753596.3 2455680, 753578.3 2455661, 753559.3 2455643, 753539.4 2455626, 753518.7 2455610, 753497.1 2455595, 753474.8 2455581, 753451.8 2455569, 753428.1 2455558, 753404 2455548, 753379.3 2455539, 753354.2 2455531, 753328.7 2455525, 753303 2455521, 753277 2455517, 753250.9 2455515, 753224.8 2455514, 753198.6 2455515, 753172.5 2455517, 753146.6 2455521, 753120.8 2455525, 753095.4 2455531, 753070.3 2455539, 753045.6 2455548, 753021.4 2455558, 752997.8 2455569, 752974.8 2455581, 752952.5 2455595, 752930.9 2455610, 752910.1 2455626, 752890.2 2455643, 752871.2 2455661, 752853.2 2455680, 752836.2 2455700, 752820.3 2455720, 752805.4 2455742, 752791.8 2455764, 752779.3 2455787, 752768 2455811, 752758 2455835, 752749.2 2455860, 752741.8 2455885, 752735.7 2455910, 752730.9 2455936, 752727.5 2455962, 752725.5 2455988, 752724.8 2456014, 752725.5 2456041, 752727.5 2456067, 752730.9 2456093, 752735.7 2456118, 752741.8 2456144, 752749.2 2456169, 752758 2456194, 752768 2456218, 752779.3 2456241, 752791.8 2456264, 752805.4 2456287, 752820.3 2456308, 752836.2 2456329, 752853.2 2456349, 752871.2 2456368, 752890.2 2456386, 752910.1 2456403, 752930.9 2456419, 752952.5 2456434, 752974.8 2456447, 752997.8 2456460, 753021.4 2456471, 753045.6 2456481, 753070.3 2456490, 753095.4 2456497, 753120.8 2456503, 753146.6 2456508, 753172.5 2456512, 753198.6 2456514, 753224.8 2456514, 753250.9 2456514, 753277 2456512, 753303 2456508, 753328.7 2456503, 753354.2 2456497, 753379.3 2456490, 753404 2456481, 753428.1 2456471, 753451.8 2456460, 753474.8 2456447, 753497.1 2456434, 753518.7 2456419, 753539.4 2456403, 753559.3 2456386, 753578.3 2456368, 753596.3 2456349, 753613.4 2456329, 753629.3 2456308, 753644.1 2456287, 753657.8 2456264, 753670.3 2456241, 753681.5 2456218, 753691.6 2456194, 753700.3 2456169, 753707.7 2456144, 753713.9 2456118, 753718.6 2456093, 753722 2456067, 753724.1 2456041, 753724.8 2456014))"
5,20260514,Forest,3542,11.643287154175853,2.4648552864737154,1,Dai,土葬,无,1,0,0,80,84.4209693963477,154.1453502531834,857.428466796875,13.916356086730957,263.84553018747454,521767.85888671875,3600,0.4941484442494445,1,13,0,0,29700,0.056921865718923444,1,0,-0.1072093179557504,-0.9942364719439047,8.17244681834278,2.454729803996976,0.9021330984584174,"POLYGON ((754527.1 2452067, 754526.5 2452041, 754524.4 2452015, 754521 2451989, 754516.2 2451963, 754510.1 2451938, 754502.7 2451913, 754493.9 2451888, 754483.9 2451864, 754472.6 2451840, 754460.2 2451817, 754446.5 2451795, 754431.6 2451773, 754415.7 2451752, 754398.7 2451733, 754380.7 2451714, 754361.7 2451696, 754341.8 2451679, 754321 2451663, 754299.5 2451648, 754277.1 2451634, 754254.1 2451622, 754230.5 2451610, 754206.3 2451600, 754181.6 2451592, 754156.6 2451584, 754131.1 2451578, 754105.4 2451573, 754079.4 2451570, 754053.3 2451568, 754027.1 2451567, 754001 2451568, 753974.9 2451570, 753948.9 2451573, 753923.2 2451578, 753897.7 2451584, 753872.6 2451592, 753848 2451600, 753823.8 2451610, 753800.1 2451622, 753777.1 2451634, 753754.8 2451648, 753733.2 2451663, 753712.5 2451679, 753692.6 2451696, 753673.6 2451714, 753655.6 2451733, 753638.6 2451752, 753622.6 2451773, 753607.8 2451795, 753594.1 2451817, 753581.6 2451840, 753570.4 2451864, 753560.4 2451888, 753551.6 2451913, 753544.2 2451938, 753538.1 2451963, 753533.3 2451989, 753529.9 2452015, 753527.8 2452041, 753527.1 2452067, 753527.8 2452093, 753529.9 2452119, 753533.3 2452145, 753538.1 2452171, 753544.2 2452197, 753551.6 2452222, 753560.4 2452246, 753570.4 2452270, 753581.6 2452294, 753594.1 2452317, 753607.8 2452339, 753622.6 2452361, 753638.6 2452382, 753655.6 2452402, 753673.6 2452421, 753692.6 2452439, 753712.5 2452456, 753733.2 2452472, 753754.8 2452486, 753777.1 2452500, 753800.1 2452513, 753823.8 2452524, 753848 2452534, 753872.6 2452543, 753897.7 2452550, 753923.2 2452556, 753948.9 2452561, 753974.9 2452564, 754001 2452566, 754027.1 2452567, 754053.3 2452566, 754079.4 2452564, 754105.4 2452561, 754131.1 2452556, 754156.6 2452550, 754181.6 2452543, 754206.3 2452534, 754230.5 2452524, 754254.1 2452513, 754277.1 2452500, 754299.5 2452486, 754321 2452472, 754341.8 2452456, 754361.7 2452439, 754380.7 2452421, 754398.7 2452402, 754415.7 2452382, 754431.6 2452361, 754446.5 2452339, 754460.2 2452317, 754472.6 2452294, 754483.9 2452270, 754493.9 2452246, 754502.7 2452222, 754510.1 2452197, 754516.2 2452171, 754521 2452145, 754524.4 2452119, 754526.5 2452093, 754527.1 2452067))"
5,20260514,Forest,3542,11.643287154175853,2.4648552864737154,1,Dai,土葬,无,1,0,0,81,420.0890802681609,790.1507147557667,909.49298095703125,13.263842582702637,120.10274814235932,645823.6083984375,0,0.04236513870857476,1,14,0,0,33184.657287597656,0.05138346888539967,1,0,-0.5015522328199188,0.8651273650471091,8.17244681834278,2.454729803996976,0.9021330984584174,"POLYGON ((757228.1 2453011, 757227.4 2452985, 757225.4 2452959, 757222 2452933, 757217.2 2452907, 757211.1 2452882, 757203.6 2452857, 757194.9 2452832, 757184.9 2452808, 757173.6 2452784, 757161.1 2452761, 757147.4 2452739, 757132.6 2452717, 757116.7 2452696, 757099.7 2452676, 757081.7 2452657, 757062.7 2452639, 757042.8 2452622, 757022 2452607, 757000.4 2452592, 756978.1 2452578, 756955.1 2452566, 756931.5 2452554, 756907.3 2452544, 756882.6 2452535, 756857.5 2452528, 756832.1 2452522, 756806.3 2452517, 756780.4 2452514, 756754.3 2452512, 756728.1 2452511, 756701.9 2452512, 756675.8 2452514, 756649.9 2452517, 756624.2 2452522, 756598.7 2452528, 756573.6 2452535, 756548.9 2452544, 756524.7 2452554, 756501.1 2452566, 756478.1 2452578, 756455.8 2452592, 756434.2 2452607, 756413.4 2452622, 756393.5 2452639, 756374.6 2452657, 756356.5 2452676, 756339.5 2452696, 756323.6 2452717, 756308.8 2452739, 756295.1 2452761, 756282.6 2452784, 756271.3 2452808, 756261.3 2452832, 756252.6 2452857, 756245.1 2452882, 756239 2452907, 756234.3 2452933, 756230.8 2452959, 756228.8 2452985, 756228.1 2453011, 756228.8 2453037, 756230.8 2453063, 756234.3 2453089, 756239 2453115, 756245.1 2453140, 756252.6 2453166, 756261.3 2453190, 756271.3 2453214, 756282.6 2453238, 756295.1 2453261, 756308.8 2453283, 756323.6 2453305, 756339.5 2453326, 756356.5 2453346, 756374.6 2453365, 756393.5 2453383, 756413.4 2453400, 756434.2 2453416, 756455.8 2453430, 756478.1 2453444, 756501.1 2453457, 756524.7 2453468, 756548.9 2453478, 756573.6 2453487, 756598.7 2453494, 756624.2 2453500, 756649.9 2453505, 756675.8 2453508, 756701.9 2453510, 756728.1 2453511, 756754.3 2453510, 756780.4 2453508, 756806.3 2453505, 756832.1 2453500, 756857.5 2453494, 756882.6 2453487, 756907.3 2453478, 756931.5 2453468, 756955.1 2453457, 756978.1 2453444, 757000.4 2453430, 757022 2453416, 757042.8 2453400, 757062.7 2453383, 757081.7 2453365, 757099.7 2453346, 757116.7 2453326, 757132.6 2453305, 757147.4 2453283, 757161.1 2453261, 757173.6 2453238, 757184.9 2453214, 757194.9 2453190, 757203.6 2453166, 757211.1 2453140, 757217.2 2453115, 757222 2453089, 757225.4 2453063, 757227.4 2453037, 757228.1 2453011))"
5,20260514,Forest,3542,11.643287154175853,2.4648552864737154,1,Dai,土葬,无,1,0,0,82,125.09308197873946,1680.1614556204274,879.87567138671875,15.403631210327148,141.7866468487795,505463.7634277344,0,0.006328803802262066,1,15,0,0,13161.227130889893,0.02603792414640924,1,0,-0.7857127477667355,0.6185915275824962,8.17244681834278,2.454729803996976,0.9021330984584174,"POLYGON ((756396.1 2452570, 756395.5 2452544, 756393.4 2452518, 756390 2452492, 756385.2 2452466, 756379.1 2452440, 756371.7 2452415, 756362.9 2452391, 756352.9 2452367, 756341.6 2452343, 756329.2 2452320, 756315.5 2452298, 756300.6 2452276, 756284.7 2452255, 756267.7 2452235, 756249.7 2452216, 756230.7 2452198, 756210.8 2452181, 756190 2452165, 756168.5 2452151, 756146.1 2452137, 756123.1 2452124, 756099.5 2452113, 756075.3 2452103, 756050.6 2452094, 756025.5 2452087, 756000.1 2452081, 755974.4 2452076, 755948.4 2452073, 755922.3 2452071, 755896.1 2452070, 755870 2452071, 755843.9 2452073, 755817.9 2452076, 755792.2 2452081, 755766.7 2452087, 755741.6 2452094, 755717 2452103, 755692.8 2452113, 755669.1 2452124, 755646.1 2452137, 755623.8 2452151, 755602.2 2452165, 755581.5 2452181, 755561.6 2452198, 755542.6 2452216, 755524.6 2452235, 755507.6 2452255, 755491.6 2452276, 755476.8 2452298, 755463.1 2452320, 755450.6 2452343, 755439.4 2452367, 755429.3 2452391, 755420.6 2452415, 755413.2 2452440, 755407.1 2452466, 755402.3 2452492, 755398.9 2452518, 755396.8 2452544, 755396.1 2452570, 755396.8 2452596, 755398.9 2452622, 755402.3 2452648, 755407.1 2452674, 755413.2 2452699, 755420.6 2452724, 755429.3 2452749, 755439.4 2452773, 755450.6 2452797, 755463.1 2452820, 755476.8 2452842, 755491.6 2452864, 755507.6 2452885, 755524.6 2452904, 755542.6 2452923, 755561.6 2452941, 755581.5 2452958, 755602.2 2452974, 755623.8 2452989, 755646.1 2453003, 755669.1 2453015, 755692.8 2453027, 755717 2453037, 755741.6 2453045, 755766.7 2453053, 755792.2 2453059, 755817.9 2453064, 755843.9 2453067, 755870 2453069, 755896.1 2453070, 755922.3 2453069, 755948.4 2453067, 755974.4 2453064, 756000.1 2453059, 756025.5 2453053, 756050.6 2453045, 756075.3 2453037, 756099.5 2453027, 756123.1 2453015, 756146.1 2453003, 756168.5 2452989, 756190 2452974, 756210.8 2452958, 756230.7 2452941, 756249.7 2452923, 756267.7 2452904, 756284.7 2452885, 756300.6 2452864, 756315.5 2452842, 756329.2 2452820, 756341.6 2452797, 756352.9 2452773, 756362.9 2452749, 756371.7 2452724, 756379.1 2452699, 756385.2 2452674, 756390 2452648, 756393.4 2452622, 756395.5 2452596, 756396.1 2452570))"
5,20260514,Forest,8648.496240601504,76.27695533538889,1.5257764969580532,1,Dai,土葬,有,1,0,0,85,1008.8662438904462,1376.8589746386494,572.7021484375,7.6623759269714355,192.8042217746055,76500,7200,0.3419505475617631,1,17,5400,0.07058823529411765,0,0,1,0,-0.9751330271083185,-0.2216203497934416,9.065140739795961,4.33437086561193,0.42250345880522394,"POLYGON ((698156 2413099, 698155.3 2413073, 698153.2 2413047, 698149.8 2413021, 698145.1 2412995, 698139 2412969, 698131.5 2412944, 698122.8 2412920, 698112.8 2412896, 698101.5 2412872, 698089 2412849, 698075.3 2412827, 698060.5 2412805, 698044.6 2412784, 698027.6 2412764, 698009.5 2412745, 697990.6 2412727, 697970.6 2412710, 697949.9 2412694, 697928.3 2412680, 697906 2412666, 697883 2412653, 697859.4 2412642, 697835.2 2412632, 697810.5 2412623, 697785.4 2412616, 697759.9 2412610, 697734.2 2412605, 697708.3 2412602, 697682.2 2412600, 697656 2412599, 697629.8 2412600, 697603.7 2412602, 697577.8 2412605, 697552 2412610, 697526.6 2412616, 697501.5 2412623, 697476.8 2412632, 697452.6 2412642, 697429 2412653, 697406 2412666, 697383.7 2412680, 697362.1 2412694, 697341.3 2412710, 697321.4 2412727, 697302.4 2412745, 697284.4 2412764, 697267.4 2412784, 697251.5 2412805, 697236.7 2412827, 697223 2412849, 697210.5 2412872, 697199.2 2412896, 697189.2 2412920, 697180.5 2412944, 697173 2412969, 697166.9 2412995, 697162.1 2413021, 697158.7 2413047, 697156.7 2413073, 697156 2413099, 697156.7 2413125, 697158.7 2413151, 697162.1 2413177, 697166.9 2413203, 697173 2413228, 697180.5 2413253, 697189.2 2413278, 697199.2 2413302, 697210.5 2413326, 697223 2413349, 697236.7 2413371, 697251.5 2413393, 697267.4 2413414, 697284.4 2413433, 697302.4 2413452, 697321.4 2413470, 697341.3 2413487, 697362.1 2413503, 697383.7 2413518, 697406 2413532, 697429 2413544, 697452.6 2413556, 697476.8 2413566, 697501.5 2413574, 697526.6 2413582, 697552 2413588, 697577.8 2413593, 697603.7 2413596, 697629.8 2413598, 697656 2413599, 697682.2 2413598, 697708.3 2413596, 697734.2 2413593, 697759.9 2413588, 697785.4 2413582, 697810.5 2413574, 697835.2 2413566, 697859.4 2413556, 697883 2413544, 697906 2413532, 697928.3 2413518, 697949.9 2413503, 697970.6 2413487, 697990.6 2413470, 698009.5 2413452, 698027.6 2413433, 698044.6 2413414, 698060.5 2413393, 698075.3 2413371, 698089 2413349, 698101.5 2413326, 698112.8 2413302, 698122.8 2413278, 698131.5 2413253, 698139 2413228, 698145.1 2413203, 698149.8 2413177, 698153.2 2413151, 698155.3 2413125, 698156 2413099))"
5,20260514,Forest,8648.496240601504,76.27695533538889,1.5257764969580532,1,Dai,火葬,有,1,0,0,94,1376.8641246322459,1537.2278027085592,576.19000244140625,6.143325328826904,99.62072776196457,12600,18824.27158355713,0.11715285905085374,1,18,12600,1,0,0,1,0,-0.16712543730681143,0.985935641005541,9.065140739795961,4.33437086561193,0.42250345880522394,"POLYGON ((697636.8 2413759, 697636.1 2413733, 697634 2413707, 697630.6 2413681, 697625.9 2413655, 697619.7 2413630, 697612.3 2413605, 697603.6 2413580, 697593.6 2413556, 697582.3 2413532, 697569.8 2413509, 697556.1 2413487, 697541.3 2413465, 697525.4 2413444, 697508.4 2413425, 697490.3 2413406, 697471.3 2413387, 697451.4 2413370, 697430.7 2413355, 697409.1 2413340, 697386.8 2413326, 697363.8 2413314, 697340.2 2413302, 697316 2413292, 697291.3 2413284, 697266.2 2413276, 697240.7 2413270, 697215 2413265, 697189 2413262, 697163 2413260, 697136.8 2413259, 697110.6 2413260, 697084.5 2413262, 697058.6 2413265, 697032.8 2413270, 697007.4 2413276, 696982.3 2413284, 696957.6 2413292, 696933.4 2413302, 696909.8 2413314, 696886.8 2413326, 696864.5 2413340, 696842.9 2413355, 696822.1 2413370, 696802.2 2413387, 696783.2 2413406, 696765.2 2413425, 696748.2 2413444, 696732.3 2413465, 696717.4 2413487, 696703.8 2413509, 696691.3 2413532, 696680 2413556, 696670 2413580, 696661.3 2413605, 696653.8 2413630, 696647.7 2413655, 696642.9 2413681, 696639.5 2413707, 696637.5 2413733, 696636.8 2413759, 696637.5 2413785, 696639.5 2413811, 696642.9 2413837, 696647.7 2413863, 696653.8 2413888, 696661.3 2413914, 696670 2413938, 696680 2413962, 696691.3 2413986, 696703.8 2414009, 696717.4 2414031, 696732.3 2414053, 696748.2 2414074, 696765.2 2414094, 696783.2 2414113, 696802.2 2414131, 696822.1 2414148, 696842.9 2414164, 696864.5 2414178, 696886.8 2414192, 696909.8 2414205, 696933.4 2414216, 696957.6 2414226, 696982.3 2414235, 697007.4 2414242, 697032.8 2414248, 697058.6 2414253, 697084.5 2414256, 697110.6 2414258, 697136.8 2414259, 697163 2414258, 697189 2414256, 697215 2414253, 697240.7 2414248, 697266.2 2414242, 697291.3 2414235, 697316 2414226, 697340.2 2414216, 697363.8 2414205, 697386.8 2414192, 697409.1 2414178, 697430.7 2414164, 697451.4 2414148, 697471.3 2414131, 697490.3 2414113, 697508.4 2414094, 697525.4 2414074, 697541.3 2414053, 697556.1 2414031, 697569.8 2414009, 697582.3 2413986, 697593.6 2413962, 697603.6 2413938, 697612.3 2413914, 697619.7 2413888, 697625.9 2413863, 697630.6 2413837, 697634 2413811, 697636.1 2413785, 697636.8 2413759))"
5,20260514,Forest,5152.0093185789165,31.010082017237615,3.867597133157299,1,Dai,土葬,无,1,0,0,101,228.1249018897569,1119.207198651061,960.791259765625,6.993250370025635,226.22311840602444,657253.67431640625,0,0.1704900623774003,1,21,311686.962890625,0.47422627680979207,78536.57684326172,0.11949203163443053,1,0,-0.6918518928391604,-0.7220394437805119,8.547142076512934,3.4343123779730202,1.3526334183810655,"POLYGON ((685615 2486201, 685614.3 2486175, 685612.2 2486149, 685608.8 2486123, 685604.1 2486098, 685597.9 2486072, 685590.5 2486047, 685581.8 2486022, 685571.7 2485998, 685560.5 2485974, 685548 2485951, 685534.3 2485929, 685519.5 2485908, 685503.5 2485887, 685486.5 2485867, 685468.5 2485848, 685449.5 2485830, 685429.6 2485813, 685408.9 2485797, 685387.3 2485782, 685365 2485768, 685342 2485756, 685318.3 2485745, 685294.2 2485735, 685269.5 2485726, 685244.4 2485719, 685218.9 2485712, 685193.2 2485708, 685167.2 2485704, 685141.1 2485702, 685115 2485701, 685088.8 2485702, 685062.7 2485704, 685036.8 2485708, 685011 2485712, 684985.6 2485719, 684960.5 2485726, 684935.8 2485735, 684911.6 2485745, 684888 2485756, 684865 2485768, 684842.7 2485782, 684821.1 2485797, 684800.3 2485813, 684780.4 2485830, 684761.4 2485848, 684743.4 2485867, 684726.4 2485887, 684710.5 2485908, 684695.6 2485929, 684682 2485951, 684669.5 2485974, 684658.2 2485998, 684648.2 2486022, 684639.4 2486047, 684632 2486072, 684625.9 2486098, 684621.1 2486123, 684617.7 2486149, 684615.7 2486175, 684615 2486201, 684615.7 2486228, 684617.7 2486254, 684621.1 2486280, 684625.9 2486305, 684632 2486331, 684639.4 2486356, 684648.2 2486381, 684658.2 2486405, 684669.5 2486428, 684682 2486451, 684695.6 2486474, 684710.5 2486495, 684726.4 2486516, 684743.4 2486536, 684761.4 2486555, 684780.4 2486573, 684800.3 2486590, 684821.1 2486606, 684842.7 2486621, 684865 2486634, 684888 2486647, 684911.6 2486658, 684935.8 2486668, 684960.5 2486677, 684985.6 2486684, 685011 2486691, 685036.8 2486695, 685062.7 2486699, 685088.8 2486701, 685115 2486701, 685141.1 2486701, 685167.2 2486699, 685193.2 2486695, 685218.9 2486691, 685244.4 2486684, 685269.5 2486677, 685294.2 2486668, 685318.3 2486658, 685342 2486647, 685365 2486634, 685387.3 2486621, 685408.9 2486606, 685429.6 2486590, 685449.5 2486573, 685468.5 2486555, 685486.5 2486536, 685503.5 2486516, 685519.5 2486495, 685534.3 2486474, 685548 2486451, 685560.5 2486428, 685571.7 2486405, 685581.8 2486381, 685590.5 2486356, 685597.9 2486331, 685604.1 2486305, 685608.8 2486280, 685612.2 2486254, 685614.3 2486228, 685615 2486201))"
5,20260514,Forest,5152.0093185789165,31.010082017237615,3.867597133157299,1,Dai,土葬,无,1,0,0,104,369.84839221074515,825.7193840604237,941.459716796875,7.661356449127197,198.17679934876242,599880.3771972656,0,0.23228239255969463,1,23,230155.26580810547,0.38366860220270355,28691.05682373047,0.04782796356463525,1,0,-0.9500984467160521,-0.31195022286856106,8.547142076512934,3.4343123779730202,1.3526334183810655,"POLYGON ((684836.9 2487518, 684836.2 2487492, 684834.2 2487466, 684830.8 2487440, 684826 2487414, 684819.9 2487388, 684812.5 2487363, 684803.7 2487339, 684793.7 2487314, 684782.4 2487291, 684769.9 2487268, 684756.3 2487245, 684741.4 2487224, 684725.5 2487203, 684708.5 2487183, 684690.5 2487164, 684671.5 2487146, 684651.6 2487129, 684630.8 2487113, 684609.3 2487098, 684586.9 2487085, 684563.9 2487072, 684540.3 2487061, 684516.1 2487051, 684491.4 2487042, 684466.3 2487035, 684440.9 2487029, 684415.2 2487024, 684389.2 2487021, 684363.1 2487018, 684336.9 2487018, 684310.8 2487018, 684284.7 2487021, 684258.7 2487024, 684233 2487029, 684207.5 2487035, 684182.4 2487042, 684157.8 2487051, 684133.6 2487061, 684109.9 2487072, 684086.9 2487085, 684064.6 2487098, 684043 2487113, 684022.3 2487129, 684002.4 2487146, 683983.4 2487164, 683965.4 2487183, 683948.4 2487203, 683932.4 2487224, 683917.6 2487245, 683903.9 2487268, 683891.4 2487291, 683880.2 2487314, 683870.1 2487339, 683861.4 2487363, 683854 2487388, 683847.9 2487414, 683843.1 2487440, 683839.7 2487466, 683837.6 2487492, 683836.9 2487518, 683837.6 2487544, 683839.7 2487570, 683843.1 2487596, 683847.9 2487622, 683854 2487647, 683861.4 2487672, 683870.1 2487697, 683880.2 2487721, 683891.4 2487745, 683903.9 2487768, 683917.6 2487790, 683932.4 2487812, 683948.4 2487832, 683965.4 2487852, 683983.4 2487871, 684002.4 2487889, 684022.3 2487906, 684043 2487922, 684064.6 2487937, 684086.9 2487951, 684109.9 2487963, 684133.6 2487975, 684157.8 2487985, 684182.4 2487993, 684207.5 2488001, 684233 2488007, 684258.7 2488012, 684284.7 2488015, 684310.8 2488017, 684336.9 2488018, 684363.1 2488017, 684389.2 2488015, 684415.2 2488012, 684440.9 2488007, 684466.3 2488001, 684491.4 2487993, 684516.1 2487985, 684540.3 2487975, 684563.9 2487963, 684586.9 2487951, 684609.3 2487937, 684630.8 2487922, 684651.6 2487906, 684671.5 2487889, 684690.5 2487871, 684708.5 2487852, 684725.5 2487832, 684741.4 2487812, 684756.3 2487790, 684769.9 2487768, 684782.4 2487745, 684793.7 2487721, 684803.7 2487697, 684812.5 2487672, 684819.9 2487647, 684826 2487622, 684830.8 2487596, 684834.2 2487570, 684836.2 2487544, 684836.9 2487518))"
5,20260514,Forest,5152.0093185789165,31.010082017237615,3.867597133157299,1,Dai,土葬,无,1,0,0,105,659.1089449434361,728.5630109429757,947.1767578125,6.015493392944336,86.6597040627946,580413.1530761719,0,0.13821398971262186,1,24,269119.775390625,0.4636693258316054,22838.9591217041,0.03934948579414219,1,0,0.05826614324971921,0.998301085119516,8.547142076512934,3.4343123779730202,1.3526334183810655,"POLYGON ((683568.5 2487868, 683567.9 2487842, 683565.8 2487816, 683562.4 2487790, 683557.6 2487765, 683551.5 2487739, 683544.1 2487714, 683535.3 2487689, 683525.3 2487665, 683514 2487641, 683501.6 2487618, 683487.9 2487596, 683473 2487575, 683457.1 2487554, 683440.1 2487534, 683422.1 2487515, 683403.1 2487497, 683383.2 2487480, 683362.4 2487464, 683340.9 2487449, 683318.5 2487435, 683295.5 2487423, 683271.9 2487412, 683247.7 2487402, 683223 2487393, 683198 2487386, 683172.5 2487379, 683146.8 2487375, 683120.8 2487371, 683094.7 2487369, 683068.5 2487368, 683042.4 2487369, 683016.3 2487371, 682990.3 2487375, 682964.6 2487379, 682939.1 2487386, 682914 2487393, 682889.4 2487402, 682865.2 2487412, 682841.5 2487423, 682818.5 2487435, 682796.2 2487449, 682774.6 2487464, 682753.9 2487480, 682734 2487497, 682715 2487515, 682697 2487534, 682680 2487554, 682664 2487575, 682649.2 2487596, 682635.5 2487618, 682623 2487641, 682611.8 2487665, 682601.8 2487689, 682593 2487714, 682585.6 2487739, 682579.5 2487765, 682574.7 2487790, 682571.3 2487816, 682569.2 2487842, 682568.5 2487868, 682569.2 2487895, 682571.3 2487921, 682574.7 2487947, 682579.5 2487972, 682585.6 2487998, 682593 2488023, 682601.8 2488048, 682611.8 2488072, 682623 2488095, 682635.5 2488118, 682649.2 2488141, 682664 2488162, 682680 2488183, 682697 2488203, 682715 2488222, 682734 2488240, 682753.9 2488257, 682774.6 2488273, 682796.2 2488288, 682818.5 2488301, 682841.5 2488314, 682865.2 2488325, 682889.4 2488335, 682914 2488344, 682939.1 2488351, 682964.6 2488358, 682990.3 2488362, 683016.3 2488366, 683042.4 2488368, 683068.5 2488368, 683094.7 2488368, 683120.8 2488366, 683146.8 2488362, 683172.5 2488358, 683198 2488351, 683223 2488344, 683247.7 2488335, 683271.9 2488325, 683295.5 2488314, 683318.5 2488301, 683340.9 2488288, 683362.4 2488273, 683383.2 2488257, 683403.1 2488240, 683422.1 2488222, 683440.1 2488203, 683457.1 2488183, 683473 2488162, 683487.9 2488141, 683501.6 2488118, 683514 2488095, 683525.3 2488072, 683535.3 2488048, 683544.1 2488023, 683551.5 2487998, 683557.6 2487972, 683562.4 2487947, 683565.8 2487921, 683567.9 2487895, 683568.5 2487868))"
5,20260514,Forest,4472,80.2233765191585,1.6158910329171396,1,Dai,火葬,有,1,0,0,134,808.8577525310783,851.5891022969463,603.6024169921875,9.75855541229248,225.43141331613054,156811.52801513672,55243.556213378906,0.5736290469430042,1,26,53988.72871398926,0.34429055948474546,3600,0.02295749582678959,1,0,-0.7017625679562555,-0.7124109054579681,8.405591014834934,4.384814950196063,0.4798865276998581,"POLYGON ((731786.3 2425527, 731785.6 2425501, 731783.5 2425475, 731780.1 2425449, 731775.4 2425423, 731769.2 2425398, 731761.8 2425373, 731753.1 2425348, 731743.1 2425324, 731731.8 2425300, 731719.3 2425277, 731705.6 2425255, 731690.8 2425234, 731674.9 2425213, 731657.9 2425193, 731639.8 2425174, 731620.9 2425156, 731600.9 2425139, 731580.2 2425123, 731558.6 2425108, 731536.3 2425094, 731513.3 2425082, 731489.7 2425071, 731465.5 2425061, 731440.8 2425052, 731415.7 2425044, 731390.2 2425038, 731364.5 2425034, 731338.6 2425030, 731312.5 2425028, 731286.3 2425027, 731260.1 2425028, 731234 2425030, 731208.1 2425034, 731182.3 2425038, 731156.9 2425044, 731131.8 2425052, 731107.1 2425061, 731082.9 2425071, 731059.3 2425082, 731036.3 2425094, 731014 2425108, 730992.4 2425123, 730971.6 2425139, 730951.7 2425156, 730932.7 2425174, 730914.7 2425193, 730897.7 2425213, 730881.8 2425234, 730867 2425255, 730853.3 2425277, 730840.8 2425300, 730829.5 2425324, 730819.5 2425348, 730810.8 2425373, 730803.3 2425398, 730797.2 2425423, 730792.4 2425449, 730789 2425475, 730787 2425501, 730786.3 2425527, 730787 2425554, 730789 2425580, 730792.4 2425606, 730797.2 2425631, 730803.3 2425657, 730810.8 2425682, 730819.5 2425707, 730829.5 2425731, 730840.8 2425754, 730853.3 2425777, 730867 2425800, 730881.8 2425821, 730897.7 2425842, 730914.7 2425862, 730932.7 2425881, 730951.7 2425899, 730971.6 2425916, 730992.4 2425932, 731014 2425947, 731036.3 2425960, 731059.3 2425973, 731082.9 2425984, 731107.1 2425994, 731131.8 2426003, 731156.9 2426010, 731182.3 2426016, 731208.1 2426021, 731234 2426025, 731260.1 2426027, 731286.3 2426027, 731312.5 2426027, 731338.6 2426025, 731364.5 2426021, 731390.2 2426016, 731415.7 2426010, 731440.8 2426003, 731465.5 2425994, 731489.7 2425984, 731513.3 2425973, 731536.3 2425960, 731558.6 2425947, 731580.2 2425932, 731600.9 2425916, 731620.9 2425899, 731639.8 2425881, 731657.9 2425862, 731674.9 2425842, 731690.8 2425821, 731705.6 2425800, 731719.3 2425777, 731731.8 2425754, 731743.1 2425731, 731753.1 2425707, 731761.8 2425682, 731769.2 2425657, 731775.4 2425631, 731780.1 2425606, 731783.5 2425580, 731785.6 2425554, 731786.3 2425527))"
5,20260514,Forest,4515,22.149829986848378,1.7557289127254998,1,Dai,土葬,无,1,0,0,138,302.78031119932564,548.8884099544822,589.6767578125,13.987273216247559,314.1546532921039,579605.3283691406,0,0.6229618156795713,1,27,160949.99542236328,0.2776889506437681,22000.41904449463,0.03795758590832509,1,0,0.696597486124487,-0.7174621539322092,8.415160465851086,3.0978298209243684,0.5628841055764946,"POLYGON ((736160.6 2421863, 736159.9 2421837, 736157.8 2421811, 736154.4 2421785, 736149.7 2421760, 736143.5 2421734, 736136.1 2421709, 736127.4 2421684, 736117.4 2421660, 736106.1 2421636, 736093.6 2421613, 736079.9 2421591, 736065.1 2421570, 736049.2 2421549, 736032.2 2421529, 736014.1 2421510, 735995.1 2421492, 735975.2 2421475, 735954.5 2421459, 735932.9 2421444, 735910.6 2421430, 735887.6 2421418, 735863.9 2421407, 735839.8 2421397, 735815.1 2421388, 735790 2421381, 735764.5 2421374, 735738.8 2421370, 735712.8 2421366, 735686.7 2421364, 735660.6 2421363, 735634.4 2421364, 735608.3 2421366, 735582.4 2421370, 735556.6 2421374, 735531.2 2421381, 735506.1 2421388, 735481.4 2421397, 735457.2 2421407, 735433.6 2421418, 735410.6 2421430, 735388.3 2421444, 735366.7 2421459, 735345.9 2421475, 735326 2421492, 735307 2421510, 735289 2421529, 735272 2421549, 735256.1 2421570, 735241.2 2421591, 735227.6 2421613, 735215.1 2421636, 735203.8 2421660, 735193.8 2421684, 735185.1 2421709, 735177.6 2421734, 735171.5 2421760, 735166.7 2421785, 735163.3 2421811, 735161.3 2421837, 735160.6 2421863, 735161.3 2421890, 735163.3 2421916, 735166.7 2421942, 735171.5 2421967, 735177.6 2421993, 735185.1 2422018, 735193.8 2422043, 735203.8 2422067, 735215.1 2422090, 735227.6 2422113, 735241.2 2422136, 735256.1 2422157, 735272 2422178, 735289 2422198, 735307 2422217, 735326 2422235, 735345.9 2422252, 735366.7 2422268, 735388.3 2422283, 735410.6 2422296, 735433.6 2422309, 735457.2 2422320, 735481.4 2422330, 735506.1 2422339, 735531.2 2422346, 735556.6 2422353, 735582.4 2422357, 735608.3 2422361, 735634.4 2422363, 735660.6 2422363, 735686.7 2422363, 735712.8 2422361, 735738.8 2422357, 735764.5 2422353, 735790 2422346, 735815.1 2422339, 735839.8 2422330, 735863.9 2422320, 735887.6 2422309, 735910.6 2422296, 735932.9 2422283, 735954.5 2422268, 735975.2 2422252, 735995.1 2422235, 736014.1 2422217, 736032.2 2422198, 736049.2 2422178, 736065.1 2422157, 736079.9 2422136, 736093.6 2422113, 736106.1 2422090, 736117.4 2422067, 736127.4 2422043, 736136.1 2422018, 736143.5 2421993, 736149.7 2421967, 736154.4 2421942, 736157.8 2421916, 736159.9 2421890, 736160.6 2421863))"
5,20260514,Forest,4515,22.149829986848378,1.7557289127254998,1,Dai,火葬,无,1,0,0,140,109.6613378753155,343.87265694321366,590.1287841796875,14.141486167907715,147.19969335543922,181969.32678222656,480312.48779296875,0.7880405032993547,1,28,58429.16564941406,0.32109348692233003,7532.72008895874,0.0413955484814954,1,0,-0.8405637042844795,0.541712708951483,8.415160465851086,3.0978298209243684,0.5628841055764946,"POLYGON ((735095.2 2419127, 735094.5 2419101, 735092.4 2419075, 735089 2419049, 735084.2 2419023, 735078.1 2418997, 735070.7 2418972, 735061.9 2418948, 735051.9 2418923, 735040.7 2418900, 735028.2 2418877, 735014.5 2418854, 734999.7 2418833, 734983.7 2418812, 734966.7 2418792, 734948.7 2418773, 734929.7 2418755, 734909.8 2418738, 734889 2418722, 734867.5 2418707, 734845.2 2418694, 734822.1 2418681, 734798.5 2418670, 734774.3 2418660, 734749.7 2418651, 734724.6 2418644, 734699.1 2418638, 734673.4 2418633, 734647.4 2418630, 734621.3 2418627, 734595.2 2418627, 734569 2418627, 734542.9 2418630, 734516.9 2418633, 734491.2 2418638, 734465.7 2418644, 734440.6 2418651, 734416 2418660, 734391.8 2418670, 734368.2 2418681, 734345.2 2418694, 734322.8 2418707, 734301.3 2418722, 734280.5 2418738, 734260.6 2418755, 734241.6 2418773, 734223.6 2418792, 734206.6 2418812, 734190.6 2418833, 734175.8 2418854, 734162.1 2418877, 734149.7 2418900, 734138.4 2418923, 734128.4 2418948, 734119.6 2418972, 734112.2 2418997, 734106.1 2419023, 734101.3 2419049, 734097.9 2419075, 734095.8 2419101, 734095.2 2419127, 734095.8 2419153, 734097.9 2419179, 734101.3 2419205, 734106.1 2419231, 734112.2 2419256, 734119.6 2419281, 734128.4 2419306, 734138.4 2419330, 734149.7 2419354, 734162.1 2419377, 734175.8 2419399, 734190.6 2419421, 734206.6 2419441, 734223.6 2419461, 734241.6 2419480, 734260.6 2419498, 734280.5 2419515, 734301.3 2419531, 734322.8 2419546, 734345.2 2419560, 734368.2 2419572, 734391.8 2419584, 734416 2419594, 734440.6 2419602, 734465.7 2419610, 734491.2 2419616, 734516.9 2419621, 734542.9 2419624, 734569 2419626, 734595.2 2419627, 734621.3 2419626, 734647.4 2419624, 734673.4 2419621, 734699.1 2419616, 734724.6 2419610, 734749.7 2419602, 734774.3 2419594, 734798.5 2419584, 734822.1 2419572, 734845.2 2419560, 734867.5 2419546, 734889 2419531, 734909.8 2419515, 734929.7 2419498, 734948.7 2419480, 734966.7 2419461, 734983.7 2419441, 734999.7 2419421, 735014.5 2419399, 735028.2 2419377, 735040.7 2419354, 735051.9 2419330, 735061.9 2419306, 735070.7 2419281, 735078.1 2419256, 735084.2 2419231, 735089 2419205, 735092.4 2419179, 735094.5 2419153, 735095.2 2419127))"
5,20260514,Forest,3276,13.328938169353023,1.439689756619417,1,Dai,土葬,无,1,0,0,151,208.3192722925006,2347.7771773940217,647.27374267578125,14.103187561035156,266.7269636071464,31396.83494567871,287874.5635986328,0.015371713000754766,1,29,15196.83666229248,0.484024478536939,5400,0.17199185871260014,1,0,-0.057094197226974286,-0.998368795908109,8.09437844497296,2.5899374738049867,0.3644276435838435,"POLYGON ((740498.1 2396033, 740497.4 2396007, 740495.4 2395980, 740491.9 2395954, 740487.2 2395929, 740481.1 2395903, 740473.6 2395878, 740464.9 2395854, 740454.9 2395829, 740443.6 2395806, 740431.1 2395783, 740417.4 2395760, 740402.6 2395739, 740386.7 2395718, 740369.7 2395698, 740351.7 2395679, 740332.7 2395661, 740312.8 2395644, 740292 2395628, 740270.4 2395613, 740248.1 2395600, 740225.1 2395587, 740201.5 2395576, 740177.3 2395566, 740152.6 2395557, 740127.5 2395550, 740102.1 2395544, 740076.3 2395539, 740050.4 2395535, 740024.3 2395533, 739998.1 2395533, 739971.9 2395533, 739945.8 2395535, 739919.9 2395539, 739894.1 2395544, 739868.7 2395550, 739843.6 2395557, 739818.9 2395566, 739794.7 2395576, 739771.1 2395587, 739748.1 2395600, 739725.8 2395613, 739704.2 2395628, 739683.4 2395644, 739663.5 2395661, 739644.6 2395679, 739626.5 2395698, 739609.5 2395718, 739593.6 2395739, 739578.8 2395760, 739565.1 2395783, 739552.6 2395806, 739541.3 2395829, 739531.3 2395854, 739522.6 2395878, 739515.1 2395903, 739509 2395929, 739504.3 2395954, 739500.8 2395980, 739498.8 2396007, 739498.1 2396033, 739498.8 2396059, 739500.8 2396085, 739504.3 2396111, 739509 2396137, 739515.1 2396162, 739522.6 2396187, 739531.3 2396212, 739541.3 2396236, 739552.6 2396260, 739565.1 2396283, 739578.8 2396305, 739593.6 2396327, 739609.5 2396347, 739626.5 2396367, 739644.6 2396386, 739663.5 2396404, 739683.4 2396421, 739704.2 2396437, 739725.8 2396452, 739748.1 2396466, 739771.1 2396478, 739794.7 2396489, 739818.9 2396500, 739843.6 2396508, 739868.7 2396516, 739894.1 2396522, 739919.9 2396527, 739945.8 2396530, 739971.9 2396532, 739998.1 2396533, 740024.3 2396532, 740050.4 2396530, 740076.3 2396527, 740102.1 2396522, 740127.5 2396516, 740152.6 2396508, 740177.3 2396500, 740201.5 2396489, 740225.1 2396478, 740248.1 2396466, 740270.4 2396452, 740292 2396437, 740312.8 2396421, 740332.7 2396404, 740351.7 2396386, 740369.7 2396367, 740386.7 2396347, 740402.6 2396327, 740417.4 2396305, 740431.1 2396283, 740443.6 2396260, 740454.9 2396236, 740464.9 2396212, 740473.6 2396187, 740481.1 2396162, 740487.2 2396137, 740491.9 2396111, 740495.4 2396085, 740497.4 2396059, 740498.1 2396033))"
5,20260514,Forest,3276,13.328938169353023,1.439689756619417,1,Dai,土葬,无,1,0,0,153,266.90451008933616,416.73143341370155,669.4189453125,8.128820419311523,327.8986018257793,6801.5790939331055,115831.32934570312,0.8597943063507593,1,30,1957.9164505004883,0.28786204254346126,0,0,1,0,0.8471089535465887,-0.531419251458962,8.09437844497296,2.5899374738049867,0.3644276435838435,"POLYGON ((745179.5 2396116, 745178.8 2396090, 745176.8 2396064, 745173.3 2396038, 745168.6 2396012, 745162.5 2395986, 745155 2395961, 745146.3 2395937, 745136.3 2395912, 745125 2395889, 745112.5 2395866, 745098.8 2395844, 745084 2395822, 745068.1 2395801, 745051.1 2395781, 745033.1 2395762, 745014.1 2395744, 744994.2 2395727, 744973.4 2395711, 744951.8 2395696, 744929.5 2395683, 744906.5 2395670, 744882.9 2395659, 744858.7 2395649, 744834 2395640, 744808.9 2395633, 744783.5 2395627, 744757.7 2395622, 744731.8 2395619, 744705.7 2395617, 744679.5 2395616, 744653.3 2395617, 744627.2 2395619, 744601.3 2395622, 744575.5 2395627, 744550.1 2395633, 744525 2395640, 744500.3 2395649, 744476.1 2395659, 744452.5 2395670, 744429.5 2395683, 744407.2 2395696, 744385.6 2395711, 744364.8 2395727, 744344.9 2395744, 744325.9 2395762, 744307.9 2395781, 744290.9 2395801, 744275 2395822, 744260.2 2395844, 744246.5 2395866, 744234 2395889, 744222.7 2395912, 744212.7 2395937, 744204 2395961, 744196.5 2395986, 744190.4 2396012, 744185.7 2396038, 744182.2 2396064, 744180.2 2396090, 744179.5 2396116, 744180.2 2396142, 744182.2 2396168, 744185.7 2396194, 744190.4 2396220, 744196.5 2396245, 744204 2396270, 744212.7 2396295, 744222.7 2396319, 744234 2396343, 744246.5 2396366, 744260.2 2396388, 744275 2396410, 744290.9 2396430, 744307.9 2396450, 744325.9 2396469, 744344.9 2396487, 744364.8 2396504, 744385.6 2396520, 744407.2 2396535, 744429.5 2396549, 744452.5 2396561, 744476.1 2396573, 744500.3 2396583, 744525 2396591, 744550.1 2396599, 744575.5 2396605, 744601.3 2396610, 744627.2 2396613, 744653.3 2396615, 744679.5 2396616, 744705.7 2396615, 744731.8 2396613, 744757.7 2396610, 744783.5 2396605, 744808.9 2396599, 744834 2396591, 744858.7 2396583, 744882.9 2396573, 744906.5 2396561, 744929.5 2396549, 744951.8 2396535, 744973.4 2396520, 744994.2 2396504, 745014.1 2396487, 745033.1 2396469, 745051.1 2396450, 745068.1 2396430, 745084 2396410, 745098.8 2396388, 745112.5 2396366, 745125 2396343, 745136.3 2396319, 745146.3 2396295, 745155 2396270, 745162.5 2396245, 745168.6 2396220, 745173.3 2396194, 745176.8 2396168, 745178.8 2396142, 745179.5 2396116))"
5,20260514,Forest,3276,13.328938169353023,1.439689756619417,1,Dai,土葬,无,1,0,0,154,541.5490868653997,1250.3934855809732,698.79168701171875,8.339984893798828,264.1931020244001,35100,14907.225036621094,0.32991554070839935,1,31,4500,0.1282051282051282,0,0,1,0,-0.10117607251254772,-0.9948685352100225,8.09437844497296,2.5899374738049867,0.3644276435838435,"POLYGON ((746719.2 2395499, 746718.5 2395473, 746716.4 2395447, 746713 2395421, 746708.2 2395395, 746702.1 2395370, 746694.7 2395345, 746686 2395320, 746675.9 2395296, 746664.7 2395272, 746652.2 2395249, 746638.5 2395227, 746623.7 2395206, 746607.7 2395185, 746590.7 2395165, 746572.7 2395146, 746553.7 2395128, 746533.8 2395111, 746513.1 2395095, 746491.5 2395080, 746469.2 2395066, 746446.2 2395054, 746422.5 2395043, 746398.4 2395033, 746373.7 2395024, 746348.6 2395016, 746323.1 2395010, 746297.4 2395006, 746271.4 2395002, 746245.3 2395000, 746219.2 2394999, 746193 2395000, 746166.9 2395002, 746141 2395006, 746115.2 2395010, 746089.8 2395016, 746064.7 2395024, 746040 2395033, 746015.8 2395043, 745992.2 2395054, 745969.2 2395066, 745946.9 2395080, 745925.3 2395095, 745904.5 2395111, 745884.6 2395128, 745865.6 2395146, 745847.6 2395165, 745830.6 2395185, 745814.7 2395206, 745799.8 2395227, 745786.2 2395249, 745773.7 2395272, 745762.4 2395296, 745752.4 2395320, 745743.6 2395345, 745736.2 2395370, 745730.1 2395395, 745725.3 2395421, 745721.9 2395447, 745719.9 2395473, 745719.2 2395499, 745719.9 2395526, 745721.9 2395552, 745725.3 2395578, 745730.1 2395603, 745736.2 2395629, 745743.6 2395654, 745752.4 2395679, 745762.4 2395703, 745773.7 2395726, 745786.2 2395749, 745799.8 2395772, 745814.7 2395793, 745830.6 2395814, 745847.6 2395834, 745865.6 2395853, 745884.6 2395871, 745904.5 2395888, 745925.3 2395904, 745946.9 2395919, 745969.2 2395932, 745992.2 2395945, 746015.8 2395956, 746040 2395966, 746064.7 2395975, 746089.8 2395982, 746115.2 2395988, 746141 2395993, 746166.9 2395997, 746193 2395999, 746219.2 2395999, 746245.3 2395999, 746271.4 2395997, 746297.4 2395993, 746323.1 2395988, 746348.6 2395982, 746373.7 2395975, 746398.4 2395966, 746422.5 2395956, 746446.2 2395945, 746469.2 2395932, 746491.5 2395919, 746513.1 2395904, 746533.8 2395888, 746553.7 2395871, 746572.7 2395853, 746590.7 2395834, 746607.7 2395814, 746623.7 2395793, 746638.5 2395772, 746652.2 2395749, 746664.7 2395726, 746675.9 2395703, 746686 2395679, 746694.7 2395654, 746702.1 2395629, 746708.2 2395603, 746713 2395578, 746716.4 2395552, 746718.5 2395526, 746719.2 2395499))"
5,20260514,Forest,3276,13.328938169353023,1.439689756619417,1,Dai,土葬,无,1,0,0,155,88.16744270852993,814.2189446753133,714.15655517578125,13.202869415283203,256.6047191338204,22243.058967590332,2700,0.43473550767208713,1,32,2492.674469947815,0.11206527274777328,6748.800086975098,0.30341150903787845,1,0,-0.23166778058424572,-0.9727949626921234,8.09437844497296,2.5899374738049867,0.3644276435838435,"POLYGON ((746666.7 2396109, 746666 2396083, 746663.9 2396057, 746660.5 2396031, 746655.7 2396005, 746649.6 2395979, 746642.2 2395954, 746633.4 2395930, 746623.4 2395905, 746612.2 2395882, 746599.7 2395859, 746586 2395836, 746571.2 2395815, 746555.2 2395794, 746538.2 2395774, 746520.2 2395755, 746501.2 2395737, 746481.3 2395720, 746460.6 2395704, 746439 2395689, 746416.7 2395676, 746393.7 2395663, 746370 2395652, 746345.8 2395642, 746321.2 2395633, 746296.1 2395626, 746270.6 2395620, 746244.9 2395615, 746218.9 2395612, 746192.8 2395609, 746166.7 2395609, 746140.5 2395609, 746114.4 2395612, 746088.4 2395615, 746062.7 2395620, 746037.2 2395626, 746012.1 2395633, 745987.5 2395642, 745963.3 2395652, 745939.7 2395663, 745916.7 2395676, 745894.3 2395689, 745872.8 2395704, 745852 2395720, 745832.1 2395737, 745813.1 2395755, 745795.1 2395774, 745778.1 2395794, 745762.1 2395815, 745747.3 2395836, 745733.6 2395859, 745721.2 2395882, 745709.9 2395905, 745699.9 2395930, 745691.1 2395954, 745683.7 2395979, 745677.6 2396005, 745672.8 2396031, 745669.4 2396057, 745667.3 2396083, 745666.7 2396109, 745667.3 2396135, 745669.4 2396161, 745672.8 2396187, 745677.6 2396213, 745683.7 2396238, 745691.1 2396263, 745699.9 2396288, 745709.9 2396312, 745721.2 2396336, 745733.6 2396359, 745747.3 2396381, 745762.1 2396403, 745778.1 2396423, 745795.1 2396443, 745813.1 2396462, 745832.1 2396480, 745852 2396497, 745872.8 2396513, 745894.3 2396528, 745916.7 2396542, 745939.7 2396554, 745963.3 2396566, 745987.5 2396576, 746012.1 2396584, 746037.2 2396592, 746062.7 2396598, 746088.4 2396603, 746114.4 2396606, 746140.5 2396608, 746166.7 2396609, 746192.8 2396608, 746218.9 2396606, 746244.9 2396603, 746270.6 2396598, 746296.1 2396592, 746321.2 2396584, 746345.8 2396576, 746370 2396566, 746393.7 2396554, 746416.7 2396542, 746439 2396528, 746460.6 2396513, 746481.3 2396497, 746501.2 2396480, 746520.2 2396462, 746538.2 2396443, 746555.2 2396423, 746571.2 2396403, 746586 2396381, 746599.7 2396359, 746612.2 2396336, 746623.4 2396312, 746633.4 2396288, 746642.2 2396263, 746649.6 2396238, 746655.7 2396213, 746660.5 2396187, 746663.9 2396161, 746666 2396135, 746666.7 2396109))"
5,20260514,Forest,6199,88.76182152611432,1.9497753106000528,1,Dai,土葬,有,1,0,0,162,915.299944169136,1659.5004298418696,658.1519775390625,4.5691657066345215,91.80305576235153,11582.906341552734,78711.9255065918,0.14545297242596755,1,33,11582.906341552734,1,0,0,1,0,-0.03146406583095068,0.9995048837106228,8.73214326770192,4.485956619779399,0.6677141406034005,"POLYGON ((769100.4 2385623, 769099.7 2385597, 769097.6 2385571, 769094.2 2385545, 769089.5 2385519, 769083.4 2385494, 769075.9 2385469, 769067.2 2385444, 769057.2 2385420, 769045.9 2385396, 769033.4 2385373, 769019.7 2385351, 769004.9 2385329, 768989 2385308, 768972 2385288, 768953.9 2385269, 768935 2385251, 768915 2385234, 768894.3 2385219, 768872.7 2385204, 768850.4 2385190, 768827.4 2385178, 768803.8 2385166, 768779.6 2385156, 768754.9 2385147, 768729.8 2385140, 768704.3 2385134, 768678.6 2385129, 768652.7 2385126, 768626.6 2385124, 768600.4 2385123, 768574.2 2385124, 768548.1 2385126, 768522.2 2385129, 768496.4 2385134, 768471 2385140, 768445.9 2385147, 768421.2 2385156, 768397 2385166, 768373.4 2385178, 768350.4 2385190, 768328.1 2385204, 768306.5 2385219, 768285.7 2385234, 768265.8 2385251, 768246.8 2385269, 768228.8 2385288, 768211.8 2385308, 768195.9 2385329, 768181.1 2385351, 768167.4 2385373, 768154.9 2385396, 768143.6 2385420, 768133.6 2385444, 768124.9 2385469, 768117.4 2385494, 768111.3 2385519, 768106.5 2385545, 768103.1 2385571, 768101.1 2385597, 768100.4 2385623, 768101.1 2385649, 768103.1 2385675, 768106.5 2385701, 768111.3 2385727, 768117.4 2385752, 768124.9 2385778, 768133.6 2385802, 768143.6 2385826, 768154.9 2385850, 768167.4 2385873, 768181.1 2385895, 768195.9 2385917, 768211.8 2385938, 768228.8 2385958, 768246.8 2385977, 768265.8 2385995, 768285.7 2386012, 768306.5 2386028, 768328.1 2386042, 768350.4 2386056, 768373.4 2386069, 768397 2386080, 768421.2 2386090, 768445.9 2386099, 768471 2386106, 768496.4 2386112, 768522.2 2386117, 768548.1 2386120, 768574.2 2386122, 768600.4 2386123, 768626.6 2386122, 768652.7 2386120, 768678.6 2386117, 768704.3 2386112, 768729.8 2386106, 768754.9 2386099, 768779.6 2386090, 768803.8 2386080, 768827.4 2386069, 768850.4 2386056, 768872.7 2386042, 768894.3 2386028, 768915 2386012, 768935 2385995, 768953.9 2385977, 768972 2385958, 768989 2385938, 769004.9 2385917, 769019.7 2385895, 769033.4 2385873, 769045.9 2385850, 769057.2 2385826, 769067.2 2385802, 769075.9 2385778, 769083.4 2385752, 769089.5 2385727, 769094.2 2385701, 769097.6 2385675, 769099.7 2385649, 769100.4 2385623))"
5,20260514,Forest,4016,17.382211004373175,1.8414195867026055,1,Dai,土葬,有,1,0,0,194,160.58106544039845,2324.588716577777,631.45684814453125,10.328139305114746,215.2902513667261,212153.64532470703,230852.47192382812,0.06202747534802612,1,34,129906.80694580078,0.612324180180712,6665.733575820923,0.031419368569504585,1,0,-0.8162358982841208,-0.577718753678911,8.298041661371565,2.8554473271875427,0.6105367886688474,"POLYGON ((737484.7 2399297, 737484 2399271, 737481.9 2399245, 737478.5 2399219, 737473.8 2399193, 737467.7 2399168, 737460.2 2399143, 737451.5 2399118, 737441.5 2399094, 737430.2 2399070, 737417.7 2399047, 737404 2399025, 737389.2 2399003, 737373.3 2398982, 737356.3 2398962, 737338.2 2398943, 737319.3 2398925, 737299.3 2398908, 737278.6 2398893, 737257 2398878, 737234.7 2398864, 737211.7 2398852, 737188.1 2398840, 737163.9 2398830, 737139.2 2398821, 737114.1 2398814, 737088.6 2398808, 737062.9 2398803, 737037 2398800, 737010.9 2398798, 736984.7 2398797, 736958.5 2398798, 736932.4 2398800, 736906.5 2398803, 736880.7 2398808, 736855.3 2398814, 736830.2 2398821, 736805.5 2398830, 736781.3 2398840, 736757.7 2398852, 736734.7 2398864, 736712.4 2398878, 736690.8 2398893, 736670 2398908, 736650.1 2398925, 736631.1 2398943, 736613.1 2398962, 736596.1 2398982, 736580.2 2399003, 736565.4 2399025, 736551.7 2399047, 736539.2 2399070, 736527.9 2399094, 736517.9 2399118, 736509.2 2399143, 736501.7 2399168, 736495.6 2399193, 736490.8 2399219, 736487.4 2399245, 736485.4 2399271, 736484.7 2399297, 736485.4 2399323, 736487.4 2399349, 736490.8 2399375, 736495.6 2399401, 736501.7 2399426, 736509.2 2399452, 736517.9 2399476, 736527.9 2399500, 736539.2 2399524, 736551.7 2399547, 736565.4 2399569, 736580.2 2399591, 736596.1 2399612, 736613.1 2399632, 736631.1 2399651, 736650.1 2399669, 736670 2399686, 736690.8 2399702, 736712.4 2399716, 736734.7 2399730, 736757.7 2399743, 736781.3 2399754, 736805.5 2399764, 736830.2 2399773, 736855.3 2399780, 736880.7 2399786, 736906.5 2399791, 736932.4 2399794, 736958.5 2399796, 736984.7 2399797, 737010.9 2399796, 737037 2399794, 737062.9 2399791, 737088.6 2399786, 737114.1 2399780, 737139.2 2399773, 737163.9 2399764, 737188.1 2399754, 737211.7 2399743, 737234.7 2399730, 737257 2399716, 737278.6 2399702, 737299.3 2399686, 737319.3 2399669, 737338.2 2399651, 737356.3 2399632, 737373.3 2399612, 737389.2 2399591, 737404 2399569, 737417.7 2399547, 737430.2 2399524, 737441.5 2399500, 737451.5 2399476, 737460.2 2399452, 737467.7 2399426, 737473.8 2399401, 737478.5 2399375, 737481.9 2399349, 737484 2399323, 737484.7 2399297))"
5,20260514,Forest,4016,17.382211004373175,1.8414195867026055,1,Dai,土葬,有,1,0,0,195,56.35253114979233,2282.4477199236167,630.28753662109375,7.121172904968262,215.71847192463272,175599.76959228516,143524.86877441406,0.1867224545725468,1,35,166810.7208251953,0.9499484037621654,1720.2444076538086,0.009796393307621892,1,0,-0.8118953533950738,-0.5838029934279956,8.298041661371565,2.8554473271875427,0.6105367886688474,"POLYGON ((737675.7 2399558, 737675 2399532, 737672.9 2399506, 737669.5 2399480, 737664.8 2399454, 737658.7 2399429, 737651.2 2399404, 737642.5 2399379, 737632.5 2399355, 737621.2 2399331, 737608.7 2399308, 737595 2399286, 737580.2 2399264, 737564.3 2399243, 737547.3 2399224, 737529.2 2399205, 737510.3 2399187, 737490.3 2399170, 737469.6 2399154, 737448 2399139, 737425.7 2399125, 737402.7 2399113, 737379.1 2399101, 737354.9 2399091, 737330.2 2399083, 737305.1 2399075, 737279.6 2399069, 737253.9 2399064, 737228 2399061, 737201.9 2399059, 737175.7 2399058, 737149.5 2399059, 737123.4 2399061, 737097.5 2399064, 737071.7 2399069, 737046.3 2399075, 737021.2 2399083, 736996.5 2399091, 736972.3 2399101, 736948.7 2399113, 736925.7 2399125, 736903.4 2399139, 736881.8 2399154, 736861 2399170, 736841.1 2399187, 736822.1 2399205, 736804.1 2399224, 736787.1 2399243, 736771.2 2399264, 736756.4 2399286, 736742.7 2399308, 736730.2 2399331, 736718.9 2399355, 736708.9 2399379, 736700.2 2399404, 736692.7 2399429, 736686.6 2399454, 736681.8 2399480, 736678.4 2399506, 736676.4 2399532, 736675.7 2399558, 736676.4 2399584, 736678.4 2399610, 736681.8 2399636, 736686.6 2399662, 736692.7 2399688, 736700.2 2399713, 736708.9 2399737, 736718.9 2399762, 736730.2 2399785, 736742.7 2399808, 736756.4 2399830, 736771.2 2399852, 736787.1 2399873, 736804.1 2399893, 736822.1 2399912, 736841.1 2399930, 736861 2399947, 736881.8 2399963, 736903.4 2399977, 736925.7 2399991, 736948.7 2400004, 736972.3 2400015, 736996.5 2400025, 737021.2 2400034, 737046.3 2400041, 737071.7 2400047, 737097.5 2400052, 737123.4 2400055, 737149.5 2400057, 737175.7 2400058, 737201.9 2400057, 737228 2400055, 737253.9 2400052, 737279.6 2400047, 737305.1 2400041, 737330.2 2400034, 737354.9 2400025, 737379.1 2400015, 737402.7 2400004, 737425.7 2399991, 737448 2399977, 737469.6 2399963, 737490.3 2399947, 737510.3 2399930, 737529.2 2399912, 737547.3 2399893, 737564.3 2399873, 737580.2 2399852, 737595 2399830, 737608.7 2399808, 737621.2 2399785, 737632.5 2399762, 737642.5 2399737, 737651.2 2399713, 737658.7 2399688, 737664.8 2399662, 737669.5 2399636, 737672.9 2399610, 737675 2399584, 737675.7 2399558))"
5,20260514,Forest,3811,10.661592163113635,1.3790983606557377,1,Dai,土葬,有,1,0,0,202,38.929999854224924,416.0643893573023,444.84454345703125,27.798574447631836,90,183382.7178955078,900,0.13289279108767613,1,36,56073.906326293945,0.30577530407333736,0,0,1,0,6.123233995736766e-17,1,8.24564690087386,2.366647766225861,0.3214299237915806,"POLYGON ((720354 2400251, 720353.3 2400225, 720351.2 2400199, 720347.8 2400173, 720343.1 2400147, 720336.9 2400121, 720329.5 2400096, 720320.8 2400072, 720310.7 2400047, 720299.5 2400024, 720287 2400001, 720273.3 2399978, 720258.5 2399957, 720242.5 2399936, 720225.5 2399916, 720207.5 2399897, 720188.5 2399879, 720168.6 2399862, 720147.9 2399846, 720126.3 2399831, 720104 2399818, 720081 2399805, 720057.3 2399794, 720033.2 2399784, 720008.5 2399775, 719983.4 2399768, 719957.9 2399762, 719932.2 2399757, 719906.2 2399754, 719880.1 2399751, 719854 2399751, 719827.8 2399751, 719801.7 2399754, 719775.8 2399757, 719750 2399762, 719724.6 2399768, 719699.5 2399775, 719674.8 2399784, 719650.6 2399794, 719627 2399805, 719604 2399818, 719581.7 2399831, 719560.1 2399846, 719539.3 2399862, 719519.4 2399879, 719500.4 2399897, 719482.4 2399916, 719465.4 2399936, 719449.5 2399957, 719434.6 2399978, 719421 2400001, 719408.5 2400024, 719397.2 2400047, 719387.2 2400072, 719378.4 2400096, 719371 2400121, 719364.9 2400147, 719360.1 2400173, 719356.7 2400199, 719354.7 2400225, 719354 2400251, 719354.7 2400277, 719356.7 2400303, 719360.1 2400329, 719364.9 2400355, 719371 2400380, 719378.4 2400405, 719387.2 2400430, 719397.2 2400454, 719408.5 2400478, 719421 2400501, 719434.6 2400523, 719449.5 2400545, 719465.4 2400565, 719482.4 2400585, 719500.4 2400604, 719519.4 2400622, 719539.3 2400639, 719560.1 2400655, 719581.7 2400670, 719604 2400684, 719627 2400696, 719650.6 2400708, 719674.8 2400718, 719699.5 2400726, 719724.6 2400734, 719750 2400740, 719775.8 2400745, 719801.7 2400748, 719827.8 2400750, 719854 2400751, 719880.1 2400750, 719906.2 2400748, 719932.2 2400745, 719957.9 2400740, 719983.4 2400734, 720008.5 2400726, 720033.2 2400718, 720057.3 2400708, 720081 2400696, 720104 2400684, 720126.3 2400670, 720147.9 2400655, 720168.6 2400639, 720188.5 2400622, 720207.5 2400604, 720225.5 2400585, 720242.5 2400565, 720258.5 2400545, 720273.3 2400523, 720287 2400501, 720299.5 2400478, 720310.7 2400454, 720320.8 2400430, 720329.5 2400405, 720336.9 2400380, 720343.1 2400355, 720347.8 2400329, 720351.2 2400303, 720353.3 2400277, 720354 2400251))"
5,20260514,Forest,3811,10.661592163113635,1.3790983606557377,1,Dai,土葬,有,1,0,0,205,27.65794071181076,327.6028257951622,447.0551452636719,26.87339210510254,90,241861.5692138672,900,0.20146791363066896,1,37,89650.16098022461,0.37066724271912355,0,0,1,0,6.123233995736766e-17,1,8.24564690087386,2.366647766225861,0.3214299237915806,"POLYGON ((720269.8 2400291, 720269.1 2400265, 720267 2400239, 720263.6 2400213, 720258.8 2400187, 720252.7 2400162, 720245.3 2400136, 720236.5 2400112, 720226.5 2400088, 720215.3 2400064, 720202.8 2400041, 720189.1 2400019, 720174.3 2399997, 720158.3 2399976, 720141.3 2399956, 720123.3 2399937, 720104.3 2399919, 720084.4 2399902, 720063.6 2399886, 720042.1 2399872, 720019.8 2399858, 719996.7 2399845, 719973.1 2399834, 719948.9 2399824, 719924.3 2399815, 719899.2 2399808, 719873.7 2399802, 719848 2399797, 719822 2399794, 719795.9 2399792, 719769.8 2399791, 719743.6 2399792, 719717.5 2399794, 719691.5 2399797, 719665.8 2399802, 719640.3 2399808, 719615.2 2399815, 719590.6 2399824, 719566.4 2399834, 719542.8 2399845, 719519.8 2399858, 719497.4 2399872, 719475.9 2399886, 719455.1 2399902, 719435.2 2399919, 719416.2 2399937, 719398.2 2399956, 719381.2 2399976, 719365.2 2399997, 719350.4 2400019, 719336.7 2400041, 719324.2 2400064, 719313 2400088, 719303 2400112, 719294.2 2400136, 719286.8 2400162, 719280.7 2400187, 719275.9 2400213, 719272.5 2400239, 719270.4 2400265, 719269.8 2400291, 719270.4 2400317, 719272.5 2400343, 719275.9 2400369, 719280.7 2400395, 719286.8 2400420, 719294.2 2400445, 719303 2400470, 719313 2400494, 719324.2 2400518, 719336.7 2400541, 719350.4 2400563, 719365.2 2400585, 719381.2 2400606, 719398.2 2400626, 719416.2 2400645, 719435.2 2400663, 719455.1 2400680, 719475.9 2400695, 719497.4 2400710, 719519.8 2400724, 719542.8 2400736, 719566.4 2400748, 719590.6 2400758, 719615.2 2400766, 719640.3 2400774, 719665.8 2400780, 719691.5 2400785, 719717.5 2400788, 719743.6 2400790, 719769.8 2400791, 719795.9 2400790, 719822 2400788, 719848 2400785, 719873.7 2400780, 719899.2 2400774, 719924.3 2400766, 719948.9 2400758, 719973.1 2400748, 719996.7 2400736, 720019.8 2400724, 720042.1 2400710, 720063.6 2400695, 720084.4 2400680, 720104.3 2400663, 720123.3 2400645, 720141.3 2400626, 720158.3 2400606, 720174.3 2400585, 720189.1 2400563, 720202.8 2400541, 720215.3 2400518, 720226.5 2400494, 720236.5 2400470, 720245.3 2400445, 720252.7 2400420, 720258.8 2400395, 720263.6 2400369, 720267 2400343, 720269.1 2400317, 720269.8 2400291))"
5,20260514,Forest,6132,233.80223404901614,1.5049730036942313,1,Dai,土葬,有,1,0,0,223,964.0537190217418,1017.4423371387262,667.3026123046875,8.417494773864746,308.5195241432233,100800,12918.188095092773,0.28270828292248523,1,38,13500,0.13392857142857142,0,0,1,0,0.6227812825016449,-0.7823959829687308,8.721276239991704,5.454475604377329,0.40877496029525895,"POLYGON ((768423.4 2376913, 768422.7 2376887, 768420.6 2376861, 768417.2 2376835, 768412.5 2376809, 768406.3 2376783, 768398.9 2376758, 768390.2 2376734, 768380.2 2376709, 768368.9 2376686, 768356.4 2376663, 768342.7 2376641, 768327.9 2376619, 768312 2376598, 768295 2376578, 768276.9 2376559, 768258 2376541, 768238 2376524, 768217.3 2376508, 768195.7 2376494, 768173.4 2376480, 768150.4 2376467, 768126.8 2376456, 768102.6 2376446, 768077.9 2376437, 768052.8 2376430, 768027.3 2376424, 768001.6 2376419, 767975.6 2376416, 767949.6 2376414, 767923.4 2376413, 767897.2 2376414, 767871.1 2376416, 767845.2 2376419, 767819.4 2376424, 767794 2376430, 767768.9 2376437, 767744.2 2376446, 767720 2376456, 767696.4 2376467, 767673.4 2376480, 767651.1 2376494, 767629.5 2376508, 767608.7 2376524, 767588.8 2376541, 767569.8 2376559, 767551.8 2376578, 767534.8 2376598, 767518.9 2376619, 767504 2376641, 767490.4 2376663, 767477.9 2376686, 767466.6 2376709, 767456.6 2376734, 767447.9 2376758, 767440.4 2376783, 767434.3 2376809, 767429.5 2376835, 767426.1 2376861, 767424.1 2376887, 767423.4 2376913, 767424.1 2376939, 767426.1 2376965, 767429.5 2376991, 767434.3 2377017, 767440.4 2377042, 767447.9 2377067, 767456.6 2377092, 767466.6 2377116, 767477.9 2377140, 767490.4 2377163, 767504 2377185, 767518.9 2377207, 767534.8 2377228, 767551.8 2377247, 767569.8 2377266, 767588.8 2377284, 767608.7 2377301, 767629.5 2377317, 767651.1 2377332, 767673.4 2377346, 767696.4 2377358, 767720 2377370, 767744.2 2377380, 767768.9 2377388, 767794 2377396, 767819.4 2377402, 767845.2 2377407, 767871.1 2377410, 767897.2 2377412, 767923.4 2377413, 767949.6 2377412, 767975.6 2377410, 768001.6 2377407, 768027.3 2377402, 768052.8 2377396, 768077.9 2377388, 768102.6 2377380, 768126.8 2377370, 768150.4 2377358, 768173.4 2377346, 768195.7 2377332, 768217.3 2377317, 768238 2377301, 768258 2377284, 768276.9 2377266, 768295 2377247, 768312 2377228, 768327.9 2377207, 768342.7 2377185, 768356.4 2377163, 768368.9 2377140, 768380.2 2377116, 768390.2 2377092, 768398.9 2377067, 768406.3 2377042, 768412.5 2377017, 768417.2 2376991, 768420.6 2376965, 768422.7 2376939, 768423.4 2376913))"
5,20260514,Forest,6132,233.80223404901614,1.5049730036942313,1,Dai,土葬,有,1,0,0,224,783.1311904852388,874.5383158269243,655.74249267578125,6.5741682052612305,259.1419415078506,98100,9026.991176605225,0.6715268762091929,1,39,10800,0.11009174311926606,0,0,1,0,-0.1883765815218172,-0.9820968707485805,8.721276239991704,5.454475604377329,0.40877496029525895,"POLYGON ((768253.1 2376851, 768252.4 2376825, 768250.4 2376799, 768247 2376773, 768242.2 2376747, 768236.1 2376722, 768228.7 2376697, 768219.9 2376672, 768209.9 2376648, 768198.6 2376624, 768186.1 2376601, 768172.5 2376579, 768157.6 2376558, 768141.7 2376537, 768124.7 2376517, 768106.7 2376498, 768087.7 2376480, 768067.8 2376463, 768047 2376447, 768025.4 2376432, 768003.1 2376418, 767980.1 2376406, 767956.5 2376395, 767932.3 2376385, 767907.6 2376376, 767882.5 2376368, 767857.1 2376362, 767831.3 2376358, 767805.4 2376354, 767779.3 2376352, 767753.1 2376351, 767727 2376352, 767700.9 2376354, 767674.9 2376358, 767649.2 2376362, 767623.7 2376368, 767598.6 2376376, 767573.9 2376385, 767549.8 2376395, 767526.1 2376406, 767503.1 2376418, 767480.8 2376432, 767459.2 2376447, 767438.5 2376463, 767418.6 2376480, 767399.6 2376498, 767381.6 2376517, 767364.6 2376537, 767348.6 2376558, 767333.8 2376579, 767320.1 2376601, 767307.6 2376624, 767296.4 2376648, 767286.3 2376672, 767277.6 2376697, 767270.2 2376722, 767264.1 2376747, 767259.3 2376773, 767255.9 2376799, 767253.8 2376825, 767253.1 2376851, 767253.8 2376878, 767255.9 2376904, 767259.3 2376930, 767264.1 2376955, 767270.2 2376981, 767277.6 2377006, 767286.3 2377031, 767296.4 2377055, 767307.6 2377078, 767320.1 2377101, 767333.8 2377124, 767348.6 2377145, 767364.6 2377166, 767381.6 2377186, 767399.6 2377205, 767418.6 2377223, 767438.5 2377240, 767459.2 2377256, 767480.8 2377271, 767503.1 2377284, 767526.1 2377297, 767549.8 2377308, 767573.9 2377318, 767598.6 2377327, 767623.7 2377334, 767649.2 2377341, 767674.9 2377345, 767700.9 2377349, 767727 2377351, 767753.1 2377351, 767779.3 2377351, 767805.4 2377349, 767831.3 2377345, 767857.1 2377341, 767882.5 2377334, 767907.6 2377327, 767932.3 2377318, 767956.5 2377308, 767980.1 2377297, 768003.1 2377284, 768025.4 2377271, 768047 2377256, 768067.8 2377240, 768087.7 2377223, 768106.7 2377205, 768124.7 2377186, 768141.7 2377166, 768157.6 2377145, 768172.5 2377124, 768186.1 2377101, 768198.6 2377078, 768209.9 2377055, 768219.9 2377031, 768228.7 2377006, 768236.1 2376981, 768242.2 2376955, 768247 2376930, 768250.4 2376904, 768252.4 2376878, 768253.1 2376851))"
5,20260514,Forest,6132,233.80223404901614,1.5049730036942313,1,Dai,土葬,有,1,0,0,226,258.7067229217865,1888.9634692115658,656.36358642578125,5.062176704406738,241.08075866890832,900,6300,0.3905035919622207,1,40,900,1,0,0,1,0,-0.48357635850472924,-0.8753021795330488,8.721276239991704,5.454475604377329,0.40877496029525895,"POLYGON ((769037.8 2378480, 769037.1 2378453, 769035.1 2378427, 769031.7 2378401, 769026.9 2378376, 769020.8 2378350, 769013.4 2378325, 769004.6 2378300, 768994.6 2378276, 768983.3 2378253, 768970.8 2378230, 768957.2 2378207, 768942.3 2378186, 768926.4 2378165, 768909.4 2378145, 768891.4 2378126, 768872.4 2378108, 768852.5 2378091, 768831.7 2378075, 768810.1 2378060, 768787.8 2378047, 768764.8 2378034, 768741.2 2378023, 768717 2378013, 768692.3 2378004, 768667.2 2377997, 768641.8 2377990, 768616 2377986, 768590.1 2377982, 768564 2377980, 768537.8 2377980, 768511.7 2377980, 768485.6 2377982, 768459.6 2377986, 768433.9 2377990, 768408.4 2377997, 768383.3 2378004, 768358.6 2378013, 768334.5 2378023, 768310.8 2378034, 768287.8 2378047, 768265.5 2378060, 768243.9 2378075, 768223.2 2378091, 768203.3 2378108, 768184.3 2378126, 768166.2 2378145, 768149.2 2378165, 768133.3 2378186, 768118.5 2378207, 768104.8 2378230, 768092.3 2378253, 768081 2378276, 768071 2378300, 768062.3 2378325, 768054.9 2378350, 768048.7 2378376, 768044 2378401, 768040.6 2378427, 768038.5 2378453, 768037.8 2378480, 768038.5 2378506, 768040.6 2378532, 768044 2378558, 768048.7 2378584, 768054.9 2378609, 768062.3 2378634, 768071 2378659, 768081 2378683, 768092.3 2378707, 768104.8 2378730, 768118.5 2378752, 768133.3 2378773, 768149.2 2378794, 768166.2 2378814, 768184.3 2378833, 768203.3 2378851, 768223.2 2378868, 768243.9 2378884, 768265.5 2378899, 768287.8 2378913, 768310.8 2378925, 768334.5 2378936, 768358.6 2378946, 768383.3 2378955, 768408.4 2378963, 768433.9 2378969, 768459.6 2378973, 768485.6 2378977, 768511.7 2378979, 768537.8 2378980, 768564 2378979, 768590.1 2378977, 768616 2378973, 768641.8 2378969, 768667.2 2378963, 768692.3 2378955, 768717 2378946, 768741.2 2378936, 768764.8 2378925, 768787.8 2378913, 768810.1 2378899, 768831.7 2378884, 768852.5 2378868, 768872.4 2378851, 768891.4 2378833, 768909.4 2378814, 768926.4 2378794, 768942.3 2378773, 768957.2 2378752, 768970.8 2378730, 768983.3 2378707, 768994.6 2378683, 769004.6 2378659, 769013.4 2378634, 769020.8 2378609, 769026.9 2378584, 769031.7 2378558, 769035.1 2378532, 769037.1 2378506, 769037.8 2378480))"
5,20260514,Forest,6132,233.80223404901614,1.5049730036942313,1,Dai,土葬,有,1,0,0,227,199.00554781886783,1680.0167366033602,651.19415283203125,3.888179302215576,216.3875137549442,900,6300,0.6402596302812282,1,41,900,1,0,0,1,0,-0.8050230996981388,-0.5932434651577719,8.721276239991704,5.454475604377329,0.40877496029525895,"POLYGON ((769039.2 2378689, 769038.5 2378663, 769036.5 2378637, 769033.1 2378611, 769028.3 2378585, 769022.2 2378560, 769014.8 2378535, 769006 2378510, 768996 2378486, 768984.7 2378462, 768972.2 2378439, 768958.6 2378417, 768943.7 2378396, 768927.8 2378375, 768910.8 2378355, 768892.8 2378336, 768873.8 2378318, 768853.9 2378301, 768833.1 2378285, 768811.6 2378270, 768789.2 2378256, 768766.2 2378244, 768742.6 2378233, 768718.4 2378223, 768693.7 2378214, 768668.6 2378206, 768643.2 2378200, 768617.5 2378196, 768591.5 2378192, 768565.4 2378190, 768539.2 2378189, 768513.1 2378190, 768487 2378192, 768461 2378196, 768435.3 2378200, 768409.8 2378206, 768384.7 2378214, 768360 2378223, 768335.9 2378233, 768312.2 2378244, 768289.2 2378256, 768266.9 2378270, 768245.3 2378285, 768224.6 2378301, 768204.7 2378318, 768185.7 2378336, 768167.7 2378355, 768150.7 2378375, 768134.7 2378396, 768119.9 2378417, 768106.2 2378439, 768093.7 2378462, 768082.5 2378486, 768072.4 2378510, 768063.7 2378535, 768056.3 2378560, 768050.2 2378585, 768045.4 2378611, 768042 2378637, 768039.9 2378663, 768039.2 2378689, 768039.9 2378716, 768042 2378742, 768045.4 2378768, 768050.2 2378793, 768056.3 2378819, 768063.7 2378844, 768072.4 2378869, 768082.5 2378893, 768093.7 2378916, 768106.2 2378939, 768119.9 2378962, 768134.7 2378983, 768150.7 2379004, 768167.7 2379024, 768185.7 2379043, 768204.7 2379061, 768224.6 2379078, 768245.3 2379094, 768266.9 2379109, 768289.2 2379122, 768312.2 2379135, 768335.9 2379146, 768360 2379156, 768384.7 2379165, 768409.8 2379172, 768435.3 2379178, 768461 2379183, 768487 2379187, 768513.1 2379189, 768539.2 2379189, 768565.4 2379189, 768591.5 2379187, 768617.5 2379183, 768643.2 2379178, 768668.6 2379172, 768693.7 2379165, 768718.4 2379156, 768742.6 2379146, 768766.2 2379135, 768789.2 2379122, 768811.6 2379109, 768833.1 2379094, 768853.9 2379078, 768873.8 2379061, 768892.8 2379043, 768910.8 2379024, 768927.8 2379004, 768943.7 2378983, 768958.6 2378962, 768972.2 2378939, 768984.7 2378916, 768996 2378893, 769006 2378869, 769014.8 2378844, 769022.2 2378819, 769028.3 2378793, 769033.1 2378768, 769036.5 2378742, 769038.5 2378716, 769039.2 2378689))"
5,20260514,Forest,6132,233.80223404901614,1.5049730036942313,1,Dai,土葬,有,1,0,0,228,207.5661965933815,1781.2064139303154,656.56951904296875,5.205219745635986,337.51221410604506,900,6300,0.3305417594080126,1,42,900,1,0,0,1,0,0.9239610905815182,-0.38248647439015615,8.721276239991704,5.454475604377329,0.40877496029525895,"POLYGON ((768844.1 2378268, 768843.4 2378242, 768841.3 2378216, 768837.9 2378190, 768833.1 2378164, 768827 2378138, 768819.6 2378113, 768810.9 2378089, 768800.8 2378064, 768789.6 2378041, 768777.1 2378018, 768763.4 2377996, 768748.6 2377974, 768732.6 2377953, 768715.6 2377933, 768697.6 2377914, 768678.6 2377896, 768658.7 2377879, 768638 2377863, 768616.4 2377849, 768594.1 2377835, 768571.1 2377822, 768547.4 2377811, 768523.2 2377801, 768498.6 2377792, 768473.5 2377785, 768448 2377779, 768422.3 2377774, 768396.3 2377771, 768370.2 2377769, 768344.1 2377768, 768317.9 2377769, 768291.8 2377771, 768265.8 2377774, 768240.1 2377779, 768214.7 2377785, 768189.6 2377792, 768164.9 2377801, 768140.7 2377811, 768117.1 2377822, 768094.1 2377835, 768071.7 2377849, 768050.2 2377863, 768029.4 2377879, 768009.5 2377896, 767990.5 2377914, 767972.5 2377933, 767955.5 2377953, 767939.6 2377974, 767924.7 2377996, 767911.1 2378018, 767898.6 2378041, 767887.3 2378064, 767877.3 2378089, 767868.5 2378113, 767861.1 2378138, 767855 2378164, 767850.2 2378190, 767846.8 2378216, 767844.7 2378242, 767844.1 2378268, 767844.7 2378294, 767846.8 2378320, 767850.2 2378346, 767855 2378372, 767861.1 2378397, 767868.5 2378422, 767877.3 2378447, 767887.3 2378471, 767898.6 2378495, 767911.1 2378518, 767924.7 2378540, 767939.6 2378562, 767955.5 2378583, 767972.5 2378602, 767990.5 2378621, 768009.5 2378639, 768029.4 2378656, 768050.2 2378672, 768071.7 2378687, 768094.1 2378701, 768117.1 2378713, 768140.7 2378725, 768164.9 2378735, 768189.6 2378743, 768214.7 2378751, 768240.1 2378757, 768265.8 2378762, 768291.8 2378765, 768317.9 2378767, 768344.1 2378768, 768370.2 2378767, 768396.3 2378765, 768422.3 2378762, 768448 2378757, 768473.5 2378751, 768498.6 2378743, 768523.2 2378735, 768547.4 2378725, 768571.1 2378713, 768594.1 2378701, 768616.4 2378687, 768638 2378672, 768658.7 2378656, 768678.6 2378639, 768697.6 2378621, 768715.6 2378602, 768732.6 2378583, 768748.6 2378562, 768763.4 2378540, 768777.1 2378518, 768789.6 2378495, 768800.8 2378471, 768810.9 2378447, 768819.6 2378422, 768827 2378397, 768833.1 2378372, 768837.9 2378346, 768841.3 2378320, 768843.4 2378294, 768844.1 2378268))"
5,20260514,Forest,6215.315315315314,26.94583142792417,4.228671328671329,1,Dai,火葬,无,1,0,0,241,71.7399050593063,605.4780499761498,1144.9384765625,4.1127495765686035,241.81143381399454,308323.05908203125,0,0.3274534091708512,1,44,0,0,66967.31414794922,0.21719852659522346,1,0,-0.47237488457083177,-0.881397735660067,8.734771737221866,3.2938286073920278,1.4418878370192598,"POLYGON ((737730.6 2491310, 737730 2491284, 737727.9 2491258, 737724.5 2491232, 737719.7 2491206, 737713.6 2491181, 737706.2 2491156, 737697.4 2491131, 737687.4 2491107, 737676.2 2491083, 737663.7 2491060, 737650 2491038, 737635.2 2491016, 737619.2 2490996, 737602.2 2490976, 737584.2 2490957, 737565.2 2490939, 737545.3 2490922, 737524.5 2490906, 737503 2490891, 737480.6 2490877, 737457.6 2490865, 737434 2490854, 737409.8 2490844, 737385.2 2490835, 737360.1 2490827, 737334.6 2490821, 737308.9 2490817, 737282.9 2490813, 737256.8 2490811, 737230.6 2490810, 737204.5 2490811, 737178.4 2490813, 737152.4 2490817, 737126.7 2490821, 737101.2 2490827, 737076.1 2490835, 737051.5 2490844, 737027.3 2490854, 737003.7 2490865, 736980.6 2490877, 736958.3 2490891, 736936.8 2490906, 736916 2490922, 736896.1 2490939, 736877.1 2490957, 736859.1 2490976, 736842.1 2490996, 736826.1 2491016, 736811.3 2491038, 736797.6 2491060, 736785.1 2491083, 736773.9 2491107, 736763.9 2491131, 736755.1 2491156, 736747.7 2491181, 736741.6 2491206, 736736.8 2491232, 736733.4 2491258, 736731.3 2491284, 736730.6 2491310, 736731.3 2491337, 736733.4 2491363, 736736.8 2491389, 736741.6 2491414, 736747.7 2491440, 736755.1 2491465, 736763.9 2491490, 736773.9 2491514, 736785.1 2491537, 736797.6 2491560, 736811.3 2491583, 736826.1 2491604, 736842.1 2491625, 736859.1 2491645, 736877.1 2491664, 736896.1 2491682, 736916 2491699, 736936.8 2491715, 736958.3 2491730, 736980.6 2491743, 737003.7 2491756, 737027.3 2491767, 737051.5 2491777, 737076.1 2491786, 737101.2 2491793, 737126.7 2491799, 737152.4 2491804, 737178.4 2491808, 737204.5 2491810, 737230.6 2491810, 737256.8 2491810, 737282.9 2491808, 737308.9 2491804, 737334.6 2491799, 737360.1 2491793, 737385.2 2491786, 737409.8 2491777, 737434 2491767, 737457.6 2491756, 737480.6 2491743, 737503 2491730, 737524.5 2491715, 737545.3 2491699, 737565.2 2491682, 737584.2 2491664, 737602.2 2491645, 737619.2 2491625, 737635.2 2491604, 737650 2491583, 737663.7 2491560, 737676.2 2491537, 737687.4 2491514, 737697.4 2491490, 737706.2 2491465, 737713.6 2491440, 737719.7 2491414, 737724.5 2491389, 737727.9 2491363, 737730 2491337, 737730.6 2491310))"
5,20260514,Forest,6109.060402684564,16.49307014828121,2.182649842271293,1,Dai,火葬,无,1,0,0,250,571.8095909667991,690.7170416910553,870.3758544921875,11.08084774017334,256.54987472412,424005.77087402344,40407.6358795166,0.17279739941417244,1,47,92422.74627685547,0.21797520841836662,253220.74584960938,0.59721061184529,1,0,-0.23259884874941203,-0.9725727610623527,8.717528260092221,2.802940301672347,0.7805396626274846,"POLYGON ((719551.1 2474519, 719550.4 2474493, 719548.4 2474467, 719544.9 2474441, 719540.2 2474415, 719534.1 2474390, 719526.6 2474365, 719517.9 2474340, 719507.9 2474316, 719496.6 2474292, 719484.1 2474269, 719470.4 2474247, 719455.6 2474225, 719439.7 2474205, 719422.7 2474185, 719404.7 2474166, 719385.7 2474148, 719365.8 2474131, 719345 2474115, 719323.4 2474100, 719301.1 2474086, 719278.1 2474074, 719254.5 2474062, 719230.3 2474052, 719205.6 2474044, 719180.5 2474036, 719155.1 2474030, 719129.3 2474025, 719103.4 2474022, 719077.3 2474020, 719051.1 2474019, 719024.9 2474020, 718998.8 2474022, 718972.9 2474025, 718947.1 2474030, 718921.7 2474036, 718896.6 2474044, 718871.9 2474052, 718847.7 2474062, 718824.1 2474074, 718801.1 2474086, 718778.8 2474100, 718757.2 2474115, 718736.4 2474131, 718716.5 2474148, 718697.5 2474166, 718679.5 2474185, 718662.5 2474205, 718646.6 2474225, 718631.8 2474247, 718618.1 2474269, 718605.6 2474292, 718594.3 2474316, 718584.3 2474340, 718575.6 2474365, 718568.1 2474390, 718562 2474415, 718557.3 2474441, 718553.8 2474467, 718551.8 2474493, 718551.1 2474519, 718551.8 2474545, 718553.8 2474571, 718557.3 2474597, 718562 2474623, 718568.1 2474649, 718575.6 2474674, 718584.3 2474698, 718594.3 2474723, 718605.6 2474746, 718618.1 2474769, 718631.8 2474792, 718646.6 2474813, 718662.5 2474834, 718679.5 2474854, 718697.5 2474873, 718716.5 2474891, 718736.4 2474908, 718757.2 2474924, 718778.8 2474939, 718801.1 2474952, 718824.1 2474965, 718847.7 2474976, 718871.9 2474986, 718896.6 2474995, 718921.7 2475002, 718947.1 2475008, 718972.9 2475013, 718998.8 2475016, 719024.9 2475018, 719051.1 2475019, 719077.3 2475018, 719103.4 2475016, 719129.3 2475013, 719155.1 2475008, 719180.5 2475002, 719205.6 2474995, 719230.3 2474986, 719254.5 2474976, 719278.1 2474965, 719301.1 2474952, 719323.4 2474939, 719345 2474924, 719365.8 2474908, 719385.7 2474891, 719404.7 2474873, 719422.7 2474854, 719439.7 2474834, 719455.6 2474813, 719470.4 2474792, 719484.1 2474769, 719496.6 2474746, 719507.9 2474723, 719517.9 2474698, 719526.6 2474674, 719534.1 2474649, 719540.2 2474623, 719544.9 2474597, 719548.4 2474571, 719550.4 2474545, 719551.1 2474519))"
5,20260514,Forest,6383.3892617449665,33.70123791548138,2.8425728500355367,1,Dai,火葬,无,1,0,0,258,110.83350322704884,489.11690462465396,920.61004638671875,8.634428977966309,161.93747485022152,109063.6001586914,287055.97229003906,0.45400501121543885,1,49,104628.91387939453,0.9593385302443322,0,0,1,0,-0.9507187291782956,0.3100546693562391,8.761454467533365,3.517534570080735,1.0447095751744875,"POLYGON ((711455.6 2495577, 711454.9 2495551, 711452.9 2495525, 711449.5 2495499, 711444.7 2495473, 711438.6 2495448, 711431.1 2495423, 711422.4 2495398, 711412.4 2495374, 711401.1 2495350, 711388.6 2495327, 711375 2495305, 711360.1 2495283, 711344.2 2495262, 711327.2 2495243, 711309.2 2495224, 711290.2 2495206, 711270.3 2495189, 711249.5 2495173, 711227.9 2495158, 711205.6 2495144, 711182.6 2495132, 711159 2495120, 711134.8 2495110, 711110.1 2495102, 711085 2495094, 711059.6 2495088, 711033.8 2495083, 711007.9 2495080, 710981.8 2495078, 710955.6 2495077, 710929.5 2495078, 710903.4 2495080, 710877.4 2495083, 710851.7 2495088, 710826.2 2495094, 710801.1 2495102, 710776.4 2495110, 710752.3 2495120, 710728.6 2495132, 710705.6 2495144, 710683.3 2495158, 710661.7 2495173, 710641 2495189, 710621.1 2495206, 710602.1 2495224, 710584 2495243, 710567 2495262, 710551.1 2495283, 710536.3 2495305, 710522.6 2495327, 710510.1 2495350, 710498.8 2495374, 710488.8 2495398, 710480.1 2495423, 710472.7 2495448, 710466.5 2495473, 710461.8 2495499, 710458.4 2495525, 710456.3 2495551, 710455.6 2495577, 710456.3 2495603, 710458.4 2495629, 710461.8 2495655, 710466.5 2495681, 710472.7 2495707, 710480.1 2495732, 710488.8 2495756, 710498.8 2495781, 710510.1 2495804, 710522.6 2495827, 710536.3 2495849, 710551.1 2495871, 710567 2495892, 710584 2495912, 710602.1 2495931, 710621.1 2495949, 710641 2495966, 710661.7 2495982, 710683.3 2495996, 710705.6 2496010, 710728.6 2496023, 710752.3 2496034, 710776.4 2496044, 710801.1 2496053, 710826.2 2496060, 710851.7 2496066, 710877.4 2496071, 710903.4 2496074, 710929.5 2496076, 710955.6 2496077, 710981.8 2496076, 711007.9 2496074, 711033.8 2496071, 711059.6 2496066, 711085 2496060, 711110.1 2496053, 711134.8 2496044, 711159 2496034, 711182.6 2496023, 711205.6 2496010, 711227.9 2495996, 711249.5 2495982, 711270.3 2495966, 711290.2 2495949, 711309.2 2495931, 711327.2 2495912, 711344.2 2495892, 711360.1 2495871, 711375 2495849, 711388.6 2495827, 711401.1 2495804, 711412.4 2495781, 711422.4 2495756, 711431.1 2495732, 711438.6 2495707, 711444.7 2495681, 711449.5 2495655, 711452.9 2495629, 711454.9 2495603, 711455.6 2495577))"
5,20260514,Forest,6175.335570469799,21.769282139453722,3.3278787878787877,1,Dai,火葬,无,1,0,0,259,201.7882874807375,844.8506438640595,903.98590087890625,6.9688897132873535,133.2807772130688,12237.792778015137,92309.326171875,0.2945233996464239,1,50,9331.69355392456,0.7625307703108599,2906.0994386672974,0.23746924722307983,1,0,-0.6855741459016129,0.7280028093841905,8.728318503415547,3.0804998999418083,1.2023351003842462,"POLYGON ((712546.9 2494900, 712546.2 2494874, 712544.1 2494848, 712540.7 2494822, 712536 2494796, 712529.8 2494771, 712522.4 2494746, 712513.7 2494721, 712503.7 2494697, 712492.4 2494673, 712479.9 2494650, 712466.2 2494628, 712451.4 2494606, 712435.5 2494586, 712418.5 2494566, 712400.4 2494547, 712381.4 2494529, 712361.5 2494512, 712340.8 2494496, 712319.2 2494481, 712296.9 2494467, 712273.9 2494455, 712250.2 2494443, 712226.1 2494433, 712201.4 2494425, 712176.3 2494417, 712150.8 2494411, 712125.1 2494406, 712099.1 2494403, 712073 2494401, 712046.9 2494400, 712020.7 2494401, 711994.6 2494403, 711968.7 2494406, 711942.9 2494411, 711917.5 2494417, 711892.4 2494425, 711867.7 2494433, 711843.5 2494443, 711819.9 2494455, 711796.9 2494467, 711774.6 2494481, 711753 2494496, 711732.2 2494512, 711712.3 2494529, 711693.3 2494547, 711675.3 2494566, 711658.3 2494586, 711642.4 2494606, 711627.5 2494628, 711613.9 2494650, 711601.4 2494673, 711590.1 2494697, 711580.1 2494721, 711571.3 2494746, 711563.9 2494771, 711557.8 2494796, 711553 2494822, 711549.6 2494848, 711547.6 2494874, 711546.9 2494900, 711547.6 2494926, 711549.6 2494953, 711553 2494978, 711557.8 2495004, 711563.9 2495030, 711571.3 2495055, 711580.1 2495079, 711590.1 2495104, 711601.4 2495127, 711613.9 2495150, 711627.5 2495173, 711642.4 2495194, 711658.3 2495215, 711675.3 2495235, 711693.3 2495254, 711712.3 2495272, 711732.2 2495289, 711753 2495305, 711774.6 2495320, 711796.9 2495333, 711819.9 2495346, 711843.5 2495357, 711867.7 2495367, 711892.4 2495376, 711917.5 2495383, 711942.9 2495389, 711968.7 2495394, 711994.6 2495398, 712020.7 2495400, 712046.9 2495400, 712073 2495400, 712099.1 2495398, 712125.1 2495394, 712150.8 2495389, 712176.3 2495383, 712201.4 2495376, 712226.1 2495367, 712250.2 2495357, 712273.9 2495346, 712296.9 2495333, 712319.2 2495320, 712340.8 2495305, 712361.5 2495289, 712381.4 2495272, 712400.4 2495254, 712418.5 2495235, 712435.5 2495215, 712451.4 2495194, 712466.2 2495173, 712479.9 2495150, 712492.4 2495127, 712503.7 2495104, 712513.7 2495079, 712522.4 2495055, 712529.8 2495030, 712536 2495004, 712540.7 2494978, 712544.1 2494953, 712546.2 2494926, 712546.9 2494900))"
5,20260514,Forest,7630.691399662732,27.6544837918879,1.344620015048909,1,Dai,火葬,无,1,0,0,318,439.51684637399654,1564.8097481804343,579.0496826171875,17.47246551513672,189.5360036458489,26100,474641.7297363281,0.047076544773606246,1,51,9900,0.3793103448275862,0,0,1,0,-0.9861816938481208,-0.16566733751361865,8.939933736118437,3.3197878772766924,0.2961114564461827,"POLYGON ((712883.7 2414857, 712883 2414831, 712880.9 2414805, 712877.5 2414779, 712872.7 2414753, 712866.6 2414728, 712859.2 2414703, 712850.5 2414678, 712840.4 2414654, 712829.2 2414630, 712816.7 2414607, 712803 2414585, 712788.2 2414563, 712772.2 2414542, 712755.2 2414522, 712737.2 2414503, 712718.2 2414485, 712698.3 2414468, 712677.6 2414453, 712656 2414438, 712633.7 2414424, 712610.7 2414412, 712587 2414400, 712562.8 2414390, 712538.2 2414381, 712513.1 2414374, 712487.6 2414368, 712461.9 2414363, 712435.9 2414360, 712409.8 2414358, 712383.7 2414357, 712357.5 2414358, 712331.4 2414360, 712305.4 2414363, 712279.7 2414368, 712254.3 2414374, 712229.2 2414381, 712204.5 2414390, 712180.3 2414400, 712156.7 2414412, 712133.7 2414424, 712111.3 2414438, 712089.8 2414453, 712069 2414468, 712049.1 2414485, 712030.1 2414503, 712012.1 2414522, 711995.1 2414542, 711979.2 2414563, 711964.3 2414585, 711950.6 2414607, 711938.2 2414630, 711926.9 2414654, 711916.9 2414678, 711908.1 2414703, 711900.7 2414728, 711894.6 2414753, 711889.8 2414779, 711886.4 2414805, 711884.3 2414831, 711883.7 2414857, 711884.3 2414883, 711886.4 2414909, 711889.8 2414935, 711894.6 2414961, 711900.7 2414986, 711908.1 2415012, 711916.9 2415036, 711926.9 2415060, 711938.2 2415084, 711950.6 2415107, 711964.3 2415129, 711979.2 2415151, 711995.1 2415172, 712012.1 2415192, 712030.1 2415211, 712049.1 2415229, 712069 2415246, 712089.8 2415262, 712111.3 2415276, 712133.7 2415290, 712156.7 2415303, 712180.3 2415314, 712204.5 2415324, 712229.2 2415333, 712254.3 2415340, 712279.7 2415346, 712305.4 2415351, 712331.4 2415354, 712357.5 2415356, 712383.7 2415357, 712409.8 2415356, 712435.9 2415354, 712461.9 2415351, 712487.6 2415346, 712513.1 2415340, 712538.2 2415333, 712562.8 2415324, 712587 2415314, 712610.7 2415303, 712633.7 2415290, 712656 2415276, 712677.6 2415262, 712698.3 2415246, 712718.2 2415229, 712737.2 2415211, 712755.2 2415192, 712772.2 2415172, 712788.2 2415151, 712803 2415129, 712816.7 2415107, 712829.2 2415084, 712840.4 2415060, 712850.5 2415036, 712859.2 2415012, 712866.6 2414986, 712872.7 2414961, 712877.5 2414935, 712880.9 2414909, 712883 2414883, 712883.7 2414857))"
5,20260514,Forest,7630.691399662732,27.6544837918879,1.344620015048909,1,Dai,火葬,有,1,0,0,321,90.82509645872813,257.3323728060716,983.46197509765625,17.320606231689453,97.60261837448417,84227.508544921875,117528.22265625,0.042885756647806354,1,52,84227.508544921875,1,0,0,1,0,-0.13230168793152902,0.9912094951978963,8.939933736118437,3.3197878772766924,0.2961114564461827,"POLYGON ((714961.3 2417246, 714960.6 2417220, 714958.6 2417194, 714955.2 2417168, 714950.4 2417142, 714944.3 2417117, 714936.9 2417091, 714928.1 2417067, 714918.1 2417043, 714906.8 2417019, 714894.3 2416996, 714880.7 2416974, 714865.8 2416952, 714849.9 2416931, 714832.9 2416911, 714814.9 2416892, 714795.9 2416874, 714776 2416857, 714755.2 2416841, 714733.6 2416827, 714711.3 2416813, 714688.3 2416800, 714664.7 2416789, 714640.5 2416779, 714615.8 2416770, 714590.7 2416763, 714565.3 2416757, 714539.5 2416752, 714513.6 2416749, 714487.5 2416747, 714461.3 2416746, 714435.2 2416747, 714409.1 2416749, 714383.1 2416752, 714357.4 2416757, 714331.9 2416763, 714306.8 2416770, 714282.1 2416779, 714258 2416789, 714234.3 2416800, 714211.3 2416813, 714189 2416827, 714167.4 2416841, 714146.7 2416857, 714126.8 2416874, 714107.8 2416892, 714089.8 2416911, 714072.8 2416931, 714056.8 2416952, 714042 2416974, 714028.3 2416996, 714015.8 2417019, 714004.6 2417043, 713994.5 2417067, 713985.8 2417091, 713978.4 2417117, 713972.3 2417142, 713967.5 2417168, 713964.1 2417194, 713962 2417220, 713961.3 2417246, 713962 2417272, 713964.1 2417298, 713967.5 2417324, 713972.3 2417350, 713978.4 2417375, 713985.8 2417400, 713994.5 2417425, 714004.6 2417449, 714015.8 2417473, 714028.3 2417496, 714042 2417518, 714056.8 2417540, 714072.8 2417561, 714089.8 2417581, 714107.8 2417600, 714126.8 2417618, 714146.7 2417635, 714167.4 2417650, 714189 2417665, 714211.3 2417679, 714234.3 2417691, 714258 2417703, 714282.1 2417713, 714306.8 2417721, 714331.9 2417729, 714357.4 2417735, 714383.1 2417740, 714409.1 2417743, 714435.2 2417745, 714461.3 2417746, 714487.5 2417745, 714513.6 2417743, 714539.5 2417740, 714565.3 2417735, 714590.7 2417729, 714615.8 2417721, 714640.5 2417713, 714664.7 2417703, 714688.3 2417691, 714711.3 2417679, 714733.6 2417665, 714755.2 2417650, 714776 2417635, 714795.9 2417618, 714814.9 2417600, 714832.9 2417581, 714849.9 2417561, 714865.8 2417540, 714880.7 2417518, 714894.3 2417496, 714906.8 2417473, 714918.1 2417449, 714928.1 2417425, 714936.9 2417400, 714944.3 2417375, 714950.4 2417350, 714955.2 2417324, 714958.6 2417298, 714960.6 2417272, 714961.3 2417246))"
5,20260514,Forest,7630.691399662732,27.6544837918879,1.344620015048909,1,Dai,火葬,有,1,0,0,322,26.005140311125437,188.97747462443573,1008.5733642578125,17.069568634033203,21.937184031210283,128013.78021240234,152107.82775878906,0.046179087499617064,1,53,114459.96780395508,0.8941222391373914,13553.815841674805,0.1058777876818114,1,0,0.9275939955041993,0.37358985465956573,8.939933736118437,3.3197878772766924,0.2961114564461827,"POLYGON ((714910.1 2417356, 714909.4 2417330, 714907.4 2417304, 714904 2417278, 714899.2 2417252, 714893.1 2417227, 714885.7 2417202, 714876.9 2417177, 714866.9 2417153, 714855.6 2417129, 714843.1 2417106, 714829.5 2417084, 714814.6 2417062, 714798.7 2417042, 714781.7 2417022, 714763.7 2417003, 714744.7 2416985, 714724.8 2416968, 714704 2416952, 714682.4 2416937, 714660.1 2416923, 714637.1 2416911, 714613.5 2416900, 714589.3 2416890, 714564.6 2416881, 714539.5 2416873, 714514.1 2416867, 714488.3 2416863, 714462.4 2416859, 714436.3 2416857, 714410.1 2416856, 714384 2416857, 714357.9 2416859, 714331.9 2416863, 714306.2 2416867, 714280.7 2416873, 714255.6 2416881, 714230.9 2416890, 714206.8 2416900, 714183.1 2416911, 714160.1 2416923, 714137.8 2416937, 714116.2 2416952, 714095.5 2416968, 714075.6 2416985, 714056.6 2417003, 714038.6 2417022, 714021.6 2417042, 714005.6 2417062, 713990.8 2417084, 713977.1 2417106, 713964.6 2417129, 713953.4 2417153, 713943.3 2417177, 713934.6 2417202, 713927.2 2417227, 713921.1 2417252, 713916.3 2417278, 713912.9 2417304, 713910.8 2417330, 713910.1 2417356, 713910.8 2417383, 713912.9 2417409, 713916.3 2417435, 713921.1 2417460, 713927.2 2417486, 713934.6 2417511, 713943.3 2417536, 713953.4 2417560, 713964.6 2417583, 713977.1 2417606, 713990.8 2417629, 714005.6 2417650, 714021.6 2417671, 714038.6 2417691, 714056.6 2417710, 714075.6 2417728, 714095.5 2417745, 714116.2 2417761, 714137.8 2417776, 714160.1 2417789, 714183.1 2417802, 714206.8 2417813, 714230.9 2417823, 714255.6 2417832, 714280.7 2417839, 714306.2 2417845, 714331.9 2417850, 714357.9 2417854, 714384 2417856, 714410.1 2417856, 714436.3 2417856, 714462.4 2417854, 714488.3 2417850, 714514.1 2417845, 714539.5 2417839, 714564.6 2417832, 714589.3 2417823, 714613.5 2417813, 714637.1 2417802, 714660.1 2417789, 714682.4 2417776, 714704 2417761, 714724.8 2417745, 714744.7 2417728, 714763.7 2417710, 714781.7 2417691, 714798.7 2417671, 714814.6 2417650, 714829.5 2417629, 714843.1 2417606, 714855.6 2417583, 714866.9 2417560, 714876.9 2417536, 714885.7 2417511, 714893.1 2417486, 714899.2 2417460, 714904 2417435, 714907.4 2417409, 714909.4 2417383, 714910.1 2417356))"
5,20260514,Forest,7124.137931034484,51.67247087351391,2.2232954545454544,1,Dai,火葬,无,1,0,0,365,31.03788091482125,1649.59586800577,1080.351318359375,2.5733065605163574,269.3848377328124,46537.60185241699,0,0.0818057378081118,1,54,0,0,27263.057327270508,0.5858285825240598,1,0,-0.010736400721067872,-0.9999423631887773,8.871244005681202,3.944925161428895,0.798990534178215,"POLYGON ((639679.7 2450694, 639679 2450667, 639676.9 2450641, 639673.5 2450615, 639668.7 2450590, 639662.6 2450564, 639655.2 2450539, 639646.5 2450514, 639636.4 2450490, 639625.2 2450467, 639612.7 2450444, 639599 2450421, 639584.2 2450400, 639568.2 2450379, 639551.2 2450359, 639533.2 2450340, 639514.2 2450322, 639494.3 2450305, 639473.6 2450289, 639452 2450274, 639429.7 2450261, 639406.7 2450248, 639383 2450237, 639358.8 2450227, 639334.2 2450218, 639309.1 2450211, 639283.6 2450205, 639257.9 2450200, 639231.9 2450196, 639205.8 2450194, 639179.7 2450194, 639153.5 2450194, 639127.4 2450196, 639101.4 2450200, 639075.7 2450205, 639050.3 2450211, 639025.2 2450218, 639000.5 2450227, 638976.3 2450237, 638952.7 2450248, 638929.7 2450261, 638907.3 2450274, 638885.8 2450289, 638865 2450305, 638845.1 2450322, 638826.1 2450340, 638808.1 2450359, 638791.1 2450379, 638775.2 2450400, 638760.3 2450421, 638746.7 2450444, 638734.2 2450467, 638722.9 2450490, 638712.9 2450514, 638704.1 2450539, 638696.7 2450564, 638690.6 2450590, 638685.8 2450615, 638682.4 2450641, 638680.3 2450667, 638679.7 2450694, 638680.3 2450720, 638682.4 2450746, 638685.8 2450772, 638690.6 2450798, 638696.7 2450823, 638704.1 2450848, 638712.9 2450873, 638722.9 2450897, 638734.2 2450921, 638746.7 2450944, 638760.3 2450966, 638775.2 2450988, 638791.1 2451008, 638808.1 2451028, 638826.1 2451047, 638845.1 2451065, 638865 2451082, 638885.8 2451098, 638907.3 2451113, 638929.7 2451127, 638952.7 2451139, 638976.3 2451150, 639000.5 2451160, 639025.2 2451169, 639050.3 2451177, 639075.7 2451183, 639101.4 2451188, 639127.4 2451191, 639153.5 2451193, 639179.7 2451194, 639205.8 2451193, 639231.9 2451191, 639257.9 2451188, 639283.6 2451183, 639309.1 2451177, 639334.2 2451169, 639358.8 2451160, 639383 2451150, 639406.7 2451139, 639429.7 2451127, 639452 2451113, 639473.6 2451098, 639494.3 2451082, 639514.2 2451065, 639533.2 2451047, 639551.2 2451028, 639568.2 2451008, 639584.2 2450988, 639599 2450966, 639612.7 2450944, 639625.2 2450921, 639636.4 2450897, 639646.5 2450873, 639655.2 2450848, 639662.6 2450823, 639668.7 2450798, 639673.5 2450772, 639676.9 2450746, 639679 2450720, 639679.7 2450694))"
5,20260514,Forest,7124.137931034484,51.67247087351391,2.2232954545454544,1,Dai,火葬,有,1,0,0,366,436.48263577131183,453.80153501937224,1074.3531494140625,2.844439744949341,280.77570258519967,55212.04605102539,0,0.45464050166952974,1,55,0,0,32555.82733154297,0.5896508037658269,1,0,0.18696473930493615,-0.9823666251744495,8.871244005681202,3.944925161428895,0.798990534178215,"POLYGON ((638844.6 2451773, 638843.9 2451746, 638841.8 2451720, 638838.4 2451694, 638833.6 2451669, 638827.5 2451643, 638820.1 2451618, 638811.4 2451593, 638801.3 2451569, 638790.1 2451546, 638777.6 2451523, 638763.9 2451500, 638749.1 2451479, 638733.1 2451458, 638716.1 2451438, 638698.1 2451419, 638679.1 2451401, 638659.2 2451384, 638638.5 2451368, 638616.9 2451353, 638594.6 2451340, 638571.6 2451327, 638547.9 2451316, 638523.8 2451306, 638499.1 2451297, 638474 2451290, 638448.5 2451284, 638422.8 2451279, 638396.8 2451275, 638370.7 2451273, 638344.6 2451273, 638318.4 2451273, 638292.3 2451275, 638266.4 2451279, 638240.6 2451284, 638215.2 2451290, 638190.1 2451297, 638165.4 2451306, 638141.2 2451316, 638117.6 2451327, 638094.6 2451340, 638072.3 2451353, 638050.7 2451368, 638029.9 2451384, 638010 2451401, 637991 2451419, 637973 2451438, 637956 2451458, 637940.1 2451479, 637925.2 2451500, 637911.6 2451523, 637899.1 2451546, 637887.8 2451569, 637877.8 2451593, 637869 2451618, 637861.6 2451643, 637855.5 2451669, 637850.7 2451694, 637847.3 2451720, 637845.3 2451746, 637844.6 2451773, 637845.3 2451799, 637847.3 2451825, 637850.7 2451851, 637855.5 2451877, 637861.6 2451902, 637869 2451927, 637877.8 2451952, 637887.8 2451976, 637899.1 2452000, 637911.6 2452023, 637925.2 2452045, 637940.1 2452067, 637956 2452087, 637973 2452107, 637991 2452126, 638010 2452144, 638029.9 2452161, 638050.7 2452177, 638072.3 2452192, 638094.6 2452206, 638117.6 2452218, 638141.2 2452229, 638165.4 2452239, 638190.1 2452248, 638215.2 2452256, 638240.6 2452262, 638266.4 2452266, 638292.3 2452270, 638318.4 2452272, 638344.6 2452273, 638370.7 2452272, 638396.8 2452270, 638422.8 2452266, 638448.5 2452262, 638474 2452256, 638499.1 2452248, 638523.8 2452239, 638547.9 2452229, 638571.6 2452218, 638594.6 2452206, 638616.9 2452192, 638638.5 2452177, 638659.2 2452161, 638679.1 2452144, 638698.1 2452126, 638716.1 2452107, 638733.1 2452087, 638749.1 2452067, 638763.9 2452045, 638777.6 2452023, 638790.1 2452000, 638801.3 2451976, 638811.4 2451952, 638820.1 2451927, 638827.5 2451902, 638833.6 2451877, 638838.4 2451851, 638841.8 2451825, 638843.9 2451799, 638844.6 2451773))"
5,20260514,Forest,7124.137931034484,51.67247087351391,2.2232954545454544,1,Dai,火葬,有,1,0,0,367,696.8669523772945,504.1778299764359,1075.818603515625,4.011298179626465,160.74234304087773,164943.81408691406,0,0.21284033094185856,1,56,0,0,70020.73745727539,0.4245126611439897,1,0,-0.9440449523857432,0.3298168095701006,8.871244005681202,3.944925161428895,0.798990534178215,"POLYGON ((638562.8 2453257, 638562.1 2453231, 638560 2453205, 638556.6 2453179, 638551.8 2453154, 638545.7 2453128, 638538.3 2453103, 638529.6 2453078, 638519.5 2453054, 638508.3 2453030, 638495.8 2453007, 638482.1 2452985, 638467.3 2452964, 638451.3 2452943, 638434.3 2452923, 638416.3 2452904, 638397.3 2452886, 638377.4 2452869, 638356.7 2452853, 638335.1 2452838, 638312.8 2452824, 638289.8 2452812, 638266.1 2452801, 638242 2452791, 638217.3 2452782, 638192.2 2452775, 638166.7 2452768, 638141 2452764, 638115 2452760, 638088.9 2452758, 638062.8 2452757, 638036.6 2452758, 638010.5 2452760, 637984.6 2452764, 637958.8 2452768, 637933.4 2452775, 637908.3 2452782, 637883.6 2452791, 637859.4 2452801, 637835.8 2452812, 637812.8 2452824, 637790.5 2452838, 637768.9 2452853, 637748.1 2452869, 637728.2 2452886, 637709.2 2452904, 637691.2 2452923, 637674.2 2452943, 637658.3 2452964, 637643.4 2452985, 637629.8 2453007, 637617.3 2453030, 637606 2453054, 637596 2453078, 637587.2 2453103, 637579.8 2453128, 637573.7 2453154, 637568.9 2453179, 637565.5 2453205, 637563.5 2453231, 637562.8 2453257, 637563.5 2453284, 637565.5 2453310, 637568.9 2453336, 637573.7 2453361, 637579.8 2453387, 637587.2 2453412, 637596 2453437, 637606 2453461, 637617.3 2453484, 637629.8 2453507, 637643.4 2453530, 637658.3 2453551, 637674.2 2453572, 637691.2 2453592, 637709.2 2453611, 637728.2 2453629, 637748.1 2453646, 637768.9 2453662, 637790.5 2453677, 637812.8 2453690, 637835.8 2453703, 637859.4 2453714, 637883.6 2453724, 637908.3 2453733, 637933.4 2453740, 637958.8 2453747, 637984.6 2453751, 638010.5 2453755, 638036.6 2453757, 638062.8 2453757, 638088.9 2453757, 638115 2453755, 638141 2453751, 638166.7 2453747, 638192.2 2453740, 638217.3 2453733, 638242 2453724, 638266.1 2453714, 638289.8 2453703, 638312.8 2453690, 638335.1 2453677, 638356.7 2453662, 638377.4 2453646, 638397.3 2453629, 638416.3 2453611, 638434.3 2453592, 638451.3 2453572, 638467.3 2453551, 638482.1 2453530, 638495.8 2453507, 638508.3 2453484, 638519.5 2453461, 638529.6 2453437, 638538.3 2453412, 638545.7 2453387, 638551.8 2453361, 638556.6 2453336, 638560 2453310, 638562.1 2453284, 638562.8 2453257))"
5,20260514,Forest,5138.793103448276,33.26277154901823,2.497802636835797,1,Dai,火葬,无,1,0,0,371,51.254423608818236,912.2386038484025,797.70654296875,5.329923629760742,101.64949248992902,6149.246549606323,198785.1104736328,0.5959486585739312,1,57,0,0,4349.246549606323,0.7072812115306653,1,0,-0.20192400988620832,0.979401191663291,8.544573526101653,3.5044388000891455,0.915411400109593,"POLYGON ((650682.6 2478782, 650681.9 2478756, 650679.8 2478730, 650676.4 2478704, 650671.6 2478678, 650665.5 2478653, 650658.1 2478627, 650649.4 2478603, 650639.3 2478579, 650628.1 2478555, 650615.6 2478532, 650601.9 2478510, 650587.1 2478488, 650571.1 2478467, 650554.1 2478447, 650536.1 2478428, 650517.1 2478410, 650497.2 2478393, 650476.5 2478377, 650454.9 2478363, 650432.6 2478349, 650409.6 2478336, 650385.9 2478325, 650361.7 2478315, 650337.1 2478306, 650312 2478299, 650286.5 2478293, 650260.8 2478288, 650234.8 2478285, 650208.7 2478283, 650182.6 2478282, 650156.4 2478283, 650130.3 2478285, 650104.3 2478288, 650078.6 2478293, 650053.2 2478299, 650028.1 2478306, 650003.4 2478315, 649979.2 2478325, 649955.6 2478336, 649932.6 2478349, 649910.2 2478363, 649888.7 2478377, 649867.9 2478393, 649848 2478410, 649829 2478428, 649811 2478447, 649794 2478467, 649778.1 2478488, 649763.2 2478510, 649749.5 2478532, 649737.1 2478555, 649725.8 2478579, 649715.8 2478603, 649707 2478627, 649699.6 2478653, 649693.5 2478678, 649688.7 2478704, 649685.3 2478730, 649683.2 2478756, 649682.6 2478782, 649683.2 2478808, 649685.3 2478834, 649688.7 2478860, 649693.5 2478886, 649699.6 2478911, 649707 2478936, 649715.8 2478961, 649725.8 2478985, 649737.1 2479009, 649749.5 2479032, 649763.2 2479054, 649778.1 2479076, 649794 2479097, 649811 2479117, 649829 2479136, 649848 2479154, 649867.9 2479171, 649888.7 2479186, 649910.2 2479201, 649932.6 2479215, 649955.6 2479227, 649979.2 2479239, 650003.4 2479249, 650028.1 2479257, 650053.2 2479265, 650078.6 2479271, 650104.3 2479276, 650130.3 2479279, 650156.4 2479281, 650182.6 2479282, 650208.7 2479281, 650234.8 2479279, 650260.8 2479276, 650286.5 2479271, 650312 2479265, 650337.1 2479257, 650361.7 2479249, 650385.9 2479239, 650409.6 2479227, 650432.6 2479215, 650454.9 2479201, 650476.5 2479186, 650497.2 2479171, 650517.1 2479154, 650536.1 2479136, 650554.1 2479117, 650571.1 2479097, 650587.1 2479076, 650601.9 2479054, 650615.6 2479032, 650628.1 2479009, 650639.3 2478985, 650649.4 2478961, 650658.1 2478936, 650665.5 2478911, 650671.6 2478886, 650676.4 2478860, 650679.8 2478834, 650681.9 2478808, 650682.6 2478782))"
5,20260514,Forest,5041.379310344828,62.39110124860256,1.6771919932337187,1,Dai,火葬,无,1,0,0,372,231.89630666347338,1053.7498428259887,792.2310791015625,5.128676414489746,148.946017126002,9662.96911239624,100150.94833374023,0.5391115319999105,1,58,0,0,7862.96911239624,0.8137218510104879,1,0,-0.8566816623175546,0.5158454511274007,8.525434996311342,4.133422657010395,0.5171209624142838,"POLYGON ((650676.3 2478096, 650675.7 2478070, 650673.6 2478044, 650670.2 2478018, 650665.4 2477992, 650659.3 2477967, 650651.9 2477942, 650643.1 2477917, 650633.1 2477893, 650621.8 2477869, 650609.4 2477846, 650595.7 2477824, 650580.9 2477802, 650564.9 2477782, 650547.9 2477762, 650529.9 2477743, 650510.9 2477725, 650491 2477708, 650470.2 2477692, 650448.7 2477677, 650426.3 2477663, 650403.3 2477651, 650379.7 2477640, 650355.5 2477629, 650330.9 2477621, 650305.8 2477613, 650280.3 2477607, 650254.6 2477602, 650228.6 2477599, 650202.5 2477597, 650176.3 2477596, 650150.2 2477597, 650124.1 2477599, 650098.1 2477602, 650072.4 2477607, 650046.9 2477613, 650021.8 2477621, 649997.2 2477629, 649973 2477640, 649949.3 2477651, 649926.3 2477663, 649904 2477677, 649882.5 2477692, 649861.7 2477708, 649841.8 2477725, 649822.8 2477743, 649804.8 2477762, 649787.8 2477782, 649771.8 2477802, 649757 2477824, 649743.3 2477846, 649730.8 2477869, 649719.6 2477893, 649709.6 2477917, 649700.8 2477942, 649693.4 2477967, 649687.3 2477992, 649682.5 2478018, 649679.1 2478044, 649677 2478070, 649676.3 2478096, 649677 2478122, 649679.1 2478149, 649682.5 2478174, 649687.3 2478200, 649693.4 2478226, 649700.8 2478251, 649709.6 2478275, 649719.6 2478300, 649730.8 2478323, 649743.3 2478346, 649757 2478369, 649771.8 2478390, 649787.8 2478411, 649804.8 2478431, 649822.8 2478450, 649841.8 2478468, 649861.7 2478485, 649882.5 2478501, 649904 2478516, 649926.3 2478529, 649949.3 2478542, 649973 2478553, 649997.2 2478563, 650021.8 2478572, 650046.9 2478579, 650072.4 2478585, 650098.1 2478590, 650124.1 2478594, 650150.2 2478596, 650176.3 2478596, 650202.5 2478596, 650228.6 2478594, 650254.6 2478590, 650280.3 2478585, 650305.8 2478579, 650330.9 2478572, 650355.5 2478563, 650379.7 2478553, 650403.3 2478542, 650426.3 2478529, 650448.7 2478516, 650470.2 2478501, 650491 2478485, 650510.9 2478468, 650529.9 2478450, 650547.9 2478431, 650564.9 2478411, 650580.9 2478390, 650595.7 2478369, 650609.4 2478346, 650621.8 2478323, 650633.1 2478300, 650643.1 2478275, 650651.9 2478251, 650659.3 2478226, 650665.4 2478200, 650670.2 2478174, 650673.6 2478149, 650675.7 2478122, 650676.3 2478096))"
5,20260514,Forest,5041.379310344828,62.39110124860256,1.6771919932337187,1,Dai,火葬,无,1,0,0,374,206.88160862220096,412.70200861563836,830.9930419921875,9.462969779968262,284.1631638101235,462085.1806640625,10059.433937072754,0.6213800517903386,1,59,302122.7325439453,0.6538247604256964,11673.45085144043,0.02526255188418836,1,0,0.2446840664027799,-0.9696028607881683,8.525434996311342,4.133422657010395,0.5171209624142838,"POLYGON ((652106.7 2476600, 652106 2476573, 652104 2476547, 652100.6 2476521, 652095.8 2476496, 652089.7 2476470, 652082.2 2476445, 652073.5 2476420, 652063.5 2476396, 652052.2 2476373, 652039.7 2476350, 652026 2476327, 652011.2 2476306, 651995.3 2476285, 651978.3 2476265, 651960.3 2476246, 651941.3 2476228, 651921.4 2476211, 651900.6 2476195, 651879 2476180, 651856.7 2476167, 651833.7 2476154, 651810.1 2476143, 651785.9 2476133, 651761.2 2476124, 651736.1 2476117, 651710.7 2476111, 651684.9 2476106, 651659 2476102, 651632.9 2476100, 651606.7 2476100, 651580.5 2476100, 651554.4 2476102, 651528.5 2476106, 651502.8 2476111, 651477.3 2476117, 651452.2 2476124, 651427.5 2476133, 651403.3 2476143, 651379.7 2476154, 651356.7 2476167, 651334.4 2476180, 651312.8 2476195, 651292.1 2476211, 651272.1 2476228, 651253.2 2476246, 651235.1 2476265, 651218.1 2476285, 651202.2 2476306, 651187.4 2476327, 651173.7 2476350, 651161.2 2476373, 651149.9 2476396, 651139.9 2476420, 651131.2 2476445, 651123.7 2476470, 651117.6 2476496, 651112.9 2476521, 651109.5 2476547, 651107.4 2476573, 651106.7 2476600, 651107.4 2476626, 651109.5 2476652, 651112.9 2476678, 651117.6 2476704, 651123.7 2476729, 651131.2 2476754, 651139.9 2476779, 651149.9 2476803, 651161.2 2476827, 651173.7 2476850, 651187.4 2476872, 651202.2 2476894, 651218.1 2476914, 651235.1 2476934, 651253.2 2476953, 651272.1 2476971, 651292.1 2476988, 651312.8 2477004, 651334.4 2477019, 651356.7 2477033, 651379.7 2477045, 651403.3 2477056, 651427.5 2477066, 651452.2 2477075, 651477.3 2477083, 651502.8 2477089, 651528.5 2477093, 651554.4 2477097, 651580.5 2477099, 651606.7 2477100, 651632.9 2477099, 651659 2477097, 651684.9 2477093, 651710.7 2477089, 651736.1 2477083, 651761.2 2477075, 651785.9 2477066, 651810.1 2477056, 651833.7 2477045, 651856.7 2477033, 651879 2477019, 651900.6 2477004, 651921.4 2476988, 651941.3 2476971, 651960.3 2476953, 651978.3 2476934, 651995.3 2476914, 652011.2 2476894, 652026 2476872, 652039.7 2476850, 652052.2 2476827, 652063.5 2476803, 652073.5 2476779, 652082.2 2476754, 652089.7 2476729, 652095.8 2476704, 652100.6 2476678, 652104 2476652, 652106 2476626, 652106.7 2476600))"
5,20260514,Forest,5282.758620689656,45.034925325073786,2.4836279339321936,1,Dai,火葬,无,1,0,0,376,214.4595042505053,282.257859803933,943.2071533203125,8.9162015914917,253.69630838742734,65702.87704467773,128913.6703491211,0.5397700765119826,1,60,26762.527084350586,0.40732656297763276,36510.71319580078,0.5556942836913157,1,0,-0.28072854935531977,-0.9597872064040329,8.572203706302155,3.8074383070812012,0.9097203678008794,"POLYGON ((654297.6 2469492, 654296.9 2469466, 654294.8 2469439, 654291.4 2469413, 654286.7 2469388, 654280.5 2469362, 654273.1 2469337, 654264.4 2469313, 654254.4 2469288, 654243.1 2469265, 654230.6 2469242, 654216.9 2469219, 654202.1 2469198, 654186.2 2469177, 654169.2 2469157, 654151.1 2469138, 654132.1 2469120, 654112.2 2469103, 654091.5 2469087, 654069.9 2469072, 654047.6 2469059, 654024.6 2469046, 654000.9 2469035, 653976.8 2469025, 653952.1 2469016, 653927 2469009, 653901.5 2469003, 653875.8 2468998, 653849.8 2468994, 653823.7 2468992, 653797.6 2468992, 653771.4 2468992, 653745.3 2468994, 653719.4 2468998, 653693.6 2469003, 653668.2 2469009, 653643.1 2469016, 653618.4 2469025, 653594.2 2469035, 653570.6 2469046, 653547.6 2469059, 653525.3 2469072, 653503.7 2469087, 653482.9 2469103, 653463 2469120, 653444 2469138, 653426 2469157, 653409 2469177, 653393.1 2469198, 653378.2 2469219, 653364.6 2469242, 653352.1 2469265, 653340.8 2469288, 653330.8 2469313, 653322.1 2469337, 653314.6 2469362, 653308.5 2469388, 653303.7 2469413, 653300.3 2469439, 653298.3 2469466, 653297.6 2469492, 653298.3 2469518, 653300.3 2469544, 653303.7 2469570, 653308.5 2469596, 653314.6 2469621, 653322.1 2469646, 653330.8 2469671, 653340.8 2469695, 653352.1 2469719, 653364.6 2469742, 653378.2 2469764, 653393.1 2469786, 653409 2469806, 653426 2469826, 653444 2469845, 653463 2469863, 653482.9 2469880, 653503.7 2469896, 653525.3 2469911, 653547.6 2469925, 653570.6 2469937, 653594.2 2469948, 653618.4 2469958, 653643.1 2469967, 653668.2 2469975, 653693.6 2469981, 653719.4 2469986, 653745.3 2469989, 653771.4 2469991, 653797.6 2469992, 653823.7 2469991, 653849.8 2469989, 653875.8 2469986, 653901.5 2469981, 653927 2469975, 653952.1 2469967, 653976.8 2469958, 654000.9 2469948, 654024.6 2469937, 654047.6 2469925, 654069.9 2469911, 654091.5 2469896, 654112.2 2469880, 654132.1 2469863, 654151.1 2469845, 654169.2 2469826, 654186.2 2469806, 654202.1 2469786, 654216.9 2469764, 654230.6 2469742, 654243.1 2469719, 654254.4 2469695, 654264.4 2469671, 654273.1 2469646, 654280.5 2469621, 654286.7 2469596, 654291.4 2469570, 654294.8 2469544, 654296.9 2469518, 654297.6 2469492))"
5,20260514,Forest,5282.758620689656,45.034925325073786,2.4836279339321936,1,Dai,火葬,无,1,0,0,385,72.39559036416064,1029.2131023698134,833.9482421875,8.714137077331543,305.53262783082215,341604.0802001953,0,0.30894466522482067,1,62,144787.44506835938,0.4238457719343031,26794.062995910645,0.078436015694567,1,0,0.5811664702553301,-0.8137846974789834,8.572203706302155,3.8074383070812012,0.9097203678008794,"POLYGON ((652247.2 2475284, 652246.5 2475258, 652244.5 2475232, 652241.1 2475206, 652236.3 2475180, 652230.2 2475155, 652222.8 2475130, 652214 2475105, 652204 2475081, 652192.7 2475057, 652180.2 2475034, 652166.6 2475012, 652151.7 2474990, 652135.8 2474970, 652118.8 2474950, 652100.8 2474931, 652081.8 2474913, 652061.9 2474896, 652041.1 2474880, 652019.6 2474865, 651997.2 2474851, 651974.2 2474839, 651950.6 2474827, 651926.4 2474817, 651901.7 2474809, 651876.6 2474801, 651851.2 2474795, 651825.5 2474790, 651799.5 2474787, 651773.4 2474785, 651747.2 2474784, 651721.1 2474785, 651695 2474787, 651669 2474790, 651643.3 2474795, 651617.8 2474801, 651592.7 2474809, 651568 2474817, 651543.9 2474827, 651520.2 2474839, 651497.2 2474851, 651474.9 2474865, 651453.3 2474880, 651432.6 2474896, 651412.7 2474913, 651393.7 2474931, 651375.7 2474950, 651358.7 2474970, 651342.7 2474990, 651327.9 2475012, 651314.2 2475034, 651301.7 2475057, 651290.5 2475081, 651280.4 2475105, 651271.7 2475130, 651264.3 2475155, 651258.2 2475180, 651253.4 2475206, 651250 2475232, 651247.9 2475258, 651247.2 2475284, 651247.9 2475310, 651250 2475336, 651253.4 2475362, 651258.2 2475388, 651264.3 2475414, 651271.7 2475439, 651280.4 2475463, 651290.5 2475488, 651301.7 2475511, 651314.2 2475534, 651327.9 2475557, 651342.7 2475578, 651358.7 2475599, 651375.7 2475619, 651393.7 2475638, 651412.7 2475656, 651432.6 2475673, 651453.3 2475689, 651474.9 2475704, 651497.2 2475717, 651520.2 2475730, 651543.9 2475741, 651568 2475751, 651592.7 2475760, 651617.8 2475767, 651643.3 2475773, 651669 2475778, 651695 2475781, 651721.1 2475784, 651747.2 2475784, 651773.4 2475784, 651799.5 2475781, 651825.5 2475778, 651851.2 2475773, 651876.6 2475767, 651901.7 2475760, 651926.4 2475751, 651950.6 2475741, 651974.2 2475730, 651997.2 2475717, 652019.6 2475704, 652041.1 2475689, 652061.9 2475673, 652081.8 2475656, 652100.8 2475638, 652118.8 2475619, 652135.8 2475599, 652151.7 2475578, 652166.6 2475557, 652180.2 2475534, 652192.7 2475511, 652204 2475488, 652214 2475463, 652222.8 2475439, 652230.2 2475414, 652236.3 2475388, 652241.1 2475362, 652244.5 2475336, 652246.5 2475310, 652247.2 2475284))"
5,20260514,Forest,4379.310344827587,12.81155322983162,2.304106548279689,1,Dai,火葬,无,1,0,0,386,345.262009282469,311.1739031533394,1231.5745849609375,9.024701118469238,187.39800866431153,419530.59997558594,0,0.058881145706342494,1,63,0,0,240194.69604492188,0.5725320061490144,1,0,-0.9916756381220284,-0.12876113060729022,8.384646535454255,2.5503473599112674,0.8346929866774413,"POLYGON ((658441.2 2471115, 658440.5 2471089, 658438.5 2471063, 658435 2471037, 658430.3 2471011, 658424.2 2470986, 658416.7 2470961, 658408 2470936, 658398 2470912, 658386.7 2470888, 658374.2 2470865, 658360.5 2470843, 658345.7 2470821, 658329.8 2470801, 658312.8 2470781, 658294.7 2470762, 658275.8 2470744, 658255.9 2470727, 658235.1 2470711, 658213.5 2470696, 658191.2 2470682, 658168.2 2470670, 658144.6 2470658, 658120.4 2470648, 658095.7 2470640, 658070.6 2470632, 658045.1 2470626, 658019.4 2470621, 657993.5 2470618, 657967.4 2470616, 657941.2 2470615, 657915 2470616, 657888.9 2470618, 657863 2470621, 657837.2 2470626, 657811.8 2470632, 657786.7 2470640, 657762 2470648, 657737.8 2470658, 657714.2 2470670, 657691.2 2470682, 657668.9 2470696, 657647.3 2470711, 657626.5 2470727, 657606.6 2470744, 657587.6 2470762, 657569.6 2470781, 657552.6 2470801, 657536.7 2470821, 657521.9 2470843, 657508.2 2470865, 657495.7 2470888, 657484.4 2470912, 657474.4 2470936, 657465.7 2470961, 657458.2 2470986, 657452.1 2471011, 657447.3 2471037, 657443.9 2471063, 657441.9 2471089, 657441.2 2471115, 657441.9 2471141, 657443.9 2471167, 657447.3 2471193, 657452.1 2471219, 657458.2 2471245, 657465.7 2471270, 657474.4 2471294, 657484.4 2471319, 657495.7 2471342, 657508.2 2471365, 657521.9 2471388, 657536.7 2471409, 657552.6 2471430, 657569.6 2471450, 657587.6 2471469, 657606.6 2471487, 657626.5 2471504, 657647.3 2471520, 657668.9 2471535, 657691.2 2471548, 657714.2 2471561, 657737.8 2471572, 657762 2471582, 657786.7 2471591, 657811.8 2471598, 657837.2 2471604, 657863 2471609, 657888.9 2471612, 657915 2471615, 657941.2 2471615, 657967.4 2471615, 657993.5 2471612, 658019.4 2471609, 658045.1 2471604, 658070.6 2471598, 658095.7 2471591, 658120.4 2471582, 658144.6 2471572, 658168.2 2471561, 658191.2 2471548, 658213.5 2471535, 658235.1 2471520, 658255.9 2471504, 658275.8 2471487, 658294.7 2471469, 658312.8 2471450, 658329.8 2471430, 658345.7 2471409, 658360.5 2471388, 658374.2 2471365, 658386.7 2471342, 658398 2471319, 658408 2471294, 658416.7 2471270, 658424.2 2471245, 658430.3 2471219, 658435 2471193, 658438.5 2471167, 658440.5 2471141, 658441.2 2471115))"
5,20260514,Forest,3582.2736762193963,128.48206221372232,0.9385007278020379,1,Dai,火葬,有,1,0,0,407,521.9291789614742,891.3449100651519,704.26080322265625,9.04515266418457,354.3817655775202,346116.8243408203,30495.063400268555,0.34297457146102955,1,64,5417.19446182251,0.015651346831057865,2168.17524433136,0.00626428734997396,1,0,0.9951962937552109,-0.09789962663816386,8.183752982890077,4.855789300923641,-0.06347164746089516,"POLYGON ((668679.4 2380323, 668678.7 2380297, 668676.6 2380271, 668673.2 2380245, 668668.4 2380219, 668662.3 2380194, 668654.9 2380169, 668646.2 2380144, 668636.1 2380120, 668624.9 2380096, 668612.4 2380073, 668598.7 2380051, 668583.9 2380029, 668567.9 2380008, 668550.9 2379989, 668532.9 2379970, 668513.9 2379951, 668494 2379934, 668473.3 2379919, 668451.7 2379904, 668429.4 2379890, 668406.4 2379878, 668382.7 2379866, 668358.5 2379856, 668333.9 2379848, 668308.8 2379840, 668283.3 2379834, 668257.6 2379829, 668231.6 2379826, 668205.5 2379824, 668179.4 2379823, 668153.2 2379824, 668127.1 2379826, 668101.1 2379829, 668075.4 2379834, 668050 2379840, 668024.9 2379848, 668000.2 2379856, 667976 2379866, 667952.4 2379878, 667929.4 2379890, 667907 2379904, 667885.5 2379919, 667864.7 2379934, 667844.8 2379951, 667825.8 2379970, 667807.8 2379989, 667790.8 2380008, 667774.9 2380029, 667760 2380051, 667746.3 2380073, 667733.9 2380096, 667722.6 2380120, 667712.6 2380144, 667703.8 2380169, 667696.4 2380194, 667690.3 2380219, 667685.5 2380245, 667682.1 2380271, 667680 2380297, 667679.4 2380323, 667680 2380349, 667682.1 2380375, 667685.5 2380401, 667690.3 2380427, 667696.4 2380452, 667703.8 2380478, 667712.6 2380502, 667722.6 2380526, 667733.9 2380550, 667746.3 2380573, 667760 2380595, 667774.9 2380617, 667790.8 2380638, 667807.8 2380658, 667825.8 2380677, 667844.8 2380695, 667864.7 2380712, 667885.5 2380728, 667907 2380742, 667929.4 2380756, 667952.4 2380769, 667976 2380780, 668000.2 2380790, 668024.9 2380799, 668050 2380806, 668075.4 2380812, 668101.1 2380817, 668127.1 2380820, 668153.2 2380822, 668179.4 2380823, 668205.5 2380822, 668231.6 2380820, 668257.6 2380817, 668283.3 2380812, 668308.8 2380806, 668333.9 2380799, 668358.5 2380790, 668382.7 2380780, 668406.4 2380769, 668429.4 2380756, 668451.7 2380742, 668473.3 2380728, 668494 2380712, 668513.9 2380695, 668532.9 2380677, 668550.9 2380658, 668567.9 2380638, 668583.9 2380617, 668598.7 2380595, 668612.4 2380573, 668624.9 2380550, 668636.1 2380526, 668646.2 2380502, 668654.9 2380478, 668662.3 2380452, 668668.4 2380427, 668673.2 2380401, 668676.6 2380375, 668678.7 2380349, 668679.4 2380323))"
5,20260514,Forest,3582.2736762193963,128.48206221372232,0.9385007278020379,1,Dai,火葬,有,1,0,0,425,1082.7074436254888,1510.588386029367,751.45245361328125,8.388432502746582,257.3808903989037,111752.95028686523,47750.997161865234,0.056238063793593425,1,65,46682.5080871582,0.4177295361538655,270.43852508068085,0.0024199676553189535,1,0,-0.21846872234233636,-0.975843951335513,8.183752982890077,4.855789300923641,-0.06347164746089516,"POLYGON ((667336 2385604, 667335.3 2385577, 667333.2 2385551, 667329.8 2385525, 667325 2385500, 667318.9 2385474, 667311.5 2385449, 667302.8 2385424, 667292.7 2385400, 667281.5 2385377, 667269 2385354, 667255.3 2385331, 667240.5 2385310, 667224.5 2385289, 667207.5 2385269, 667189.5 2385250, 667170.5 2385232, 667150.6 2385215, 667129.9 2385199, 667108.3 2385184, 667086 2385171, 667063 2385158, 667039.3 2385147, 667015.1 2385137, 666990.5 2385128, 666965.4 2385121, 666939.9 2385114, 666914.2 2385110, 666888.2 2385106, 666862.1 2385104, 666836 2385104, 666809.8 2385104, 666783.7 2385106, 666757.7 2385110, 666732 2385114, 666706.6 2385121, 666681.5 2385128, 666656.8 2385137, 666632.6 2385147, 666609 2385158, 666586 2385171, 666563.6 2385184, 666542.1 2385199, 666521.3 2385215, 666501.4 2385232, 666482.4 2385250, 666464.4 2385269, 666447.4 2385289, 666431.5 2385310, 666416.6 2385331, 666403 2385354, 666390.5 2385377, 666379.2 2385400, 666369.2 2385424, 666360.4 2385449, 666353 2385474, 666346.9 2385500, 666342.1 2385525, 666338.7 2385551, 666336.7 2385577, 666336 2385604, 666336.7 2385630, 666338.7 2385656, 666342.1 2385682, 666346.9 2385708, 666353 2385733, 666360.4 2385758, 666369.2 2385783, 666379.2 2385807, 666390.5 2385831, 666403 2385854, 666416.6 2385876, 666431.5 2385897, 666447.4 2385918, 666464.4 2385938, 666482.4 2385957, 666501.4 2385975, 666521.3 2385992, 666542.1 2386008, 666563.6 2386023, 666586 2386037, 666609 2386049, 666632.6 2386060, 666656.8 2386070, 666681.5 2386079, 666706.6 2386087, 666732 2386093, 666757.7 2386097, 666783.7 2386101, 666809.8 2386103, 666836 2386104, 666862.1 2386103, 666888.2 2386101, 666914.2 2386097, 666939.9 2386093, 666965.4 2386087, 666990.5 2386079, 667015.1 2386070, 667039.3 2386060, 667063 2386049, 667086 2386037, 667108.3 2386023, 667129.9 2386008, 667150.6 2385992, 667170.5 2385975, 667189.5 2385957, 667207.5 2385938, 667224.5 2385918, 667240.5 2385897, 667255.3 2385876, 667269 2385854, 667281.5 2385831, 667292.7 2385807, 667302.8 2385783, 667311.5 2385758, 667318.9 2385733, 667325 2385708, 667329.8 2385682, 667333.2 2385656, 667335.3 2385630, 667336 2385604))"
5,20260514,Forest,4740.827023878858,28.393067437574942,2.9508196721311477,1,Dai,土葬,无,1,0,0,528,510.69855275861715,1274.1316832842142,923.431640625,4.928971767425537,219.11762647943425,680263.65966796875,0,0.1689994455987731,1,67,299571.4599609375,0.44037551573334954,51170.69778442383,0.07522186002027484,1,0,-0.7758523491766329,-0.630914520578739,8.463966877081248,3.346145011058112,1.0820829867168993,"POLYGON ((682642.6 2481539, 682641.9 2481513, 682639.9 2481487, 682636.5 2481461, 682631.7 2481435, 682625.6 2481410, 682618.1 2481385, 682609.4 2481360, 682599.4 2481336, 682588.1 2481312, 682575.6 2481289, 682561.9 2481267, 682547.1 2481245, 682531.2 2481225, 682514.2 2481205, 682496.2 2481186, 682477.2 2481168, 682457.3 2481151, 682436.5 2481135, 682414.9 2481120, 682392.6 2481106, 682369.6 2481094, 682346 2481083, 682321.8 2481073, 682297.1 2481064, 682272 2481056, 682246.6 2481050, 682220.8 2481046, 682194.9 2481042, 682168.8 2481040, 682142.6 2481039, 682116.4 2481040, 682090.3 2481042, 682064.4 2481046, 682038.7 2481050, 682013.2 2481056, 681988.1 2481064, 681963.4 2481073, 681939.2 2481083, 681915.6 2481094, 681892.6 2481106, 681870.3 2481120, 681848.7 2481135, 681828 2481151, 681808 2481168, 681789.1 2481186, 681771 2481205, 681754 2481225, 681738.1 2481245, 681723.3 2481267, 681709.6 2481289, 681697.1 2481312, 681685.8 2481336, 681675.8 2481360, 681667.1 2481385, 681659.7 2481410, 681653.5 2481435, 681648.8 2481461, 681645.4 2481487, 681643.3 2481513, 681642.6 2481539, 681643.3 2481566, 681645.4 2481592, 681648.8 2481618, 681653.5 2481643, 681659.7 2481669, 681667.1 2481694, 681675.8 2481719, 681685.8 2481743, 681697.1 2481766, 681709.6 2481789, 681723.3 2481812, 681738.1 2481833, 681754 2481854, 681771 2481874, 681789.1 2481893, 681808 2481911, 681828 2481928, 681848.7 2481944, 681870.3 2481959, 681892.6 2481972, 681915.6 2481985, 681939.2 2481996, 681963.4 2482006, 681988.1 2482015, 682013.2 2482022, 682038.7 2482028, 682064.4 2482033, 682090.3 2482037, 682116.4 2482039, 682142.6 2482039, 682168.8 2482039, 682194.9 2482037, 682220.8 2482033, 682246.6 2482028, 682272 2482022, 682297.1 2482015, 682321.8 2482006, 682346 2481996, 682369.6 2481985, 682392.6 2481972, 682414.9 2481959, 682436.5 2481944, 682457.3 2481928, 682477.2 2481911, 682496.2 2481893, 682514.2 2481874, 682531.2 2481854, 682547.1 2481833, 682561.9 2481812, 682575.6 2481789, 682588.1 2481766, 682599.4 2481743, 682609.4 2481719, 682618.1 2481694, 682625.6 2481669, 682631.7 2481643, 682636.5 2481618, 682639.9 2481592, 682641.9 2481566, 682642.6 2481539))"
5,20260514,Forest,4740.827023878858,28.393067437574942,2.9508196721311477,1,Dai,土葬,无,1,0,0,529,797.6793763930077,1196.2928219107973,947.7213134765625,7.426086902618408,20.226614988682698,785039.3371582031,0,0.023749918510333555,1,68,338804.18701171875,0.4315760637399016,47274.478912353516,0.060219248481846004,1,0,0.9383325238749654,0.3457341097410517,8.463966877081248,3.346145011058112,1.0820829867168993,"POLYGON ((682872.7 2481105, 682872 2481079, 682869.9 2481053, 682866.5 2481027, 682861.8 2481001, 682855.7 2480975, 682848.2 2480950, 682839.5 2480926, 682829.5 2480901, 682818.2 2480878, 682805.7 2480855, 682792 2480833, 682777.2 2480811, 682761.3 2480790, 682744.3 2480770, 682726.2 2480751, 682707.3 2480733, 682687.3 2480716, 682666.6 2480700, 682645 2480686, 682622.7 2480672, 682599.7 2480659, 682576.1 2480648, 682551.9 2480638, 682527.2 2480629, 682502.1 2480622, 682476.6 2480616, 682450.9 2480611, 682425 2480608, 682398.9 2480606, 682372.7 2480605, 682346.5 2480606, 682320.4 2480608, 682294.5 2480611, 682268.7 2480616, 682243.3 2480622, 682218.2 2480629, 682193.5 2480638, 682169.3 2480648, 682145.7 2480659, 682122.7 2480672, 682100.4 2480686, 682078.8 2480700, 682058 2480716, 682038.1 2480733, 682019.1 2480751, 682001.1 2480770, 681984.1 2480790, 681968.2 2480811, 681953.4 2480833, 681939.7 2480855, 681927.2 2480878, 681915.9 2480901, 681905.9 2480926, 681897.2 2480950, 681889.7 2480975, 681883.6 2481001, 681878.8 2481027, 681875.4 2481053, 681873.4 2481079, 681872.7 2481105, 681873.4 2481131, 681875.4 2481157, 681878.8 2481183, 681883.6 2481209, 681889.7 2481234, 681897.2 2481259, 681905.9 2481284, 681915.9 2481308, 681927.2 2481332, 681939.7 2481355, 681953.4 2481377, 681968.2 2481399, 681984.1 2481420, 682001.1 2481439, 682019.1 2481458, 682038.1 2481476, 682058 2481493, 682078.8 2481509, 682100.4 2481524, 682122.7 2481538, 682145.7 2481550, 682169.3 2481562, 682193.5 2481572, 682218.2 2481580, 682243.3 2481588, 682268.7 2481594, 682294.5 2481599, 682320.4 2481602, 682346.5 2481604, 682372.7 2481605, 682398.9 2481604, 682425 2481602, 682450.9 2481599, 682476.6 2481594, 682502.1 2481588, 682527.2 2481580, 682551.9 2481572, 682576.1 2481562, 682599.7 2481550, 682622.7 2481538, 682645 2481524, 682666.6 2481509, 682687.3 2481493, 682707.3 2481476, 682726.2 2481458, 682744.3 2481439, 682761.3 2481420, 682777.2 2481399, 682792 2481377, 682805.7 2481355, 682818.2 2481332, 682829.5 2481308, 682839.5 2481284, 682848.2 2481259, 682855.7 2481234, 682861.8 2481209, 682866.5 2481183, 682869.9 2481157, 682872 2481131, 682872.7 2481105))"
5,20260514,Forest,5152.0093185789165,31.010082017237615,3.867597133157299,1,Dai,土葬,无,1,0,0,576,415.7715179605235,1114.7538874093789,916.0458984375,2.742849349975586,281.88493263826757,330061.04736328125,0,0.38663398466220866,1,70,205408.3282470703,0.6223343526538225,74064.09072875977,0.22439512726638483,1,0,0.2059468547988445,-0.9785631778267889,8.547142076512934,3.4343123779730202,1.3526334183810655,"POLYGON ((684886.1 2486404, 684885.4 2486378, 684883.3 2486352, 684879.9 2486326, 684875.2 2486300, 684869 2486275, 684861.6 2486250, 684852.9 2486225, 684842.9 2486201, 684831.6 2486177, 684819.1 2486154, 684805.4 2486132, 684790.6 2486111, 684774.7 2486090, 684757.7 2486070, 684739.6 2486051, 684720.6 2486033, 684700.7 2486016, 684680 2486000, 684658.4 2485985, 684636.1 2485971, 684613.1 2485959, 684589.4 2485948, 684565.3 2485938, 684540.6 2485929, 684515.5 2485921, 684490 2485915, 684464.3 2485911, 684438.3 2485907, 684412.2 2485905, 684386.1 2485904, 684359.9 2485905, 684333.8 2485907, 684307.9 2485911, 684282.1 2485915, 684256.7 2485921, 684231.6 2485929, 684206.9 2485938, 684182.7 2485948, 684159.1 2485959, 684136.1 2485971, 684113.8 2485985, 684092.2 2486000, 684071.4 2486016, 684051.5 2486033, 684032.5 2486051, 684014.5 2486070, 683997.5 2486090, 683981.6 2486111, 683966.7 2486132, 683953.1 2486154, 683940.6 2486177, 683929.3 2486201, 683919.3 2486225, 683910.6 2486250, 683903.1 2486275, 683897 2486300, 683892.2 2486326, 683888.8 2486352, 683886.8 2486378, 683886.1 2486404, 683886.8 2486431, 683888.8 2486457, 683892.2 2486483, 683897 2486508, 683903.1 2486534, 683910.6 2486559, 683919.3 2486584, 683929.3 2486608, 683940.6 2486631, 683953.1 2486654, 683966.7 2486677, 683981.6 2486698, 683997.5 2486719, 684014.5 2486739, 684032.5 2486758, 684051.5 2486776, 684071.4 2486793, 684092.2 2486809, 684113.8 2486824, 684136.1 2486837, 684159.1 2486850, 684182.7 2486861, 684206.9 2486871, 684231.6 2486880, 684256.7 2486887, 684282.1 2486893, 684307.9 2486898, 684333.8 2486902, 684359.9 2486904, 684386.1 2486904, 684412.2 2486904, 684438.3 2486902, 684464.3 2486898, 684490 2486893, 684515.5 2486887, 684540.6 2486880, 684565.3 2486871, 684589.4 2486861, 684613.1 2486850, 684636.1 2486837, 684658.4 2486824, 684680 2486809, 684700.7 2486793, 684720.6 2486776, 684739.6 2486758, 684757.7 2486739, 684774.7 2486719, 684790.6 2486698, 684805.4 2486677, 684819.1 2486654, 684831.6 2486631, 684842.9 2486608, 684852.9 2486584, 684861.6 2486559, 684869 2486534, 684875.2 2486508, 684879.9 2486483, 684883.3 2486457, 684885.4 2486431, 684886.1 2486404))"
5,20260514,Forest,7228.991849999999,125.94885561236832,2.2268100633762242,1,Dai,火葬,有,1,0,0,578,41.47840460310257,711.607629931342,1190.8331298828125,5.41815710067749,50.512658022185924,133323.84338378906,0,0.06626024781493961,1,71,0,0,12600,0.0945067264804942,1,0,0.6359077342405046,0.77176508960506085,8.885854865596148,4.835875916710245,0.8005700965267329,"POLYGON ((647979.1 2430418, 647978.4 2430392, 647976.4 2430366, 647973 2430340, 647968.2 2430314, 647962.1 2430288, 647954.7 2430263, 647945.9 2430239, 647935.9 2430215, 647924.6 2430191, 647912.1 2430168, 647898.5 2430146, 647883.6 2430124, 647867.7 2430103, 647850.7 2430083, 647832.7 2430064, 647813.7 2430046, 647793.8 2430029, 647773 2430013, 647751.4 2429999, 647729.1 2429985, 647706.1 2429972, 647682.5 2429961, 647658.3 2429951, 647633.6 2429942, 647608.5 2429935, 647583.1 2429929, 647557.3 2429924, 647531.4 2429921, 647505.3 2429919, 647479.1 2429918, 647453 2429919, 647426.9 2429921, 647400.9 2429924, 647375.2 2429929, 647349.7 2429935, 647324.6 2429942, 647299.9 2429951, 647275.8 2429961, 647252.1 2429972, 647229.1 2429985, 647206.8 2429999, 647185.2 2430013, 647164.5 2430029, 647144.6 2430046, 647125.6 2430064, 647107.6 2430083, 647090.6 2430103, 647074.6 2430124, 647059.8 2430146, 647046.1 2430168, 647033.6 2430191, 647022.4 2430215, 647012.3 2430239, 647003.6 2430263, 646996.2 2430288, 646990.1 2430314, 646985.3 2430340, 646981.9 2430366, 646979.8 2430392, 646979.1 2430418, 646979.8 2430444, 646981.9 2430470, 646985.3 2430496, 646990.1 2430522, 646996.2 2430547, 647003.6 2430572, 647012.3 2430597, 647022.4 2430621, 647033.6 2430645, 647046.1 2430668, 647059.8 2430690, 647074.6 2430712, 647090.6 2430733, 647107.6 2430752, 647125.6 2430771, 647144.6 2430789, 647164.5 2430806, 647185.2 2430822, 647206.8 2430837, 647229.1 2430851, 647252.1 2430863, 647275.8 2430875, 647299.9 2430885, 647324.6 2430893, 647349.7 2430901, 647375.2 2430907, 647400.9 2430912, 647426.9 2430915, 647453 2430917, 647479.1 2430918, 647505.3 2430917, 647531.4 2430915, 647557.3 2430912, 647583.1 2430907, 647608.5 2430901, 647633.6 2430893, 647658.3 2430885, 647682.5 2430875, 647706.1 2430863, 647729.1 2430851, 647751.4 2430837, 647773 2430822, 647793.8 2430806, 647813.7 2430789, 647832.7 2430771, 647850.7 2430752, 647867.7 2430733, 647883.6 2430712, 647898.5 2430690, 647912.1 2430668, 647924.6 2430645, 647935.9 2430621, 647945.9 2430597, 647954.7 2430572, 647962.1 2430547, 647968.2 2430522, 647973 2430496, 647976.4 2430470, 647978.4 2430444, 647979.1 2430418))"
5,20260514,Forest,7049.3814250000005,62.13958925543634,2.551398109032388,1,Dai,火葬,有,1,0,0,579,92.60869326501532,888.6677688071637,1137.699951171875,6.999038219451904,279.8993390886093,618537.2497558594,0,0.0823287410647577,1,72,0,0,103767.0295715332,0.16776197328857836,1,0,0.17191773695325105,-0.9851113093051327,8.860695150822083,4.129383293956514,0.936641486972757,"POLYGON ((645087.5 2445375, 645086.8 2445349, 645084.7 2445323, 645081.3 2445297, 645076.6 2445271, 645070.4 2445246, 645063 2445220, 645054.3 2445196, 645044.3 2445172, 645033 2445148, 645020.5 2445125, 645006.8 2445103, 644992 2445081, 644976.1 2445060, 644959.1 2445040, 644941 2445021, 644922 2445003, 644902.1 2444986, 644881.4 2444970, 644859.8 2444956, 644837.5 2444942, 644814.5 2444929, 644790.9 2444918, 644766.7 2444908, 644742 2444899, 644716.9 2444892, 644691.4 2444886, 644665.7 2444881, 644639.7 2444878, 644613.7 2444876, 644587.5 2444875, 644561.3 2444876, 644535.2 2444878, 644509.3 2444881, 644483.5 2444886, 644458.1 2444892, 644433 2444899, 644408.3 2444908, 644384.1 2444918, 644360.5 2444929, 644337.5 2444942, 644315.2 2444956, 644293.6 2444970, 644272.8 2444986, 644252.9 2445003, 644233.9 2445021, 644215.9 2445040, 644198.9 2445060, 644183 2445081, 644168.1 2445103, 644154.5 2445125, 644142 2445148, 644130.7 2445172, 644120.7 2445196, 644112 2445220, 644104.5 2445246, 644098.4 2445271, 644093.6 2445297, 644090.2 2445323, 644088.2 2445349, 644087.5 2445375, 644088.2 2445401, 644090.2 2445427, 644093.6 2445453, 644098.4 2445479, 644104.5 2445504, 644112 2445529, 644120.7 2445554, 644130.7 2445578, 644142 2445602, 644154.5 2445625, 644168.1 2445647, 644183 2445669, 644198.9 2445690, 644215.9 2445710, 644233.9 2445729, 644252.9 2445747, 644272.8 2445764, 644293.6 2445779, 644315.2 2445794, 644337.5 2445808, 644360.5 2445820, 644384.1 2445832, 644408.3 2445842, 644433 2445851, 644458.1 2445858, 644483.5 2445864, 644509.3 2445869, 644535.2 2445872, 644561.3 2445874, 644587.5 2445875, 644613.7 2445874, 644639.7 2445872, 644665.7 2445869, 644691.4 2445864, 644716.9 2445858, 644742 2445851, 644766.7 2445842, 644790.9 2445832, 644814.5 2445820, 644837.5 2445808, 644859.8 2445794, 644881.4 2445779, 644902.1 2445764, 644922 2445747, 644941 2445729, 644959.1 2445710, 644976.1 2445690, 644992 2445669, 645006.8 2445647, 645020.5 2445625, 645033 2445602, 645044.3 2445578, 645054.3 2445554, 645063 2445529, 645070.4 2445504, 645076.6 2445479, 645081.3 2445453, 645084.7 2445427, 645086.8 2445401, 645087.5 2445375))"
5,20260514,Forest,7049.3814250000005,62.13958925543634,2.551398109032388,1,Dai,火葬,有,1,0,0,580,221.3452171030917,469.74629276517123,1183.573974609375,5.149966239929199,264.253832871748,339914.8498535156,0,0.2065246792524538,1,73,0,0,36907.8483581543,0.10857968804263633,1,0,-0.10012150174331032,-0.9949752182284061,8.860695150822083,4.129383293956514,0.936641486972757,"POLYGON ((646774.8 2441410, 646774.1 2441384, 646772.1 2441358, 646768.7 2441332, 646763.9 2441306, 646757.8 2441280, 646750.4 2441255, 646741.6 2441231, 646731.6 2441206, 646720.3 2441183, 646707.8 2441160, 646694.2 2441137, 646679.3 2441116, 646663.4 2441095, 646646.4 2441075, 646628.4 2441056, 646609.4 2441038, 646589.5 2441021, 646568.7 2441005, 646547.1 2440990, 646524.8 2440977, 646501.8 2440964, 646478.2 2440953, 646454 2440943, 646429.3 2440934, 646404.2 2440927, 646378.8 2440921, 646353 2440916, 646327.1 2440913, 646301 2440910, 646274.8 2440910, 646248.7 2440910, 646222.6 2440913, 646196.6 2440916, 646170.9 2440921, 646145.4 2440927, 646120.3 2440934, 646095.6 2440943, 646071.5 2440953, 646047.8 2440964, 646024.8 2440977, 646002.5 2440990, 645980.9 2441005, 645960.2 2441021, 645940.3 2441038, 645921.3 2441056, 645903.2 2441075, 645886.2 2441095, 645870.3 2441116, 645855.5 2441137, 645841.8 2441160, 645829.3 2441183, 645818 2441206, 645808 2441231, 645799.3 2441255, 645791.9 2441280, 645785.7 2441306, 645781 2441332, 645777.6 2441358, 645775.5 2441384, 645774.8 2441410, 645775.5 2441436, 645777.6 2441462, 645781 2441488, 645785.7 2441514, 645791.9 2441539, 645799.3 2441564, 645808 2441589, 645818 2441613, 645829.3 2441637, 645841.8 2441660, 645855.5 2441682, 645870.3 2441704, 645886.2 2441724, 645903.2 2441744, 645921.3 2441763, 645940.3 2441781, 645960.2 2441798, 645980.9 2441814, 646002.5 2441829, 646024.8 2441843, 646047.8 2441855, 646071.5 2441867, 646095.6 2441877, 646120.3 2441885, 646145.4 2441893, 646170.9 2441899, 646196.6 2441904, 646222.6 2441907, 646248.7 2441909, 646274.8 2441910, 646301 2441909, 646327.1 2441907, 646353 2441904, 646378.8 2441899, 646404.2 2441893, 646429.3 2441885, 646454 2441877, 646478.2 2441867, 646501.8 2441855, 646524.8 2441843, 646547.1 2441829, 646568.7 2441814, 646589.5 2441798, 646609.4 2441781, 646628.4 2441763, 646646.4 2441744, 646663.4 2441724, 646679.3 2441704, 646694.2 2441682, 646707.8 2441660, 646720.3 2441637, 646731.6 2441613, 646741.6 2441589, 646750.4 2441564, 646757.8 2441539, 646763.9 2441514, 646768.7 2441488, 646772.1 2441462, 646774.1 2441436, 646774.8 2441410))"
5,20260514,Forest,7049.3814250000005,62.13958925543634,2.551398109032388,1,Dai,火葬,有,1,0,0,581,10.396902742597273,212.58218364289513,1129.99169921875,6.696994781494141,30.01633911593537,441786.31896972656,0,0.24643481490643526,1,74,0,0,20714.75944519043,0.04688863949770683,1,0,0.8658827828876363,0.5002469453167729,8.860695150822083,4.129383293956514,0.936641486972757,"POLYGON ((644172.6 2439105, 644171.9 2439079, 644169.9 2439053, 644166.5 2439027, 644161.7 2439001, 644155.6 2438976, 644148.1 2438951, 644139.4 2438926, 644129.4 2438902, 644118.1 2438878, 644105.6 2438855, 644091.9 2438833, 644077.1 2438811, 644061.2 2438790, 644044.2 2438771, 644026.2 2438752, 644007.2 2438734, 643987.3 2438717, 643966.5 2438701, 643944.9 2438686, 643922.6 2438672, 643899.6 2438660, 643876 2438648, 643851.8 2438638, 643827.1 2438630, 643802 2438622, 643776.6 2438616, 643750.8 2438611, 643724.9 2438608, 643698.8 2438606, 643672.6 2438605, 643646.4 2438606, 643620.3 2438608, 643594.4 2438611, 643568.7 2438616, 643543.2 2438622, 643518.1 2438630, 643493.4 2438638, 643469.2 2438648, 643445.6 2438660, 643422.6 2438672, 643400.3 2438686, 643378.7 2438701, 643357.9 2438717, 643338 2438734, 643319.1 2438752, 643301 2438771, 643284 2438790, 643268.1 2438811, 643253.3 2438833, 643239.6 2438855, 643227.1 2438878, 643215.8 2438902, 643205.8 2438926, 643197.1 2438951, 643189.6 2438976, 643183.5 2439001, 643178.8 2439027, 643175.3 2439053, 643173.3 2439079, 643172.6 2439105, 643173.3 2439131, 643175.3 2439157, 643178.8 2439183, 643183.5 2439209, 643189.6 2439235, 643197.1 2439260, 643205.8 2439284, 643215.8 2439309, 643227.1 2439332, 643239.6 2439355, 643253.3 2439377, 643268.1 2439399, 643284 2439420, 643301 2439440, 643319.1 2439459, 643338 2439477, 643357.9 2439494, 643378.7 2439510, 643400.3 2439524, 643422.6 2439538, 643445.6 2439551, 643469.2 2439562, 643493.4 2439572, 643518.1 2439581, 643543.2 2439588, 643568.7 2439594, 643594.4 2439599, 643620.3 2439602, 643646.4 2439604, 643672.6 2439605, 643698.8 2439604, 643724.9 2439602, 643750.8 2439599, 643776.6 2439594, 643802 2439588, 643827.1 2439581, 643851.8 2439572, 643876 2439562, 643899.6 2439551, 643922.6 2439538, 643944.9 2439524, 643966.5 2439510, 643987.3 2439494, 644007.2 2439477, 644026.2 2439459, 644044.2 2439440, 644061.2 2439420, 644077.1 2439399, 644091.9 2439377, 644105.6 2439355, 644118.1 2439332, 644129.4 2439309, 644139.4 2439284, 644148.1 2439260, 644155.6 2439235, 644161.7 2439209, 644166.5 2439183, 644169.9 2439157, 644171.9 2439131, 644172.6 2439105))"
5,20260514,Forest,7472.8425,44.82738108566082,3.0142299107142856,1,Dai,火葬,有,1,0,0,582,580.0382761591869,880.5790161633657,1205.963134765625,5.910378456115723,192.08582702257323,272315.56091308594,0,0.02873647390531165,1,75,0,0,116149.49340820312,0.4265253627767316,1,0,-0.9778350591641997,-0.20937668702447804,8.919030727835047,3.8028191376712726,1.1033443782221637,"POLYGON ((639527 2433785, 639526.3 2433758, 639524.3 2433732, 639520.9 2433706, 639516.1 2433681, 639510 2433655, 639502.5 2433630, 639493.8 2433605, 639483.8 2433581, 639472.5 2433558, 639460 2433535, 639446.4 2433512, 639431.5 2433491, 639415.6 2433470, 639398.6 2433450, 639380.6 2433431, 639361.6 2433413, 639341.7 2433396, 639320.9 2433380, 639299.3 2433365, 639277 2433352, 639254 2433339, 639230.4 2433328, 639206.2 2433318, 639181.5 2433309, 639156.4 2433302, 639131 2433296, 639105.2 2433291, 639079.3 2433287, 639053.2 2433285, 639027 2433285, 639000.8 2433285, 638974.8 2433287, 638948.8 2433291, 638923.1 2433296, 638897.6 2433302, 638872.5 2433309, 638847.8 2433318, 638823.6 2433328, 638800 2433339, 638777 2433352, 638754.7 2433365, 638733.1 2433380, 638712.4 2433396, 638692.4 2433413, 638673.5 2433431, 638655.4 2433450, 638638.4 2433470, 638622.5 2433491, 638607.7 2433512, 638594 2433535, 638581.5 2433558, 638570.2 2433581, 638560.2 2433605, 638551.5 2433630, 638544.1 2433655, 638537.9 2433681, 638533.2 2433706, 638529.8 2433732, 638527.7 2433758, 638527 2433785, 638527.7 2433811, 638529.8 2433837, 638533.2 2433863, 638537.9 2433889, 638544.1 2433914, 638551.5 2433939, 638560.2 2433964, 638570.2 2433988, 638581.5 2434012, 638594 2434035, 638607.7 2434057, 638622.5 2434079, 638638.4 2434099, 638655.4 2434119, 638673.5 2434138, 638692.4 2434156, 638712.4 2434173, 638733.1 2434189, 638754.7 2434204, 638777 2434218, 638800 2434230, 638823.6 2434241, 638847.8 2434251, 638872.5 2434260, 638897.6 2434268, 638923.1 2434274, 638948.8 2434278, 638974.8 2434282, 639000.8 2434284, 639027 2434285, 639053.2 2434284, 639079.3 2434282, 639105.2 2434278, 639131 2434274, 639156.4 2434268, 639181.5 2434260, 639206.2 2434251, 639230.4 2434241, 639254 2434230, 639277 2434218, 639299.3 2434204, 639320.9 2434189, 639341.7 2434173, 639361.6 2434156, 639380.6 2434138, 639398.6 2434119, 639415.6 2434099, 639431.5 2434079, 639446.4 2434057, 639460 2434035, 639472.5 2434012, 639483.8 2433988, 639493.8 2433964, 639502.5 2433939, 639510 2433914, 639516.1 2433889, 639520.9 2433863, 639524.3 2433837, 639526.3 2433811, 639527 2433785))"
5,20260514,Forest,7668.695652173914,133.19513203141992,2.0375399361022364,1,Dai,火葬,有,1,0,0,583,87.7649466651277,1033.8904126160248,1203.2183837890625,7.499274730682373,214.9241456795712,348785.5682373047,2272.1052646636963,0.03382714565353805,1,76,0,0,91365.80657958984,0.26195409128117053,1,0,-0.8199106884186239,-0.572491452352695,8.944901821513023,4.891815211127795,0.7117431664817675,"POLYGON ((644075.5 2427919, 644074.8 2427892, 644072.7 2427866, 644069.3 2427840, 644064.6 2427815, 644058.4 2427789, 644051 2427764, 644042.3 2427739, 644032.3 2427715, 644021 2427692, 644008.5 2427669, 643994.8 2427646, 643980 2427625, 643964.1 2427604, 643947.1 2427584, 643929 2427565, 643910 2427547, 643890.1 2427530, 643869.4 2427514, 643847.8 2427499, 643825.5 2427486, 643802.5 2427473, 643778.8 2427462, 643754.7 2427452, 643730 2427443, 643704.9 2427436, 643679.4 2427430, 643653.7 2427425, 643627.7 2427421, 643601.6 2427419, 643575.5 2427419, 643549.3 2427419, 643523.2 2427421, 643497.3 2427425, 643471.5 2427430, 643446.1 2427436, 643421 2427443, 643396.3 2427452, 643372.1 2427462, 643348.5 2427473, 643325.5 2427486, 643303.2 2427499, 643281.6 2427514, 643260.8 2427530, 643240.9 2427547, 643221.9 2427565, 643203.9 2427584, 643186.9 2427604, 643171 2427625, 643156.1 2427646, 643142.5 2427669, 643130 2427692, 643118.7 2427715, 643108.7 2427739, 643100 2427764, 643092.5 2427789, 643086.4 2427815, 643081.6 2427840, 643078.2 2427866, 643076.2 2427892, 643075.5 2427919, 643076.2 2427945, 643078.2 2427971, 643081.6 2427997, 643086.4 2428023, 643092.5 2428048, 643100 2428073, 643108.7 2428098, 643118.7 2428122, 643130 2428146, 643142.5 2428169, 643156.1 2428191, 643171 2428213, 643186.9 2428233, 643203.9 2428253, 643221.9 2428272, 643240.9 2428290, 643260.8 2428307, 643281.6 2428323, 643303.2 2428338, 643325.5 2428352, 643348.5 2428364, 643372.1 2428375, 643396.3 2428385, 643421 2428394, 643446.1 2428402, 643471.5 2428408, 643497.3 2428413, 643523.2 2428416, 643549.3 2428418, 643575.5 2428419, 643601.6 2428418, 643627.7 2428416, 643653.7 2428413, 643679.4 2428408, 643704.9 2428402, 643730 2428394, 643754.7 2428385, 643778.8 2428375, 643802.5 2428364, 643825.5 2428352, 643847.8 2428338, 643869.4 2428323, 643890.1 2428307, 643910 2428290, 643929 2428272, 643947.1 2428253, 643964.1 2428233, 643980 2428213, 643994.8 2428191, 644008.5 2428169, 644021 2428146, 644032.3 2428122, 644042.3 2428098, 644051 2428073, 644058.4 2428048, 644064.6 2428023, 644069.3 2427997, 644072.7 2427971, 644074.8 2427945, 644075.5 2427919))"
5,20260514,Forest,7228.991849999999,125.94885561236832,2.2268100633762242,1,Dai,火葬,有,1,0,0,584,185.02977737865342,500.3519307863354,1184.4986572265625,3.1361913681030273,261.54511701472734,61519.96994018555,0,0.31674219274988924,1,77,0,0,3600,0.058517583859358145,1,0,-0.14703057428245808,-0.9891319478341454,8.885854865596148,4.835875916710245,0.8005700965267329,"POLYGON ((645501.9 2433734, 645501.2 2433708, 645499.2 2433682, 645495.7 2433656, 645491 2433630, 645484.9 2433605, 645477.4 2433580, 645468.7 2433555, 645458.7 2433531, 645447.4 2433507, 645434.9 2433484, 645421.2 2433462, 645406.4 2433440, 645390.5 2433420, 645373.5 2433400, 645355.5 2433381, 645336.5 2433363, 645316.6 2433346, 645295.8 2433330, 645274.2 2433315, 645251.9 2433301, 645228.9 2433289, 645205.3 2433278, 645181.1 2433268, 645156.4 2433259, 645131.3 2433251, 645105.9 2433245, 645080.1 2433240, 645054.2 2433237, 645028.1 2433235, 645001.9 2433234, 644975.7 2433235, 644949.6 2433237, 644923.7 2433240, 644897.9 2433245, 644872.5 2433251, 644847.4 2433259, 644822.7 2433268, 644798.5 2433278, 644774.9 2433289, 644751.9 2433301, 644729.6 2433315, 644708 2433330, 644687.2 2433346, 644667.3 2433363, 644648.3 2433381, 644630.3 2433400, 644613.3 2433420, 644597.4 2433440, 644582.6 2433462, 644568.9 2433484, 644556.4 2433507, 644545.1 2433531, 644535.1 2433555, 644526.4 2433580, 644518.9 2433605, 644512.8 2433630, 644508.1 2433656, 644504.6 2433682, 644502.6 2433708, 644501.9 2433734, 644502.6 2433760, 644504.6 2433787, 644508.1 2433813, 644512.8 2433838, 644518.9 2433864, 644526.4 2433889, 644535.1 2433913, 644545.1 2433938, 644556.4 2433961, 644568.9 2433984, 644582.6 2434007, 644597.4 2434028, 644613.3 2434049, 644630.3 2434069, 644648.3 2434088, 644667.3 2434106, 644687.2 2434123, 644708 2434139, 644729.6 2434154, 644751.9 2434167, 644774.9 2434180, 644798.5 2434191, 644822.7 2434201, 644847.4 2434210, 644872.5 2434217, 644897.9 2434223, 644923.7 2434228, 644949.6 2434232, 644975.7 2434234, 645001.9 2434234, 645028.1 2434234, 645054.2 2434232, 645080.1 2434228, 645105.9 2434223, 645131.3 2434217, 645156.4 2434210, 645181.1 2434201, 645205.3 2434191, 645228.9 2434180, 645251.9 2434167, 645274.2 2434154, 645295.8 2434139, 645316.6 2434123, 645336.5 2434106, 645355.5 2434088, 645373.5 2434069, 645390.5 2434049, 645406.4 2434028, 645421.2 2434007, 645434.9 2433984, 645447.4 2433961, 645458.7 2433938, 645468.7 2433913, 645477.4 2433889, 645484.9 2433864, 645491 2433838, 645495.7 2433813, 645499.2 2433787, 645501.2 2433760, 645501.9 2433734))"
5,20260514,Forest,7049.3814250000005,62.13958925543634,2.551398109032388,1,Dai,火葬,有,1,0,0,585,5.035152082355086,429.4694428700016,1174.6080322265625,6.283308982849121,86.09328853148492,361031.0119628906,0,0.13188519071450497,1,78,0,0,53069.42710876465,0.14699409566017976,1,0,0.06813215616444272,0.9976763048686603,8.860695150822083,4.129383293956514,0.936641486972757,"POLYGON ((647011.7 2440202, 647011.1 2440175, 647009 2440149, 647005.6 2440123, 647000.8 2440098, 646994.7 2440072, 646987.3 2440047, 646978.5 2440022, 646968.5 2439998, 646957.3 2439975, 646944.8 2439952, 646931.1 2439929, 646916.3 2439908, 646900.3 2439887, 646883.3 2439867, 646865.3 2439848, 646846.3 2439830, 646826.4 2439813, 646805.6 2439797, 646784.1 2439782, 646761.7 2439768, 646738.7 2439756, 646715.1 2439745, 646690.9 2439735, 646666.3 2439726, 646641.2 2439719, 646615.7 2439712, 646590 2439708, 646564 2439704, 646537.9 2439702, 646511.7 2439702, 646485.6 2439702, 646459.5 2439704, 646433.5 2439708, 646407.8 2439712, 646382.3 2439719, 646357.2 2439726, 646332.6 2439735, 646308.4 2439745, 646284.8 2439756, 646261.7 2439768, 646239.4 2439782, 646217.9 2439797, 646197.1 2439813, 646177.2 2439830, 646158.2 2439848, 646140.2 2439867, 646123.2 2439887, 646107.2 2439908, 646092.4 2439929, 646078.7 2439952, 646066.2 2439975, 646055 2439998, 646045 2440022, 646036.2 2440047, 646028.8 2440072, 646022.7 2440098, 646017.9 2440123, 646014.5 2440149, 646012.4 2440175, 646011.7 2440202, 646012.4 2440228, 646014.5 2440254, 646017.9 2440280, 646022.7 2440305, 646028.8 2440331, 646036.2 2440356, 646045 2440381, 646055 2440405, 646066.2 2440428, 646078.7 2440452, 646092.4 2440474, 646107.2 2440495, 646123.2 2440516, 646140.2 2440536, 646158.2 2440555, 646177.2 2440573, 646197.1 2440590, 646217.9 2440606, 646239.4 2440621, 646261.7 2440635, 646284.8 2440647, 646308.4 2440658, 646332.6 2440668, 646357.2 2440677, 646382.3 2440684, 646407.8 2440691, 646433.5 2440695, 646459.5 2440699, 646485.6 2440701, 646511.7 2440702, 646537.9 2440701, 646564 2440699, 646590 2440695, 646615.7 2440691, 646641.2 2440684, 646666.3 2440677, 646690.9 2440668, 646715.1 2440658, 646738.7 2440647, 646761.7 2440635, 646784.1 2440621, 646805.6 2440606, 646826.4 2440590, 646846.3 2440573, 646865.3 2440555, 646883.3 2440536, 646900.3 2440516, 646916.3 2440495, 646931.1 2440474, 646944.8 2440452, 646957.3 2440428, 646968.5 2440405, 646978.5 2440381, 646987.3 2440356, 646994.7 2440331, 647000.8 2440305, 647005.6 2440280, 647009 2440254, 647011.1 2440228, 647011.7 2440202))"
5,20260514,Forest,7228.991849999999,125.94885561236832,2.2268100633762242,1,Dai,火葬,有,1,0,0,588,163.2039759918787,803.8243917104655,1173.0335693359375,1.7144948244094849,135.89587288898733,39910.79292297363,0,0.1884265318961233,1,80,0,0,9945.574378967285,0.24919510865549274,1,0,-0.7180761681352847,0.695964522627516,8.885854865596148,4.835875916710245,0.8005700965267329,"POLYGON ((648628.4 2432940, 648627.7 2432913, 648625.6 2432887, 648622.2 2432861, 648617.5 2432836, 648611.3 2432810, 648603.9 2432785, 648595.2 2432760, 648585.2 2432736, 648573.9 2432713, 648561.4 2432690, 648547.7 2432667, 648532.9 2432646, 648517 2432625, 648500 2432605, 648481.9 2432586, 648462.9 2432568, 648443 2432551, 648422.3 2432535, 648400.7 2432520, 648378.4 2432507, 648355.4 2432494, 648331.7 2432483, 648307.6 2432473, 648282.9 2432464, 648257.8 2432457, 648232.3 2432451, 648206.6 2432446, 648180.6 2432442, 648154.5 2432440, 648128.4 2432440, 648102.2 2432440, 648076.1 2432442, 648050.2 2432446, 648024.4 2432451, 647999 2432457, 647973.9 2432464, 647949.2 2432473, 647925 2432483, 647901.4 2432494, 647878.4 2432507, 647856.1 2432520, 647834.5 2432535, 647813.7 2432551, 647793.8 2432568, 647774.8 2432586, 647756.8 2432605, 647739.8 2432625, 647723.9 2432646, 647709 2432667, 647695.4 2432690, 647682.9 2432713, 647671.6 2432736, 647661.6 2432760, 647652.9 2432785, 647645.4 2432810, 647639.3 2432836, 647634.5 2432861, 647631.1 2432887, 647629.1 2432913, 647628.4 2432940, 647629.1 2432966, 647631.1 2432992, 647634.5 2433018, 647639.3 2433044, 647645.4 2433069, 647652.9 2433094, 647661.6 2433119, 647671.6 2433143, 647682.9 2433167, 647695.4 2433190, 647709 2433212, 647723.9 2433234, 647739.8 2433254, 647756.8 2433274, 647774.8 2433293, 647793.8 2433311, 647813.7 2433328, 647834.5 2433344, 647856.1 2433359, 647878.4 2433373, 647901.4 2433385, 647925 2433396, 647949.2 2433406, 647973.9 2433415, 647999 2433423, 648024.4 2433429, 648050.2 2433433, 648076.1 2433437, 648102.2 2433439, 648128.4 2433440, 648154.5 2433439, 648180.6 2433437, 648206.6 2433433, 648232.3 2433429, 648257.8 2433423, 648282.9 2433415, 648307.6 2433406, 648331.7 2433396, 648355.4 2433385, 648378.4 2433373, 648400.7 2433359, 648422.3 2433344, 648443 2433328, 648462.9 2433311, 648481.9 2433293, 648500 2433274, 648517 2433254, 648532.9 2433234, 648547.7 2433212, 648561.4 2433190, 648573.9 2433167, 648585.2 2433143, 648595.2 2433119, 648603.9 2433094, 648611.3 2433069, 648617.5 2433044, 648622.2 2433018, 648625.6 2432992, 648627.7 2432966, 648628.4 2432940))"
5,20260514,Forest,9919.21515,122.74373955556506,2.1520049735778675,1,Dai,火葬,有,1,0,0,590,301.14864673906413,304.94024925634085,1189.4105224609375,5.093732833862305,116.45555503088269,91657.4592590332,0,0.1534933746152545,1,82,0,0,40130.94177246094,0.4378360702651255,1,0,-0.44550346846398625,0.8952802128867576,9.202229079205381,4.8100987637900134,0.766399953438999,"POLYGON ((655781.9 2433399, 655781.2 2433373, 655779.2 2433347, 655775.7 2433321, 655771 2433295, 655764.9 2433269, 655757.4 2433244, 655748.7 2433220, 655738.7 2433195, 655727.4 2433172, 655714.9 2433149, 655701.2 2433127, 655686.4 2433105, 655670.5 2433084, 655653.5 2433064, 655635.5 2433045, 655616.5 2433027, 655596.6 2433010, 655575.8 2432994, 655554.2 2432979, 655531.9 2432966, 655508.9 2432953, 655485.3 2432942, 655461.1 2432932, 655436.4 2432923, 655411.3 2432916, 655385.9 2432910, 655360.1 2432905, 655334.2 2432902, 655308.1 2432900, 655281.9 2432899, 655255.7 2432900, 655229.6 2432902, 655203.7 2432905, 655177.9 2432910, 655152.5 2432916, 655127.4 2432923, 655102.7 2432932, 655078.5 2432942, 655054.9 2432953, 655031.9 2432966, 655009.6 2432979, 654988 2432994, 654967.2 2433010, 654947.3 2433027, 654928.4 2433045, 654910.3 2433064, 654893.3 2433084, 654877.4 2433105, 654862.6 2433127, 654848.9 2433149, 654836.4 2433172, 654825.1 2433195, 654815.1 2433220, 654806.4 2433244, 654798.9 2433269, 654792.8 2433295, 654788.1 2433321, 654784.6 2433347, 654782.6 2433373, 654781.9 2433399, 654782.6 2433425, 654784.6 2433451, 654788.1 2433477, 654792.8 2433503, 654798.9 2433528, 654806.4 2433553, 654815.1 2433578, 654825.1 2433602, 654836.4 2433626, 654848.9 2433649, 654862.6 2433671, 654877.4 2433693, 654893.3 2433713, 654910.3 2433733, 654928.4 2433752, 654947.3 2433770, 654967.2 2433787, 654988 2433803, 655009.6 2433818, 655031.9 2433832, 655054.9 2433844, 655078.5 2433856, 655102.7 2433866, 655127.4 2433874, 655152.5 2433882, 655177.9 2433888, 655203.7 2433893, 655229.6 2433896, 655255.7 2433898, 655281.9 2433899, 655308.1 2433898, 655334.2 2433896, 655360.1 2433893, 655385.9 2433888, 655411.3 2433882, 655436.4 2433874, 655461.1 2433866, 655485.3 2433856, 655508.9 2433844, 655531.9 2433832, 655554.2 2433818, 655575.8 2433803, 655596.6 2433787, 655616.5 2433770, 655635.5 2433752, 655653.5 2433733, 655670.5 2433713, 655686.4 2433693, 655701.2 2433671, 655714.9 2433649, 655727.4 2433626, 655738.7 2433602, 655748.7 2433578, 655757.4 2433553, 655764.9 2433528, 655771 2433503, 655775.7 2433477, 655779.2 2433451, 655781.2 2433425, 655781.9 2433399))"
5,20260514,Forest,9919.21515,122.74373955556506,2.1520049735778675,1,Dai,火葬,有,1,0,0,591,355.80344587774965,374.752055591421,1188.30078125,5.261242389678955,262.27872254495634,267253.93981933594,0,0.19543160266967408,1,83,0,0,66152.56805419922,0.24752700782977588,1,0,-0.13435418932400411,-0.9909333740525089,9.202229079205381,4.8100987637900134,0.766399953438999,"POLYGON ((655916.5 2432971, 655915.8 2432945, 655913.8 2432919, 655910.4 2432893, 655905.6 2432867, 655899.5 2432841, 655892 2432816, 655883.3 2432792, 655873.3 2432768, 655862 2432744, 655849.5 2432721, 655835.9 2432699, 655821 2432677, 655805.1 2432656, 655788.1 2432636, 655770.1 2432617, 655751.1 2432599, 655731.2 2432582, 655710.4 2432566, 655688.8 2432552, 655666.5 2432538, 655643.5 2432525, 655619.9 2432514, 655595.7 2432504, 655571 2432495, 655545.9 2432488, 655520.5 2432482, 655494.7 2432477, 655468.8 2432474, 655442.7 2432472, 655416.5 2432471, 655390.4 2432472, 655364.3 2432474, 655338.3 2432477, 655312.6 2432482, 655287.1 2432488, 655262 2432495, 655237.3 2432504, 655213.2 2432514, 655189.5 2432525, 655166.5 2432538, 655144.2 2432552, 655122.6 2432566, 655101.9 2432582, 655082 2432599, 655063 2432617, 655044.9 2432636, 655027.9 2432656, 655012 2432677, 654997.2 2432699, 654983.5 2432721, 654971 2432744, 654959.7 2432768, 654949.7 2432792, 654941 2432816, 654933.6 2432841, 654927.4 2432867, 654922.7 2432893, 654919.3 2432919, 654917.2 2432945, 654916.5 2432971, 654917.2 2432997, 654919.3 2433023, 654922.7 2433049, 654927.4 2433075, 654933.6 2433100, 654941 2433125, 654949.7 2433150, 654959.7 2433174, 654971 2433198, 654983.5 2433221, 654997.2 2433243, 655012 2433265, 655027.9 2433286, 655044.9 2433305, 655063 2433324, 655082 2433342, 655101.9 2433359, 655122.6 2433375, 655144.2 2433390, 655166.5 2433404, 655189.5 2433416, 655213.2 2433428, 655237.3 2433438, 655262 2433446, 655287.1 2433454, 655312.6 2433460, 655338.3 2433465, 655364.3 2433468, 655390.4 2433470, 655416.5 2433471, 655442.7 2433470, 655468.8 2433468, 655494.7 2433465, 655520.5 2433460, 655545.9 2433454, 655571 2433446, 655595.7 2433438, 655619.9 2433428, 655643.5 2433416, 655666.5 2433404, 655688.8 2433390, 655710.4 2433375, 655731.2 2433359, 655751.1 2433342, 655770.1 2433324, 655788.1 2433305, 655805.1 2433286, 655821 2433265, 655835.9 2433243, 655849.5 2433221, 655862 2433198, 655873.3 2433174, 655883.3 2433150, 655892 2433125, 655899.5 2433100, 655905.6 2433075, 655910.4 2433049, 655913.8 2433023, 655915.8 2432997, 655916.5 2432971))"
5,20260514,Forest,9919.21515,122.74373955556506,2.1520049735778675,1,Dai,火葬,有,1,0,0,592,324.6316624142457,840.6614945425165,1207.5272216796875,9.651277542114258,291.18971772938187,217523.35052490234,0,0.01532927685380592,1,84,0,0,55507.69844055176,0.25518041307568573,1,0,0.36145724991816625,-0.9323886831582612,9.202229079205381,4.8100987637900134,0.766399953438999,"POLYGON ((656629.2 2433942, 656628.5 2433916, 656626.4 2433890, 656623 2433864, 656618.3 2433838, 656612.1 2433813, 656604.7 2433788, 656596 2433763, 656586 2433739, 656574.7 2433715, 656562.2 2433692, 656548.5 2433670, 656533.7 2433648, 656517.8 2433627, 656500.8 2433608, 656482.7 2433589, 656463.7 2433571, 656443.8 2433554, 656423.1 2433538, 656401.5 2433523, 656379.2 2433509, 656356.2 2433497, 656332.5 2433485, 656308.4 2433475, 656283.7 2433467, 656258.6 2433459, 656233.1 2433453, 656207.4 2433448, 656181.4 2433445, 656155.3 2433443, 656129.2 2433442, 656103 2433443, 656076.9 2433445, 656051 2433448, 656025.2 2433453, 655999.8 2433459, 655974.7 2433467, 655950 2433475, 655925.8 2433485, 655902.2 2433497, 655879.2 2433509, 655856.9 2433523, 655835.3 2433538, 655814.5 2433554, 655794.6 2433571, 655775.6 2433589, 655757.6 2433608, 655740.6 2433627, 655724.7 2433648, 655709.8 2433670, 655696.2 2433692, 655683.7 2433715, 655672.4 2433739, 655662.4 2433763, 655653.7 2433788, 655646.2 2433813, 655640.1 2433838, 655635.3 2433864, 655631.9 2433890, 655629.9 2433916, 655629.2 2433942, 655629.9 2433968, 655631.9 2433994, 655635.3 2434020, 655640.1 2434046, 655646.2 2434072, 655653.7 2434097, 655662.4 2434121, 655672.4 2434146, 655683.7 2434169, 655696.2 2434192, 655709.8 2434214, 655724.7 2434236, 655740.6 2434257, 655757.6 2434277, 655775.6 2434296, 655794.6 2434314, 655814.5 2434331, 655835.3 2434347, 655856.9 2434361, 655879.2 2434375, 655902.2 2434388, 655925.8 2434399, 655950 2434409, 655974.7 2434418, 655999.8 2434425, 656025.2 2434431, 656051 2434436, 656076.9 2434439, 656103 2434441, 656129.2 2434442, 656155.3 2434441, 656181.4 2434439, 656207.4 2434436, 656233.1 2434431, 656258.6 2434425, 656283.7 2434418, 656308.4 2434409, 656332.5 2434399, 656356.2 2434388, 656379.2 2434375, 656401.5 2434361, 656423.1 2434347, 656443.8 2434331, 656463.7 2434314, 656482.7 2434296, 656500.8 2434277, 656517.8 2434257, 656533.7 2434236, 656548.5 2434214, 656562.2 2434192, 656574.7 2434169, 656586 2434146, 656596 2434121, 656604.7 2434097, 656612.1 2434072, 656618.3 2434046, 656623 2434020, 656626.4 2433994, 656628.5 2433968, 656629.2 2433942))"
5,20260514,Forest,9919.21515,122.74373955556506,2.1520049735778675,1,Dai,火葬,有,1,0,0,593,718.0651856612362,458.53149255781665,1191.773681640625,6.217772006988525,16.466282544750978,80558.60366821289,0,0.03232697940164233,1,85,0,0,4491.705751419067,0.05575699611078812,1,0,0.9589867063575498,0.28345104873593,9.202229079205381,4.8100987637900134,0.766399953438999,"POLYGON ((654591 2432212, 654590.3 2432185, 654588.3 2432159, 654584.9 2432133, 654580.1 2432108, 654574 2432082, 654566.5 2432057, 654557.8 2432032, 654547.8 2432008, 654536.5 2431985, 654524 2431962, 654510.4 2431939, 654495.5 2431918, 654479.6 2431897, 654462.6 2431877, 654444.6 2431858, 654425.6 2431840, 654405.7 2431823, 654384.9 2431807, 654363.3 2431792, 654341 2431779, 654318 2431766, 654294.4 2431755, 654270.2 2431745, 654245.5 2431736, 654220.4 2431729, 654195 2431723, 654169.2 2431718, 654143.3 2431714, 654117.2 2431712, 654091 2431712, 654064.9 2431712, 654038.8 2431714, 654012.8 2431718, 653987.1 2431723, 653961.6 2431729, 653936.5 2431736, 653911.8 2431745, 653887.7 2431755, 653864 2431766, 653841 2431779, 653818.7 2431792, 653797.1 2431807, 653776.4 2431823, 653756.5 2431840, 653737.5 2431858, 653719.4 2431877, 653702.4 2431897, 653686.5 2431918, 653671.7 2431939, 653658 2431962, 653645.5 2431985, 653634.2 2432008, 653624.2 2432032, 653615.5 2432057, 653608.1 2432082, 653601.9 2432108, 653597.2 2432133, 653593.8 2432159, 653591.7 2432185, 653591 2432212, 653591.7 2432238, 653593.8 2432264, 653597.2 2432290, 653601.9 2432316, 653608.1 2432341, 653615.5 2432366, 653624.2 2432391, 653634.2 2432415, 653645.5 2432439, 653658 2432462, 653671.7 2432484, 653686.5 2432505, 653702.4 2432526, 653719.4 2432546, 653737.5 2432565, 653756.5 2432583, 653776.4 2432600, 653797.1 2432616, 653818.7 2432631, 653841 2432645, 653864 2432657, 653887.7 2432668, 653911.8 2432678, 653936.5 2432687, 653961.6 2432695, 653987.1 2432701, 654012.8 2432705, 654038.8 2432709, 654064.9 2432711, 654091 2432712, 654117.2 2432711, 654143.3 2432709, 654169.2 2432705, 654195 2432701, 654220.4 2432695, 654245.5 2432687, 654270.2 2432678, 654294.4 2432668, 654318 2432657, 654341 2432645, 654363.3 2432631, 654384.9 2432616, 654405.7 2432600, 654425.6 2432583, 654444.6 2432565, 654462.6 2432546, 654479.6 2432526, 654495.5 2432505, 654510.4 2432484, 654524 2432462, 654536.5 2432439, 654547.8 2432415, 654557.8 2432391, 654566.5 2432366, 654574 2432341, 654580.1 2432316, 654584.9 2432290, 654588.3 2432264, 654590.3 2432238, 654591 2432212))"
5,20260514,Forest,9919.21515,122.74373955556506,2.1520049735778675,1,Dai,火葬,有,1,0,0,594,5.625274139359995,853.9034958327421,1173.6851806640625,2.8487331867218018,128.06304564678308,58294.15740966797,1800,0.15499632100654104,1,86,0,0,8533.570289611816,0.14638808876919354,1,0,-0.6165281933113936,0.7873328310518931,9.202229079205381,4.8100987637900134,0.766399953438999,"POLYGON ((652582.9 2432409, 652582.2 2432383, 652580.1 2432356, 652576.7 2432331, 652572 2432305, 652565.8 2432279, 652558.4 2432254, 652549.7 2432230, 652539.7 2432205, 652528.4 2432182, 652515.9 2432159, 652502.2 2432136, 652487.4 2432115, 652471.5 2432094, 652454.5 2432074, 652436.4 2432055, 652417.5 2432037, 652397.5 2432020, 652376.8 2432004, 652355.2 2431989, 652332.9 2431976, 652309.9 2431963, 652286.3 2431952, 652262.1 2431942, 652237.4 2431933, 652212.3 2431926, 652186.8 2431920, 652161.1 2431915, 652135.1 2431911, 652109.1 2431909, 652082.9 2431909, 652056.7 2431909, 652030.6 2431911, 652004.7 2431915, 651978.9 2431920, 651953.5 2431926, 651928.4 2431933, 651903.7 2431942, 651879.5 2431952, 651855.9 2431963, 651832.9 2431976, 651810.6 2431989, 651789 2432004, 651768.2 2432020, 651748.3 2432037, 651729.3 2432055, 651711.3 2432074, 651694.3 2432094, 651678.4 2432115, 651663.6 2432136, 651649.9 2432159, 651637.4 2432182, 651626.1 2432205, 651616.1 2432230, 651607.4 2432254, 651599.9 2432279, 651593.8 2432305, 651589 2432331, 651585.6 2432356, 651583.6 2432383, 651582.9 2432409, 651583.6 2432435, 651585.6 2432461, 651589 2432487, 651593.8 2432513, 651599.9 2432538, 651607.4 2432563, 651616.1 2432588, 651626.1 2432612, 651637.4 2432636, 651649.9 2432659, 651663.6 2432681, 651678.4 2432703, 651694.3 2432723, 651711.3 2432743, 651729.3 2432762, 651748.3 2432780, 651768.2 2432797, 651789 2432813, 651810.6 2432828, 651832.9 2432842, 651855.9 2432854, 651879.5 2432866, 651903.7 2432876, 651928.4 2432884, 651953.5 2432892, 651978.9 2432898, 652004.7 2432903, 652030.6 2432906, 652056.7 2432908, 652082.9 2432909, 652109.1 2432908, 652135.1 2432906, 652161.1 2432903, 652186.8 2432898, 652212.3 2432892, 652237.4 2432884, 652262.1 2432876, 652286.3 2432866, 652309.9 2432854, 652332.9 2432842, 652355.2 2432828, 652376.8 2432813, 652397.5 2432797, 652417.5 2432780, 652436.4 2432762, 652454.5 2432743, 652471.5 2432723, 652487.4 2432703, 652502.2 2432681, 652515.9 2432659, 652528.4 2432636, 652539.7 2432612, 652549.7 2432588, 652558.4 2432563, 652565.8 2432538, 652572 2432513, 652576.7 2432487, 652580.1 2432461, 652582.2 2432435, 652582.9 2432409))"
5,20260514,Forest,11480.645924999999,197.10260251095193,1.7151607963246553,1,Dai,火葬,有,1,0,0,595,249.689826251221,412.1989162034064,1187.7845458984375,5.1845269203186035,277.9559811818571,163514.5477294922,0,0.20309020546575263,1,87,0,0,5400,0.03302458450934536,1,0,0.13841226343547963,-0.9903746994600919,9.34841793353463,5.28372441808445,0.5395068350127091,"POLYGON ((650189.4 2431623, 650188.7 2431597, 650186.7 2431571, 650183.3 2431545, 650178.5 2431519, 650172.4 2431494, 650165 2431469, 650156.2 2431444, 650146.2 2431420, 650134.9 2431396, 650122.4 2431373, 650108.8 2431351, 650093.9 2431330, 650078 2431309, 650061 2431289, 650043 2431270, 650024 2431252, 650004.1 2431235, 649983.3 2431219, 649961.7 2431204, 649939.4 2431190, 649916.4 2431178, 649892.8 2431167, 649868.6 2431157, 649843.9 2431148, 649818.8 2431140, 649793.4 2431134, 649767.6 2431130, 649741.7 2431126, 649715.6 2431124, 649689.4 2431123, 649663.3 2431124, 649637.2 2431126, 649611.2 2431130, 649585.5 2431134, 649560 2431140, 649534.9 2431148, 649510.2 2431157, 649486.1 2431167, 649462.4 2431178, 649439.4 2431190, 649417.1 2431204, 649395.5 2431219, 649374.8 2431235, 649354.9 2431252, 649335.9 2431270, 649317.9 2431289, 649300.9 2431309, 649284.9 2431330, 649270.1 2431351, 649256.4 2431373, 649243.9 2431396, 649232.7 2431420, 649222.6 2431444, 649213.9 2431469, 649206.5 2431494, 649200.4 2431519, 649195.6 2431545, 649192.2 2431571, 649190.1 2431597, 649189.4 2431623, 649190.1 2431650, 649192.2 2431676, 649195.6 2431702, 649200.4 2431727, 649206.5 2431753, 649213.9 2431778, 649222.6 2431803, 649232.7 2431827, 649243.9 2431850, 649256.4 2431873, 649270.1 2431896, 649284.9 2431917, 649300.9 2431938, 649317.9 2431958, 649335.9 2431977, 649354.9 2431995, 649374.8 2432012, 649395.5 2432028, 649417.1 2432043, 649439.4 2432056, 649462.4 2432069, 649486.1 2432080, 649510.2 2432090, 649534.9 2432099, 649560 2432106, 649585.5 2432113, 649611.2 2432117, 649637.2 2432121, 649663.3 2432123, 649689.4 2432123, 649715.6 2432123, 649741.7 2432121, 649767.6 2432117, 649793.4 2432113, 649818.8 2432106, 649843.9 2432099, 649868.6 2432090, 649892.8 2432080, 649916.4 2432069, 649939.4 2432056, 649961.7 2432043, 649983.3 2432028, 650004.1 2432012, 650024 2431995, 650043 2431977, 650061 2431958, 650078 2431938, 650093.9 2431917, 650108.8 2431896, 650122.4 2431873, 650134.9 2431850, 650146.2 2431827, 650156.2 2431803, 650165 2431778, 650172.4 2431753, 650178.5 2431727, 650183.3 2431702, 650186.7 2431676, 650188.7 2431650, 650189.4 2431623))"
5,20260514,Forest,11480.645924999999,197.10260251095193,1.7151607963246553,1,Dai,火葬,有,1,0,0,596,219.99356063921158,478.9931867171715,1185.5638427734375,4.8368144035339355,83.31742652260215,146354.5623779297,0,0.10950050644653452,1,88,0,0,5400,0.03689669739202009,1,0,0.11636865865924534,0.9932060890277747,9.34841793353463,5.28372441808445,0.5395068350127091,"POLYGON ((650134.4 2431563, 650133.7 2431537, 650131.7 2431511, 650128.3 2431485, 650123.5 2431459, 650117.4 2431434, 650110 2431409, 650101.2 2431384, 650091.2 2431360, 650079.9 2431336, 650067.4 2431313, 650053.8 2431291, 650038.9 2431270, 650023 2431249, 650006 2431229, 649988 2431210, 649969 2431192, 649949.1 2431175, 649928.3 2431159, 649906.8 2431144, 649884.4 2431130, 649861.4 2431118, 649837.8 2431107, 649813.6 2431097, 649788.9 2431088, 649763.8 2431080, 649738.4 2431074, 649712.7 2431070, 649686.7 2431066, 649660.6 2431064, 649634.4 2431063, 649608.3 2431064, 649582.2 2431066, 649556.2 2431070, 649530.5 2431074, 649505 2431080, 649479.9 2431088, 649455.2 2431097, 649431.1 2431107, 649407.4 2431118, 649384.4 2431130, 649362.1 2431144, 649340.5 2431159, 649319.8 2431175, 649299.9 2431192, 649280.9 2431210, 649262.9 2431229, 649245.9 2431249, 649229.9 2431270, 649215.1 2431291, 649201.4 2431313, 649188.9 2431336, 649177.7 2431360, 649167.6 2431384, 649158.9 2431409, 649151.5 2431434, 649145.4 2431459, 649140.6 2431485, 649137.2 2431511, 649135.1 2431537, 649134.4 2431563, 649135.1 2431590, 649137.2 2431616, 649140.6 2431642, 649145.4 2431667, 649151.5 2431693, 649158.9 2431718, 649167.6 2431743, 649177.7 2431767, 649188.9 2431790, 649201.4 2431813, 649215.1 2431836, 649229.9 2431857, 649245.9 2431878, 649262.9 2431898, 649280.9 2431917, 649299.9 2431935, 649319.8 2431952, 649340.5 2431968, 649362.1 2431983, 649384.4 2431996, 649407.4 2432009, 649431.1 2432020, 649455.2 2432030, 649479.9 2432039, 649505 2432046, 649530.5 2432052, 649556.2 2432057, 649582.2 2432061, 649608.3 2432063, 649634.4 2432063, 649660.6 2432063, 649686.7 2432061, 649712.7 2432057, 649738.4 2432052, 649763.8 2432046, 649788.9 2432039, 649813.6 2432030, 649837.8 2432020, 649861.4 2432009, 649884.4 2431996, 649906.8 2431983, 649928.3 2431968, 649949.1 2431952, 649969 2431935, 649988 2431917, 650006 2431898, 650023 2431878, 650038.9 2431857, 650053.8 2431836, 650067.4 2431813, 650079.9 2431790, 650091.2 2431767, 650101.2 2431743, 650110 2431718, 650117.4 2431693, 650123.5 2431667, 650128.3 2431642, 650131.7 2431616, 650133.7 2431590, 650134.4 2431563))"
5,20260514,Forest,10452.802325,124.13642428963009,1.6224724264705883,1,Dai,火葬,有,1,0,0,597,300.78110038711105,805.6942566229682,1186.747802734375,4.088342189788818,20.54961533309902,73269.49081420898,0,0.053338481067106876,1,89,0,0,2700,0.03685026291292849,1,0,0.9363685756899546,0.3510183619988644,9.2546253865149,4.821381156717196,0.48395117498056833,"POLYGON ((648466.6 2427734, 648465.9 2427708, 648463.9 2427682, 648460.5 2427656, 648455.7 2427630, 648449.6 2427605, 648442.2 2427580, 648433.4 2427555, 648423.4 2427531, 648412.1 2427507, 648399.6 2427484, 648386 2427462, 648371.1 2427440, 648355.2 2427420, 648338.2 2427400, 648320.2 2427381, 648301.2 2427363, 648281.3 2427346, 648260.5 2427330, 648239 2427315, 648216.6 2427301, 648193.6 2427289, 648170 2427277, 648145.8 2427267, 648121.1 2427259, 648096 2427251, 648070.6 2427245, 648044.9 2427240, 648018.9 2427237, 647992.8 2427235, 647966.6 2427234, 647940.5 2427235, 647914.4 2427237, 647888.4 2427240, 647862.7 2427245, 647837.2 2427251, 647812.1 2427259, 647787.5 2427267, 647763.3 2427277, 647739.6 2427289, 647716.6 2427301, 647694.3 2427315, 647672.7 2427330, 647652 2427346, 647632.1 2427363, 647613.1 2427381, 647595.1 2427400, 647578.1 2427420, 647562.1 2427440, 647547.3 2427462, 647533.6 2427484, 647521.1 2427507, 647509.9 2427531, 647499.8 2427555, 647491.1 2427580, 647483.7 2427605, 647477.6 2427630, 647472.8 2427656, 647469.4 2427682, 647467.3 2427708, 647466.6 2427734, 647467.3 2427760, 647469.4 2427787, 647472.8 2427812, 647477.6 2427838, 647483.7 2427864, 647491.1 2427889, 647499.8 2427913, 647509.9 2427938, 647521.1 2427961, 647533.6 2427984, 647547.3 2428007, 647562.1 2428028, 647578.1 2428049, 647595.1 2428069, 647613.1 2428088, 647632.1 2428106, 647652 2428123, 647672.7 2428139, 647694.3 2428154, 647716.6 2428167, 647739.6 2428180, 647763.3 2428191, 647787.5 2428201, 647812.1 2428210, 647837.2 2428217, 647862.7 2428223, 647888.4 2428228, 647914.4 2428232, 647940.5 2428234, 647966.6 2428234, 647992.8 2428234, 648018.9 2428232, 648044.9 2428228, 648070.6 2428223, 648096 2428217, 648121.1 2428210, 648145.8 2428201, 648170 2428191, 648193.6 2428180, 648216.6 2428167, 648239 2428154, 648260.5 2428139, 648281.3 2428123, 648301.2 2428106, 648320.2 2428088, 648338.2 2428069, 648355.2 2428049, 648371.1 2428028, 648386 2428007, 648399.6 2427984, 648412.1 2427961, 648423.4 2427938, 648433.4 2427913, 648442.2 2427889, 648449.6 2427864, 648455.7 2427838, 648460.5 2427812, 648463.9 2427787, 648465.9 2427760, 648466.6 2427734))"
5,20260514,Forest,7228.991849999999,125.94885561236832,2.2268100633762242,1,Dai,火葬,有,1,0,0,598,56.405607388466166,544.244586060227,1190.66162109375,5.630478858947754,12.392746434032015,102917.3469543457,0,0.10032696936781846,1,90,0,0,3198.9277839660645,0.031082493657605785,1,0,0.9766994557010783,0.21461168009504358,8.885854865596148,4.835875916710245,0.8005700965267329,"POLYGON ((647928.5 2430598, 647927.8 2430572, 647925.7 2430546, 647922.3 2430520, 647917.6 2430494, 647911.5 2430469, 647904 2430444, 647895.3 2430419, 647885.3 2430395, 647874 2430371, 647861.5 2430348, 647847.8 2430326, 647833 2430304, 647817.1 2430283, 647800.1 2430263, 647782 2430244, 647763.1 2430226, 647743.1 2430209, 647722.4 2430194, 647700.8 2430179, 647678.5 2430165, 647655.5 2430153, 647631.9 2430141, 647607.7 2430131, 647583 2430123, 647557.9 2430115, 647532.4 2430109, 647506.7 2430104, 647480.8 2430101, 647454.7 2430099, 647428.5 2430098, 647402.3 2430099, 647376.2 2430101, 647350.3 2430104, 647324.5 2430109, 647299.1 2430115, 647274 2430123, 647249.3 2430131, 647225.1 2430141, 647201.5 2430153, 647178.5 2430165, 647156.2 2430179, 647134.6 2430194, 647113.8 2430209, 647093.9 2430226, 647074.9 2430244, 647056.9 2430263, 647039.9 2430283, 647024 2430304, 647009.2 2430326, 646995.5 2430348, 646983 2430371, 646971.7 2430395, 646961.7 2430419, 646953 2430444, 646945.5 2430469, 646939.4 2430494, 646934.6 2430520, 646931.2 2430546, 646929.2 2430572, 646928.5 2430598, 646929.2 2430624, 646931.2 2430650, 646934.6 2430676, 646939.4 2430702, 646945.5 2430727, 646953 2430753, 646961.7 2430777, 646971.7 2430801, 646983 2430825, 646995.5 2430848, 647009.2 2430870, 647024 2430892, 647039.9 2430913, 647056.9 2430933, 647074.9 2430952, 647093.9 2430970, 647113.8 2430987, 647134.6 2431003, 647156.2 2431017, 647178.5 2431031, 647201.5 2431044, 647225.1 2431055, 647249.3 2431065, 647274 2431074, 647299.1 2431081, 647324.5 2431087, 647350.3 2431092, 647376.2 2431095, 647402.3 2431097, 647428.5 2431098, 647454.7 2431097, 647480.8 2431095, 647506.7 2431092, 647532.4 2431087, 647557.9 2431081, 647583 2431074, 647607.7 2431065, 647631.9 2431055, 647655.5 2431044, 647678.5 2431031, 647700.8 2431017, 647722.4 2431003, 647743.1 2430987, 647763.1 2430970, 647782 2430952, 647800.1 2430933, 647817.1 2430913, 647833 2430892, 647847.8 2430870, 647861.5 2430848, 647874 2430825, 647885.3 2430801, 647895.3 2430777, 647904 2430753, 647911.5 2430727, 647917.6 2430702, 647922.3 2430676, 647925.7 2430650, 647927.8 2430624, 647928.5 2430598))"
5,20260514,Forest,9919.21515,122.74373955556506,2.1520049735778675,1,Dai,火葬,有,1,0,0,599,356.56915568311376,385.7978848122744,1192.546875,4.720492362976074,20.771729869381172,207719.08264160156,3600,0.10589110340442147,1,91,0,0,28361.0652923584,0.13653567564272645,1,0,0.9350007748081242,0.35464566980044665,9.202229079205381,4.8100987637900134,0.766399953438999,"POLYGON ((651871.3 2432194, 651870.6 2432168, 651868.5 2432141, 651865.1 2432115, 651860.3 2432090, 651854.2 2432064, 651846.8 2432039, 651838 2432015, 651828 2431990, 651816.8 2431967, 651804.3 2431944, 651790.6 2431921, 651775.8 2431900, 651759.8 2431879, 651742.8 2431859, 651724.8 2431840, 651705.8 2431822, 651685.9 2431805, 651665.1 2431789, 651643.6 2431774, 651621.3 2431761, 651598.2 2431748, 651574.6 2431737, 651550.4 2431727, 651525.8 2431718, 651500.7 2431711, 651475.2 2431705, 651449.5 2431700, 651423.5 2431696, 651397.4 2431694, 651371.3 2431694, 651345.1 2431694, 651319 2431696, 651293 2431700, 651267.3 2431705, 651241.8 2431711, 651216.7 2431718, 651192.1 2431727, 651167.9 2431737, 651144.3 2431748, 651121.3 2431761, 651098.9 2431774, 651077.4 2431789, 651056.6 2431805, 651036.7 2431822, 651017.7 2431840, 650999.7 2431859, 650982.7 2431879, 650966.7 2431900, 650951.9 2431921, 650938.2 2431944, 650925.7 2431967, 650914.5 2431990, 650904.5 2432015, 650895.7 2432039, 650888.3 2432064, 650882.2 2432090, 650877.4 2432115, 650874 2432141, 650871.9 2432168, 650871.3 2432194, 650871.9 2432220, 650874 2432246, 650877.4 2432272, 650882.2 2432298, 650888.3 2432323, 650895.7 2432348, 650904.5 2432373, 650914.5 2432397, 650925.7 2432421, 650938.2 2432444, 650951.9 2432466, 650966.7 2432488, 650982.7 2432508, 650999.7 2432528, 651017.7 2432547, 651036.7 2432565, 651056.6 2432582, 651077.4 2432598, 651098.9 2432613, 651121.3 2432627, 651144.3 2432639, 651167.9 2432650, 651192.1 2432660, 651216.7 2432669, 651241.8 2432677, 651267.3 2432683, 651293 2432688, 651319 2432691, 651345.1 2432693, 651371.3 2432694, 651397.4 2432693, 651423.5 2432691, 651449.5 2432688, 651475.2 2432683, 651500.7 2432677, 651525.8 2432669, 651550.4 2432660, 651574.6 2432650, 651598.2 2432639, 651621.3 2432627, 651643.6 2432613, 651665.1 2432598, 651685.9 2432582, 651705.8 2432565, 651724.8 2432547, 651742.8 2432528, 651759.8 2432508, 651775.8 2432488, 651790.6 2432466, 651804.3 2432444, 651816.8 2432421, 651828 2432397, 651838 2432373, 651846.8 2432348, 651854.2 2432323, 651860.3 2432298, 651865.1 2432272, 651868.5 2432246, 651870.6 2432220, 651871.3 2432194))"
5,20260514,Forest,9919.21515,122.74373955556506,2.1520049735778675,1,Dai,火葬,有,1,0,0,600,72.06187960154215,564.25736992889,1180.826416015625,4.7612714767456055,139.71328347025644,215665.9881591797,11700,0.1685108730307785,1,92,0,0,18491.71199798584,0.08574236557104868,1,0,-0.7628182611290507,0.646612944881288,9.202229079205381,4.8100987637900134,0.766399953438999,"POLYGON ((651185.3 2432465, 651184.6 2432439, 651182.5 2432413, 651179.1 2432387, 651174.3 2432361, 651168.2 2432336, 651160.8 2432311, 651152 2432286, 651142 2432262, 651130.8 2432238, 651118.3 2432215, 651104.6 2432193, 651089.8 2432171, 651073.8 2432151, 651056.8 2432131, 651038.8 2432112, 651019.8 2432094, 650999.9 2432077, 650979.1 2432061, 650957.6 2432046, 650935.3 2432032, 650912.3 2432020, 650888.6 2432009, 650864.4 2431999, 650839.8 2431990, 650814.7 2431982, 650789.2 2431976, 650763.5 2431971, 650737.5 2431968, 650711.4 2431966, 650685.3 2431965, 650659.1 2431966, 650633 2431968, 650607 2431971, 650581.3 2431976, 650555.8 2431982, 650530.7 2431990, 650506.1 2431999, 650481.9 2432009, 650458.3 2432020, 650435.3 2432032, 650412.9 2432046, 650391.4 2432061, 650370.6 2432077, 650350.7 2432094, 650331.7 2432112, 650313.7 2432131, 650296.7 2432151, 650280.7 2432171, 650265.9 2432193, 650252.2 2432215, 650239.8 2432238, 650228.5 2432262, 650218.5 2432286, 650209.7 2432311, 650202.3 2432336, 650196.2 2432361, 650191.4 2432387, 650188 2432413, 650185.9 2432439, 650185.3 2432465, 650185.9 2432491, 650188 2432518, 650191.4 2432544, 650196.2 2432569, 650202.3 2432595, 650209.7 2432620, 650218.5 2432644, 650228.5 2432669, 650239.8 2432692, 650252.2 2432715, 650265.9 2432738, 650280.7 2432759, 650296.7 2432780, 650313.7 2432800, 650331.7 2432819, 650350.7 2432837, 650370.6 2432854, 650391.4 2432870, 650412.9 2432885, 650435.3 2432898, 650458.3 2432911, 650481.9 2432922, 650506.1 2432932, 650530.7 2432941, 650555.8 2432948, 650581.3 2432954, 650607 2432959, 650633 2432963, 650659.1 2432965, 650685.3 2432965, 650711.4 2432965, 650737.5 2432963, 650763.5 2432959, 650789.2 2432954, 650814.7 2432948, 650839.8 2432941, 650864.4 2432932, 650888.6 2432922, 650912.3 2432911, 650935.3 2432898, 650957.6 2432885, 650979.1 2432870, 650999.9 2432854, 651019.8 2432837, 651038.8 2432819, 651056.8 2432800, 651073.8 2432780, 651089.8 2432759, 651104.6 2432738, 651118.3 2432715, 651130.8 2432692, 651142 2432669, 651152 2432644, 651160.8 2432620, 651168.2 2432595, 651174.3 2432569, 651179.1 2432544, 651182.5 2432518, 651184.6 2432491, 651185.3 2432465))"
5,20260514,Forest,7228.991849999999,125.94885561236832,2.2268100633762242,1,Dai,火葬,有,1,0,0,601,157.44264652027633,1741.355100601926,1193.6031494140625,5.257259368896484,73.71592792771719,250519.86694335938,0,0.004255650106252028,1,93,0,0,67764.66751098633,0.2704961819507409,1,0,0.28039987721650644,0.959883278767251,8.885854865596148,4.835875916710245,0.8005700965267329,"POLYGON ((644195.2 2433204, 644194.5 2433178, 644192.5 2433152, 644189.1 2433126, 644184.3 2433100, 644178.2 2433075, 644170.7 2433050, 644162 2433025, 644152 2433001, 644140.7 2432977, 644128.2 2432954, 644114.5 2432932, 644099.7 2432910, 644083.8 2432889, 644066.8 2432869, 644048.8 2432850, 644029.8 2432832, 644009.9 2432815, 643989.1 2432800, 643967.5 2432785, 643945.2 2432771, 643922.2 2432759, 643898.6 2432747, 643874.4 2432737, 643849.7 2432729, 643824.6 2432721, 643799.2 2432715, 643773.4 2432710, 643747.5 2432707, 643721.4 2432705, 643695.2 2432704, 643669 2432705, 643642.9 2432707, 643617 2432710, 643591.3 2432715, 643565.8 2432721, 643540.7 2432729, 643516 2432737, 643491.8 2432747, 643468.2 2432759, 643445.2 2432771, 643422.9 2432785, 643401.3 2432800, 643380.6 2432815, 643360.6 2432832, 643341.7 2432850, 643323.6 2432869, 643306.6 2432889, 643290.7 2432910, 643275.9 2432932, 643262.2 2432954, 643249.7 2432977, 643238.4 2433001, 643228.4 2433025, 643219.7 2433050, 643212.2 2433075, 643206.1 2433100, 643201.4 2433126, 643198 2433152, 643195.9 2433178, 643195.2 2433204, 643195.9 2433230, 643198 2433256, 643201.4 2433282, 643206.1 2433308, 643212.2 2433333, 643219.7 2433359, 643228.4 2433383, 643238.4 2433407, 643249.7 2433431, 643262.2 2433454, 643275.9 2433476, 643290.7 2433498, 643306.6 2433519, 643323.6 2433539, 643341.7 2433558, 643360.6 2433576, 643380.6 2433593, 643401.3 2433609, 643422.9 2433623, 643445.2 2433637, 643468.2 2433650, 643491.8 2433661, 643516 2433671, 643540.7 2433680, 643565.8 2433687, 643591.3 2433693, 643617 2433698, 643642.9 2433701, 643669 2433703, 643695.2 2433704, 643721.4 2433703, 643747.5 2433701, 643773.4 2433698, 643799.2 2433693, 643824.6 2433687, 643849.7 2433680, 643874.4 2433671, 643898.6 2433661, 643922.2 2433650, 643945.2 2433637, 643967.5 2433623, 643989.1 2433609, 644009.9 2433593, 644029.8 2433576, 644048.8 2433558, 644066.8 2433539, 644083.8 2433519, 644099.7 2433498, 644114.5 2433476, 644128.2 2433454, 644140.7 2433431, 644152 2433407, 644162 2433383, 644170.7 2433359, 644178.2 2433333, 644184.3 2433308, 644189.1 2433282, 644192.5 2433256, 644194.5 2433230, 644195.2 2433204))"
5,20260514,Forest,7228.991849999999,125.94885561236832,2.2268100633762242,1,Dai,火葬,有,1,0,0,602,56.48700842592292,1417.7136525914934,1193.99853515625,4.522947311401367,316.63108471792043,137185.4278564453,0,0.023177760434036677,1,94,0,0,37978.17077636719,0.27683822815429504,1,0,0.7269473300737269,-0.686693220658745,8.885854865596148,4.835875916710245,0.8005700965267329,"POLYGON ((644523.4 2433309, 644522.7 2433283, 644520.7 2433257, 644517.3 2433231, 644512.5 2433205, 644506.4 2433180, 644499 2433155, 644490.2 2433130, 644480.2 2433106, 644468.9 2433082, 644456.4 2433059, 644442.8 2433037, 644427.9 2433015, 644412 2432995, 644395 2432975, 644377 2432956, 644358 2432938, 644338.1 2432921, 644317.3 2432905, 644295.7 2432890, 644273.4 2432876, 644250.4 2432864, 644226.8 2432852, 644202.6 2432842, 644177.9 2432834, 644152.8 2432826, 644127.4 2432820, 644101.6 2432815, 644075.7 2432812, 644049.6 2432810, 644023.4 2432809, 643997.3 2432810, 643971.2 2432812, 643945.2 2432815, 643919.5 2432820, 643894 2432826, 643868.9 2432834, 643844.2 2432842, 643820.1 2432852, 643796.4 2432864, 643773.4 2432876, 643751.1 2432890, 643729.5 2432905, 643708.8 2432921, 643688.9 2432938, 643669.9 2432956, 643651.9 2432975, 643634.8 2432995, 643618.9 2433015, 643604.1 2433037, 643590.4 2433059, 643577.9 2433082, 643566.6 2433106, 643556.6 2433130, 643547.9 2433155, 643540.5 2433180, 643534.3 2433205, 643529.6 2433231, 643526.2 2433257, 643524.1 2433283, 643523.4 2433309, 643524.1 2433335, 643526.2 2433362, 643529.6 2433387, 643534.3 2433413, 643540.5 2433439, 643547.9 2433464, 643556.6 2433488, 643566.6 2433513, 643577.9 2433536, 643590.4 2433559, 643604.1 2433582, 643618.9 2433603, 643634.8 2433624, 643651.9 2433644, 643669.9 2433663, 643688.9 2433681, 643708.8 2433698, 643729.5 2433714, 643751.1 2433729, 643773.4 2433742, 643796.4 2433755, 643820.1 2433766, 643844.2 2433776, 643868.9 2433785, 643894 2433792, 643919.5 2433798, 643945.2 2433803, 643971.2 2433807, 643997.3 2433809, 644023.4 2433809, 644049.6 2433809, 644075.7 2433807, 644101.6 2433803, 644127.4 2433798, 644152.8 2433792, 644177.9 2433785, 644202.6 2433776, 644226.8 2433766, 644250.4 2433755, 644273.4 2433742, 644295.7 2433729, 644317.3 2433714, 644338.1 2433698, 644358 2433681, 644377 2433663, 644395 2433644, 644412 2433624, 644427.9 2433603, 644442.8 2433582, 644456.4 2433559, 644468.9 2433536, 644480.2 2433513, 644490.2 2433488, 644499 2433464, 644506.4 2433439, 644512.5 2433413, 644517.3 2433387, 644520.7 2433362, 644522.7 2433335, 644523.4 2433309))"
5,20260514,Forest,7472.8425,44.82738108566082,3.0142299107142856,1,Dai,火葬,有,1,0,0,603,436.3702522226037,427.5748014049998,1201.47509765625,5.674787521362305,30.000323484533432,216471.2173461914,0,0.058576968921641236,1,95,0,0,61243.31359863281,0.28291665908031316,1,0,0.8660225808355422,0.50000488945904,8.919030727835047,3.8028191376712726,1.1033443782221637,"POLYGON ((642770.2 2433026, 642769.6 2432999, 642767.5 2432973, 642764.1 2432947, 642759.3 2432922, 642753.2 2432896, 642745.8 2432871, 642737 2432846, 642727 2432822, 642715.7 2432799, 642703.3 2432776, 642689.6 2432753, 642674.7 2432732, 642658.8 2432711, 642641.8 2432691, 642623.8 2432672, 642604.8 2432654, 642584.9 2432637, 642564.1 2432621, 642542.6 2432606, 642520.2 2432593, 642497.2 2432580, 642473.6 2432569, 642449.4 2432559, 642424.7 2432550, 642399.6 2432543, 642374.2 2432536, 642348.5 2432532, 642322.5 2432528, 642296.4 2432526, 642270.2 2432526, 642244.1 2432526, 642218 2432528, 642192 2432532, 642166.3 2432536, 642140.8 2432543, 642115.7 2432550, 642091.1 2432559, 642066.9 2432569, 642043.2 2432580, 642020.2 2432593, 641997.9 2432606, 641976.3 2432621, 641955.6 2432637, 641935.7 2432654, 641916.7 2432672, 641898.7 2432691, 641881.7 2432711, 641865.7 2432732, 641850.9 2432753, 641837.2 2432776, 641824.7 2432799, 641813.5 2432822, 641803.4 2432846, 641794.7 2432871, 641787.3 2432896, 641781.2 2432922, 641776.4 2432947, 641773 2432973, 641770.9 2432999, 641770.2 2433026, 641770.9 2433052, 641773 2433078, 641776.4 2433104, 641781.2 2433129, 641787.3 2433155, 641794.7 2433180, 641803.4 2433205, 641813.5 2433229, 641824.7 2433253, 641837.2 2433276, 641850.9 2433298, 641865.7 2433319, 641881.7 2433340, 641898.7 2433360, 641916.7 2433379, 641935.7 2433397, 641955.6 2433414, 641976.3 2433430, 641997.9 2433445, 642020.2 2433459, 642043.2 2433471, 642066.9 2433482, 642091.1 2433492, 642115.7 2433501, 642140.8 2433508, 642166.3 2433515, 642192 2433519, 642218 2433523, 642244.1 2433525, 642270.2 2433526, 642296.4 2433525, 642322.5 2433523, 642348.5 2433519, 642374.2 2433515, 642399.6 2433508, 642424.7 2433501, 642449.4 2433492, 642473.6 2433482, 642497.2 2433471, 642520.2 2433459, 642542.6 2433445, 642564.1 2433430, 642584.9 2433414, 642604.8 2433397, 642623.8 2433379, 642641.8 2433360, 642658.8 2433340, 642674.7 2433319, 642689.6 2433298, 642703.3 2433276, 642715.7 2433253, 642727 2433229, 642737 2433205, 642745.8 2433180, 642753.2 2433155, 642759.3 2433129, 642764.1 2433104, 642767.5 2433078, 642769.6 2433052, 642770.2 2433026))"
5,20260514,Forest,9439.29173693086,188.16805012166466,1.9389686684073106,0,Dai,NA,NA,1,0,0,766,981.6240646449626,1202.7912544446874,603.55047607421875,7.278945446014404,171.49835914961025,40500,64934.72671508789,0.3909403136442896,1,40,40500,1,0,0,1,0,-0.989011629954686,0.14783773474446668,9.152636228457322,5.237335447179777,0.6621562174952594,"POLYGON ((703390.6 2426415, 703389.9 2426389, 703387.8 2426363, 703384.4 2426337, 703379.6 2426311, 703373.5 2426286, 703366.1 2426260, 703357.4 2426236, 703347.3 2426212, 703336.1 2426188, 703323.6 2426165, 703309.9 2426143, 703295.1 2426121, 703279.1 2426100, 703262.1 2426080, 703244.1 2426061, 703225.1 2426043, 703205.2 2426026, 703184.5 2426010, 703162.9 2425996, 703140.6 2425982, 703117.6 2425969, 703093.9 2425958, 703069.7 2425948, 703045.1 2425939, 703020 2425932, 702994.5 2425926, 702968.8 2425921, 702942.8 2425918, 702916.7 2425916, 702890.6 2425915, 702864.4 2425916, 702838.3 2425918, 702812.3 2425921, 702786.6 2425926, 702761.2 2425932, 702736.1 2425939, 702711.4 2425948, 702687.2 2425958, 702663.6 2425969, 702640.6 2425982, 702618.2 2425996, 702596.7 2426010, 702575.9 2426026, 702556 2426043, 702537 2426061, 702519 2426080, 702502 2426100, 702486.1 2426121, 702471.2 2426143, 702457.6 2426165, 702445.1 2426188, 702433.8 2426212, 702423.8 2426236, 702415 2426260, 702407.6 2426286, 702401.5 2426311, 702396.7 2426337, 702393.3 2426363, 702391.2 2426389, 702390.6 2426415, 702391.2 2426441, 702393.3 2426467, 702396.7 2426493, 702401.5 2426519, 702407.6 2426544, 702415 2426569, 702423.8 2426594, 702433.8 2426618, 702445.1 2426642, 702457.6 2426665, 702471.2 2426687, 702486.1 2426709, 702502 2426730, 702519 2426750, 702537 2426769, 702556 2426787, 702575.9 2426804, 702596.7 2426819, 702618.2 2426834, 702640.6 2426848, 702663.6 2426860, 702687.2 2426872, 702711.4 2426882, 702736.1 2426890, 702761.2 2426898, 702786.6 2426904, 702812.3 2426909, 702838.3 2426912, 702864.4 2426914, 702890.6 2426915, 702916.7 2426914, 702942.8 2426912, 702968.8 2426909, 702994.5 2426904, 703020 2426898, 703045.1 2426890, 703069.7 2426882, 703093.9 2426872, 703117.6 2426860, 703140.6 2426848, 703162.9 2426834, 703184.5 2426819, 703205.2 2426804, 703225.1 2426787, 703244.1 2426769, 703262.1 2426750, 703279.1 2426730, 703295.1 2426709, 703309.9 2426687, 703323.6 2426665, 703336.1 2426642, 703347.3 2426618, 703357.4 2426594, 703366.1 2426569, 703373.5 2426544, 703379.6 2426519, 703384.4 2426493, 703387.8 2426467, 703389.9 2426441, 703390.6 2426415))"
5,20260514,Forest,4740.827023878858,28.393067437574942,2.9508196721311477,0,Dai,NA,NA,1,0,0,886,487.9256362120381,642.4728965286646,984.80126953125,8.155137062072754,254.36403497758428,427033.16345214844,4318.619155883789,0.1958580471625511,1,83,0,0,51842.32635498047,0.12140117159961443,1,0,-0.2695243524991184,-0.9629935739193336,8.463966877081248,3.346145011058112,1.0820829867168993,"POLYGON ((678491.1 2478544, 678490.4 2478518, 678488.3 2478492, 678484.9 2478466, 678480.1 2478440, 678474 2478415, 678466.6 2478390, 678457.8 2478365, 678447.8 2478341, 678436.6 2478317, 678424.1 2478294, 678410.4 2478272, 678395.6 2478250, 678379.6 2478230, 678362.6 2478210, 678344.6 2478191, 678325.6 2478173, 678305.7 2478156, 678284.9 2478140, 678263.4 2478125, 678241.1 2478111, 678218 2478099, 678194.4 2478087, 678170.2 2478077, 678145.6 2478069, 678120.5 2478061, 678095 2478055, 678069.3 2478050, 678043.3 2478047, 678017.2 2478045, 677991.1 2478044, 677964.9 2478045, 677938.8 2478047, 677912.8 2478050, 677887.1 2478055, 677861.6 2478061, 677836.5 2478069, 677811.9 2478077, 677787.7 2478087, 677764.1 2478099, 677741.1 2478111, 677718.7 2478125, 677697.2 2478140, 677676.4 2478156, 677656.5 2478173, 677637.5 2478191, 677619.5 2478210, 677602.5 2478230, 677586.5 2478250, 677571.7 2478272, 677558 2478294, 677545.6 2478317, 677534.3 2478341, 677524.3 2478365, 677515.5 2478390, 677508.1 2478415, 677502 2478440, 677497.2 2478466, 677493.8 2478492, 677491.7 2478518, 677491.1 2478544, 677491.7 2478570, 677493.8 2478597, 677497.2 2478622, 677502 2478648, 677508.1 2478674, 677515.5 2478699, 677524.3 2478723, 677534.3 2478748, 677545.6 2478771, 677558 2478794, 677571.7 2478817, 677586.5 2478838, 677602.5 2478859, 677619.5 2478879, 677637.5 2478898, 677656.5 2478916, 677676.4 2478933, 677697.2 2478949, 677718.7 2478964, 677741.1 2478977, 677764.1 2478990, 677787.7 2479001, 677811.9 2479011, 677836.5 2479020, 677861.6 2479027, 677887.1 2479033, 677912.8 2479038, 677938.8 2479042, 677964.9 2479044, 677991.1 2479044, 678017.2 2479044, 678043.3 2479042, 678069.3 2479038, 678095 2479033, 678120.5 2479027, 678145.6 2479020, 678170.2 2479011, 678194.4 2479001, 678218 2478990, 678241.1 2478977, 678263.4 2478964, 678284.9 2478949, 678305.7 2478933, 678325.6 2478916, 678344.6 2478898, 678362.6 2478879, 678379.6 2478859, 678395.6 2478838, 678410.4 2478817, 678424.1 2478794, 678436.6 2478771, 678447.8 2478748, 678457.8 2478723, 678466.6 2478699, 678474 2478674, 678480.1 2478648, 678484.9 2478622, 678488.3 2478597, 678490.4 2478570, 678491.1 2478544))"
5,20260514,Forest,7124.137931034484,51.67247087351391,2.2232954545454544,0,Dai,NA,NA,1,0,0,996,602.9659240498173,1180.057051154924,1068.012451171875,1.856339931488037,69.73744776520928,2317.495322227478,0,0.05849535896894715,1,95,0,0,2317.495322227478,1,1,0,0.3463225856877417,0.9381154868365391,8.871244005681202,3.944925161428895,0.798990534178215,"POLYGON ((637280.6 2452971, 637279.9 2452945, 637277.8 2452919, 637274.4 2452893, 637269.6 2452867, 637263.5 2452842, 637256.1 2452816, 637247.3 2452792, 637237.3 2452768, 637226.1 2452744, 637213.6 2452721, 637199.9 2452699, 637185.1 2452677, 637169.1 2452656, 637152.1 2452636, 637134.1 2452617, 637115.1 2452599, 637095.2 2452582, 637074.5 2452566, 637052.9 2452552, 637030.6 2452538, 637007.6 2452525, 636983.9 2452514, 636959.7 2452504, 636935.1 2452495, 636910 2452488, 636884.5 2452482, 636858.8 2452477, 636832.8 2452474, 636806.7 2452472, 636780.6 2452471, 636754.4 2452472, 636728.3 2452474, 636702.3 2452477, 636676.6 2452482, 636651.1 2452488, 636626.1 2452495, 636601.4 2452504, 636577.2 2452514, 636553.6 2452525, 636530.6 2452538, 636508.2 2452552, 636486.7 2452566, 636465.9 2452582, 636446 2452599, 636427 2452617, 636409 2452636, 636392 2452656, 636376.1 2452677, 636361.2 2452699, 636347.5 2452721, 636335.1 2452744, 636323.8 2452768, 636313.8 2452792, 636305 2452816, 636297.6 2452842, 636291.5 2452867, 636286.7 2452893, 636283.3 2452919, 636281.2 2452945, 636280.6 2452971, 636281.2 2452997, 636283.3 2453023, 636286.7 2453049, 636291.5 2453075, 636297.6 2453100, 636305 2453125, 636313.8 2453150, 636323.8 2453174, 636335.1 2453198, 636347.5 2453221, 636361.2 2453243, 636376.1 2453265, 636392 2453286, 636409 2453306, 636427 2453324, 636446 2453343, 636465.9 2453360, 636486.7 2453375, 636508.2 2453390, 636530.6 2453404, 636553.6 2453416, 636577.2 2453428, 636601.4 2453438, 636626.1 2453446, 636651.1 2453454, 636676.6 2453460, 636702.3 2453465, 636728.3 2453468, 636754.4 2453470, 636780.6 2453471, 636806.7 2453470, 636832.8 2453468, 636858.8 2453465, 636884.5 2453460, 636910 2453454, 636935.1 2453446, 636959.7 2453438, 636983.9 2453428, 637007.6 2453416, 637030.6 2453404, 637052.9 2453390, 637074.5 2453375, 637095.2 2453360, 637115.1 2453343, 637134.1 2453324, 637152.1 2453306, 637169.1 2453286, 637185.1 2453265, 637199.9 2453243, 637213.6 2453221, 637226.1 2453198, 637237.3 2453174, 637247.3 2453150, 637256.1 2453125, 637263.5 2453100, 637269.6 2453075, 637274.4 2453049, 637277.8 2453023, 637279.9 2452997, 637280.6 2452971))"
5,20260514,Forest,7194.782608695653,63.517738393158304,3.507178354500276,0,Dai,NA,NA,1,0,0,1002,598.1760558700058,819.729240404471,1177.9605712890625,0.8781289458274841,92.12636964439164,1017.832338809967,6745.98913192749,0.0820259731816752,1,72,0,0,1017.832338809967,1,1,0,-0.037103632828520305,0.9993114231464215,8.881111404646198,4.1513192116633055,1.254811826580102,"POLYGON ((635377.7 2427597, 635377 2427571, 635374.9 2427545, 635371.5 2427519, 635366.8 2427494, 635360.6 2427468, 635353.2 2427443, 635344.5 2427418, 635334.4 2427394, 635323.2 2427370, 635310.7 2427347, 635297 2427325, 635282.2 2427304, 635266.2 2427283, 635249.2 2427263, 635231.2 2427244, 635212.2 2427226, 635192.3 2427209, 635171.6 2427193, 635150 2427178, 635127.7 2427164, 635104.7 2427152, 635081 2427141, 635056.9 2427131, 635032.2 2427122, 635007.1 2427115, 634981.6 2427108, 634955.9 2427104, 634929.9 2427100, 634903.8 2427098, 634877.7 2427097, 634851.5 2427098, 634825.4 2427100, 634799.5 2427104, 634773.7 2427108, 634748.3 2427115, 634723.2 2427122, 634698.5 2427131, 634674.3 2427141, 634650.7 2427152, 634627.7 2427164, 634605.4 2427178, 634583.8 2427193, 634563 2427209, 634543.1 2427226, 634524.1 2427244, 634506.1 2427263, 634489.1 2427283, 634473.2 2427304, 634458.3 2427325, 634444.7 2427347, 634432.2 2427370, 634420.9 2427394, 634410.9 2427418, 634402.1 2427443, 634394.7 2427468, 634388.6 2427494, 634383.8 2427519, 634380.4 2427545, 634378.4 2427571, 634377.7 2427597, 634378.4 2427624, 634380.4 2427650, 634383.8 2427676, 634388.6 2427701, 634394.7 2427727, 634402.1 2427752, 634410.9 2427777, 634420.9 2427801, 634432.2 2427824, 634444.7 2427847, 634458.3 2427870, 634473.2 2427891, 634489.1 2427912, 634506.1 2427932, 634524.1 2427951, 634543.1 2427969, 634563 2427986, 634583.8 2428002, 634605.4 2428017, 634627.7 2428030, 634650.7 2428043, 634674.3 2428054, 634698.5 2428064, 634723.2 2428073, 634748.3 2428080, 634773.7 2428087, 634799.5 2428091, 634825.4 2428095, 634851.5 2428097, 634877.7 2428097, 634903.8 2428097, 634929.9 2428095, 634955.9 2428091, 634981.6 2428087, 635007.1 2428080, 635032.2 2428073, 635056.9 2428064, 635081 2428054, 635104.7 2428043, 635127.7 2428030, 635150 2428017, 635171.6 2428002, 635192.3 2427986, 635212.2 2427969, 635231.2 2427951, 635249.2 2427932, 635266.2 2427912, 635282.2 2427891, 635297 2427870, 635310.7 2427847, 635323.2 2427824, 635334.4 2427801, 635344.5 2427777, 635353.2 2427752, 635360.6 2427727, 635366.8 2427701, 635371.5 2427676, 635374.9 2427650, 635377 2427624, 635377.7 2427597))"
5,20260514,Forest,4740.827023878858,28.393067437574942,2.9508196721311477,0,Dai,NA,NA,1,0,0,1161,21.633131036464377,1070.1159962219965,1011.6593017578125,9.051443099975586,111.06600300268035,785039.3371582031,0,0.05620835647530106,1,65,673679.55322265625,0.8581475110041455,3600,0.004585757464118666,1,0,-0.35944316790015,0.9331669781180132,8.463966877081248,3.346145011058112,1.0820829867168993,"POLYGON ((679022.2 2481090, 679021.5 2481064, 679019.4 2481038, 679016 2481012, 679011.2 2480986, 679005.1 2480961, 678997.7 2480936, 678988.9 2480911, 678978.9 2480887, 678967.7 2480863, 678955.2 2480840, 678941.5 2480818, 678926.7 2480796, 678910.7 2480776, 678893.7 2480756, 678875.7 2480737, 678856.7 2480719, 678836.8 2480702, 678816 2480686, 678794.5 2480671, 678772.2 2480657, 678749.1 2480645, 678725.5 2480633, 678701.3 2480623, 678676.7 2480615, 678651.6 2480607, 678626.1 2480601, 678600.4 2480596, 678574.4 2480593, 678548.3 2480591, 678522.2 2480590, 678496 2480591, 678469.9 2480593, 678443.9 2480596, 678418.2 2480601, 678392.7 2480607, 678367.6 2480615, 678343 2480623, 678318.8 2480633, 678295.2 2480645, 678272.2 2480657, 678249.8 2480671, 678228.3 2480686, 678207.5 2480702, 678187.6 2480719, 678168.6 2480737, 678150.6 2480756, 678133.6 2480776, 678117.6 2480796, 678102.8 2480818, 678089.1 2480840, 678076.7 2480863, 678065.4 2480887, 678055.4 2480911, 678046.6 2480936, 678039.2 2480961, 678033.1 2480986, 678028.3 2481012, 678024.9 2481038, 678022.8 2481064, 678022.2 2481090, 678022.8 2481116, 678024.9 2481142, 678028.3 2481168, 678033.1 2481194, 678039.2 2481220, 678046.6 2481245, 678055.4 2481269, 678065.4 2481294, 678076.7 2481317, 678089.1 2481340, 678102.8 2481363, 678117.6 2481384, 678133.6 2481405, 678150.6 2481425, 678168.6 2481444, 678187.6 2481462, 678207.5 2481479, 678228.3 2481495, 678249.8 2481510, 678272.2 2481523, 678295.2 2481536, 678318.8 2481547, 678343 2481557, 678367.6 2481566, 678392.7 2481573, 678418.2 2481579, 678443.9 2481584, 678469.9 2481587, 678496 2481590, 678522.2 2481590, 678548.3 2481590, 678574.4 2481587, 678600.4 2481584, 678626.1 2481579, 678651.6 2481573, 678676.7 2481566, 678701.3 2481557, 678725.5 2481547, 678749.1 2481536, 678772.2 2481523, 678794.5 2481510, 678816 2481495, 678836.8 2481479, 678856.7 2481462, 678875.7 2481444, 678893.7 2481425, 678910.7 2481405, 678926.7 2481384, 678941.5 2481363, 678955.2 2481340, 678967.7 2481317, 678978.9 2481294, 678988.9 2481269, 678997.7 2481245, 679005.1 2481220, 679011.2 2481194, 679016 2481168, 679019.4 2481142, 679021.5 2481116, 679022.2 2481090))"
5,20260514,Forest,6074.664429530201,13.119310196178745,1.7788079470198674,0,Dai,NA,NA,1,0,0,1364,88.10109969044271,1538.6396157578843,877.18072509765625,4.207385540008545,108.118822276142,202869.22302246094,77400,0.16709424933699663,1,92,14407.628631591797,0.07101929221662488,143840.6982421875,0.7090316416613968,1,0,-0.3109886674413092,0.950413619811437,8.711882028745663,2.5740852056229833,0.5759434472742128,"POLYGON ((712836.2 2484248, 712835.5 2484222, 712833.5 2484196, 712830 2484170, 712825.3 2484144, 712819.2 2484119, 712811.7 2484094, 712803 2484069, 712793 2484045, 712781.7 2484021, 712769.2 2483998, 712755.5 2483976, 712740.7 2483954, 712724.8 2483934, 712707.8 2483914, 712689.7 2483895, 712670.8 2483877, 712650.8 2483860, 712630.1 2483844, 712608.5 2483829, 712586.2 2483815, 712563.2 2483803, 712539.6 2483792, 712515.4 2483782, 712490.7 2483773, 712465.6 2483765, 712440.1 2483759, 712414.4 2483754, 712388.5 2483751, 712362.4 2483749, 712336.2 2483748, 712310 2483749, 712283.9 2483751, 712258 2483754, 712232.2 2483759, 712206.8 2483765, 712181.7 2483773, 712157 2483782, 712132.8 2483792, 712109.2 2483803, 712086.2 2483815, 712063.9 2483829, 712042.3 2483844, 712021.5 2483860, 712001.6 2483877, 711982.6 2483895, 711964.6 2483914, 711947.6 2483934, 711931.7 2483954, 711916.9 2483976, 711903.2 2483998, 711890.7 2484021, 711879.4 2484045, 711869.4 2484069, 711860.7 2484094, 711853.2 2484119, 711847.1 2484144, 711842.3 2484170, 711838.9 2484196, 711836.9 2484222, 711836.2 2484248, 711836.9 2484274, 711838.9 2484301, 711842.3 2484327, 711847.1 2484352, 711853.2 2484378, 711860.7 2484403, 711869.4 2484427, 711879.4 2484452, 711890.7 2484475, 711903.2 2484498, 711916.9 2484521, 711931.7 2484542, 711947.6 2484563, 711964.6 2484583, 711982.6 2484602, 712001.6 2484620, 712021.5 2484637, 712042.3 2484653, 712063.9 2484668, 712086.2 2484681, 712109.2 2484694, 712132.8 2484705, 712157 2484715, 712181.7 2484724, 712206.8 2484731, 712232.2 2484737, 712258 2484742, 712283.9 2484746, 712310 2484748, 712336.2 2484748, 712362.4 2484748, 712388.5 2484746, 712414.4 2484742, 712440.1 2484737, 712465.6 2484731, 712490.7 2484724, 712515.4 2484715, 712539.6 2484705, 712563.2 2484694, 712586.2 2484681, 712608.5 2484668, 712630.1 2484653, 712650.8 2484637, 712670.8 2484620, 712689.7 2484602, 712707.8 2484583, 712724.8 2484563, 712740.7 2484542, 712755.5 2484521, 712769.2 2484498, 712781.7 2484475, 712793 2484452, 712803 2484427, 712811.7 2484403, 712819.2 2484378, 712825.3 2484352, 712830 2484327, 712833.5 2484301, 712835.5 2484274, 712836.2 2484248))"
5,20260514,Forest,7668.695652173914,133.19513203141992,2.0375399361022364,0,Dai,NA,NA,1,0,0,1419,47.24042237772896,1100.1362825997796,1177.1739501953125,1.8978804349899292,186.747728277655,4500,0,0.1525184088033804,1,82,0,0,3600,0.8,1,0,-0.9930731164186904,-0.11749802315983911,8.944901821513023,4.891815211127795,0.7117431664817675,"POLYGON ((638247.1 2428270, 638246.5 2428244, 638244.4 2428218, 638241 2428192, 638236.2 2428166, 638230.1 2428140, 638222.7 2428115, 638213.9 2428091, 638203.9 2428066, 638192.7 2428043, 638180.2 2428020, 638166.5 2427998, 638151.7 2427976, 638135.7 2427955, 638118.7 2427935, 638100.7 2427916, 638081.7 2427898, 638061.8 2427881, 638041 2427865, 638019.5 2427851, 637997.1 2427837, 637974.1 2427824, 637950.5 2427813, 637926.3 2427803, 637901.7 2427794, 637876.6 2427787, 637851.1 2427781, 637825.4 2427776, 637799.4 2427773, 637773.3 2427771, 637747.1 2427770, 637721 2427771, 637694.9 2427773, 637668.9 2427776, 637643.2 2427781, 637617.7 2427787, 637592.6 2427794, 637568 2427803, 637543.8 2427813, 637520.2 2427824, 637497.1 2427837, 637474.8 2427851, 637453.3 2427865, 637432.5 2427881, 637412.6 2427898, 637393.6 2427916, 637375.6 2427935, 637358.6 2427955, 637342.6 2427976, 637327.8 2427998, 637314.1 2428020, 637301.6 2428043, 637290.4 2428066, 637280.4 2428091, 637271.6 2428115, 637264.2 2428140, 637258.1 2428166, 637253.3 2428192, 637249.9 2428218, 637247.8 2428244, 637247.1 2428270, 637247.8 2428296, 637249.9 2428322, 637253.3 2428348, 637258.1 2428374, 637264.2 2428399, 637271.6 2428424, 637280.4 2428449, 637290.4 2428473, 637301.6 2428497, 637314.1 2428520, 637327.8 2428542, 637342.6 2428564, 637358.6 2428584, 637375.6 2428604, 637393.6 2428623, 637412.6 2428641, 637432.5 2428658, 637453.3 2428674, 637474.8 2428689, 637497.1 2428703, 637520.2 2428715, 637543.8 2428727, 637568 2428737, 637592.6 2428745, 637617.7 2428753, 637643.2 2428759, 637668.9 2428764, 637694.9 2428767, 637721 2428769, 637747.1 2428770, 637773.3 2428769, 637799.4 2428767, 637825.4 2428764, 637851.1 2428759, 637876.6 2428753, 637901.7 2428745, 637926.3 2428737, 637950.5 2428727, 637974.1 2428715, 637997.1 2428703, 638019.5 2428689, 638041 2428674, 638061.8 2428658, 638081.7 2428641, 638100.7 2428623, 638118.7 2428604, 638135.7 2428584, 638151.7 2428564, 638166.5 2428542, 638180.2 2428520, 638192.7 2428497, 638203.9 2428473, 638213.9 2428449, 638222.7 2428424, 638230.1 2428399, 638236.2 2428374, 638241 2428348, 638244.4 2428322, 638246.5 2428296, 638247.1 2428270))"
5,20260514,Forest,5300,11.357870574345577,3.2247191011235956,0,Dai,NA,NA,1,0,0,1552,91.78820328746089,1782.6250008879433,736.790771484375,9.831171989440918,265.9587723022616,62705.96466064453,0,0.11779607337501931,1,18,39187.01362609863,0.6249327928877738,8981.168746948242,0.14322670571377075,1,0,-0.07047426188227109,-0.9975135981088925,8.575462099540212,2.4299109462807524,1.1708458460274813,"POLYGON ((745221.4 2352784, 745220.8 2352758, 745218.7 2352732, 745215.3 2352706, 745210.5 2352680, 745204.4 2352655, 745197 2352630, 745188.2 2352605, 745178.2 2352581, 745167 2352557, 745154.5 2352534, 745140.8 2352512, 745126 2352490, 745110 2352470, 745093 2352450, 745075 2352431, 745056 2352413, 745036.1 2352396, 745015.3 2352380, 744993.8 2352365, 744971.4 2352351, 744948.4 2352339, 744924.8 2352327, 744900.6 2352317, 744876 2352309, 744850.9 2352301, 744825.4 2352295, 744799.7 2352290, 744773.7 2352287, 744747.6 2352285, 744721.4 2352284, 744695.3 2352285, 744669.2 2352287, 744643.2 2352290, 744617.5 2352295, 744592 2352301, 744566.9 2352309, 744542.3 2352317, 744518.1 2352327, 744494.5 2352339, 744471.4 2352351, 744449.1 2352365, 744427.6 2352380, 744406.8 2352396, 744386.9 2352413, 744367.9 2352431, 744349.9 2352450, 744332.9 2352470, 744316.9 2352490, 744302.1 2352512, 744288.4 2352534, 744275.9 2352557, 744264.7 2352581, 744254.7 2352605, 744245.9 2352630, 744238.5 2352655, 744232.4 2352680, 744227.6 2352706, 744224.2 2352732, 744222.1 2352758, 744221.4 2352784, 744222.1 2352810, 744224.2 2352836, 744227.6 2352862, 744232.4 2352888, 744238.5 2352914, 744245.9 2352939, 744254.7 2352963, 744264.7 2352988, 744275.9 2353011, 744288.4 2353034, 744302.1 2353057, 744316.9 2353078, 744332.9 2353099, 744349.9 2353119, 744367.9 2353138, 744386.9 2353156, 744406.8 2353173, 744427.6 2353189, 744449.1 2353204, 744471.4 2353217, 744494.5 2353230, 744518.1 2353241, 744542.3 2353251, 744566.9 2353260, 744592 2353267, 744617.5 2353273, 744643.2 2353278, 744669.2 2353281, 744695.3 2353284, 744721.4 2353284, 744747.6 2353284, 744773.7 2353281, 744799.7 2353278, 744825.4 2353273, 744850.9 2353267, 744876 2353260, 744900.6 2353251, 744924.8 2353241, 744948.4 2353230, 744971.4 2353217, 744993.8 2353204, 745015.3 2353189, 745036.1 2353173, 745056 2353156, 745075 2353138, 745093 2353119, 745110 2353099, 745126 2353078, 745140.8 2353057, 745154.5 2353034, 745167 2353011, 745178.2 2352988, 745188.2 2352963, 745197 2352939, 745204.4 2352914, 745210.5 2352888, 745215.3 2352862, 745218.7 2352836, 745220.8 2352810, 745221.4 2352784))"
5,20260514,Forest,7708.695652173914,237.2321719678974,3.3891168599464763,0,Dai,NA,NA,1,0,0,1674,153.91592747396058,200.6403110423509,1194.317138671875,3.1129395961761475,2.8051623135892014,162487.36724853516,0,0.3242839359322523,1,44,0,0,45724.8161315918,0.28140536034196845,1,0,0.9988017319538959,0.048939761400092444,8.95010427613315,5.46903929016875,1.2205693741627521,"POLYGON ((629673.3 2427481, 629672.6 2427454, 629670.6 2427428, 629667.2 2427402, 629662.4 2427377, 629656.3 2427351, 629648.9 2427326, 629640.1 2427301, 629630.1 2427277, 629618.8 2427254, 629606.3 2427231, 629592.7 2427208, 629577.8 2427187, 629561.9 2427166, 629544.9 2427146, 629526.9 2427127, 629507.9 2427109, 629488 2427092, 629467.2 2427076, 629445.7 2427061, 629423.3 2427048, 629400.3 2427035, 629376.7 2427024, 629352.5 2427014, 629327.8 2427005, 629302.7 2426998, 629277.3 2426992, 629251.6 2426987, 629225.6 2426983, 629199.5 2426981, 629173.3 2426981, 629147.2 2426981, 629121.1 2426983, 629095.1 2426987, 629069.4 2426992, 629043.9 2426998, 629018.8 2427005, 628994.1 2427014, 628970 2427024, 628946.3 2427035, 628923.3 2427048, 628901 2427061, 628879.4 2427076, 628858.7 2427092, 628838.8 2427109, 628819.8 2427127, 628801.8 2427146, 628784.8 2427166, 628768.8 2427187, 628754 2427208, 628740.3 2427231, 628727.8 2427254, 628716.6 2427277, 628706.5 2427301, 628697.8 2427326, 628690.4 2427351, 628684.3 2427377, 628679.5 2427402, 628676.1 2427428, 628674 2427454, 628673.3 2427481, 628674 2427507, 628676.1 2427533, 628679.5 2427559, 628684.3 2427585, 628690.4 2427610, 628697.8 2427635, 628706.5 2427660, 628716.6 2427684, 628727.8 2427708, 628740.3 2427731, 628754 2427753, 628768.8 2427774, 628784.8 2427795, 628801.8 2427815, 628819.8 2427834, 628838.8 2427852, 628858.7 2427869, 628879.4 2427885, 628901 2427900, 628923.3 2427914, 628946.3 2427926, 628970 2427937, 628994.1 2427947, 629018.8 2427956, 629043.9 2427964, 629069.4 2427970, 629095.1 2427974, 629121.1 2427978, 629147.2 2427980, 629173.3 2427981, 629199.5 2427980, 629225.6 2427978, 629251.6 2427974, 629277.3 2427970, 629302.7 2427964, 629327.8 2427956, 629352.5 2427947, 629376.7 2427937, 629400.3 2427926, 629423.3 2427914, 629445.7 2427900, 629467.2 2427885, 629488 2427869, 629507.9 2427852, 629526.9 2427834, 629544.9 2427815, 629561.9 2427795, 629577.8 2427774, 629592.7 2427753, 629606.3 2427731, 629618.8 2427708, 629630.1 2427684, 629640.1 2427660, 629648.9 2427635, 629656.3 2427610, 629662.4 2427585, 629667.2 2427559, 629670.6 2427533, 629672.6 2427507, 629673.3 2427481))"
5,20260514,Forest,3276,13.328938169353023,1.439689756619417,0,Dai,NA,NA,1,0,0,1766,561.3429491577192,2373.9737816547367,699.902587890625,6.6956305503845215,242.05902781494254,4143.318557739258,2759.1100931167603,0.042934237628497685,1,52,0,0,0,0,1,0,-0.468561674952285,-0.8834307877620686,8.09437844497296,2.5899374738049867,0.3644276435838435,"POLYGON ((746628.2 2393898, 746627.5 2393871, 746625.5 2393845, 746622.1 2393819, 746617.3 2393794, 746611.2 2393768, 746603.8 2393743, 746595 2393718, 746585 2393694, 746573.7 2393671, 746561.2 2393648, 746547.6 2393625, 746532.7 2393604, 746516.8 2393583, 746499.8 2393563, 746481.8 2393544, 746462.8 2393526, 746442.9 2393509, 746422.1 2393493, 746400.5 2393478, 746378.2 2393465, 746355.2 2393452, 746331.6 2393441, 746307.4 2393431, 746282.7 2393422, 746257.6 2393415, 746232.2 2393409, 746206.4 2393404, 746180.5 2393400, 746154.4 2393398, 746128.2 2393398, 746102.1 2393398, 746076 2393400, 746050 2393404, 746024.3 2393409, 745998.8 2393415, 745973.7 2393422, 745949 2393431, 745924.9 2393441, 745901.2 2393452, 745878.2 2393465, 745855.9 2393478, 745834.3 2393493, 745813.6 2393509, 745793.7 2393526, 745774.7 2393544, 745756.7 2393563, 745739.7 2393583, 745723.7 2393604, 745708.9 2393625, 745695.2 2393648, 745682.7 2393671, 745671.5 2393694, 745661.4 2393718, 745652.7 2393743, 745645.3 2393768, 745639.2 2393794, 745634.4 2393819, 745631 2393845, 745628.9 2393871, 745628.2 2393898, 745628.9 2393924, 745631 2393950, 745634.4 2393976, 745639.2 2394002, 745645.3 2394027, 745652.7 2394052, 745661.4 2394077, 745671.5 2394101, 745682.7 2394125, 745695.2 2394148, 745708.9 2394170, 745723.7 2394192, 745739.7 2394212, 745756.7 2394232, 745774.7 2394251, 745793.7 2394269, 745813.6 2394286, 745834.3 2394302, 745855.9 2394317, 745878.2 2394331, 745901.2 2394343, 745924.9 2394354, 745949 2394364, 745973.7 2394373, 745998.8 2394381, 746024.3 2394387, 746050 2394392, 746076 2394395, 746102.1 2394397, 746128.2 2394398, 746154.4 2394397, 746180.5 2394395, 746206.4 2394392, 746232.2 2394387, 746257.6 2394381, 746282.7 2394373, 746307.4 2394364, 746331.6 2394354, 746355.2 2394343, 746378.2 2394331, 746400.5 2394317, 746422.1 2394302, 746442.9 2394286, 746462.8 2394269, 746481.8 2394251, 746499.8 2394232, 746516.8 2394212, 746532.7 2394192, 746547.6 2394170, 746561.2 2394148, 746573.7 2394125, 746585 2394101, 746595 2394077, 746603.8 2394052, 746611.2 2394027, 746617.3 2394002, 746622.1 2393976, 746625.5 2393950, 746627.5 2393924, 746628.2 2393898))"
5,20260514,Forest,4895.615866388309,145.06059227472352,0.8104849279161206,0,Dai,NA,NA,1,0,0,1881,894.6645511645388,1045.2038113201806,686.618896484375,9.909214973449707,328.60405198426105,12735.091495513916,15300,0.16280521802606937,1,1,11835.091495513916,0.9293291296480253,0,0,1,0,0.8535876411850927,-0.5209492670270969,8.496095362451602,4.977151532890694,-0.21012253401124478,"POLYGON ((676196.7 2396105, 676196 2396079, 676193.9 2396053, 676190.5 2396027, 676185.7 2396001, 676179.6 2395976, 676172.2 2395951, 676163.4 2395926, 676153.4 2395902, 676142.2 2395878, 676129.7 2395855, 676116 2395833, 676101.2 2395812, 676085.2 2395791, 676068.2 2395771, 676050.2 2395752, 676031.2 2395734, 676011.3 2395717, 675990.5 2395701, 675969 2395686, 675946.7 2395672, 675923.6 2395660, 675900 2395649, 675875.8 2395639, 675851.2 2395630, 675826.1 2395622, 675800.6 2395616, 675774.9 2395612, 675748.9 2395608, 675722.8 2395606, 675696.7 2395605, 675670.5 2395606, 675644.4 2395608, 675618.4 2395612, 675592.7 2395616, 675567.2 2395622, 675542.1 2395630, 675517.5 2395639, 675493.3 2395649, 675469.7 2395660, 675446.7 2395672, 675424.3 2395686, 675402.8 2395701, 675382 2395717, 675362.1 2395734, 675343.1 2395752, 675325.1 2395771, 675308.1 2395791, 675292.1 2395812, 675277.3 2395833, 675263.6 2395855, 675251.1 2395878, 675239.9 2395902, 675229.9 2395926, 675221.1 2395951, 675213.7 2395976, 675207.6 2396001, 675202.8 2396027, 675199.4 2396053, 675197.3 2396079, 675196.7 2396105, 675197.3 2396132, 675199.4 2396158, 675202.8 2396184, 675207.6 2396209, 675213.7 2396235, 675221.1 2396260, 675229.9 2396285, 675239.9 2396309, 675251.1 2396332, 675263.6 2396355, 675277.3 2396378, 675292.1 2396399, 675308.1 2396420, 675325.1 2396440, 675343.1 2396459, 675362.1 2396477, 675382 2396494, 675402.8 2396510, 675424.3 2396525, 675446.7 2396538, 675469.7 2396551, 675493.3 2396562, 675517.5 2396572, 675542.1 2396581, 675567.2 2396588, 675592.7 2396594, 675618.4 2396599, 675644.4 2396603, 675670.5 2396605, 675696.7 2396605, 675722.8 2396605, 675748.9 2396603, 675774.9 2396599, 675800.6 2396594, 675826.1 2396588, 675851.2 2396581, 675875.8 2396572, 675900 2396562, 675923.6 2396551, 675946.7 2396538, 675969 2396525, 675990.5 2396510, 676011.3 2396494, 676031.2 2396477, 676050.2 2396459, 676068.2 2396440, 676085.2 2396420, 676101.2 2396399, 676116 2396378, 676129.7 2396355, 676142.2 2396332, 676153.4 2396309, 676163.4 2396285, 676172.2 2396260, 676179.6 2396235, 676185.7 2396209, 676190.5 2396184, 676193.9 2396158, 676196 2396132, 676196.7 2396105))"
5,20260514,Forest,4740.827023878858,28.393067437574942,2.9508196721311477,0,Dai,NA,NA,1,0,0,1911,486.6684792736191,1824.0497020265857,1031.2847900390625,8.366971969604492,129.0146685794483,785039.3371582031,0,0.004251879841956089,1,93,0,0,0,0,1,0,-0.6295193314531867,0.7769848205253002,8.463966877081248,3.346145011058112,1.0820829867168993,"POLYGON ((677390.6 2481402, 677389.9 2481376, 677387.8 2481350, 677384.4 2481324, 677379.7 2481298, 677373.6 2481273, 677366.1 2481248, 677357.4 2481223, 677347.4 2481199, 677336.1 2481175, 677323.6 2481152, 677309.9 2481130, 677295.1 2481109, 677279.2 2481088, 677262.2 2481068, 677244.1 2481049, 677225.2 2481031, 677205.2 2481014, 677184.5 2480998, 677162.9 2480983, 677140.6 2480969, 677117.6 2480957, 677094 2480946, 677069.8 2480936, 677045.1 2480927, 677020 2480919, 676994.5 2480913, 676968.8 2480909, 676942.9 2480905, 676916.8 2480903, 676890.6 2480902, 676864.4 2480903, 676838.3 2480905, 676812.4 2480909, 676786.6 2480913, 676761.2 2480919, 676736.1 2480927, 676711.4 2480936, 676687.2 2480946, 676663.6 2480957, 676640.6 2480969, 676618.3 2480983, 676596.7 2480998, 676575.9 2481014, 676556 2481031, 676537 2481049, 676519 2481068, 676502 2481088, 676486.1 2481109, 676471.3 2481130, 676457.6 2481152, 676445.1 2481175, 676433.8 2481199, 676423.8 2481223, 676415.1 2481248, 676407.6 2481273, 676401.5 2481298, 676396.7 2481324, 676393.3 2481350, 676391.3 2481376, 676390.6 2481402, 676391.3 2481429, 676393.3 2481455, 676396.7 2481481, 676401.5 2481506, 676407.6 2481532, 676415.1 2481557, 676423.8 2481582, 676433.8 2481606, 676445.1 2481629, 676457.6 2481652, 676471.3 2481675, 676486.1 2481696, 676502 2481717, 676519 2481737, 676537 2481756, 676556 2481774, 676575.9 2481791, 676596.7 2481807, 676618.3 2481822, 676640.6 2481835, 676663.6 2481848, 676687.2 2481859, 676711.4 2481869, 676736.1 2481878, 676761.2 2481885, 676786.6 2481892, 676812.4 2481896, 676838.3 2481900, 676864.4 2481902, 676890.6 2481902, 676916.8 2481902, 676942.9 2481900, 676968.8 2481896, 676994.5 2481892, 677020 2481885, 677045.1 2481878, 677069.8 2481869, 677094 2481859, 677117.6 2481848, 677140.6 2481835, 677162.9 2481822, 677184.5 2481807, 677205.2 2481791, 677225.2 2481774, 677244.1 2481756, 677262.2 2481737, 677279.2 2481717, 677295.1 2481696, 677309.9 2481675, 677323.6 2481652, 677336.1 2481629, 677347.4 2481606, 677357.4 2481582, 677366.1 2481557, 677373.6 2481532, 677379.7 2481506, 677384.4 2481481, 677387.8 2481455, 677389.9 2481429, 677390.6 2481402))"
5,20260514,Forest,4740.827023878858,28.393067437574942,2.9508196721311477,0,Dai,NA,NA,1,0,0,1960,156.0931958478585,1076.2120044987212,995.78265380859375,8.536314010620117,66.93286738225738,785039.3371582031,0,0.04693013525607255,1,51,661279.2297363281,0.8423517121194469,72779.8713684082,0.0927085662125762,1,0,0.39180940196285485,0.9200464078151221,8.463966877081248,3.346145011058112,1.0820829867168993,"POLYGON ((678537.4 2483069, 678536.7 2483043, 678534.6 2483016, 678531.2 2482990, 678526.4 2482965, 678520.3 2482939, 678512.9 2482914, 678504.2 2482889, 678494.1 2482865, 678482.9 2482842, 678470.4 2482819, 678456.7 2482796, 678441.9 2482775, 678425.9 2482754, 678408.9 2482734, 678390.9 2482715, 678371.9 2482697, 678352 2482680, 678331.3 2482664, 678309.7 2482649, 678287.4 2482636, 678264.4 2482623, 678240.7 2482612, 678216.5 2482602, 678191.9 2482593, 678166.8 2482586, 678141.3 2482580, 678115.6 2482575, 678089.6 2482571, 678063.5 2482569, 678037.4 2482569, 678011.2 2482569, 677985.1 2482571, 677959.1 2482575, 677933.4 2482580, 677908 2482586, 677882.9 2482593, 677858.2 2482602, 677834 2482612, 677810.4 2482623, 677787.4 2482636, 677765 2482649, 677743.5 2482664, 677722.7 2482680, 677702.8 2482697, 677683.8 2482715, 677665.8 2482734, 677648.8 2482754, 677632.9 2482775, 677618 2482796, 677604.4 2482819, 677591.9 2482842, 677580.6 2482865, 677570.6 2482889, 677561.8 2482914, 677554.4 2482939, 677548.3 2482965, 677543.5 2482990, 677540.1 2483016, 677538 2483043, 677537.4 2483069, 677538 2483095, 677540.1 2483121, 677543.5 2483147, 677548.3 2483173, 677554.4 2483198, 677561.8 2483223, 677570.6 2483248, 677580.6 2483272, 677591.9 2483296, 677604.4 2483319, 677618 2483341, 677632.9 2483363, 677648.8 2483383, 677665.8 2483403, 677683.8 2483422, 677702.8 2483440, 677722.7 2483457, 677743.5 2483473, 677765 2483488, 677787.4 2483502, 677810.4 2483514, 677834 2483525, 677858.2 2483535, 677882.9 2483544, 677908 2483552, 677933.4 2483558, 677959.1 2483563, 677985.1 2483566, 678011.2 2483568, 678037.4 2483569, 678063.5 2483568, 678089.6 2483566, 678115.6 2483563, 678141.3 2483558, 678166.8 2483552, 678191.9 2483544, 678216.5 2483535, 678240.7 2483525, 678264.4 2483514, 678287.4 2483502, 678309.7 2483488, 678331.3 2483473, 678352 2483457, 678371.9 2483440, 678390.9 2483422, 678408.9 2483403, 678425.9 2483383, 678441.9 2483363, 678456.7 2483341, 678470.4 2483319, 678482.9 2483296, 678494.1 2483272, 678504.2 2483248, 678512.9 2483223, 678520.3 2483198, 678526.4 2483173, 678531.2 2483147, 678534.6 2483121, 678536.7 2483095, 678537.4 2483069))"
5,20260514,Forest,7763.069139966274,45.20227133608371,0.045004500450045004,0,Dai,NA,NA,1,0,0,2041,60.38288505008911,1011.3325213820375,831.5516357421875,21.64973258972168,212.5745619008652,785039.3371582031,0,0.015244336597303662,1,84,525134.4543457031,0.6689275676893586,68111.25869750977,0.0867615869340619,1,0,-0.8426915166594083,-0.5383967010952668,8.957133042712313,3.8111473363739687,-3.100992784211484,"POLYGON ((715327.7 2411589, 715327 2411562, 715324.9 2411536, 715321.5 2411510, 715316.8 2411485, 715310.6 2411459, 715303.2 2411434, 715294.5 2411409, 715284.5 2411385, 715273.2 2411362, 715260.7 2411339, 715247 2411316, 715232.2 2411295, 715216.3 2411274, 715199.3 2411254, 715181.2 2411235, 715162.2 2411217, 715142.3 2411200, 715121.6 2411184, 715100 2411169, 715077.7 2411156, 715054.7 2411143, 715031 2411132, 715006.9 2411122, 714982.2 2411113, 714957.1 2411106, 714931.6 2411099, 714905.9 2411095, 714879.9 2411091, 714853.8 2411089, 714827.7 2411089, 714801.5 2411089, 714775.4 2411091, 714749.5 2411095, 714723.7 2411099, 714698.3 2411106, 714673.2 2411113, 714648.5 2411122, 714624.3 2411132, 714600.7 2411143, 714577.7 2411156, 714555.4 2411169, 714533.8 2411184, 714513 2411200, 714493.1 2411217, 714474.1 2411235, 714456.1 2411254, 714439.1 2411274, 714423.2 2411295, 714408.3 2411316, 714394.7 2411339, 714382.2 2411362, 714370.9 2411385, 714360.9 2411409, 714352.2 2411434, 714344.7 2411459, 714338.6 2411485, 714333.8 2411510, 714330.4 2411536, 714328.4 2411562, 714327.7 2411589, 714328.4 2411615, 714330.4 2411641, 714333.8 2411667, 714338.6 2411693, 714344.7 2411718, 714352.2 2411743, 714360.9 2411768, 714370.9 2411792, 714382.2 2411816, 714394.7 2411839, 714408.3 2411861, 714423.2 2411882, 714439.1 2411903, 714456.1 2411923, 714474.1 2411942, 714493.1 2411960, 714513 2411977, 714533.8 2411993, 714555.4 2412008, 714577.7 2412022, 714600.7 2412034, 714624.3 2412045, 714648.5 2412055, 714673.2 2412064, 714698.3 2412072, 714723.7 2412078, 714749.5 2412082, 714775.4 2412086, 714801.5 2412088, 714827.7 2412089, 714853.8 2412088, 714879.9 2412086, 714905.9 2412082, 714931.6 2412078, 714957.1 2412072, 714982.2 2412064, 715006.9 2412055, 715031 2412045, 715054.7 2412034, 715077.7 2412022, 715100 2412008, 715121.6 2411993, 715142.3 2411977, 715162.2 2411960, 715181.2 2411942, 715199.3 2411923, 715216.3 2411903, 715232.2 2411882, 715247 2411861, 715260.7 2411839, 715273.2 2411816, 715284.5 2411792, 715294.5 2411768, 715303.2 2411743, 715310.6 2411718, 715316.8 2411693, 715321.5 2411667, 715324.9 2411641, 715327 2411615, 715327.7 2411589))"
5,20260514,Forest,5300,11.357870574345577,3.2247191011235956,0,Dai,NA,NA,1,0,0,2155,360.89764880795457,1068.2141779027547,732.2435302734375,10.033599853515625,201.25934385880237,65466.87698364258,0,0.33608411072273403,1,8,19921.814346313477,0.30430372219055296,0,0,1,0,-0.9319487500951715,-0.36259002633283705,8.575462099540212,2.4299109462807524,1.1708458460274813,"POLYGON ((733785.1 2360579, 733784.4 2360552, 733782.4 2360526, 733778.9 2360500, 733774.2 2360475, 733768.1 2360449, 733760.6 2360424, 733751.9 2360399, 733741.9 2360375, 733730.6 2360352, 733718.1 2360329, 733704.4 2360306, 733689.6 2360285, 733673.7 2360264, 733656.7 2360244, 733638.7 2360225, 733619.7 2360207, 733599.8 2360190, 733579 2360174, 733557.4 2360159, 733535.1 2360146, 733512.1 2360133, 733488.5 2360122, 733464.3 2360112, 733439.6 2360103, 733414.5 2360096, 733389.1 2360089, 733363.3 2360085, 733337.4 2360081, 733311.3 2360079, 733285.1 2360079, 733258.9 2360079, 733232.8 2360081, 733206.9 2360085, 733181.1 2360089, 733155.7 2360096, 733130.6 2360103, 733105.9 2360112, 733081.7 2360122, 733058.1 2360133, 733035.1 2360146, 733012.8 2360159, 732991.2 2360174, 732970.4 2360190, 732950.5 2360207, 732931.5 2360225, 732913.5 2360244, 732896.5 2360264, 732880.6 2360285, 732865.8 2360306, 732852.1 2360329, 732839.6 2360352, 732828.3 2360375, 732818.3 2360399, 732809.6 2360424, 732802.1 2360449, 732796 2360475, 732791.3 2360500, 732787.8 2360526, 732785.8 2360552, 732785.1 2360579, 732785.8 2360605, 732787.8 2360631, 732791.3 2360657, 732796 2360682, 732802.1 2360708, 732809.6 2360733, 732818.3 2360758, 732828.3 2360782, 732839.6 2360806, 732852.1 2360829, 732865.8 2360851, 732880.6 2360872, 732896.5 2360893, 732913.5 2360913, 732931.5 2360932, 732950.5 2360950, 732970.4 2360967, 732991.2 2360983, 733012.8 2360998, 733035.1 2361012, 733058.1 2361024, 733081.7 2361035, 733105.9 2361045, 733130.6 2361054, 733155.7 2361061, 733181.1 2361068, 733206.9 2361072, 733232.8 2361076, 733258.9 2361078, 733285.1 2361079, 733311.3 2361078, 733337.4 2361076, 733363.3 2361072, 733389.1 2361068, 733414.5 2361061, 733439.6 2361054, 733464.3 2361045, 733488.5 2361035, 733512.1 2361024, 733535.1 2361012, 733557.4 2360998, 733579 2360983, 733599.8 2360967, 733619.7 2360950, 733638.7 2360932, 733656.7 2360913, 733673.7 2360893, 733689.6 2360872, 733704.4 2360851, 733718.1 2360829, 733730.6 2360806, 733741.9 2360782, 733751.9 2360758, 733760.6 2360733, 733768.1 2360708, 733774.2 2360682, 733778.9 2360657, 733782.4 2360631, 733784.4 2360605, 733785.1 2360579))"
5,20260514,Forest,4740.827023878858,28.393067437574942,2.9508196721311477,0,Dai,NA,NA,1,0,0,2215,109.18637642580954,864.7465138432605,947.80999755859375,7.171023845672607,118.52632512148757,302428.1799316406,14400.362205505371,0.21337809144909323,1,56,95027.64587402344,0.314215579697312,44819.46029663086,0.14819869069992628,1,0,-0.4775624912314139,0.8785977845230692,8.463966877081248,3.346145011058112,1.0820829867168993,"POLYGON ((679313.5 2478827, 679312.8 2478801, 679310.8 2478775, 679307.4 2478749, 679302.6 2478723, 679296.5 2478698, 679289 2478673, 679280.3 2478648, 679270.3 2478624, 679259 2478600, 679246.5 2478577, 679232.8 2478555, 679218 2478533, 679202.1 2478513, 679185.1 2478493, 679167.1 2478474, 679148.1 2478456, 679128.2 2478439, 679107.4 2478423, 679085.8 2478408, 679063.5 2478394, 679040.5 2478382, 679016.9 2478371, 678992.7 2478361, 678968 2478352, 678942.9 2478344, 678917.5 2478338, 678891.7 2478334, 678865.8 2478330, 678839.7 2478328, 678813.5 2478327, 678787.3 2478328, 678761.2 2478330, 678735.3 2478334, 678709.6 2478338, 678684.1 2478344, 678659 2478352, 678634.3 2478361, 678610.1 2478371, 678586.5 2478382, 678563.5 2478394, 678541.2 2478408, 678519.6 2478423, 678498.8 2478439, 678478.9 2478456, 678460 2478474, 678441.9 2478493, 678424.9 2478513, 678409 2478533, 678394.2 2478555, 678380.5 2478577, 678368 2478600, 678356.7 2478624, 678346.7 2478648, 678338 2478673, 678330.5 2478698, 678324.4 2478723, 678319.7 2478749, 678316.2 2478775, 678314.2 2478801, 678313.5 2478827, 678314.2 2478854, 678316.2 2478880, 678319.7 2478906, 678324.4 2478931, 678330.5 2478957, 678338 2478982, 678346.7 2479007, 678356.7 2479031, 678368 2479054, 678380.5 2479077, 678394.2 2479100, 678409 2479121, 678424.9 2479142, 678441.9 2479162, 678460 2479181, 678478.9 2479199, 678498.8 2479216, 678519.6 2479232, 678541.2 2479247, 678563.5 2479260, 678586.5 2479273, 678610.1 2479284, 678634.3 2479294, 678659 2479303, 678684.1 2479310, 678709.6 2479316, 678735.3 2479321, 678761.2 2479325, 678787.3 2479327, 678813.5 2479327, 678839.7 2479327, 678865.8 2479325, 678891.7 2479321, 678917.5 2479316, 678942.9 2479310, 678968 2479303, 678992.7 2479294, 679016.9 2479284, 679040.5 2479273, 679063.5 2479260, 679085.8 2479247, 679107.4 2479232, 679128.2 2479216, 679148.1 2479199, 679167.1 2479181, 679185.1 2479162, 679202.1 2479142, 679218 2479121, 679232.8 2479100, 679246.5 2479077, 679259 2479054, 679270.3 2479031, 679280.3 2479007, 679289 2478982, 679296.5 2478957, 679302.6 2478931, 679307.4 2478906, 679310.8 2478880, 679312.8 2478854, 679313.5 2478827))"
5,20260514,Forest,7140.869565217392,136.6695132063556,2.088718220338983,0,Dai,NA,NA,1,0,0,2453,724.1916200416869,749.9466350382068,1187.666748046875,0.5621730089187622,137.9412014461356,4487.830495834351,0,0.10578978661156564,1,91,0,0,4487.830495834351,1,1,0,-0.7424577534734396,0.6698928901751184,8.873589835763665,4.917565699152524,0.7365505861325996,"POLYGON ((629641.8 2436570, 629641.1 2436544, 629639.1 2436518, 629635.6 2436492, 629630.9 2436466, 629624.8 2436440, 629617.3 2436415, 629608.6 2436391, 629598.6 2436366, 629587.3 2436343, 629574.8 2436320, 629561.1 2436297, 629546.3 2436276, 629530.4 2436255, 629513.4 2436235, 629495.4 2436216, 629476.4 2436198, 629456.5 2436181, 629435.7 2436165, 629414.1 2436150, 629391.8 2436137, 629368.8 2436124, 629345.2 2436113, 629321 2436103, 629296.3 2436094, 629271.2 2436087, 629245.8 2436081, 629220 2436076, 629194.1 2436073, 629168 2436070, 629141.8 2436070, 629115.6 2436070, 629089.5 2436073, 629063.6 2436076, 629037.8 2436081, 629012.4 2436087, 628987.3 2436094, 628962.6 2436103, 628938.4 2436113, 628914.8 2436124, 628891.8 2436137, 628869.5 2436150, 628847.9 2436165, 628827.1 2436181, 628807.2 2436198, 628788.2 2436216, 628770.2 2436235, 628753.2 2436255, 628737.3 2436276, 628722.5 2436297, 628708.8 2436320, 628696.3 2436343, 628685 2436366, 628675 2436391, 628666.3 2436415, 628658.8 2436440, 628652.7 2436466, 628648 2436492, 628644.5 2436518, 628642.5 2436544, 628641.8 2436570, 628642.5 2436596, 628644.5 2436622, 628648 2436648, 628652.7 2436674, 628658.8 2436699, 628666.3 2436724, 628675 2436749, 628685 2436773, 628696.3 2436797, 628708.8 2436820, 628722.5 2436842, 628737.3 2436864, 628753.2 2436884, 628770.2 2436904, 628788.2 2436923, 628807.2 2436941, 628827.1 2436958, 628847.9 2436974, 628869.5 2436989, 628891.8 2437003, 628914.8 2437015, 628938.4 2437027, 628962.6 2437037, 628987.3 2437045, 629012.4 2437053, 629037.8 2437059, 629063.6 2437064, 629089.5 2437067, 629115.6 2437069, 629141.8 2437070, 629168 2437069, 629194.1 2437067, 629220 2437064, 629245.8 2437059, 629271.2 2437053, 629296.3 2437045, 629321 2437037, 629345.2 2437027, 629368.8 2437015, 629391.8 2437003, 629414.1 2436989, 629435.7 2436974, 629456.5 2436958, 629476.4 2436941, 629495.4 2436923, 629513.4 2436904, 629530.4 2436884, 629546.3 2436864, 629561.1 2436842, 629574.8 2436820, 629587.3 2436797, 629598.6 2436773, 629608.6 2436749, 629617.3 2436724, 629624.8 2436699, 629630.9 2436674, 629635.6 2436648, 629639.1 2436622, 629641.1 2436596, 629641.8 2436570))"
5,20260514,Forest,6109.060402684564,16.49307014828121,2.182649842271293,0,Dai,NA,NA,1,0,0,2701,207.88491950910662,1268.1167457561594,904.55206298828125,4.107157230377197,166.80808536174752,47243.66226196289,144617.03338623047,0.293558409384471,1,50,5591.922569274902,0.1183634439317611,40751.74140930176,0.8625864181175482,1,0,-0.9736111171825732,0.22821348009813489,8.717528260092221,2.802940301672347,0.7805396626274846,"POLYGON ((716557.5 2487162, 716556.9 2487136, 716554.8 2487110, 716551.4 2487084, 716546.6 2487058, 716540.5 2487032, 716533.1 2487007, 716524.3 2486983, 716514.3 2486958, 716503 2486935, 716490.6 2486912, 716476.9 2486889, 716462.1 2486868, 716446.1 2486847, 716429.1 2486827, 716411.1 2486808, 716392.1 2486790, 716372.2 2486773, 716351.4 2486757, 716329.9 2486742, 716307.5 2486729, 716284.5 2486716, 716260.9 2486705, 716236.7 2486695, 716212.1 2486686, 716187 2486679, 716161.5 2486673, 716135.8 2486668, 716109.8 2486665, 716083.7 2486662, 716057.5 2486662, 716031.4 2486662, 716005.3 2486665, 715979.3 2486668, 715953.6 2486673, 715928.1 2486679, 715903 2486686, 715878.4 2486695, 715854.2 2486705, 715830.5 2486716, 715807.5 2486729, 715785.2 2486742, 715763.6 2486757, 715742.9 2486773, 715723 2486790, 715704 2486808, 715686 2486827, 715669 2486847, 715653 2486868, 715638.2 2486889, 715624.5 2486912, 715612 2486935, 715600.8 2486958, 715590.8 2486983, 715582 2487007, 715574.6 2487032, 715568.5 2487058, 715563.7 2487084, 715560.3 2487110, 715558.2 2487136, 715557.5 2487162, 715558.2 2487188, 715560.3 2487214, 715563.7 2487240, 715568.5 2487266, 715574.6 2487291, 715582 2487316, 715590.8 2487341, 715600.8 2487365, 715612 2487389, 715624.5 2487412, 715638.2 2487434, 715653 2487456, 715669 2487476, 715686 2487496, 715704 2487515, 715723 2487533, 715742.9 2487550, 715763.6 2487566, 715785.2 2487581, 715807.5 2487595, 715830.5 2487607, 715854.2 2487619, 715878.4 2487629, 715903 2487637, 715928.1 2487645, 715953.6 2487651, 715979.3 2487656, 716005.3 2487659, 716031.4 2487661, 716057.5 2487662, 716083.7 2487661, 716109.8 2487659, 716135.8 2487656, 716161.5 2487651, 716187 2487645, 716212.1 2487637, 716236.7 2487629, 716260.9 2487619, 716284.5 2487607, 716307.5 2487595, 716329.9 2487581, 716351.4 2487566, 716372.2 2487550, 716392.1 2487533, 716411.1 2487515, 716429.1 2487496, 716446.1 2487476, 716462.1 2487456, 716476.9 2487434, 716490.6 2487412, 716503 2487389, 716514.3 2487365, 716524.3 2487341, 716533.1 2487316, 716540.5 2487291, 716546.6 2487266, 716551.4 2487240, 716554.8 2487214, 716556.9 2487188, 716557.5 2487162))"
5,20260514,Forest,7708.695652173914,237.2321719678974,3.3891168599464763,0,Dai,NA,NA,1,0,0,2774,521.6050720548931,720.9908606180193,1191.683349609375,0.6130449175834656,134.51307875218686,15318.067359924316,0,0.1465219838561877,1,33,0,0,1818.0667161941528,0.11868773478243377,1,0,-0.7010720577831526,0.7130904359165786,8.95010427613315,5.46903929016875,1.2205693741627521,"POLYGON ((627231.2 2428981, 627230.5 2428955, 627228.4 2428929, 627225 2428903, 627220.2 2428877, 627214.1 2428852, 627206.7 2428826, 627198 2428802, 627187.9 2428778, 627176.7 2428754, 627164.2 2428731, 627150.5 2428709, 627135.7 2428687, 627119.7 2428666, 627102.7 2428646, 627084.7 2428627, 627065.7 2428609, 627045.8 2428592, 627025.1 2428576, 627003.5 2428562, 626981.2 2428548, 626958.2 2428535, 626934.5 2428524, 626910.4 2428514, 626885.7 2428505, 626860.6 2428498, 626835.1 2428492, 626809.4 2428487, 626783.4 2428484, 626757.3 2428482, 626731.2 2428481, 626705 2428482, 626678.9 2428484, 626653 2428487, 626627.2 2428492, 626601.8 2428498, 626576.7 2428505, 626552 2428514, 626527.8 2428524, 626504.2 2428535, 626481.2 2428548, 626458.9 2428562, 626437.3 2428576, 626416.5 2428592, 626396.6 2428609, 626377.6 2428627, 626359.6 2428646, 626342.6 2428666, 626326.7 2428687, 626311.8 2428709, 626298.2 2428731, 626285.7 2428754, 626274.4 2428778, 626264.4 2428802, 626255.6 2428826, 626248.2 2428852, 626242.1 2428877, 626237.3 2428903, 626233.9 2428929, 626231.9 2428955, 626231.2 2428981, 626231.9 2429007, 626233.9 2429033, 626237.3 2429059, 626242.1 2429085, 626248.2 2429110, 626255.6 2429136, 626264.4 2429160, 626274.4 2429184, 626285.7 2429208, 626298.2 2429231, 626311.8 2429253, 626326.7 2429275, 626342.6 2429296, 626359.6 2429316, 626377.6 2429335, 626396.6 2429353, 626416.5 2429370, 626437.3 2429386, 626458.9 2429400, 626481.2 2429414, 626504.2 2429426, 626527.8 2429438, 626552 2429448, 626576.7 2429457, 626601.8 2429464, 626627.2 2429470, 626653 2429475, 626678.9 2429478, 626705 2429480, 626731.2 2429481, 626757.3 2429480, 626783.4 2429478, 626809.4 2429475, 626835.1 2429470, 626860.6 2429464, 626885.7 2429457, 626910.4 2429448, 626934.5 2429438, 626958.2 2429426, 626981.2 2429414, 627003.5 2429400, 627025.1 2429386, 627045.8 2429370, 627065.7 2429353, 627084.7 2429335, 627102.7 2429316, 627119.7 2429296, 627135.7 2429275, 627150.5 2429253, 627164.2 2429231, 627176.7 2429208, 627187.9 2429184, 627198 2429160, 627206.7 2429136, 627214.1 2429110, 627220.2 2429085, 627225 2429059, 627228.4 2429033, 627230.5 2429007, 627231.2 2428981))"
5,20260514,Forest,6746.976744186047,60.85379283150647,0.5903979238754326,0,Dai,NA,NA,1,0,0,2837,49.4848049293194,1503.1097678230974,619.80615234375,7.047922134399414,270.4525992980338,1800,18900,0.6403865764519107,1,41,0,0,0,0,1,0,0.007899265790340037,-0.9999688003132765,8.816849793783787,4.108474148329283,-0.5269585221732079,"POLYGON ((685900.7 2423698, 685900 2423672, 685898 2423646, 685894.6 2423620, 685889.8 2423594, 685883.7 2423569, 685876.3 2423544, 685867.5 2423519, 685857.5 2423495, 685846.2 2423471, 685833.7 2423448, 685820.1 2423426, 685805.2 2423404, 685789.3 2423384, 685772.3 2423364, 685754.3 2423345, 685735.3 2423327, 685715.4 2423310, 685694.6 2423294, 685673 2423279, 685650.7 2423265, 685627.7 2423253, 685604.1 2423242, 685579.9 2423232, 685555.2 2423223, 685530.1 2423215, 685504.7 2423209, 685478.9 2423205, 685453 2423201, 685426.9 2423199, 685400.7 2423198, 685374.6 2423199, 685348.5 2423201, 685322.5 2423205, 685296.8 2423209, 685271.3 2423215, 685246.2 2423223, 685221.5 2423232, 685197.4 2423242, 685173.7 2423253, 685150.7 2423265, 685128.4 2423279, 685106.8 2423294, 685086.1 2423310, 685066.2 2423327, 685047.2 2423345, 685029.2 2423364, 685012.2 2423384, 684996.2 2423404, 684981.4 2423426, 684967.7 2423448, 684955.2 2423471, 684944 2423495, 684933.9 2423519, 684925.2 2423544, 684917.8 2423569, 684911.7 2423594, 684906.9 2423620, 684903.5 2423646, 684901.4 2423672, 684900.7 2423698, 684901.4 2423725, 684903.5 2423751, 684906.9 2423777, 684911.7 2423802, 684917.8 2423828, 684925.2 2423853, 684933.9 2423878, 684944 2423902, 684955.2 2423925, 684967.7 2423948, 684981.4 2423971, 684996.2 2423992, 685012.2 2424013, 685029.2 2424033, 685047.2 2424052, 685066.2 2424070, 685086.1 2424087, 685106.8 2424103, 685128.4 2424118, 685150.7 2424131, 685173.7 2424144, 685197.4 2424155, 685221.5 2424165, 685246.2 2424174, 685271.3 2424181, 685296.8 2424187, 685322.5 2424192, 685348.5 2424196, 685374.6 2424198, 685400.7 2424198, 685426.9 2424198, 685453 2424196, 685478.9 2424192, 685504.7 2424187, 685530.1 2424181, 685555.2 2424174, 685579.9 2424165, 685604.1 2424155, 685627.7 2424144, 685650.7 2424131, 685673 2424118, 685694.6 2424103, 685715.4 2424087, 685735.3 2424070, 685754.3 2424052, 685772.3 2424033, 685789.3 2424013, 685805.2 2423992, 685820.1 2423971, 685833.7 2423948, 685846.2 2423925, 685857.5 2423902, 685867.5 2423878, 685876.3 2423853, 685883.7 2423828, 685889.8 2423802, 685894.6 2423777, 685898 2423751, 685900 2423725, 685900.7 2423698))"
5,20260514,Forest,7826.956521739131,214.29487428046653,4.8661487899611595,0,Dai,NA,NA,1,0,0,2860,262.01812467035614,507.8219310832643,1193.252197265625,5.192419528961182,216.13991092088204,79350.6706237793,18744.80609893799,0.17340116876205255,1,47,0,0,7657.371139526367,0.0965003960184762,1,0,-0.8075792672876091,-0.5897590415137426,8.965329018881926,5.367352983763554,1.5823028213622343,"POLYGON ((637706 2428690, 637705.3 2428664, 637703.2 2428638, 637699.8 2428612, 637695 2428586, 637688.9 2428561, 637681.5 2428536, 637672.8 2428511, 637662.7 2428487, 637651.5 2428463, 637639 2428440, 637625.3 2428418, 637610.5 2428396, 637594.5 2428376, 637577.5 2428356, 637559.5 2428337, 637540.5 2428319, 637520.6 2428302, 637499.9 2428286, 637478.3 2428271, 637456 2428257, 637433 2428245, 637409.3 2428234, 637385.1 2428224, 637360.5 2428215, 637335.4 2428207, 637309.9 2428201, 637284.2 2428197, 637258.2 2428193, 637232.1 2428191, 637206 2428190, 637179.8 2428191, 637153.7 2428193, 637127.7 2428197, 637102 2428201, 637076.6 2428207, 637051.5 2428215, 637026.8 2428224, 637002.6 2428234, 636979 2428245, 636956 2428257, 636933.6 2428271, 636912.1 2428286, 636891.3 2428302, 636871.4 2428319, 636852.4 2428337, 636834.4 2428356, 636817.4 2428376, 636801.5 2428396, 636786.6 2428418, 636772.9 2428440, 636760.5 2428463, 636749.2 2428487, 636739.2 2428511, 636730.4 2428536, 636723 2428561, 636716.9 2428586, 636712.1 2428612, 636708.7 2428638, 636706.6 2428664, 636706 2428690, 636706.6 2428717, 636708.7 2428743, 636712.1 2428769, 636716.9 2428794, 636723 2428820, 636730.4 2428845, 636739.2 2428870, 636749.2 2428894, 636760.5 2428917, 636772.9 2428940, 636786.6 2428963, 636801.5 2428984, 636817.4 2429005, 636834.4 2429025, 636852.4 2429044, 636871.4 2429062, 636891.3 2429079, 636912.1 2429095, 636933.6 2429110, 636956 2429123, 636979 2429136, 637002.6 2429147, 637026.8 2429157, 637051.5 2429166, 637076.6 2429173, 637102 2429179, 637127.7 2429184, 637153.7 2429188, 637179.8 2429190, 637206 2429190, 637232.1 2429190, 637258.2 2429188, 637284.2 2429184, 637309.9 2429179, 637335.4 2429173, 637360.5 2429166, 637385.1 2429157, 637409.3 2429147, 637433 2429136, 637456 2429123, 637478.3 2429110, 637499.9 2429095, 637520.6 2429079, 637540.5 2429062, 637559.5 2429044, 637577.5 2429025, 637594.5 2429005, 637610.5 2428984, 637625.3 2428963, 637639 2428940, 637651.5 2428917, 637662.7 2428894, 637672.8 2428870, 637681.5 2428845, 637688.9 2428820, 637695 2428794, 637699.8 2428769, 637703.2 2428743, 637705.3 2428717, 637706 2428690))"
5,20260514,Forest,5300,11.357870574345577,3.2247191011235956,0,Dai,NA,NA,1,0,0,2866,189.1650527963127,1313.439493756165,985.10369873046875,16.404945373535156,276.71891712073295,767198.8037109375,3123.3697414398193,0.006139509119658735,1,2,66168.82095336914,0.08624729422583928,17302.587890625,0.022552939090796875,1,0,0.11699864195643674,-0.9931320746911508,8.575462099540212,2.4299109462807524,1.1708458460274813,"POLYGON ((746752 2363469, 746751.3 2363442, 746749.2 2363416, 746745.8 2363390, 746741 2363365, 746734.9 2363339, 746727.5 2363314, 746718.8 2363289, 746708.7 2363265, 746697.5 2363242, 746685 2363219, 746671.3 2363196, 746656.5 2363175, 746640.5 2363154, 746623.5 2363134, 746605.5 2363115, 746586.5 2363097, 746566.6 2363080, 746545.9 2363064, 746524.3 2363049, 746502 2363036, 746479 2363023, 746455.3 2363012, 746431.1 2363002, 746406.5 2362993, 746381.4 2362986, 746355.9 2362979, 746330.2 2362975, 746304.2 2362971, 746278.1 2362969, 746252 2362969, 746225.8 2362969, 746199.7 2362971, 746173.7 2362975, 746148 2362979, 746122.6 2362986, 746097.5 2362993, 746072.8 2363002, 746048.6 2363012, 746025 2363023, 746002 2363036, 745979.6 2363049, 745958.1 2363064, 745937.3 2363080, 745917.4 2363097, 745898.4 2363115, 745880.4 2363134, 745863.4 2363154, 745847.5 2363175, 745832.6 2363196, 745819 2363219, 745806.5 2363242, 745795.2 2363265, 745785.2 2363289, 745776.4 2363314, 745769 2363339, 745762.9 2363365, 745758.1 2363390, 745754.7 2363416, 745752.7 2363442, 745752 2363469, 745752.7 2363495, 745754.7 2363521, 745758.1 2363547, 745762.9 2363573, 745769 2363598, 745776.4 2363623, 745785.2 2363648, 745795.2 2363672, 745806.5 2363696, 745819 2363719, 745832.6 2363741, 745847.5 2363762, 745863.4 2363783, 745880.4 2363803, 745898.4 2363822, 745917.4 2363840, 745937.3 2363857, 745958.1 2363873, 745979.6 2363888, 746002 2363902, 746025 2363914, 746048.6 2363925, 746072.8 2363935, 746097.5 2363944, 746122.6 2363952, 746148 2363958, 746173.7 2363962, 746199.7 2363966, 746225.8 2363968, 746252 2363969, 746278.1 2363968, 746304.2 2363966, 746330.2 2363962, 746355.9 2363958, 746381.4 2363952, 746406.5 2363944, 746431.1 2363935, 746455.3 2363925, 746479 2363914, 746502 2363902, 746524.3 2363888, 746545.9 2363873, 746566.6 2363857, 746586.5 2363840, 746605.5 2363822, 746623.5 2363803, 746640.5 2363783, 746656.5 2363762, 746671.3 2363741, 746685 2363719, 746697.5 2363696, 746708.7 2363672, 746718.8 2363648, 746727.5 2363623, 746734.9 2363598, 746741 2363573, 746745.8 2363547, 746749.2 2363521, 746751.3 2363495, 746752 2363469))"
5,20260514,Forest,5152.0093185789165,31.010082017237615,3.867597133157299,0,Dai,NA,NA,1,0,0,2967,259.56312419677937,542.2229377077632,1132.6044921875,12.847594261169434,314.6247049420069,546295.9899902344,0,0.023213709151766206,1,94,0,0,72464.57061767578,0.1326470849968552,1,0,0.7024600009412638,-0.7117232236463832,8.547142076512934,3.4343123779730202,1.3526334183810655,"POLYGON ((673271.5 2489411, 673270.8 2489385, 673268.7 2489359, 673265.3 2489333, 673260.6 2489307, 673254.4 2489282, 673247 2489257, 673238.3 2489232, 673228.3 2489208, 673217 2489184, 673204.5 2489161, 673190.8 2489139, 673176 2489118, 673160.1 2489097, 673143.1 2489077, 673125 2489058, 673106 2489040, 673086.1 2489023, 673065.4 2489007, 673043.8 2488992, 673021.5 2488978, 672998.5 2488966, 672974.9 2488955, 672950.7 2488945, 672926 2488936, 672900.9 2488928, 672875.4 2488922, 672849.7 2488918, 672823.7 2488914, 672797.7 2488912, 672771.5 2488911, 672745.3 2488912, 672719.2 2488914, 672693.3 2488918, 672667.5 2488922, 672642.1 2488928, 672617 2488936, 672592.3 2488945, 672568.1 2488955, 672544.5 2488966, 672521.5 2488978, 672499.2 2488992, 672477.6 2489007, 672456.8 2489023, 672436.9 2489040, 672417.9 2489058, 672399.9 2489077, 672382.9 2489097, 672367 2489118, 672352.1 2489139, 672338.5 2489161, 672326 2489184, 672314.7 2489208, 672304.7 2489232, 672296 2489257, 672288.5 2489282, 672282.4 2489307, 672277.6 2489333, 672274.2 2489359, 672272.2 2489385, 672271.5 2489411, 672272.2 2489438, 672274.2 2489464, 672277.6 2489490, 672282.4 2489515, 672288.5 2489541, 672296 2489566, 672304.7 2489591, 672314.7 2489615, 672326 2489638, 672338.5 2489661, 672352.1 2489684, 672367 2489705, 672382.9 2489726, 672399.9 2489746, 672417.9 2489765, 672436.9 2489783, 672456.8 2489800, 672477.6 2489816, 672499.2 2489831, 672521.5 2489844, 672544.5 2489857, 672568.1 2489868, 672592.3 2489878, 672617 2489887, 672642.1 2489894, 672667.5 2489900, 672693.3 2489905, 672719.2 2489909, 672745.3 2489911, 672771.5 2489911, 672797.7 2489911, 672823.7 2489909, 672849.7 2489905, 672875.4 2489900, 672900.9 2489894, 672926 2489887, 672950.7 2489878, 672974.9 2489868, 672998.5 2489857, 673021.5 2489844, 673043.8 2489831, 673065.4 2489816, 673086.1 2489800, 673106 2489783, 673125 2489765, 673143.1 2489746, 673160.1 2489726, 673176 2489705, 673190.8 2489684, 673204.5 2489661, 673217 2489638, 673228.3 2489615, 673238.3 2489591, 673247 2489566, 673254.4 2489541, 673260.6 2489515, 673265.3 2489490, 673268.7 2489464, 673270.8 2489438, 673271.5 2489411))"
5,20260514,Forest,7668.695652173914,133.19513203141992,2.0375399361022364,0,Dai,NA,NA,1,0,0,2988,413.98248855949305,649.059995333522,1212.2745361328125,4.460488796234131,204.17876324480287,164190.59143066406,0,0.10026822537176978,1,90,0,0,91644.43359375,0.5581588615718609,1,0,-0.9122719920198272,-0.4095849271838214,8.944901821513023,4.891815211127795,0.7117431664817675,"POLYGON ((643564.7 2429807, 643564 2429781, 643561.9 2429755, 643558.5 2429729, 643553.8 2429703, 643547.6 2429678, 643540.2 2429652, 643531.5 2429628, 643521.5 2429604, 643510.2 2429580, 643497.7 2429557, 643484 2429535, 643469.2 2429513, 643453.3 2429492, 643436.3 2429472, 643418.2 2429453, 643399.2 2429435, 643379.3 2429418, 643358.6 2429402, 643337 2429388, 643314.7 2429374, 643291.7 2429361, 643268.1 2429350, 643243.9 2429340, 643219.2 2429331, 643194.1 2429324, 643168.6 2429318, 643142.9 2429313, 643116.9 2429310, 643090.8 2429308, 643064.7 2429307, 643038.5 2429308, 643012.4 2429310, 642986.5 2429313, 642960.7 2429318, 642935.3 2429324, 642910.2 2429331, 642885.5 2429340, 642861.3 2429350, 642837.7 2429361, 642814.7 2429374, 642792.4 2429388, 642770.8 2429402, 642750 2429418, 642730.1 2429435, 642711.1 2429453, 642693.1 2429472, 642676.1 2429492, 642660.2 2429513, 642645.3 2429535, 642631.7 2429557, 642619.2 2429580, 642607.9 2429604, 642597.9 2429628, 642589.2 2429652, 642581.7 2429678, 642575.6 2429703, 642570.8 2429729, 642567.4 2429755, 642565.4 2429781, 642564.7 2429807, 642565.4 2429833, 642567.4 2429859, 642570.8 2429885, 642575.6 2429911, 642581.7 2429936, 642589.2 2429961, 642597.9 2429986, 642607.9 2430010, 642619.2 2430034, 642631.7 2430057, 642645.3 2430079, 642660.2 2430101, 642676.1 2430122, 642693.1 2430141, 642711.1 2430160, 642730.1 2430178, 642750 2430195, 642770.8 2430211, 642792.4 2430226, 642814.7 2430240, 642837.7 2430252, 642861.3 2430264, 642885.5 2430274, 642910.2 2430282, 642935.3 2430290, 642960.7 2430296, 642986.5 2430301, 643012.4 2430304, 643038.5 2430306, 643064.7 2430307, 643090.8 2430306, 643116.9 2430304, 643142.9 2430301, 643168.6 2430296, 643194.1 2430290, 643219.2 2430282, 643243.9 2430274, 643268.1 2430264, 643291.7 2430252, 643314.7 2430240, 643337 2430226, 643358.6 2430211, 643379.3 2430195, 643399.2 2430178, 643418.2 2430160, 643436.3 2430141, 643453.3 2430122, 643469.2 2430101, 643484 2430079, 643497.7 2430057, 643510.2 2430034, 643521.5 2430010, 643531.5 2429986, 643540.2 2429961, 643547.6 2429936, 643553.8 2429911, 643558.5 2429885, 643561.9 2429859, 643564 2429833, 643564.7 2429807))"
5,20260514,Forest,4604,4.552080596935946,1.627922077922078,0,Dai,NA,NA,1,0,0,2999,33.5284229039581,1028.0248463508722,705.51513671875,7.454955101013184,202.58514438821857,5400,27900,0.7337238425795598,1,16,2700,0.5,2700,0.5,1,0,-0.923309825916953,-0.3840559404112973,8.434680769841773,1.515584402496797,0.4873044027506186,"POLYGON ((770853.9 2386613, 770853.2 2386586, 770851.2 2386560, 770847.8 2386534, 770843 2386509, 770836.9 2386483, 770829.4 2386458, 770820.7 2386433, 770810.7 2386409, 770799.4 2386386, 770786.9 2386363, 770773.2 2386340, 770758.4 2386319, 770742.5 2386298, 770725.5 2386278, 770707.5 2386259, 770688.5 2386241, 770668.6 2386224, 770647.8 2386208, 770626.2 2386193, 770603.9 2386180, 770580.9 2386167, 770557.3 2386156, 770533.1 2386146, 770508.4 2386137, 770483.3 2386130, 770457.9 2386123, 770432.1 2386119, 770406.2 2386115, 770380.1 2386113, 770353.9 2386113, 770327.7 2386113, 770301.6 2386115, 770275.7 2386119, 770250 2386123, 770224.5 2386130, 770199.4 2386137, 770174.7 2386146, 770150.5 2386156, 770126.9 2386167, 770103.9 2386180, 770081.6 2386193, 770060 2386208, 770039.2 2386224, 770019.3 2386241, 770000.4 2386259, 769982.3 2386278, 769965.3 2386298, 769949.4 2386319, 769934.6 2386340, 769920.9 2386363, 769908.4 2386386, 769897.1 2386409, 769887.1 2386433, 769878.4 2386458, 769870.9 2386483, 769864.8 2386509, 769860.1 2386534, 769856.6 2386560, 769854.6 2386586, 769853.9 2386613, 769854.6 2386639, 769856.6 2386665, 769860.1 2386691, 769864.8 2386716, 769870.9 2386742, 769878.4 2386767, 769887.1 2386792, 769897.1 2386816, 769908.4 2386840, 769920.9 2386863, 769934.6 2386885, 769949.4 2386906, 769965.3 2386927, 769982.3 2386947, 770000.4 2386966, 770019.3 2386984, 770039.2 2387001, 770060 2387017, 770081.6 2387032, 770103.9 2387046, 770126.9 2387058, 770150.5 2387069, 770174.7 2387079, 770199.4 2387088, 770224.5 2387096, 770250 2387102, 770275.7 2387106, 770301.6 2387110, 770327.7 2387112, 770353.9 2387113, 770380.1 2387112, 770406.2 2387110, 770432.1 2387106, 770457.9 2387102, 770483.3 2387096, 770508.4 2387088, 770533.1 2387079, 770557.3 2387069, 770580.9 2387058, 770603.9 2387046, 770626.2 2387032, 770647.8 2387017, 770668.6 2387001, 770688.5 2386984, 770707.5 2386966, 770725.5 2386947, 770742.5 2386927, 770758.4 2386906, 770773.2 2386885, 770786.9 2386863, 770799.4 2386840, 770810.7 2386816, 770820.7 2386792, 770829.4 2386767, 770836.9 2386742, 770843 2386716, 770847.8 2386691, 770851.2 2386665, 770853.2 2386639, 770853.9 2386613))"
5,20260514,Forest,4468,96.47661604022574,2.467409608717187,0,Dai,NA,NA,1,0,0,3075,228.95682226215658,348.10119360550556,867.2978515625,15.364897727966309,309.887343589684,698933.3312988281,7213.889122009277,0.1684888028101857,1,67,659887.4267578125,0.9441350086016693,28245.952606201172,0.04041294261029404,1,0,0.6412801521832113,-0.767306826775233,8.404696160189092,4.5693006581538285,0.9031688589157757,"POLYGON ((744207.5 2364044, 744206.8 2364018, 744204.7 2363992, 744201.3 2363966, 744196.5 2363940, 744190.4 2363915, 744183 2363889, 744174.3 2363865, 744164.2 2363841, 744153 2363817, 744140.5 2363794, 744126.8 2363772, 744112 2363750, 744096 2363729, 744079 2363709, 744061 2363690, 744042 2363672, 744022.1 2363655, 744001.4 2363639, 743979.8 2363625, 743957.5 2363611, 743934.5 2363598, 743910.8 2363587, 743886.7 2363577, 743862 2363568, 743836.9 2363561, 743811.4 2363555, 743785.7 2363550, 743759.7 2363547, 743733.6 2363545, 743707.5 2363544, 743681.3 2363545, 743655.2 2363547, 743629.3 2363550, 743603.5 2363555, 743578.1 2363561, 743553 2363568, 743528.3 2363577, 743504.1 2363587, 743480.5 2363598, 743457.5 2363611, 743435.2 2363625, 743413.6 2363639, 743392.8 2363655, 743372.9 2363672, 743353.9 2363690, 743335.9 2363709, 743318.9 2363729, 743303 2363750, 743288.1 2363772, 743274.5 2363794, 743262 2363817, 743250.7 2363841, 743240.7 2363865, 743231.9 2363889, 743224.5 2363915, 743218.4 2363940, 743213.6 2363966, 743210.2 2363992, 743208.2 2364018, 743207.5 2364044, 743208.2 2364070, 743210.2 2364096, 743213.6 2364122, 743218.4 2364148, 743224.5 2364173, 743231.9 2364198, 743240.7 2364223, 743250.7 2364247, 743262 2364271, 743274.5 2364294, 743288.1 2364316, 743303 2364338, 743318.9 2364359, 743335.9 2364379, 743353.9 2364398, 743372.9 2364416, 743392.8 2364433, 743413.6 2364448, 743435.2 2364463, 743457.5 2364477, 743480.5 2364489, 743504.1 2364501, 743528.3 2364511, 743553 2364520, 743578.1 2364527, 743603.5 2364533, 743629.3 2364538, 743655.2 2364541, 743681.3 2364543, 743707.5 2364544, 743733.6 2364543, 743759.7 2364541, 743785.7 2364538, 743811.4 2364533, 743836.9 2364527, 743862 2364520, 743886.7 2364511, 743910.8 2364501, 743934.5 2364489, 743957.5 2364477, 743979.8 2364463, 744001.4 2364448, 744022.1 2364433, 744042 2364416, 744061 2364398, 744079 2364379, 744096 2364359, 744112 2364338, 744126.8 2364316, 744140.5 2364294, 744153 2364271, 744164.2 2364247, 744174.3 2364223, 744183 2364198, 744190.4 2364173, 744196.5 2364148, 744201.3 2364122, 744204.7 2364096, 744206.8 2364070, 744207.5 2364044))"
5,20260514,Forest,7175.9347124691585,177.2698027597876,1.3453038674033149,0,Dai,NA,NA,1,0,0,3139,368.7946870827974,844.0734456441692,614.844482421875,6.857405662536621,306.72458041824603,12447.928619384766,14206.782245635986,0.8228835743594308,1,5,11547.928619384766,0.9276988141948004,0,0,1,0,0.5979690611205376,-0.8015191837645702,8.87848830565783,5.177672881370861,0.2966199112568187,"POLYGON ((684150.3 2399597, 684149.6 2399571, 684147.6 2399544, 684144.2 2399518, 684139.4 2399493, 684133.3 2399467, 684125.8 2399442, 684117.1 2399418, 684107.1 2399393, 684095.8 2399370, 684083.3 2399347, 684069.6 2399324, 684054.8 2399303, 684038.9 2399282, 684021.9 2399262, 684003.9 2399243, 683984.9 2399225, 683965 2399208, 683944.2 2399192, 683922.6 2399177, 683900.3 2399164, 683877.3 2399151, 683853.7 2399140, 683829.5 2399130, 683804.8 2399121, 683779.7 2399114, 683754.3 2399108, 683728.5 2399103, 683702.6 2399099, 683676.5 2399097, 683650.3 2399097, 683624.1 2399097, 683598 2399099, 683572.1 2399103, 683546.4 2399108, 683520.9 2399114, 683495.8 2399121, 683471.1 2399130, 683446.9 2399140, 683423.3 2399151, 683400.3 2399164, 683378 2399177, 683356.4 2399192, 683335.7 2399208, 683315.7 2399225, 683296.8 2399243, 683278.7 2399262, 683261.7 2399282, 683245.8 2399303, 683231 2399324, 683217.3 2399347, 683204.8 2399370, 683193.5 2399393, 683183.5 2399418, 683174.8 2399442, 683167.3 2399467, 683161.2 2399493, 683156.5 2399518, 683153 2399544, 683151 2399571, 683150.3 2399597, 683151 2399623, 683153 2399649, 683156.5 2399675, 683161.2 2399701, 683167.3 2399726, 683174.8 2399751, 683183.5 2399776, 683193.5 2399800, 683204.8 2399824, 683217.3 2399847, 683231 2399869, 683245.8 2399891, 683261.7 2399911, 683278.7 2399931, 683296.8 2399950, 683315.7 2399968, 683335.7 2399985, 683356.4 2400001, 683378 2400016, 683400.3 2400030, 683423.3 2400042, 683446.9 2400053, 683471.1 2400063, 683495.8 2400072, 683520.9 2400080, 683546.4 2400086, 683572.1 2400091, 683598 2400094, 683624.1 2400096, 683650.3 2400097, 683676.5 2400096, 683702.6 2400094, 683728.5 2400091, 683754.3 2400086, 683779.7 2400080, 683804.8 2400072, 683829.5 2400063, 683853.7 2400053, 683877.3 2400042, 683900.3 2400030, 683922.6 2400016, 683944.2 2400001, 683965 2399985, 683984.9 2399968, 684003.9 2399950, 684021.9 2399931, 684038.9 2399911, 684054.8 2399891, 684069.6 2399869, 684083.3 2399847, 684095.8 2399824, 684107.1 2399800, 684117.1 2399776, 684125.8 2399751, 684133.3 2399726, 684139.4 2399701, 684144.2 2399675, 684147.6 2399649, 684149.6 2399623, 684150.3 2399597))"
5,20260514,Forest,4740.827023878858,28.393067437574942,2.9508196721311477,0,Dai,NA,NA,1,0,0,3195,381.3957405992007,1342.0575266370824,993.2427978515625,10.836304664611816,304.48260971456534,709702.2399902344,0,0.015365805298384013,1,29,202931.36444091797,0.285938740229579,14944.9613571167,0.02105807268879741,1,0,0.5661560739219766,-0.8242980649990956,8.463966877081248,3.346145011058112,1.0820829867168993,"POLYGON ((679867.1 2479249, 679866.4 2479223, 679864.3 2479197, 679860.9 2479171, 679856.2 2479145, 679850 2479120, 679842.6 2479094, 679833.9 2479070, 679823.9 2479046, 679812.6 2479022, 679800.1 2478999, 679786.4 2478977, 679771.6 2478955, 679755.7 2478934, 679738.7 2478914, 679720.6 2478895, 679701.6 2478877, 679681.7 2478860, 679661 2478844, 679639.4 2478830, 679617.1 2478816, 679594.1 2478803, 679570.5 2478792, 679546.3 2478782, 679521.6 2478773, 679496.5 2478766, 679471 2478760, 679445.3 2478755, 679419.3 2478752, 679393.2 2478750, 679367.1 2478749, 679340.9 2478750, 679314.8 2478752, 679288.9 2478755, 679263.1 2478760, 679237.7 2478766, 679212.6 2478773, 679187.9 2478782, 679163.7 2478792, 679140.1 2478803, 679117.1 2478816, 679094.8 2478830, 679073.2 2478844, 679052.4 2478860, 679032.5 2478877, 679013.5 2478895, 678995.5 2478914, 678978.5 2478934, 678962.6 2478955, 678947.7 2478977, 678934.1 2478999, 678921.6 2479022, 678910.3 2479046, 678900.3 2479070, 678891.6 2479094, 678884.1 2479120, 678878 2479145, 678873.2 2479171, 678869.8 2479197, 678867.8 2479223, 678867.1 2479249, 678867.8 2479275, 678869.8 2479301, 678873.2 2479327, 678878 2479353, 678884.1 2479378, 678891.6 2479403, 678900.3 2479428, 678910.3 2479452, 678921.6 2479476, 678934.1 2479499, 678947.7 2479521, 678962.6 2479543, 678978.5 2479564, 678995.5 2479584, 679013.5 2479603, 679032.5 2479621, 679052.4 2479638, 679073.2 2479653, 679094.8 2479668, 679117.1 2479682, 679140.1 2479694, 679163.7 2479706, 679187.9 2479716, 679212.6 2479725, 679237.7 2479732, 679263.1 2479738, 679288.9 2479743, 679314.8 2479746, 679340.9 2479748, 679367.1 2479749, 679393.2 2479748, 679419.3 2479746, 679445.3 2479743, 679471 2479738, 679496.5 2479732, 679521.6 2479725, 679546.3 2479716, 679570.5 2479706, 679594.1 2479694, 679617.1 2479682, 679639.4 2479668, 679661 2479653, 679681.7 2479638, 679701.6 2479621, 679720.6 2479603, 679738.7 2479584, 679755.7 2479564, 679771.6 2479543, 679786.4 2479521, 679800.1 2479499, 679812.6 2479476, 679823.9 2479452, 679833.9 2479428, 679842.6 2479403, 679850 2479378, 679856.2 2479353, 679860.9 2479327, 679864.3 2479301, 679866.4 2479275, 679867.1 2479249))"
5,20260514,Forest,5300,11.357870574345577,3.2247191011235956,0,Dai,NA,NA,1,0,0,3236,322.09757963729123,756.9076535482766,807.92535400390625,14.052877426147461,252.29237235420828,487185.2600097656,0,0.16969081555294369,1,21,94391.06369018555,0.19374778228777587,36963.45291137695,0.07587145167453552,1,0,-0.3041598837039499,-0.9526209976402996,8.575462099540212,2.4299109462807524,1.1708458460274813,"POLYGON ((734858.1 2347862, 734857.4 2347836, 734855.4 2347810, 734851.9 2347784, 734847.2 2347758, 734841.1 2347732, 734833.6 2347707, 734824.9 2347683, 734814.9 2347658, 734803.6 2347635, 734791.1 2347612, 734777.4 2347589, 734762.6 2347568, 734746.7 2347547, 734729.7 2347527, 734711.7 2347508, 734692.7 2347490, 734672.8 2347473, 734652 2347457, 734630.4 2347442, 734608.1 2347429, 734585.1 2347416, 734561.5 2347405, 734537.3 2347395, 734512.6 2347386, 734487.5 2347379, 734462.1 2347373, 734436.3 2347368, 734410.4 2347365, 734384.3 2347362, 734358.1 2347362, 734331.9 2347362, 734305.8 2347365, 734279.9 2347368, 734254.1 2347373, 734228.7 2347379, 734203.6 2347386, 734178.9 2347395, 734154.7 2347405, 734131.1 2347416, 734108.1 2347429, 734085.8 2347442, 734064.2 2347457, 734043.4 2347473, 734023.5 2347490, 734004.5 2347508, 733986.5 2347527, 733969.5 2347547, 733953.6 2347568, 733938.8 2347589, 733925.1 2347612, 733912.6 2347635, 733901.3 2347658, 733891.3 2347683, 733882.6 2347707, 733875.1 2347732, 733869 2347758, 733864.3 2347784, 733860.8 2347810, 733858.8 2347836, 733858.1 2347862, 733858.8 2347888, 733860.8 2347914, 733864.3 2347940, 733869 2347966, 733875.1 2347991, 733882.6 2348016, 733891.3 2348041, 733901.3 2348065, 733912.6 2348089, 733925.1 2348112, 733938.8 2348134, 733953.6 2348156, 733969.5 2348176, 733986.5 2348196, 734004.5 2348215, 734023.5 2348233, 734043.4 2348250, 734064.2 2348266, 734085.8 2348281, 734108.1 2348295, 734131.1 2348307, 734154.7 2348319, 734178.9 2348329, 734203.6 2348337, 734228.7 2348345, 734254.1 2348351, 734279.9 2348356, 734305.8 2348359, 734331.9 2348361, 734358.1 2348362, 734384.3 2348361, 734410.4 2348359, 734436.3 2348356, 734462.1 2348351, 734487.5 2348345, 734512.6 2348337, 734537.3 2348329, 734561.5 2348319, 734585.1 2348307, 734608.1 2348295, 734630.4 2348281, 734652 2348266, 734672.8 2348250, 734692.7 2348233, 734711.7 2348215, 734729.7 2348196, 734746.7 2348176, 734762.6 2348156, 734777.4 2348134, 734791.1 2348112, 734803.6 2348089, 734814.9 2348065, 734824.9 2348041, 734833.6 2348016, 734841.1 2347991, 734847.2 2347966, 734851.9 2347940, 734855.4 2347914, 734857.4 2347888, 734858.1 2347862))"
5,20260514,Forest,12077.571669477235,47.050868206321354,1.8036923076923077,0,Dai,NA,NA,1,0,0,3433,206.1903181599502,679.4735661455469,577.7288818359375,13.974039077758789,193.18104719106185,949.6429681777954,19779.90016937256,0.6793499004404987,1,22,900,0.9477245977263941,0,0,1,0,-0.9736543855440005,-0.22802880851097487,9.39910543054279,3.851229318705374,0.5898358459470546,"POLYGON ((695480.9 2426703, 695480.2 2426677, 695478.2 2426651, 695474.7 2426625, 695470 2426599, 695463.9 2426573, 695456.4 2426548, 695447.7 2426524, 695437.7 2426499, 695426.4 2426476, 695413.9 2426453, 695400.2 2426431, 695385.4 2426409, 695369.5 2426388, 695352.5 2426368, 695334.5 2426349, 695315.5 2426331, 695295.6 2426314, 695274.8 2426298, 695253.2 2426284, 695230.9 2426270, 695207.9 2426257, 695184.3 2426246, 695160.1 2426236, 695135.4 2426227, 695110.3 2426220, 695084.9 2426214, 695059.1 2426209, 695033.2 2426206, 695007.1 2426204, 694980.9 2426203, 694954.7 2426204, 694928.6 2426206, 694902.7 2426209, 694876.9 2426214, 694851.5 2426220, 694826.4 2426227, 694801.7 2426236, 694777.5 2426246, 694753.9 2426257, 694730.9 2426270, 694708.6 2426284, 694687 2426298, 694666.2 2426314, 694646.3 2426331, 694627.3 2426349, 694609.3 2426368, 694592.3 2426388, 694576.4 2426409, 694561.6 2426431, 694547.9 2426453, 694535.4 2426476, 694524.1 2426499, 694514.1 2426524, 694505.4 2426548, 694497.9 2426573, 694491.8 2426599, 694487.1 2426625, 694483.6 2426651, 694481.6 2426677, 694480.9 2426703, 694481.6 2426729, 694483.6 2426755, 694487.1 2426781, 694491.8 2426807, 694497.9 2426832, 694505.4 2426857, 694514.1 2426882, 694524.1 2426906, 694535.4 2426930, 694547.9 2426953, 694561.6 2426975, 694576.4 2426997, 694592.3 2427018, 694609.3 2427037, 694627.3 2427056, 694646.3 2427074, 694666.2 2427091, 694687 2427107, 694708.6 2427122, 694730.9 2427136, 694753.9 2427148, 694777.5 2427160, 694801.7 2427170, 694826.4 2427178, 694851.5 2427186, 694876.9 2427192, 694902.7 2427197, 694928.6 2427200, 694954.7 2427202, 694980.9 2427203, 695007.1 2427202, 695033.2 2427200, 695059.1 2427197, 695084.9 2427192, 695110.3 2427186, 695135.4 2427178, 695160.1 2427170, 695184.3 2427160, 695207.9 2427148, 695230.9 2427136, 695253.2 2427122, 695274.8 2427107, 695295.6 2427091, 695315.5 2427074, 695334.5 2427056, 695352.5 2427037, 695369.5 2427018, 695385.4 2426997, 695400.2 2426975, 695413.9 2426953, 695426.4 2426930, 695437.7 2426906, 695447.7 2426882, 695456.4 2426857, 695463.9 2426832, 695470 2426807, 695474.7 2426781, 695478.2 2426755, 695480.2 2426729, 695480.9 2426703))"
5,20260514,Forest,7540.000000000001,112.29978884729138,4.332196162046908,0,Dai,NA,NA,1,0,0,3531,635.5915179711409,551.0297021261057,1187.385986328125,0.43151235580444336,35.63961488855544,2700,0,0.13776805831065894,1,24,0,0,2700,1,1,0,0.8126980809470576,0.5826850171619052,8.927977461002001,4.721171981486988,1.4660746102111653,"POLYGON ((627315.6 2430955, 627315 2430929, 627312.9 2430903, 627309.5 2430877, 627304.7 2430851, 627298.6 2430825, 627291.2 2430800, 627282.4 2430776, 627272.4 2430751, 627261.1 2430728, 627248.7 2430705, 627235 2430683, 627220.2 2430661, 627204.2 2430640, 627187.2 2430620, 627169.2 2430601, 627150.2 2430583, 627130.3 2430566, 627109.5 2430550, 627088 2430536, 627065.6 2430522, 627042.6 2430509, 627019 2430498, 626994.8 2430488, 626970.2 2430479, 626945.1 2430472, 626919.6 2430466, 626893.9 2430461, 626867.9 2430458, 626841.8 2430456, 626815.6 2430455, 626789.5 2430456, 626763.4 2430458, 626737.4 2430461, 626711.7 2430466, 626686.2 2430472, 626661.1 2430479, 626636.5 2430488, 626612.3 2430498, 626588.6 2430509, 626565.6 2430522, 626543.3 2430536, 626521.8 2430550, 626501 2430566, 626481.1 2430583, 626462.1 2430601, 626444.1 2430620, 626427.1 2430640, 626411.1 2430661, 626396.3 2430683, 626382.6 2430705, 626370.1 2430728, 626358.9 2430751, 626348.9 2430776, 626340.1 2430800, 626332.7 2430825, 626326.6 2430851, 626321.8 2430877, 626318.4 2430903, 626316.3 2430929, 626315.6 2430955, 626316.3 2430981, 626318.4 2431007, 626321.8 2431033, 626326.6 2431059, 626332.7 2431084, 626340.1 2431109, 626348.9 2431134, 626358.9 2431158, 626370.1 2431182, 626382.6 2431205, 626396.3 2431227, 626411.1 2431249, 626427.1 2431270, 626444.1 2431289, 626462.1 2431308, 626481.1 2431326, 626501 2431343, 626521.8 2431359, 626543.3 2431374, 626565.6 2431388, 626588.6 2431400, 626612.3 2431412, 626636.5 2431422, 626661.1 2431430, 626686.2 2431438, 626711.7 2431444, 626737.4 2431449, 626763.4 2431452, 626789.5 2431454, 626815.6 2431455, 626841.8 2431454, 626867.9 2431452, 626893.9 2431449, 626919.6 2431444, 626945.1 2431438, 626970.2 2431430, 626994.8 2431422, 627019 2431412, 627042.6 2431400, 627065.6 2431388, 627088 2431374, 627109.5 2431359, 627130.3 2431343, 627150.2 2431326, 627169.2 2431308, 627187.2 2431289, 627204.2 2431270, 627220.2 2431249, 627235 2431227, 627248.7 2431205, 627261.1 2431182, 627272.4 2431158, 627282.4 2431134, 627291.2 2431109, 627298.6 2431084, 627304.7 2431059, 627309.5 2431033, 627312.9 2431007, 627315 2430981, 627315.6 2430955))"
5,20260514,Forest,4841,40.475513715159785,0.8751300728407908,0,Dai,NA,NA,1,0,0,3681,16.0379519166472,1148.6346837933204,699.90899658203125,12.264451026916504,277.29740642191666,4504.344320297241,170577.50701904297,0.3338607929454209,1,42,4504.344320297241,1,0,0,1,0,0.12701970890425,-0.9919001933409831,8.484876589939695,3.7006971916427536,-0.13338274899734448,"POLYGON ((743973.5 2430964, 743972.8 2430938, 743970.7 2430912, 743967.3 2430886, 743962.5 2430860, 743956.4 2430835, 743949 2430810, 743940.3 2430785, 743930.2 2430761, 743919 2430737, 743906.5 2430714, 743892.8 2430692, 743878 2430670, 743862 2430650, 743845 2430630, 743827 2430611, 743808 2430593, 743788.1 2430576, 743767.4 2430560, 743745.8 2430545, 743723.5 2430531, 743700.5 2430519, 743676.8 2430508, 743652.7 2430498, 743628 2430489, 743602.9 2430481, 743577.4 2430475, 743551.7 2430470, 743525.7 2430467, 743499.6 2430465, 743473.5 2430464, 743447.3 2430465, 743421.2 2430467, 743395.2 2430470, 743369.5 2430475, 743344.1 2430481, 743319 2430489, 743294.3 2430498, 743270.1 2430508, 743246.5 2430519, 743223.5 2430531, 743201.1 2430545, 743179.6 2430560, 743158.8 2430576, 743138.9 2430593, 743119.9 2430611, 743101.9 2430630, 743084.9 2430650, 743069 2430670, 743054.1 2430692, 743040.5 2430714, 743028 2430737, 743016.7 2430761, 743006.7 2430785, 742997.9 2430810, 742990.5 2430835, 742984.4 2430860, 742979.6 2430886, 742976.2 2430912, 742974.2 2430938, 742973.5 2430964, 742974.2 2430991, 742976.2 2431017, 742979.6 2431043, 742984.4 2431068, 742990.5 2431094, 742997.9 2431119, 743006.7 2431144, 743016.7 2431168, 743028 2431191, 743040.5 2431214, 743054.1 2431237, 743069 2431258, 743084.9 2431279, 743101.9 2431299, 743119.9 2431318, 743138.9 2431336, 743158.8 2431353, 743179.6 2431369, 743201.1 2431384, 743223.5 2431397, 743246.5 2431410, 743270.1 2431421, 743294.3 2431431, 743319 2431440, 743344.1 2431447, 743369.5 2431453, 743395.2 2431458, 743421.2 2431462, 743447.3 2431464, 743473.5 2431464, 743499.6 2431464, 743525.7 2431462, 743551.7 2431458, 743577.4 2431453, 743602.9 2431447, 743628 2431440, 743652.7 2431431, 743676.8 2431421, 743700.5 2431410, 743723.5 2431397, 743745.8 2431384, 743767.4 2431369, 743788.1 2431353, 743808 2431336, 743827 2431318, 743845 2431299, 743862 2431279, 743878 2431258, 743892.8 2431237, 743906.5 2431214, 743919 2431191, 743930.2 2431168, 743940.3 2431144, 743949 2431119, 743956.4 2431094, 743962.5 2431068, 743967.3 2431043, 743970.7 2431017, 743972.8 2430991, 743973.5 2430964))"
5,20260514,Forest,8082.412914188615,48.483721067496745,1.5257279617072197,0,Dai,NA,NA,1,0,0,3857,389.75786787106637,1082.9088542792595,940.46197509765625,10.643094062805176,145.06553076149197,12283.640956878662,75944.49005126953,0.04232061194126697,1,14,12283.640956878662,1,0,0,1,0,-0.8198075235463537,0.5726391746438544,8.997445734928318,3.881228093508158,0.4224716481023428,"POLYGON ((696872.8 2440631, 696872.1 2440605, 696870 2440579, 696866.6 2440553, 696861.8 2440527, 696855.7 2440502, 696848.3 2440476, 696839.5 2440452, 696829.5 2440428, 696818.3 2440404, 696805.8 2440381, 696792.1 2440359, 696777.3 2440337, 696761.3 2440316, 696744.3 2440296, 696726.3 2440277, 696707.3 2440259, 696687.4 2440242, 696666.6 2440226, 696645.1 2440212, 696622.8 2440198, 696599.7 2440185, 696576.1 2440174, 696551.9 2440164, 696527.3 2440155, 696502.2 2440148, 696476.7 2440142, 696451 2440137, 696425 2440134, 696398.9 2440132, 696372.8 2440131, 696346.6 2440132, 696320.5 2440134, 696294.5 2440137, 696268.8 2440142, 696243.3 2440148, 696218.2 2440155, 696193.6 2440164, 696169.4 2440174, 696145.8 2440185, 696122.8 2440198, 696100.4 2440212, 696078.9 2440226, 696058.1 2440242, 696038.2 2440259, 696019.2 2440277, 696001.2 2440296, 695984.2 2440316, 695968.2 2440337, 695953.4 2440359, 695939.7 2440381, 695927.2 2440404, 695916 2440428, 695906 2440452, 695897.2 2440476, 695889.8 2440502, 695883.7 2440527, 695878.9 2440553, 695875.5 2440579, 695873.4 2440605, 695872.8 2440631, 695873.4 2440657, 695875.5 2440683, 695878.9 2440709, 695883.7 2440735, 695889.8 2440760, 695897.2 2440786, 695906 2440810, 695916 2440834, 695927.2 2440858, 695939.7 2440881, 695953.4 2440903, 695968.2 2440925, 695984.2 2440946, 696001.2 2440966, 696019.2 2440985, 696038.2 2441003, 696058.1 2441020, 696078.9 2441036, 696100.4 2441050, 696122.8 2441064, 696145.8 2441076, 696169.4 2441088, 696193.6 2441098, 696218.2 2441107, 696243.3 2441114, 696268.8 2441120, 696294.5 2441125, 696320.5 2441128, 696346.6 2441130, 696372.8 2441131, 696398.9 2441130, 696425 2441128, 696451 2441125, 696476.7 2441120, 696502.2 2441114, 696527.3 2441107, 696551.9 2441098, 696576.1 2441088, 696599.7 2441076, 696622.8 2441064, 696645.1 2441050, 696666.6 2441036, 696687.4 2441020, 696707.3 2441003, 696726.3 2440985, 696744.3 2440966, 696761.3 2440946, 696777.3 2440925, 696792.1 2440903, 696805.8 2440881, 696818.3 2440858, 696829.5 2440834, 696839.5 2440810, 696848.3 2440786, 696855.7 2440760, 696861.8 2440735, 696866.6 2440709, 696870 2440683, 696872.1 2440657, 696872.8 2440631))"
5,20260514,Forest,7668.695652173914,133.19513203141992,2.0375399361022364,0,Dai,NA,NA,1,0,0,4018,369.2368248939006,658.1656082188005,1220.1209716796875,6.093561172485352,26.526301700602147,397048.4802246094,0,0.028843441568643515,1,75,0,0,67660.68878173828,0.17040913679725658,1,0,0.8947294396405898,0.4466085868413594,8.944901821513023,4.891815211127795,0.7117431664817675,"POLYGON ((642777.4 2430445, 642776.7 2430419, 642774.7 2430393, 642771.3 2430367, 642766.5 2430341, 642760.4 2430315, 642752.9 2430290, 642744.2 2430266, 642734.2 2430241, 642722.9 2430218, 642710.4 2430195, 642696.8 2430172, 642681.9 2430151, 642666 2430130, 642649 2430110, 642631 2430091, 642612 2430073, 642592.1 2430056, 642571.3 2430040, 642549.7 2430025, 642527.4 2430012, 642504.4 2429999, 642480.8 2429988, 642456.6 2429978, 642431.9 2429969, 642406.8 2429962, 642381.4 2429956, 642355.6 2429951, 642329.7 2429948, 642303.6 2429945, 642277.4 2429945, 642251.3 2429945, 642225.2 2429948, 642199.2 2429951, 642173.5 2429956, 642148 2429962, 642122.9 2429969, 642098.2 2429978, 642074.1 2429988, 642050.4 2429999, 642027.4 2430012, 642005.1 2430025, 641983.5 2430040, 641962.8 2430056, 641942.9 2430073, 641923.9 2430091, 641905.8 2430110, 641888.8 2430130, 641872.9 2430151, 641858.1 2430172, 641844.4 2430195, 641831.9 2430218, 641820.6 2430241, 641810.6 2430266, 641801.9 2430290, 641794.5 2430315, 641788.3 2430341, 641783.6 2430367, 641780.2 2430393, 641778.1 2430419, 641777.4 2430445, 641778.1 2430471, 641780.2 2430497, 641783.6 2430523, 641788.3 2430549, 641794.5 2430574, 641801.9 2430599, 641810.6 2430624, 641820.6 2430648, 641831.9 2430672, 641844.4 2430695, 641858.1 2430717, 641872.9 2430739, 641888.8 2430759, 641905.8 2430779, 641923.9 2430798, 641942.9 2430816, 641962.8 2430833, 641983.5 2430849, 642005.1 2430864, 642027.4 2430878, 642050.4 2430890, 642074.1 2430902, 642098.2 2430912, 642122.9 2430920, 642148 2430928, 642173.5 2430934, 642199.2 2430939, 642225.2 2430942, 642251.3 2430944, 642277.4 2430945, 642303.6 2430944, 642329.7 2430942, 642355.6 2430939, 642381.4 2430934, 642406.8 2430928, 642431.9 2430920, 642456.6 2430912, 642480.8 2430902, 642504.4 2430890, 642527.4 2430878, 642549.7 2430864, 642571.3 2430849, 642592.1 2430833, 642612 2430816, 642631 2430798, 642649 2430779, 642666 2430759, 642681.9 2430739, 642696.8 2430717, 642710.4 2430695, 642722.9 2430672, 642734.2 2430648, 642744.2 2430624, 642752.9 2430599, 642760.4 2430574, 642766.5 2430549, 642771.3 2430523, 642774.7 2430497, 642776.7 2430471, 642777.4 2430445))"
5,20260514,Forest,5152.0093185789165,31.010082017237615,3.867597133157299,0,Dai,NA,NA,1,0,0,4116,1051.8470059570452,1528.5867430587516,946.0140380859375,4.489338397979736,148.4528702685737,785039.3371582031,0,0.023577803508634046,1,68,197394.44732666016,0.2514452945010585,4376.3763427734375,0.005574722355462678,1,0,-0.8522100848298757,0.5231997432283928,8.547142076512934,3.4343123779730202,1.3526334183810655,"POLYGON ((680695.6 2484450, 680694.9 2484424, 680692.8 2484397, 680689.4 2484371, 680684.6 2484346, 680678.5 2484320, 680671.1 2484295, 680662.3 2484271, 680652.3 2484246, 680641.1 2484223, 680628.6 2484200, 680614.9 2484177, 680600.1 2484156, 680584.1 2484135, 680567.1 2484115, 680549.1 2484096, 680530.1 2484078, 680510.2 2484061, 680489.5 2484045, 680467.9 2484030, 680445.6 2484017, 680422.6 2484004, 680398.9 2483993, 680374.7 2483983, 680350.1 2483974, 680325 2483967, 680299.5 2483961, 680273.8 2483956, 680247.8 2483952, 680221.7 2483950, 680195.6 2483950, 680169.4 2483950, 680143.3 2483952, 680117.3 2483956, 680091.6 2483961, 680066.1 2483967, 680041 2483974, 680016.4 2483983, 679992.2 2483993, 679968.6 2484004, 679945.6 2484017, 679923.2 2484030, 679901.7 2484045, 679880.9 2484061, 679861 2484078, 679842 2484096, 679824 2484115, 679807 2484135, 679791 2484156, 679776.2 2484177, 679762.5 2484200, 679750.1 2484223, 679738.8 2484246, 679728.8 2484271, 679720 2484295, 679712.6 2484320, 679706.5 2484346, 679701.7 2484371, 679698.3 2484397, 679696.2 2484424, 679695.6 2484450, 679696.2 2484476, 679698.3 2484502, 679701.7 2484528, 679706.5 2484554, 679712.6 2484579, 679720 2484604, 679728.8 2484629, 679738.8 2484653, 679750.1 2484677, 679762.5 2484700, 679776.2 2484722, 679791 2484744, 679807 2484764, 679824 2484784, 679842 2484803, 679861 2484821, 679880.9 2484838, 679901.7 2484854, 679923.2 2484869, 679945.6 2484883, 679968.6 2484895, 679992.2 2484906, 680016.4 2484916, 680041 2484925, 680066.1 2484933, 680091.6 2484939, 680117.3 2484944, 680143.3 2484947, 680169.4 2484949, 680195.6 2484950, 680221.7 2484949, 680247.8 2484947, 680273.8 2484944, 680299.5 2484939, 680325 2484933, 680350.1 2484925, 680374.7 2484916, 680398.9 2484906, 680422.6 2484895, 680445.6 2484883, 680467.9 2484869, 680489.5 2484854, 680510.2 2484838, 680530.1 2484821, 680549.1 2484803, 680567.1 2484784, 680584.1 2484764, 680600.1 2484744, 680614.9 2484722, 680628.6 2484700, 680641.1 2484677, 680652.3 2484653, 680662.3 2484629, 680671.1 2484604, 680678.5 2484579, 680684.6 2484554, 680689.4 2484528, 680692.8 2484502, 680694.9 2484476, 680695.6 2484450))"
5,20260514,Forest,6109.060402684564,16.49307014828121,2.182649842271293,0,Dai,NA,NA,1,0,0,4439,119.25903556411659,1112.383334389774,891.6036376953125,3.08451509475708,342.38091039315526,30378.92417907715,103847.93014526367,0.4347393977832846,1,43,3600,0.11850320896088298,25878.92417907715,0.8518709887988962,1,0,0.9530898723500026,-0.3026874546852836,8.717528260092221,2.802940301672347,0.7805396626274846,"POLYGON ((716237.7 2486788, 716237 2486761, 716234.9 2486735, 716231.5 2486709, 716226.7 2486684, 716220.6 2486658, 716213.2 2486633, 716204.4 2486608, 716194.4 2486584, 716183.2 2486561, 716170.7 2486538, 716157 2486515, 716142.2 2486494, 716126.2 2486473, 716109.2 2486453, 716091.2 2486434, 716072.2 2486416, 716052.3 2486399, 716031.6 2486383, 716010 2486368, 715987.7 2486355, 715964.7 2486342, 715941 2486331, 715916.8 2486321, 715892.2 2486312, 715867.1 2486305, 715841.6 2486299, 715815.9 2486294, 715789.9 2486290, 715763.8 2486288, 715737.7 2486288, 715711.5 2486288, 715685.4 2486290, 715659.4 2486294, 715633.7 2486299, 715608.2 2486305, 715583.2 2486312, 715558.5 2486321, 715534.3 2486331, 715510.7 2486342, 715487.7 2486355, 715465.3 2486368, 715443.8 2486383, 715423 2486399, 715403.1 2486416, 715384.1 2486434, 715366.1 2486453, 715349.1 2486473, 715333.2 2486494, 715318.3 2486515, 715304.6 2486538, 715292.2 2486561, 715280.9 2486584, 715270.9 2486608, 715262.1 2486633, 715254.7 2486658, 715248.6 2486684, 715243.8 2486709, 715240.4 2486735, 715238.3 2486761, 715237.7 2486788, 715238.3 2486814, 715240.4 2486840, 715243.8 2486866, 715248.6 2486892, 715254.7 2486917, 715262.1 2486942, 715270.9 2486967, 715280.9 2486991, 715292.2 2487015, 715304.6 2487038, 715318.3 2487060, 715333.2 2487082, 715349.1 2487102, 715366.1 2487122, 715384.1 2487141, 715403.1 2487159, 715423 2487176, 715443.8 2487192, 715465.3 2487207, 715487.7 2487221, 715510.7 2487233, 715534.3 2487244, 715558.5 2487254, 715583.2 2487263, 715608.2 2487271, 715633.7 2487277, 715659.4 2487281, 715685.4 2487285, 715711.5 2487287, 715737.7 2487288, 715763.8 2487287, 715789.9 2487285, 715815.9 2487281, 715841.6 2487277, 715867.1 2487271, 715892.2 2487263, 715916.8 2487254, 715941 2487244, 715964.7 2487233, 715987.7 2487221, 716010 2487207, 716031.6 2487192, 716052.3 2487176, 716072.2 2487159, 716091.2 2487141, 716109.2 2487122, 716126.2 2487102, 716142.2 2487082, 716157 2487060, 716170.7 2487038, 716183.2 2487015, 716194.4 2486991, 716204.4 2486967, 716213.2 2486942, 716220.6 2486917, 716226.7 2486892, 716231.5 2486866, 716234.9 2486840, 716237 2486814, 716237.7 2486788))"
5,20260514,Forest,6074.664429530201,13.119310196178745,1.7788079470198674,0,Dai,NA,NA,1,0,0,4457,192.11426850311076,1022.6016891515861,893.44805908203125,6.539107799530029,71.74966857513031,506563.43994140625,0,0.1872383954895008,1,35,136309.52911376953,0.26908678827973914,78296.12045288086,0.15456330694125361,1,0,0.31316929997055837,0.94969731470398,8.711882028745663,2.5740852056229833,0.5759434472742128,"POLYGON ((716476.6 2480010, 716475.9 2479984, 716473.8 2479958, 716470.4 2479932, 716465.6 2479906, 716459.5 2479881, 716452.1 2479856, 716443.4 2479831, 716433.3 2479807, 716422.1 2479783, 716409.6 2479760, 716395.9 2479738, 716381.1 2479716, 716365.1 2479696, 716348.1 2479676, 716330.1 2479657, 716311.1 2479639, 716291.2 2479622, 716270.5 2479606, 716248.9 2479591, 716226.6 2479577, 716203.6 2479565, 716179.9 2479553, 716155.8 2479543, 716131.1 2479535, 716106 2479527, 716080.5 2479521, 716054.8 2479516, 716028.8 2479513, 716002.7 2479511, 715976.6 2479510, 715950.4 2479511, 715924.3 2479513, 715898.4 2479516, 715872.6 2479521, 715847.2 2479527, 715822.1 2479535, 715797.4 2479543, 715773.2 2479553, 715749.6 2479565, 715726.6 2479577, 715704.2 2479591, 715682.7 2479606, 715661.9 2479622, 715642 2479639, 715623 2479657, 715605 2479676, 715588 2479696, 715572.1 2479716, 715557.2 2479738, 715543.6 2479760, 715531.1 2479783, 715519.8 2479807, 715509.8 2479831, 715501 2479856, 715493.6 2479881, 715487.5 2479906, 715482.7 2479932, 715479.3 2479958, 715477.3 2479984, 715476.6 2480010, 715477.3 2480036, 715479.3 2480062, 715482.7 2480088, 715487.5 2480114, 715493.6 2480140, 715501 2480165, 715509.8 2480189, 715519.8 2480214, 715531.1 2480237, 715543.6 2480260, 715557.2 2480283, 715572.1 2480304, 715588 2480325, 715605 2480345, 715623 2480364, 715642 2480382, 715661.9 2480399, 715682.7 2480415, 715704.2 2480430, 715726.6 2480443, 715749.6 2480456, 715773.2 2480467, 715797.4 2480477, 715822.1 2480486, 715847.2 2480493, 715872.6 2480499, 715898.4 2480504, 715924.3 2480507, 715950.4 2480510, 715976.6 2480510, 716002.7 2480510, 716028.8 2480507, 716054.8 2480504, 716080.5 2480499, 716106 2480493, 716131.1 2480486, 716155.8 2480477, 716179.9 2480467, 716203.6 2480456, 716226.6 2480443, 716248.9 2480430, 716270.5 2480415, 716291.2 2480399, 716311.1 2480382, 716330.1 2480364, 716348.1 2480345, 716365.1 2480325, 716381.1 2480304, 716395.9 2480283, 716409.6 2480260, 716422.1 2480237, 716433.3 2480214, 716443.4 2480189, 716452.1 2480165, 716459.5 2480140, 716465.6 2480114, 716470.4 2480088, 716473.8 2480062, 716475.9 2480036, 716476.6 2480010))"
5,20260514,Forest,5300,11.357870574345577,3.2247191011235956,0,Dai,NA,NA,1,0,0,4511,250.6064925452255,740.3345001680364,737.84564208984375,11.1367769241333,110.57461389293213,24197.415161132812,0,0.3424703385413727,1,64,24197.415161132812,1,0,0,1,0,-0.35142687290549496,0.9362153347386835,8.575462099540212,2.4299109462807524,1.1708458460274813,"POLYGON ((735698.1 2349616, 735697.4 2349590, 735695.4 2349564, 735691.9 2349538, 735687.2 2349512, 735681.1 2349487, 735673.6 2349462, 735664.9 2349437, 735654.9 2349413, 735643.6 2349389, 735631.1 2349366, 735617.4 2349344, 735602.6 2349323, 735586.7 2349302, 735569.7 2349282, 735551.6 2349263, 735532.7 2349245, 735512.7 2349228, 735492 2349212, 735470.4 2349197, 735448.1 2349183, 735425.1 2349171, 735401.5 2349160, 735377.3 2349150, 735352.6 2349141, 735327.5 2349133, 735302 2349127, 735276.3 2349123, 735250.4 2349119, 735224.3 2349117, 735198.1 2349116, 735171.9 2349117, 735145.8 2349119, 735119.9 2349123, 735094.1 2349127, 735068.7 2349133, 735043.6 2349141, 735018.9 2349150, 734994.7 2349160, 734971.1 2349171, 734948.1 2349183, 734925.8 2349197, 734904.2 2349212, 734883.4 2349228, 734863.5 2349245, 734844.5 2349263, 734826.5 2349282, 734809.5 2349302, 734793.6 2349323, 734778.8 2349344, 734765.1 2349366, 734752.6 2349389, 734741.3 2349413, 734731.3 2349437, 734722.6 2349462, 734715.1 2349487, 734709 2349512, 734704.2 2349538, 734700.8 2349564, 734698.8 2349590, 734698.1 2349616, 734698.8 2349643, 734700.8 2349669, 734704.2 2349695, 734709 2349720, 734715.1 2349746, 734722.6 2349771, 734731.3 2349796, 734741.3 2349820, 734752.6 2349843, 734765.1 2349866, 734778.8 2349889, 734793.6 2349910, 734809.5 2349931, 734826.5 2349951, 734844.5 2349970, 734863.5 2349988, 734883.4 2350005, 734904.2 2350021, 734925.8 2350036, 734948.1 2350049, 734971.1 2350062, 734994.7 2350073, 735018.9 2350083, 735043.6 2350092, 735068.7 2350099, 735094.1 2350105, 735119.9 2350110, 735145.8 2350114, 735171.9 2350116, 735198.1 2350116, 735224.3 2350116, 735250.4 2350114, 735276.3 2350110, 735302 2350105, 735327.5 2350099, 735352.6 2350092, 735377.3 2350083, 735401.5 2350073, 735425.1 2350062, 735448.1 2350049, 735470.4 2350036, 735492 2350021, 735512.7 2350005, 735532.7 2349988, 735551.6 2349970, 735569.7 2349951, 735586.7 2349931, 735602.6 2349910, 735617.4 2349889, 735631.1 2349866, 735643.6 2349843, 735654.9 2349820, 735664.9 2349796, 735673.6 2349771, 735681.1 2349746, 735687.2 2349720, 735691.9 2349695, 735695.4 2349669, 735697.4 2349643, 735698.1 2349616))"
5,20260514,Forest,6109.060402684564,16.49307014828121,2.182649842271293,0,Dai,NA,NA,1,0,0,4587,164.735483927464,284.91200709081255,935.20068359375,6.371674537658691,71.9985913455387,175523.71673583984,130892.62390136719,0.5428419415096397,1,60,99697.11685180664,0.5679979817305776,61845.577239990234,0.35234883575913994,1,0,0.3090403766321545,0.951048918621464,8.717528260092221,2.802940301672347,0.7805396626274846,"POLYGON ((716324.9 2478808, 716324.2 2478781, 716322.2 2478755, 716318.7 2478729, 716314 2478704, 716307.9 2478678, 716300.4 2478653, 716291.7 2478628, 716281.7 2478604, 716270.4 2478581, 716257.9 2478558, 716244.2 2478535, 716229.4 2478514, 716213.5 2478493, 716196.5 2478473, 716178.4 2478454, 716159.5 2478436, 716139.6 2478419, 716118.8 2478403, 716097.2 2478388, 716074.9 2478375, 716051.9 2478362, 716028.3 2478351, 716004.1 2478341, 715979.4 2478332, 715954.3 2478325, 715928.8 2478318, 715903.1 2478314, 715877.2 2478310, 715851.1 2478308, 715824.9 2478308, 715798.7 2478308, 715772.6 2478310, 715746.7 2478314, 715720.9 2478318, 715695.5 2478325, 715670.4 2478332, 715645.7 2478341, 715621.5 2478351, 715597.9 2478362, 715574.9 2478375, 715552.6 2478388, 715531 2478403, 715510.2 2478419, 715490.3 2478436, 715471.3 2478454, 715453.3 2478473, 715436.3 2478493, 715420.4 2478514, 715405.6 2478535, 715391.9 2478558, 715379.4 2478581, 715368.1 2478604, 715358.1 2478628, 715349.4 2478653, 715341.9 2478678, 715335.8 2478704, 715331 2478729, 715327.6 2478755, 715325.6 2478781, 715324.9 2478808, 715325.6 2478834, 715327.6 2478860, 715331 2478886, 715335.8 2478911, 715341.9 2478937, 715349.4 2478962, 715358.1 2478987, 715368.1 2479011, 715379.4 2479035, 715391.9 2479058, 715405.6 2479080, 715420.4 2479101, 715436.3 2479122, 715453.3 2479142, 715471.3 2479161, 715490.3 2479179, 715510.2 2479196, 715531 2479212, 715552.6 2479227, 715574.9 2479241, 715597.9 2479253, 715621.5 2479264, 715645.7 2479274, 715670.4 2479283, 715695.5 2479290, 715720.9 2479297, 715746.7 2479301, 715772.6 2479305, 715798.7 2479307, 715824.9 2479308, 715851.1 2479307, 715877.2 2479305, 715903.1 2479301, 715928.8 2479297, 715954.3 2479290, 715979.4 2479283, 716004.1 2479274, 716028.3 2479264, 716051.9 2479253, 716074.9 2479241, 716097.2 2479227, 716118.8 2479212, 716139.6 2479196, 716159.5 2479179, 716178.4 2479161, 716196.5 2479142, 716213.5 2479122, 716229.4 2479101, 716244.2 2479080, 716257.9 2479058, 716270.4 2479035, 716281.7 2479011, 716291.7 2478987, 716300.4 2478962, 716307.9 2478937, 716314 2478911, 716318.7 2478886, 716322.2 2478860, 716324.2 2478834, 716324.9 2478808))"
5,20260514,Forest,8082.412914188615,48.483721067496745,1.5257279617072197,0,Dai,NA,NA,1,0,0,4629,218.57534550354845,793.9830203046815,967.47344970703125,7.493592262268066,233.77291308534427,1430.2802324295044,134148.95782470703,0.28335871154088055,1,38,1387.6093983650208,0.970166102350445,0,0,1,0,-0.5909870968103053,-0.8066810096957328,8.997445734928318,3.881228093508158,0.4224716481023428,"POLYGON ((702040.3 2443290, 702039.6 2443264, 702037.6 2443238, 702034.1 2443212, 702029.4 2443186, 702023.3 2443161, 702015.8 2443136, 702007.1 2443111, 701997.1 2443087, 701985.8 2443063, 701973.3 2443040, 701959.6 2443018, 701944.8 2442996, 701928.9 2442976, 701911.9 2442956, 701893.9 2442937, 701874.9 2442919, 701855 2442902, 701834.2 2442886, 701812.6 2442871, 701790.3 2442857, 701767.3 2442845, 701743.7 2442834, 701719.5 2442824, 701694.8 2442815, 701669.7 2442807, 701644.3 2442801, 701618.5 2442797, 701592.6 2442793, 701566.5 2442791, 701540.3 2442790, 701514.1 2442791, 701488 2442793, 701462.1 2442797, 701436.3 2442801, 701410.9 2442807, 701385.8 2442815, 701361.1 2442824, 701336.9 2442834, 701313.3 2442845, 701290.3 2442857, 701268 2442871, 701246.4 2442886, 701225.6 2442902, 701205.7 2442919, 701186.7 2442937, 701168.7 2442956, 701151.7 2442976, 701135.8 2442996, 701121 2443018, 701107.3 2443040, 701094.8 2443063, 701083.5 2443087, 701073.5 2443111, 701064.8 2443136, 701057.3 2443161, 701051.2 2443186, 701046.5 2443212, 701043 2443238, 701041 2443264, 701040.3 2443290, 701041 2443317, 701043 2443343, 701046.5 2443369, 701051.2 2443394, 701057.3 2443420, 701064.8 2443445, 701073.5 2443470, 701083.5 2443494, 701094.8 2443517, 701107.3 2443540, 701121 2443563, 701135.8 2443584, 701151.7 2443605, 701168.7 2443625, 701186.7 2443644, 701205.7 2443662, 701225.6 2443679, 701246.4 2443695, 701268 2443710, 701290.3 2443723, 701313.3 2443736, 701336.9 2443747, 701361.1 2443757, 701385.8 2443766, 701410.9 2443773, 701436.3 2443779, 701462.1 2443784, 701488 2443788, 701514.1 2443790, 701540.3 2443790, 701566.5 2443790, 701592.6 2443788, 701618.5 2443784, 701644.3 2443779, 701669.7 2443773, 701694.8 2443766, 701719.5 2443757, 701743.7 2443747, 701767.3 2443736, 701790.3 2443723, 701812.6 2443710, 701834.2 2443695, 701855 2443679, 701874.9 2443662, 701893.9 2443644, 701911.9 2443625, 701928.9 2443605, 701944.8 2443584, 701959.6 2443563, 701973.3 2443540, 701985.8 2443517, 701997.1 2443494, 702007.1 2443470, 702015.8 2443445, 702023.3 2443420, 702029.4 2443394, 702034.1 2443369, 702037.6 2443343, 702039.6 2443317, 702040.3 2443290))"
5,20260514,Forest,12077.571669477235,47.050868206321354,1.8036923076923077,0,Dai,NA,NA,1,0,0,4704,220.02748422657288,1048.8789382210643,566.12841796875,6.526695251464844,304.4126548017911,11700,67710.2165222168,0.8602523211231778,1,30,11700,1,0,0,1,0,0.565149230776184,-0.8249886950456277,9.39910543054279,3.851229318705374,0.5898358459470546,"POLYGON ((698730.4 2419677, 698729.8 2419650, 698727.7 2419624, 698724.3 2419598, 698719.5 2419573, 698713.4 2419547, 698706 2419522, 698697.2 2419497, 698687.2 2419473, 698675.9 2419450, 698663.5 2419427, 698649.8 2419404, 698635 2419383, 698619 2419362, 698602 2419342, 698584 2419323, 698565 2419305, 698545.1 2419288, 698524.3 2419272, 698502.8 2419257, 698480.4 2419244, 698457.4 2419231, 698433.8 2419220, 698409.6 2419210, 698385 2419201, 698359.9 2419194, 698334.4 2419188, 698308.7 2419183, 698282.7 2419179, 698256.6 2419177, 698230.4 2419177, 698204.3 2419177, 698178.2 2419179, 698152.2 2419183, 698126.5 2419188, 698101 2419194, 698075.9 2419201, 698051.3 2419210, 698027.1 2419220, 698003.5 2419231, 697980.4 2419244, 697958.1 2419257, 697936.6 2419272, 697915.8 2419288, 697895.9 2419305, 697876.9 2419323, 697858.9 2419342, 697841.9 2419362, 697825.9 2419383, 697811.1 2419404, 697797.4 2419427, 697784.9 2419450, 697773.7 2419473, 697763.7 2419497, 697754.9 2419522, 697747.5 2419547, 697741.4 2419573, 697736.6 2419598, 697733.2 2419624, 697731.1 2419650, 697730.4 2419677, 697731.1 2419703, 697733.2 2419729, 697736.6 2419755, 697741.4 2419781, 697747.5 2419806, 697754.9 2419831, 697763.7 2419856, 697773.7 2419880, 697784.9 2419904, 697797.4 2419927, 697811.1 2419949, 697825.9 2419971, 697841.9 2419991, 697858.9 2420011, 697876.9 2420030, 697895.9 2420048, 697915.8 2420065, 697936.6 2420081, 697958.1 2420096, 697980.4 2420110, 698003.5 2420122, 698027.1 2420133, 698051.3 2420143, 698075.9 2420152, 698101 2420160, 698126.5 2420166, 698152.2 2420170, 698178.2 2420174, 698204.3 2420176, 698230.4 2420177, 698256.6 2420176, 698282.7 2420174, 698308.7 2420170, 698334.4 2420166, 698359.9 2420160, 698385 2420152, 698409.6 2420143, 698433.8 2420133, 698457.4 2420122, 698480.4 2420110, 698502.8 2420096, 698524.3 2420081, 698545.1 2420065, 698565 2420048, 698584 2420030, 698602 2420011, 698619 2419991, 698635 2419971, 698649.8 2419949, 698663.5 2419927, 698675.9 2419904, 698687.2 2419880, 698697.2 2419856, 698706 2419831, 698713.4 2419806, 698719.5 2419781, 698724.3 2419755, 698727.7 2419729, 698729.8 2419703, 698730.4 2419677))"
5,20260514,Forest,5300,11.357870574345577,3.2247191011235956,0,Dai,NA,NA,1,0,0,4982,87.15670923865294,368.73624688446347,718.57745361328125,10.619253158569336,31.077749380366853,12859.97085571289,0,0.6750045445016347,1,19,12852.15253829956,0.9993920423692207,7.817848026752472,6.079211309627102e-4,1,0,0.8564676139753697,0.5162007615369597,8.575462099540212,2.4299109462807524,1.1708458460274813,"POLYGON ((735564 2350612, 735563.3 2350586, 735561.2 2350560, 735557.8 2350534, 735553 2350508, 735546.9 2350483, 735539.5 2350457, 735530.8 2350433, 735520.7 2350409, 735509.5 2350385, 735497 2350362, 735483.3 2350340, 735468.5 2350318, 735452.5 2350297, 735435.5 2350277, 735417.5 2350258, 735398.5 2350240, 735378.6 2350223, 735357.9 2350207, 735336.3 2350193, 735314 2350179, 735291 2350166, 735267.3 2350155, 735243.2 2350145, 735218.5 2350136, 735193.4 2350129, 735167.9 2350123, 735142.2 2350118, 735116.2 2350115, 735090.1 2350113, 735064 2350112, 735037.8 2350113, 735011.7 2350115, 734985.8 2350118, 734960 2350123, 734934.6 2350129, 734909.5 2350136, 734884.8 2350145, 734860.6 2350155, 734837 2350166, 734814 2350179, 734791.6 2350193, 734770.1 2350207, 734749.3 2350223, 734729.4 2350240, 734710.4 2350258, 734692.4 2350277, 734675.4 2350297, 734659.5 2350318, 734644.6 2350340, 734631 2350362, 734618.5 2350385, 734607.2 2350409, 734597.2 2350433, 734588.4 2350457, 734581 2350483, 734574.9 2350508, 734570.1 2350534, 734566.7 2350560, 734564.7 2350586, 734564 2350612, 734564.7 2350638, 734566.7 2350664, 734570.1 2350690, 734574.9 2350716, 734581 2350741, 734588.4 2350767, 734597.2 2350791, 734607.2 2350815, 734618.5 2350839, 734631 2350862, 734644.6 2350884, 734659.5 2350906, 734675.4 2350927, 734692.4 2350947, 734710.4 2350966, 734729.4 2350984, 734749.3 2351001, 734770.1 2351017, 734791.6 2351031, 734814 2351045, 734837 2351058, 734860.6 2351069, 734884.8 2351079, 734909.5 2351088, 734934.6 2351095, 734960 2351101, 734985.8 2351106, 735011.7 2351109, 735037.8 2351111, 735064 2351112, 735090.1 2351111, 735116.2 2351109, 735142.2 2351106, 735167.9 2351101, 735193.4 2351095, 735218.5 2351088, 735243.2 2351079, 735267.3 2351069, 735291 2351058, 735314 2351045, 735336.3 2351031, 735357.9 2351017, 735378.6 2351001, 735398.5 2350984, 735417.5 2350966, 735435.5 2350947, 735452.5 2350927, 735468.5 2350906, 735483.3 2350884, 735497 2350862, 735509.5 2350839, 735520.7 2350815, 735530.8 2350791, 735539.5 2350767, 735546.9 2350741, 735553 2350716, 735557.8 2350690, 735561.2 2350664, 735563.3 2350638, 735564 2350612))"
5,20260514,Forest,9698.14502529511,122.46956021056933,2.0331046823739936,0,Dai,NA,NA,1,0,0,5002,152.72307832087773,341.7051856787948,688.90191650390625,12.302705764770508,173.48410114902248,36850.11863708496,46585.29281616211,0.7554792568605644,1,20,35050.11863708496,0.9511534815470437,0,0,1,0,-0.9935404049710896,0.11347891297453992,9.179689911698166,4.807862511029519,0.7095640248965568,"POLYGON ((708054.5 2419891, 708053.8 2419865, 708051.8 2419839, 708048.4 2419813, 708043.6 2419787, 708037.5 2419762, 708030.1 2419737, 708021.3 2419712, 708011.3 2419688, 708000 2419664, 707987.5 2419641, 707973.9 2419619, 707959 2419597, 707943.1 2419577, 707926.1 2419557, 707908.1 2419538, 707889.1 2419520, 707869.2 2419503, 707848.4 2419487, 707826.8 2419472, 707804.5 2419458, 707781.5 2419446, 707757.9 2419435, 707733.7 2419424, 707709 2419416, 707683.9 2419408, 707658.5 2419402, 707632.7 2419397, 707606.8 2419394, 707580.7 2419392, 707554.5 2419391, 707528.4 2419392, 707502.3 2419394, 707476.3 2419397, 707450.6 2419402, 707425.1 2419408, 707400 2419416, 707375.3 2419424, 707351.2 2419435, 707327.5 2419446, 707304.5 2419458, 707282.2 2419472, 707260.6 2419487, 707239.9 2419503, 707220 2419520, 707201 2419538, 707183 2419557, 707166 2419577, 707150 2419597, 707135.2 2419619, 707121.5 2419641, 707109 2419664, 707097.8 2419688, 707087.7 2419712, 707079 2419737, 707071.6 2419762, 707065.5 2419787, 707060.7 2419813, 707057.3 2419839, 707055.2 2419865, 707054.5 2419891, 707055.2 2419917, 707057.3 2419944, 707060.7 2419969, 707065.5 2419995, 707071.6 2420021, 707079 2420046, 707087.7 2420070, 707097.8 2420095, 707109 2420118, 707121.5 2420141, 707135.2 2420164, 707150 2420185, 707166 2420206, 707183 2420226, 707201 2420245, 707220 2420263, 707239.9 2420280, 707260.6 2420296, 707282.2 2420311, 707304.5 2420324, 707327.5 2420337, 707351.2 2420348, 707375.3 2420358, 707400 2420367, 707425.1 2420374, 707450.6 2420380, 707476.3 2420385, 707502.3 2420389, 707528.4 2420391, 707554.5 2420391, 707580.7 2420391, 707606.8 2420389, 707632.7 2420385, 707658.5 2420380, 707683.9 2420374, 707709 2420367, 707733.7 2420358, 707757.9 2420348, 707781.5 2420337, 707804.5 2420324, 707826.8 2420311, 707848.4 2420296, 707869.2 2420280, 707889.1 2420263, 707908.1 2420245, 707926.1 2420226, 707943.1 2420206, 707959 2420185, 707973.9 2420164, 707987.5 2420141, 708000 2420118, 708011.3 2420095, 708021.3 2420070, 708030.1 2420046, 708037.5 2420021, 708043.6 2419995, 708048.4 2419969, 708051.8 2419944, 708053.8 2419917, 708054.5 2419891))"
5,20260514,Forest,6383.3892617449665,33.70123791548138,2.8425728500355367,0,Dai,NA,NA,1,0,0,5065,681.3395417448749,437.31680943494854,967.36712646484375,8.795705795288086,342.2771254096946,14388.403415679932,219395.94268798828,0.1328111615443107,1,36,0,0,10788.403415679932,0.7497985081460214,1,0,0.9525400241128323,-0.3044133743171031,8.761454467533365,3.517534570080735,1.0447095751744875,"POLYGON ((708765.9 2498911, 708765.2 2498885, 708763.2 2498859, 708759.8 2498833, 708755 2498807, 708748.9 2498781, 708741.4 2498756, 708732.7 2498732, 708722.7 2498708, 708711.4 2498684, 708698.9 2498661, 708685.3 2498639, 708670.4 2498617, 708654.5 2498596, 708637.5 2498576, 708619.5 2498557, 708600.5 2498539, 708580.6 2498522, 708559.8 2498506, 708538.2 2498492, 708515.9 2498478, 708492.9 2498465, 708469.3 2498454, 708445.1 2498444, 708420.4 2498435, 708395.3 2498428, 708369.9 2498422, 708344.1 2498417, 708318.2 2498414, 708292.1 2498412, 708265.9 2498411, 708239.8 2498412, 708213.7 2498414, 708187.7 2498417, 708162 2498422, 708136.5 2498428, 708111.4 2498435, 708086.7 2498444, 708062.6 2498454, 708038.9 2498465, 708015.9 2498478, 707993.6 2498492, 707972 2498506, 707951.3 2498522, 707931.4 2498539, 707912.4 2498557, 707894.3 2498576, 707877.3 2498596, 707861.4 2498617, 707846.6 2498639, 707832.9 2498661, 707820.4 2498684, 707809.1 2498708, 707799.1 2498732, 707790.4 2498756, 707783 2498781, 707776.8 2498807, 707772.1 2498833, 707768.7 2498859, 707766.6 2498885, 707765.9 2498911, 707766.6 2498937, 707768.7 2498963, 707772.1 2498989, 707776.8 2499015, 707783 2499040, 707790.4 2499065, 707799.1 2499090, 707809.1 2499114, 707820.4 2499138, 707832.9 2499161, 707846.6 2499183, 707861.4 2499205, 707877.3 2499226, 707894.3 2499245, 707912.4 2499264, 707931.4 2499282, 707951.3 2499299, 707972 2499315, 707993.6 2499330, 708015.9 2499344, 708038.9 2499356, 708062.6 2499368, 708086.7 2499378, 708111.4 2499386, 708136.5 2499394, 708162 2499400, 708187.7 2499405, 708213.7 2499408, 708239.8 2499410, 708265.9 2499411, 708292.1 2499410, 708318.2 2499408, 708344.1 2499405, 708369.9 2499400, 708395.3 2499394, 708420.4 2499386, 708445.1 2499378, 708469.3 2499368, 708492.9 2499356, 708515.9 2499344, 708538.2 2499330, 708559.8 2499315, 708580.6 2499299, 708600.5 2499282, 708619.5 2499264, 708637.5 2499245, 708654.5 2499226, 708670.4 2499205, 708685.3 2499183, 708698.9 2499161, 708711.4 2499138, 708722.7 2499114, 708732.7 2499090, 708741.4 2499065, 708748.9 2499040, 708755 2499015, 708759.8 2498989, 708763.2 2498963, 708765.2 2498937, 708765.9 2498911))"
5,20260514,Forest,6199,88.76182152611432,1.9497753106000528,0,Dai,NA,NA,1,0,0,5098,386.9912360975962,887.1417672460999,729.958740234375,10.813444137573242,150.12878489673307,10672.969722747803,0,0.30807092472570613,1,62,10672.969722747803,1,0,0,1,0,-0.8671470753891715,0.4980521555459896,8.73214326770192,4.485956619779399,0.6677141406034005,"POLYGON ((766851.2 2383015, 766850.6 2382989, 766848.5 2382963, 766845.1 2382937, 766840.3 2382911, 766834.2 2382886, 766826.8 2382861, 766818 2382836, 766808 2382812, 766796.7 2382788, 766784.3 2382765, 766770.6 2382743, 766755.7 2382721, 766739.8 2382700, 766722.8 2382681, 766704.8 2382662, 766685.8 2382644, 766665.9 2382627, 766645.1 2382611, 766623.6 2382596, 766601.2 2382582, 766578.2 2382570, 766554.6 2382558, 766530.4 2382548, 766505.7 2382540, 766480.6 2382532, 766455.2 2382526, 766429.5 2382521, 766403.5 2382518, 766377.4 2382516, 766351.2 2382515, 766325.1 2382516, 766299 2382518, 766273 2382521, 766247.3 2382526, 766221.8 2382532, 766196.7 2382540, 766172.1 2382548, 766147.9 2382558, 766124.2 2382570, 766101.2 2382582, 766078.9 2382596, 766057.3 2382611, 766036.6 2382627, 766016.7 2382644, 765997.7 2382662, 765979.7 2382681, 765962.7 2382700, 765946.7 2382721, 765931.9 2382743, 765918.2 2382765, 765905.7 2382788, 765894.5 2382812, 765884.4 2382836, 765875.7 2382861, 765868.3 2382886, 765862.2 2382911, 765857.4 2382937, 765854 2382963, 765851.9 2382989, 765851.2 2383015, 765851.9 2383041, 765854 2383067, 765857.4 2383093, 765862.2 2383119, 765868.3 2383144, 765875.7 2383170, 765884.4 2383194, 765894.5 2383218, 765905.7 2383242, 765918.2 2383265, 765931.9 2383287, 765946.7 2383309, 765962.7 2383330, 765979.7 2383350, 765997.7 2383369, 766016.7 2383387, 766036.6 2383404, 766057.3 2383420, 766078.9 2383434, 766101.2 2383448, 766124.2 2383461, 766147.9 2383472, 766172.1 2383482, 766196.7 2383491, 766221.8 2383498, 766247.3 2383504, 766273 2383509, 766299 2383512, 766325.1 2383514, 766351.2 2383515, 766377.4 2383514, 766403.5 2383512, 766429.5 2383509, 766455.2 2383504, 766480.6 2383498, 766505.7 2383491, 766530.4 2383482, 766554.6 2383472, 766578.2 2383461, 766601.2 2383448, 766623.6 2383434, 766645.1 2383420, 766665.9 2383404, 766685.8 2383387, 766704.8 2383369, 766722.8 2383350, 766739.8 2383330, 766755.7 2383309, 766770.6 2383287, 766784.3 2383265, 766796.7 2383242, 766808 2383218, 766818 2383194, 766826.8 2383170, 766834.2 2383144, 766840.3 2383119, 766845.1 2383093, 766848.5 2383067, 766850.6 2383041, 766851.2 2383015))"
5,20260514,Forest,3364.0069889341876,13.660357418805527,4.024451939291737,0,Dai,NA,NA,1,0,0,5105,299.009560308795,325.9429492196295,809.23760986328125,13.953289031982422,190.01362372405063,55865.80467224121,9348.920631408691,0.3747603736292222,1,3,30908.928680419922,0.5532709832384828,900,0.016110033772541273,1,0,-0.9847664353102452,-0.17388233920198026,8.120888098657323,2.614498019159453,1.3923887374482258,"POLYGON ((679275.7 2470575, 679275 2470548, 679273 2470522, 679269.6 2470496, 679264.8 2470471, 679258.7 2470445, 679251.3 2470420, 679242.5 2470395, 679232.5 2470371, 679221.2 2470348, 679208.7 2470325, 679195.1 2470302, 679180.2 2470281, 679164.3 2470260, 679147.3 2470240, 679129.3 2470221, 679110.3 2470203, 679090.4 2470186, 679069.6 2470170, 679048 2470155, 679025.7 2470142, 679002.7 2470129, 678979.1 2470118, 678954.9 2470108, 678930.2 2470099, 678905.1 2470092, 678879.7 2470085, 678853.9 2470081, 678828 2470077, 678801.9 2470075, 678775.7 2470075, 678749.6 2470075, 678723.5 2470077, 678697.5 2470081, 678671.8 2470085, 678646.3 2470092, 678621.2 2470099, 678596.5 2470108, 678572.4 2470118, 678548.7 2470129, 678525.7 2470142, 678503.4 2470155, 678481.8 2470170, 678461.1 2470186, 678441.2 2470203, 678422.2 2470221, 678404.2 2470240, 678387.2 2470260, 678371.2 2470281, 678356.4 2470302, 678342.7 2470325, 678330.2 2470348, 678319 2470371, 678308.9 2470395, 678300.2 2470420, 678292.8 2470445, 678286.7 2470471, 678281.9 2470496, 678278.5 2470522, 678276.4 2470548, 678275.7 2470575, 678276.4 2470601, 678278.5 2470627, 678281.9 2470653, 678286.7 2470679, 678292.8 2470704, 678300.2 2470729, 678308.9 2470754, 678319 2470778, 678330.2 2470802, 678342.7 2470825, 678356.4 2470847, 678371.2 2470868, 678387.2 2470889, 678404.2 2470909, 678422.2 2470928, 678441.2 2470946, 678461.1 2470963, 678481.8 2470979, 678503.4 2470994, 678525.7 2471008, 678548.7 2471020, 678572.4 2471031, 678596.5 2471041, 678621.2 2471050, 678646.3 2471058, 678671.8 2471064, 678697.5 2471068, 678723.5 2471072, 678749.6 2471074, 678775.7 2471075, 678801.9 2471074, 678828 2471072, 678853.9 2471068, 678879.7 2471064, 678905.1 2471058, 678930.2 2471050, 678954.9 2471041, 678979.1 2471031, 679002.7 2471020, 679025.7 2471008, 679048 2470994, 679069.6 2470979, 679090.4 2470963, 679110.3 2470946, 679129.3 2470928, 679147.3 2470909, 679164.3 2470889, 679180.2 2470868, 679195.1 2470847, 679208.7 2470825, 679221.2 2470802, 679232.5 2470778, 679242.5 2470754, 679251.3 2470729, 679258.7 2470704, 679264.8 2470679, 679269.6 2470653, 679273 2470627, 679275 2470601, 679275.7 2470575))"
5,20260514,Forest,5300,11.357870574345577,3.2247191011235956,0,Dai,NA,NA,1,0,0,5243,129.82510570141264,1135.0439260853695,726.04156494140625,10.716588020324707,184.02658811293682,163462.5274658203,7603.882312774658,0.34072726455710994,1,17,26100,0.15966962217354347,9900,0.06056433944513717,1,0,-0.9975315723525179,-0.07021938592663214,8.575462099540212,2.4299109462807524,1.1708458460274813,"POLYGON ((733864 2360323, 733863.3 2360297, 733861.3 2360271, 733857.9 2360245, 733853.1 2360219, 733847 2360193, 733839.5 2360168, 733830.8 2360144, 733820.8 2360119, 733809.5 2360096, 733797 2360073, 733783.3 2360051, 733768.5 2360029, 733752.6 2360008, 733735.6 2359988, 733717.6 2359969, 733698.6 2359951, 733678.7 2359934, 733657.9 2359918, 733636.3 2359904, 733614 2359890, 733591 2359877, 733567.4 2359866, 733543.2 2359856, 733518.5 2359847, 733493.4 2359840, 733468 2359834, 733442.2 2359829, 733416.3 2359826, 733390.2 2359824, 733364 2359823, 733337.8 2359824, 733311.8 2359826, 733285.8 2359829, 733260.1 2359834, 733234.6 2359840, 733209.5 2359847, 733184.8 2359856, 733160.6 2359866, 733137 2359877, 733114 2359890, 733091.7 2359904, 733070.1 2359918, 733049.4 2359934, 733029.4 2359951, 733010.5 2359969, 732992.4 2359988, 732975.4 2360008, 732959.5 2360029, 732944.7 2360051, 732931 2360073, 732918.5 2360096, 732907.2 2360119, 732897.2 2360144, 732888.5 2360168, 732881.1 2360193, 732874.9 2360219, 732870.2 2360245, 732866.8 2360271, 732864.7 2360297, 732864 2360323, 732864.7 2360349, 732866.8 2360375, 732870.2 2360401, 732874.9 2360427, 732881.1 2360452, 732888.5 2360477, 732897.2 2360502, 732907.2 2360526, 732918.5 2360550, 732931 2360573, 732944.7 2360595, 732959.5 2360617, 732975.4 2360638, 732992.4 2360657, 733010.5 2360676, 733029.4 2360694, 733049.4 2360711, 733070.1 2360727, 733091.7 2360742, 733114 2360756, 733137 2360768, 733160.6 2360780, 733184.8 2360790, 733209.5 2360798, 733234.6 2360806, 733260.1 2360812, 733285.8 2360817, 733311.8 2360820, 733337.8 2360822, 733364 2360823, 733390.2 2360822, 733416.3 2360820, 733442.2 2360817, 733468 2360812, 733493.4 2360806, 733518.5 2360798, 733543.2 2360790, 733567.4 2360780, 733591 2360768, 733614 2360756, 733636.3 2360742, 733657.9 2360727, 733678.7 2360711, 733698.6 2360694, 733717.6 2360676, 733735.6 2360657, 733752.6 2360638, 733768.5 2360617, 733783.3 2360595, 733797 2360573, 733809.5 2360550, 733820.8 2360526, 733830.8 2360502, 733839.5 2360477, 733847 2360452, 733853.1 2360427, 733857.9 2360401, 733861.3 2360375, 733863.3 2360349, 733864 2360323))"
5,20260514,Forest,5258.260869565218,120.6173163240242,1.831053660003006,0,Dai,NA,NA,1,0,0,5255,804.0552780082893,1046.4882343805416,890.0386962890625,7.015129089355469,130.69609480892268,96562.8890991211,1754.1709184646606,0.08149629238266057,1,54,900,0.009320350793110142,0,0,1,0,-0.6520467290603988,0.758178780448012,8.567555617898055,4.792622858762098,0.6048915716545423,"POLYGON ((614605.7 2459844, 614605 2459818, 614603 2459792, 614599.5 2459766, 614594.8 2459740, 614588.7 2459715, 614581.2 2459689, 614572.5 2459665, 614562.5 2459641, 614551.2 2459617, 614538.7 2459594, 614525 2459572, 614510.2 2459550, 614494.3 2459529, 614477.3 2459509, 614459.3 2459490, 614440.3 2459472, 614420.4 2459455, 614399.6 2459439, 614378 2459425, 614355.7 2459411, 614332.7 2459398, 614309.1 2459387, 614284.9 2459377, 614260.2 2459368, 614235.1 2459361, 614209.7 2459355, 614183.9 2459350, 614158 2459347, 614131.9 2459345, 614105.7 2459344, 614079.5 2459345, 614053.4 2459347, 614027.5 2459350, 614001.7 2459355, 613976.3 2459361, 613951.2 2459368, 613926.5 2459377, 613902.3 2459387, 613878.7 2459398, 613855.7 2459411, 613833.4 2459425, 613811.8 2459439, 613791 2459455, 613771.1 2459472, 613752.1 2459490, 613734.1 2459509, 613717.1 2459529, 613701.2 2459550, 613686.4 2459572, 613672.7 2459594, 613660.2 2459617, 613648.9 2459641, 613638.9 2459665, 613630.2 2459689, 613622.7 2459715, 613616.6 2459740, 613611.9 2459766, 613608.4 2459792, 613606.4 2459818, 613605.7 2459844, 613606.4 2459870, 613608.4 2459896, 613611.9 2459922, 613616.6 2459948, 613622.7 2459973, 613630.2 2459998, 613638.9 2460023, 613648.9 2460047, 613660.2 2460071, 613672.7 2460094, 613686.4 2460116, 613701.2 2460138, 613717.1 2460159, 613734.1 2460179, 613752.1 2460198, 613771.1 2460216, 613791 2460233, 613811.8 2460248, 613833.4 2460263, 613855.7 2460277, 613878.7 2460289, 613902.3 2460301, 613926.5 2460311, 613951.2 2460319, 613976.3 2460327, 614001.7 2460333, 614027.5 2460338, 614053.4 2460341, 614079.5 2460343, 614105.7 2460344, 614131.9 2460343, 614158 2460341, 614183.9 2460338, 614209.7 2460333, 614235.1 2460327, 614260.2 2460319, 614284.9 2460311, 614309.1 2460301, 614332.7 2460289, 614355.7 2460277, 614378 2460263, 614399.6 2460248, 614420.4 2460233, 614440.3 2460216, 614459.3 2460198, 614477.3 2460179, 614494.3 2460159, 614510.2 2460138, 614525 2460116, 614538.7 2460094, 614551.2 2460071, 614562.5 2460047, 614572.5 2460023, 614581.2 2459998, 614588.7 2459973, 614594.8 2459948, 614599.5 2459922, 614603 2459896, 614605 2459870, 614605.7 2459844))"
5,20260514,Forest,6175.335570469799,21.769282139453722,3.3278787878787877,0,Dai,NA,NA,1,0,0,5298,103.44793606319182,670.6196024936812,911.7889404296875,8.44033145904541,232.11972054432513,31740.628051757812,334248.12927246094,0.4517510535211888,1,55,4612.063121795654,0.14530472157876018,6435.149002075195,0.20274170352211457,1,0,-0.6140135701071326,-0.7892954679486595,8.728318503415547,3.0804998999418083,1.2023351003842462,"POLYGON ((711496 2490613, 711495.3 2490587, 711493.2 2490561, 711489.8 2490535, 711485.1 2490509, 711478.9 2490483, 711471.5 2490458, 711462.8 2490434, 711452.8 2490410, 711441.5 2490386, 711429 2490363, 711415.3 2490341, 711400.5 2490319, 711384.6 2490298, 711367.6 2490278, 711349.5 2490259, 711330.5 2490241, 711310.6 2490224, 711289.9 2490208, 711268.3 2490194, 711246 2490180, 711223 2490167, 711199.3 2490156, 711175.2 2490146, 711150.5 2490137, 711125.4 2490130, 711099.9 2490124, 711074.2 2490119, 711048.2 2490116, 711022.1 2490114, 710996 2490113, 710969.8 2490114, 710943.7 2490116, 710917.8 2490119, 710892 2490124, 710866.6 2490130, 710841.5 2490137, 710816.8 2490146, 710792.6 2490156, 710769 2490167, 710746 2490180, 710723.7 2490194, 710702.1 2490208, 710681.3 2490224, 710661.4 2490241, 710642.4 2490259, 710624.4 2490278, 710607.4 2490298, 710591.5 2490319, 710576.6 2490341, 710563 2490363, 710550.5 2490386, 710539.2 2490410, 710529.2 2490434, 710520.4 2490458, 710513 2490483, 710506.9 2490509, 710502.1 2490535, 710498.7 2490561, 710496.7 2490587, 710496 2490613, 710496.7 2490639, 710498.7 2490665, 710502.1 2490691, 710506.9 2490717, 710513 2490742, 710520.4 2490767, 710529.2 2490792, 710539.2 2490816, 710550.5 2490840, 710563 2490863, 710576.6 2490885, 710591.5 2490907, 710607.4 2490928, 710624.4 2490947, 710642.4 2490966, 710661.4 2490984, 710681.3 2491001, 710702.1 2491017, 710723.7 2491032, 710746 2491046, 710769 2491058, 710792.6 2491070, 710816.8 2491080, 710841.5 2491088, 710866.6 2491096, 710892 2491102, 710917.8 2491107, 710943.7 2491110, 710969.8 2491112, 710996 2491113, 711022.1 2491112, 711048.2 2491110, 711074.2 2491107, 711099.9 2491102, 711125.4 2491096, 711150.5 2491088, 711175.2 2491080, 711199.3 2491070, 711223 2491058, 711246 2491046, 711268.3 2491032, 711289.9 2491017, 711310.6 2491001, 711330.5 2490984, 711349.5 2490966, 711367.6 2490947, 711384.6 2490928, 711400.5 2490907, 711415.3 2490885, 711429 2490863, 711441.5 2490840, 711452.8 2490816, 711462.8 2490792, 711471.5 2490767, 711478.9 2490742, 711485.1 2490717, 711489.8 2490691, 711493.2 2490665, 711495.3 2490639, 711496 2490613))"
5,20260514,Forest,12077.571669477235,47.050868206321354,1.8036923076923077,0,Dai,NA,NA,1,0,0,5421,589.524918234534,1279.583437985061,635.7015380859375,10.489659309387207,320.52732976364985,13908.535194396973,121296.03881835938,0.2074208480092451,1,73,12108.535194396973,0.8705830646547793,0,0,1,0,0.7719279013180692,-0.6357100873563997,9.39910543054279,3.851229318705374,0.5898358459470546,"POLYGON ((697352.8 2418288, 697352.1 2418262, 697350.1 2418236, 697346.7 2418210, 697341.9 2418185, 697335.8 2418159, 697328.3 2418134, 697319.6 2418109, 697309.6 2418085, 697298.3 2418061, 697285.8 2418038, 697272.1 2418016, 697257.3 2417995, 697241.4 2417974, 697224.4 2417954, 697206.4 2417935, 697187.4 2417917, 697167.5 2417900, 697146.7 2417884, 697125.1 2417869, 697102.8 2417855, 697079.8 2417843, 697056.2 2417832, 697032 2417822, 697007.3 2417813, 696982.2 2417806, 696956.8 2417799, 696931 2417795, 696905.1 2417791, 696879 2417789, 696852.8 2417788, 696826.6 2417789, 696800.5 2417791, 696774.6 2417795, 696748.9 2417799, 696723.4 2417806, 696698.3 2417813, 696673.6 2417822, 696649.4 2417832, 696625.8 2417843, 696602.8 2417855, 696580.5 2417869, 696558.9 2417884, 696538.2 2417900, 696518.2 2417917, 696499.3 2417935, 696481.2 2417954, 696464.2 2417974, 696448.3 2417995, 696433.5 2418016, 696419.8 2418038, 696407.3 2418061, 696396 2418085, 696386 2418109, 696377.3 2418134, 696369.8 2418159, 696363.7 2418185, 696359 2418210, 696355.6 2418236, 696353.5 2418262, 696352.8 2418288, 696353.5 2418315, 696355.6 2418341, 696359 2418367, 696363.7 2418392, 696369.8 2418418, 696377.3 2418443, 696386 2418468, 696396 2418492, 696407.3 2418515, 696419.8 2418538, 696433.5 2418561, 696448.3 2418582, 696464.2 2418603, 696481.2 2418623, 696499.3 2418642, 696518.2 2418660, 696538.2 2418677, 696558.9 2418693, 696580.5 2418708, 696602.8 2418721, 696625.8 2418734, 696649.4 2418745, 696673.6 2418755, 696698.3 2418764, 696723.4 2418771, 696748.9 2418778, 696774.6 2418782, 696800.5 2418786, 696826.6 2418788, 696852.8 2418788, 696879 2418788, 696905.1 2418786, 696931 2418782, 696956.8 2418778, 696982.2 2418771, 697007.3 2418764, 697032 2418755, 697056.2 2418745, 697079.8 2418734, 697102.8 2418721, 697125.1 2418708, 697146.7 2418693, 697167.5 2418677, 697187.4 2418660, 697206.4 2418642, 697224.4 2418623, 697241.4 2418603, 697257.3 2418582, 697272.1 2418561, 697285.8 2418538, 697298.3 2418515, 697309.6 2418492, 697319.6 2418468, 697328.3 2418443, 697335.8 2418418, 697341.9 2418392, 697346.7 2418367, 697350.1 2418341, 697352.1 2418315, 697352.8 2418288))"
5,20260514,Forest,4468,96.47661604022574,2.467409608717187,0,Dai,NA,NA,1,0,0,5463,224.3992040202179,1587.6785580215717,683.40594482421875,15.039759635925293,163.81141113358166,18679.47177886963,130679.79125976562,0.04604639068524554,1,53,18679.47177886963,1,0,0,1,0,-0.960349231016816,0.2787998466380678,8.404696160189092,4.5693006581538285,0.9031688589157757,"POLYGON ((739525.9 2362148, 739525.2 2362121, 739523.1 2362095, 739519.7 2362069, 739514.9 2362044, 739508.8 2362018, 739501.4 2361993, 739492.7 2361968, 739482.6 2361944, 739471.4 2361921, 739458.9 2361898, 739445.2 2361875, 739430.4 2361854, 739414.4 2361833, 739397.4 2361813, 739379.4 2361794, 739360.4 2361776, 739340.5 2361759, 739319.8 2361743, 739298.2 2361728, 739275.9 2361715, 739252.9 2361702, 739229.2 2361691, 739205 2361681, 739180.4 2361672, 739155.3 2361665, 739129.8 2361659, 739104.1 2361654, 739078.1 2361650, 739052 2361648, 739025.9 2361648, 738999.7 2361648, 738973.6 2361650, 738947.6 2361654, 738921.9 2361659, 738896.5 2361665, 738871.4 2361672, 738846.7 2361681, 738822.5 2361691, 738798.9 2361702, 738775.9 2361715, 738753.5 2361728, 738732 2361743, 738711.2 2361759, 738691.3 2361776, 738672.3 2361794, 738654.3 2361813, 738637.3 2361833, 738621.4 2361854, 738606.5 2361875, 738592.8 2361898, 738580.4 2361921, 738569.1 2361944, 738559.1 2361968, 738550.3 2361993, 738542.9 2362018, 738536.8 2362044, 738532 2362069, 738528.6 2362095, 738526.5 2362121, 738525.9 2362148, 738526.5 2362174, 738528.6 2362200, 738532 2362226, 738536.8 2362252, 738542.9 2362277, 738550.3 2362302, 738559.1 2362327, 738569.1 2362351, 738580.4 2362375, 738592.8 2362398, 738606.5 2362420, 738621.4 2362442, 738637.3 2362462, 738654.3 2362482, 738672.3 2362501, 738691.3 2362519, 738711.2 2362536, 738732 2362552, 738753.5 2362567, 738775.9 2362581, 738798.9 2362593, 738822.5 2362604, 738846.7 2362614, 738871.4 2362623, 738896.5 2362631, 738921.9 2362637, 738947.6 2362642, 738973.6 2362645, 738999.7 2362647, 739025.9 2362648, 739052 2362647, 739078.1 2362645, 739104.1 2362642, 739129.8 2362637, 739155.3 2362631, 739180.4 2362623, 739205 2362614, 739229.2 2362604, 739252.9 2362593, 739275.9 2362581, 739298.2 2362567, 739319.8 2362552, 739340.5 2362536, 739360.4 2362519, 739379.4 2362501, 739397.4 2362482, 739414.4 2362462, 739430.4 2362442, 739445.2 2362420, 739458.9 2362398, 739471.4 2362375, 739482.6 2362351, 739492.7 2362327, 739501.4 2362302, 739508.8 2362277, 739514.9 2362252, 739519.7 2362226, 739523.1 2362200, 739525.2 2362174, 739525.9 2362148))"
5,20260514,Forest,5300,11.357870574345577,3.2247191011235956,0,Dai,NA,NA,1,0,0,5464,395.87105562292015,454.5759825734515,749.5517578125,9.792654037475586,16.221865061043907,382690.0909423828,258.3509624004364,0.4926582250377652,1,79,83029.44259643555,0.21696261429705094,17100,0.04468367591617246,1,0,0.9601871479205075,0.27935755040499866,8.575462099540212,2.4299109462807524,1.1708458460274813,"POLYGON ((732916.2 2359986, 732915.5 2359960, 732913.4 2359934, 732910 2359908, 732905.2 2359882, 732899.1 2359856, 732891.7 2359831, 732883 2359807, 732872.9 2359782, 732861.7 2359759, 732849.2 2359736, 732835.5 2359714, 732820.7 2359692, 732804.7 2359671, 732787.7 2359651, 732769.7 2359632, 732750.7 2359614, 732730.8 2359597, 732710.1 2359581, 732688.5 2359567, 732666.2 2359553, 732643.2 2359540, 732619.5 2359529, 732595.4 2359519, 732570.7 2359510, 732545.6 2359503, 732520.1 2359497, 732494.4 2359492, 732468.4 2359489, 732442.3 2359487, 732416.2 2359486, 732390 2359487, 732363.9 2359489, 732338 2359492, 732312.2 2359497, 732286.8 2359503, 732261.7 2359510, 732237 2359519, 732212.8 2359529, 732189.2 2359540, 732166.2 2359553, 732143.9 2359567, 732122.3 2359581, 732101.5 2359597, 732081.6 2359614, 732062.6 2359632, 732044.6 2359651, 732027.6 2359671, 732011.7 2359692, 731996.8 2359714, 731983.2 2359736, 731970.7 2359759, 731959.4 2359782, 731949.4 2359807, 731940.6 2359831, 731933.2 2359856, 731927.1 2359882, 731922.3 2359908, 731918.9 2359934, 731916.9 2359960, 731916.2 2359986, 731916.9 2360012, 731918.9 2360038, 731922.3 2360064, 731927.1 2360090, 731933.2 2360115, 731940.6 2360140, 731949.4 2360165, 731959.4 2360189, 731970.7 2360213, 731983.2 2360236, 731996.8 2360258, 732011.7 2360280, 732027.6 2360301, 732044.6 2360320, 732062.6 2360339, 732081.6 2360357, 732101.5 2360374, 732122.3 2360390, 732143.9 2360405, 732166.2 2360419, 732189.2 2360431, 732212.8 2360443, 732237 2360453, 732261.7 2360461, 732286.8 2360469, 732312.2 2360475, 732338 2360480, 732363.9 2360483, 732390 2360485, 732416.2 2360486, 732442.3 2360485, 732468.4 2360483, 732494.4 2360480, 732520.1 2360475, 732545.6 2360469, 732570.7 2360461, 732595.4 2360453, 732619.5 2360443, 732643.2 2360431, 732666.2 2360419, 732688.5 2360405, 732710.1 2360390, 732730.8 2360374, 732750.7 2360357, 732769.7 2360339, 732787.7 2360320, 732804.7 2360301, 732820.7 2360280, 732835.5 2360258, 732849.2 2360236, 732861.7 2360213, 732872.9 2360189, 732883 2360165, 732891.7 2360140, 732899.1 2360115, 732905.2 2360090, 732910 2360064, 732913.4 2360038, 732915.5 2360012, 732916.2 2359986))"
5,20260514,Forest,7185.217391304348,124.03782797024019,3.332928679817906,0,Dai,NA,NA,1,0,0,5480,204.56333546200125,177.85927252292745,1262.29931640625,8.306743621826172,216.62649986798223,119572.28393554688,4240.87929725647,0.10874190593599883,1,88,0,0,30763.07144165039,0.2572759374424313,1,0,-0.802541629397718,-0.5965961222499321,8.879781054326026,4.820586583358523,1.2038514009022103,"POLYGON ((622998.8 2440830, 622998.1 2440803, 622996.1 2440777, 622992.7 2440751, 622987.9 2440726, 622981.8 2440700, 622974.3 2440675, 622965.6 2440650, 622955.6 2440626, 622944.3 2440603, 622931.8 2440580, 622918.2 2440557, 622903.3 2440536, 622887.4 2440515, 622870.4 2440495, 622852.4 2440476, 622833.4 2440458, 622813.5 2440441, 622792.7 2440425, 622771.1 2440410, 622748.8 2440397, 622725.8 2440384, 622702.2 2440373, 622678 2440363, 622653.3 2440354, 622628.2 2440347, 622602.8 2440341, 622577 2440336, 622551.1 2440332, 622525 2440330, 622498.8 2440330, 622472.6 2440330, 622446.6 2440332, 622420.6 2440336, 622394.9 2440341, 622369.4 2440347, 622344.3 2440354, 622319.6 2440363, 622295.4 2440373, 622271.8 2440384, 622248.8 2440397, 622226.5 2440410, 622204.9 2440425, 622184.2 2440441, 622164.3 2440458, 622145.3 2440476, 622127.2 2440495, 622110.2 2440515, 622094.3 2440536, 622079.5 2440557, 622065.8 2440580, 622053.3 2440603, 622042 2440626, 622032 2440650, 622023.3 2440675, 622015.9 2440700, 622009.7 2440726, 622005 2440751, 622001.6 2440777, 621999.5 2440803, 621998.8 2440830, 621999.5 2440856, 622001.6 2440882, 622005 2440908, 622009.7 2440934, 622015.9 2440959, 622023.3 2440984, 622032 2441009, 622042 2441033, 622053.3 2441057, 622065.8 2441080, 622079.5 2441102, 622094.3 2441124, 622110.2 2441144, 622127.2 2441164, 622145.3 2441183, 622164.3 2441201, 622184.2 2441218, 622204.9 2441234, 622226.5 2441249, 622248.8 2441263, 622271.8 2441275, 622295.4 2441286, 622319.6 2441296, 622344.3 2441305, 622369.4 2441313, 622394.9 2441319, 622420.6 2441324, 622446.6 2441327, 622472.6 2441329, 622498.8 2441330, 622525 2441329, 622551.1 2441327, 622577 2441324, 622602.8 2441319, 622628.2 2441313, 622653.3 2441305, 622678 2441296, 622702.2 2441286, 622725.8 2441275, 622748.8 2441263, 622771.1 2441249, 622792.7 2441234, 622813.5 2441218, 622833.4 2441201, 622852.4 2441183, 622870.4 2441164, 622887.4 2441144, 622903.3 2441124, 622918.2 2441102, 622931.8 2441080, 622944.3 2441057, 622955.6 2441033, 622965.6 2441009, 622974.3 2440984, 622981.8 2440959, 622987.9 2440934, 622992.7 2440908, 622996.1 2440882, 622998.1 2440856, 622998.8 2440830))"
5,20260514,Forest,6109.060402684564,16.49307014828121,2.182649842271293,0,Dai,NA,NA,1,0,0,5516,268.66271995688317,523.5510733241648,859.40679931640625,8.710426330566406,114.1104022671872,764432.7209472656,0,0.39123593442239163,1,96,525254.4250488281,0.687116616878914,125829.45098876953,0.16460500386854826,1,0,-0.4084961821755053,0.9127600282374532,8.717528260092221,2.802940301672347,0.7805396626274846,"POLYGON ((718276.3 2477140, 718275.6 2477114, 718273.6 2477087, 718270.2 2477062, 718265.4 2477036, 718259.3 2477010, 718251.9 2476985, 718243.1 2476961, 718233.1 2476936, 718221.8 2476913, 718209.3 2476890, 718195.7 2476867, 718180.8 2476846, 718164.9 2476825, 718147.9 2476805, 718129.9 2476786, 718110.9 2476768, 718091 2476751, 718070.2 2476735, 718048.7 2476720, 718026.3 2476707, 718003.3 2476694, 717979.7 2476683, 717955.5 2476673, 717930.8 2476664, 717905.7 2476657, 717880.3 2476651, 717854.5 2476646, 717828.6 2476642, 717802.5 2476640, 717776.3 2476640, 717750.2 2476640, 717724.1 2476642, 717698.1 2476646, 717672.4 2476651, 717646.9 2476657, 717621.8 2476664, 717597.1 2476673, 717573 2476683, 717549.3 2476694, 717526.3 2476707, 717504 2476720, 717482.4 2476735, 717461.7 2476751, 717441.8 2476768, 717422.8 2476786, 717404.8 2476805, 717387.8 2476825, 717371.8 2476846, 717357 2476867, 717343.3 2476890, 717330.8 2476913, 717319.6 2476936, 717309.5 2476961, 717300.8 2476985, 717293.4 2477010, 717287.3 2477036, 717282.5 2477062, 717279.1 2477087, 717277 2477114, 717276.3 2477140, 717277 2477166, 717279.1 2477192, 717282.5 2477218, 717287.3 2477244, 717293.4 2477269, 717300.8 2477294, 717309.5 2477319, 717319.6 2477343, 717330.8 2477367, 717343.3 2477390, 717357 2477412, 717371.8 2477434, 717387.8 2477454, 717404.8 2477474, 717422.8 2477493, 717441.8 2477511, 717461.7 2477528, 717482.4 2477544, 717504 2477559, 717526.3 2477573, 717549.3 2477585, 717573 2477597, 717597.1 2477607, 717621.8 2477615, 717646.9 2477623, 717672.4 2477629, 717698.1 2477634, 717724.1 2477637, 717750.2 2477639, 717776.3 2477640, 717802.5 2477639, 717828.6 2477637, 717854.5 2477634, 717880.3 2477629, 717905.7 2477623, 717930.8 2477615, 717955.5 2477607, 717979.7 2477597, 718003.3 2477585, 718026.3 2477573, 718048.7 2477559, 718070.2 2477544, 718091 2477528, 718110.9 2477511, 718129.9 2477493, 718147.9 2477474, 718164.9 2477454, 718180.8 2477434, 718195.7 2477412, 718209.3 2477390, 718221.8 2477367, 718233.1 2477343, 718243.1 2477319, 718251.9 2477294, 718259.3 2477269, 718265.4 2477244, 718270.2 2477218, 718273.6 2477192, 718275.6 2477166, 718276.3 2477140))"
5,20260514,Forest,7140.869565217392,136.6695132063556,2.088718220338983,0,Dai,NA,NA,1,0,0,5654,296.1376146244192,281.99982329426825,1219.6717529296875,5.766430377960205,167.25429913031823,320291.15295410156,0,0.15566118718646801,1,86,0,0,85937.11166381836,0.2683093518856368,1,0,-0.9753588775695711,0.2206242505850763,8.873589835763665,4.917565699152524,0.7365505861325996,"POLYGON ((632633.7 2437472, 632633 2437446, 632630.9 2437420, 632627.5 2437394, 632622.7 2437368, 632616.6 2437343, 632609.2 2437317, 632600.4 2437293, 632590.4 2437269, 632579.2 2437245, 632566.7 2437222, 632553 2437200, 632538.2 2437178, 632522.2 2437157, 632505.2 2437137, 632487.2 2437118, 632468.2 2437100, 632448.3 2437083, 632427.5 2437067, 632406 2437053, 632383.7 2437039, 632360.6 2437026, 632337 2437015, 632312.8 2437005, 632288.2 2436996, 632263.1 2436989, 632237.6 2436983, 632211.9 2436978, 632185.9 2436975, 632159.8 2436973, 632133.7 2436972, 632107.5 2436973, 632081.4 2436975, 632055.4 2436978, 632029.7 2436983, 632004.2 2436989, 631979.1 2436996, 631954.5 2437005, 631930.3 2437015, 631906.7 2437026, 631883.7 2437039, 631861.3 2437053, 631839.8 2437067, 631819 2437083, 631799.1 2437100, 631780.1 2437118, 631762.1 2437137, 631745.1 2437157, 631729.1 2437178, 631714.3 2437200, 631700.6 2437222, 631688.2 2437245, 631676.9 2437269, 631666.9 2437293, 631658.1 2437317, 631650.7 2437343, 631644.6 2437368, 631639.8 2437394, 631636.4 2437420, 631634.3 2437446, 631633.7 2437472, 631634.3 2437498, 631636.4 2437524, 631639.8 2437550, 631644.6 2437576, 631650.7 2437601, 631658.1 2437626, 631666.9 2437651, 631676.9 2437675, 631688.2 2437699, 631700.6 2437722, 631714.3 2437744, 631729.1 2437766, 631745.1 2437787, 631762.1 2437806, 631780.1 2437825, 631799.1 2437843, 631819 2437860, 631839.8 2437876, 631861.3 2437891, 631883.7 2437905, 631906.7 2437917, 631930.3 2437929, 631954.5 2437939, 631979.1 2437947, 632004.2 2437955, 632029.7 2437961, 632055.4 2437966, 632081.4 2437969, 632107.5 2437971, 632133.7 2437972, 632159.8 2437971, 632185.9 2437969, 632211.9 2437966, 632237.6 2437961, 632263.1 2437955, 632288.2 2437947, 632312.8 2437939, 632337 2437929, 632360.6 2437917, 632383.7 2437905, 632406 2437891, 632427.5 2437876, 632448.3 2437860, 632468.2 2437843, 632487.2 2437825, 632505.2 2437806, 632522.2 2437787, 632538.2 2437766, 632553 2437744, 632566.7 2437722, 632579.2 2437699, 632590.4 2437675, 632600.4 2437651, 632609.2 2437626, 632616.6 2437601, 632622.7 2437576, 632627.5 2437550, 632630.9 2437524, 632633 2437498, 632633.7 2437472))"
5,20260514,Forest,12077.571669477235,47.050868206321354,1.8036923076923077,0,Dai,NA,NA,1,0,0,5709,252.01751350622467,1153.3918135021765,569.02093505859375,6.918701171875,157.6291380970618,11700,94731.18667602539,0.7910274504602043,1,28,11700,1,0,0,1,0,-0.924739709570781,0.3806001439082066,9.39910543054279,3.851229318705374,0.5898358459470546,"POLYGON ((698751.6 2419779, 698750.9 2419753, 698748.9 2419727, 698745.4 2419701, 698740.7 2419675, 698734.6 2419650, 698727.1 2419625, 698718.4 2419600, 698708.4 2419576, 698697.1 2419552, 698684.6 2419529, 698670.9 2419507, 698656.1 2419485, 698640.2 2419465, 698623.2 2419445, 698605.2 2419426, 698586.2 2419408, 698566.3 2419391, 698545.5 2419375, 698523.9 2419360, 698501.6 2419346, 698478.6 2419334, 698455 2419322, 698430.8 2419312, 698406.1 2419304, 698381 2419296, 698355.6 2419290, 698329.8 2419285, 698303.9 2419282, 698277.8 2419280, 698251.6 2419279, 698225.4 2419280, 698199.3 2419282, 698173.4 2419285, 698147.6 2419290, 698122.2 2419296, 698097.1 2419304, 698072.4 2419312, 698048.2 2419322, 698024.6 2419334, 698001.6 2419346, 697979.3 2419360, 697957.7 2419375, 697936.9 2419391, 697917 2419408, 697898 2419426, 697880 2419445, 697863 2419465, 697847.1 2419485, 697832.3 2419507, 697818.6 2419529, 697806.1 2419552, 697794.8 2419576, 697784.8 2419600, 697776.1 2419625, 697768.6 2419650, 697762.5 2419675, 697757.8 2419701, 697754.3 2419727, 697752.3 2419753, 697751.6 2419779, 697752.3 2419805, 697754.3 2419831, 697757.8 2419857, 697762.5 2419883, 697768.6 2419909, 697776.1 2419934, 697784.8 2419958, 697794.8 2419983, 697806.1 2420006, 697818.6 2420029, 697832.3 2420052, 697847.1 2420073, 697863 2420094, 697880 2420114, 697898 2420133, 697917 2420151, 697936.9 2420168, 697957.7 2420184, 697979.3 2420199, 698001.6 2420212, 698024.6 2420225, 698048.2 2420236, 698072.4 2420246, 698097.1 2420255, 698122.2 2420262, 698147.6 2420268, 698173.4 2420273, 698199.3 2420276, 698225.4 2420279, 698251.6 2420279, 698277.8 2420279, 698303.9 2420276, 698329.8 2420273, 698355.6 2420268, 698381 2420262, 698406.1 2420255, 698430.8 2420246, 698455 2420236, 698478.6 2420225, 698501.6 2420212, 698523.9 2420199, 698545.5 2420184, 698566.3 2420168, 698586.2 2420151, 698605.2 2420133, 698623.2 2420114, 698640.2 2420094, 698656.1 2420073, 698670.9 2420052, 698684.6 2420029, 698697.1 2420006, 698708.4 2419983, 698718.4 2419958, 698727.1 2419934, 698734.6 2419909, 698740.7 2419883, 698745.4 2419857, 698748.9 2419831, 698750.9 2419805, 698751.6 2419779))"
5,20260514,Forest,7140.869565217392,136.6695132063556,2.088718220338983,0,Dai,NA,NA,1,0,0,5736,913.0117470238064,934.2139785142247,1189.2994384765625,0.48516058921813965,159.4641100867178,4520.083522796631,0,0.058671766834536926,1,63,0,0,4520.083522796631,1,1,0,-0.9364526365928342,0.3507940413096113,8.873589835763665,4.917565699152524,0.7365505861325996,"POLYGON ((629760.2 2437177, 629759.5 2437150, 629757.5 2437124, 629754.1 2437098, 629749.3 2437073, 629743.2 2437047, 629735.8 2437022, 629727 2436997, 629717 2436973, 629705.7 2436950, 629693.2 2436927, 629679.6 2436904, 629664.7 2436883, 629648.8 2436862, 629631.8 2436842, 629613.8 2436823, 629594.8 2436805, 629574.9 2436788, 629554.1 2436772, 629532.5 2436757, 629510.2 2436744, 629487.2 2436731, 629463.6 2436720, 629439.4 2436710, 629414.7 2436701, 629389.6 2436694, 629364.2 2436688, 629338.4 2436683, 629312.5 2436679, 629286.4 2436677, 629260.2 2436677, 629234.1 2436677, 629208 2436679, 629182 2436683, 629156.3 2436688, 629130.8 2436694, 629105.7 2436701, 629081 2436710, 629056.9 2436720, 629033.2 2436731, 629010.2 2436744, 628987.9 2436757, 628966.3 2436772, 628945.6 2436788, 628925.7 2436805, 628906.7 2436823, 628888.7 2436842, 628871.7 2436862, 628855.7 2436883, 628840.9 2436904, 628827.2 2436927, 628814.7 2436950, 628803.5 2436973, 628793.4 2436997, 628784.7 2437022, 628777.3 2437047, 628771.2 2437073, 628766.4 2437098, 628763 2437124, 628760.9 2437150, 628760.2 2437177, 628760.9 2437203, 628763 2437229, 628766.4 2437255, 628771.2 2437281, 628777.3 2437306, 628784.7 2437331, 628793.4 2437356, 628803.5 2437380, 628814.7 2437404, 628827.2 2437427, 628840.9 2437449, 628855.7 2437470, 628871.7 2437491, 628888.7 2437511, 628906.7 2437530, 628925.7 2437548, 628945.6 2437565, 628966.3 2437581, 628987.9 2437596, 629010.2 2437610, 629033.2 2437622, 629056.9 2437633, 629081 2437643, 629105.7 2437652, 629130.8 2437660, 629156.3 2437666, 629182 2437670, 629208 2437674, 629234.1 2437676, 629260.2 2437677, 629286.4 2437676, 629312.5 2437674, 629338.4 2437670, 629364.2 2437666, 629389.6 2437660, 629414.7 2437652, 629439.4 2437643, 629463.6 2437633, 629487.2 2437622, 629510.2 2437610, 629532.5 2437596, 629554.1 2437581, 629574.9 2437565, 629594.8 2437548, 629613.8 2437530, 629631.8 2437511, 629648.8 2437491, 629664.7 2437470, 629679.6 2437449, 629693.2 2437427, 629705.7 2437404, 629717 2437380, 629727 2437356, 629735.8 2437331, 629743.2 2437306, 629749.3 2437281, 629754.1 2437255, 629757.5 2437229, 629759.5 2437203, 629760.2 2437177))"
5,20260514,Forest,6109.060402684564,16.49307014828121,2.182649842271293,0,Dai,NA,NA,1,0,0,5796,781.0140071882132,1039.3806840844713,895.3358154296875,8.9892730712890625,48.96255652575914,777839.3371582031,0,0.03368638124629215,1,76,365102.6550292969,0.4693805488973868,269804.52575683594,0.3468640795958626,1,0,0.6565521005597054,0.7542806767050568,8.717528260092221,2.802940301672347,0.7805396626274846,"POLYGON ((718320.4 2475505, 718319.7 2475479, 718317.7 2475453, 718314.2 2475427, 718309.5 2475402, 718303.4 2475376, 718295.9 2475351, 718287.2 2475326, 718277.2 2475302, 718265.9 2475278, 718253.4 2475255, 718239.7 2475233, 718224.9 2475212, 718209 2475191, 718192 2475171, 718173.9 2475152, 718155 2475134, 718135.1 2475117, 718114.3 2475101, 718092.7 2475086, 718070.4 2475072, 718047.4 2475060, 718023.8 2475049, 717999.6 2475039, 717974.9 2475030, 717949.8 2475023, 717924.4 2475016, 717898.6 2475012, 717872.7 2475008, 717846.6 2475006, 717820.4 2475005, 717794.2 2475006, 717768.1 2475008, 717742.2 2475012, 717716.4 2475016, 717691 2475023, 717665.9 2475030, 717641.2 2475039, 717617 2475049, 717593.4 2475060, 717570.4 2475072, 717548.1 2475086, 717526.5 2475101, 717505.7 2475117, 717485.8 2475134, 717466.8 2475152, 717448.8 2475171, 717431.8 2475191, 717415.9 2475212, 717401.1 2475233, 717387.4 2475255, 717374.9 2475278, 717363.6 2475302, 717353.6 2475326, 717344.9 2475351, 717337.4 2475376, 717331.3 2475402, 717326.6 2475427, 717323.1 2475453, 717321.1 2475479, 717320.4 2475505, 717321.1 2475532, 717323.1 2475558, 717326.6 2475584, 717331.3 2475609, 717337.4 2475635, 717344.9 2475660, 717353.6 2475685, 717363.6 2475709, 717374.9 2475732, 717387.4 2475755, 717401.1 2475778, 717415.9 2475799, 717431.8 2475820, 717448.8 2475840, 717466.8 2475859, 717485.8 2475877, 717505.7 2475894, 717526.5 2475910, 717548.1 2475925, 717570.4 2475939, 717593.4 2475951, 717617 2475962, 717641.2 2475972, 717665.9 2475981, 717691 2475988, 717716.4 2475995, 717742.2 2475999, 717768.1 2476003, 717794.2 2476005, 717820.4 2476005, 717846.6 2476005, 717872.7 2476003, 717898.6 2475999, 717924.4 2475995, 717949.8 2475988, 717974.9 2475981, 717999.6 2475972, 718023.8 2475962, 718047.4 2475951, 718070.4 2475939, 718092.7 2475925, 718114.3 2475910, 718135.1 2475894, 718155 2475877, 718173.9 2475859, 718192 2475840, 718209 2475820, 718224.9 2475799, 718239.7 2475778, 718253.4 2475755, 718265.9 2475732, 718277.2 2475709, 718287.2 2475685, 718295.9 2475660, 718303.4 2475635, 718309.5 2475609, 718314.2 2475584, 718317.7 2475558, 718319.7 2475532, 718320.4 2475505))"
5,20260514,Forest,6074.664429530201,13.119310196178745,1.7788079470198674,0,Dai,NA,NA,1,0,0,5810,230.9137586032966,1054.1034111042572,855.54345703125,4.481595039367676,168.72079803785704,211417.86346435547,20711.048126220703,0.4891446877763788,1,13,20444.586753845215,0.0967022673431383,44387.55683898926,0.2099517803824221,1,0,-0.9806857212612241,0.19559017386963148,8.711882028745663,2.5740852056229833,0.5759434472742128,"POLYGON ((715795.1 2482475, 715794.5 2482449, 715792.4 2482423, 715789 2482397, 715784.2 2482372, 715778.1 2482346, 715770.7 2482321, 715761.9 2482296, 715751.9 2482272, 715740.6 2482248, 715728.2 2482225, 715714.5 2482203, 715699.6 2482182, 715683.7 2482161, 715666.7 2482141, 715648.7 2482122, 715629.7 2482104, 715609.8 2482087, 715589 2482071, 715567.5 2482056, 715545.1 2482042, 715522.1 2482030, 715498.5 2482019, 715474.3 2482009, 715449.6 2482000, 715424.6 2481993, 715399.1 2481986, 715373.4 2481982, 715347.4 2481978, 715321.3 2481976, 715295.1 2481975, 715269 2481976, 715242.9 2481978, 715216.9 2481982, 715191.2 2481986, 715165.7 2481993, 715140.6 2482000, 715116 2482009, 715091.8 2482019, 715068.1 2482030, 715045.1 2482042, 715022.8 2482056, 715001.2 2482071, 714980.5 2482087, 714960.6 2482104, 714941.6 2482122, 714923.6 2482141, 714906.6 2482161, 714890.6 2482182, 714875.8 2482203, 714862.1 2482225, 714849.6 2482248, 714838.4 2482272, 714828.4 2482296, 714819.6 2482321, 714812.2 2482346, 714806.1 2482372, 714801.3 2482397, 714797.9 2482423, 714795.8 2482449, 714795.1 2482475, 714795.8 2482502, 714797.9 2482528, 714801.3 2482554, 714806.1 2482579, 714812.2 2482605, 714819.6 2482630, 714828.4 2482655, 714838.4 2482679, 714849.6 2482702, 714862.1 2482725, 714875.8 2482748, 714890.6 2482769, 714906.6 2482790, 714923.6 2482810, 714941.6 2482829, 714960.6 2482847, 714980.5 2482864, 715001.2 2482880, 715022.8 2482895, 715045.1 2482908, 715068.1 2482921, 715091.8 2482932, 715116 2482942, 715140.6 2482951, 715165.7 2482958, 715191.2 2482965, 715216.9 2482969, 715242.9 2482973, 715269 2482975, 715295.1 2482975, 715321.3 2482975, 715347.4 2482973, 715373.4 2482969, 715399.1 2482965, 715424.6 2482958, 715449.6 2482951, 715474.3 2482942, 715498.5 2482932, 715522.1 2482921, 715545.1 2482908, 715567.5 2482895, 715589 2482880, 715609.8 2482864, 715629.7 2482847, 715648.7 2482829, 715666.7 2482810, 715683.7 2482790, 715699.6 2482769, 715714.5 2482748, 715728.2 2482725, 715740.6 2482702, 715751.9 2482679, 715761.9 2482655, 715770.7 2482630, 715778.1 2482605, 715784.2 2482579, 715789 2482554, 715792.4 2482528, 715794.5 2482502, 715795.1 2482475))"
5,20260514,Forest,4871,11.311868803688643,0.5554728220402085,0,Dai,NA,NA,1,0,0,5865,204.04914845001468,260.2099552973638,710.623291015625,10.424768447875977,274.50144962613916,30326.8009185791,156570.99609375,0.8463414069614523,1,61,30326.8009185791,1,0,0,1,0,0.07848431845801634,-0.996915348340159,8.491054533806542,2.425852511110355,-0.5879355963194767,"POLYGON ((763654.5 2377528, 763653.8 2377502, 763651.7 2377475, 763648.3 2377450, 763643.6 2377424, 763637.4 2377398, 763630 2377373, 763621.3 2377349, 763611.3 2377324, 763600 2377301, 763587.5 2377278, 763573.8 2377255, 763559 2377234, 763543.1 2377213, 763526.1 2377193, 763508 2377174, 763489.1 2377156, 763469.1 2377139, 763448.4 2377123, 763426.8 2377108, 763404.5 2377095, 763381.5 2377082, 763357.9 2377071, 763333.7 2377061, 763309 2377052, 763283.9 2377045, 763258.4 2377039, 763232.7 2377034, 763206.7 2377030, 763180.7 2377028, 763154.5 2377028, 763128.3 2377028, 763102.2 2377030, 763076.3 2377034, 763050.5 2377039, 763025.1 2377045, 763000 2377052, 762975.3 2377061, 762951.1 2377071, 762927.5 2377082, 762904.5 2377095, 762882.2 2377108, 762860.6 2377123, 762839.8 2377139, 762819.9 2377156, 762800.9 2377174, 762782.9 2377193, 762765.9 2377213, 762750 2377234, 762735.2 2377255, 762721.5 2377278, 762709 2377301, 762697.7 2377324, 762687.7 2377349, 762679 2377373, 762671.5 2377398, 762665.4 2377424, 762660.6 2377450, 762657.2 2377475, 762655.2 2377502, 762654.5 2377528, 762655.2 2377554, 762657.2 2377580, 762660.6 2377606, 762665.4 2377632, 762671.5 2377657, 762679 2377682, 762687.7 2377707, 762697.7 2377731, 762709 2377755, 762721.5 2377778, 762735.2 2377800, 762750 2377822, 762765.9 2377842, 762782.9 2377862, 762800.9 2377881, 762819.9 2377899, 762839.8 2377916, 762860.6 2377932, 762882.2 2377947, 762904.5 2377961, 762927.5 2377973, 762951.1 2377984, 762975.3 2377995, 763000 2378003, 763025.1 2378011, 763050.5 2378017, 763076.3 2378022, 763102.2 2378025, 763128.3 2378027, 763154.5 2378028, 763180.7 2378027, 763206.7 2378025, 763232.7 2378022, 763258.4 2378017, 763283.9 2378011, 763309 2378003, 763333.7 2377995, 763357.9 2377984, 763381.5 2377973, 763404.5 2377961, 763426.8 2377947, 763448.4 2377932, 763469.1 2377916, 763489.1 2377899, 763508 2377881, 763526.1 2377862, 763543.1 2377842, 763559 2377822, 763573.8 2377800, 763587.5 2377778, 763600 2377755, 763611.3 2377731, 763621.3 2377707, 763630 2377682, 763637.4 2377657, 763643.6 2377632, 763648.3 2377606, 763651.7 2377580, 763653.8 2377554, 763654.5 2377528))"
5,20260514,Forest,9439.29173693086,188.16805012166466,1.9389686684073106,0,Dai,NA,NA,1,0,0,6030,1021.9145672257094,1042.312013093504,632.1414794921875,7.28580904006958,240.20910327437164,26565.356826782227,110251.4762878418,0.4709120196604521,1,46,26565.356826782227,1,0,0,1,0,-0.4968360823487999,-0.8678444026876572,9.152636228457322,5.237335447179777,0.6621562174952594,"POLYGON ((705596.2 2426834, 705595.5 2426808, 705593.5 2426782, 705590 2426756, 705585.3 2426730, 705579.2 2426705, 705571.7 2426680, 705563 2426655, 705553 2426631, 705541.7 2426607, 705529.2 2426584, 705515.5 2426562, 705500.7 2426540, 705484.8 2426519, 705467.8 2426500, 705449.8 2426481, 705430.8 2426463, 705410.9 2426446, 705390.1 2426430, 705368.5 2426415, 705346.2 2426401, 705323.2 2426389, 705299.6 2426377, 705275.4 2426367, 705250.7 2426359, 705225.6 2426351, 705200.2 2426345, 705174.4 2426340, 705148.5 2426337, 705122.4 2426335, 705096.2 2426334, 705070 2426335, 705043.9 2426337, 705018 2426340, 704992.2 2426345, 704966.8 2426351, 704941.7 2426359, 704917 2426367, 704892.8 2426377, 704869.2 2426389, 704846.2 2426401, 704823.9 2426415, 704802.3 2426430, 704781.5 2426446, 704761.6 2426463, 704742.6 2426481, 704724.6 2426500, 704707.6 2426519, 704691.7 2426540, 704676.9 2426562, 704663.2 2426584, 704650.7 2426607, 704639.4 2426631, 704629.4 2426655, 704620.7 2426680, 704613.2 2426705, 704607.1 2426730, 704602.4 2426756, 704598.9 2426782, 704596.9 2426808, 704596.2 2426834, 704596.9 2426860, 704598.9 2426886, 704602.4 2426912, 704607.1 2426938, 704613.2 2426964, 704620.7 2426989, 704629.4 2427013, 704639.4 2427037, 704650.7 2427061, 704663.2 2427084, 704676.9 2427106, 704691.7 2427128, 704707.6 2427149, 704724.6 2427169, 704742.6 2427188, 704761.6 2427206, 704781.5 2427223, 704802.3 2427239, 704823.9 2427253, 704846.2 2427267, 704869.2 2427280, 704892.8 2427291, 704917 2427301, 704941.7 2427310, 704966.8 2427317, 704992.2 2427323, 705018 2427328, 705043.9 2427331, 705070 2427333, 705096.2 2427334, 705122.4 2427333, 705148.5 2427331, 705174.4 2427328, 705200.2 2427323, 705225.6 2427317, 705250.7 2427310, 705275.4 2427301, 705299.6 2427291, 705323.2 2427280, 705346.2 2427267, 705368.5 2427253, 705390.1 2427239, 705410.9 2427223, 705430.8 2427206, 705449.8 2427188, 705467.8 2427169, 705484.8 2427149, 705500.7 2427128, 705515.5 2427106, 705529.2 2427084, 705541.7 2427061, 705553 2427037, 705563 2427013, 705571.7 2426989, 705579.2 2426964, 705585.3 2426938, 705590 2426912, 705593.5 2426886, 705595.5 2426860, 705596.2 2426834))"
5,20260514,Forest,4604,4.552080596935946,1.627922077922078,0,Dai,NA,NA,1,0,0,6061,611.2622784140191,1095.4290075015142,712.87176513671875,10.720637321472168,351.171716833071,26869.858360290527,28327.029991149902,0.13249738243201456,1,78,4172.105312347412,0.15527083382445866,0,0,1,0,0.9881527419770623,-0.15347364113493014,8.434680769841773,1.515584402496797,0.4873044027506186,"POLYGON ((771072.8 2384539, 771072.1 2384513, 771070 2384487, 771066.6 2384461, 771061.9 2384435, 771055.7 2384410, 771048.3 2384385, 771039.6 2384360, 771029.6 2384336, 771018.3 2384312, 771005.8 2384289, 770992.1 2384267, 770977.3 2384245, 770961.4 2384225, 770944.4 2384205, 770926.3 2384186, 770907.3 2384168, 770887.4 2384151, 770866.7 2384135, 770845.1 2384120, 770822.8 2384106, 770799.8 2384094, 770776.2 2384082, 770752 2384072, 770727.3 2384064, 770702.2 2384056, 770676.7 2384050, 770651 2384045, 770625 2384042, 770598.9 2384040, 770572.8 2384039, 770546.6 2384040, 770520.5 2384042, 770494.6 2384045, 770468.8 2384050, 770443.4 2384056, 770418.3 2384064, 770393.6 2384072, 770369.4 2384082, 770345.8 2384094, 770322.8 2384106, 770300.5 2384120, 770278.9 2384135, 770258.1 2384151, 770238.2 2384168, 770219.2 2384186, 770201.2 2384205, 770184.2 2384225, 770168.3 2384245, 770153.4 2384267, 770139.8 2384289, 770127.3 2384312, 770116 2384336, 770106 2384360, 770097.3 2384385, 770089.8 2384410, 770083.7 2384435, 770078.9 2384461, 770075.5 2384487, 770073.5 2384513, 770072.8 2384539, 770073.5 2384565, 770075.5 2384591, 770078.9 2384617, 770083.7 2384643, 770089.8 2384669, 770097.3 2384694, 770106 2384718, 770116 2384743, 770127.3 2384766, 770139.8 2384789, 770153.4 2384811, 770168.3 2384833, 770184.2 2384854, 770201.2 2384874, 770219.2 2384893, 770238.2 2384911, 770258.1 2384928, 770278.9 2384944, 770300.5 2384959, 770322.8 2384972, 770345.8 2384985, 770369.4 2384996, 770393.6 2385006, 770418.3 2385015, 770443.4 2385022, 770468.8 2385028, 770494.6 2385033, 770520.5 2385036, 770546.6 2385038, 770572.8 2385039, 770598.9 2385038, 770625 2385036, 770651 2385033, 770676.7 2385028, 770702.2 2385022, 770727.3 2385015, 770752 2385006, 770776.2 2384996, 770799.8 2384985, 770822.8 2384972, 770845.1 2384959, 770866.7 2384944, 770887.4 2384928, 770907.3 2384911, 770926.3 2384893, 770944.4 2384874, 770961.4 2384854, 770977.3 2384833, 770992.1 2384811, 771005.8 2384789, 771018.3 2384766, 771029.6 2384743, 771039.6 2384718, 771048.3 2384694, 771055.7 2384669, 771061.9 2384643, 771066.6 2384617, 771070 2384591, 771072.1 2384565, 771072.8 2384539))"
5,20260514,Forest,7763.069139966274,45.20227133608371,0.045004500450045004,0,Dai,NA,NA,1,0,0,6076,498.2351142771767,1035.9445178513458,772.4224853515625,22.768583297729492,173.7894802475166,785039.3371582031,0,0.00632844140171921,1,15,157731.41326904297,0.2009216682568055,206846.71325683594,0.2634857942349858,1,0,-0.9941311180677648,0.10818188429370254,8.957133042712313,3.8111473363739687,-3.100992784211484,"POLYGON ((716022.3 2411813, 716021.6 2411787, 716019.6 2411761, 716016.2 2411735, 716011.4 2411709, 716005.3 2411684, 715997.9 2411659, 715989.1 2411634, 715979.1 2411610, 715967.8 2411586, 715955.3 2411563, 715941.7 2411541, 715926.8 2411520, 715910.9 2411499, 715893.9 2411479, 715875.9 2411460, 715856.9 2411442, 715837 2411425, 715816.2 2411409, 715794.6 2411394, 715772.3 2411380, 715749.3 2411368, 715725.7 2411357, 715701.5 2411347, 715676.8 2411338, 715651.7 2411330, 715626.3 2411324, 715600.5 2411320, 715574.6 2411316, 715548.5 2411314, 715522.3 2411313, 715496.2 2411314, 715470.1 2411316, 715444.1 2411320, 715418.4 2411324, 715392.9 2411330, 715367.8 2411338, 715343.1 2411347, 715319 2411357, 715295.3 2411368, 715272.3 2411380, 715250 2411394, 715228.4 2411409, 715207.7 2411425, 715187.8 2411442, 715168.8 2411460, 715150.8 2411479, 715133.8 2411499, 715117.8 2411520, 715103 2411541, 715089.3 2411563, 715076.8 2411586, 715065.6 2411610, 715055.5 2411634, 715046.8 2411659, 715039.4 2411684, 715033.3 2411709, 715028.5 2411735, 715025.1 2411761, 715023 2411787, 715022.3 2411813, 715023 2411840, 715025.1 2411866, 715028.5 2411892, 715033.3 2411917, 715039.4 2411943, 715046.8 2411968, 715055.5 2411993, 715065.6 2412017, 715076.8 2412040, 715089.3 2412063, 715103 2412086, 715117.8 2412107, 715133.8 2412128, 715150.8 2412148, 715168.8 2412167, 715187.8 2412185, 715207.7 2412202, 715228.4 2412218, 715250 2412233, 715272.3 2412246, 715295.3 2412259, 715319 2412270, 715343.1 2412280, 715367.8 2412289, 715392.9 2412296, 715418.4 2412303, 715444.1 2412307, 715470.1 2412311, 715496.2 2412313, 715522.3 2412313, 715548.5 2412313, 715574.6 2412311, 715600.5 2412307, 715626.3 2412303, 715651.7 2412296, 715676.8 2412289, 715701.5 2412280, 715725.7 2412270, 715749.3 2412259, 715772.3 2412246, 715794.6 2412233, 715816.2 2412218, 715837 2412202, 715856.9 2412185, 715875.9 2412167, 715893.9 2412148, 715910.9 2412128, 715926.8 2412107, 715941.7 2412086, 715955.3 2412063, 715967.8 2412040, 715979.1 2412017, 715989.1 2411993, 715997.9 2411968, 716005.3 2411943, 716011.4 2411917, 716016.2 2411892, 716019.6 2411866, 716021.6 2411840, 716022.3 2411813))"
5,20260514,Forest,7204.347826086957,146.16778988586938,2.8947116535056234,0,Dai,NA,NA,1,0,0,6077,347.88729996324105,615.6687920865959,1197.19384765625,0.4556308090686798,11.18901856019256,366.51543974876404,3403.8339614868164,0.18805031941593875,1,80,0,0,366.51543974876404,1,1,0,0.9809923647304013,0.19404633555070136,8.882439987485505,4.984755207624541,1.062885504511933,"POLYGON ((623735.3 2438051, 623734.6 2438024, 623732.5 2437998, 623729.1 2437972, 623724.3 2437947, 623718.2 2437921, 623710.8 2437896, 623702 2437871, 623692 2437847, 623680.8 2437824, 623668.3 2437801, 623654.6 2437778, 623639.8 2437757, 623623.8 2437736, 623606.8 2437716, 623588.8 2437697, 623569.8 2437679, 623549.9 2437662, 623529.2 2437646, 623507.6 2437631, 623485.3 2437618, 623462.3 2437605, 623438.6 2437594, 623414.4 2437584, 623389.8 2437575, 623364.7 2437568, 623339.2 2437561, 623313.5 2437557, 623287.5 2437553, 623261.4 2437551, 623235.3 2437551, 623209.1 2437551, 623183 2437553, 623157 2437557, 623131.3 2437561, 623105.8 2437568, 623080.8 2437575, 623056.1 2437584, 623031.9 2437594, 623008.3 2437605, 622985.3 2437618, 622962.9 2437631, 622941.4 2437646, 622920.6 2437662, 622900.7 2437679, 622881.7 2437697, 622863.7 2437716, 622846.7 2437736, 622830.8 2437757, 622815.9 2437778, 622802.2 2437801, 622789.8 2437824, 622778.5 2437847, 622768.5 2437871, 622759.7 2437896, 622752.3 2437921, 622746.2 2437947, 622741.4 2437972, 622738 2437998, 622735.9 2438024, 622735.3 2438051, 622735.9 2438077, 622738 2438103, 622741.4 2438129, 622746.2 2438154, 622752.3 2438180, 622759.7 2438205, 622768.5 2438230, 622778.5 2438254, 622789.8 2438278, 622802.2 2438301, 622815.9 2438323, 622830.8 2438344, 622846.7 2438365, 622863.7 2438385, 622881.7 2438404, 622900.7 2438422, 622920.6 2438439, 622941.4 2438455, 622962.9 2438470, 622985.3 2438484, 623008.3 2438496, 623031.9 2438507, 623056.1 2438517, 623080.8 2438526, 623105.8 2438533, 623131.3 2438540, 623157 2438544, 623183 2438548, 623209.1 2438550, 623235.3 2438551, 623261.4 2438550, 623287.5 2438548, 623313.5 2438544, 623339.2 2438540, 623364.7 2438533, 623389.8 2438526, 623414.4 2438517, 623438.6 2438507, 623462.3 2438496, 623485.3 2438484, 623507.6 2438470, 623529.2 2438455, 623549.9 2438439, 623569.8 2438422, 623588.8 2438404, 623606.8 2438385, 623623.8 2438365, 623639.8 2438344, 623654.6 2438323, 623668.3 2438301, 623680.8 2438278, 623692 2438254, 623702 2438230, 623710.8 2438205, 623718.2 2438180, 623724.3 2438154, 623729.1 2438129, 623732.5 2438103, 623734.6 2438077, 623735.3 2438051))"
5,20260514,Forest,3276,13.328938169353023,1.439689756619417,0,Dai,NA,NA,1,0,0,6195,26.01357609266153,1440.0502842559463,686.2508544921875,8.694131851196289,240.05512787060883,785039.3371582031,0,0.4575373867425402,1,49,640368.56689453125,0.8157152598398806,91734.41848754883,0.11685327619329511,1,0,-0.499166511217063,-0.866506084271418,8.09437844497296,2.5899374738049867,0.3644276435838435,"POLYGON ((744159.5 2400368, 744158.8 2400342, 744156.7 2400316, 744153.3 2400290, 744148.5 2400264, 744142.4 2400239, 744135 2400214, 744126.3 2400189, 744116.2 2400165, 744105 2400141, 744092.5 2400118, 744078.8 2400096, 744064 2400074, 744048 2400054, 744031 2400034, 744013 2400015, 743994 2399997, 743974.1 2399980, 743953.4 2399964, 743931.8 2399949, 743909.5 2399935, 743886.5 2399923, 743862.8 2399912, 743838.6 2399901, 743814 2399893, 743788.9 2399885, 743763.4 2399879, 743737.7 2399874, 743711.7 2399871, 743685.6 2399869, 743659.5 2399868, 743633.3 2399869, 743607.2 2399871, 743581.2 2399874, 743555.5 2399879, 743530.1 2399885, 743505 2399893, 743480.3 2399901, 743456.1 2399912, 743432.5 2399923, 743409.5 2399935, 743387.1 2399949, 743365.6 2399964, 743344.8 2399980, 743324.9 2399997, 743305.9 2400015, 743287.9 2400034, 743270.9 2400054, 743255 2400074, 743240.1 2400096, 743226.5 2400118, 743214 2400141, 743202.7 2400165, 743192.7 2400189, 743183.9 2400214, 743176.5 2400239, 743170.4 2400264, 743165.6 2400290, 743162.2 2400316, 743160.1 2400342, 743159.5 2400368, 743160.1 2400394, 743162.2 2400421, 743165.6 2400447, 743170.4 2400472, 743176.5 2400498, 743183.9 2400523, 743192.7 2400547, 743202.7 2400572, 743214 2400595, 743226.5 2400618, 743240.1 2400641, 743255 2400662, 743270.9 2400683, 743287.9 2400703, 743305.9 2400722, 743324.9 2400740, 743344.8 2400757, 743365.6 2400773, 743387.1 2400788, 743409.5 2400801, 743432.5 2400814, 743456.1 2400825, 743480.3 2400835, 743505 2400844, 743530.1 2400851, 743555.5 2400857, 743581.2 2400862, 743607.2 2400866, 743633.3 2400868, 743659.5 2400868, 743685.6 2400868, 743711.7 2400866, 743737.7 2400862, 743763.4 2400857, 743788.9 2400851, 743814 2400844, 743838.6 2400835, 743862.8 2400825, 743886.5 2400814, 743909.5 2400801, 743931.8 2400788, 743953.4 2400773, 743974.1 2400757, 743994 2400740, 744013 2400722, 744031 2400703, 744048 2400683, 744064 2400662, 744078.8 2400641, 744092.5 2400618, 744105 2400595, 744116.2 2400572, 744126.3 2400547, 744135 2400523, 744142.4 2400498, 744148.5 2400472, 744153.3 2400447, 744156.7 2400421, 744158.8 2400394, 744159.5 2400368))"
5,20260514,Forest,5300,11.357870574345577,3.2247191011235956,0,Dai,NA,NA,1,0,0,6218,40.45808111398037,552.9314385355016,716.5853271484375,11.261146545410156,126.69447891640503,2934.37077999115,0,0.619333088381403,1,27,2034.37077999115,0.6932902937362556,0,0,1,0,-0.5975478842284112,0.8018332283300246,8.575462099540212,2.4299109462807524,1.1708458460274813,"POLYGON ((743831.3 2352159, 743830.6 2352133, 743828.5 2352106, 743825.1 2352081, 743820.4 2352055, 743814.2 2352029, 743806.8 2352004, 743798.1 2351980, 743788.1 2351955, 743776.8 2351932, 743764.3 2351909, 743750.6 2351886, 743735.8 2351865, 743719.9 2351844, 743702.9 2351824, 743684.8 2351805, 743665.8 2351787, 743645.9 2351770, 743625.2 2351754, 743603.6 2351739, 743581.3 2351726, 743558.3 2351713, 743534.6 2351702, 743510.5 2351692, 743485.8 2351683, 743460.7 2351676, 743435.2 2351670, 743409.5 2351665, 743383.5 2351661, 743357.4 2351659, 743331.3 2351659, 743305.1 2351659, 743279 2351661, 743253.1 2351665, 743227.3 2351670, 743201.9 2351676, 743176.8 2351683, 743152.1 2351692, 743127.9 2351702, 743104.3 2351713, 743081.3 2351726, 743059 2351739, 743037.4 2351754, 743016.6 2351770, 742996.7 2351787, 742977.7 2351805, 742959.7 2351824, 742942.7 2351844, 742926.8 2351865, 742911.9 2351886, 742898.3 2351909, 742885.8 2351932, 742874.5 2351955, 742864.5 2351980, 742855.8 2352004, 742848.3 2352029, 742842.2 2352055, 742837.4 2352081, 742834 2352106, 742832 2352133, 742831.3 2352159, 742832 2352185, 742834 2352211, 742837.4 2352237, 742842.2 2352263, 742848.3 2352288, 742855.8 2352313, 742864.5 2352338, 742874.5 2352362, 742885.8 2352386, 742898.3 2352409, 742911.9 2352431, 742926.8 2352453, 742942.7 2352473, 742959.7 2352493, 742977.7 2352512, 742996.7 2352530, 743016.6 2352547, 743037.4 2352563, 743059 2352578, 743081.3 2352592, 743104.3 2352604, 743127.9 2352616, 743152.1 2352626, 743176.8 2352634, 743201.9 2352642, 743227.3 2352648, 743253.1 2352653, 743279 2352656, 743305.1 2352658, 743331.3 2352659, 743357.4 2352658, 743383.5 2352656, 743409.5 2352653, 743435.2 2352648, 743460.7 2352642, 743485.8 2352634, 743510.5 2352626, 743534.6 2352616, 743558.3 2352604, 743581.3 2352592, 743603.6 2352578, 743625.2 2352563, 743645.9 2352547, 743665.8 2352530, 743684.8 2352512, 743702.9 2352493, 743719.9 2352473, 743735.8 2352453, 743750.6 2352431, 743764.3 2352409, 743776.8 2352386, 743788.1 2352362, 743798.1 2352338, 743806.8 2352313, 743814.2 2352288, 743820.4 2352263, 743825.1 2352237, 743828.5 2352211, 743830.6 2352185, 743831.3 2352159))"
5,20260514,Forest,4468,96.47661604022574,2.467409608717187,0,Dai,NA,NA,1,0,0,6255,12.067551362429404,1247.5773005275337,699.24493408203125,10.406142234802246,303.14159082255867,48125.38032531738,117669.45190429688,0.3610633386601108,1,10,48125.38032531738,1,0,0,1,0,0.5467099144125409,-0.8373220822855636,8.404696160189092,4.5693006581538285,0.9031688589157757,"POLYGON ((742399.7 2364223, 742399.1 2364197, 742397 2364171, 742393.6 2364145, 742388.8 2364119, 742382.7 2364093, 742375.3 2364068, 742366.5 2364044, 742356.5 2364019, 742345.2 2363996, 742332.7 2363973, 742319.1 2363951, 742304.2 2363929, 742288.3 2363908, 742271.3 2363888, 742253.3 2363869, 742234.3 2363851, 742214.4 2363834, 742193.6 2363818, 742172.1 2363804, 742149.7 2363790, 742126.7 2363777, 742103.1 2363766, 742078.9 2363756, 742054.2 2363747, 742029.1 2363740, 742003.7 2363734, 741978 2363729, 741952 2363726, 741925.9 2363724, 741899.7 2363723, 741873.6 2363724, 741847.5 2363726, 741821.5 2363729, 741795.8 2363734, 741770.3 2363740, 741745.2 2363747, 741720.6 2363756, 741696.4 2363766, 741672.7 2363777, 741649.7 2363790, 741627.4 2363804, 741605.8 2363818, 741585.1 2363834, 741565.2 2363851, 741546.2 2363869, 741528.2 2363888, 741511.2 2363908, 741495.2 2363929, 741480.4 2363951, 741466.7 2363973, 741454.2 2363996, 741443 2364019, 741432.9 2364044, 741424.2 2364068, 741416.8 2364093, 741410.7 2364119, 741405.9 2364145, 741402.5 2364171, 741400.4 2364197, 741399.7 2364223, 741400.4 2364249, 741402.5 2364275, 741405.9 2364301, 741410.7 2364327, 741416.8 2364352, 741424.2 2364377, 741432.9 2364402, 741443 2364426, 741454.2 2364450, 741466.7 2364473, 741480.4 2364495, 741495.2 2364517, 741511.2 2364538, 741528.2 2364557, 741546.2 2364576, 741565.2 2364594, 741585.1 2364611, 741605.8 2364627, 741627.4 2364642, 741649.7 2364656, 741672.7 2364668, 741696.4 2364680, 741720.6 2364690, 741745.2 2364698, 741770.3 2364706, 741795.8 2364712, 741821.5 2364717, 741847.5 2364720, 741873.6 2364722, 741899.7 2364723, 741925.9 2364722, 741952 2364720, 741978 2364717, 742003.7 2364712, 742029.1 2364706, 742054.2 2364698, 742078.9 2364690, 742103.1 2364680, 742126.7 2364668, 742149.7 2364656, 742172.1 2364642, 742193.6 2364627, 742214.4 2364611, 742234.3 2364594, 742253.3 2364576, 742271.3 2364557, 742288.3 2364538, 742304.2 2364517, 742319.1 2364495, 742332.7 2364473, 742345.2 2364450, 742356.5 2364426, 742366.5 2364402, 742375.3 2364377, 742382.7 2364352, 742388.8 2364327, 742393.6 2364301, 742397 2364275, 742399.1 2364249, 742399.7 2364223))"
5,20260514,Forest,5300,11.357870574345577,3.2247191011235956,0,Dai,NA,NA,1,0,0,6325,234.7115877304247,1271.257432684314,711.6312255859375,7.123333930969238,133.40704151676547,6300,0,0.3958965005714461,1,81,6300,1,0,0,1,0,-0.6871767999363573,0.7264902240424351,8.575462099540212,2.4299109462807524,1.1708458460274813,"POLYGON ((744762.2 2352525, 744761.6 2352499, 744759.5 2352473, 744756.1 2352447, 744751.3 2352421, 744745.2 2352396, 744737.8 2352371, 744729 2352346, 744719 2352322, 744707.7 2352298, 744695.2 2352275, 744681.6 2352253, 744666.7 2352231, 744650.8 2352211, 744633.8 2352191, 744615.8 2352172, 744596.8 2352154, 744576.9 2352137, 744556.1 2352121, 744534.6 2352106, 744512.2 2352092, 744489.2 2352080, 744465.6 2352068, 744441.4 2352058, 744416.7 2352050, 744391.6 2352042, 744366.2 2352036, 744340.5 2352031, 744314.5 2352028, 744288.4 2352026, 744262.2 2352025, 744236.1 2352026, 744210 2352028, 744184 2352031, 744158.3 2352036, 744132.8 2352042, 744107.7 2352050, 744083.1 2352058, 744058.9 2352068, 744035.2 2352080, 744012.2 2352092, 743989.9 2352106, 743968.3 2352121, 743947.6 2352137, 743927.7 2352154, 743908.7 2352172, 743890.7 2352191, 743873.7 2352211, 743857.7 2352231, 743842.9 2352253, 743829.2 2352275, 743816.7 2352298, 743805.5 2352322, 743795.4 2352346, 743786.7 2352371, 743779.3 2352396, 743773.2 2352421, 743768.4 2352447, 743765 2352473, 743762.9 2352499, 743762.2 2352525, 743762.9 2352551, 743765 2352577, 743768.4 2352603, 743773.2 2352629, 743779.3 2352655, 743786.7 2352680, 743795.4 2352704, 743805.5 2352729, 743816.7 2352752, 743829.2 2352775, 743842.9 2352798, 743857.7 2352819, 743873.7 2352840, 743890.7 2352860, 743908.7 2352879, 743927.7 2352897, 743947.6 2352914, 743968.3 2352930, 743989.9 2352945, 744012.2 2352958, 744035.2 2352971, 744058.9 2352982, 744083.1 2352992, 744107.7 2353001, 744132.8 2353008, 744158.3 2353014, 744184 2353019, 744210 2353022, 744236.1 2353024, 744262.2 2353025, 744288.4 2353024, 744314.5 2353022, 744340.5 2353019, 744366.2 2353014, 744391.6 2353008, 744416.7 2353001, 744441.4 2352992, 744465.6 2352982, 744489.2 2352971, 744512.2 2352958, 744534.6 2352945, 744556.1 2352930, 744576.9 2352914, 744596.8 2352897, 744615.8 2352879, 744633.8 2352860, 744650.8 2352840, 744666.7 2352819, 744681.6 2352798, 744695.2 2352775, 744707.7 2352752, 744719 2352729, 744729 2352704, 744737.8 2352680, 744745.2 2352655, 744751.3 2352629, 744756.1 2352603, 744759.5 2352577, 744761.6 2352551, 744762.2 2352525))"
5,20260514,Forest,3582.2736762193963,128.48206221372232,0.9385007278020379,0,Dai,NA,NA,1,0,0,6471,49.46805239030496,463.4141483333004,875.90972900390625,12.959814071655273,102.19497107462672,757377.4108886719,0,0.20760915700986354,1,87,749604.52880859375,0.9897371086484376,0,0,1,0,-0.21123900657234004,0.9774344387744535,8.183752982890077,4.855789300923641,-0.06347164746089516,"POLYGON ((667121.1 2387090, 667120.4 2387063, 667118.4 2387037, 667115 2387011, 667110.2 2386986, 667104.1 2386960, 667096.7 2386935, 667087.9 2386910, 667077.9 2386886, 667066.6 2386863, 667054.1 2386840, 667040.5 2386817, 667025.6 2386796, 667009.7 2386775, 666992.7 2386755, 666974.7 2386736, 666955.7 2386718, 666935.8 2386701, 666915 2386685, 666893.4 2386670, 666871.1 2386657, 666848.1 2386644, 666824.5 2386633, 666800.3 2386623, 666775.6 2386614, 666750.5 2386607, 666725.1 2386600, 666699.3 2386596, 666673.4 2386592, 666647.3 2386590, 666621.1 2386590, 666595 2386590, 666568.9 2386592, 666542.9 2386596, 666517.2 2386600, 666491.7 2386607, 666466.6 2386614, 666441.9 2386623, 666417.8 2386633, 666394.1 2386644, 666371.1 2386657, 666348.8 2386670, 666327.2 2386685, 666306.5 2386701, 666286.6 2386718, 666267.6 2386736, 666249.6 2386755, 666232.6 2386775, 666216.6 2386796, 666201.8 2386817, 666188.1 2386840, 666175.6 2386863, 666164.4 2386886, 666154.3 2386910, 666145.6 2386935, 666138.2 2386960, 666132.1 2386986, 666127.3 2387011, 666123.9 2387037, 666121.8 2387063, 666121.1 2387090, 666121.8 2387116, 666123.9 2387142, 666127.3 2387168, 666132.1 2387194, 666138.2 2387219, 666145.6 2387244, 666154.3 2387269, 666164.4 2387293, 666175.6 2387317, 666188.1 2387340, 666201.8 2387362, 666216.6 2387383, 666232.6 2387404, 666249.6 2387424, 666267.6 2387443, 666286.6 2387461, 666306.5 2387478, 666327.2 2387494, 666348.8 2387509, 666371.1 2387523, 666394.1 2387535, 666417.8 2387546, 666441.9 2387556, 666466.6 2387565, 666491.7 2387573, 666517.2 2387579, 666542.9 2387583, 666568.9 2387587, 666595 2387589, 666621.1 2387590, 666647.3 2387589, 666673.4 2387587, 666699.3 2387583, 666725.1 2387579, 666750.5 2387573, 666775.6 2387565, 666800.3 2387556, 666824.5 2387546, 666848.1 2387535, 666871.1 2387523, 666893.4 2387509, 666915 2387494, 666935.8 2387478, 666955.7 2387461, 666974.7 2387443, 666992.7 2387424, 667009.7 2387404, 667025.6 2387383, 667040.5 2387362, 667054.1 2387340, 667066.6 2387317, 667077.9 2387293, 667087.9 2387269, 667096.7 2387244, 667104.1 2387219, 667110.2 2387194, 667115 2387168, 667118.4 2387142, 667120.4 2387116, 667121.1 2387090))"
5,20260514,Forest,3276,13.328938169353023,1.439689756619417,0,Dai,NA,NA,1,0,0,6604,240.43603692477328,346.8895286256374,1016.0806884765625,17.670148849487305,176.27047200148317,785039.3371582031,0,0.03227738168103884,1,85,386586.2274169922,0.4924418549730411,0,0,1,0,-0.9978822283303558,0.0650465862474242,8.09437844497296,2.5899374738049867,0.3644276435838435,"POLYGON ((746602 2411160, 746601.3 2411134, 746599.2 2411108, 746595.8 2411082, 746591 2411056, 746584.9 2411031, 746577.5 2411006, 746568.7 2410981, 746558.7 2410957, 746547.5 2410933, 746535 2410910, 746521.3 2410888, 746506.5 2410866, 746490.5 2410846, 746473.5 2410826, 746455.5 2410807, 746436.5 2410789, 746416.6 2410772, 746395.9 2410756, 746374.3 2410741, 746352 2410727, 746329 2410715, 746305.3 2410703, 746281.1 2410693, 746256.5 2410685, 746231.4 2410677, 746205.9 2410671, 746180.2 2410666, 746154.2 2410663, 746128.1 2410661, 746102 2410660, 746075.8 2410661, 746049.7 2410663, 746023.7 2410666, 745998 2410671, 745972.5 2410677, 745947.5 2410685, 745922.8 2410693, 745898.6 2410703, 745875 2410715, 745852 2410727, 745829.6 2410741, 745808.1 2410756, 745787.3 2410772, 745767.4 2410789, 745748.4 2410807, 745730.4 2410826, 745713.4 2410846, 745697.5 2410866, 745682.6 2410888, 745668.9 2410910, 745656.5 2410933, 745645.2 2410957, 745635.2 2410981, 745626.4 2411006, 745619 2411031, 745612.9 2411056, 745608.1 2411082, 745604.7 2411108, 745602.6 2411134, 745602 2411160, 745602.6 2411186, 745604.7 2411212, 745608.1 2411238, 745612.9 2411264, 745619 2411290, 745626.4 2411315, 745635.2 2411339, 745645.2 2411364, 745656.5 2411387, 745668.9 2411410, 745682.6 2411433, 745697.5 2411454, 745713.4 2411475, 745730.4 2411495, 745748.4 2411514, 745767.4 2411532, 745787.3 2411549, 745808.1 2411565, 745829.6 2411580, 745852 2411593, 745875 2411606, 745898.6 2411617, 745922.8 2411627, 745947.5 2411636, 745972.5 2411643, 745998 2411649, 746023.7 2411654, 746049.7 2411657, 746075.8 2411660, 746102 2411660, 746128.1 2411660, 746154.2 2411657, 746180.2 2411654, 746205.9 2411649, 746231.4 2411643, 746256.5 2411636, 746281.1 2411627, 746305.3 2411617, 746329 2411606, 746352 2411593, 746374.3 2411580, 746395.9 2411565, 746416.6 2411549, 746436.5 2411532, 746455.5 2411514, 746473.5 2411495, 746490.5 2411475, 746506.5 2411454, 746521.3 2411433, 746535 2411410, 746547.5 2411387, 746558.7 2411364, 746568.7 2411339, 746577.5 2411315, 746584.9 2411290, 746591 2411264, 746595.8 2411238, 746599.2 2411212, 746601.3 2411186, 746602 2411160))"
5,20260514,Forest,8258.682862023154,130.8393029610749,1.0638297872340425,0,Dai,NA,NA,1,0,0,6696,5.5751172404007026,38.91904154991738,859.1912841796875,14.308524131774902,222.91866195689937,67084.52453613281,88681.43463134766,0.5874964463191004,1,25,65268.587493896484,0.9729306117201705,15.939508192241192,2.3760335639937217e-4,1,0,-0.732321140574866,-0.6809594312931773,9.019020393996465,4.873969875241402,0.06187540371808745,"POLYGON ((673939.7 2395045, 673939 2395018, 673936.9 2394992, 673933.5 2394966, 673928.8 2394941, 673922.7 2394915, 673915.2 2394890, 673906.5 2394865, 673896.5 2394841, 673885.2 2394818, 673872.7 2394795, 673859 2394772, 673844.2 2394751, 673828.3 2394730, 673811.3 2394710, 673793.2 2394691, 673774.3 2394673, 673754.3 2394656, 673733.6 2394640, 673712 2394625, 673689.7 2394612, 673666.7 2394599, 673643.1 2394588, 673618.9 2394578, 673594.2 2394569, 673569.1 2394562, 673543.6 2394555, 673517.9 2394551, 673492 2394547, 673465.9 2394545, 673439.7 2394545, 673413.5 2394545, 673387.4 2394547, 673361.5 2394551, 673335.7 2394555, 673310.3 2394562, 673285.2 2394569, 673260.5 2394578, 673236.3 2394588, 673212.7 2394599, 673189.7 2394612, 673167.4 2394625, 673145.8 2394640, 673125 2394656, 673105.1 2394673, 673086.1 2394691, 673068.1 2394710, 673051.1 2394730, 673035.2 2394751, 673020.4 2394772, 673006.7 2394795, 672994.2 2394818, 672982.9 2394841, 672972.9 2394865, 672964.2 2394890, 672956.7 2394915, 672950.6 2394941, 672945.8 2394966, 672942.4 2394992, 672940.4 2395018, 672939.7 2395045, 672940.4 2395071, 672942.4 2395097, 672945.8 2395123, 672950.6 2395148, 672956.7 2395174, 672964.2 2395199, 672972.9 2395224, 672982.9 2395248, 672994.2 2395272, 673006.7 2395295, 673020.4 2395317, 673035.2 2395338, 673051.1 2395359, 673068.1 2395379, 673086.1 2395398, 673105.1 2395416, 673125 2395433, 673145.8 2395449, 673167.4 2395464, 673189.7 2395478, 673212.7 2395490, 673236.3 2395501, 673260.5 2395511, 673285.2 2395520, 673310.3 2395527, 673335.7 2395534, 673361.5 2395538, 673387.4 2395542, 673413.5 2395544, 673439.7 2395545, 673465.9 2395544, 673492 2395542, 673517.9 2395538, 673543.6 2395534, 673569.1 2395527, 673594.2 2395520, 673618.9 2395511, 673643.1 2395501, 673666.7 2395490, 673689.7 2395478, 673712 2395464, 673733.6 2395449, 673754.3 2395433, 673774.3 2395416, 673793.2 2395398, 673811.3 2395379, 673828.3 2395359, 673844.2 2395338, 673859 2395317, 673872.7 2395295, 673885.2 2395272, 673896.5 2395248, 673906.5 2395224, 673915.2 2395199, 673922.7 2395174, 673928.8 2395148, 673933.5 2395123, 673936.9 2395097, 673939 2395071, 673939.7 2395045))"
5,20260514,Forest,5300,11.357870574345577,3.2247191011235956,0,Dai,NA,NA,1,0,0,6820,244.06401343676168,360.63945202090963,746.449951171875,10.015289306640625,340.1160295265493,330114.66064453125,0,0.6663561508383598,1,39,73913.48876953125,0.22390247262941643,16554.05502319336,0.0501463794151779,1,0,0.9403833175223231,-0.34011647435211045,8.575462099540212,2.4299109462807524,1.1708458460274813,"POLYGON ((732972.8 2360133, 732972.1 2360107, 732970.1 2360081, 732966.7 2360055, 732961.9 2360029, 732955.8 2360004, 732948.4 2359979, 732939.6 2359954, 732929.6 2359930, 732918.3 2359906, 732905.8 2359883, 732892.2 2359861, 732877.3 2359839, 732861.4 2359819, 732844.4 2359799, 732826.4 2359780, 732807.4 2359762, 732787.5 2359745, 732766.7 2359729, 732745.2 2359714, 732722.8 2359700, 732699.8 2359688, 732676.2 2359676, 732652 2359666, 732627.3 2359658, 732602.2 2359650, 732576.8 2359644, 732551.1 2359639, 732525.1 2359636, 732499 2359634, 732472.8 2359633, 732446.7 2359634, 732420.6 2359636, 732394.6 2359639, 732368.9 2359644, 732343.4 2359650, 732318.3 2359658, 732293.6 2359666, 732269.5 2359676, 732245.8 2359688, 732222.8 2359700, 732200.5 2359714, 732178.9 2359729, 732158.2 2359745, 732138.3 2359762, 732119.3 2359780, 732101.3 2359799, 732084.3 2359819, 732068.3 2359839, 732053.5 2359861, 732039.8 2359883, 732027.3 2359906, 732016.1 2359930, 732006 2359954, 731997.3 2359979, 731989.9 2360004, 731983.8 2360029, 731979 2360055, 731975.6 2360081, 731973.5 2360107, 731972.8 2360133, 731973.5 2360159, 731975.6 2360185, 731979 2360211, 731983.8 2360237, 731989.9 2360263, 731997.3 2360288, 732006 2360312, 732016.1 2360337, 732027.3 2360360, 732039.8 2360383, 732053.5 2360405, 732068.3 2360427, 732084.3 2360448, 732101.3 2360468, 732119.3 2360487, 732138.3 2360505, 732158.2 2360522, 732178.9 2360538, 732200.5 2360552, 732222.8 2360566, 732245.8 2360579, 732269.5 2360590, 732293.6 2360600, 732318.3 2360609, 732343.4 2360616, 732368.9 2360622, 732394.6 2360627, 732420.6 2360630, 732446.7 2360632, 732472.8 2360633, 732499 2360632, 732525.1 2360630, 732551.1 2360627, 732576.8 2360622, 732602.2 2360616, 732627.3 2360609, 732652 2360600, 732676.2 2360590, 732699.8 2360579, 732722.8 2360566, 732745.2 2360552, 732766.7 2360538, 732787.5 2360522, 732807.4 2360505, 732826.4 2360487, 732844.4 2360468, 732861.4 2360448, 732877.3 2360427, 732892.2 2360405, 732905.8 2360383, 732918.3 2360360, 732929.6 2360337, 732939.6 2360312, 732948.4 2360288, 732955.8 2360263, 732961.9 2360237, 732966.7 2360211, 732970.1 2360185, 732972.1 2360159, 732972.8 2360133))"
5,20260514,Forest,4740.827023878858,28.393067437574942,2.9508196721311477,0,Dai,NA,NA,1,0,0,6835,70.22715220690465,107.11973509129336,1004.7225952148438,8.619525909423828,33.403002284801865,381813.9587402344,12600,0.38959757975075854,1,11,59798.020935058594,0.15661559659148538,6300,0.01650018249931554,1,0,0.8348190170614406,0.5505244851526316,8.463966877081248,3.346145011058112,1.0820829867168993,"POLYGON ((678579.9 2479279, 678579.2 2479252, 678577.2 2479226, 678573.8 2479200, 678569 2479175, 678562.9 2479149, 678555.4 2479124, 678546.7 2479099, 678536.7 2479075, 678525.4 2479052, 678512.9 2479029, 678499.2 2479006, 678484.4 2478985, 678468.5 2478964, 678451.5 2478944, 678433.5 2478925, 678414.5 2478907, 678394.6 2478890, 678373.8 2478874, 678352.2 2478859, 678329.9 2478846, 678306.9 2478833, 678283.3 2478822, 678259.1 2478812, 678234.4 2478803, 678209.3 2478796, 678183.9 2478790, 678158.1 2478785, 678132.2 2478781, 678106.1 2478779, 678079.9 2478779, 678053.7 2478779, 678027.6 2478781, 678001.7 2478785, 677976 2478790, 677950.5 2478796, 677925.4 2478803, 677900.7 2478812, 677876.5 2478822, 677852.9 2478833, 677829.9 2478846, 677807.6 2478859, 677786 2478874, 677765.3 2478890, 677745.3 2478907, 677726.4 2478925, 677708.3 2478944, 677691.3 2478964, 677675.4 2478985, 677660.6 2479006, 677646.9 2479029, 677634.4 2479052, 677623.1 2479075, 677613.1 2479099, 677604.4 2479124, 677596.9 2479149, 677590.8 2479175, 677586.1 2479200, 677582.7 2479226, 677580.6 2479252, 677579.9 2479279, 677580.6 2479305, 677582.7 2479331, 677586.1 2479357, 677590.8 2479383, 677596.9 2479408, 677604.4 2479433, 677613.1 2479458, 677623.1 2479482, 677634.4 2479506, 677646.9 2479529, 677660.6 2479551, 677675.4 2479573, 677691.3 2479593, 677708.3 2479613, 677726.4 2479632, 677745.3 2479650, 677765.3 2479667, 677786 2479683, 677807.6 2479698, 677829.9 2479712, 677852.9 2479724, 677876.5 2479735, 677900.7 2479745, 677925.4 2479754, 677950.5 2479762, 677976 2479768, 678001.7 2479772, 678027.6 2479776, 678053.7 2479778, 678079.9 2479779, 678106.1 2479778, 678132.2 2479776, 678158.1 2479772, 678183.9 2479768, 678209.3 2479762, 678234.4 2479754, 678259.1 2479745, 678283.3 2479735, 678306.9 2479724, 678329.9 2479712, 678352.2 2479698, 678373.8 2479683, 678394.6 2479667, 678414.5 2479650, 678433.5 2479632, 678451.5 2479613, 678468.5 2479593, 678484.4 2479573, 678499.2 2479551, 678512.9 2479529, 678525.4 2479506, 678536.7 2479482, 678546.7 2479458, 678555.4 2479433, 678562.9 2479408, 678569 2479383, 678573.8 2479357, 678577.2 2479331, 678579.2 2479305, 678579.9 2479279))"
5,20260514,Forest,7708.695652173914,237.2321719678974,3.3891168599464763,0,Dai,NA,NA,1,0,0,6837,238.58546373873216,687.9661441631263,1193.340087890625,0.5083207488059998,99.13195292269432,8100,5400,0.19856145569530095,1,37,0,0,8100,1,1,0,-0.15870870722322908,0.9873254510299688,8.95010427613315,5.46903929016875,1.2205693741627521,"POLYGON ((627595.4 2427654, 627594.8 2427628, 627592.7 2427601, 627589.3 2427575, 627584.5 2427550, 627578.4 2427524, 627571 2427499, 627562.2 2427474, 627552.2 2427450, 627540.9 2427427, 627528.5 2427404, 627514.8 2427381, 627500 2427360, 627484 2427339, 627467 2427319, 627449 2427300, 627430 2427282, 627410.1 2427265, 627389.3 2427249, 627367.8 2427234, 627345.4 2427221, 627322.4 2427208, 627298.8 2427197, 627274.6 2427187, 627250 2427178, 627224.9 2427171, 627199.4 2427165, 627173.7 2427160, 627147.7 2427156, 627121.6 2427154, 627095.4 2427154, 627069.3 2427154, 627043.2 2427156, 627017.2 2427160, 626991.5 2427165, 626966 2427171, 626940.9 2427178, 626916.3 2427187, 626892.1 2427197, 626868.4 2427208, 626845.4 2427221, 626823.1 2427234, 626801.6 2427249, 626780.8 2427265, 626760.9 2427282, 626741.9 2427300, 626723.9 2427319, 626706.9 2427339, 626690.9 2427360, 626676.1 2427381, 626662.4 2427404, 626649.9 2427427, 626638.7 2427450, 626628.7 2427474, 626619.9 2427499, 626612.5 2427524, 626606.4 2427550, 626601.6 2427575, 626598.2 2427601, 626596.1 2427628, 626595.4 2427654, 626596.1 2427680, 626598.2 2427706, 626601.6 2427732, 626606.4 2427758, 626612.5 2427783, 626619.9 2427808, 626628.7 2427833, 626638.7 2427857, 626649.9 2427881, 626662.4 2427904, 626676.1 2427926, 626690.9 2427948, 626706.9 2427968, 626723.9 2427988, 626741.9 2428007, 626760.9 2428025, 626780.8 2428042, 626801.6 2428058, 626823.1 2428073, 626845.4 2428087, 626868.4 2428099, 626892.1 2428110, 626916.3 2428120, 626940.9 2428129, 626966 2428137, 626991.5 2428143, 627017.2 2428148, 627043.2 2428151, 627069.3 2428153, 627095.4 2428154, 627121.6 2428153, 627147.7 2428151, 627173.7 2428148, 627199.4 2428143, 627224.9 2428137, 627250 2428129, 627274.6 2428120, 627298.8 2428110, 627322.4 2428099, 627345.4 2428087, 627367.8 2428073, 627389.3 2428058, 627410.1 2428042, 627430 2428025, 627449 2428007, 627467 2427988, 627484 2427968, 627500 2427948, 627514.8 2427926, 627528.5 2427904, 627540.9 2427881, 627552.2 2427857, 627562.2 2427833, 627571 2427808, 627578.4 2427783, 627584.5 2427758, 627589.3 2427732, 627592.7 2427706, 627594.8 2427680, 627595.4 2427654))"
5,20260514,Forest,6109.060402684564,16.49307014828121,2.182649842271293,0,Dai,NA,NA,1,0,0,6977,790.1914718550596,1229.1440453022926,908.82000732421875,8.433284759521484,223.16362251122808,783795.9045410156,0,0.05309544438147572,1,89,249565.75927734375,0.31840656200351974,160239.85290527344,0.20444078870137572,1,0,-0.7294031041830863,-0.6840841407371449,8.717528260092221,2.802940301672347,0.7805396626274846,"POLYGON ((717315.8 2477371, 717315.1 2477345, 717313.1 2477319, 717309.6 2477293, 717304.9 2477267, 717298.8 2477242, 717291.3 2477217, 717282.6 2477192, 717272.6 2477168, 717261.3 2477144, 717248.8 2477121, 717235.1 2477099, 717220.3 2477077, 717204.4 2477056, 717187.4 2477037, 717169.4 2477018, 717150.4 2477000, 717130.5 2476983, 717109.7 2476967, 717088.1 2476952, 717065.8 2476938, 717042.8 2476926, 717019.2 2476914, 716995 2476904, 716970.3 2476896, 716945.2 2476888, 716919.8 2476882, 716894 2476877, 716868.1 2476874, 716842 2476872, 716815.8 2476871, 716789.6 2476872, 716763.5 2476874, 716737.6 2476877, 716711.8 2476882, 716686.4 2476888, 716661.3 2476896, 716636.6 2476904, 716612.4 2476914, 716588.8 2476926, 716565.8 2476938, 716543.5 2476952, 716521.9 2476967, 716501.1 2476983, 716481.2 2477000, 716462.3 2477018, 716444.2 2477037, 716427.2 2477056, 716411.3 2477077, 716396.5 2477099, 716382.8 2477121, 716370.3 2477144, 716359 2477168, 716349 2477192, 716340.3 2477217, 716332.8 2477242, 716326.7 2477267, 716322 2477293, 716318.5 2477319, 716316.5 2477345, 716315.8 2477371, 716316.5 2477397, 716318.5 2477423, 716322 2477449, 716326.7 2477475, 716332.8 2477501, 716340.3 2477526, 716349 2477550, 716359 2477575, 716370.3 2477598, 716382.8 2477621, 716396.5 2477643, 716411.3 2477665, 716427.2 2477686, 716444.2 2477706, 716462.3 2477725, 716481.2 2477743, 716501.1 2477760, 716521.9 2477776, 716543.5 2477790, 716565.8 2477804, 716588.8 2477817, 716612.4 2477828, 716636.6 2477838, 716661.3 2477847, 716686.4 2477854, 716711.8 2477860, 716737.6 2477865, 716763.5 2477868, 716789.6 2477870, 716815.8 2477871, 716842 2477870, 716868.1 2477868, 716894 2477865, 716919.8 2477860, 716945.2 2477854, 716970.3 2477847, 716995 2477838, 717019.2 2477828, 717042.8 2477817, 717065.8 2477804, 717088.1 2477790, 717109.7 2477776, 717130.5 2477760, 717150.4 2477743, 717169.4 2477725, 717187.4 2477706, 717204.4 2477686, 717220.3 2477665, 717235.1 2477643, 717248.8 2477621, 717261.3 2477598, 717272.6 2477575, 717282.6 2477550, 717291.3 2477526, 717298.8 2477501, 717304.9 2477475, 717309.6 2477449, 717313.1 2477423, 717315.1 2477397, 717315.8 2477371))"
5,20260514,Forest,12077.571669477235,47.050868206321354,1.8036923076923077,0,Dai,NA,NA,1,0,0,6983,71.65028222011287,223.78711753881709,594.67059326171875,16.017026901245117,256.7533213063755,900,45344.79217529297,0.8169939917754154,1,48,900,1,0,0,1,0,-0.22914396594964367,-0.9733925430518093,9.39910543054279,3.851229318705374,0.5898358459470546,"POLYGON ((695951 2426559, 695950.3 2426533, 695948.2 2426507, 695944.8 2426481, 695940 2426455, 695933.9 2426430, 695926.5 2426405, 695917.7 2426380, 695907.7 2426356, 695896.5 2426332, 695884 2426309, 695870.3 2426287, 695855.5 2426265, 695839.5 2426245, 695822.5 2426225, 695804.5 2426206, 695785.5 2426188, 695765.6 2426171, 695744.8 2426155, 695723.3 2426140, 695701 2426126, 695678 2426114, 695654.3 2426102, 695630.1 2426092, 695605.5 2426084, 695580.4 2426076, 695554.9 2426070, 695529.2 2426065, 695503.2 2426062, 695477.1 2426060, 695451 2426059, 695424.8 2426060, 695398.7 2426062, 695372.7 2426065, 695347 2426070, 695321.5 2426076, 695296.4 2426084, 695271.8 2426092, 695247.6 2426102, 695224 2426114, 695201 2426126, 695178.6 2426140, 695157.1 2426155, 695136.3 2426171, 695116.4 2426188, 695097.4 2426206, 695079.4 2426225, 695062.4 2426245, 695046.4 2426265, 695031.6 2426287, 695017.9 2426309, 695005.5 2426332, 694994.2 2426356, 694984.2 2426380, 694975.4 2426405, 694968 2426430, 694961.9 2426455, 694957.1 2426481, 694953.7 2426507, 694951.6 2426533, 694951 2426559, 694951.6 2426585, 694953.7 2426612, 694957.1 2426637, 694961.9 2426663, 694968 2426689, 694975.4 2426714, 694984.2 2426738, 694994.2 2426763, 695005.5 2426786, 695017.9 2426809, 695031.6 2426832, 695046.4 2426853, 695062.4 2426874, 695079.4 2426894, 695097.4 2426913, 695116.4 2426931, 695136.3 2426948, 695157.1 2426964, 695178.6 2426979, 695201 2426992, 695224 2427005, 695247.6 2427016, 695271.8 2427026, 695296.4 2427035, 695321.5 2427042, 695347 2427048, 695372.7 2427053, 695398.7 2427056, 695424.8 2427059, 695451 2427059, 695477.1 2427059, 695503.2 2427056, 695529.2 2427053, 695554.9 2427048, 695580.4 2427042, 695605.5 2427035, 695630.1 2427026, 695654.3 2427016, 695678 2427005, 695701 2426992, 695723.3 2426979, 695744.8 2426964, 695765.6 2426948, 695785.5 2426931, 695804.5 2426913, 695822.5 2426894, 695839.5 2426874, 695855.5 2426853, 695870.3 2426832, 695884 2426809, 695896.5 2426786, 695907.7 2426763, 695917.7 2426738, 695926.5 2426714, 695933.9 2426689, 695940 2426663, 695944.8 2426637, 695948.2 2426612, 695950.3 2426585, 695951 2426559))"
5,20260514,Forest,9439.29173693086,188.16805012166466,1.9389686684073106,0,Dai,NA,NA,1,0,0,7072,1086.133445142859,1118.3577461371704,655.56640625,9.198336601257324,217.5385070631021,49515.6005859375,93233.16650390625,0.2316106319489188,1,23,48600,0.9815088461999281,0,0,1,0,-0.7929440277896351,-0.6092944844594856,9.152636228457322,5.237335447179777,0.6621562174952594,"POLYGON ((705537 2427205, 705536.3 2427179, 705534.2 2427153, 705530.8 2427127, 705526 2427101, 705519.9 2427076, 705512.5 2427051, 705503.8 2427026, 705493.7 2427002, 705482.5 2426978, 705470 2426955, 705456.3 2426933, 705441.5 2426911, 705425.5 2426891, 705408.5 2426871, 705390.5 2426852, 705371.5 2426834, 705351.6 2426817, 705330.9 2426801, 705309.3 2426786, 705287 2426772, 705264 2426760, 705240.3 2426748, 705216.1 2426738, 705191.5 2426730, 705166.4 2426722, 705140.9 2426716, 705115.2 2426711, 705089.2 2426708, 705063.1 2426706, 705037 2426705, 705010.8 2426706, 704984.7 2426708, 704958.7 2426711, 704933 2426716, 704907.6 2426722, 704882.5 2426730, 704857.8 2426738, 704833.6 2426748, 704810 2426760, 704787 2426772, 704764.6 2426786, 704743.1 2426801, 704722.3 2426817, 704702.4 2426834, 704683.4 2426852, 704665.4 2426871, 704648.4 2426891, 704632.5 2426911, 704617.6 2426933, 704603.9 2426955, 704591.5 2426978, 704580.2 2427002, 704570.2 2427026, 704561.4 2427051, 704554 2427076, 704547.9 2427101, 704543.1 2427127, 704539.7 2427153, 704537.6 2427179, 704537 2427205, 704537.6 2427231, 704539.7 2427257, 704543.1 2427283, 704547.9 2427309, 704554 2427335, 704561.4 2427360, 704570.2 2427384, 704580.2 2427409, 704591.5 2427432, 704603.9 2427455, 704617.6 2427478, 704632.5 2427499, 704648.4 2427520, 704665.4 2427540, 704683.4 2427559, 704702.4 2427577, 704722.3 2427594, 704743.1 2427610, 704764.6 2427625, 704787 2427638, 704810 2427651, 704833.6 2427662, 704857.8 2427672, 704882.5 2427681, 704907.6 2427688, 704933 2427694, 704958.7 2427699, 704984.7 2427702, 705010.8 2427705, 705037 2427705, 705063.1 2427705, 705089.2 2427702, 705115.2 2427699, 705140.9 2427694, 705166.4 2427688, 705191.5 2427681, 705216.1 2427672, 705240.3 2427662, 705264 2427651, 705287 2427638, 705309.3 2427625, 705330.9 2427610, 705351.6 2427594, 705371.5 2427577, 705390.5 2427559, 705408.5 2427540, 705425.5 2427520, 705441.5 2427499, 705456.3 2427478, 705470 2427455, 705482.5 2427432, 705493.7 2427409, 705503.8 2427384, 705512.5 2427360, 705519.9 2427335, 705526 2427309, 705530.8 2427283, 705534.2 2427257, 705536.3 2427231, 705537 2427205))"
5,20260514,Forest,5300,11.357870574345577,3.2247191011235956,0,Dai,NA,NA,1,0,0,7202,537.495843003841,540.1363817761113,782.3118896484375,16.25852394104004,27.436370830825926,15304.519844055176,36155.731201171875,0.06183821948303522,1,34,15300,0.9997046725999097,0,0,1,0,0.8875230757129478,0.46076326901895,8.575462099540212,2.4299109462807524,1.1708458460274813,"POLYGON ((735240.2 2359054, 735239.5 2359028, 735237.4 2359001, 735234 2358975, 735229.3 2358950, 735223.1 2358924, 735215.7 2358899, 735207 2358875, 735197 2358850, 735185.7 2358827, 735173.2 2358804, 735159.5 2358781, 735144.7 2358760, 735128.8 2358739, 735111.8 2358719, 735093.7 2358700, 735074.8 2358682, 735054.8 2358665, 735034.1 2358649, 735012.5 2358634, 734990.2 2358621, 734967.2 2358608, 734943.6 2358597, 734919.4 2358587, 734894.7 2358578, 734869.6 2358571, 734844.1 2358565, 734818.4 2358560, 734792.4 2358556, 734766.4 2358554, 734740.2 2358554, 734714 2358554, 734687.9 2358556, 734662 2358560, 734636.2 2358565, 734610.8 2358571, 734585.7 2358578, 734561 2358587, 734536.8 2358597, 734513.2 2358608, 734490.2 2358621, 734467.9 2358634, 734446.3 2358649, 734425.5 2358665, 734405.6 2358682, 734386.6 2358700, 734368.6 2358719, 734351.6 2358739, 734335.7 2358760, 734320.8 2358781, 734307.2 2358804, 734294.7 2358827, 734283.4 2358850, 734273.4 2358875, 734264.7 2358899, 734257.2 2358924, 734251.1 2358950, 734246.3 2358975, 734242.9 2359001, 734240.9 2359028, 734240.2 2359054, 734240.9 2359080, 734242.9 2359106, 734246.3 2359132, 734251.1 2359158, 734257.2 2359183, 734264.7 2359208, 734273.4 2359233, 734283.4 2359257, 734294.7 2359281, 734307.2 2359304, 734320.8 2359326, 734335.7 2359348, 734351.6 2359368, 734368.6 2359388, 734386.6 2359407, 734405.6 2359425, 734425.5 2359442, 734446.3 2359458, 734467.9 2359473, 734490.2 2359487, 734513.2 2359499, 734536.8 2359510, 734561 2359521, 734585.7 2359529, 734610.8 2359537, 734636.2 2359543, 734662 2359548, 734687.9 2359551, 734714 2359553, 734740.2 2359554, 734766.4 2359553, 734792.4 2359551, 734818.4 2359548, 734844.1 2359543, 734869.6 2359537, 734894.7 2359529, 734919.4 2359521, 734943.6 2359510, 734967.2 2359499, 734990.2 2359487, 735012.5 2359473, 735034.1 2359458, 735054.8 2359442, 735074.8 2359425, 735093.7 2359407, 735111.8 2359388, 735128.8 2359368, 735144.7 2359348, 735159.5 2359326, 735173.2 2359304, 735185.7 2359281, 735197 2359257, 735207 2359233, 735215.7 2359208, 735223.1 2359183, 735229.3 2359158, 735234 2359132, 735237.4 2359106, 735239.5 2359080, 735240.2 2359054))"
5,20260514,Forest,3364.0069889341876,13.660357418805527,4.024451939291737,0,Dai,NA,NA,1,0,0,7245,604.313498805027,972.7269332895263,975.62249755859375,7.801941394805908,153.4022631720931,399413.0126953125,3449.1448402404785,0.06652244520023289,1,71,0,0,58105.1513671875,0.14547636035962686,1,0,-0.8941719225382796,0.44772376857186946,8.120888098657323,2.614498019159453,1.3923887374482258,"POLYGON ((678640.6 2478078, 678640 2478052, 678637.9 2478026, 678634.5 2478000, 678629.7 2477975, 678623.6 2477949, 678616.2 2477924, 678607.4 2477899, 678597.4 2477875, 678586.1 2477851, 678573.7 2477828, 678560 2477806, 678545.1 2477785, 678529.2 2477764, 678512.2 2477744, 678494.2 2477725, 678475.2 2477707, 678455.3 2477690, 678434.5 2477674, 678413 2477659, 678390.6 2477645, 678367.6 2477633, 678344 2477622, 678319.8 2477612, 678295.1 2477603, 678270.1 2477596, 678244.6 2477589, 678218.9 2477585, 678192.9 2477581, 678166.8 2477579, 678140.6 2477578, 678114.5 2477579, 678088.4 2477581, 678062.4 2477585, 678036.7 2477589, 678011.2 2477596, 677986.1 2477603, 677961.5 2477612, 677937.3 2477622, 677913.6 2477633, 677890.6 2477645, 677868.3 2477659, 677846.7 2477674, 677826 2477690, 677806.1 2477707, 677787.1 2477725, 677769.1 2477744, 677752.1 2477764, 677736.1 2477785, 677721.3 2477806, 677707.6 2477828, 677695.1 2477851, 677683.9 2477875, 677673.9 2477899, 677665.1 2477924, 677657.7 2477949, 677651.6 2477975, 677646.8 2478000, 677643.4 2478026, 677641.3 2478052, 677640.6 2478078, 677641.3 2478105, 677643.4 2478131, 677646.8 2478157, 677651.6 2478182, 677657.7 2478208, 677665.1 2478233, 677673.9 2478258, 677683.9 2478282, 677695.1 2478305, 677707.6 2478328, 677721.3 2478351, 677736.1 2478372, 677752.1 2478393, 677769.1 2478413, 677787.1 2478432, 677806.1 2478450, 677826 2478467, 677846.7 2478483, 677868.3 2478498, 677890.6 2478511, 677913.6 2478524, 677937.3 2478535, 677961.5 2478545, 677986.1 2478554, 678011.2 2478561, 678036.7 2478568, 678062.4 2478572, 678088.4 2478576, 678114.5 2478578, 678140.6 2478578, 678166.8 2478578, 678192.9 2478576, 678218.9 2478572, 678244.6 2478568, 678270.1 2478561, 678295.1 2478554, 678319.8 2478545, 678344 2478535, 678367.6 2478524, 678390.6 2478511, 678413 2478498, 678434.5 2478483, 678455.3 2478467, 678475.2 2478450, 678494.2 2478432, 678512.2 2478413, 678529.2 2478393, 678545.1 2478372, 678560 2478351, 678573.7 2478328, 678586.1 2478305, 678597.4 2478282, 678607.4 2478258, 678616.2 2478233, 678623.6 2478208, 678629.7 2478182, 678634.5 2478157, 678637.9 2478131, 678640 2478105, 678640.6 2478078))"
5,20260514,Forest,5300,11.357870574345577,3.2247191011235956,0,Dai,NA,NA,1,0,0,7338,81.2149313103254,819.9302196275586,719.725830078125,14.253177642822266,133.38684783237673,16159.954833984375,14801.308250427246,0.246214092272761,1,74,6117.373752593994,0.378551414000809,3498.891019821167,0.21651613855151386,1,0,-0.686920708484241,0.7267323718230174,8.575462099540212,2.4299109462807524,1.1708458460274813,"POLYGON ((735996.4 2360163, 735995.7 2360137, 735993.7 2360110, 735990.3 2360085, 735985.5 2360059, 735979.4 2360033, 735972 2360008, 735963.2 2359984, 735953.2 2359959, 735941.9 2359936, 735929.4 2359913, 735915.8 2359890, 735900.9 2359869, 735885 2359848, 735868 2359828, 735850 2359809, 735831 2359791, 735811.1 2359774, 735790.3 2359758, 735768.7 2359743, 735746.4 2359730, 735723.4 2359717, 735699.8 2359706, 735675.6 2359696, 735650.9 2359687, 735625.8 2359680, 735600.4 2359674, 735574.6 2359669, 735548.7 2359665, 735522.6 2359663, 735496.4 2359663, 735470.3 2359663, 735444.2 2359665, 735418.2 2359669, 735392.5 2359674, 735367 2359680, 735341.9 2359687, 735317.2 2359696, 735293.1 2359706, 735269.4 2359717, 735246.4 2359730, 735224.1 2359743, 735202.5 2359758, 735181.8 2359774, 735161.9 2359791, 735142.9 2359809, 735124.9 2359828, 735107.9 2359848, 735091.9 2359869, 735077.1 2359890, 735063.4 2359913, 735050.9 2359936, 735039.7 2359959, 735029.6 2359984, 735020.9 2360008, 735013.5 2360033, 735007.4 2360059, 735002.6 2360085, 734999.2 2360110, 734997.1 2360137, 734996.4 2360163, 734997.1 2360189, 734999.2 2360215, 735002.6 2360241, 735007.4 2360267, 735013.5 2360292, 735020.9 2360317, 735029.6 2360342, 735039.7 2360366, 735050.9 2360390, 735063.4 2360413, 735077.1 2360435, 735091.9 2360457, 735107.9 2360477, 735124.9 2360497, 735142.9 2360516, 735161.9 2360534, 735181.8 2360551, 735202.5 2360567, 735224.1 2360582, 735246.4 2360596, 735269.4 2360608, 735293.1 2360620, 735317.2 2360630, 735341.9 2360638, 735367 2360646, 735392.5 2360652, 735418.2 2360657, 735444.2 2360660, 735470.3 2360662, 735496.4 2360663, 735522.6 2360662, 735548.7 2360660, 735574.6 2360657, 735600.4 2360652, 735625.8 2360646, 735650.9 2360638, 735675.6 2360630, 735699.8 2360620, 735723.4 2360608, 735746.4 2360596, 735768.7 2360582, 735790.3 2360567, 735811.1 2360551, 735831 2360534, 735850 2360516, 735868 2360497, 735885 2360477, 735900.9 2360457, 735915.8 2360435, 735929.4 2360413, 735941.9 2360390, 735953.2 2360366, 735963.2 2360342, 735972 2360317, 735979.4 2360292, 735985.5 2360267, 735990.3 2360241, 735993.7 2360215, 735995.7 2360189, 735996.4 2360163))"
5,20260514,Forest,9620.300751879699,41.51503560607066,0.2980101804720037,1,Hani,土葬,无,0,1,0,87,479.79053989681483,1660.103547396882,699.64697265625,11.487675666809082,85.02310062132375,163712.38403320312,11849.044132232666,0.21820403203399147,1,1,65341.502380371094,0.399123760650379,0,0,0,1,0.0867540880022136,0.9962297567403335,9.171630806360227,3.726055665381232,-1.2106276304025323,"POLYGON ((698143.8 2406922, 698143.1 2406896, 698141 2406870, 698137.6 2406844, 698132.9 2406818, 698126.7 2406792, 698119.3 2406767, 698110.6 2406743, 698100.5 2406719, 698089.3 2406695, 698076.8 2406672, 698063.1 2406650, 698048.3 2406628, 698032.3 2406607, 698015.3 2406587, 697997.3 2406568, 697978.3 2406550, 697958.4 2406533, 697937.7 2406517, 697916.1 2406503, 697893.8 2406489, 697870.8 2406476, 697847.1 2406465, 697823 2406455, 697798.3 2406446, 697773.2 2406439, 697747.7 2406433, 697722 2406428, 697696 2406425, 697669.9 2406423, 697643.8 2406422, 697617.6 2406423, 697591.5 2406425, 697565.6 2406428, 697539.8 2406433, 697514.4 2406439, 697489.3 2406446, 697464.6 2406455, 697440.4 2406465, 697416.8 2406476, 697393.8 2406489, 697371.5 2406503, 697349.9 2406517, 697329.1 2406533, 697309.2 2406550, 697290.2 2406568, 697272.2 2406587, 697255.2 2406607, 697239.3 2406628, 697224.4 2406650, 697210.8 2406672, 697198.3 2406695, 697187 2406719, 697177 2406743, 697168.2 2406767, 697160.8 2406792, 697154.7 2406818, 697149.9 2406844, 697146.5 2406870, 697144.5 2406896, 697143.8 2406922, 697144.5 2406948, 697146.5 2406974, 697149.9 2407000, 697154.7 2407026, 697160.8 2407051, 697168.2 2407076, 697177 2407101, 697187 2407125, 697198.3 2407149, 697210.8 2407172, 697224.4 2407194, 697239.3 2407216, 697255.2 2407237, 697272.2 2407256, 697290.2 2407275, 697309.2 2407293, 697329.1 2407310, 697349.9 2407326, 697371.5 2407341, 697393.8 2407355, 697416.8 2407367, 697440.4 2407379, 697464.6 2407389, 697489.3 2407397, 697514.4 2407405, 697539.8 2407411, 697565.6 2407416, 697591.5 2407419, 697617.6 2407421, 697643.8 2407422, 697669.9 2407421, 697696 2407419, 697722 2407416, 697747.7 2407411, 697773.2 2407405, 697798.3 2407397, 697823 2407389, 697847.1 2407379, 697870.8 2407367, 697893.8 2407355, 697916.1 2407341, 697937.7 2407326, 697958.4 2407310, 697978.3 2407293, 697997.3 2407275, 698015.3 2407256, 698032.3 2407237, 698048.3 2407216, 698063.1 2407194, 698076.8 2407172, 698089.3 2407149, 698100.5 2407125, 698110.6 2407101, 698119.3 2407076, 698126.7 2407051, 698132.9 2407026, 698137.6 2407000, 698141 2406974, 698143.1 2406948, 698143.8 2406922))"
5,20260514,Forest,9725.563909774435,35.4184866616443,0.38167655786350146,1,Hani,土葬,无,0,1,0,89,3152.392075263879,1010.0772659774426,662.83538818359375,8.65718936920166,153.46382659054325,57600,170076.33819580078,0.1962413151190966,1,2,57600,1,0,0,0,1,-0.8946524784603728,0.446762736566863,9.182513152386466,3.5672339059095797,-0.9631817361981481,"POLYGON ((695721.2 2416028, 695720.5 2416002, 695718.5 2415976, 695715.1 2415950, 695710.3 2415925, 695704.2 2415899, 695696.7 2415874, 695688 2415849, 695678 2415825, 695666.7 2415802, 695654.2 2415778, 695640.5 2415756, 695625.7 2415735, 695609.8 2415714, 695592.8 2415694, 695574.8 2415675, 695555.8 2415657, 695535.9 2415640, 695515.1 2415624, 695493.5 2415609, 695471.2 2415595, 695448.2 2415583, 695424.6 2415572, 695400.4 2415562, 695375.7 2415553, 695350.6 2415546, 695325.2 2415539, 695299.4 2415535, 695273.5 2415531, 695247.4 2415529, 695221.2 2415528, 695195 2415529, 695168.9 2415531, 695143 2415535, 695117.3 2415539, 695091.8 2415546, 695066.7 2415553, 695042 2415562, 695017.8 2415572, 694994.2 2415583, 694971.2 2415595, 694948.9 2415609, 694927.3 2415624, 694906.5 2415640, 694886.6 2415657, 694867.7 2415675, 694849.6 2415694, 694832.6 2415714, 694816.7 2415735, 694801.9 2415756, 694788.2 2415778, 694775.7 2415802, 694764.4 2415825, 694754.4 2415849, 694745.7 2415874, 694738.2 2415899, 694732.1 2415925, 694727.4 2415950, 694723.9 2415976, 694721.9 2416002, 694721.2 2416028, 694721.9 2416055, 694723.9 2416081, 694727.4 2416107, 694732.1 2416132, 694738.2 2416158, 694745.7 2416183, 694754.4 2416208, 694764.4 2416232, 694775.7 2416255, 694788.2 2416278, 694801.9 2416301, 694816.7 2416322, 694832.6 2416343, 694849.6 2416363, 694867.7 2416382, 694886.6 2416400, 694906.5 2416417, 694927.3 2416433, 694948.9 2416448, 694971.2 2416462, 694994.2 2416474, 695017.8 2416485, 695042 2416495, 695066.7 2416504, 695091.8 2416511, 695117.3 2416518, 695143 2416522, 695168.9 2416526, 695195 2416528, 695221.2 2416528, 695247.4 2416528, 695273.5 2416526, 695299.4 2416522, 695325.2 2416518, 695350.6 2416511, 695375.7 2416504, 695400.4 2416495, 695424.6 2416485, 695448.2 2416474, 695471.2 2416462, 695493.5 2416448, 695515.1 2416433, 695535.9 2416417, 695555.8 2416400, 695574.8 2416382, 695592.8 2416363, 695609.8 2416343, 695625.7 2416322, 695640.5 2416301, 695654.2 2416278, 695666.7 2416255, 695678 2416232, 695688 2416208, 695696.7 2416183, 695704.2 2416158, 695710.3 2416132, 695715.1 2416107, 695718.5 2416081, 695720.5 2416055, 695721.2 2416028))"
5,20260514,Forest,9725.563909774435,35.4184866616443,0.38167655786350146,1,Hani,土葬,无,0,1,0,90,3690.9097992038473,1019.1319988154358,609.893798828125,6.272632598876953,122.16868917403956,174128.82385253906,28200.65288543701,0.261953811630587,1,3,34956.01387023926,0.20074800424679687,0,0,0,1,-0.5324137714187529,0.846484244391861,9.182513152386466,3.5672339059095797,-0.9631817361981481,"POLYGON ((695433.3 2414842, 695432.6 2414816, 695430.6 2414790, 695427.2 2414764, 695422.4 2414738, 695416.3 2414712, 695408.9 2414687, 695400.1 2414663, 695390.1 2414638, 695378.8 2414615, 695366.3 2414592, 695352.7 2414569, 695337.8 2414548, 695321.9 2414527, 695304.9 2414507, 695286.9 2414488, 695267.9 2414470, 695248 2414453, 695227.2 2414437, 695205.6 2414422, 695183.3 2414409, 695160.3 2414396, 695136.7 2414385, 695112.5 2414375, 695087.8 2414366, 695062.7 2414359, 695037.3 2414353, 695011.5 2414348, 694985.6 2414345, 694959.5 2414343, 694933.3 2414342, 694907.2 2414343, 694881.1 2414345, 694855.1 2414348, 694829.4 2414353, 694803.9 2414359, 694778.8 2414366, 694754.1 2414375, 694730 2414385, 694706.3 2414396, 694683.3 2414409, 694661 2414422, 694639.4 2414437, 694618.7 2414453, 694598.8 2414470, 694579.8 2414488, 694561.8 2414507, 694544.8 2414527, 694528.8 2414548, 694514 2414569, 694500.3 2414592, 694487.8 2414615, 694476.6 2414638, 694466.5 2414663, 694457.8 2414687, 694450.4 2414712, 694444.3 2414738, 694439.5 2414764, 694436.1 2414790, 694434 2414816, 694433.3 2414842, 694434 2414868, 694436.1 2414894, 694439.5 2414920, 694444.3 2414946, 694450.4 2414971, 694457.8 2414996, 694466.5 2415021, 694476.6 2415045, 694487.8 2415069, 694500.3 2415092, 694514 2415114, 694528.8 2415136, 694544.8 2415156, 694561.8 2415176, 694579.8 2415195, 694598.8 2415213, 694618.7 2415230, 694639.4 2415246, 694661 2415261, 694683.3 2415275, 694706.3 2415287, 694730 2415299, 694754.1 2415309, 694778.8 2415317, 694803.9 2415325, 694829.4 2415331, 694855.1 2415336, 694881.1 2415339, 694907.2 2415341, 694933.3 2415342, 694959.5 2415341, 694985.6 2415339, 695011.5 2415336, 695037.3 2415331, 695062.7 2415325, 695087.8 2415317, 695112.5 2415309, 695136.7 2415299, 695160.3 2415287, 695183.3 2415275, 695205.6 2415261, 695227.2 2415246, 695248 2415230, 695267.9 2415213, 695286.9 2415195, 695304.9 2415176, 695321.9 2415156, 695337.8 2415136, 695352.7 2415114, 695366.3 2415092, 695378.8 2415069, 695390.1 2415045, 695400.1 2415021, 695408.9 2414996, 695416.3 2414971, 695422.4 2414946, 695427.2 2414920, 695430.6 2414894, 695432.6 2414868, 695433.3 2414842))"
5,20260514,Forest,4472,80.2233765191585,1.6158910329171396,1,Hani,土葬,无,0,1,0,128,987.624251648906,2078.422306483125,657.32745361328125,10.943253517150879,28.400615064930825,230594.9249267578,93823.28338623047,0.13526691197943394,1,4,36710.71243286133,0.1592000016675193,1800,0.007805895990866759,0,1,0.8796434670337306,0.47563365198950963,8.405591014834934,4.384814950196063,0.4798865276998581,"POLYGON ((730772.9 2424739, 730772.2 2424712, 730770.1 2424686, 730766.7 2424660, 730761.9 2424635, 730755.8 2424609, 730748.4 2424584, 730739.6 2424559, 730729.6 2424535, 730718.4 2424512, 730705.9 2424489, 730692.2 2424466, 730677.4 2424445, 730661.4 2424424, 730644.4 2424404, 730626.4 2424385, 730607.4 2424367, 730587.5 2424350, 730566.7 2424334, 730545.2 2424319, 730522.9 2424306, 730499.8 2424293, 730476.2 2424282, 730452 2424272, 730427.4 2424263, 730402.3 2424256, 730376.8 2424249, 730351.1 2424245, 730325.1 2424241, 730299 2424239, 730272.9 2424239, 730246.7 2424239, 730220.6 2424241, 730194.6 2424245, 730168.9 2424249, 730143.4 2424256, 730118.3 2424263, 730093.7 2424272, 730069.5 2424282, 730045.9 2424293, 730022.9 2424306, 730000.5 2424319, 729979 2424334, 729958.2 2424350, 729938.3 2424367, 729919.3 2424385, 729901.3 2424404, 729884.3 2424424, 729868.3 2424445, 729853.5 2424466, 729839.8 2424489, 729827.3 2424512, 729816.1 2424535, 729806.1 2424559, 729797.3 2424584, 729789.9 2424609, 729783.8 2424635, 729779 2424660, 729775.6 2424686, 729773.5 2424712, 729772.9 2424739, 729773.5 2424765, 729775.6 2424791, 729779 2424817, 729783.8 2424843, 729789.9 2424868, 729797.3 2424893, 729806.1 2424918, 729816.1 2424942, 729827.3 2424966, 729839.8 2424989, 729853.5 2425011, 729868.3 2425032, 729884.3 2425053, 729901.3 2425073, 729919.3 2425092, 729938.3 2425110, 729958.2 2425127, 729979 2425143, 730000.5 2425158, 730022.9 2425172, 730045.9 2425184, 730069.5 2425195, 730093.7 2425205, 730118.3 2425214, 730143.4 2425222, 730168.9 2425228, 730194.6 2425232, 730220.6 2425236, 730246.7 2425238, 730272.9 2425239, 730299 2425238, 730325.1 2425236, 730351.1 2425232, 730376.8 2425228, 730402.3 2425222, 730427.4 2425214, 730452 2425205, 730476.2 2425195, 730499.8 2425184, 730522.9 2425172, 730545.2 2425158, 730566.7 2425143, 730587.5 2425127, 730607.4 2425110, 730626.4 2425092, 730644.4 2425073, 730661.4 2425053, 730677.4 2425032, 730692.2 2425011, 730705.9 2424989, 730718.4 2424966, 730729.6 2424942, 730739.6 2424918, 730748.4 2424893, 730755.8 2424868, 730761.9 2424843, 730766.7 2424817, 730770.1 2424791, 730772.2 2424765, 730772.9 2424739))"
5,20260514,Forest,4515,22.149829986848378,1.7557289127254998,1,Hani,土葬,无,0,1,0,129,332.45313855117195,772.7447179641796,1065.134033203125,17.14580726623535,123.9624987857196,785039.3371582031,0,0.10064517601141587,1,5,187495.36743164062,0.23883563352425496,0,0,0,1,-0.5586501623391503,0.829403397701288,8.415160465851086,3.0978298209243684,0.5628841055764946,"POLYGON ((726878 2418981, 726877.3 2418955, 726875.2 2418928, 726871.8 2418903, 726867 2418877, 726860.9 2418851, 726853.5 2418826, 726844.8 2418802, 726834.7 2418777, 726823.5 2418754, 726811 2418731, 726797.3 2418708, 726782.5 2418687, 726766.5 2418666, 726749.5 2418646, 726731.5 2418627, 726712.5 2418609, 726692.6 2418592, 726671.9 2418576, 726650.3 2418561, 726628 2418548, 726605 2418535, 726581.3 2418524, 726557.1 2418514, 726532.5 2418505, 726507.4 2418498, 726481.9 2418492, 726456.2 2418487, 726430.2 2418483, 726404.1 2418481, 726378 2418481, 726351.8 2418481, 726325.7 2418483, 726299.7 2418487, 726274 2418492, 726248.6 2418498, 726223.5 2418505, 726198.8 2418514, 726174.6 2418524, 726151 2418535, 726128 2418548, 726105.6 2418561, 726084.1 2418576, 726063.3 2418592, 726043.4 2418609, 726024.4 2418627, 726006.4 2418646, 725989.4 2418666, 725973.5 2418687, 725958.6 2418708, 725945 2418731, 725932.5 2418754, 725921.2 2418777, 725911.2 2418802, 725902.4 2418826, 725895 2418851, 725888.9 2418877, 725884.1 2418903, 725880.7 2418928, 725878.7 2418955, 725878 2418981, 725878.7 2419007, 725880.7 2419033, 725884.1 2419059, 725888.9 2419085, 725895 2419110, 725902.4 2419135, 725911.2 2419160, 725921.2 2419184, 725932.5 2419208, 725945 2419231, 725958.6 2419253, 725973.5 2419275, 725989.4 2419295, 726006.4 2419315, 726024.4 2419334, 726043.4 2419352, 726063.3 2419369, 726084.1 2419385, 726105.6 2419400, 726128 2419414, 726151 2419426, 726174.6 2419438, 726198.8 2419448, 726223.5 2419456, 726248.6 2419464, 726274 2419470, 726299.7 2419475, 726325.7 2419478, 726351.8 2419480, 726378 2419481, 726404.1 2419480, 726430.2 2419478, 726456.2 2419475, 726481.9 2419470, 726507.4 2419464, 726532.5 2419456, 726557.1 2419448, 726581.3 2419438, 726605 2419426, 726628 2419414, 726650.3 2419400, 726671.9 2419385, 726692.6 2419369, 726712.5 2419352, 726731.5 2419334, 726749.5 2419315, 726766.5 2419295, 726782.5 2419275, 726797.3 2419253, 726811 2419231, 726823.5 2419208, 726834.7 2419184, 726844.8 2419160, 726853.5 2419135, 726860.9 2419110, 726867 2419085, 726871.8 2419059, 726875.2 2419033, 726877.3 2419007, 726878 2418981))"
5,20260514,Forest,4515,22.149829986848378,1.7557289127254998,1,Hani,土葬,无,0,1,0,131,832.4325479765031,2305.8392331298664,592.0430908203125,16.08424949645996,186.37393610745212,457288.9892578125,240485.6414794922,0.05845832184899315,1,6,388300.5889892578,0.8491361001704327,27079.80194091797,0.059218136839176753,0,1,-0.9938185236361662,-0.11101685492586746,8.415160465851086,3.0978298209243684,0.5628841055764946,"POLYGON ((733673.7 2417764, 733673 2417737, 733670.9 2417711, 733667.5 2417685, 733662.7 2417660, 733656.6 2417634, 733649.2 2417609, 733640.5 2417584, 733630.4 2417560, 733619.2 2417537, 733606.7 2417514, 733593 2417491, 733578.2 2417470, 733562.2 2417449, 733545.2 2417429, 733527.2 2417410, 733508.2 2417392, 733488.3 2417375, 733467.6 2417359, 733446 2417344, 733423.7 2417331, 733400.7 2417318, 733377 2417307, 733352.8 2417297, 733328.2 2417288, 733303.1 2417281, 733277.6 2417275, 733251.9 2417270, 733225.9 2417266, 733199.8 2417264, 733173.7 2417264, 733147.5 2417264, 733121.4 2417266, 733095.4 2417270, 733069.7 2417275, 733044.3 2417281, 733019.2 2417288, 732994.5 2417297, 732970.3 2417307, 732946.7 2417318, 732923.7 2417331, 732901.3 2417344, 732879.8 2417359, 732859 2417375, 732839.1 2417392, 732820.1 2417410, 732802.1 2417429, 732785.1 2417449, 732769.2 2417470, 732754.3 2417491, 732740.6 2417514, 732728.2 2417537, 732716.9 2417560, 732706.9 2417584, 732698.1 2417609, 732690.7 2417634, 732684.6 2417660, 732679.8 2417685, 732676.4 2417711, 732674.3 2417737, 732673.7 2417764, 732674.3 2417790, 732676.4 2417816, 732679.8 2417842, 732684.6 2417868, 732690.7 2417893, 732698.1 2417918, 732706.9 2417943, 732716.9 2417967, 732728.2 2417991, 732740.6 2418014, 732754.3 2418036, 732769.2 2418057, 732785.1 2418078, 732802.1 2418098, 732820.1 2418117, 732839.1 2418135, 732859 2418152, 732879.8 2418168, 732901.3 2418183, 732923.7 2418197, 732946.7 2418209, 732970.3 2418220, 732994.5 2418230, 733019.2 2418239, 733044.3 2418247, 733069.7 2418253, 733095.4 2418257, 733121.4 2418261, 733147.5 2418263, 733173.7 2418264, 733199.8 2418263, 733225.9 2418261, 733251.9 2418257, 733277.6 2418253, 733303.1 2418247, 733328.2 2418239, 733352.8 2418230, 733377 2418220, 733400.7 2418209, 733423.7 2418197, 733446 2418183, 733467.6 2418168, 733488.3 2418152, 733508.2 2418135, 733527.2 2418117, 733545.2 2418098, 733562.2 2418078, 733578.2 2418057, 733593 2418036, 733606.7 2418014, 733619.2 2417991, 733630.4 2417967, 733640.5 2417943, 733649.2 2417918, 733656.6 2417893, 733662.7 2417868, 733667.5 2417842, 733670.9 2417816, 733673 2417790, 733673.7 2417764))"
5,20260514,Forest,4515,22.149829986848378,1.7557289127254998,1,Hani,土葬,无,0,1,0,145,1002.4716057664187,1466.8441590562675,657.946044921875,16.355682373046875,111.9838264919412,37800,450492.5994873047,0.08737269504042638,1,8,2700,0.07142857142857142,0,0,0,1,-0.3743448521393231,0.9272895619367169,8.415160465851086,3.0978298209243684,0.5628841055764946,"POLYGON ((734413.1 2420396, 734412.4 2420370, 734410.3 2420344, 734406.9 2420318, 734402.1 2420292, 734396 2420267, 734388.6 2420242, 734379.8 2420217, 734369.8 2420193, 734358.6 2420169, 734346.1 2420146, 734332.4 2420124, 734317.6 2420102, 734301.6 2420082, 734284.6 2420062, 734266.6 2420043, 734247.6 2420025, 734227.7 2420008, 734206.9 2419992, 734185.4 2419977, 734163.1 2419963, 734140.1 2419951, 734116.4 2419940, 734092.2 2419930, 734067.6 2419921, 734042.5 2419913, 734017 2419907, 733991.3 2419903, 733965.3 2419899, 733939.2 2419897, 733913.1 2419896, 733886.9 2419897, 733860.8 2419899, 733834.8 2419903, 733809.1 2419907, 733783.6 2419913, 733758.5 2419921, 733733.9 2419930, 733709.7 2419940, 733686.1 2419951, 733663.1 2419963, 733640.7 2419977, 733619.2 2419992, 733598.4 2420008, 733578.5 2420025, 733559.5 2420043, 733541.5 2420062, 733524.5 2420082, 733508.5 2420102, 733493.7 2420124, 733480 2420146, 733467.6 2420169, 733456.3 2420193, 733446.3 2420217, 733437.5 2420242, 733430.1 2420267, 733424 2420292, 733419.2 2420318, 733415.8 2420344, 733413.7 2420370, 733413.1 2420396, 733413.7 2420423, 733415.8 2420449, 733419.2 2420475, 733424 2420500, 733430.1 2420526, 733437.5 2420551, 733446.3 2420576, 733456.3 2420600, 733467.6 2420623, 733480 2420646, 733493.7 2420669, 733508.5 2420690, 733524.5 2420711, 733541.5 2420731, 733559.5 2420750, 733578.5 2420768, 733598.4 2420785, 733619.2 2420801, 733640.7 2420816, 733663.1 2420829, 733686.1 2420842, 733709.7 2420853, 733733.9 2420863, 733758.5 2420872, 733783.6 2420879, 733809.1 2420885, 733834.8 2420890, 733860.8 2420894, 733886.9 2420896, 733913.1 2420896, 733939.2 2420896, 733965.3 2420894, 733991.3 2420890, 734017 2420885, 734042.5 2420879, 734067.6 2420872, 734092.2 2420863, 734116.4 2420853, 734140.1 2420842, 734163.1 2420829, 734185.4 2420816, 734206.9 2420801, 734227.7 2420785, 734247.6 2420768, 734266.6 2420750, 734284.6 2420731, 734301.6 2420711, 734317.6 2420690, 734332.4 2420669, 734346.1 2420646, 734358.6 2420623, 734369.8 2420600, 734379.8 2420576, 734388.6 2420551, 734396 2420526, 734402.1 2420500, 734406.9 2420475, 734410.3 2420449, 734412.4 2420423, 734413.1 2420396))"
5,20260514,Forest,4241,9.072886586485563,1.3878819264629725,1,Hani,土葬,无,0,1,0,179,286.48375409382606,360.94990183235063,1256.0445556640625,14.775547981262207,180.6027225451726,785039.3371582031,0,0.1458321760028333,1,10,183577.4642944336,0.23384492420338243,9516.09992980957,0.012121812856228709,0,1,-0.9999446706449069,-0.010519298876293978,8.352554369474591,2.2052904699975566,0.32777879107638785,"POLYGON ((734813.8 2413828, 734813.1 2413802, 734811.1 2413776, 734807.6 2413750, 734802.9 2413724, 734796.8 2413699, 734789.3 2413674, 734780.6 2413649, 734770.6 2413625, 734759.3 2413601, 734746.8 2413578, 734733.1 2413556, 734718.3 2413534, 734702.4 2413514, 734685.4 2413494, 734667.3 2413475, 734648.4 2413457, 734628.5 2413440, 734607.7 2413424, 734586.1 2413409, 734563.8 2413395, 734540.8 2413383, 734517.2 2413372, 734493 2413362, 734468.3 2413353, 734443.2 2413345, 734417.7 2413339, 734392 2413335, 734366.1 2413331, 734340 2413329, 734313.8 2413328, 734287.6 2413329, 734261.5 2413331, 734235.6 2413335, 734209.8 2413339, 734184.4 2413345, 734159.3 2413353, 734134.6 2413362, 734110.4 2413372, 734086.8 2413383, 734063.8 2413395, 734041.5 2413409, 734019.9 2413424, 733999.1 2413440, 733979.2 2413457, 733960.2 2413475, 733942.2 2413494, 733925.2 2413514, 733909.3 2413534, 733894.5 2413556, 733880.8 2413578, 733868.3 2413601, 733857 2413625, 733847 2413649, 733838.3 2413674, 733830.8 2413699, 733824.7 2413724, 733819.9 2413750, 733816.5 2413776, 733814.5 2413802, 733813.8 2413828, 733814.5 2413855, 733816.5 2413881, 733819.9 2413907, 733824.7 2413932, 733830.8 2413958, 733838.3 2413983, 733847 2414008, 733857 2414032, 733868.3 2414055, 733880.8 2414078, 733894.5 2414101, 733909.3 2414122, 733925.2 2414143, 733942.2 2414163, 733960.2 2414182, 733979.2 2414200, 733999.1 2414217, 734019.9 2414233, 734041.5 2414248, 734063.8 2414261, 734086.8 2414274, 734110.4 2414285, 734134.6 2414295, 734159.3 2414304, 734184.4 2414311, 734209.8 2414317, 734235.6 2414322, 734261.5 2414326, 734287.6 2414328, 734313.8 2414328, 734340 2414328, 734366.1 2414326, 734392 2414322, 734417.7 2414317, 734443.2 2414311, 734468.3 2414304, 734493 2414295, 734517.2 2414285, 734540.8 2414274, 734563.8 2414261, 734586.1 2414248, 734607.7 2414233, 734628.5 2414217, 734648.4 2414200, 734667.3 2414182, 734685.4 2414163, 734702.4 2414143, 734718.3 2414122, 734733.1 2414101, 734746.8 2414078, 734759.3 2414055, 734770.6 2414032, 734780.6 2414008, 734789.3 2413983, 734796.8 2413958, 734802.9 2413932, 734807.6 2413907, 734811.1 2413881, 734813.1 2413855, 734813.8 2413828))"
5,20260514,Forest,4967,14.715169008011273,0.38470948012232414,1,Hani,土葬,无,0,1,0,180,100.1865693766016,2648.1056978204597,704.2801513671875,7.321033954620361,303.3870074262204,29283.899688720703,75380.47943115234,0.20487417471308106,1,11,26583.897972106934,0.9077991064948999,2700,0.09220083488538791,0,1,0.5502914131680589,-0.8349726705668281,8.51057131510735,2.688878867043283,-0.9552668266309133,"POLYGON ((770885.3 2388234, 770884.7 2388208, 770882.6 2388182, 770879.2 2388156, 770874.4 2388130, 770868.3 2388105, 770860.9 2388079, 770852.1 2388055, 770842.1 2388031, 770830.8 2388007, 770818.4 2387984, 770804.7 2387962, 770789.9 2387940, 770773.9 2387919, 770756.9 2387899, 770738.9 2387880, 770719.9 2387862, 770700 2387845, 770679.2 2387829, 770657.7 2387815, 770635.3 2387801, 770612.3 2387788, 770588.7 2387777, 770564.5 2387767, 770539.9 2387758, 770514.8 2387751, 770489.3 2387745, 770463.6 2387740, 770437.6 2387737, 770411.5 2387735, 770385.3 2387734, 770359.2 2387735, 770333.1 2387737, 770307.1 2387740, 770281.4 2387745, 770255.9 2387751, 770230.8 2387758, 770206.2 2387767, 770182 2387777, 770158.3 2387788, 770135.3 2387801, 770113 2387815, 770091.5 2387829, 770070.7 2387845, 770050.8 2387862, 770031.8 2387880, 770013.8 2387899, 769996.8 2387919, 769980.8 2387940, 769966 2387962, 769952.3 2387984, 769939.8 2388007, 769928.6 2388031, 769918.6 2388055, 769909.8 2388079, 769902.4 2388105, 769896.3 2388130, 769891.5 2388156, 769888.1 2388182, 769886 2388208, 769885.3 2388234, 769886 2388260, 769888.1 2388286, 769891.5 2388312, 769896.3 2388338, 769902.4 2388363, 769909.8 2388388, 769918.6 2388413, 769928.6 2388437, 769939.8 2388461, 769952.3 2388484, 769966 2388506, 769980.8 2388528, 769996.8 2388549, 770013.8 2388569, 770031.8 2388588, 770050.8 2388606, 770070.7 2388623, 770091.5 2388638, 770113 2388653, 770135.3 2388667, 770158.3 2388679, 770182 2388691, 770206.2 2388701, 770230.8 2388710, 770255.9 2388717, 770281.4 2388723, 770307.1 2388728, 770333.1 2388731, 770359.2 2388733, 770385.3 2388734, 770411.5 2388733, 770437.6 2388731, 770463.6 2388728, 770489.3 2388723, 770514.8 2388717, 770539.9 2388710, 770564.5 2388701, 770588.7 2388691, 770612.3 2388679, 770635.3 2388667, 770657.7 2388653, 770679.2 2388638, 770700 2388623, 770719.9 2388606, 770738.9 2388588, 770756.9 2388569, 770773.9 2388549, 770789.9 2388528, 770804.7 2388506, 770818.4 2388484, 770830.8 2388461, 770842.1 2388437, 770852.1 2388413, 770860.9 2388388, 770868.3 2388363, 770874.4 2388338, 770879.2 2388312, 770882.6 2388286, 770884.7 2388260, 770885.3 2388234))"
5,20260514,Forest,4241,9.072886586485563,1.3878819264629725,1,Hani,土葬,无,0,1,0,181,124.12840082916725,430.1318635587268,1115.98095703125,18.35643768310547,57.80653495594085,785039.3371582031,0,0.08063231946007308,1,12,307300.47912597656,0.3914459627442193,74176.05514526367,0.09448705515035297,0,1,0.5327797587760204,0.846253938625142,8.352554369474591,2.2052904699975566,0.32777879107638785,"POLYGON ((730571.7 2415279, 730571 2415252, 730568.9 2415226, 730565.5 2415200, 730560.8 2415175, 730554.7 2415149, 730547.2 2415124, 730538.5 2415099, 730528.5 2415075, 730517.2 2415052, 730504.7 2415029, 730491 2415006, 730476.2 2414985, 730460.3 2414964, 730443.3 2414944, 730425.2 2414925, 730406.3 2414907, 730386.3 2414890, 730365.6 2414874, 730344 2414859, 730321.7 2414846, 730298.7 2414833, 730275.1 2414822, 730250.9 2414812, 730226.2 2414803, 730201.1 2414796, 730175.6 2414790, 730149.9 2414785, 730124 2414781, 730097.9 2414779, 730071.7 2414779, 730045.5 2414779, 730019.4 2414781, 729993.5 2414785, 729967.7 2414790, 729942.3 2414796, 729917.2 2414803, 729892.5 2414812, 729868.3 2414822, 729844.7 2414833, 729821.7 2414846, 729799.4 2414859, 729777.8 2414874, 729757 2414890, 729737.1 2414907, 729718.1 2414925, 729700.1 2414944, 729683.1 2414964, 729667.2 2414985, 729652.4 2415006, 729638.7 2415029, 729626.2 2415052, 729614.9 2415075, 729604.9 2415099, 729596.2 2415124, 729588.7 2415149, 729582.6 2415175, 729577.8 2415200, 729574.4 2415226, 729572.4 2415252, 729571.7 2415279, 729572.4 2415305, 729574.4 2415331, 729577.8 2415357, 729582.6 2415383, 729588.7 2415408, 729596.2 2415433, 729604.9 2415458, 729614.9 2415482, 729626.2 2415506, 729638.7 2415529, 729652.4 2415551, 729667.2 2415573, 729683.1 2415593, 729700.1 2415613, 729718.1 2415632, 729737.1 2415650, 729757 2415667, 729777.8 2415683, 729799.4 2415698, 729821.7 2415712, 729844.7 2415724, 729868.3 2415735, 729892.5 2415745, 729917.2 2415754, 729942.3 2415762, 729967.7 2415768, 729993.5 2415772, 730019.4 2415776, 730045.5 2415778, 730071.7 2415779, 730097.9 2415778, 730124 2415776, 730149.9 2415772, 730175.6 2415768, 730201.1 2415762, 730226.2 2415754, 730250.9 2415745, 730275.1 2415735, 730298.7 2415724, 730321.7 2415712, 730344 2415698, 730365.6 2415683, 730386.3 2415667, 730406.3 2415650, 730425.2 2415632, 730443.3 2415613, 730460.3 2415593, 730476.2 2415573, 730491 2415551, 730504.7 2415529, 730517.2 2415506, 730528.5 2415482, 730538.5 2415458, 730547.2 2415433, 730554.7 2415408, 730560.8 2415383, 730565.5 2415357, 730568.9 2415331, 730571 2415305, 730571.7 2415279))"
5,20260514,Forest,4241,9.072886586485563,1.3878819264629725,1,Hani,土葬,无,0,1,0,182,28.403953140942804,1249.564221888181,1248.65380859375,14.356022834777832,217.06227819347566,785039.3371582031,0,0.09769332417132642,1,13,168233.84857177734,0.2142998963348437,97333.3740234375,0.12398534623217566,0,1,-0.7979808898160871,-0.6026827519419532,8.352554369474591,2.2052904699975566,0.32777879107638785,"POLYGON ((741848.9 2414218, 741848.2 2414192, 741846.2 2414166, 741842.8 2414140, 741838 2414114, 741831.9 2414088, 741824.5 2414063, 741815.7 2414039, 741805.7 2414014, 741794.4 2413991, 741781.9 2413968, 741768.3 2413946, 741753.4 2413924, 741737.5 2413903, 741720.5 2413883, 741702.5 2413864, 741683.5 2413846, 741663.6 2413829, 741642.8 2413813, 741621.2 2413798, 741598.9 2413785, 741575.9 2413772, 741552.3 2413761, 741528.1 2413751, 741503.4 2413742, 741478.3 2413735, 741452.9 2413729, 741427.1 2413724, 741401.2 2413721, 741375.1 2413719, 741348.9 2413718, 741322.8 2413719, 741296.7 2413721, 741270.7 2413724, 741245 2413729, 741219.5 2413735, 741194.4 2413742, 741169.7 2413751, 741145.6 2413761, 741121.9 2413772, 741098.9 2413785, 741076.6 2413798, 741055 2413813, 741034.3 2413829, 741014.4 2413846, 740995.4 2413864, 740977.4 2413883, 740960.4 2413903, 740944.4 2413924, 740929.6 2413946, 740915.9 2413968, 740903.4 2413991, 740892.2 2414014, 740882.1 2414039, 740873.4 2414063, 740866 2414088, 740859.9 2414114, 740855.1 2414140, 740851.7 2414166, 740849.6 2414192, 740848.9 2414218, 740849.6 2414244, 740851.7 2414270, 740855.1 2414296, 740859.9 2414322, 740866 2414347, 740873.4 2414372, 740882.1 2414397, 740892.2 2414421, 740903.4 2414445, 740915.9 2414468, 740929.6 2414490, 740944.4 2414512, 740960.4 2414532, 740977.4 2414552, 740995.4 2414571, 741014.4 2414589, 741034.3 2414606, 741055 2414622, 741076.6 2414637, 741098.9 2414651, 741121.9 2414663, 741145.6 2414675, 741169.7 2414685, 741194.4 2414693, 741219.5 2414701, 741245 2414707, 741270.7 2414712, 741296.7 2414715, 741322.8 2414717, 741348.9 2414718, 741375.1 2414717, 741401.2 2414715, 741427.1 2414712, 741452.9 2414707, 741478.3 2414701, 741503.4 2414693, 741528.1 2414685, 741552.3 2414675, 741575.9 2414663, 741598.9 2414651, 741621.2 2414637, 741642.8 2414622, 741663.6 2414606, 741683.5 2414589, 741702.5 2414571, 741720.5 2414552, 741737.5 2414532, 741753.4 2414512, 741768.3 2414490, 741781.9 2414468, 741794.4 2414445, 741805.7 2414421, 741815.7 2414397, 741824.5 2414372, 741831.9 2414347, 741838 2414322, 741842.8 2414296, 741846.2 2414270, 741848.2 2414244, 741848.9 2414218))"
5,20260514,Forest,4241,9.072886586485563,1.3878819264629725,1,Hani,土葬,无,0,1,0,184,514.2083826589842,734.0732624579123,898.3594970703125,19.120380401611328,0.13868625643173688,343031.94580078125,442007.3913574219,0.04344859097545792,1,15,172714.4302368164,0.5034937193200129,6223.4235763549805,0.018142402340478477,0,1,0.9999970705143281,0.002420529438360765,8.352554369474591,2.2052904699975566,0.32777879107638785,"POLYGON ((738868.4 2417134, 738867.7 2417108, 738865.6 2417082, 738862.2 2417056, 738857.5 2417030, 738851.3 2417005, 738843.9 2416980, 738835.2 2416955, 738825.1 2416931, 738813.9 2416907, 738801.4 2416884, 738787.7 2416862, 738772.9 2416840, 738757 2416819, 738739.9 2416800, 738721.9 2416781, 738702.9 2416763, 738683 2416746, 738662.3 2416730, 738640.7 2416715, 738618.4 2416701, 738595.4 2416689, 738571.7 2416677, 738547.6 2416667, 738522.9 2416659, 738497.8 2416651, 738472.3 2416645, 738446.6 2416640, 738420.6 2416637, 738394.5 2416635, 738368.4 2416634, 738342.2 2416635, 738316.1 2416637, 738290.2 2416640, 738264.4 2416645, 738239 2416651, 738213.9 2416659, 738189.2 2416667, 738165 2416677, 738141.4 2416689, 738118.4 2416701, 738096.1 2416715, 738074.5 2416730, 738053.7 2416746, 738033.8 2416763, 738014.8 2416781, 737996.8 2416800, 737979.8 2416819, 737963.9 2416840, 737949 2416862, 737935.4 2416884, 737922.9 2416907, 737911.6 2416931, 737901.6 2416955, 737892.8 2416980, 737885.4 2417005, 737879.3 2417030, 737874.5 2417056, 737871.1 2417082, 737869.1 2417108, 737868.4 2417134, 737869.1 2417160, 737871.1 2417186, 737874.5 2417212, 737879.3 2417238, 737885.4 2417264, 737892.8 2417289, 737901.6 2417313, 737911.6 2417337, 737922.9 2417361, 737935.4 2417384, 737949 2417406, 737963.9 2417428, 737979.8 2417449, 737996.8 2417469, 738014.8 2417488, 738033.8 2417506, 738053.7 2417523, 738074.5 2417539, 738096.1 2417553, 738118.4 2417567, 738141.4 2417580, 738165 2417591, 738189.2 2417601, 738213.9 2417610, 738239 2417617, 738264.4 2417623, 738290.2 2417628, 738316.1 2417631, 738342.2 2417633, 738368.4 2417634, 738394.5 2417633, 738420.6 2417631, 738446.6 2417628, 738472.3 2417623, 738497.8 2417617, 738522.9 2417610, 738547.6 2417601, 738571.7 2417591, 738595.4 2417580, 738618.4 2417567, 738640.7 2417553, 738662.3 2417539, 738683 2417523, 738702.9 2417506, 738721.9 2417488, 738739.9 2417469, 738757 2417449, 738772.9 2417428, 738787.7 2417406, 738801.4 2417384, 738813.9 2417361, 738825.1 2417337, 738835.2 2417313, 738843.9 2417289, 738851.3 2417264, 738857.5 2417238, 738862.2 2417212, 738865.6 2417186, 738867.7 2417160, 738868.4 2417134))"
5,20260514,Forest,4016,17.382211004373175,1.8414195867026055,1,Hani,土葬,无,0,1,0,188,215.86852665744715,1302.9206369899366,646.4871826171875,11.3733491897583,136.55877676704347,18860.04066467285,434781.62841796875,0.29699023170082006,1,18,8023.773765563965,0.4254377765257669,2770.439314842224,0.14689466285359573,0,1,-0.726080136448918,0.6876100896978756,8.298041661371565,2.8554473271875427,0.6105367886688474,"POLYGON ((736813.5 2400697, 736812.8 2400671, 736810.8 2400645, 736807.3 2400619, 736802.6 2400593, 736796.5 2400567, 736789 2400542, 736780.3 2400518, 736770.3 2400493, 736759 2400470, 736746.5 2400447, 736732.8 2400425, 736718 2400403, 736702.1 2400382, 736685.1 2400362, 736667 2400343, 736648.1 2400325, 736628.2 2400308, 736607.4 2400292, 736585.8 2400278, 736563.5 2400264, 736540.5 2400251, 736516.9 2400240, 736492.7 2400230, 736468 2400221, 736442.9 2400214, 736417.5 2400208, 736391.7 2400203, 736365.8 2400200, 736339.7 2400198, 736313.5 2400197, 736287.3 2400198, 736261.2 2400200, 736235.3 2400203, 736209.5 2400208, 736184.1 2400214, 736159 2400221, 736134.3 2400230, 736110.1 2400240, 736086.5 2400251, 736063.5 2400264, 736041.2 2400278, 736019.6 2400292, 735998.8 2400308, 735978.9 2400325, 735959.9 2400343, 735941.9 2400362, 735924.9 2400382, 735909 2400403, 735894.2 2400425, 735880.5 2400447, 735868 2400470, 735856.7 2400493, 735846.7 2400518, 735838 2400542, 735830.5 2400567, 735824.4 2400593, 735819.7 2400619, 735816.2 2400645, 735814.2 2400671, 735813.5 2400697, 735814.2 2400723, 735816.2 2400749, 735819.7 2400775, 735824.4 2400801, 735830.5 2400826, 735838 2400851, 735846.7 2400876, 735856.7 2400900, 735868 2400924, 735880.5 2400947, 735894.2 2400969, 735909 2400991, 735924.9 2401012, 735941.9 2401031, 735959.9 2401050, 735978.9 2401068, 735998.8 2401085, 736019.6 2401101, 736041.2 2401116, 736063.5 2401130, 736086.5 2401142, 736110.1 2401154, 736134.3 2401164, 736159 2401172, 736184.1 2401180, 736209.5 2401186, 736235.3 2401191, 736261.2 2401194, 736287.3 2401196, 736313.5 2401197, 736339.7 2401196, 736365.8 2401194, 736391.7 2401191, 736417.5 2401186, 736442.9 2401180, 736468 2401172, 736492.7 2401164, 736516.9 2401154, 736540.5 2401142, 736563.5 2401130, 736585.8 2401116, 736607.4 2401101, 736628.2 2401085, 736648.1 2401068, 736667 2401050, 736685.1 2401031, 736702.1 2401012, 736718 2400991, 736732.8 2400969, 736746.5 2400947, 736759 2400924, 736770.3 2400900, 736780.3 2400876, 736789 2400851, 736796.5 2400826, 736802.6 2400801, 736807.3 2400775, 736810.8 2400749, 736812.8 2400723, 736813.5 2400697))"
5,20260514,Forest,4016,17.382211004373175,1.8414195867026055,1,Hani,土葬,无,0,1,0,189,137.21434061685437,2040.6024855791748,694.8902587890625,10.726842880249023,84.32314396167865,422454.8034667969,8100,0.23899700407745458,1,19,258274.12719726562,0.6113651095402087,35244.154357910156,0.08342704135137191,0,1,0.09891780056333861,0.9950956078345997,8.298041661371565,2.8554473271875427,0.6105367886688474,"POLYGON ((738030.8 2403802, 738030.1 2403776, 738028 2403750, 738024.6 2403724, 738019.9 2403698, 738013.7 2403672, 738006.3 2403647, 737997.6 2403623, 737987.5 2403598, 737976.3 2403575, 737963.8 2403552, 737950.1 2403529, 737935.3 2403508, 737919.3 2403487, 737902.3 2403467, 737884.3 2403448, 737865.3 2403430, 737845.4 2403413, 737824.7 2403397, 737803.1 2403382, 737780.8 2403369, 737757.8 2403356, 737734.1 2403345, 737710 2403335, 737685.3 2403326, 737660.2 2403319, 737634.7 2403313, 737609 2403308, 737583 2403305, 737556.9 2403303, 737530.8 2403302, 737504.6 2403303, 737478.5 2403305, 737452.6 2403308, 737426.8 2403313, 737401.4 2403319, 737376.3 2403326, 737351.6 2403335, 737327.4 2403345, 737303.8 2403356, 737280.8 2403369, 737258.5 2403382, 737236.9 2403397, 737216.1 2403413, 737196.2 2403430, 737177.2 2403448, 737159.2 2403467, 737142.2 2403487, 737126.3 2403508, 737111.4 2403529, 737097.8 2403552, 737085.3 2403575, 737074 2403598, 737064 2403623, 737055.2 2403647, 737047.8 2403672, 737041.7 2403698, 737036.9 2403724, 737033.5 2403750, 737031.5 2403776, 737030.8 2403802, 737031.5 2403828, 737033.5 2403854, 737036.9 2403880, 737041.7 2403906, 737047.8 2403931, 737055.2 2403956, 737064 2403981, 737074 2404005, 737085.3 2404029, 737097.8 2404052, 737111.4 2404074, 737126.3 2404096, 737142.2 2404116, 737159.2 2404136, 737177.2 2404155, 737196.2 2404173, 737216.1 2404190, 737236.9 2404206, 737258.5 2404221, 737280.8 2404235, 737303.8 2404247, 737327.4 2404259, 737351.6 2404269, 737376.3 2404277, 737401.4 2404285, 737426.8 2404291, 737452.6 2404296, 737478.5 2404299, 737504.6 2404301, 737530.8 2404302, 737556.9 2404301, 737583 2404299, 737609 2404296, 737634.7 2404291, 737660.2 2404285, 737685.3 2404277, 737710 2404269, 737734.1 2404259, 737757.8 2404247, 737780.8 2404235, 737803.1 2404221, 737824.7 2404206, 737845.4 2404190, 737865.3 2404173, 737884.3 2404155, 737902.3 2404136, 737919.3 2404116, 737935.3 2404096, 737950.1 2404074, 737963.8 2404052, 737976.3 2404029, 737987.5 2404005, 737997.6 2403981, 738006.3 2403956, 738013.7 2403931, 738019.9 2403906, 738024.6 2403880, 738028 2403854, 738030.1 2403828, 738030.8 2403802))"
5,20260514,Forest,4016,17.382211004373175,1.8414195867026055,1,Hani,土葬,无,0,1,0,190,272.6172344052151,3081.2649702185167,715.23291015625,9.811060905456543,164.32962278074228,785039.3371582031,0,0.17267811284084092,1,20,470838.0432128906,0.5997636308484834,18882.854461669922,0.024053386330963693,0,1,-0.9628315222594462,0.27010268370299007,8.298041661371565,2.8554473271875427,0.6105367886688474,"POLYGON ((738021 2405143, 738020.3 2405117, 738018.2 2405091, 738014.8 2405065, 738010 2405039, 738003.9 2405014, 737996.5 2404988, 737987.8 2404964, 737977.7 2404940, 737966.5 2404916, 737954 2404893, 737940.3 2404871, 737925.5 2404849, 737909.5 2404828, 737892.5 2404808, 737874.5 2404789, 737855.5 2404771, 737835.6 2404754, 737814.9 2404738, 737793.3 2404724, 737771 2404710, 737748 2404697, 737724.3 2404686, 737700.2 2404676, 737675.5 2404667, 737650.4 2404660, 737624.9 2404654, 737599.2 2404649, 737573.2 2404646, 737547.1 2404644, 737521 2404643, 737494.8 2404644, 737468.7 2404646, 737442.8 2404649, 737417 2404654, 737391.6 2404660, 737366.5 2404667, 737341.8 2404676, 737317.6 2404686, 737294 2404697, 737271 2404710, 737248.7 2404724, 737227.1 2404738, 737206.3 2404754, 737186.4 2404771, 737167.4 2404789, 737149.4 2404808, 737132.4 2404828, 737116.5 2404849, 737101.6 2404871, 737088 2404893, 737075.5 2404916, 737064.2 2404940, 737054.2 2404964, 737045.4 2404988, 737038 2405014, 737031.9 2405039, 737027.1 2405065, 737023.7 2405091, 737021.7 2405117, 737021 2405143, 737021.7 2405169, 737023.7 2405195, 737027.1 2405221, 737031.9 2405247, 737038 2405272, 737045.4 2405297, 737054.2 2405322, 737064.2 2405346, 737075.5 2405370, 737088 2405393, 737101.6 2405415, 737116.5 2405437, 737132.4 2405458, 737149.4 2405478, 737167.4 2405497, 737186.4 2405515, 737206.3 2405532, 737227.1 2405547, 737248.7 2405562, 737271 2405576, 737294 2405588, 737317.6 2405600, 737341.8 2405610, 737366.5 2405619, 737391.6 2405626, 737417 2405632, 737442.8 2405637, 737468.7 2405640, 737494.8 2405642, 737521 2405643, 737547.1 2405642, 737573.2 2405640, 737599.2 2405637, 737624.9 2405632, 737650.4 2405626, 737675.5 2405619, 737700.2 2405610, 737724.3 2405600, 737748 2405588, 737771 2405576, 737793.3 2405562, 737814.9 2405547, 737835.6 2405532, 737855.5 2405515, 737874.5 2405497, 737892.5 2405478, 737909.5 2405458, 737925.5 2405437, 737940.3 2405415, 737954 2405393, 737966.5 2405370, 737977.7 2405346, 737987.8 2405322, 737996.5 2405297, 738003.9 2405272, 738010 2405247, 738014.8 2405221, 738018.2 2405195, 738020.3 2405169, 738021 2405143))"
5,20260514,Forest,4016,17.382211004373175,1.8414195867026055,1,Hani,土葬,无,0,1,0,191,135.70389098252332,2677.0618490592274,773.4237060546875,12.152076721191406,206.10013013728533,48506.11152648926,154649.30877685547,0.11096267229831284,1,21,48506.11152648926,1,0,0,0,1,-0.8980265765138565,-0.4399412095664631,8.298041661371565,2.8554473271875427,0.6105367886688474,"POLYGON ((731471.1 2400429, 731470.4 2400403, 731468.4 2400377, 731464.9 2400351, 731460.2 2400325, 731454.1 2400300, 731446.6 2400275, 731437.9 2400250, 731427.9 2400226, 731416.6 2400202, 731404.1 2400179, 731390.4 2400157, 731375.6 2400136, 731359.7 2400115, 731342.7 2400095, 731324.6 2400076, 731305.7 2400058, 731285.8 2400041, 731265 2400025, 731243.4 2400010, 731221.1 2399996, 731198.1 2399984, 731174.5 2399973, 731150.3 2399963, 731125.6 2399954, 731100.5 2399946, 731075 2399940, 731049.3 2399936, 731023.4 2399932, 730997.3 2399930, 730971.1 2399929, 730944.9 2399930, 730918.8 2399932, 730892.9 2399936, 730867.1 2399940, 730841.7 2399946, 730816.6 2399954, 730791.9 2399963, 730767.7 2399973, 730744.1 2399984, 730721.1 2399996, 730698.8 2400010, 730677.2 2400025, 730656.4 2400041, 730636.5 2400058, 730617.5 2400076, 730599.5 2400095, 730582.5 2400115, 730566.6 2400136, 730551.8 2400157, 730538.1 2400179, 730525.6 2400202, 730514.3 2400226, 730504.3 2400250, 730495.6 2400275, 730488.1 2400300, 730482 2400325, 730477.2 2400351, 730473.8 2400377, 730471.8 2400403, 730471.1 2400429, 730471.8 2400456, 730473.8 2400482, 730477.2 2400508, 730482 2400533, 730488.1 2400559, 730495.6 2400584, 730504.3 2400609, 730514.3 2400633, 730525.6 2400656, 730538.1 2400679, 730551.8 2400702, 730566.6 2400723, 730582.5 2400744, 730599.5 2400764, 730617.5 2400783, 730636.5 2400801, 730656.4 2400818, 730677.2 2400834, 730698.8 2400849, 730721.1 2400862, 730744.1 2400875, 730767.7 2400886, 730791.9 2400896, 730816.6 2400905, 730841.7 2400912, 730867.1 2400919, 730892.9 2400923, 730918.8 2400927, 730944.9 2400929, 730971.1 2400929, 730997.3 2400929, 731023.4 2400927, 731049.3 2400923, 731075 2400919, 731100.5 2400912, 731125.6 2400905, 731150.3 2400896, 731174.5 2400886, 731198.1 2400875, 731221.1 2400862, 731243.4 2400849, 731265 2400834, 731285.8 2400818, 731305.7 2400801, 731324.6 2400783, 731342.7 2400764, 731359.7 2400744, 731375.6 2400723, 731390.4 2400702, 731404.1 2400679, 731416.6 2400656, 731427.9 2400633, 731437.9 2400609, 731446.6 2400584, 731454.1 2400559, 731460.2 2400533, 731464.9 2400508, 731468.4 2400482, 731470.4 2400456, 731471.1 2400429))"
5,20260514,Forest,4016,17.382211004373175,1.8414195867026055,1,Hani,土葬,无,0,1,0,192,891.46987148349,1898.5515280691554,865.47979736328125,12.16067886352539,193.4561861403811,558724.2736816406,20685.82248687744,0.11888321220116424,1,22,304565.07568359375,0.5451080077060227,90772.66159057617,0.16246414531525824,0,1,-0.9725481508399623,-0.2327017281795945,8.298041661371565,2.8554473271875427,0.6105367886688474,"POLYGON ((732599.4 2401403, 732598.8 2401377, 732596.7 2401351, 732593.3 2401325, 732588.5 2401299, 732582.4 2401274, 732575 2401249, 732566.2 2401224, 732556.2 2401200, 732545 2401176, 732532.5 2401153, 732518.8 2401131, 732504 2401109, 732488 2401089, 732471 2401069, 732453 2401050, 732434 2401032, 732414.1 2401015, 732393.3 2400999, 732371.8 2400984, 732349.4 2400970, 732326.4 2400958, 732302.8 2400947, 732278.6 2400937, 732254 2400928, 732228.9 2400920, 732203.4 2400914, 732177.7 2400909, 732151.7 2400906, 732125.6 2400904, 732099.4 2400903, 732073.3 2400904, 732047.2 2400906, 732021.2 2400909, 731995.5 2400914, 731970 2400920, 731944.9 2400928, 731920.3 2400937, 731896.1 2400947, 731872.5 2400958, 731849.4 2400970, 731827.1 2400984, 731805.6 2400999, 731784.8 2401015, 731764.9 2401032, 731745.9 2401050, 731727.9 2401069, 731710.9 2401089, 731694.9 2401109, 731680.1 2401131, 731666.4 2401153, 731653.9 2401176, 731642.7 2401200, 731632.7 2401224, 731623.9 2401249, 731616.5 2401274, 731610.4 2401299, 731605.6 2401325, 731602.2 2401351, 731600.1 2401377, 731599.4 2401403, 731600.1 2401429, 731602.2 2401456, 731605.6 2401482, 731610.4 2401507, 731616.5 2401533, 731623.9 2401558, 731632.7 2401582, 731642.7 2401607, 731653.9 2401630, 731666.4 2401653, 731680.1 2401676, 731694.9 2401697, 731710.9 2401718, 731727.9 2401738, 731745.9 2401757, 731764.9 2401775, 731784.8 2401792, 731805.6 2401808, 731827.1 2401823, 731849.4 2401836, 731872.5 2401849, 731896.1 2401860, 731920.3 2401870, 731944.9 2401879, 731970 2401886, 731995.5 2401892, 732021.2 2401897, 732047.2 2401901, 732073.3 2401903, 732099.4 2401903, 732125.6 2401903, 732151.7 2401901, 732177.7 2401897, 732203.4 2401892, 732228.9 2401886, 732254 2401879, 732278.6 2401870, 732302.8 2401860, 732326.4 2401849, 732349.4 2401836, 732371.8 2401823, 732393.3 2401808, 732414.1 2401792, 732434 2401775, 732453 2401757, 732471 2401738, 732488 2401718, 732504 2401697, 732518.8 2401676, 732532.5 2401653, 732545 2401630, 732556.2 2401607, 732566.2 2401582, 732575 2401558, 732582.4 2401533, 732588.5 2401507, 732593.3 2401482, 732596.7 2401456, 732598.8 2401429, 732599.4 2401403))"
5,20260514,Forest,3811,10.661592163113635,1.3790983606557377,1,Hani,土葬,无,0,1,0,196,630.0468175154348,1447.6152493561315,722.5592041015625,17.82517433166504,203.69453057730385,63484.90905761719,261727.1026611328,0.05510992907388653,1,23,17471.135330200195,0.27520139178814707,14832.876777648926,0.23364413681662533,0,1,-0.9157009588748635,-0.4018603661916108,8.24564690087386,2.366647766225861,0.3214299237915806,"POLYGON ((728113.4 2400215, 728112.7 2400189, 728110.7 2400163, 728107.3 2400137, 728102.5 2400111, 728096.4 2400086, 728089 2400061, 728080.2 2400036, 728070.2 2400012, 728058.9 2399988, 728046.4 2399965, 728032.8 2399943, 728017.9 2399921, 728002 2399901, 727985 2399881, 727967 2399862, 727948 2399844, 727928.1 2399827, 727907.3 2399811, 727885.8 2399796, 727863.4 2399782, 727840.4 2399770, 727816.8 2399758, 727792.6 2399748, 727767.9 2399740, 727742.8 2399732, 727717.4 2399726, 727691.7 2399721, 727665.7 2399718, 727639.6 2399716, 727613.4 2399715, 727587.3 2399716, 727561.2 2399718, 727535.2 2399721, 727509.5 2399726, 727484 2399732, 727458.9 2399740, 727434.3 2399748, 727410.1 2399758, 727386.4 2399770, 727363.4 2399782, 727341.1 2399796, 727319.5 2399811, 727298.8 2399827, 727278.9 2399844, 727259.9 2399862, 727241.9 2399881, 727224.9 2399901, 727208.9 2399921, 727194.1 2399943, 727180.4 2399965, 727167.9 2399988, 727156.7 2400012, 727146.6 2400036, 727137.9 2400061, 727130.5 2400086, 727124.4 2400111, 727119.6 2400137, 727116.2 2400163, 727114.1 2400189, 727113.4 2400215, 727114.1 2400241, 727116.2 2400268, 727119.6 2400293, 727124.4 2400319, 727130.5 2400345, 727137.9 2400370, 727146.6 2400394, 727156.7 2400419, 727167.9 2400442, 727180.4 2400465, 727194.1 2400488, 727208.9 2400509, 727224.9 2400530, 727241.9 2400550, 727259.9 2400569, 727278.9 2400587, 727298.8 2400604, 727319.5 2400620, 727341.1 2400635, 727363.4 2400648, 727386.4 2400661, 727410.1 2400672, 727434.3 2400682, 727458.9 2400691, 727484 2400698, 727509.5 2400704, 727535.2 2400709, 727561.2 2400713, 727587.3 2400715, 727613.4 2400715, 727639.6 2400715, 727665.7 2400713, 727691.7 2400709, 727717.4 2400704, 727742.8 2400698, 727767.9 2400691, 727792.6 2400682, 727816.8 2400672, 727840.4 2400661, 727863.4 2400648, 727885.8 2400635, 727907.3 2400620, 727928.1 2400604, 727948 2400587, 727967 2400569, 727985 2400550, 728002 2400530, 728017.9 2400509, 728032.8 2400488, 728046.4 2400465, 728058.9 2400442, 728070.2 2400419, 728080.2 2400394, 728089 2400370, 728096.4 2400345, 728102.5 2400319, 728107.3 2400293, 728110.7 2400268, 728112.7 2400241, 728113.4 2400215))"
5,20260514,Forest,3811,10.661592163113635,1.3790983606557377,1,Hani,土葬,无,0,1,0,199,107.99604093965563,1895.1077632908427,676.84393310546875,12.20083236694336,28.197963660265888,13769.408798217773,359272.84240722656,0.15669481284196493,1,25,12869.408798217773,0.9346377166086832,900,0.06536228339131672,0,1,0.8813202463562207,0.4725194423117534,8.24564690087386,2.366647766225861,0.3214299237915806,"POLYGON ((727341 2400129, 727340.4 2400103, 727338.3 2400076, 727334.9 2400050, 727330.1 2400025, 727324 2399999, 727316.6 2399974, 727307.8 2399949, 727297.8 2399925, 727286.5 2399902, 727274.1 2399879, 727260.4 2399856, 727245.6 2399835, 727229.6 2399814, 727212.6 2399794, 727194.6 2399775, 727175.6 2399757, 727155.7 2399740, 727134.9 2399724, 727113.4 2399709, 727091 2399696, 727068 2399683, 727044.4 2399672, 727020.2 2399662, 726995.6 2399653, 726970.5 2399646, 726945 2399640, 726919.3 2399635, 726893.3 2399631, 726867.2 2399629, 726841 2399629, 726814.9 2399629, 726788.8 2399631, 726762.8 2399635, 726737.1 2399640, 726711.6 2399646, 726686.5 2399653, 726661.9 2399662, 726637.7 2399672, 726614.1 2399683, 726591 2399696, 726568.7 2399709, 726547.2 2399724, 726526.4 2399740, 726506.5 2399757, 726487.5 2399775, 726469.5 2399794, 726452.5 2399814, 726436.5 2399835, 726421.7 2399856, 726408 2399879, 726395.5 2399902, 726384.3 2399925, 726374.3 2399949, 726365.5 2399974, 726358.1 2399999, 726352 2400025, 726347.2 2400050, 726343.8 2400076, 726341.7 2400103, 726341 2400129, 726341.7 2400155, 726343.8 2400181, 726347.2 2400207, 726352 2400233, 726358.1 2400258, 726365.5 2400283, 726374.3 2400308, 726384.3 2400332, 726395.5 2400356, 726408 2400379, 726421.7 2400401, 726436.5 2400423, 726452.5 2400443, 726469.5 2400463, 726487.5 2400482, 726506.5 2400500, 726526.4 2400517, 726547.2 2400533, 726568.7 2400548, 726591 2400562, 726614.1 2400574, 726637.7 2400585, 726661.9 2400595, 726686.5 2400604, 726711.6 2400612, 726737.1 2400618, 726762.8 2400623, 726788.8 2400626, 726814.9 2400628, 726841 2400629, 726867.2 2400628, 726893.3 2400626, 726919.3 2400623, 726945 2400618, 726970.5 2400612, 726995.6 2400604, 727020.2 2400595, 727044.4 2400585, 727068 2400574, 727091 2400562, 727113.4 2400548, 727134.9 2400533, 727155.7 2400517, 727175.6 2400500, 727194.6 2400482, 727212.6 2400463, 727229.6 2400443, 727245.6 2400423, 727260.4 2400401, 727274.1 2400379, 727286.5 2400356, 727297.8 2400332, 727307.8 2400308, 727316.6 2400283, 727324 2400258, 727330.1 2400233, 727334.9 2400207, 727338.3 2400181, 727340.4 2400155, 727341 2400129))"
5,20260514,Forest,8886,8.992587088813218,0.5246636771300448,1,Hani,土葬,无,0,1,0,203,102.38964406765164,2246.6993228369256,692.236083984375,12.334798812866211,208.3894243706698,39277.825927734375,323813.80920410156,0.13641292684635675,1,28,11700,0.29787799410095506,10370.301532745361,0.26402432639284173,0,1,-0.8797363483850408,-0.47546183582928525,9.092232283495854,2.1964005811460527,-0.6449978366623628,"POLYGON ((729180.5 2396739, 729179.8 2396713, 729177.8 2396687, 729174.4 2396661, 729169.6 2396635, 729163.5 2396609, 729156 2396584, 729147.3 2396560, 729137.3 2396536, 729126 2396512, 729113.5 2396489, 729099.8 2396467, 729085 2396445, 729069.1 2396424, 729052.1 2396404, 729034.1 2396385, 729015.1 2396367, 728995.2 2396350, 728974.4 2396334, 728952.8 2396320, 728930.5 2396306, 728907.5 2396293, 728883.9 2396282, 728859.7 2396272, 728835 2396263, 728809.9 2396256, 728784.5 2396250, 728758.7 2396245, 728732.8 2396242, 728706.7 2396240, 728680.5 2396239, 728654.3 2396240, 728628.2 2396242, 728602.3 2396245, 728576.6 2396250, 728551.1 2396256, 728526 2396263, 728501.3 2396272, 728477.1 2396282, 728453.5 2396293, 728430.5 2396306, 728408.2 2396320, 728386.6 2396334, 728365.8 2396350, 728345.9 2396367, 728327 2396385, 728308.9 2396404, 728291.9 2396424, 728276 2396445, 728261.2 2396467, 728247.5 2396489, 728235 2396512, 728223.7 2396536, 728213.7 2396560, 728205 2396584, 728197.5 2396609, 728191.4 2396635, 728186.7 2396661, 728183.2 2396687, 728181.2 2396713, 728180.5 2396739, 728181.2 2396765, 728183.2 2396791, 728186.7 2396817, 728191.4 2396843, 728197.5 2396868, 728205 2396893, 728213.7 2396918, 728223.7 2396942, 728235 2396966, 728247.5 2396989, 728261.2 2397011, 728276 2397033, 728291.9 2397054, 728308.9 2397073, 728327 2397092, 728345.9 2397110, 728365.8 2397127, 728386.6 2397143, 728408.2 2397158, 728430.5 2397172, 728453.5 2397184, 728477.1 2397196, 728501.3 2397206, 728526 2397214, 728551.1 2397222, 728576.6 2397228, 728602.3 2397233, 728628.2 2397236, 728654.3 2397238, 728680.5 2397239, 728706.7 2397238, 728732.8 2397236, 728758.7 2397233, 728784.5 2397228, 728809.9 2397222, 728835 2397214, 728859.7 2397206, 728883.9 2397196, 728907.5 2397184, 728930.5 2397172, 728952.8 2397158, 728974.4 2397143, 728995.2 2397127, 729015.1 2397110, 729034.1 2397092, 729052.1 2397073, 729069.1 2397054, 729085 2397033, 729099.8 2397011, 729113.5 2396989, 729126 2396966, 729137.3 2396942, 729147.3 2396918, 729156 2396893, 729163.5 2396868, 729169.6 2396843, 729174.4 2396817, 729177.8 2396791, 729179.8 2396765, 729180.5 2396739))"
5,20260514,Forest,8886,8.992587088813218,0.5246636771300448,1,Hani,土葬,无,0,1,0,204,109.38889013607779,2121.6696573343293,701.19598388671875,11.629351615905762,254.3125383718353,50959.732818603516,385499.2126464844,0.12969047483137455,1,29,21069.083976745605,0.41344573080363684,10800,0.21193203736847926,0,1,-0.2703897680109486,-0.962750940459154,9.092232283495854,2.1964005811460527,-0.6449978366623628,"POLYGON ((729391.1 2396329, 729390.4 2396303, 729388.3 2396277, 729384.9 2396251, 729380.1 2396225, 729374 2396200, 729366.6 2396175, 729357.9 2396150, 729347.8 2396126, 729336.6 2396102, 729324.1 2396079, 729310.4 2396057, 729295.6 2396035, 729279.6 2396015, 729262.6 2395995, 729244.6 2395976, 729225.6 2395958, 729205.7 2395941, 729185 2395925, 729163.4 2395910, 729141.1 2395896, 729118.1 2395884, 729094.4 2395873, 729070.3 2395863, 729045.6 2395854, 729020.5 2395846, 728995 2395840, 728969.3 2395836, 728943.3 2395832, 728917.2 2395830, 728891.1 2395829, 728864.9 2395830, 728838.8 2395832, 728812.8 2395836, 728787.1 2395840, 728761.7 2395846, 728736.6 2395854, 728711.9 2395863, 728687.7 2395873, 728664.1 2395884, 728641.1 2395896, 728618.7 2395910, 728597.2 2395925, 728576.4 2395941, 728556.5 2395958, 728537.5 2395976, 728519.5 2395995, 728502.5 2396015, 728486.6 2396035, 728471.7 2396057, 728458.1 2396079, 728445.6 2396102, 728434.3 2396126, 728424.3 2396150, 728415.5 2396175, 728408.1 2396200, 728402 2396225, 728397.2 2396251, 728393.8 2396277, 728391.8 2396303, 728391.1 2396329, 728391.8 2396356, 728393.8 2396382, 728397.2 2396408, 728402 2396433, 728408.1 2396459, 728415.5 2396484, 728424.3 2396509, 728434.3 2396533, 728445.6 2396556, 728458.1 2396579, 728471.7 2396602, 728486.6 2396623, 728502.5 2396644, 728519.5 2396664, 728537.5 2396683, 728556.5 2396701, 728576.4 2396718, 728597.2 2396734, 728618.7 2396749, 728641.1 2396762, 728664.1 2396775, 728687.7 2396786, 728711.9 2396796, 728736.6 2396805, 728761.7 2396812, 728787.1 2396818, 728812.8 2396823, 728838.8 2396827, 728864.9 2396829, 728891.1 2396829, 728917.2 2396829, 728943.3 2396827, 728969.3 2396823, 728995 2396818, 729020.5 2396812, 729045.6 2396805, 729070.3 2396796, 729094.4 2396786, 729118.1 2396775, 729141.1 2396762, 729163.4 2396749, 729185 2396734, 729205.7 2396718, 729225.6 2396701, 729244.6 2396683, 729262.6 2396664, 729279.6 2396644, 729295.6 2396623, 729310.4 2396602, 729324.1 2396579, 729336.6 2396556, 729347.8 2396533, 729357.9 2396509, 729366.6 2396484, 729374 2396459, 729380.1 2396433, 729384.9 2396408, 729388.3 2396382, 729390.4 2396356, 729391.1 2396329))"
5,20260514,Forest,8886,8.992587088813218,0.5246636771300448,1,Hani,土葬,无,0,1,0,229,319.79822930249657,1215.4223012199905,595.862548828125,12.17822551727295,15.712838902341101,24189.815711975098,93859.1194152832,0.19098568812493288,1,30,20589.815711975098,0.8511770390124208,0,0,0,1,0.9626310858069619,0.2708161602233321,9.092232283495854,2.1964005811460527,-0.6449978366623628,"POLYGON ((736942.5 2390537, 736941.9 2390510, 736939.8 2390484, 736936.4 2390458, 736931.6 2390433, 736925.5 2390407, 736918.1 2390382, 736909.3 2390357, 736899.3 2390333, 736888 2390310, 736875.6 2390287, 736861.9 2390264, 736847 2390243, 736831.1 2390222, 736814.1 2390202, 736796.1 2390183, 736777.1 2390165, 736757.2 2390148, 736736.4 2390132, 736714.9 2390117, 736692.5 2390104, 736669.5 2390091, 736645.9 2390080, 736621.7 2390070, 736597 2390061, 736571.9 2390054, 736546.5 2390047, 736520.8 2390043, 736494.8 2390039, 736468.7 2390037, 736442.5 2390037, 736416.4 2390037, 736390.3 2390039, 736364.3 2390043, 736338.6 2390047, 736313.1 2390054, 736288 2390061, 736263.4 2390070, 736239.2 2390080, 736215.5 2390091, 736192.5 2390104, 736170.2 2390117, 736148.6 2390132, 736127.9 2390148, 736108 2390165, 736089 2390183, 736071 2390202, 736054 2390222, 736038 2390243, 736023.2 2390264, 736009.5 2390287, 735997 2390310, 735985.8 2390333, 735975.7 2390357, 735967 2390382, 735959.6 2390407, 735953.5 2390433, 735948.7 2390458, 735945.3 2390484, 735943.2 2390510, 735942.5 2390537, 735943.2 2390563, 735945.3 2390589, 735948.7 2390615, 735953.5 2390640, 735959.6 2390666, 735967 2390691, 735975.7 2390716, 735985.8 2390740, 735997 2390764, 736009.5 2390787, 736023.2 2390809, 736038 2390830, 736054 2390851, 736071 2390871, 736089 2390890, 736108 2390908, 736127.9 2390925, 736148.6 2390941, 736170.2 2390956, 736192.5 2390970, 736215.5 2390982, 736239.2 2390993, 736263.4 2391003, 736288 2391012, 736313.1 2391019, 736338.6 2391026, 736364.3 2391030, 736390.3 2391034, 736416.4 2391036, 736442.5 2391037, 736468.7 2391036, 736494.8 2391034, 736520.8 2391030, 736546.5 2391026, 736571.9 2391019, 736597 2391012, 736621.7 2391003, 736645.9 2390993, 736669.5 2390982, 736692.5 2390970, 736714.9 2390956, 736736.4 2390941, 736757.2 2390925, 736777.1 2390908, 736796.1 2390890, 736814.1 2390871, 736831.1 2390851, 736847 2390830, 736861.9 2390809, 736875.6 2390787, 736888 2390764, 736899.3 2390740, 736909.3 2390716, 736918.1 2390691, 736925.5 2390666, 736931.6 2390640, 736936.4 2390615, 736939.8 2390589, 736941.9 2390563, 736942.5 2390537))"
5,20260514,Forest,8886,8.992587088813218,0.5246636771300448,1,Hani,土葬,无,0,1,0,233,543.5540749903237,1445.3321762817204,614.96875,14.126867294311523,58.25934318665254,900,220912.94860839844,0.13856242469881458,1,34,0,0,900,1,0,1,0.5260752502546779,0.8504380230619266,9.092232283495854,2.1964005811460527,-0.6449978366623628,"POLYGON ((737364.1 2393575, 737363.4 2393549, 737361.3 2393523, 737357.9 2393497, 737353.2 2393471, 737347 2393446, 737339.6 2393421, 737330.9 2393396, 737320.9 2393372, 737309.6 2393348, 737297.1 2393325, 737283.4 2393303, 737268.6 2393281, 737252.7 2393260, 737235.7 2393240, 737217.6 2393221, 737198.7 2393203, 737178.7 2393186, 737158 2393171, 737136.4 2393156, 737114.1 2393142, 737091.1 2393130, 737067.5 2393118, 737043.3 2393108, 737018.6 2393100, 736993.5 2393092, 736968 2393086, 736942.3 2393081, 736916.3 2393078, 736890.3 2393076, 736864.1 2393075, 736837.9 2393076, 736811.8 2393078, 736785.9 2393081, 736760.1 2393086, 736734.7 2393092, 736709.6 2393100, 736684.9 2393108, 736660.7 2393118, 736637.1 2393130, 736614.1 2393142, 736591.8 2393156, 736570.2 2393171, 736549.4 2393186, 736529.5 2393203, 736510.5 2393221, 736492.5 2393240, 736475.5 2393260, 736459.6 2393281, 736444.8 2393303, 736431.1 2393325, 736418.6 2393348, 736407.3 2393372, 736397.3 2393396, 736388.6 2393421, 736381.1 2393446, 736375 2393471, 736370.2 2393497, 736366.8 2393523, 736364.8 2393549, 736364.1 2393575, 736364.8 2393601, 736366.8 2393627, 736370.2 2393653, 736375 2393679, 736381.1 2393704, 736388.6 2393730, 736397.3 2393754, 736407.3 2393778, 736418.6 2393802, 736431.1 2393825, 736444.8 2393847, 736459.6 2393869, 736475.5 2393890, 736492.5 2393910, 736510.5 2393929, 736529.5 2393947, 736549.4 2393964, 736570.2 2393980, 736591.8 2393994, 736614.1 2394008, 736637.1 2394021, 736660.7 2394032, 736684.9 2394042, 736709.6 2394051, 736734.7 2394058, 736760.1 2394064, 736785.9 2394069, 736811.8 2394072, 736837.9 2394074, 736864.1 2394075, 736890.3 2394074, 736916.3 2394072, 736942.3 2394069, 736968 2394064, 736993.5 2394058, 737018.6 2394051, 737043.3 2394042, 737067.5 2394032, 737091.1 2394021, 737114.1 2394008, 737136.4 2393994, 737158 2393980, 737178.7 2393964, 737198.7 2393947, 737217.6 2393929, 737235.7 2393910, 737252.7 2393890, 737268.6 2393869, 737283.4 2393847, 737297.1 2393825, 737309.6 2393802, 737320.9 2393778, 737330.9 2393754, 737339.6 2393730, 737347 2393704, 737353.2 2393679, 737357.9 2393653, 737361.3 2393627, 737363.4 2393601, 737364.1 2393575))"
5,20260514,Forest,5300,11.357870574345577,3.2247191011235956,1,Hani,土葬,无,0,1,0,269,699.3345758808388,1237.9733358890253,670.54644775390625,7.182063102722168,20.004406905501533,11700,0,0.3613821586805767,1,36,9900,0.8461538461538461,0,0,0,1,0.939666311523335,0.3420924187820166,8.575462099540212,2.4299109462807524,1.1708458460274813,"POLYGON ((740181.3 2353215, 740180.6 2353189, 740178.5 2353163, 740175.1 2353137, 740170.3 2353111, 740164.2 2353086, 740156.8 2353061, 740148.1 2353036, 740138 2353012, 740126.8 2352988, 740114.3 2352965, 740100.6 2352943, 740085.8 2352921, 740069.8 2352900, 740052.8 2352881, 740034.8 2352862, 740015.8 2352844, 739995.9 2352827, 739975.2 2352811, 739953.6 2352796, 739931.3 2352782, 739908.3 2352770, 739884.6 2352758, 739860.4 2352748, 739835.8 2352740, 739810.7 2352732, 739785.2 2352726, 739759.5 2352721, 739733.5 2352718, 739707.4 2352716, 739681.3 2352715, 739655.1 2352716, 739629 2352718, 739603 2352721, 739577.3 2352726, 739551.9 2352732, 739526.8 2352740, 739502.1 2352748, 739477.9 2352758, 739454.3 2352770, 739431.3 2352782, 739408.9 2352796, 739387.4 2352811, 739366.6 2352827, 739346.7 2352844, 739327.7 2352862, 739309.7 2352881, 739292.7 2352900, 739276.8 2352921, 739261.9 2352943, 739248.3 2352965, 739235.8 2352988, 739224.5 2353012, 739214.5 2353036, 739205.7 2353061, 739198.3 2353086, 739192.2 2353111, 739187.4 2353137, 739184 2353163, 739182 2353189, 739181.3 2353215, 739182 2353241, 739184 2353267, 739187.4 2353293, 739192.2 2353319, 739198.3 2353345, 739205.7 2353370, 739214.5 2353394, 739224.5 2353418, 739235.8 2353442, 739248.3 2353465, 739261.9 2353487, 739276.8 2353509, 739292.7 2353530, 739309.7 2353550, 739327.7 2353569, 739346.7 2353587, 739366.6 2353604, 739387.4 2353620, 739408.9 2353634, 739431.3 2353648, 739454.3 2353661, 739477.9 2353672, 739502.1 2353682, 739526.8 2353691, 739551.9 2353698, 739577.3 2353704, 739603 2353709, 739629 2353712, 739655.1 2353714, 739681.3 2353715, 739707.4 2353714, 739733.5 2353712, 739759.5 2353709, 739785.2 2353704, 739810.7 2353698, 739835.8 2353691, 739860.4 2353682, 739884.6 2353672, 739908.3 2353661, 739931.3 2353648, 739953.6 2353634, 739975.2 2353620, 739995.9 2353604, 740015.8 2353587, 740034.8 2353569, 740052.8 2353550, 740069.8 2353530, 740085.8 2353509, 740100.6 2353487, 740114.3 2353465, 740126.8 2353442, 740138 2353418, 740148.1 2353394, 740156.8 2353370, 740164.2 2353345, 740170.3 2353319, 740175.1 2353293, 740178.5 2353267, 740180.6 2353241, 740181.3 2353215))"
5,20260514,Forest,7630.691399662732,27.6544837918879,1.344620015048909,1,Hani,土葬,无,0,1,0,317,48.94427126522796,1962.6476947075894,572.821533203125,16.726295471191406,212.1835389085248,57452.000427246094,431285.6689453125,0.07177035306332533,1,38,56552.000427246094,0.9843347491243633,0,0,0,1,-0.8463462266869783,-0.5326331425781856,8.939933736118437,3.3197878772766924,0.2961114564461827,"POLYGON ((711559.2 2416675, 711558.5 2416649, 711556.4 2416623, 711553 2416597, 711548.2 2416571, 711542.1 2416545, 711534.7 2416520, 711526 2416496, 711515.9 2416471, 711504.7 2416448, 711492.2 2416425, 711478.5 2416403, 711463.7 2416381, 711447.7 2416360, 711430.7 2416340, 711412.7 2416321, 711393.7 2416303, 711373.8 2416286, 711353.1 2416270, 711331.5 2416256, 711309.2 2416242, 711286.2 2416229, 711262.5 2416218, 711238.3 2416208, 711213.7 2416199, 711188.6 2416192, 711163.1 2416186, 711137.4 2416181, 711111.4 2416178, 711085.3 2416176, 711059.2 2416175, 711033 2416176, 711006.9 2416178, 710980.9 2416181, 710955.2 2416186, 710929.8 2416192, 710904.7 2416199, 710880 2416208, 710855.8 2416218, 710832.2 2416229, 710809.2 2416242, 710786.8 2416256, 710765.3 2416270, 710744.5 2416286, 710724.6 2416303, 710705.6 2416321, 710687.6 2416340, 710670.6 2416360, 710654.7 2416381, 710639.8 2416403, 710626.1 2416425, 710613.7 2416448, 710602.4 2416471, 710592.4 2416496, 710583.6 2416520, 710576.2 2416545, 710570.1 2416571, 710565.3 2416597, 710561.9 2416623, 710559.8 2416649, 710559.2 2416675, 710559.8 2416701, 710561.9 2416727, 710565.3 2416753, 710570.1 2416779, 710576.2 2416804, 710583.6 2416829, 710592.4 2416854, 710602.4 2416878, 710613.7 2416902, 710626.1 2416925, 710639.8 2416947, 710654.7 2416969, 710670.6 2416990, 710687.6 2417009, 710705.6 2417028, 710724.6 2417046, 710744.5 2417063, 710765.3 2417079, 710786.8 2417094, 710809.2 2417108, 710832.2 2417120, 710855.8 2417132, 710880 2417142, 710904.7 2417150, 710929.8 2417158, 710955.2 2417164, 710980.9 2417169, 711006.9 2417172, 711033 2417174, 711059.2 2417175, 711085.3 2417174, 711111.4 2417172, 711137.4 2417169, 711163.1 2417164, 711188.6 2417158, 711213.7 2417150, 711238.3 2417142, 711262.5 2417132, 711286.2 2417120, 711309.2 2417108, 711331.5 2417094, 711353.1 2417079, 711373.8 2417063, 711393.7 2417046, 711412.7 2417028, 711430.7 2417009, 711447.7 2416990, 711463.7 2416969, 711478.5 2416947, 711492.2 2416925, 711504.7 2416902, 711515.9 2416878, 711526 2416854, 711534.7 2416829, 711542.1 2416804, 711548.2 2416779, 711553 2416753, 711556.4 2416727, 711558.5 2416701, 711559.2 2416675))"
5,20260514,Forest,7763.069139966274,45.20227133608371,0.045004500450045004,1,Hani,土葬,无,0,1,0,319,180.89787814816816,991.6791228965446,713.38067626953125,20.6931095123291,273.59536783865974,340541.4001464844,29700,0.03221637616592065,1,39,310833.02307128906,0.9127613351492176,0,0,0,1,0.06270983238936087,-0.9980318015582962,8.957133042712313,3.8111473363739687,-3.100992784211484,"POLYGON ((713697.8 2413840, 713697.1 2413813, 713695.1 2413787, 713691.6 2413761, 713686.9 2413736, 713680.8 2413710, 713673.3 2413685, 713664.6 2413660, 713654.6 2413636, 713643.3 2413613, 713630.8 2413590, 713617.1 2413567, 713602.3 2413546, 713586.4 2413525, 713569.4 2413505, 713551.4 2413486, 713532.4 2413468, 713512.5 2413451, 713491.7 2413435, 713470.1 2413420, 713447.8 2413407, 713424.8 2413394, 713401.2 2413383, 713377 2413373, 713352.3 2413364, 713327.2 2413357, 713301.8 2413351, 713276 2413346, 713250.1 2413342, 713224 2413340, 713197.8 2413340, 713171.6 2413340, 713145.5 2413342, 713119.6 2413346, 713093.8 2413351, 713068.4 2413357, 713043.3 2413364, 713018.6 2413373, 712994.4 2413383, 712970.8 2413394, 712947.8 2413407, 712925.5 2413420, 712903.9 2413435, 712883.1 2413451, 712863.2 2413468, 712844.2 2413486, 712826.2 2413505, 712809.2 2413525, 712793.3 2413546, 712778.5 2413567, 712764.8 2413590, 712752.3 2413613, 712741 2413636, 712731 2413660, 712722.3 2413685, 712714.8 2413710, 712708.7 2413736, 712704 2413761, 712700.5 2413787, 712698.5 2413813, 712697.8 2413840, 712698.5 2413866, 712700.5 2413892, 712704 2413918, 712708.7 2413944, 712714.8 2413969, 712722.3 2413994, 712731 2414019, 712741 2414043, 712752.3 2414067, 712764.8 2414090, 712778.5 2414112, 712793.3 2414134, 712809.2 2414154, 712826.2 2414174, 712844.2 2414193, 712863.2 2414211, 712883.1 2414228, 712903.9 2414244, 712925.5 2414259, 712947.8 2414273, 712970.8 2414285, 712994.4 2414296, 713018.6 2414306, 713043.3 2414315, 713068.4 2414323, 713093.8 2414329, 713119.6 2414333, 713145.5 2414337, 713171.6 2414339, 713197.8 2414340, 713224 2414339, 713250.1 2414337, 713276 2414333, 713301.8 2414329, 713327.2 2414323, 713352.3 2414315, 713377 2414306, 713401.2 2414296, 713424.8 2414285, 713447.8 2414273, 713470.1 2414259, 713491.7 2414244, 713512.5 2414228, 713532.4 2414211, 713551.4 2414193, 713569.4 2414174, 713586.4 2414154, 713602.3 2414134, 713617.1 2414112, 713630.8 2414090, 713643.3 2414067, 713654.6 2414043, 713664.6 2414019, 713673.3 2413994, 713680.8 2413969, 713686.9 2413944, 713691.6 2413918, 713695.1 2413892, 713697.1 2413866, 713697.8 2413840))"
5,20260514,Forest,7763.069139966274,45.20227133608371,0.045004500450045004,1,Hani,土葬,无,0,1,0,320,256.2297036511869,1111.4894052568168,608.50628662109375,16.638084411621094,208.22537294608117,56093.935775756836,102461.56539916992,0.09923599081271338,1,40,39893.935775756836,0.7111987280628389,0,0,0,1,-0.8810941005903268,-0.47294099621932023,8.957133042712313,3.8111473363739687,-3.100992784211484,"POLYGON ((713344.4 2414298, 713343.7 2414272, 713341.7 2414246, 713338.3 2414220, 713333.5 2414194, 713327.4 2414168, 713320 2414143, 713311.2 2414119, 713301.2 2414094, 713289.9 2414071, 713277.4 2414048, 713263.8 2414025, 713248.9 2414004, 713233 2413983, 713216 2413963, 713198 2413944, 713179 2413926, 713159.1 2413909, 713138.3 2413893, 713116.7 2413878, 713094.4 2413865, 713071.4 2413852, 713047.8 2413841, 713023.6 2413831, 712998.9 2413822, 712973.8 2413815, 712948.4 2413809, 712922.6 2413804, 712896.7 2413801, 712870.6 2413799, 712844.4 2413798, 712818.3 2413799, 712792.2 2413801, 712766.2 2413804, 712740.5 2413809, 712715 2413815, 712689.9 2413822, 712665.2 2413831, 712641.1 2413841, 712617.4 2413852, 712594.4 2413865, 712572.1 2413878, 712550.5 2413893, 712529.8 2413909, 712509.9 2413926, 712490.9 2413944, 712472.9 2413963, 712455.9 2413983, 712439.9 2414004, 712425.1 2414025, 712411.4 2414048, 712398.9 2414071, 712387.7 2414094, 712377.6 2414119, 712368.9 2414143, 712361.5 2414168, 712355.4 2414194, 712350.6 2414220, 712347.2 2414246, 712345.1 2414272, 712344.4 2414298, 712345.1 2414324, 712347.2 2414350, 712350.6 2414376, 712355.4 2414402, 712361.5 2414427, 712368.9 2414452, 712377.6 2414477, 712387.7 2414501, 712398.9 2414525, 712411.4 2414548, 712425.1 2414570, 712439.9 2414592, 712455.9 2414612, 712472.9 2414632, 712490.9 2414651, 712509.9 2414669, 712529.8 2414686, 712550.5 2414702, 712572.1 2414717, 712594.4 2414731, 712617.4 2414743, 712641.1 2414755, 712665.2 2414765, 712689.9 2414773, 712715 2414781, 712740.5 2414787, 712766.2 2414792, 712792.2 2414795, 712818.3 2414797, 712844.4 2414798, 712870.6 2414797, 712896.7 2414795, 712922.6 2414792, 712948.4 2414787, 712973.8 2414781, 712998.9 2414773, 713023.6 2414765, 713047.8 2414755, 713071.4 2414743, 713094.4 2414731, 713116.7 2414717, 713138.3 2414702, 713159.1 2414686, 713179 2414669, 713198 2414651, 713216 2414632, 713233 2414612, 713248.9 2414592, 713263.8 2414570, 713277.4 2414548, 713289.9 2414525, 713301.2 2414501, 713311.2 2414477, 713320 2414452, 713327.4 2414427, 713333.5 2414402, 713338.3 2414376, 713341.7 2414350, 713343.7 2414324, 713344.4 2414298))"
5,20260514,Forest,7630.691399662732,27.6544837918879,1.344620015048909,1,Hani,土葬,无,0,1,0,323,79.26865830191056,1160.214614694083,1149.95556640625,16.45021629333496,24.909378771281506,559971.5515136719,221003.31115722656,0.06957211831865452,1,41,143558.5968017578,0.25636766084580775,48211.51313781738,0.08609636151603728,0,1,0.9069750826028712,0.421184282158671,8.939933736118437,3.3197878772766924,0.2961114564461827,"POLYGON ((718071.5 2418955, 718070.8 2418929, 718068.8 2418902, 718065.4 2418876, 718060.6 2418851, 718054.5 2418825, 718047.1 2418800, 718038.3 2418776, 718028.3 2418751, 718017 2418728, 718004.5 2418705, 717990.9 2418682, 717976 2418661, 717960.1 2418640, 717943.1 2418620, 717925.1 2418601, 717906.1 2418583, 717886.2 2418566, 717865.4 2418550, 717843.8 2418535, 717821.5 2418522, 717798.5 2418509, 717774.9 2418498, 717750.7 2418488, 717726 2418479, 717700.9 2418472, 717675.5 2418466, 717649.7 2418461, 717623.8 2418457, 717597.7 2418455, 717571.5 2418455, 717545.4 2418455, 717519.3 2418457, 717493.3 2418461, 717467.6 2418466, 717442.1 2418472, 717417 2418479, 717392.3 2418488, 717368.2 2418498, 717344.5 2418509, 717321.5 2418522, 717299.2 2418535, 717277.6 2418550, 717256.9 2418566, 717237 2418583, 717218 2418601, 717200 2418620, 717183 2418640, 717167 2418661, 717152.2 2418682, 717138.5 2418705, 717126 2418728, 717114.8 2418751, 717104.7 2418776, 717096 2418800, 717088.6 2418825, 717082.5 2418851, 717077.7 2418876, 717074.3 2418902, 717072.2 2418929, 717071.5 2418955, 717072.2 2418981, 717074.3 2419007, 717077.7 2419033, 717082.5 2419059, 717088.6 2419084, 717096 2419109, 717104.7 2419134, 717114.8 2419158, 717126 2419182, 717138.5 2419205, 717152.2 2419227, 717167 2419249, 717183 2419269, 717200 2419289, 717218 2419308, 717237 2419326, 717256.9 2419343, 717277.6 2419359, 717299.2 2419374, 717321.5 2419388, 717344.5 2419400, 717368.2 2419411, 717392.3 2419421, 717417 2419430, 717442.1 2419438, 717467.6 2419444, 717493.3 2419449, 717519.3 2419452, 717545.4 2419454, 717571.5 2419455, 717597.7 2419454, 717623.8 2419452, 717649.7 2419449, 717675.5 2419444, 717700.9 2419438, 717726 2419430, 717750.7 2419421, 717774.9 2419411, 717798.5 2419400, 717821.5 2419388, 717843.8 2419374, 717865.4 2419359, 717886.2 2419343, 717906.1 2419326, 717925.1 2419308, 717943.1 2419289, 717960.1 2419269, 717976 2419249, 717990.9 2419227, 718004.5 2419205, 718017 2419182, 718028.3 2419158, 718038.3 2419134, 718047.1 2419109, 718054.5 2419084, 718060.6 2419059, 718065.4 2419033, 718068.8 2419007, 718070.8 2418981, 718071.5 2418955))"
5,20260514,Forest,7630.691399662732,27.6544837918879,1.344620015048909,1,Hani,土葬,无,0,1,0,324,21.40721505018863,136.08228947642854,1143.6904296875,14.275351524353027,30.269577881071132,468624.4079589844,315051.2512207031,0.17452834633802056,1,42,156272.40142822266,0.33347046968560834,20423.417472839355,0.04358163408899283,0,1,0.8636633159730883,0.5040691189136361,8.939933736118437,3.3197878772766924,0.2961114564461827,"POLYGON ((716602.6 2419303, 716601.9 2419276, 716599.9 2419250, 716596.5 2419224, 716591.7 2419199, 716585.6 2419173, 716578.1 2419148, 716569.4 2419123, 716559.4 2419099, 716548.1 2419076, 716535.6 2419053, 716521.9 2419030, 716507.1 2419009, 716491.2 2418988, 716474.2 2418968, 716456.2 2418949, 716437.2 2418931, 716417.3 2418914, 716396.5 2418898, 716374.9 2418883, 716352.6 2418870, 716329.6 2418857, 716306 2418846, 716281.8 2418836, 716257.1 2418827, 716232 2418820, 716206.6 2418814, 716180.8 2418809, 716154.9 2418805, 716128.8 2418803, 716102.6 2418803, 716076.4 2418803, 716050.3 2418805, 716024.4 2418809, 715998.7 2418814, 715973.2 2418820, 715948.1 2418827, 715923.4 2418836, 715899.2 2418846, 715875.6 2418857, 715852.6 2418870, 715830.3 2418883, 715808.7 2418898, 715788 2418914, 715768 2418931, 715749.1 2418949, 715731 2418968, 715714 2418988, 715698.1 2419009, 715683.3 2419030, 715669.6 2419053, 715657.1 2419076, 715645.8 2419099, 715635.8 2419123, 715627.1 2419148, 715619.7 2419173, 715613.5 2419199, 715608.8 2419224, 715605.4 2419250, 715603.3 2419276, 715602.6 2419303, 715603.3 2419329, 715605.4 2419355, 715608.8 2419381, 715613.5 2419407, 715619.7 2419432, 715627.1 2419457, 715635.8 2419482, 715645.8 2419506, 715657.1 2419530, 715669.6 2419553, 715683.3 2419575, 715698.1 2419596, 715714 2419617, 715731 2419637, 715749.1 2419656, 715768 2419674, 715788 2419691, 715808.7 2419707, 715830.3 2419722, 715852.6 2419736, 715875.6 2419748, 715899.2 2419759, 715923.4 2419769, 715948.1 2419778, 715973.2 2419786, 715998.7 2419792, 716024.4 2419796, 716050.3 2419800, 716076.4 2419802, 716102.6 2419803, 716128.8 2419802, 716154.9 2419800, 716180.8 2419796, 716206.6 2419792, 716232 2419786, 716257.1 2419778, 716281.8 2419769, 716306 2419759, 716329.6 2419748, 716352.6 2419736, 716374.9 2419722, 716396.5 2419707, 716417.3 2419691, 716437.2 2419674, 716456.2 2419656, 716474.2 2419637, 716491.2 2419617, 716507.1 2419596, 716521.9 2419575, 716535.6 2419553, 716548.1 2419530, 716559.4 2419506, 716569.4 2419482, 716578.1 2419457, 716585.6 2419432, 716591.7 2419407, 716596.5 2419381, 716599.9 2419355, 716601.9 2419329, 716602.6 2419303))"
5,20260514,Forest,7630.691399662732,27.6544837918879,1.344620015048909,1,Hani,土葬,无,0,1,0,326,146.40672257438752,2109.981570355832,962.83807373046875,12.79886245727539,98.37357922709657,235244.83337402344,297358.67614746094,0.14212008396525988,1,44,66350.994873046875,0.28205080605342464,143.1059092283249,6.083275333864448e-4,0,1,-0.1456268304124178,0.989339590971691,8.939933736118437,3.3197878772766924,0.2961114564461827,"POLYGON ((718437.2 2420101, 718436.5 2420075, 718434.4 2420049, 718431 2420023, 718426.2 2419997, 718420.1 2419971, 718412.7 2419946, 718404 2419922, 718393.9 2419897, 718382.7 2419874, 718370.2 2419851, 718356.5 2419828, 718341.7 2419807, 718325.7 2419786, 718308.7 2419766, 718290.7 2419747, 718271.7 2419729, 718251.8 2419712, 718231.1 2419696, 718209.5 2419681, 718187.2 2419668, 718164.2 2419655, 718140.5 2419644, 718116.4 2419634, 718091.7 2419625, 718066.6 2419618, 718041.1 2419612, 718015.4 2419607, 717989.4 2419604, 717963.3 2419601, 717937.2 2419601, 717911 2419601, 717884.9 2419604, 717859 2419607, 717833.2 2419612, 717807.8 2419618, 717782.7 2419625, 717758 2419634, 717733.8 2419644, 717710.2 2419655, 717687.2 2419668, 717664.9 2419681, 717643.3 2419696, 717622.5 2419712, 717602.6 2419729, 717583.6 2419747, 717565.6 2419766, 717548.6 2419786, 717532.7 2419807, 717517.8 2419828, 717504.2 2419851, 717491.7 2419874, 717480.4 2419897, 717470.4 2419922, 717461.6 2419946, 717454.2 2419971, 717448.1 2419997, 717443.3 2420023, 717439.9 2420049, 717437.9 2420075, 717437.2 2420101, 717437.9 2420127, 717439.9 2420153, 717443.3 2420179, 717448.1 2420205, 717454.2 2420230, 717461.6 2420255, 717470.4 2420280, 717480.4 2420304, 717491.7 2420328, 717504.2 2420351, 717517.8 2420373, 717532.7 2420395, 717548.6 2420415, 717565.6 2420435, 717583.6 2420454, 717602.6 2420472, 717622.5 2420489, 717643.3 2420505, 717664.9 2420520, 717687.2 2420534, 717710.2 2420546, 717733.8 2420558, 717758 2420568, 717782.7 2420576, 717807.8 2420584, 717833.2 2420590, 717859 2420595, 717884.9 2420598, 717911 2420600, 717937.2 2420601, 717963.3 2420600, 717989.4 2420598, 718015.4 2420595, 718041.1 2420590, 718066.6 2420584, 718091.7 2420576, 718116.4 2420568, 718140.5 2420558, 718164.2 2420546, 718187.2 2420534, 718209.5 2420520, 718231.1 2420505, 718251.8 2420489, 718271.7 2420472, 718290.7 2420454, 718308.7 2420435, 718325.7 2420415, 718341.7 2420395, 718356.5 2420373, 718370.2 2420351, 718382.7 2420328, 718393.9 2420304, 718404 2420280, 718412.7 2420255, 718420.1 2420230, 718426.2 2420205, 718431 2420179, 718434.4 2420153, 718436.5 2420127, 718437.2 2420101))"
5,20260514,Forest,7630.691399662732,27.6544837918879,1.344620015048909,1,Hani,土葬,无,0,1,0,327,1050.3563125604849,1270.353280267141,901.85595703125,8.275550842285156,20.230089176720075,29922.51091003418,234165.83862304688,0.24252030815356862,1,45,8100,0.27069920784233903,0,0,0,1,0.9383115582095595,0.3457910058551965,8.939933736118437,3.3197878772766924,0.2961114564461827,"POLYGON ((717052.6 2420930, 717051.9 2420904, 717049.9 2420878, 717046.5 2420852, 717041.7 2420826, 717035.6 2420801, 717028.1 2420776, 717019.4 2420751, 717009.4 2420727, 716998.1 2420703, 716985.6 2420680, 716971.9 2420658, 716957.1 2420636, 716941.2 2420616, 716924.2 2420596, 716906.2 2420577, 716887.2 2420559, 716867.3 2420542, 716846.5 2420526, 716824.9 2420511, 716802.6 2420497, 716779.6 2420485, 716756 2420474, 716731.8 2420464, 716707.1 2420455, 716682 2420447, 716656.6 2420441, 716630.8 2420437, 716604.9 2420433, 716578.8 2420431, 716552.6 2420430, 716526.4 2420431, 716500.4 2420433, 716474.4 2420437, 716448.7 2420441, 716423.2 2420447, 716398.1 2420455, 716373.4 2420464, 716349.2 2420474, 716325.6 2420485, 716302.6 2420497, 716280.3 2420511, 716258.7 2420526, 716238 2420542, 716218 2420559, 716199.1 2420577, 716181 2420596, 716164 2420616, 716148.1 2420636, 716133.3 2420658, 716119.6 2420680, 716107.1 2420703, 716095.8 2420727, 716085.8 2420751, 716077.1 2420776, 716069.7 2420801, 716063.5 2420826, 716058.8 2420852, 716055.4 2420878, 716053.3 2420904, 716052.6 2420930, 716053.3 2420957, 716055.4 2420983, 716058.8 2421009, 716063.5 2421034, 716069.7 2421060, 716077.1 2421085, 716085.8 2421110, 716095.8 2421134, 716107.1 2421157, 716119.6 2421180, 716133.3 2421203, 716148.1 2421224, 716164 2421245, 716181 2421265, 716199.1 2421284, 716218 2421302, 716238 2421319, 716258.7 2421335, 716280.3 2421350, 716302.6 2421363, 716325.6 2421376, 716349.2 2421387, 716373.4 2421397, 716398.1 2421406, 716423.2 2421413, 716448.7 2421419, 716474.4 2421424, 716500.4 2421428, 716526.4 2421430, 716552.6 2421430, 716578.8 2421430, 716604.9 2421428, 716630.8 2421424, 716656.6 2421419, 716682 2421413, 716707.1 2421406, 716731.8 2421397, 716756 2421387, 716779.6 2421376, 716802.6 2421363, 716824.9 2421350, 716846.5 2421335, 716867.3 2421319, 716887.2 2421302, 716906.2 2421284, 716924.2 2421265, 716941.2 2421245, 716957.1 2421224, 716971.9 2421203, 716985.6 2421180, 716998.1 2421157, 717009.4 2421134, 717019.4 2421110, 717028.1 2421085, 717035.6 2421060, 717041.7 2421034, 717046.5 2421009, 717049.9 2420983, 717051.9 2420957, 717052.6 2420930))"
5,20260514,Forest,7630.691399662732,27.6544837918879,1.344620015048909,1,Hani,土葬,无,0,1,0,328,115.74215757790031,582.7450851750624,1052.7138671875,14.321025848388672,106.60341171955714,20700,331924.96032714844,0.197534981691959,1,46,20700,1,0,0,0,1,-0.28574543092476373,0.9583055612411008,8.939933736118437,3.3197878772766924,0.2961114564461827,"POLYGON ((713407 2420311, 713406.3 2420285, 713404.3 2420258, 713400.8 2420232, 713396.1 2420207, 713390 2420181, 713382.5 2420156, 713373.8 2420131, 713363.8 2420107, 713352.5 2420084, 713340 2420061, 713326.3 2420038, 713311.5 2420017, 713295.6 2419996, 713278.6 2419976, 713260.6 2419957, 713241.6 2419939, 713221.7 2419922, 713200.9 2419906, 713179.3 2419891, 713157 2419878, 713134 2419865, 713110.4 2419854, 713086.2 2419844, 713061.5 2419835, 713036.4 2419828, 713011 2419822, 712985.2 2419817, 712959.3 2419813, 712933.2 2419811, 712907 2419811, 712880.8 2419811, 712854.7 2419813, 712828.8 2419817, 712803 2419822, 712777.6 2419828, 712752.5 2419835, 712727.8 2419844, 712703.6 2419854, 712680 2419865, 712657 2419878, 712634.7 2419891, 712613.1 2419906, 712592.3 2419922, 712572.4 2419939, 712553.4 2419957, 712535.4 2419976, 712518.4 2419996, 712502.5 2420017, 712487.7 2420038, 712474 2420061, 712461.5 2420084, 712450.2 2420107, 712440.2 2420131, 712431.5 2420156, 712424 2420181, 712417.9 2420207, 712413.2 2420232, 712409.7 2420258, 712407.7 2420285, 712407 2420311, 712407.7 2420337, 712409.7 2420363, 712413.2 2420389, 712417.9 2420415, 712424 2420440, 712431.5 2420465, 712440.2 2420490, 712450.2 2420514, 712461.5 2420538, 712474 2420561, 712487.7 2420583, 712502.5 2420605, 712518.4 2420625, 712535.4 2420645, 712553.4 2420664, 712572.4 2420682, 712592.3 2420699, 712613.1 2420715, 712634.7 2420730, 712657 2420744, 712680 2420756, 712703.6 2420767, 712727.8 2420777, 712752.5 2420786, 712777.6 2420794, 712803 2420800, 712828.8 2420805, 712854.7 2420808, 712880.8 2420810, 712907 2420811, 712933.2 2420810, 712959.3 2420808, 712985.2 2420805, 713011 2420800, 713036.4 2420794, 713061.5 2420786, 713086.2 2420777, 713110.4 2420767, 713134 2420756, 713157 2420744, 713179.3 2420730, 713200.9 2420715, 713221.7 2420699, 713241.6 2420682, 713260.6 2420664, 713278.6 2420645, 713295.6 2420625, 713311.5 2420605, 713326.3 2420583, 713340 2420561, 713352.5 2420538, 713363.8 2420514, 713373.8 2420490, 713382.5 2420465, 713390 2420440, 713396.1 2420415, 713400.8 2420389, 713404.3 2420363, 713406.3 2420337, 713407 2420311))"
5,20260514,Forest,7630.691399662732,27.6544837918879,1.344620015048909,1,Hani,土葬,无,0,1,0,329,375.3977648533822,468.02721279827597,844.88079833984375,11.889787673950195,355.59653343982455,109196.6926574707,40689.66522216797,0.20912085108022677,1,47,58796.6926574707,0.5384475594137705,0,0,0,1,0.9970481086791916,-0.0767793525581386,8.939933736118437,3.3197878772766924,0.2961114564461827,"POLYGON ((714550.6 2422567, 714550 2422540, 714547.9 2422514, 714544.5 2422488, 714539.7 2422463, 714533.6 2422437, 714526.2 2422412, 714517.4 2422387, 714507.4 2422363, 714496.1 2422340, 714483.7 2422317, 714470 2422294, 714455.2 2422273, 714439.2 2422252, 714422.2 2422232, 714404.2 2422213, 714385.2 2422195, 714365.3 2422178, 714344.5 2422162, 714323 2422147, 714300.6 2422134, 714277.6 2422121, 714254 2422110, 714229.8 2422100, 714205.2 2422091, 714180.1 2422084, 714154.6 2422077, 714128.9 2422073, 714102.9 2422069, 714076.8 2422067, 714050.6 2422067, 714024.5 2422067, 713998.4 2422069, 713972.4 2422073, 713946.7 2422077, 713921.2 2422084, 713896.1 2422091, 713871.5 2422100, 713847.3 2422110, 713823.6 2422121, 713800.6 2422134, 713778.3 2422147, 713756.8 2422162, 713736 2422178, 713716.1 2422195, 713697.1 2422213, 713679.1 2422232, 713662.1 2422252, 713646.1 2422273, 713631.3 2422294, 713617.6 2422317, 713605.1 2422340, 713593.9 2422363, 713583.9 2422387, 713575.1 2422412, 713567.7 2422437, 713561.6 2422463, 713556.8 2422488, 713553.4 2422514, 713551.3 2422540, 713550.6 2422567, 713551.3 2422593, 713553.4 2422619, 713556.8 2422645, 713561.6 2422671, 713567.7 2422696, 713575.1 2422721, 713583.9 2422746, 713593.9 2422770, 713605.1 2422794, 713617.6 2422817, 713631.3 2422839, 713646.1 2422860, 713662.1 2422881, 713679.1 2422901, 713697.1 2422920, 713716.1 2422938, 713736 2422955, 713756.8 2422971, 713778.3 2422986, 713800.6 2423000, 713823.6 2423012, 713847.3 2423023, 713871.5 2423033, 713896.1 2423042, 713921.2 2423050, 713946.7 2423056, 713972.4 2423060, 713998.4 2423064, 714024.5 2423066, 714050.6 2423067, 714076.8 2423066, 714102.9 2423064, 714128.9 2423060, 714154.6 2423056, 714180.1 2423050, 714205.2 2423042, 714229.8 2423033, 714254 2423023, 714277.6 2423012, 714300.6 2423000, 714323 2422986, 714344.5 2422971, 714365.3 2422955, 714385.2 2422938, 714404.2 2422920, 714422.2 2422901, 714439.2 2422881, 714455.2 2422860, 714470 2422839, 714483.7 2422817, 714496.1 2422794, 714507.4 2422770, 714517.4 2422746, 714526.2 2422721, 714533.6 2422696, 714539.7 2422671, 714544.5 2422645, 714547.9 2422619, 714550 2422593, 714550.6 2422567))"
5,20260514,Forest,7630.691399662732,27.6544837918879,1.344620015048909,1,Hani,土葬,无,0,1,0,330,93.68070640694182,320.8541424685712,1040.8970947265625,15.823226928710938,270.21611378143274,700250.2624511719,0,0.09797326223538651,1,48,231816.8243408203,0.331048536175286,3600,0.005141019137070336,0,1,0.0037718881010158287,-0.9999928864047751,8.939933736118437,3.3197878772766924,0.2961114564461827,"POLYGON ((718472 2414559, 718471.3 2414533, 718469.3 2414507, 718465.8 2414481, 718461.1 2414455, 718455 2414430, 718447.5 2414405, 718438.8 2414380, 718428.8 2414356, 718417.5 2414332, 718405 2414309, 718391.3 2414287, 718376.5 2414265, 718360.6 2414245, 718343.6 2414225, 718325.6 2414206, 718306.6 2414188, 718286.7 2414171, 718265.9 2414155, 718244.3 2414140, 718222 2414126, 718199 2414114, 718175.4 2414103, 718151.2 2414093, 718126.5 2414084, 718101.4 2414076, 718076 2414070, 718050.2 2414066, 718024.3 2414062, 717998.2 2414060, 717972 2414059, 717945.8 2414060, 717919.7 2414062, 717893.8 2414066, 717868 2414070, 717842.6 2414076, 717817.5 2414084, 717792.8 2414093, 717768.6 2414103, 717745 2414114, 717722 2414126, 717699.7 2414140, 717678.1 2414155, 717657.3 2414171, 717637.4 2414188, 717618.4 2414206, 717600.4 2414225, 717583.4 2414245, 717567.5 2414265, 717552.7 2414287, 717539 2414309, 717526.5 2414332, 717515.2 2414356, 717505.2 2414380, 717496.5 2414405, 717489 2414430, 717482.9 2414455, 717478.2 2414481, 717474.7 2414507, 717472.7 2414533, 717472 2414559, 717472.7 2414586, 717474.7 2414612, 717478.2 2414638, 717482.9 2414663, 717489 2414689, 717496.5 2414714, 717505.2 2414739, 717515.2 2414763, 717526.5 2414786, 717539 2414809, 717552.7 2414832, 717567.5 2414853, 717583.4 2414874, 717600.4 2414894, 717618.4 2414913, 717637.4 2414931, 717657.3 2414948, 717678.1 2414964, 717699.7 2414979, 717722 2414992, 717745 2415005, 717768.6 2415016, 717792.8 2415026, 717817.5 2415035, 717842.6 2415042, 717868 2415048, 717893.8 2415053, 717919.7 2415057, 717945.8 2415059, 717972 2415059, 717998.2 2415059, 718024.3 2415057, 718050.2 2415053, 718076 2415048, 718101.4 2415042, 718126.5 2415035, 718151.2 2415026, 718175.4 2415016, 718199 2415005, 718222 2414992, 718244.3 2414979, 718265.9 2414964, 718286.7 2414948, 718306.6 2414931, 718325.6 2414913, 718343.6 2414894, 718360.6 2414874, 718376.5 2414853, 718391.3 2414832, 718405 2414809, 718417.5 2414786, 718428.8 2414763, 718438.8 2414739, 718447.5 2414714, 718455 2414689, 718461.1 2414663, 718465.8 2414638, 718469.3 2414612, 718471.3 2414586, 718472 2414559))"
5,20260514,Forest,8188.0269814502535,88.83161082476238,1.7932636469221834,1,Hani,土葬,无,0,1,0,361,635.367315599946,1587.307270614649,898.6361083984375,12.239222526550293,240.31074176626282,259026.1688232422,212719.09790039062,0.11254416329806635,1,50,57331.56967163086,0.2213350486249656,1800,0.006949104826656756,0,1,-0.49529580939439727,-0.8687243873613477,9.01042824201882,4.4867425644094086,0.5840372261569906,"POLYGON ((719635.4 2420500, 719634.7 2420474, 719632.6 2420448, 719629.2 2420422, 719624.4 2420396, 719618.3 2420371, 719610.9 2420346, 719602.2 2420321, 719592.1 2420297, 719580.9 2420273, 719568.4 2420250, 719554.7 2420228, 719539.9 2420207, 719523.9 2420186, 719506.9 2420166, 719488.9 2420147, 719469.9 2420129, 719450 2420112, 719429.3 2420096, 719407.7 2420081, 719385.4 2420067, 719362.4 2420055, 719338.7 2420044, 719314.6 2420034, 719289.9 2420025, 719264.8 2420017, 719239.3 2420011, 719213.6 2420007, 719187.6 2420003, 719161.5 2420001, 719135.4 2420000, 719109.2 2420001, 719083.1 2420003, 719057.2 2420007, 719031.4 2420011, 719006 2420017, 718980.9 2420025, 718956.2 2420034, 718932 2420044, 718908.4 2420055, 718885.4 2420067, 718863.1 2420081, 718841.5 2420096, 718820.7 2420112, 718800.8 2420129, 718781.8 2420147, 718763.8 2420166, 718746.8 2420186, 718730.9 2420207, 718716 2420228, 718702.4 2420250, 718689.9 2420273, 718678.6 2420297, 718668.6 2420321, 718659.8 2420346, 718652.4 2420371, 718646.3 2420396, 718641.5 2420422, 718638.1 2420448, 718636.1 2420474, 718635.4 2420500, 718636.1 2420527, 718638.1 2420553, 718641.5 2420579, 718646.3 2420604, 718652.4 2420630, 718659.8 2420655, 718668.6 2420680, 718678.6 2420704, 718689.9 2420727, 718702.4 2420750, 718716 2420773, 718730.9 2420794, 718746.8 2420815, 718763.8 2420835, 718781.8 2420854, 718800.8 2420872, 718820.7 2420889, 718841.5 2420905, 718863.1 2420920, 718885.4 2420933, 718908.4 2420946, 718932 2420957, 718956.2 2420967, 718980.9 2420976, 719006 2420983, 719031.4 2420989, 719057.2 2420994, 719083.1 2420998, 719109.2 2421000, 719135.4 2421000, 719161.5 2421000, 719187.6 2420998, 719213.6 2420994, 719239.3 2420989, 719264.8 2420983, 719289.9 2420976, 719314.6 2420967, 719338.7 2420957, 719362.4 2420946, 719385.4 2420933, 719407.7 2420920, 719429.3 2420905, 719450 2420889, 719469.9 2420872, 719488.9 2420854, 719506.9 2420835, 719523.9 2420815, 719539.9 2420794, 719554.7 2420773, 719568.4 2420750, 719580.9 2420727, 719592.1 2420704, 719602.2 2420680, 719610.9 2420655, 719618.3 2420630, 719624.4 2420604, 719629.2 2420579, 719632.6 2420553, 719634.7 2420527, 719635.4 2420500))"
5,20260514,Forest,8188.0269814502535,88.83161082476238,1.7932636469221834,1,Hani,土葬,无,0,1,0,362,1029.3166832949703,1958.9820195128054,819.9801025390625,6.166589736938477,284.62008079864455,22137.804794311523,55688.92478942871,0.22752481599893257,1,51,3284.7119092941284,0.14837568312727015,900,0.04065443743687097,0,1,0.25240850164520157,-0.9676207667765426,9.01042824201882,4.4867425644094086,0.5840372261569906,"POLYGON ((718314.1 2421733, 718313.4 2421707, 718311.4 2421681, 718308 2421655, 718303.2 2421629, 718297.1 2421604, 718289.6 2421579, 718280.9 2421554, 718270.9 2421530, 718259.6 2421506, 718247.1 2421483, 718233.4 2421461, 718218.6 2421439, 718202.7 2421419, 718185.7 2421399, 718167.7 2421380, 718148.7 2421362, 718128.8 2421345, 718108 2421329, 718086.4 2421314, 718064.1 2421300, 718041.1 2421288, 718017.5 2421277, 717993.3 2421267, 717968.6 2421258, 717943.5 2421250, 717918.1 2421244, 717892.3 2421239, 717866.4 2421236, 717840.3 2421234, 717814.1 2421233, 717787.9 2421234, 717761.8 2421236, 717735.9 2421239, 717710.2 2421244, 717684.7 2421250, 717659.6 2421258, 717634.9 2421267, 717610.7 2421277, 717587.1 2421288, 717564.1 2421300, 717541.8 2421314, 717520.2 2421329, 717499.4 2421345, 717479.5 2421362, 717460.6 2421380, 717442.5 2421399, 717425.5 2421419, 717409.6 2421439, 717394.8 2421461, 717381.1 2421483, 717368.6 2421506, 717357.3 2421530, 717347.3 2421554, 717338.6 2421579, 717331.1 2421604, 717325 2421629, 717320.3 2421655, 717316.8 2421681, 717314.8 2421707, 717314.1 2421733, 717314.8 2421759, 717316.8 2421786, 717320.3 2421812, 717325 2421837, 717331.1 2421863, 717338.6 2421888, 717347.3 2421913, 717357.3 2421937, 717368.6 2421960, 717381.1 2421983, 717394.8 2422006, 717409.6 2422027, 717425.5 2422048, 717442.5 2422068, 717460.6 2422087, 717479.5 2422105, 717499.4 2422122, 717520.2 2422138, 717541.8 2422153, 717564.1 2422166, 717587.1 2422179, 717610.7 2422190, 717634.9 2422200, 717659.6 2422209, 717684.7 2422216, 717710.2 2422222, 717735.9 2422227, 717761.8 2422231, 717787.9 2422233, 717814.1 2422233, 717840.3 2422233, 717866.4 2422231, 717892.3 2422227, 717918.1 2422222, 717943.5 2422216, 717968.6 2422209, 717993.3 2422200, 718017.5 2422190, 718041.1 2422179, 718064.1 2422166, 718086.4 2422153, 718108 2422138, 718128.8 2422122, 718148.7 2422105, 718167.7 2422087, 718185.7 2422068, 718202.7 2422048, 718218.6 2422027, 718233.4 2422006, 718247.1 2421983, 718259.6 2421960, 718270.9 2421937, 718280.9 2421913, 718289.6 2421888, 718297.1 2421863, 718303.2 2421837, 718308 2421812, 718311.4 2421786, 718313.4 2421759, 718314.1 2421733))"
5,20260514,Forest,28221.39534883721,36.32440798387466,1.8620967741935484,1,Hani,土葬,无,0,1,0,364,814.7055180619949,1201.7806774671276,815.42999267578125,12.252863883972168,105.30473453529372,21310.709381103516,25825.05340576172,0.2007448386607199,1,52,16654.331016540527,0.781500545979391,900,0.04223228724605675,0,1,-0.2639527535588417,0.9645356104824255,10.247835669571991,3.59248991156372,0.6217031507554128,"POLYGON ((673874.7 2425443, 673874 2425417, 673872 2425390, 673868.5 2425365, 673863.8 2425339, 673857.7 2425313, 673850.2 2425288, 673841.5 2425264, 673831.5 2425239, 673820.2 2425216, 673807.7 2425193, 673794 2425170, 673779.2 2425149, 673763.3 2425128, 673746.3 2425108, 673728.2 2425089, 673709.3 2425071, 673689.4 2425054, 673668.6 2425038, 673647 2425023, 673624.7 2425010, 673601.7 2424997, 673578.1 2424986, 673553.9 2424976, 673529.2 2424967, 673504.1 2424960, 673478.6 2424954, 673452.9 2424949, 673427 2424945, 673400.9 2424943, 673374.7 2424943, 673348.5 2424943, 673322.4 2424945, 673296.5 2424949, 673270.7 2424954, 673245.3 2424960, 673220.2 2424967, 673195.5 2424976, 673171.3 2424986, 673147.7 2424997, 673124.7 2425010, 673102.4 2425023, 673080.8 2425038, 673060 2425054, 673040.1 2425071, 673021.1 2425089, 673003.1 2425108, 672986.1 2425128, 672970.2 2425149, 672955.4 2425170, 672941.7 2425193, 672929.2 2425216, 672917.9 2425239, 672907.9 2425264, 672899.2 2425288, 672891.7 2425313, 672885.6 2425339, 672880.8 2425365, 672877.4 2425390, 672875.4 2425417, 672874.7 2425443, 672875.4 2425469, 672877.4 2425495, 672880.8 2425521, 672885.6 2425547, 672891.7 2425572, 672899.2 2425597, 672907.9 2425622, 672917.9 2425646, 672929.2 2425670, 672941.7 2425693, 672955.4 2425715, 672970.2 2425737, 672986.1 2425757, 673003.1 2425777, 673021.1 2425796, 673040.1 2425814, 673060 2425831, 673080.8 2425847, 673102.4 2425862, 673124.7 2425876, 673147.7 2425888, 673171.3 2425900, 673195.5 2425910, 673220.2 2425918, 673245.3 2425926, 673270.7 2425932, 673296.5 2425937, 673322.4 2425940, 673348.5 2425942, 673374.7 2425943, 673400.9 2425942, 673427 2425940, 673452.9 2425937, 673478.6 2425932, 673504.1 2425926, 673529.2 2425918, 673553.9 2425910, 673578.1 2425900, 673601.7 2425888, 673624.7 2425876, 673647 2425862, 673668.6 2425847, 673689.4 2425831, 673709.3 2425814, 673728.2 2425796, 673746.3 2425777, 673763.3 2425757, 673779.2 2425737, 673794 2425715, 673807.7 2425693, 673820.2 2425670, 673831.5 2425646, 673841.5 2425622, 673850.2 2425597, 673857.7 2425572, 673863.8 2425547, 673868.5 2425521, 673872 2425495, 673874 2425469, 673874.7 2425443))"
5,20260514,Forest,5282.758620689656,45.034925325073786,2.4836279339321936,1,Hani,土葬,无,0,1,0,378,435.5505540840779,1560.374205404705,891.5599365234375,9.972146034240723,81.55231172556675,191064.16625976562,47681.412506103516,0.26122975931751585,1,53,62220.29342651367,0.3256512963394751,44979.22554016113,0.23541424025585522,0,1,0.14690636644715452,0.9891504028697022,8.572203706302155,3.8074383070812012,0.9097203678008794,"POLYGON ((652655.5 2472020, 652654.9 2471994, 652652.8 2471968, 652649.4 2471942, 652644.6 2471916, 652638.5 2471891, 652631.1 2471866, 652622.3 2471841, 652612.3 2471817, 652601 2471793, 652588.5 2471770, 652574.9 2471748, 652560 2471726, 652544.1 2471706, 652527.1 2471686, 652509.1 2471667, 652490.1 2471649, 652470.2 2471632, 652449.4 2471616, 652427.9 2471601, 652405.5 2471587, 652382.5 2471575, 652358.9 2471564, 652334.7 2471553, 652310 2471545, 652284.9 2471537, 652259.5 2471531, 652233.8 2471526, 652207.8 2471523, 652181.7 2471521, 652155.5 2471520, 652129.4 2471521, 652103.3 2471523, 652077.3 2471526, 652051.6 2471531, 652026.1 2471537, 652001 2471545, 651976.4 2471553, 651952.2 2471564, 651928.5 2471575, 651905.5 2471587, 651883.2 2471601, 651861.6 2471616, 651840.9 2471632, 651821 2471649, 651802 2471667, 651784 2471686, 651767 2471706, 651751 2471726, 651736.2 2471748, 651722.5 2471770, 651710 2471793, 651698.8 2471817, 651688.7 2471841, 651680 2471866, 651672.6 2471891, 651666.5 2471916, 651661.7 2471942, 651658.3 2471968, 651656.2 2471994, 651655.5 2472020, 651656.2 2472046, 651658.3 2472073, 651661.7 2472099, 651666.5 2472124, 651672.6 2472150, 651680 2472175, 651688.7 2472199, 651698.8 2472224, 651710 2472247, 651722.5 2472270, 651736.2 2472293, 651751 2472314, 651767 2472335, 651784 2472355, 651802 2472374, 651821 2472392, 651840.9 2472409, 651861.6 2472425, 651883.2 2472440, 651905.5 2472453, 651928.5 2472466, 651952.2 2472477, 651976.4 2472487, 652001 2472496, 652026.1 2472503, 652051.6 2472509, 652077.3 2472514, 652103.3 2472518, 652129.4 2472520, 652155.5 2472520, 652181.7 2472520, 652207.8 2472518, 652233.8 2472514, 652259.5 2472509, 652284.9 2472503, 652310 2472496, 652334.7 2472487, 652358.9 2472477, 652382.5 2472466, 652405.5 2472453, 652427.9 2472440, 652449.4 2472425, 652470.2 2472409, 652490.1 2472392, 652509.1 2472374, 652527.1 2472355, 652544.1 2472335, 652560 2472314, 652574.9 2472293, 652588.5 2472270, 652601 2472247, 652612.3 2472224, 652622.3 2472199, 652631.1 2472175, 652638.5 2472150, 652644.6 2472124, 652649.4 2472099, 652652.8 2472073, 652654.9 2472046, 652655.5 2472020))"
5,20260514,Forest,5282.758620689656,45.034925325073786,2.4836279339321936,1,Hani,土葬,无,0,1,0,379,959.3348699850279,1840.5229494558662,951.04791259765625,11.620097160339355,118.4279643852197,441081.298828125,13268.038272857666,0.1530686630455981,1,54,194730.97686767578,0.44148545264793937,165020.40252685547,0.3741269533876986,0,1,-0.4760534830060025,0.8794163299131156,8.572203706302155,3.8074383070812012,0.9097203678008794,"POLYGON ((652161.4 2471841, 652160.7 2471815, 652158.7 2471788, 652155.3 2471762, 652150.5 2471737, 652144.4 2471711, 652136.9 2471686, 652128.2 2471662, 652118.2 2471637, 652106.9 2471614, 652094.4 2471591, 652080.7 2471568, 652065.9 2471547, 652050 2471526, 652033 2471506, 652015 2471487, 651996 2471469, 651976.1 2471452, 651955.3 2471436, 651933.7 2471421, 651911.4 2471408, 651888.4 2471395, 651864.8 2471384, 651840.6 2471374, 651815.9 2471365, 651790.8 2471358, 651765.4 2471352, 651739.6 2471347, 651713.7 2471343, 651687.6 2471341, 651661.4 2471341, 651635.2 2471341, 651609.1 2471343, 651583.2 2471347, 651557.5 2471352, 651532 2471358, 651506.9 2471365, 651482.2 2471374, 651458 2471384, 651434.4 2471395, 651411.4 2471408, 651389.1 2471421, 651367.5 2471436, 651346.8 2471452, 651326.8 2471469, 651307.9 2471487, 651289.8 2471506, 651272.8 2471526, 651256.9 2471547, 651242.1 2471568, 651228.4 2471591, 651215.9 2471614, 651204.6 2471637, 651194.6 2471662, 651185.9 2471686, 651178.4 2471711, 651172.3 2471737, 651167.6 2471762, 651164.2 2471788, 651162.1 2471815, 651161.4 2471841, 651162.1 2471867, 651164.2 2471893, 651167.6 2471919, 651172.3 2471945, 651178.4 2471970, 651185.9 2471995, 651194.6 2472020, 651204.6 2472044, 651215.9 2472068, 651228.4 2472091, 651242.1 2472113, 651256.9 2472135, 651272.8 2472155, 651289.8 2472175, 651307.9 2472194, 651326.8 2472212, 651346.8 2472229, 651367.5 2472245, 651389.1 2472260, 651411.4 2472274, 651434.4 2472286, 651458 2472297, 651482.2 2472308, 651506.9 2472316, 651532 2472324, 651557.5 2472330, 651583.2 2472335, 651609.1 2472338, 651635.2 2472340, 651661.4 2472341, 651687.6 2472340, 651713.7 2472338, 651739.6 2472335, 651765.4 2472330, 651790.8 2472324, 651815.9 2472316, 651840.6 2472308, 651864.8 2472297, 651888.4 2472286, 651911.4 2472274, 651933.7 2472260, 651955.3 2472245, 651976.1 2472229, 651996 2472212, 652015 2472194, 652033 2472175, 652050 2472155, 652065.9 2472135, 652080.7 2472113, 652094.4 2472091, 652106.9 2472068, 652118.2 2472044, 652128.2 2472020, 652136.9 2471995, 652144.4 2471970, 652150.5 2471945, 652155.3 2471919, 652158.7 2471893, 652160.7 2471867, 652161.4 2471841))"
5,20260514,Forest,4113.793103448276,31.558234800298017,3.1961620469083156,1,Hani,土葬,无,0,1,0,388,28.70986864877312,802.4277290865205,1232.7445068359375,7.200429439544678,264.67697437397413,785039.3371582031,0,0.33114803724663994,1,55,0,0,339131.9366455078,0.43199355827587665,0,1,-0.09277073483495421,-0.995687496536028,8.322100778099534,3.4518345628639535,1.1619507296563183,"POLYGON ((648084.4 2468401, 648083.7 2468375, 648081.6 2468349, 648078.2 2468323, 648073.5 2468297, 648067.3 2468272, 648059.9 2468247, 648051.2 2468222, 648041.2 2468198, 648029.9 2468174, 648017.4 2468151, 648003.7 2468129, 647988.9 2468107, 647973 2468087, 647956 2468067, 647937.9 2468048, 647918.9 2468030, 647899 2468013, 647878.3 2467997, 647856.7 2467982, 647834.4 2467968, 647811.4 2467956, 647787.7 2467944, 647763.6 2467934, 647738.9 2467926, 647713.8 2467918, 647688.3 2467912, 647662.6 2467907, 647636.6 2467904, 647610.5 2467902, 647584.4 2467901, 647558.2 2467902, 647532.1 2467904, 647506.2 2467907, 647480.4 2467912, 647455 2467918, 647429.9 2467926, 647405.2 2467934, 647381 2467944, 647357.4 2467956, 647334.4 2467968, 647312.1 2467982, 647290.5 2467997, 647269.7 2468013, 647249.8 2468030, 647230.8 2468048, 647212.8 2468067, 647195.8 2468087, 647179.9 2468107, 647165 2468129, 647151.4 2468151, 647138.9 2468174, 647127.6 2468198, 647117.6 2468222, 647108.9 2468247, 647101.4 2468272, 647095.3 2468297, 647090.5 2468323, 647087.1 2468349, 647085.1 2468375, 647084.4 2468401, 647085.1 2468427, 647087.1 2468453, 647090.5 2468479, 647095.3 2468505, 647101.4 2468531, 647108.9 2468556, 647117.6 2468580, 647127.6 2468605, 647138.9 2468628, 647151.4 2468651, 647165 2468674, 647179.9 2468695, 647195.8 2468716, 647212.8 2468736, 647230.8 2468755, 647249.8 2468773, 647269.7 2468790, 647290.5 2468806, 647312.1 2468821, 647334.4 2468834, 647357.4 2468847, 647381 2468858, 647405.2 2468868, 647429.9 2468877, 647455 2468884, 647480.4 2468890, 647506.2 2468895, 647532.1 2468898, 647558.2 2468901, 647584.4 2468901, 647610.5 2468901, 647636.6 2468898, 647662.6 2468895, 647688.3 2468890, 647713.8 2468884, 647738.9 2468877, 647763.6 2468868, 647787.7 2468858, 647811.4 2468847, 647834.4 2468834, 647856.7 2468821, 647878.3 2468806, 647899 2468790, 647918.9 2468773, 647937.9 2468755, 647956 2468736, 647973 2468716, 647988.9 2468695, 648003.7 2468674, 648017.4 2468651, 648029.9 2468628, 648041.2 2468605, 648051.2 2468580, 648059.9 2468556, 648067.3 2468531, 648073.5 2468505, 648078.2 2468479, 648081.6 2468453, 648083.7 2468427, 648084.4 2468401))"
5,20260514,Forest,4113.793103448276,31.558234800298017,3.1961620469083156,1,Hani,土葬,无,0,1,0,389,22.73719695337618,1970.9062659466658,1255.704345703125,12.084240913391113,136.92857919125416,785039.3371582031,0,0.15144465710039617,1,56,0,0,371299.9328613281,0.47296984404044307,0,1,-0.7305030034048471,0.6829094830330722,8.322100778099534,3.4518345628639535,1.1619507296563183,"POLYGON ((649294.8 2468472, 649294.1 2468445, 649292.1 2468419, 649288.7 2468393, 649283.9 2468368, 649277.8 2468342, 649270.3 2468317, 649261.6 2468292, 649251.6 2468268, 649240.3 2468245, 649227.8 2468222, 649214.1 2468199, 649199.3 2468178, 649183.4 2468157, 649166.4 2468137, 649148.4 2468118, 649129.4 2468100, 649109.5 2468083, 649088.7 2468067, 649067.1 2468052, 649044.8 2468039, 649021.8 2468026, 648998.2 2468015, 648974 2468005, 648949.3 2467996, 648924.2 2467989, 648898.8 2467983, 648873 2467978, 648847.1 2467974, 648821 2467972, 648794.8 2467972, 648768.6 2467972, 648742.5 2467974, 648716.6 2467978, 648690.9 2467983, 648665.4 2467989, 648640.3 2467996, 648615.6 2468005, 648591.4 2468015, 648567.8 2468026, 648544.8 2468039, 648522.5 2468052, 648500.9 2468067, 648480.1 2468083, 648460.2 2468100, 648441.3 2468118, 648423.2 2468137, 648406.2 2468157, 648390.3 2468178, 648375.5 2468199, 648361.8 2468222, 648349.3 2468245, 648338 2468268, 648328 2468292, 648319.3 2468317, 648311.8 2468342, 648305.7 2468368, 648301 2468393, 648297.5 2468419, 648295.5 2468445, 648294.8 2468472, 648295.5 2468498, 648297.5 2468524, 648301 2468550, 648305.7 2468576, 648311.8 2468601, 648319.3 2468626, 648328 2468651, 648338 2468675, 648349.3 2468699, 648361.8 2468722, 648375.5 2468744, 648390.3 2468766, 648406.2 2468786, 648423.2 2468806, 648441.3 2468825, 648460.2 2468843, 648480.1 2468860, 648500.9 2468876, 648522.5 2468891, 648544.8 2468905, 648567.8 2468917, 648591.4 2468928, 648615.6 2468938, 648640.3 2468947, 648665.4 2468955, 648690.9 2468961, 648716.6 2468965, 648742.5 2468969, 648768.6 2468971, 648794.8 2468972, 648821 2468971, 648847.1 2468969, 648873 2468965, 648898.8 2468961, 648924.2 2468955, 648949.3 2468947, 648974 2468938, 648998.2 2468928, 649021.8 2468917, 649044.8 2468905, 649067.1 2468891, 649088.7 2468876, 649109.5 2468860, 649129.4 2468843, 649148.4 2468825, 649166.4 2468806, 649183.4 2468786, 649199.3 2468766, 649214.1 2468744, 649227.8 2468722, 649240.3 2468699, 649251.6 2468675, 649261.6 2468651, 649270.3 2468626, 649277.8 2468601, 649283.9 2468576, 649288.7 2468550, 649292.1 2468524, 649294.1 2468498, 649294.8 2468472))"
5,20260514,Forest,4113.793103448276,31.558234800298017,3.1961620469083156,1,Hani,土葬,无,0,1,0,390,287.2401910152399,1014.4350748485687,1317.219970703125,8.956334114074707,41.65077423438458,785039.3371582031,0,0.2653688131825219,1,57,0,0,153507.80181884766,0.1955415411086749,0,1,0.7472094404340517,0.6645886337624435,8.322100778099534,3.4518345628639535,1.1619507296563183,"POLYGON ((653544.8 2466139, 653544.1 2466113, 653542 2466087, 653538.6 2466061, 653533.8 2466035, 653527.7 2466010, 653520.3 2465985, 653511.5 2465960, 653501.5 2465936, 653490.3 2465912, 653477.8 2465889, 653464.1 2465867, 653449.3 2465845, 653433.3 2465825, 653416.3 2465805, 653398.3 2465786, 653379.3 2465768, 653359.4 2465751, 653338.6 2465735, 653317.1 2465720, 653294.8 2465706, 653271.7 2465694, 653248.1 2465682, 653223.9 2465672, 653199.3 2465664, 653174.2 2465656, 653148.7 2465650, 653123 2465645, 653097 2465642, 653070.9 2465640, 653044.8 2465639, 653018.6 2465640, 652992.5 2465642, 652966.5 2465645, 652940.8 2465650, 652915.3 2465656, 652890.2 2465664, 652865.6 2465672, 652841.4 2465682, 652817.8 2465694, 652794.8 2465706, 652772.4 2465720, 652750.9 2465735, 652730.1 2465751, 652710.2 2465768, 652691.2 2465786, 652673.2 2465805, 652656.2 2465825, 652640.2 2465845, 652625.4 2465867, 652611.7 2465889, 652599.2 2465912, 652588 2465936, 652578 2465960, 652569.2 2465985, 652561.8 2466010, 652555.7 2466035, 652550.9 2466061, 652547.5 2466087, 652545.4 2466113, 652544.8 2466139, 652545.4 2466165, 652547.5 2466192, 652550.9 2466217, 652555.7 2466243, 652561.8 2466269, 652569.2 2466294, 652578 2466318, 652588 2466343, 652599.2 2466366, 652611.7 2466389, 652625.4 2466412, 652640.2 2466433, 652656.2 2466454, 652673.2 2466474, 652691.2 2466493, 652710.2 2466511, 652730.1 2466528, 652750.9 2466544, 652772.4 2466559, 652794.8 2466572, 652817.8 2466585, 652841.4 2466596, 652865.6 2466606, 652890.2 2466615, 652915.3 2466622, 652940.8 2466628, 652966.5 2466633, 652992.5 2466637, 653018.6 2466639, 653044.8 2466639, 653070.9 2466639, 653097 2466637, 653123 2466633, 653148.7 2466628, 653174.2 2466622, 653199.3 2466615, 653223.9 2466606, 653248.1 2466596, 653271.7 2466585, 653294.8 2466572, 653317.1 2466559, 653338.6 2466544, 653359.4 2466528, 653379.3 2466511, 653398.3 2466493, 653416.3 2466474, 653433.3 2466454, 653449.3 2466433, 653464.1 2466412, 653477.8 2466389, 653490.3 2466366, 653501.5 2466343, 653511.5 2466318, 653520.3 2466294, 653527.7 2466269, 653533.8 2466243, 653538.6 2466217, 653542 2466192, 653544.1 2466165, 653544.8 2466139))"
5,20260514,Forest,4113.793103448276,31.558234800298017,3.1961620469083156,1,Hani,土葬,无,0,1,0,392,563.0333812541395,1692.0497695546267,1331.08837890625,8.942450523376465,33.29755192967498,785039.3371582031,0,0.17803170851774033,1,58,0,0,338190.05126953125,0.43079376441664646,0,1,0.8358308186415188,0.5489871060499041,8.322100778099534,3.4518345628639535,1.1619507296563183,"POLYGON ((651142.6 2466052, 651141.9 2466026, 651139.8 2466000, 651136.4 2465974, 651131.6 2465948, 651125.5 2465923, 651118.1 2465898, 651109.4 2465873, 651099.3 2465849, 651088.1 2465825, 651075.6 2465802, 651061.9 2465780, 651047.1 2465759, 651031.1 2465738, 651014.1 2465718, 650996.1 2465699, 650977.1 2465681, 650957.2 2465664, 650936.5 2465648, 650914.9 2465633, 650892.6 2465619, 650869.6 2465607, 650845.9 2465596, 650821.7 2465586, 650797.1 2465577, 650772 2465569, 650746.5 2465563, 650720.8 2465559, 650694.8 2465555, 650668.7 2465553, 650642.6 2465552, 650616.4 2465553, 650590.3 2465555, 650564.3 2465559, 650538.6 2465563, 650513.2 2465569, 650488.1 2465577, 650463.4 2465586, 650439.2 2465596, 650415.6 2465607, 650392.6 2465619, 650370.2 2465633, 650348.7 2465648, 650327.9 2465664, 650308 2465681, 650289 2465699, 650271 2465718, 650254 2465738, 650238.1 2465759, 650223.2 2465780, 650209.6 2465802, 650197.1 2465825, 650185.8 2465849, 650175.8 2465873, 650167 2465898, 650159.6 2465923, 650153.5 2465948, 650148.7 2465974, 650145.3 2466000, 650143.2 2466026, 650142.6 2466052, 650143.2 2466079, 650145.3 2466105, 650148.7 2466131, 650153.5 2466156, 650159.6 2466182, 650167 2466207, 650175.8 2466232, 650185.8 2466256, 650197.1 2466279, 650209.6 2466302, 650223.2 2466325, 650238.1 2466346, 650254 2466367, 650271 2466387, 650289 2466406, 650308 2466424, 650327.9 2466441, 650348.7 2466457, 650370.2 2466472, 650392.6 2466485, 650415.6 2466498, 650439.2 2466509, 650463.4 2466519, 650488.1 2466528, 650513.2 2466535, 650538.6 2466542, 650564.3 2466546, 650590.3 2466550, 650616.4 2466552, 650642.6 2466552, 650668.7 2466552, 650694.8 2466550, 650720.8 2466546, 650746.5 2466542, 650772 2466535, 650797.1 2466528, 650821.7 2466519, 650845.9 2466509, 650869.6 2466498, 650892.6 2466485, 650914.9 2466472, 650936.5 2466457, 650957.2 2466441, 650977.1 2466424, 650996.1 2466406, 651014.1 2466387, 651031.1 2466367, 651047.1 2466346, 651061.9 2466325, 651075.6 2466302, 651088.1 2466279, 651099.3 2466256, 651109.4 2466232, 651118.1 2466207, 651125.5 2466182, 651131.6 2466156, 651136.4 2466131, 651139.8 2466105, 651141.9 2466079, 651142.6 2466052))"
5,20260514,Forest,2450.16501650165,57.28017654528843,3.139765952748951,1,Hani,土葬,无,0,1,0,397,395.29355021555006,583.1332977343492,1611.177734375,9.163010597229004,55.654555887207685,785039.3371582031,0,0.26310041337264944,1,63,0,0,268657.11364746094,0.3422212122770613,0,1,0.5641810909772789,0.8256510743550737,7.803910654944759,4.047954604793039,1.144148259801018,"POLYGON ((643317.3 2407567, 643316.6 2407541, 643314.5 2407515, 643311.1 2407489, 643306.4 2407463, 643300.2 2407438, 643292.8 2407413, 643284.1 2407388, 643274.1 2407364, 643262.8 2407340, 643250.3 2407317, 643236.6 2407295, 643221.8 2407273, 643205.9 2407253, 643188.9 2407233, 643170.8 2407214, 643151.8 2407196, 643131.9 2407179, 643111.2 2407163, 643089.6 2407148, 643067.3 2407134, 643044.3 2407122, 643020.7 2407110, 642996.5 2407100, 642971.8 2407092, 642946.7 2407084, 642921.2 2407078, 642895.5 2407073, 642869.5 2407070, 642843.5 2407068, 642817.3 2407067, 642791.1 2407068, 642765 2407070, 642739.1 2407073, 642713.3 2407078, 642687.9 2407084, 642662.8 2407092, 642638.1 2407100, 642613.9 2407110, 642590.3 2407122, 642567.3 2407134, 642545 2407148, 642523.4 2407163, 642502.6 2407179, 642482.7 2407196, 642463.7 2407214, 642445.7 2407233, 642428.7 2407253, 642412.8 2407273, 642397.9 2407295, 642384.3 2407317, 642371.8 2407340, 642360.5 2407364, 642350.5 2407388, 642341.8 2407413, 642334.3 2407438, 642328.2 2407463, 642323.4 2407489, 642320 2407515, 642318 2407541, 642317.3 2407567, 642318 2407593, 642320 2407620, 642323.4 2407645, 642328.2 2407671, 642334.3 2407697, 642341.8 2407722, 642350.5 2407746, 642360.5 2407771, 642371.8 2407794, 642384.3 2407817, 642397.9 2407840, 642412.8 2407861, 642428.7 2407882, 642445.7 2407902, 642463.7 2407921, 642482.7 2407939, 642502.6 2407956, 642523.4 2407972, 642545 2407987, 642567.3 2408000, 642590.3 2408013, 642613.9 2408024, 642638.1 2408034, 642662.8 2408043, 642687.9 2408050, 642713.3 2408056, 642739.1 2408061, 642765 2408065, 642791.1 2408067, 642817.3 2408067, 642843.5 2408067, 642869.5 2408065, 642895.5 2408061, 642921.2 2408056, 642946.7 2408050, 642971.8 2408043, 642996.5 2408034, 643020.7 2408024, 643044.3 2408013, 643067.3 2408000, 643089.6 2407987, 643111.2 2407972, 643131.9 2407956, 643151.8 2407939, 643170.8 2407921, 643188.9 2407902, 643205.9 2407882, 643221.8 2407861, 643236.6 2407840, 643250.3 2407817, 643262.8 2407794, 643274.1 2407771, 643284.1 2407746, 643292.8 2407722, 643300.2 2407697, 643306.4 2407671, 643311.1 2407645, 643314.5 2407620, 643316.6 2407593, 643317.3 2407567))"
5,20260514,Forest,2450.16501650165,57.28017654528843,3.139765952748951,1,Hani,土葬,无,0,1,0,398,136.14342044330456,432.67173195185643,1623.660888671875,11.858251571655273,4.815313047371954,768337.53662109375,0,0.14920272360257933,1,64,120577.12097167969,0.15693248764330825,148176.96075439453,0.1928539914970575,0,1,0.9964704596608417,0.08394416610647142,7.803910654944759,4.047954604793039,1.144148259801018,"POLYGON ((645094.5 2408098, 645093.8 2408072, 645091.8 2408045, 645088.4 2408020, 645083.6 2407994, 645077.5 2407968, 645070 2407943, 645061.3 2407919, 645051.3 2407894, 645040 2407871, 645027.5 2407848, 645013.8 2407825, 644999 2407804, 644983.1 2407783, 644966.1 2407763, 644948.1 2407744, 644929.1 2407726, 644909.2 2407709, 644888.4 2407693, 644866.8 2407678, 644844.5 2407665, 644821.5 2407652, 644797.9 2407641, 644773.7 2407631, 644749 2407622, 644723.9 2407615, 644698.5 2407609, 644672.7 2407604, 644646.8 2407600, 644620.7 2407598, 644594.5 2407598, 644568.3 2407598, 644542.2 2407600, 644516.3 2407604, 644490.6 2407609, 644465.1 2407615, 644440 2407622, 644415.3 2407631, 644391.1 2407641, 644367.5 2407652, 644344.5 2407665, 644322.2 2407678, 644300.6 2407693, 644279.8 2407709, 644259.9 2407726, 644241 2407744, 644222.9 2407763, 644205.9 2407783, 644190 2407804, 644175.2 2407825, 644161.5 2407848, 644149 2407871, 644137.7 2407894, 644127.7 2407919, 644119 2407943, 644111.5 2407968, 644105.4 2407994, 644100.7 2408020, 644097.2 2408045, 644095.2 2408072, 644094.5 2408098, 644095.2 2408124, 644097.2 2408150, 644100.7 2408176, 644105.4 2408202, 644111.5 2408227, 644119 2408252, 644127.7 2408277, 644137.7 2408301, 644149 2408325, 644161.5 2408348, 644175.2 2408370, 644190 2408392, 644205.9 2408412, 644222.9 2408432, 644241 2408451, 644259.9 2408469, 644279.8 2408486, 644300.6 2408502, 644322.2 2408517, 644344.5 2408531, 644367.5 2408543, 644391.1 2408555, 644415.3 2408565, 644440 2408573, 644465.1 2408581, 644490.6 2408587, 644516.3 2408592, 644542.2 2408595, 644568.3 2408597, 644594.5 2408598, 644620.7 2408597, 644646.8 2408595, 644672.7 2408592, 644698.5 2408587, 644723.9 2408581, 644749 2408573, 644773.7 2408565, 644797.9 2408555, 644821.5 2408543, 644844.5 2408531, 644866.8 2408517, 644888.4 2408502, 644909.2 2408486, 644929.1 2408469, 644948.1 2408451, 644966.1 2408432, 644983.1 2408412, 644999 2408392, 645013.8 2408370, 645027.5 2408348, 645040 2408325, 645051.3 2408301, 645061.3 2408277, 645070 2408252, 645077.5 2408227, 645083.6 2408202, 645088.4 2408176, 645091.8 2408150, 645093.8 2408124, 645094.5 2408098))"
5,20260514,Forest,4496.109318656291,53.343051017456666,0.9828130480533146,1,Hani,土葬,无,0,1,0,418,193.2162715840572,2235.4652851057563,732.76934814453125,7.574898719787598,35.98548891576778,149374.58038330078,88925.33798217773,0.29168958022502794,1,67,118622.17254638672,0.7941255616718572,10286.514472961426,0.06886388866543319,0,1,0.8091658345626792,0.5875803367850927,8.410967705925682,3.9767437165454274,-0.01733636201571971,"POLYGON ((669277.3 2378017, 669276.6 2377991, 669274.6 2377965, 669271.1 2377939, 669266.4 2377913, 669260.3 2377888, 669252.8 2377862, 669244.1 2377838, 669234.1 2377814, 669222.8 2377790, 669210.3 2377767, 669196.6 2377745, 669181.8 2377723, 669165.9 2377702, 669148.9 2377682, 669130.9 2377663, 669111.9 2377645, 669092 2377628, 669071.2 2377612, 669049.6 2377598, 669027.3 2377584, 669004.3 2377571, 668980.7 2377560, 668956.5 2377550, 668931.8 2377541, 668906.7 2377534, 668881.3 2377528, 668855.5 2377523, 668829.6 2377520, 668803.5 2377518, 668777.3 2377517, 668751.1 2377518, 668725 2377520, 668699.1 2377523, 668673.3 2377528, 668647.9 2377534, 668622.8 2377541, 668598.1 2377550, 668573.9 2377560, 668550.3 2377571, 668527.3 2377584, 668505 2377598, 668483.4 2377612, 668462.6 2377628, 668442.7 2377645, 668423.8 2377663, 668405.7 2377682, 668388.7 2377702, 668372.8 2377723, 668358 2377745, 668344.3 2377767, 668331.8 2377790, 668320.5 2377814, 668310.5 2377838, 668301.8 2377862, 668294.3 2377888, 668288.2 2377913, 668283.5 2377939, 668280 2377965, 668278 2377991, 668277.3 2378017, 668278 2378043, 668280 2378069, 668283.5 2378095, 668288.2 2378121, 668294.3 2378146, 668301.8 2378171, 668310.5 2378196, 668320.5 2378220, 668331.8 2378244, 668344.3 2378267, 668358 2378289, 668372.8 2378311, 668388.7 2378332, 668405.7 2378352, 668423.8 2378371, 668442.7 2378389, 668462.6 2378406, 668483.4 2378421, 668505 2378436, 668527.3 2378450, 668550.3 2378462, 668573.9 2378474, 668598.1 2378484, 668622.8 2378493, 668647.9 2378500, 668673.3 2378506, 668699.1 2378511, 668725 2378514, 668751.1 2378516, 668777.3 2378517, 668803.5 2378516, 668829.6 2378514, 668855.5 2378511, 668881.3 2378506, 668906.7 2378500, 668931.8 2378493, 668956.5 2378484, 668980.7 2378474, 669004.3 2378462, 669027.3 2378450, 669049.6 2378436, 669071.2 2378421, 669092 2378406, 669111.9 2378389, 669130.9 2378371, 669148.9 2378352, 669165.9 2378332, 669181.8 2378311, 669196.6 2378289, 669210.3 2378267, 669222.8 2378244, 669234.1 2378220, 669244.1 2378196, 669252.8 2378171, 669260.3 2378146, 669266.4 2378121, 669271.1 2378095, 669274.6 2378069, 669276.6 2378043, 669277.3 2378017))"
5,20260514,Forest,4496.109318656291,53.343051017456666,0.9828130480533146,1,Hani,土葬,无,0,1,0,421,202.80818670912447,2052.3756997268697,724.43157958984375,6.9476776123046875,58.87928472701955,85072.6936340332,54937.36381530762,0.3722514795381172,1,68,63494.46716308594,0.7463554338155466,21578.231620788574,0.2536446267190514,0,1,0.5168428782235347,0.8560802761596674,8.410967705925682,3.9767437165454274,-0.01733636201571971,"POLYGON ((672990.8 2380632, 672990.2 2380606, 672988.1 2380580, 672984.7 2380554, 672979.9 2380528, 672973.8 2380503, 672966.4 2380478, 672957.6 2380453, 672947.6 2380429, 672936.3 2380405, 672923.9 2380382, 672910.2 2380360, 672895.3 2380338, 672879.4 2380318, 672862.4 2380298, 672844.4 2380279, 672825.4 2380261, 672805.5 2380244, 672784.7 2380228, 672763.2 2380213, 672740.8 2380199, 672717.8 2380187, 672694.2 2380175, 672670 2380165, 672645.3 2380157, 672620.2 2380149, 672594.8 2380143, 672569.1 2380138, 672543.1 2380135, 672517 2380133, 672490.8 2380132, 672464.7 2380133, 672438.6 2380135, 672412.6 2380138, 672386.9 2380143, 672361.4 2380149, 672336.3 2380157, 672311.7 2380165, 672287.5 2380175, 672263.8 2380187, 672240.8 2380199, 672218.5 2380213, 672196.9 2380228, 672176.2 2380244, 672156.3 2380261, 672137.3 2380279, 672119.3 2380298, 672102.3 2380318, 672086.3 2380338, 672071.5 2380360, 672057.8 2380382, 672045.3 2380405, 672034.1 2380429, 672024.1 2380453, 672015.3 2380478, 672007.9 2380503, 672001.8 2380528, 671997 2380554, 671993.6 2380580, 671991.5 2380606, 671990.8 2380632, 671991.5 2380658, 671993.6 2380684, 671997 2380710, 672001.8 2380736, 672007.9 2380762, 672015.3 2380787, 672024.1 2380811, 672034.1 2380836, 672045.3 2380859, 672057.8 2380882, 672071.5 2380905, 672086.3 2380926, 672102.3 2380947, 672119.3 2380967, 672137.3 2380986, 672156.3 2381004, 672176.2 2381021, 672196.9 2381037, 672218.5 2381052, 672240.8 2381065, 672263.8 2381078, 672287.5 2381089, 672311.7 2381099, 672336.3 2381108, 672361.4 2381115, 672386.9 2381121, 672412.6 2381126, 672438.6 2381129, 672464.7 2381132, 672490.8 2381132, 672517 2381132, 672543.1 2381129, 672569.1 2381126, 672594.8 2381121, 672620.2 2381115, 672645.3 2381108, 672670 2381099, 672694.2 2381089, 672717.8 2381078, 672740.8 2381065, 672763.2 2381052, 672784.7 2381037, 672805.5 2381021, 672825.4 2381004, 672844.4 2380986, 672862.4 2380967, 672879.4 2380947, 672895.3 2380926, 672910.2 2380905, 672923.9 2380882, 672936.3 2380859, 672947.6 2380836, 672957.6 2380811, 672966.4 2380787, 672973.8 2380762, 672979.9 2380736, 672984.7 2380710, 672988.1 2380684, 672990.2 2380658, 672990.8 2380632))"
5,20260514,Forest,3589.865249572974,26.95010593000912,0.75059382422802845,1,Hani,土葬,无,0,1,0,475,194.29025417554558,316.87091862546055,1244.9586181640625,14.651897430419922,36.26634944982148,785039.3371582031,0,0.13757345089455955,1,69,0,0,0,0,0,1,0.8062758402058622,0.5915397446497834,8.18586994583998,3.2939872279598648,-0.2868906200954694,"POLYGON ((665401.6 2389078, 665400.9 2389052, 665398.8 2389026, 665395.4 2389000, 665390.6 2388974, 665384.5 2388948, 665377.1 2388923, 665368.3 2388899, 665358.3 2388874, 665347.1 2388851, 665334.6 2388828, 665320.9 2388806, 665306.1 2388784, 665290.1 2388763, 665273.1 2388743, 665255.1 2388724, 665236.1 2388706, 665216.2 2388689, 665195.4 2388673, 665173.9 2388659, 665151.6 2388645, 665128.6 2388632, 665104.9 2388621, 665080.7 2388611, 665056.1 2388602, 665031 2388595, 665005.5 2388589, 664979.8 2388584, 664953.8 2388581, 664927.7 2388579, 664901.6 2388578, 664875.4 2388579, 664849.3 2388581, 664823.3 2388584, 664797.6 2388589, 664772.1 2388595, 664747 2388602, 664722.4 2388611, 664698.2 2388621, 664674.6 2388632, 664651.6 2388645, 664629.2 2388659, 664607.7 2388673, 664586.9 2388689, 664567 2388706, 664548 2388724, 664530 2388743, 664513 2388763, 664497 2388784, 664482.2 2388806, 664468.5 2388828, 664456.1 2388851, 664444.8 2388874, 664434.8 2388899, 664426 2388923, 664418.6 2388948, 664412.5 2388974, 664407.7 2389000, 664404.3 2389026, 664402.2 2389052, 664401.6 2389078, 664402.2 2389104, 664404.3 2389130, 664407.7 2389156, 664412.5 2389182, 664418.6 2389207, 664426 2389232, 664434.8 2389257, 664444.8 2389281, 664456.1 2389305, 664468.5 2389328, 664482.2 2389350, 664497 2389372, 664513 2389392, 664530 2389412, 664548 2389431, 664567 2389449, 664586.9 2389466, 664607.7 2389482, 664629.2 2389497, 664651.6 2389511, 664674.6 2389523, 664698.2 2389535, 664722.4 2389545, 664747 2389553, 664772.1 2389561, 664797.6 2389567, 664823.3 2389572, 664849.3 2389575, 664875.4 2389577, 664901.6 2389578, 664927.7 2389577, 664953.8 2389575, 664979.8 2389572, 665005.5 2389567, 665031 2389561, 665056.1 2389553, 665080.7 2389545, 665104.9 2389535, 665128.6 2389523, 665151.6 2389511, 665173.9 2389497, 665195.4 2389482, 665216.2 2389466, 665236.1 2389449, 665255.1 2389431, 665273.1 2389412, 665290.1 2389392, 665306.1 2389372, 665320.9 2389350, 665334.6 2389328, 665347.1 2389305, 665358.3 2389281, 665368.3 2389257, 665377.1 2389232, 665384.5 2389207, 665390.6 2389182, 665395.4 2389156, 665398.8 2389130, 665400.9 2389104, 665401.6 2389078))"
5,20260514,Forest,10271.398747390396,199.1808959632561,0.9636983553951063,1,Hani,土葬,无,0,1,0,476,784.414270654904,1094.5892222594496,684.94482421875,8.653236389160156,150.07584878888449,1648.283851146698,106010.56823730469,0.3848005736058568,1,70,1648.283851146698,1,0,0,0,1,-0.8666865502967694,0.49885310817382433,9.237118491057576,5.2942134367525195,-0.036976942679110336,"POLYGON ((671494.8 2385673, 671494.1 2385647, 671492 2385621, 671488.6 2385595, 671483.9 2385569, 671477.7 2385544, 671470.3 2385519, 671461.6 2385494, 671451.6 2385470, 671440.3 2385446, 671427.8 2385423, 671414.1 2385401, 671399.3 2385379, 671383.4 2385358, 671366.4 2385339, 671348.3 2385320, 671329.3 2385302, 671309.4 2385285, 671288.7 2385269, 671267.1 2385254, 671244.8 2385240, 671221.8 2385228, 671198.1 2385216, 671174 2385206, 671149.3 2385198, 671124.2 2385190, 671098.7 2385184, 671073 2385179, 671047 2385176, 671020.9 2385174, 670994.8 2385173, 670968.6 2385174, 670942.5 2385176, 670916.6 2385179, 670890.8 2385184, 670865.4 2385190, 670840.3 2385198, 670815.6 2385206, 670791.4 2385216, 670767.8 2385228, 670744.8 2385240, 670722.5 2385254, 670700.9 2385269, 670680.1 2385285, 670660.2 2385302, 670641.2 2385320, 670623.2 2385339, 670606.2 2385358, 670590.3 2385379, 670575.4 2385401, 670561.8 2385423, 670549.3 2385446, 670538 2385470, 670528 2385494, 670519.3 2385519, 670511.8 2385544, 670505.7 2385569, 670500.9 2385595, 670497.5 2385621, 670495.5 2385647, 670494.8 2385673, 670495.5 2385699, 670497.5 2385725, 670500.9 2385751, 670505.7 2385777, 670511.8 2385803, 670519.3 2385828, 670528 2385852, 670538 2385876, 670549.3 2385900, 670561.8 2385923, 670575.4 2385945, 670590.3 2385967, 670606.2 2385988, 670623.2 2386008, 670641.2 2386027, 670660.2 2386045, 670680.1 2386062, 670700.9 2386078, 670722.5 2386092, 670744.8 2386106, 670767.8 2386119, 670791.4 2386130, 670815.6 2386140, 670840.3 2386149, 670865.4 2386156, 670890.8 2386162, 670916.6 2386167, 670942.5 2386170, 670968.6 2386172, 670994.8 2386173, 671020.9 2386172, 671047 2386170, 671073 2386167, 671098.7 2386162, 671124.2 2386156, 671149.3 2386149, 671174 2386140, 671198.1 2386130, 671221.8 2386119, 671244.8 2386106, 671267.1 2386092, 671288.7 2386078, 671309.4 2386062, 671329.3 2386045, 671348.3 2386027, 671366.4 2386008, 671383.4 2385988, 671399.3 2385967, 671414.1 2385945, 671427.8 2385923, 671440.3 2385900, 671451.6 2385876, 671461.6 2385852, 671470.3 2385828, 671477.7 2385803, 671483.9 2385777, 671488.6 2385751, 671492 2385725, 671494.1 2385699, 671494.8 2385673))"
5,20260514,Forest,3378.2501423420003,27.32013936280332,2.0710014947683106,1,Hani,土葬,无,0,1,0,479,188.9912594240685,344.0514635065004,1412.9964599609375,15.742851257324219,94.38316074990014,785039.3371582031,0,0.12817268436578272,1,71,0,0,0,0,0,1,-0.07642599065700698,0.9970752569149909,8.125113145053028,3.3076241358170795,0.7280323041748045,"POLYGON ((663128.6 2408446, 663127.9 2408420, 663125.8 2408394, 663122.4 2408368, 663117.7 2408342, 663111.5 2408317, 663104.1 2408292, 663095.4 2408267, 663085.4 2408243, 663074.1 2408219, 663061.6 2408196, 663047.9 2408174, 663033.1 2408152, 663017.2 2408132, 663000.2 2408112, 662982.1 2408093, 662963.1 2408075, 662943.2 2408058, 662922.5 2408042, 662900.9 2408027, 662878.6 2408013, 662855.6 2408001, 662831.9 2407990, 662807.8 2407979, 662783.1 2407971, 662758 2407963, 662732.5 2407957, 662706.8 2407952, 662680.8 2407949, 662654.7 2407947, 662628.6 2407946, 662602.4 2407947, 662576.3 2407949, 662550.4 2407952, 662524.6 2407957, 662499.2 2407963, 662474.1 2407971, 662449.4 2407979, 662425.2 2407990, 662401.6 2408001, 662378.6 2408013, 662356.3 2408027, 662334.7 2408042, 662313.9 2408058, 662294 2408075, 662275 2408093, 662257 2408112, 662240 2408132, 662224.1 2408152, 662209.2 2408174, 662195.6 2408196, 662183.1 2408219, 662171.8 2408243, 662161.8 2408267, 662153.1 2408292, 662145.6 2408317, 662139.5 2408342, 662134.7 2408368, 662131.3 2408394, 662129.3 2408420, 662128.6 2408446, 662129.3 2408472, 662131.3 2408499, 662134.7 2408525, 662139.5 2408550, 662145.6 2408576, 662153.1 2408601, 662161.8 2408625, 662171.8 2408650, 662183.1 2408673, 662195.6 2408696, 662209.2 2408719, 662224.1 2408740, 662240 2408761, 662257 2408781, 662275 2408800, 662294 2408818, 662313.9 2408835, 662334.7 2408851, 662356.3 2408866, 662378.6 2408879, 662401.6 2408892, 662425.2 2408903, 662449.4 2408913, 662474.1 2408922, 662499.2 2408929, 662524.6 2408935, 662550.4 2408940, 662576.3 2408944, 662602.4 2408946, 662628.6 2408946, 662654.7 2408946, 662680.8 2408944, 662706.8 2408940, 662732.5 2408935, 662758 2408929, 662783.1 2408922, 662807.8 2408913, 662831.9 2408903, 662855.6 2408892, 662878.6 2408879, 662900.9 2408866, 662922.5 2408851, 662943.2 2408835, 662963.1 2408818, 662982.1 2408800, 663000.2 2408781, 663017.2 2408761, 663033.1 2408740, 663047.9 2408719, 663061.6 2408696, 663074.1 2408673, 663085.4 2408650, 663095.4 2408625, 663104.1 2408601, 663111.5 2408576, 663117.7 2408550, 663122.4 2408525, 663125.8 2408499, 663127.9 2408472, 663128.6 2408446))"
5,20260514,Forest,2715.8853672423606,19.408732153463,0.688783570300158,1,Hani,土葬,无,0,1,0,481,693.1200311321438,1468.9765778581254,850.31085205078125,10.121733665466309,166.0766108190429,144714.28985595703,319754.36096191406,0.2469672881560714,1,73,87421.53625488281,0.6040974691711427,4453.003835678101,0.03077100291968711,0,1,-0.9706183352366082,0.24062428660157154,7.906873281323348,2.9657230758029596,-0.3728281787951418,"POLYGON ((668970.4 2396529, 668969.7 2396503, 668967.7 2396477, 668964.2 2396451, 668959.5 2396425, 668953.4 2396399, 668945.9 2396374, 668937.2 2396350, 668927.2 2396325, 668915.9 2396302, 668903.4 2396279, 668889.7 2396256, 668874.9 2396235, 668859 2396214, 668842 2396194, 668824 2396175, 668805 2396157, 668785.1 2396140, 668764.3 2396124, 668742.7 2396109, 668720.4 2396096, 668697.4 2396083, 668673.8 2396072, 668649.6 2396062, 668624.9 2396053, 668599.8 2396046, 668574.4 2396040, 668548.6 2396035, 668522.7 2396032, 668496.6 2396029, 668470.4 2396029, 668444.2 2396029, 668418.1 2396032, 668392.2 2396035, 668366.4 2396040, 668341 2396046, 668315.9 2396053, 668291.2 2396062, 668267 2396072, 668243.4 2396083, 668220.4 2396096, 668198.1 2396109, 668176.5 2396124, 668155.7 2396140, 668135.8 2396157, 668116.8 2396175, 668098.8 2396194, 668081.8 2396214, 668065.9 2396235, 668051.1 2396256, 668037.4 2396279, 668024.9 2396302, 668013.6 2396325, 668003.6 2396350, 667994.9 2396374, 667987.4 2396399, 667981.3 2396425, 667976.6 2396451, 667973.1 2396477, 667971.1 2396503, 667970.4 2396529, 667971.1 2396555, 667973.1 2396581, 667976.6 2396607, 667981.3 2396633, 667987.4 2396658, 667994.9 2396683, 668003.6 2396708, 668013.6 2396732, 668024.9 2396756, 668037.4 2396779, 668051.1 2396801, 668065.9 2396823, 668081.8 2396843, 668098.8 2396863, 668116.8 2396882, 668135.8 2396900, 668155.7 2396917, 668176.5 2396933, 668198.1 2396948, 668220.4 2396962, 668243.4 2396974, 668267 2396986, 668291.2 2396996, 668315.9 2397004, 668341 2397012, 668366.4 2397018, 668392.2 2397023, 668418.1 2397026, 668444.2 2397028, 668470.4 2397029, 668496.6 2397028, 668522.7 2397026, 668548.6 2397023, 668574.4 2397018, 668599.8 2397012, 668624.9 2397004, 668649.6 2396996, 668673.8 2396986, 668697.4 2396974, 668720.4 2396962, 668742.7 2396948, 668764.3 2396933, 668785.1 2396917, 668805 2396900, 668824 2396882, 668842 2396863, 668859 2396843, 668874.9 2396823, 668889.7 2396801, 668903.4 2396779, 668915.9 2396756, 668927.2 2396732, 668937.2 2396708, 668945.9 2396683, 668953.4 2396658, 668959.5 2396633, 668964.2 2396607, 668967.7 2396581, 668969.7 2396555, 668970.4 2396529))"
5,20260514,Forest,2427.4055798064146,44.86582602524312,1.2636412749864938,1,Hani,土葬,无,0,1,0,482,212.11273118546268,356.90448981477255,1105.25537109375,16.525306701660156,304.0929233921788,785039.3371582031,0,0.07304136992766912,1,74,45600.746154785156,0.058087211680190716,38239.82734680176,0.04871071491172368,0,1,0.5605367164673037,-0.8281295728882367,7.794578303345739,3.8036763919311,0.23399745401068153,"POLYGON ((686905.5 2391879, 686904.8 2391853, 686902.7 2391827, 686899.3 2391801, 686894.6 2391775, 686888.5 2391750, 686881 2391725, 686872.3 2391700, 686862.3 2391676, 686851 2391652, 686838.5 2391629, 686824.8 2391607, 686810 2391585, 686794.1 2391565, 686777.1 2391545, 686759 2391526, 686740.1 2391508, 686720.1 2391491, 686699.4 2391475, 686677.8 2391460, 686655.5 2391446, 686632.5 2391434, 686608.9 2391422, 686584.7 2391412, 686560 2391404, 686534.9 2391396, 686509.4 2391390, 686483.7 2391385, 686457.8 2391382, 686431.7 2391380, 686405.5 2391379, 686379.3 2391380, 686353.2 2391382, 686327.3 2391385, 686301.5 2391390, 686276.1 2391396, 686251 2391404, 686226.3 2391412, 686202.1 2391422, 686178.5 2391434, 686155.5 2391446, 686133.2 2391460, 686111.6 2391475, 686090.8 2391491, 686070.9 2391508, 686051.9 2391526, 686033.9 2391545, 686016.9 2391565, 686001 2391585, 685986.2 2391607, 685972.5 2391629, 685960 2391652, 685948.7 2391676, 685938.7 2391700, 685930 2391725, 685922.5 2391750, 685916.4 2391775, 685911.6 2391801, 685908.2 2391827, 685906.2 2391853, 685905.5 2391879, 685906.2 2391905, 685908.2 2391931, 685911.6 2391957, 685916.4 2391983, 685922.5 2392009, 685930 2392034, 685938.7 2392058, 685948.7 2392083, 685960 2392106, 685972.5 2392129, 685986.2 2392152, 686001 2392173, 686016.9 2392194, 686033.9 2392214, 686051.9 2392233, 686070.9 2392251, 686090.8 2392268, 686111.6 2392284, 686133.2 2392299, 686155.5 2392312, 686178.5 2392325, 686202.1 2392336, 686226.3 2392346, 686251 2392355, 686276.1 2392362, 686301.5 2392368, 686327.3 2392373, 686353.2 2392376, 686379.3 2392379, 686405.5 2392379, 686431.7 2392379, 686457.8 2392376, 686483.7 2392373, 686509.4 2392368, 686534.9 2392362, 686560 2392355, 686584.7 2392346, 686608.9 2392336, 686632.5 2392325, 686655.5 2392312, 686677.8 2392299, 686699.4 2392284, 686720.1 2392268, 686740.1 2392251, 686759 2392233, 686777.1 2392214, 686794.1 2392194, 686810 2392173, 686824.8 2392152, 686838.5 2392129, 686851 2392106, 686862.3 2392083, 686872.3 2392058, 686881 2392034, 686888.5 2392009, 686894.6 2391983, 686899.3 2391957, 686902.7 2391931, 686904.8 2391905, 686905.5 2391879))"
5,20260514,Forest,5351.11026760296,13.711033575247699,0.13435474366529168,1,Hani,土葬,无,0,1,0,484,244.26627409575812,2017.611503479609,834.15435791015625,11.193350791931152,198.92316487236315,124221.6567993164,38923.849868774414,0.16890177211542526,1,75,100291.91665649414,0.8073625746154599,6093.289661407471,0.049051750060388845,0,1,-0.9459543206279994,-0.32429989714031676,8.585059345014134,2.6182008791533518,-2.0072716362797856,"POLYGON ((674503.2 2409695, 674502.5 2409669, 674500.5 2409643, 674497.1 2409617, 674492.3 2409591, 674486.2 2409566, 674478.8 2409541, 674470 2409516, 674460 2409492, 674448.7 2409468, 674436.2 2409445, 674422.6 2409423, 674407.7 2409401, 674391.8 2409381, 674374.8 2409361, 674356.8 2409342, 674337.8 2409324, 674317.9 2409307, 674297.1 2409291, 674275.6 2409276, 674253.2 2409262, 674230.2 2409250, 674206.6 2409239, 674182.4 2409229, 674157.7 2409220, 674132.6 2409212, 674107.2 2409206, 674081.4 2409202, 674055.5 2409198, 674029.4 2409196, 674003.2 2409195, 673977.1 2409196, 673951 2409198, 673925 2409202, 673899.3 2409206, 673873.8 2409212, 673848.7 2409220, 673824 2409229, 673799.9 2409239, 673776.2 2409250, 673753.2 2409262, 673730.9 2409276, 673709.3 2409291, 673688.6 2409307, 673668.7 2409324, 673649.7 2409342, 673631.7 2409361, 673614.7 2409381, 673598.7 2409401, 673583.9 2409423, 673570.2 2409445, 673557.7 2409468, 673546.5 2409492, 673536.4 2409516, 673527.7 2409541, 673520.3 2409566, 673514.2 2409591, 673509.4 2409617, 673506 2409643, 673503.9 2409669, 673503.2 2409695, 673503.9 2409722, 673506 2409748, 673509.4 2409774, 673514.2 2409799, 673520.3 2409825, 673527.7 2409850, 673536.4 2409875, 673546.5 2409899, 673557.7 2409922, 673570.2 2409945, 673583.9 2409968, 673598.7 2409989, 673614.7 2410010, 673631.7 2410030, 673649.7 2410049, 673668.7 2410067, 673688.6 2410084, 673709.3 2410100, 673730.9 2410115, 673753.2 2410128, 673776.2 2410141, 673799.9 2410152, 673824 2410162, 673848.7 2410171, 673873.8 2410178, 673899.3 2410184, 673925 2410189, 673951 2410193, 673977.1 2410195, 674003.2 2410195, 674029.4 2410195, 674055.5 2410193, 674081.4 2410189, 674107.2 2410184, 674132.6 2410178, 674157.7 2410171, 674182.4 2410162, 674206.6 2410152, 674230.2 2410141, 674253.2 2410128, 674275.6 2410115, 674297.1 2410100, 674317.9 2410084, 674337.8 2410067, 674356.8 2410049, 674374.8 2410030, 674391.8 2410010, 674407.7 2409989, 674422.6 2409968, 674436.2 2409945, 674448.7 2409922, 674460 2409899, 674470 2409875, 674478.8 2409850, 674486.2 2409825, 674492.3 2409799, 674497.1 2409774, 674500.5 2409748, 674502.5 2409722, 674503.2 2409695))"
5,20260514,Forest,3378.2501423420003,27.32013936280332,2.0710014947683106,1,Hani,土葬,无,0,1,0,485,397.03024990065273,397.9180275888343,1002.3419189453125,9.796059608459473,228.65274046110062,785039.3371582031,0,0.2975707437598497,1,76,361374.4445800781,0.46032654349300844,27320.68576812744,0.0348016774127864,0,1,-0.6606211119925158,-0.7507194858199512,8.125113145053028,3.3076241358170795,0.7280323041748045,"POLYGON ((668577.5 2407930, 668576.8 2407904, 668574.7 2407878, 668571.3 2407852, 668566.6 2407826, 668560.4 2407800, 668553 2407775, 668544.3 2407751, 668534.3 2407727, 668523 2407703, 668510.5 2407680, 668496.8 2407658, 668482 2407636, 668466.1 2407615, 668449.1 2407595, 668431 2407576, 668412.1 2407558, 668392.1 2407541, 668371.4 2407525, 668349.8 2407511, 668327.5 2407497, 668304.5 2407484, 668280.9 2407473, 668256.7 2407463, 668232 2407454, 668206.9 2407447, 668181.4 2407441, 668155.7 2407436, 668129.7 2407433, 668103.7 2407431, 668077.5 2407430, 668051.3 2407431, 668025.2 2407433, 667999.3 2407436, 667973.5 2407441, 667948.1 2407447, 667923 2407454, 667898.3 2407463, 667874.1 2407473, 667850.5 2407484, 667827.5 2407497, 667805.2 2407511, 667783.6 2407525, 667762.8 2407541, 667742.9 2407558, 667723.9 2407576, 667705.9 2407595, 667688.9 2407615, 667673 2407636, 667658.1 2407658, 667644.5 2407680, 667632 2407703, 667620.7 2407727, 667610.7 2407751, 667602 2407775, 667594.5 2407800, 667588.4 2407826, 667583.6 2407852, 667580.2 2407878, 667578.2 2407904, 667577.5 2407930, 667578.2 2407956, 667580.2 2407982, 667583.6 2408008, 667588.4 2408034, 667594.5 2408059, 667602 2408084, 667610.7 2408109, 667620.7 2408133, 667632 2408157, 667644.5 2408180, 667658.1 2408202, 667673 2408224, 667688.9 2408245, 667705.9 2408264, 667723.9 2408283, 667742.9 2408301, 667762.8 2408318, 667783.6 2408334, 667805.2 2408349, 667827.5 2408363, 667850.5 2408375, 667874.1 2408387, 667898.3 2408397, 667923 2408405, 667948.1 2408413, 667973.5 2408419, 667999.3 2408424, 668025.2 2408427, 668051.3 2408429, 668077.5 2408430, 668103.7 2408429, 668129.7 2408427, 668155.7 2408424, 668181.4 2408419, 668206.9 2408413, 668232 2408405, 668256.7 2408397, 668280.9 2408387, 668304.5 2408375, 668327.5 2408363, 668349.8 2408349, 668371.4 2408334, 668392.1 2408318, 668412.1 2408301, 668431 2408283, 668449.1 2408264, 668466.1 2408245, 668482 2408224, 668496.8 2408202, 668510.5 2408180, 668523 2408157, 668534.3 2408133, 668544.3 2408109, 668553 2408084, 668560.4 2408059, 668566.6 2408034, 668571.3 2408008, 668574.7 2407982, 668576.8 2407956, 668577.5 2407930))"
5,20260514,Forest,3378.2501423420003,27.32013936280332,2.0710014947683106,1,Hani,土葬,无,0,1,0,489,12.009316383494063,568.7301935158173,1469.5953369140625,9.34376049041748,249.28781697813642,785039.3371582031,0,0.24049515281145567,1,77,0,0,21261.087226867676,0.02708283040163513,0,1,-0.35367374284736336,-0.9353688489683293,8.125113145053028,3.3076241358170795,0.7280323041748045,"POLYGON ((664425.2 2410621, 664424.5 2410595, 664422.5 2410569, 664419.1 2410543, 664414.3 2410517, 664408.2 2410491, 664400.7 2410466, 664392 2410442, 664382 2410417, 664370.7 2410394, 664358.2 2410371, 664344.6 2410349, 664329.7 2410327, 664313.8 2410306, 664296.8 2410286, 664278.8 2410267, 664259.8 2410249, 664239.9 2410232, 664219.1 2410216, 664197.5 2410202, 664175.2 2410188, 664152.2 2410175, 664128.6 2410164, 664104.4 2410154, 664079.7 2410145, 664054.6 2410138, 664029.2 2410132, 664003.4 2410127, 663977.5 2410124, 663951.4 2410122, 663925.2 2410121, 663899.1 2410122, 663873 2410124, 663847 2410127, 663821.3 2410132, 663795.8 2410138, 663770.7 2410145, 663746 2410154, 663721.9 2410164, 663698.2 2410175, 663675.2 2410188, 663652.9 2410202, 663631.3 2410216, 663610.6 2410232, 663590.7 2410249, 663571.7 2410267, 663553.6 2410286, 663536.6 2410306, 663520.7 2410327, 663505.9 2410349, 663492.2 2410371, 663479.7 2410394, 663468.4 2410417, 663458.4 2410442, 663449.7 2410466, 663442.3 2410491, 663436.1 2410517, 663431.4 2410543, 663428 2410569, 663425.9 2410595, 663425.2 2410621, 663425.9 2410647, 663428 2410673, 663431.4 2410699, 663436.1 2410725, 663442.3 2410750, 663449.7 2410775, 663458.4 2410800, 663468.4 2410824, 663479.7 2410848, 663492.2 2410871, 663505.9 2410893, 663520.7 2410915, 663536.6 2410936, 663553.6 2410955, 663571.7 2410974, 663590.7 2410992, 663610.6 2411009, 663631.3 2411025, 663652.9 2411040, 663675.2 2411054, 663698.2 2411066, 663721.9 2411078, 663746 2411088, 663770.7 2411096, 663795.8 2411104, 663821.3 2411110, 663847 2411115, 663873 2411118, 663899.1 2411120, 663925.2 2411121, 663951.4 2411120, 663977.5 2411118, 664003.4 2411115, 664029.2 2411110, 664054.6 2411104, 664079.7 2411096, 664104.4 2411088, 664128.6 2411078, 664152.2 2411066, 664175.2 2411054, 664197.5 2411040, 664219.1 2411025, 664239.9 2411009, 664259.8 2410992, 664278.8 2410974, 664296.8 2410955, 664313.8 2410936, 664329.7 2410915, 664344.6 2410893, 664358.2 2410871, 664370.7 2410848, 664382 2410824, 664392 2410800, 664400.7 2410775, 664408.2 2410750, 664414.3 2410725, 664419.1 2410699, 664422.5 2410673, 664424.5 2410647, 664425.2 2410621))"
5,20260514,Forest,2427.4055798064146,44.86582602524312,1.2636412749864938,1,Hani,土葬,无,0,1,0,494,375.59216455360126,1616.3666617294316,897.57672119140625,15.67224407196045,294.4954003876207,2166.443181037903,362539.95666503906,0.05244893441668588,1,78,344.3106383085251,0.15892899537922442,1822.1327304840088,0.8410710912856983,0,1,0.41462019110305454,-0.9099945588461871,7.794578303345739,3.8036763919311,0.23399745401068153,"POLYGON ((687327.9 2396583, 687327.3 2396556, 687325.2 2396530, 687321.8 2396504, 687317 2396479, 687310.9 2396453, 687303.5 2396428, 687294.7 2396403, 687284.7 2396379, 687273.4 2396356, 687261 2396333, 687247.3 2396310, 687232.5 2396289, 687216.5 2396268, 687199.5 2396248, 687181.5 2396229, 687162.5 2396211, 687142.6 2396194, 687121.8 2396178, 687100.3 2396163, 687077.9 2396150, 687054.9 2396137, 687031.3 2396126, 687007.1 2396116, 686982.5 2396107, 686957.4 2396100, 686931.9 2396093, 686906.2 2396089, 686880.2 2396085, 686854.1 2396083, 686827.9 2396083, 686801.8 2396083, 686775.7 2396085, 686749.7 2396089, 686724 2396093, 686698.5 2396100, 686673.4 2396107, 686648.8 2396116, 686624.6 2396126, 686600.9 2396137, 686577.9 2396150, 686555.6 2396163, 686534 2396178, 686513.3 2396194, 686493.4 2396211, 686474.4 2396229, 686456.4 2396248, 686439.4 2396268, 686423.4 2396289, 686408.6 2396310, 686394.9 2396333, 686382.4 2396356, 686371.2 2396379, 686361.2 2396403, 686352.4 2396428, 686345 2396453, 686338.9 2396479, 686334.1 2396504, 686330.7 2396530, 686328.6 2396556, 686327.9 2396583, 686328.6 2396609, 686330.7 2396635, 686334.1 2396661, 686338.9 2396687, 686345 2396712, 686352.4 2396737, 686361.2 2396762, 686371.2 2396786, 686382.4 2396810, 686394.9 2396833, 686408.6 2396855, 686423.4 2396876, 686439.4 2396897, 686456.4 2396917, 686474.4 2396936, 686493.4 2396954, 686513.3 2396971, 686534 2396987, 686555.6 2397002, 686577.9 2397016, 686600.9 2397028, 686624.6 2397039, 686648.8 2397049, 686673.4 2397058, 686698.5 2397066, 686724 2397072, 686749.7 2397076, 686775.7 2397080, 686801.8 2397082, 686827.9 2397083, 686854.1 2397082, 686880.2 2397080, 686906.2 2397076, 686931.9 2397072, 686957.4 2397066, 686982.5 2397058, 687007.1 2397049, 687031.3 2397039, 687054.9 2397028, 687077.9 2397016, 687100.3 2397002, 687121.8 2396987, 687142.6 2396971, 687162.5 2396954, 687181.5 2396936, 687199.5 2396917, 687216.5 2396897, 687232.5 2396876, 687247.3 2396855, 687261 2396833, 687273.4 2396810, 687284.7 2396786, 687294.7 2396762, 687303.5 2396737, 687310.9 2396712, 687317 2396687, 687321.8 2396661, 687325.2 2396635, 687327.3 2396609, 687327.9 2396583))"
5,20260514,Forest,2427.4055798064146,44.86582602524312,1.2636412749864938,1,Hani,土葬,无,0,1,0,495,88.35062869648435,478.1823002868147,759.53582763671875,16.601594924926758,112.12007930086727,446596.76513671875,203983.9096069336,0.16780919070060676,1,79,366496.76513671875,0.820643573234395,74700,0.167264982264553,0,1,-0.3765489419065155,0.9263967262188936,7.794578303345739,3.8036763919311,0.23399745401068153,"POLYGON ((691388.6 2398619, 691387.9 2398593, 691385.8 2398567, 691382.4 2398541, 691377.6 2398515, 691371.5 2398490, 691364.1 2398465, 691355.3 2398440, 691345.3 2398416, 691334.1 2398392, 691321.6 2398369, 691307.9 2398347, 691293.1 2398325, 691277.1 2398305, 691260.1 2398285, 691242.1 2398266, 691223.1 2398248, 691203.2 2398231, 691182.4 2398215, 691160.9 2398200, 691138.6 2398186, 691115.5 2398174, 691091.9 2398162, 691067.7 2398152, 691043.1 2398144, 691018 2398136, 690992.5 2398130, 690966.8 2398125, 690940.8 2398122, 690914.7 2398120, 690888.6 2398119, 690862.4 2398120, 690836.3 2398122, 690810.3 2398125, 690784.6 2398130, 690759.1 2398136, 690734 2398144, 690709.4 2398152, 690685.2 2398162, 690661.6 2398174, 690638.6 2398186, 690616.2 2398200, 690594.7 2398215, 690573.9 2398231, 690554 2398248, 690535 2398266, 690517 2398285, 690500 2398305, 690484 2398325, 690469.2 2398347, 690455.5 2398369, 690443 2398392, 690431.8 2398416, 690421.8 2398440, 690413 2398465, 690405.6 2398490, 690399.5 2398515, 690394.7 2398541, 690391.3 2398567, 690389.2 2398593, 690388.6 2398619, 690389.2 2398645, 690391.3 2398671, 690394.7 2398697, 690399.5 2398723, 690405.6 2398749, 690413 2398774, 690421.8 2398798, 690431.8 2398823, 690443 2398846, 690455.5 2398869, 690469.2 2398892, 690484 2398913, 690500 2398934, 690517 2398954, 690535 2398973, 690554 2398991, 690573.9 2399008, 690594.7 2399024, 690616.2 2399039, 690638.6 2399052, 690661.6 2399065, 690685.2 2399076, 690709.4 2399086, 690734 2399095, 690759.1 2399102, 690784.6 2399108, 690810.3 2399113, 690836.3 2399116, 690862.4 2399119, 690888.6 2399119, 690914.7 2399119, 690940.8 2399116, 690966.8 2399113, 690992.5 2399108, 691018 2399102, 691043.1 2399095, 691067.7 2399086, 691091.9 2399076, 691115.5 2399065, 691138.6 2399052, 691160.9 2399039, 691182.4 2399024, 691203.2 2399008, 691223.1 2398991, 691242.1 2398973, 691260.1 2398954, 691277.1 2398934, 691293.1 2398913, 691307.9 2398892, 691321.6 2398869, 691334.1 2398846, 691345.3 2398823, 691355.3 2398798, 691364.1 2398774, 691371.5 2398749, 691377.6 2398723, 691382.4 2398697, 691385.8 2398671, 691387.9 2398645, 691388.6 2398619))"
5,20260514,Forest,2715.8853672423606,19.408732153463,0.688783570300158,1,Hani,土葬,无,0,1,0,497,595.1535573309174,1527.4124195304137,862.7880859375,11.232484817504883,161.32594159773186,215654.0267944336,313607.94982910156,0.20887773423797665,1,81,95405.62362670898,0.44240130845157755,8100,0.03756016115442679,0,1,-0.9473553434087314,0.32018409285116695,7.906873281323348,2.9657230758029596,-0.3728281787951418,"POLYGON ((669171.5 2396331, 669170.8 2396305, 669168.7 2396279, 669165.3 2396253, 669160.5 2396227, 669154.4 2396202, 669147 2396177, 669138.2 2396152, 669128.2 2396128, 669117 2396104, 669104.5 2396081, 669090.8 2396059, 669076 2396037, 669060 2396017, 669043 2395997, 669025 2395978, 669006 2395960, 668986.1 2395943, 668965.3 2395927, 668943.8 2395912, 668921.5 2395898, 668898.4 2395886, 668874.8 2395875, 668850.6 2395865, 668826 2395856, 668800.9 2395848, 668775.4 2395842, 668749.7 2395838, 668723.7 2395834, 668697.6 2395832, 668671.5 2395831, 668645.3 2395832, 668619.2 2395834, 668593.2 2395838, 668567.5 2395842, 668542 2395848, 668516.9 2395856, 668492.3 2395865, 668468.1 2395875, 668444.5 2395886, 668421.5 2395898, 668399.1 2395912, 668377.6 2395927, 668356.8 2395943, 668336.9 2395960, 668317.9 2395978, 668299.9 2395997, 668282.9 2396017, 668266.9 2396037, 668252.1 2396059, 668238.4 2396081, 668226 2396104, 668214.7 2396128, 668204.7 2396152, 668195.9 2396177, 668188.5 2396202, 668182.4 2396227, 668177.6 2396253, 668174.2 2396279, 668172.1 2396305, 668171.5 2396331, 668172.1 2396358, 668174.2 2396384, 668177.6 2396410, 668182.4 2396435, 668188.5 2396461, 668195.9 2396486, 668204.7 2396511, 668214.7 2396535, 668226 2396558, 668238.4 2396581, 668252.1 2396604, 668266.9 2396625, 668282.9 2396646, 668299.9 2396666, 668317.9 2396685, 668336.9 2396703, 668356.8 2396720, 668377.6 2396736, 668399.1 2396751, 668421.5 2396764, 668444.5 2396777, 668468.1 2396788, 668492.3 2396798, 668516.9 2396807, 668542 2396814, 668567.5 2396820, 668593.2 2396825, 668619.2 2396829, 668645.3 2396831, 668671.5 2396831, 668697.6 2396831, 668723.7 2396829, 668749.7 2396825, 668775.4 2396820, 668800.9 2396814, 668826 2396807, 668850.6 2396798, 668874.8 2396788, 668898.4 2396777, 668921.5 2396764, 668943.8 2396751, 668965.3 2396736, 668986.1 2396720, 669006 2396703, 669025 2396685, 669043 2396666, 669060 2396646, 669076 2396625, 669090.8 2396604, 669104.5 2396581, 669117 2396558, 669128.2 2396535, 669138.2 2396511, 669147 2396486, 669154.4 2396461, 669160.5 2396435, 669165.3 2396410, 669168.7 2396384, 669170.8 2396358, 669171.5 2396331))"
5,20260514,Forest,2715.8853672423606,19.408732153463,0.688783570300158,1,Hani,土葬,无,0,1,0,498,638.3075123049401,1704.9744629260244,872.79327392578125,12.023673057556152,146.9086295369753,130476.4892578125,320620.4406738281,0.17240120621404761,1,82,47110.18867492676,0.3610626630353327,4500,0.0344889721174848,0,1,-0.8378009576281358,0.5459757827938695,7.906873281323348,2.9657230758029596,-0.3728281787951418,"POLYGON ((669432.2 2396181, 669431.5 2396155, 669429.5 2396129, 669426.1 2396103, 669421.3 2396077, 669415.2 2396052, 669407.7 2396027, 669399 2396002, 669389 2395978, 669377.7 2395954, 669365.2 2395931, 669351.5 2395909, 669336.7 2395887, 669320.8 2395866, 669303.8 2395846, 669285.8 2395828, 669266.8 2395809, 669246.9 2395792, 669226.1 2395777, 669204.5 2395762, 669182.2 2395748, 669159.2 2395736, 669135.6 2395724, 669111.4 2395714, 669086.7 2395706, 669061.6 2395698, 669036.2 2395692, 669010.4 2395687, 668984.5 2395684, 668958.4 2395682, 668932.2 2395681, 668906 2395682, 668879.9 2395684, 668854 2395687, 668828.3 2395692, 668802.8 2395698, 668777.7 2395706, 668753 2395714, 668728.8 2395724, 668705.2 2395736, 668682.2 2395748, 668659.9 2395762, 668638.3 2395777, 668617.6 2395792, 668597.6 2395809, 668578.7 2395828, 668560.6 2395846, 668543.6 2395866, 668527.7 2395887, 668512.9 2395909, 668499.2 2395931, 668486.7 2395954, 668475.4 2395978, 668465.4 2396002, 668456.7 2396027, 668449.2 2396052, 668443.1 2396077, 668438.4 2396103, 668435 2396129, 668432.9 2396155, 668432.2 2396181, 668432.9 2396207, 668435 2396233, 668438.4 2396259, 668443.1 2396285, 668449.2 2396310, 668456.7 2396336, 668465.4 2396360, 668475.4 2396384, 668486.7 2396408, 668499.2 2396431, 668512.9 2396453, 668527.7 2396475, 668543.6 2396496, 668560.6 2396516, 668578.7 2396535, 668597.6 2396553, 668617.6 2396570, 668638.3 2396586, 668659.9 2396600, 668682.2 2396614, 668705.2 2396627, 668728.8 2396638, 668753 2396648, 668777.7 2396657, 668802.8 2396664, 668828.3 2396670, 668854 2396675, 668879.9 2396678, 668906 2396680, 668932.2 2396681, 668958.4 2396680, 668984.5 2396678, 669010.4 2396675, 669036.2 2396670, 669061.6 2396664, 669086.7 2396657, 669111.4 2396648, 669135.6 2396638, 669159.2 2396627, 669182.2 2396614, 669204.5 2396600, 669226.1 2396586, 669246.9 2396570, 669266.8 2396553, 669285.8 2396535, 669303.8 2396516, 669320.8 2396496, 669336.7 2396475, 669351.5 2396453, 669365.2 2396431, 669377.7 2396408, 669389 2396384, 669399 2396360, 669407.7 2396336, 669415.2 2396310, 669421.3 2396285, 669426.1 2396259, 669429.5 2396233, 669431.5 2396207, 669432.2 2396181))"
5,20260514,Forest,7221.484152590624,50.11014177252991,0.7464285714285714,1,Hani,土葬,无,0,1,0,500,1359.0093824986786,1485.7688075812696,656.2481689453125,3.3846254348754883,250.11759124309816,8282.431411743164,92883.24508666992,0.4298186956293522,1,83,8282.431411743164,1,0,0,0,1,-0.34009084210763124,-0.9403925877603047,8.884815772062684,3.9142234181939313,-0.2924553512044386,"POLYGON ((679271.6 2391054, 679270.9 2391028, 679268.8 2391002, 679265.4 2390976, 679260.6 2390950, 679254.5 2390925, 679247.1 2390900, 679238.3 2390875, 679228.3 2390851, 679217.1 2390827, 679204.6 2390804, 679190.9 2390782, 679176.1 2390760, 679160.1 2390739, 679143.1 2390720, 679125.1 2390701, 679106.1 2390683, 679086.2 2390666, 679065.4 2390650, 679043.9 2390635, 679021.6 2390621, 678998.5 2390609, 678974.9 2390597, 678950.7 2390587, 678926.1 2390579, 678901 2390571, 678875.5 2390565, 678849.8 2390560, 678823.8 2390557, 678797.7 2390555, 678771.6 2390554, 678745.4 2390555, 678719.3 2390557, 678693.3 2390560, 678667.6 2390565, 678642.1 2390571, 678617 2390579, 678592.4 2390587, 678568.2 2390597, 678544.6 2390609, 678521.6 2390621, 678499.2 2390635, 678477.7 2390650, 678456.9 2390666, 678437 2390683, 678418 2390701, 678400 2390720, 678383 2390739, 678367 2390760, 678352.2 2390782, 678338.5 2390804, 678326.1 2390827, 678314.8 2390851, 678304.8 2390875, 678296 2390900, 678288.6 2390925, 678282.5 2390950, 678277.7 2390976, 678274.3 2391002, 678272.2 2391028, 678271.6 2391054, 678272.2 2391080, 678274.3 2391106, 678277.7 2391132, 678282.5 2391158, 678288.6 2391184, 678296 2391209, 678304.8 2391233, 678314.8 2391258, 678326.1 2391281, 678338.5 2391304, 678352.2 2391326, 678367 2391348, 678383 2391369, 678400 2391389, 678418 2391408, 678437 2391426, 678456.9 2391443, 678477.7 2391459, 678499.2 2391473, 678521.6 2391487, 678544.6 2391500, 678568.2 2391511, 678592.4 2391521, 678617 2391530, 678642.1 2391537, 678667.6 2391543, 678693.3 2391548, 678719.3 2391551, 678745.4 2391553, 678771.6 2391554, 678797.7 2391553, 678823.8 2391551, 678849.8 2391548, 678875.5 2391543, 678901 2391537, 678926.1 2391530, 678950.7 2391521, 678974.9 2391511, 678998.5 2391500, 679021.6 2391487, 679043.9 2391473, 679065.4 2391459, 679086.2 2391443, 679106.1 2391426, 679125.1 2391408, 679143.1 2391389, 679160.1 2391369, 679176.1 2391348, 679190.9 2391326, 679204.6 2391304, 679217.1 2391281, 679228.3 2391258, 679238.3 2391233, 679247.1 2391209, 679254.5 2391184, 679260.6 2391158, 679265.4 2391132, 679268.8 2391106, 679270.9 2391080, 679271.6 2391054))"
5,20260514,Forest,5944.201935851204,37.11400112648281,1.076555023923445,1,Hani,土葬,无,0,1,0,503,462.3853936814042,670.1725304289762,1306.7593994140625,13.605883598327637,51.26289837577122,785039.3371582031,0,0.13543229760885145,1,84,29460.776138305664,0.03752777057637897,9900,0.012610833026326332,0,1,0.6257478894123515,0.7800253706745618,8.69017155887759,3.613994287274111,0.07376615023960909,"POLYGON ((662409.8 2376835, 662409.1 2376809, 662407 2376783, 662403.6 2376757, 662398.8 2376731, 662392.7 2376706, 662385.3 2376681, 662376.6 2376656, 662366.5 2376632, 662355.3 2376608, 662342.8 2376585, 662329.1 2376563, 662314.3 2376541, 662298.3 2376521, 662281.3 2376501, 662263.3 2376482, 662244.3 2376464, 662224.4 2376447, 662203.7 2376431, 662182.1 2376416, 662159.8 2376402, 662136.8 2376390, 662113.1 2376378, 662088.9 2376368, 662064.3 2376360, 662039.2 2376352, 662013.7 2376346, 661988 2376341, 661962 2376338, 661935.9 2376336, 661909.8 2376335, 661883.6 2376336, 661857.5 2376338, 661831.5 2376341, 661805.8 2376346, 661780.4 2376352, 661755.3 2376360, 661730.6 2376368, 661706.4 2376378, 661682.8 2376390, 661659.8 2376402, 661637.4 2376416, 661615.9 2376431, 661595.1 2376447, 661575.2 2376464, 661556.2 2376482, 661538.2 2376501, 661521.2 2376521, 661505.3 2376541, 661490.4 2376563, 661476.8 2376585, 661464.3 2376608, 661453 2376632, 661443 2376656, 661434.2 2376681, 661426.8 2376706, 661420.7 2376731, 661415.9 2376757, 661412.5 2376783, 661410.4 2376809, 661409.8 2376835, 661410.4 2376861, 661412.5 2376887, 661415.9 2376913, 661420.7 2376939, 661426.8 2376965, 661434.2 2376990, 661443 2377014, 661453 2377039, 661464.3 2377062, 661476.8 2377085, 661490.4 2377108, 661505.3 2377129, 661521.2 2377150, 661538.2 2377170, 661556.2 2377189, 661575.2 2377207, 661595.1 2377224, 661615.9 2377240, 661637.4 2377255, 661659.8 2377268, 661682.8 2377281, 661706.4 2377292, 661730.6 2377302, 661755.3 2377311, 661780.4 2377318, 661805.8 2377324, 661831.5 2377329, 661857.5 2377332, 661883.6 2377335, 661909.8 2377335, 661935.9 2377335, 661962 2377332, 661988 2377329, 662013.7 2377324, 662039.2 2377318, 662064.3 2377311, 662088.9 2377302, 662113.1 2377292, 662136.8 2377281, 662159.8 2377268, 662182.1 2377255, 662203.7 2377240, 662224.4 2377224, 662244.3 2377207, 662263.3 2377189, 662281.3 2377170, 662298.3 2377150, 662314.3 2377129, 662329.1 2377108, 662342.8 2377085, 662355.3 2377062, 662366.5 2377039, 662376.6 2377014, 662385.3 2376990, 662392.7 2376965, 662398.8 2376939, 662403.6 2376913, 662407 2376887, 662409.1 2376861, 662409.8 2376835))"
5,20260514,Forest,11460.428923894477,26.137771089322833,1.935738444193912,1,Hani,土葬,无,0,1,0,504,250.18612045520183,1277.3054147720643,818.19451904296875,15.250861167907715,35.67139517080259,785039.3371582031,0,0.10433949133033096,1,85,538848.52294921875,0.6863968433732495,35065.8805847168,0.044667673229794126,0,1,0.8123747577203316,0.5831357072061635,9.346655417482326,3.2633814363632463,0.6604888785878961,"POLYGON ((662020 2380862, 662019.3 2380835, 662017.3 2380809, 662013.8 2380783, 662009.1 2380758, 662003 2380732, 661995.5 2380707, 661986.8 2380682, 661976.8 2380658, 661965.5 2380635, 661953 2380612, 661939.3 2380589, 661924.5 2380568, 661908.6 2380547, 661891.6 2380527, 661873.6 2380508, 661854.6 2380490, 661834.7 2380473, 661813.9 2380457, 661792.3 2380442, 661770 2380429, 661747 2380416, 661723.4 2380405, 661699.2 2380395, 661674.5 2380386, 661649.4 2380379, 661624 2380372, 661598.2 2380368, 661572.3 2380364, 661546.2 2380362, 661520 2380362, 661493.8 2380362, 661467.7 2380364, 661441.8 2380368, 661416 2380372, 661390.6 2380379, 661365.5 2380386, 661340.8 2380395, 661316.6 2380405, 661293 2380416, 661270 2380429, 661247.7 2380442, 661226.1 2380457, 661205.3 2380473, 661185.4 2380490, 661166.4 2380508, 661148.4 2380527, 661131.4 2380547, 661115.5 2380568, 661100.7 2380589, 661087 2380612, 661074.5 2380635, 661063.2 2380658, 661053.2 2380682, 661044.5 2380707, 661037 2380732, 661030.9 2380758, 661026.2 2380783, 661022.7 2380809, 661020.7 2380835, 661020 2380862, 661020.7 2380888, 661022.7 2380914, 661026.2 2380940, 661030.9 2380965, 661037 2380991, 661044.5 2381016, 661053.2 2381041, 661063.2 2381065, 661074.5 2381089, 661087 2381112, 661100.7 2381134, 661115.5 2381155, 661131.4 2381176, 661148.4 2381196, 661166.4 2381215, 661185.4 2381233, 661205.3 2381250, 661226.1 2381266, 661247.7 2381281, 661270 2381295, 661293 2381307, 661316.6 2381318, 661340.8 2381328, 661365.5 2381337, 661390.6 2381344, 661416 2381351, 661441.8 2381355, 661467.7 2381359, 661493.8 2381361, 661520 2381362, 661546.2 2381361, 661572.3 2381359, 661598.2 2381355, 661624 2381351, 661649.4 2381344, 661674.5 2381337, 661699.2 2381328, 661723.4 2381318, 661747 2381307, 661770 2381295, 661792.3 2381281, 661813.9 2381266, 661834.7 2381250, 661854.6 2381233, 661873.6 2381215, 661891.6 2381196, 661908.6 2381176, 661924.5 2381155, 661939.3 2381134, 661953 2381112, 661965.5 2381089, 661976.8 2381065, 661986.8 2381041, 661995.5 2381016, 662003 2380991, 662009.1 2380965, 662013.8 2380940, 662017.3 2380914, 662019.3 2380888, 662020 2380862))"
5,20260514,Forest,4496.109318656291,53.343051017456666,0.9828130480533146,1,Hani,土葬,无,0,1,0,509,450.57934371756306,468.4836487048066,771.97467041015625,11.681182861328125,16.89331987754553,92361.75155639648,438.3954495191574,0.24152797846421298,1,86,86961.75155639648,0.941534239996491,0,0,0,1,0.9568474705613346,0.29059063660134693,8.410967705925682,3.9767437165454274,-0.01733636201571971,"POLYGON ((675905.7 2383005, 675905 2382979, 675902.9 2382953, 675899.5 2382927, 675894.8 2382901, 675888.6 2382875, 675881.2 2382850, 675872.5 2382826, 675862.4 2382802, 675851.2 2382778, 675838.7 2382755, 675825 2382733, 675810.2 2382711, 675794.2 2382690, 675777.2 2382670, 675759.2 2382651, 675740.2 2382633, 675720.3 2382616, 675699.6 2382600, 675678 2382586, 675655.7 2382572, 675632.7 2382559, 675609 2382548, 675584.9 2382538, 675560.2 2382529, 675535.1 2382522, 675509.6 2382516, 675483.9 2382511, 675457.9 2382508, 675431.8 2382506, 675405.7 2382505, 675379.5 2382506, 675353.4 2382508, 675327.5 2382511, 675301.7 2382516, 675276.3 2382522, 675251.2 2382529, 675226.5 2382538, 675202.3 2382548, 675178.7 2382559, 675155.7 2382572, 675133.4 2382586, 675111.8 2382600, 675091 2382616, 675071.1 2382633, 675052.1 2382651, 675034.1 2382670, 675017.1 2382690, 675001.2 2382711, 674986.3 2382733, 674972.7 2382755, 674960.2 2382778, 674948.9 2382802, 674938.9 2382826, 674930.1 2382850, 674922.7 2382875, 674916.6 2382901, 674911.8 2382927, 674908.4 2382953, 674906.4 2382979, 674905.7 2383005, 674906.4 2383031, 674908.4 2383057, 674911.8 2383083, 674916.6 2383109, 674922.7 2383134, 674930.1 2383159, 674938.9 2383184, 674948.9 2383208, 674960.2 2383232, 674972.7 2383255, 674986.3 2383277, 675001.2 2383299, 675017.1 2383320, 675034.1 2383339, 675052.1 2383358, 675071.1 2383376, 675091 2383393, 675111.8 2383409, 675133.4 2383424, 675155.7 2383438, 675178.7 2383450, 675202.3 2383462, 675226.5 2383472, 675251.2 2383480, 675276.3 2383488, 675301.7 2383494, 675327.5 2383499, 675353.4 2383502, 675379.5 2383504, 675405.7 2383505, 675431.8 2383504, 675457.9 2383502, 675483.9 2383499, 675509.6 2383494, 675535.1 2383488, 675560.2 2383480, 675584.9 2383472, 675609 2383462, 675632.7 2383450, 675655.7 2383438, 675678 2383424, 675699.6 2383409, 675720.3 2383393, 675740.2 2383376, 675759.2 2383358, 675777.2 2383339, 675794.2 2383320, 675810.2 2383299, 675825 2383277, 675838.7 2383255, 675851.2 2383232, 675862.4 2383208, 675872.5 2383184, 675881.2 2383159, 675888.6 2383134, 675894.8 2383109, 675899.5 2383083, 675902.9 2383057, 675905 2383031, 675905.7 2383005))"
5,20260514,Forest,3589.865249572974,26.95010593000912,0.75059382422802845,1,Hani,土葬,无,0,1,0,514,398.8813036616794,2406.3030288322575,737.10113525390625,10.166383743286133,136.8771649456763,7310.190296173096,105061.18469238281,0.214789275169623,1,87,7310.190296173096,1,0,0,0,1,-0.7298899020060003,0.6835647233069237,8.18586994583998,3.2939872279598648,-0.2868906200954694,"POLYGON ((671337 2391730, 671336.3 2391704, 671334.3 2391678, 671330.9 2391652, 671326.1 2391626, 671320 2391601, 671312.5 2391575, 671303.8 2391551, 671293.8 2391527, 671282.5 2391503, 671270 2391480, 671256.3 2391458, 671241.5 2391436, 671225.6 2391415, 671208.6 2391395, 671190.6 2391376, 671171.6 2391358, 671151.7 2391341, 671130.9 2391325, 671109.3 2391311, 671087 2391297, 671064 2391284, 671040.4 2391273, 671016.2 2391263, 670991.5 2391254, 670966.4 2391247, 670941 2391241, 670915.2 2391236, 670889.3 2391233, 670863.2 2391231, 670837 2391230, 670810.8 2391231, 670784.7 2391233, 670758.8 2391236, 670733.1 2391241, 670707.6 2391247, 670682.5 2391254, 670657.8 2391263, 670633.6 2391273, 670610 2391284, 670587 2391297, 670564.7 2391311, 670543.1 2391325, 670522.3 2391341, 670502.4 2391358, 670483.5 2391376, 670465.4 2391395, 670448.4 2391415, 670432.5 2391436, 670417.7 2391458, 670404 2391480, 670391.5 2391503, 670380.2 2391527, 670370.2 2391551, 670361.5 2391575, 670354 2391601, 670347.9 2391626, 670343.2 2391652, 670339.7 2391678, 670337.7 2391704, 670337 2391730, 670337.7 2391756, 670339.7 2391782, 670343.2 2391808, 670347.9 2391834, 670354 2391859, 670361.5 2391884, 670370.2 2391909, 670380.2 2391933, 670391.5 2391957, 670404 2391980, 670417.7 2392002, 670432.5 2392024, 670448.4 2392045, 670465.4 2392064, 670483.5 2392083, 670502.4 2392101, 670522.3 2392118, 670543.1 2392134, 670564.7 2392149, 670587 2392163, 670610 2392175, 670633.6 2392187, 670657.8 2392197, 670682.5 2392205, 670707.6 2392213, 670733.1 2392219, 670758.8 2392224, 670784.7 2392227, 670810.8 2392229, 670837 2392230, 670863.2 2392229, 670889.3 2392227, 670915.2 2392224, 670941 2392219, 670966.4 2392213, 670991.5 2392205, 671016.2 2392197, 671040.4 2392187, 671064 2392175, 671087 2392163, 671109.3 2392149, 671130.9 2392134, 671151.7 2392118, 671171.6 2392101, 671190.6 2392083, 671208.6 2392064, 671225.6 2392045, 671241.5 2392024, 671256.3 2392002, 671270 2391980, 671282.5 2391957, 671293.8 2391933, 671303.8 2391909, 671312.5 2391884, 671320 2391859, 671326.1 2391834, 671330.9 2391808, 671334.3 2391782, 671336.3 2391756, 671337 2391730))"
5,20260514,Forest,5944.201935851204,37.11400112648281,1.076555023923445,1,Hani,土葬,无,0,1,0,515,629.1285300526857,2283.725645881505,744.39703369140625,11.385748863220215,166.26697484598574,297184.1857910156,31857.941436767578,0.1561701095967979,1,88,153111.70349121094,0.5152081127186269,6826.447677612305,0.02297042710883938,0,1,-0.9714124456578548,0.23739810534421996,8.69017155887759,3.613994287274111,0.07376615023960909,"POLYGON ((664394.1 2380872, 664393.5 2380846, 664391.4 2380820, 664388 2380794, 664383.2 2380768, 664377.1 2380743, 664369.7 2380718, 664360.9 2380693, 664350.9 2380669, 664339.6 2380645, 664327.2 2380622, 664313.5 2380600, 664298.7 2380578, 664282.7 2380558, 664265.7 2380538, 664247.7 2380519, 664228.7 2380501, 664208.8 2380484, 664188 2380468, 664166.5 2380453, 664144.1 2380439, 664121.1 2380427, 664097.5 2380415, 664073.3 2380405, 664048.7 2380397, 664023.6 2380389, 663998.1 2380383, 663972.4 2380378, 663946.4 2380375, 663920.3 2380373, 663894.1 2380372, 663868 2380373, 663841.9 2380375, 663815.9 2380378, 663790.2 2380383, 663764.7 2380389, 663739.6 2380397, 663715 2380405, 663690.8 2380415, 663667.1 2380427, 663644.1 2380439, 663621.8 2380453, 663600.3 2380468, 663579.5 2380484, 663559.6 2380501, 663540.6 2380519, 663522.6 2380538, 663505.6 2380558, 663489.6 2380578, 663474.8 2380600, 663461.1 2380622, 663448.6 2380645, 663437.4 2380669, 663427.4 2380693, 663418.6 2380718, 663411.2 2380743, 663405.1 2380768, 663400.3 2380794, 663396.9 2380820, 663394.8 2380846, 663394.1 2380872, 663394.8 2380898, 663396.9 2380924, 663400.3 2380950, 663405.1 2380976, 663411.2 2381002, 663418.6 2381027, 663427.4 2381051, 663437.4 2381076, 663448.6 2381099, 663461.1 2381122, 663474.8 2381145, 663489.6 2381166, 663505.6 2381187, 663522.6 2381207, 663540.6 2381226, 663559.6 2381244, 663579.5 2381261, 663600.3 2381277, 663621.8 2381292, 663644.1 2381305, 663667.1 2381318, 663690.8 2381329, 663715 2381339, 663739.6 2381348, 663764.7 2381355, 663790.2 2381361, 663815.9 2381366, 663841.9 2381369, 663868 2381372, 663894.1 2381372, 663920.3 2381372, 663946.4 2381369, 663972.4 2381366, 663998.1 2381361, 664023.6 2381355, 664048.7 2381348, 664073.3 2381339, 664097.5 2381329, 664121.1 2381318, 664144.1 2381305, 664166.5 2381292, 664188 2381277, 664208.8 2381261, 664228.7 2381244, 664247.7 2381226, 664265.7 2381207, 664282.7 2381187, 664298.7 2381166, 664313.5 2381145, 664327.2 2381122, 664339.6 2381099, 664350.9 2381076, 664360.9 2381051, 664369.7 2381027, 664377.1 2381002, 664383.2 2380976, 664388 2380950, 664391.4 2380924, 664393.5 2380898, 664394.1 2380872))"
5,20260514,Forest,5944.201935851204,37.11400112648281,1.076555023923445,1,Hani,土葬,无,0,1,0,516,96.11517767505552,1241.997860307678,1022.0092163085938,16.319705963134766,9.658383659878307,785039.3371582031,0,0.06860420402414497,1,89,341221.2615966797,0.43465498535637825,55996.79946899414,0.07132992809213778,0,1,0.9858255900023822,0.1677733771980971,8.69017155887759,3.613994287274111,0.07376615023960909,"POLYGON ((662155.4 2378678, 662154.7 2378651, 662152.7 2378625, 662149.2 2378599, 662144.5 2378574, 662138.4 2378548, 662130.9 2378523, 662122.2 2378498, 662112.2 2378474, 662100.9 2378451, 662088.4 2378428, 662074.7 2378405, 662059.9 2378384, 662044 2378363, 662027 2378343, 662008.9 2378324, 661990 2378306, 661970.1 2378289, 661949.3 2378273, 661927.7 2378258, 661905.4 2378245, 661882.4 2378232, 661858.8 2378221, 661834.6 2378211, 661809.9 2378202, 661784.8 2378195, 661759.3 2378189, 661733.6 2378184, 661707.7 2378180, 661681.6 2378178, 661655.4 2378178, 661629.2 2378178, 661603.1 2378180, 661577.2 2378184, 661551.4 2378189, 661526 2378195, 661500.9 2378202, 661476.2 2378211, 661452 2378221, 661428.4 2378232, 661405.4 2378245, 661383.1 2378258, 661361.5 2378273, 661340.7 2378289, 661320.8 2378306, 661301.8 2378324, 661283.8 2378343, 661266.8 2378363, 661250.9 2378384, 661236.1 2378405, 661222.4 2378428, 661209.9 2378451, 661198.6 2378474, 661188.6 2378498, 661179.9 2378523, 661172.4 2378548, 661166.3 2378574, 661161.5 2378599, 661158.1 2378625, 661156.1 2378651, 661155.4 2378678, 661156.1 2378704, 661158.1 2378730, 661161.5 2378756, 661166.3 2378782, 661172.4 2378807, 661179.9 2378832, 661188.6 2378857, 661198.6 2378881, 661209.9 2378905, 661222.4 2378928, 661236.1 2378950, 661250.9 2378971, 661266.8 2378992, 661283.8 2379012, 661301.8 2379031, 661320.8 2379049, 661340.7 2379066, 661361.5 2379082, 661383.1 2379097, 661405.4 2379111, 661428.4 2379123, 661452 2379134, 661476.2 2379144, 661500.9 2379153, 661526 2379161, 661551.4 2379167, 661577.2 2379171, 661603.1 2379175, 661629.2 2379177, 661655.4 2379178, 661681.6 2379177, 661707.7 2379175, 661733.6 2379171, 661759.3 2379167, 661784.8 2379161, 661809.9 2379153, 661834.6 2379144, 661858.8 2379134, 661882.4 2379123, 661905.4 2379111, 661927.7 2379097, 661949.3 2379082, 661970.1 2379066, 661990 2379049, 662008.9 2379031, 662027 2379012, 662044 2378992, 662059.9 2378971, 662074.7 2378950, 662088.4 2378928, 662100.9 2378905, 662112.2 2378881, 662122.2 2378857, 662130.9 2378832, 662138.4 2378807, 662144.5 2378782, 662149.2 2378756, 662152.7 2378730, 662154.7 2378704, 662155.4 2378678))"
5,20260514,Forest,5944.201935851204,37.11400112648281,1.076555023923445,1,Hani,土葬,无,0,1,0,517,290.72511194170295,1141.2440697829763,1023.7019653320312,16.07686424255371,324.45700529351603,785039.3371582031,0,0.05837211206729698,1,90,240603.9093017578,0.3064864369379629,54155.63163757324,0.06898460889057291,0,1,0.8136795301563737,-0.5813137037817901,8.69017155887759,3.613994287274111,0.07376615023960909,"POLYGON ((662541.9 2378635, 662541.2 2378609, 662539.1 2378583, 662535.7 2378557, 662530.9 2378531, 662524.8 2378506, 662517.4 2378481, 662508.7 2378456, 662498.6 2378432, 662487.4 2378408, 662474.9 2378385, 662461.2 2378363, 662446.4 2378341, 662430.4 2378321, 662413.4 2378301, 662395.4 2378282, 662376.4 2378264, 662356.5 2378247, 662335.8 2378231, 662314.2 2378216, 662291.9 2378202, 662268.9 2378190, 662245.2 2378179, 662221 2378169, 662196.4 2378160, 662171.3 2378152, 662145.8 2378146, 662120.1 2378141, 662094.1 2378138, 662068 2378136, 662041.9 2378135, 662015.7 2378136, 661989.6 2378138, 661963.6 2378141, 661937.9 2378146, 661912.5 2378152, 661887.4 2378160, 661862.7 2378169, 661838.5 2378179, 661814.9 2378190, 661791.9 2378202, 661769.5 2378216, 661748 2378231, 661727.2 2378247, 661707.3 2378264, 661688.3 2378282, 661670.3 2378301, 661653.3 2378321, 661637.4 2378341, 661622.5 2378363, 661608.9 2378385, 661596.4 2378408, 661585.1 2378432, 661575.1 2378456, 661566.3 2378481, 661558.9 2378506, 661552.8 2378531, 661548 2378557, 661544.6 2378583, 661542.5 2378609, 661541.9 2378635, 661542.5 2378661, 661544.6 2378688, 661548 2378714, 661552.8 2378739, 661558.9 2378765, 661566.3 2378790, 661575.1 2378814, 661585.1 2378839, 661596.4 2378862, 661608.9 2378885, 661622.5 2378908, 661637.4 2378929, 661653.3 2378950, 661670.3 2378970, 661688.3 2378989, 661707.3 2379007, 661727.2 2379024, 661748 2379040, 661769.5 2379055, 661791.9 2379068, 661814.9 2379081, 661838.5 2379092, 661862.7 2379102, 661887.4 2379111, 661912.5 2379118, 661937.9 2379124, 661963.6 2379129, 661989.6 2379133, 662015.7 2379135, 662041.9 2379135, 662068 2379135, 662094.1 2379133, 662120.1 2379129, 662145.8 2379124, 662171.3 2379118, 662196.4 2379111, 662221 2379102, 662245.2 2379092, 662268.9 2379081, 662291.9 2379068, 662314.2 2379055, 662335.8 2379040, 662356.5 2379024, 662376.4 2379007, 662395.4 2378989, 662413.4 2378970, 662430.4 2378950, 662446.4 2378929, 662461.2 2378908, 662474.9 2378885, 662487.4 2378862, 662498.6 2378839, 662508.7 2378814, 662517.4 2378790, 662524.8 2378765, 662530.9 2378739, 662535.7 2378714, 662539.1 2378688, 662541.2 2378661, 662541.9 2378635))"
5,20260514,Forest,11460.428923894477,26.137771089322833,1.935738444193912,1,Hani,土葬,无,0,1,0,522,278.00799217224613,593.1219490368237,1639.39013671875,8.240060806274414,111.69399836117695,637068.1091308594,4500,0.3544294419761695,1,91,0,0,92344.49615478516,0.14495231331037603,0,1,-0.36964943013432433,0.9291712968023546,9.346655417482326,3.2633814363632463,0.6604888785878961,"POLYGON ((655961.4 2378073, 655960.7 2378047, 655958.6 2378021, 655955.2 2377995, 655950.4 2377969, 655944.3 2377944, 655936.9 2377919, 655928.2 2377894, 655918.1 2377870, 655906.9 2377846, 655894.4 2377823, 655880.7 2377801, 655865.9 2377779, 655849.9 2377758, 655832.9 2377739, 655814.9 2377720, 655795.9 2377702, 655776 2377685, 655755.3 2377669, 655733.7 2377654, 655711.4 2377640, 655688.4 2377628, 655664.7 2377616, 655640.5 2377606, 655615.9 2377598, 655590.8 2377590, 655565.3 2377584, 655539.6 2377579, 655513.6 2377576, 655487.5 2377574, 655461.4 2377573, 655435.2 2377574, 655409.1 2377576, 655383.1 2377579, 655357.4 2377584, 655332 2377590, 655306.9 2377598, 655282.2 2377606, 655258 2377616, 655234.4 2377628, 655211.4 2377640, 655189 2377654, 655167.5 2377669, 655146.7 2377685, 655126.8 2377702, 655107.8 2377720, 655089.8 2377739, 655072.8 2377758, 655056.9 2377779, 655042 2377801, 655028.4 2377823, 655015.9 2377846, 655004.6 2377870, 654994.6 2377894, 654985.8 2377919, 654978.4 2377944, 654972.3 2377969, 654967.5 2377995, 654964.1 2378021, 654962 2378047, 654961.4 2378073, 654962 2378099, 654964.1 2378125, 654967.5 2378151, 654972.3 2378177, 654978.4 2378203, 654985.8 2378228, 654994.6 2378252, 655004.6 2378276, 655015.9 2378300, 655028.4 2378323, 655042 2378345, 655056.9 2378367, 655072.8 2378388, 655089.8 2378408, 655107.8 2378427, 655126.8 2378445, 655146.7 2378462, 655167.5 2378478, 655189 2378492, 655211.4 2378506, 655234.4 2378519, 655258 2378530, 655282.2 2378540, 655306.9 2378549, 655332 2378556, 655357.4 2378562, 655383.1 2378567, 655409.1 2378570, 655435.2 2378572, 655461.4 2378573, 655487.5 2378572, 655513.6 2378570, 655539.6 2378567, 655565.3 2378562, 655590.8 2378556, 655615.9 2378549, 655640.5 2378540, 655664.7 2378530, 655688.4 2378519, 655711.4 2378506, 655733.7 2378492, 655755.3 2378478, 655776 2378462, 655795.9 2378445, 655814.9 2378427, 655832.9 2378408, 655849.9 2378388, 655865.9 2378367, 655880.7 2378345, 655894.4 2378323, 655906.9 2378300, 655918.1 2378276, 655928.2 2378252, 655936.9 2378228, 655944.3 2378203, 655950.4 2378177, 655955.2 2378151, 655958.6 2378125, 655960.7 2378099, 655961.4 2378073))"
5,20260514,Forest,3589.865249572974,26.95010593000912,0.75059382422802845,1,Hani,土葬,无,0,1,0,525,365.60432466402096,1929.1491227642844,723.77532958984375,11.760836601257324,267.74437884977635,32566.91665649414,134471.76361083984,0.11764442859986884,1,92,0,0,0,0,0,1,-0.039357847511736134,-0.9992251797464088,8.18586994583998,3.2939872279598648,-0.2868906200954694,"POLYGON ((670603.3 2391238, 670602.6 2391212, 670600.5 2391186, 670597.1 2391160, 670592.3 2391134, 670586.2 2391109, 670578.8 2391083, 670570.1 2391059, 670560 2391035, 670548.8 2391011, 670536.3 2390988, 670522.6 2390966, 670507.8 2390944, 670491.8 2390923, 670474.8 2390903, 670456.8 2390884, 670437.8 2390866, 670417.9 2390849, 670397.2 2390833, 670375.6 2390819, 670353.3 2390805, 670330.3 2390792, 670306.6 2390781, 670282.5 2390771, 670257.8 2390762, 670232.7 2390755, 670207.2 2390749, 670181.5 2390744, 670155.5 2390741, 670129.4 2390739, 670103.3 2390738, 670077.1 2390739, 670051 2390741, 670025.1 2390744, 669999.3 2390749, 669973.9 2390755, 669948.8 2390762, 669924.1 2390771, 669899.9 2390781, 669876.3 2390792, 669853.3 2390805, 669831 2390819, 669809.4 2390833, 669788.6 2390849, 669768.7 2390866, 669749.7 2390884, 669731.7 2390903, 669714.7 2390923, 669698.8 2390944, 669683.9 2390966, 669670.3 2390988, 669657.8 2391011, 669646.5 2391035, 669636.5 2391059, 669627.7 2391083, 669620.3 2391109, 669614.2 2391134, 669609.4 2391160, 669606 2391186, 669604 2391212, 669603.3 2391238, 669604 2391264, 669606 2391290, 669609.4 2391316, 669614.2 2391342, 669620.3 2391367, 669627.7 2391392, 669636.5 2391417, 669646.5 2391441, 669657.8 2391465, 669670.3 2391488, 669683.9 2391510, 669698.8 2391532, 669714.7 2391553, 669731.7 2391573, 669749.7 2391592, 669768.7 2391610, 669788.6 2391627, 669809.4 2391642, 669831 2391657, 669853.3 2391671, 669876.3 2391683, 669899.9 2391695, 669924.1 2391705, 669948.8 2391714, 669973.9 2391721, 669999.3 2391727, 670025.1 2391732, 670051 2391735, 670077.1 2391737, 670103.3 2391738, 670129.4 2391737, 670155.5 2391735, 670181.5 2391732, 670207.2 2391727, 670232.7 2391721, 670257.8 2391714, 670282.5 2391705, 670306.6 2391695, 670330.3 2391683, 670353.3 2391671, 670375.6 2391657, 670397.2 2391642, 670417.9 2391627, 670437.8 2391610, 670456.8 2391592, 670474.8 2391573, 670491.8 2391553, 670507.8 2391532, 670522.6 2391510, 670536.3 2391488, 670548.8 2391465, 670560 2391441, 670570.1 2391417, 670578.8 2391392, 670586.2 2391367, 670592.3 2391342, 670597.1 2391316, 670600.5 2391290, 670602.6 2391264, 670603.3 2391238))"
5,20260514,Forest,9566.511627906977,26.327719227924465,0.932825484764543,1,Hani,土葬,无,0,1,0,530,289.1461321918208,750.7473662284248,904.4732666015625,14.713302612304688,136.33960213119082,606410.595703125,375.6365865468979,0.17825717139638747,1,93,178126.99584960938,0.29373991337185246,53100,0.08756443303638396,0,1,-0.7234445025181292,0.6903825401734147,9.166023906806155,3.270622347193581,-0.06953714304240752,"POLYGON ((670921.7 2432378, 670921 2432352, 670918.9 2432326, 670915.5 2432300, 670910.7 2432274, 670904.6 2432249, 670897.2 2432223, 670888.5 2432199, 670878.4 2432175, 670867.2 2432151, 670854.7 2432128, 670841 2432106, 670826.2 2432084, 670810.2 2432063, 670793.2 2432043, 670775.2 2432024, 670756.2 2432006, 670736.3 2431989, 670715.6 2431973, 670694 2431959, 670671.7 2431945, 670648.7 2431932, 670625 2431921, 670600.9 2431911, 670576.2 2431902, 670551.1 2431895, 670525.6 2431889, 670499.9 2431884, 670473.9 2431881, 670447.8 2431879, 670421.7 2431878, 670395.5 2431879, 670369.4 2431881, 670343.5 2431884, 670317.7 2431889, 670292.3 2431895, 670267.2 2431902, 670242.5 2431911, 670218.3 2431921, 670194.7 2431932, 670171.7 2431945, 670149.4 2431959, 670127.8 2431973, 670107 2431989, 670087.1 2432006, 670068.1 2432024, 670050.1 2432043, 670033.1 2432063, 670017.2 2432084, 670002.3 2432106, 669988.7 2432128, 669976.2 2432151, 669964.9 2432175, 669954.9 2432199, 669946.1 2432223, 669938.7 2432249, 669932.6 2432274, 669927.8 2432300, 669924.4 2432326, 669922.4 2432352, 669921.7 2432378, 669922.4 2432404, 669924.4 2432430, 669927.8 2432456, 669932.6 2432482, 669938.7 2432507, 669946.1 2432533, 669954.9 2432557, 669964.9 2432581, 669976.2 2432605, 669988.7 2432628, 670002.3 2432650, 670017.2 2432672, 670033.1 2432693, 670050.1 2432713, 670068.1 2432732, 670087.1 2432750, 670107 2432767, 670127.8 2432783, 670149.4 2432797, 670171.7 2432811, 670194.7 2432824, 670218.3 2432835, 670242.5 2432845, 670267.2 2432854, 670292.3 2432861, 670317.7 2432867, 670343.5 2432872, 670369.4 2432875, 670395.5 2432877, 670421.7 2432878, 670447.8 2432877, 670473.9 2432875, 670499.9 2432872, 670525.6 2432867, 670551.1 2432861, 670576.2 2432854, 670600.9 2432845, 670625 2432835, 670648.7 2432824, 670671.7 2432811, 670694 2432797, 670715.6 2432783, 670736.3 2432767, 670756.2 2432750, 670775.2 2432732, 670793.2 2432713, 670810.2 2432693, 670826.2 2432672, 670841 2432650, 670854.7 2432628, 670867.2 2432605, 670878.4 2432581, 670888.5 2432557, 670897.2 2432533, 670904.6 2432507, 670910.7 2432482, 670915.5 2432456, 670918.9 2432430, 670921 2432404, 670921.7 2432378))"
5,20260514,Forest,9566.511627906977,26.327719227924465,0.932825484764543,1,Hani,土葬,无,0,1,0,531,598.3448597932528,1286.6066514317743,846.39599609375,13.323613166809082,133.15719717735809,508117.56591796875,22724.903869628906,0.17114152111865455,1,94,344943.8690185547,0.6788662548900011,18250.278854370117,0.03591743344160723,0,1,-0.6840023388145381,0.7294798150026098,9.166023906806155,3.270622347193581,-0.06953714304240752,"POLYGON ((676003.4 2438117, 676002.7 2438091, 676000.7 2438065, 675997.3 2438039, 675992.5 2438013, 675986.4 2437988, 675978.9 2437963, 675970.2 2437938, 675960.2 2437914, 675948.9 2437890, 675936.4 2437867, 675922.8 2437845, 675907.9 2437823, 675892 2437802, 675875 2437782, 675857 2437763, 675838 2437745, 675818.1 2437728, 675797.3 2437713, 675775.7 2437698, 675753.4 2437684, 675730.4 2437672, 675706.8 2437660, 675682.6 2437650, 675657.9 2437641, 675632.8 2437634, 675607.4 2437628, 675581.6 2437623, 675555.7 2437620, 675529.6 2437618, 675503.4 2437617, 675477.3 2437618, 675451.2 2437620, 675425.2 2437623, 675399.5 2437628, 675374 2437634, 675348.9 2437641, 675324.2 2437650, 675300.1 2437660, 675276.4 2437672, 675253.4 2437684, 675231.1 2437698, 675209.5 2437713, 675188.8 2437728, 675168.9 2437745, 675149.9 2437763, 675131.8 2437782, 675114.8 2437802, 675098.9 2437823, 675084.1 2437845, 675070.4 2437867, 675057.9 2437890, 675046.6 2437914, 675036.6 2437938, 675027.9 2437963, 675020.5 2437988, 675014.3 2438013, 675009.6 2438039, 675006.2 2438065, 675004.1 2438091, 675003.4 2438117, 675004.1 2438143, 675006.2 2438169, 675009.6 2438195, 675014.3 2438221, 675020.5 2438246, 675027.9 2438272, 675036.6 2438296, 675046.6 2438320, 675057.9 2438344, 675070.4 2438367, 675084.1 2438389, 675098.9 2438411, 675114.8 2438432, 675131.8 2438452, 675149.9 2438471, 675168.9 2438489, 675188.8 2438506, 675209.5 2438522, 675231.1 2438536, 675253.4 2438550, 675276.4 2438563, 675300.1 2438574, 675324.2 2438584, 675348.9 2438593, 675374 2438600, 675399.5 2438606, 675425.2 2438611, 675451.2 2438614, 675477.3 2438616, 675503.4 2438617, 675529.6 2438616, 675555.7 2438614, 675581.6 2438611, 675607.4 2438606, 675632.8 2438600, 675657.9 2438593, 675682.6 2438584, 675706.8 2438574, 675730.4 2438563, 675753.4 2438550, 675775.7 2438536, 675797.3 2438522, 675818.1 2438506, 675838 2438489, 675857 2438471, 675875 2438452, 675892 2438432, 675907.9 2438411, 675922.8 2438389, 675936.4 2438367, 675948.9 2438344, 675960.2 2438320, 675970.2 2438296, 675978.9 2438272, 675986.4 2438246, 675992.5 2438221, 675997.3 2438195, 676000.7 2438169, 676002.7 2438143, 676003.4 2438117))"
5,20260514,Forest,6639.069767441861,18.580990665382664,1.670074349442379,1,Hani,土葬,无,0,1,0,537,312.8797493363704,1164.7165690849001,811.6588134765625,14.858323097229004,215.13504783470145,44554.82368469238,169198.51684570312,0.11221275317799202,1,97,15455.094337463379,0.3468781393196997,0,0,0,1,-0.8177978336039133,-0.57550560670835,8.80072713739144,2.9221390508761664,0.5128681460618293,"POLYGON ((680537 2414405, 680536.3 2414379, 680534.3 2414353, 680530.9 2414327, 680526.1 2414301, 680520 2414275, 680512.6 2414250, 680503.8 2414226, 680493.8 2414201, 680482.5 2414178, 680470 2414155, 680456.4 2414133, 680441.5 2414111, 680425.6 2414090, 680408.6 2414070, 680390.6 2414051, 680371.6 2414033, 680351.7 2414016, 680330.9 2414000, 680309.3 2413986, 680287 2413972, 680264 2413959, 680240.4 2413948, 680216.2 2413938, 680191.5 2413929, 680166.4 2413922, 680141 2413916, 680115.2 2413911, 680089.3 2413908, 680063.2 2413906, 680037 2413905, 680010.9 2413906, 679984.8 2413908, 679958.8 2413911, 679933.1 2413916, 679907.6 2413922, 679882.5 2413929, 679857.8 2413938, 679833.7 2413948, 679810 2413959, 679787 2413972, 679764.7 2413986, 679743.1 2414000, 679722.4 2414016, 679702.5 2414033, 679683.5 2414051, 679665.5 2414070, 679648.5 2414090, 679632.5 2414111, 679617.7 2414133, 679604 2414155, 679591.5 2414178, 679580.3 2414201, 679570.2 2414226, 679561.5 2414250, 679554.1 2414275, 679548 2414301, 679543.2 2414327, 679539.8 2414353, 679537.7 2414379, 679537 2414405, 679537.7 2414431, 679539.8 2414457, 679543.2 2414483, 679548 2414509, 679554.1 2414534, 679561.5 2414559, 679570.2 2414584, 679580.3 2414608, 679591.5 2414632, 679604 2414655, 679617.7 2414677, 679632.5 2414699, 679648.5 2414719, 679665.5 2414739, 679683.5 2414758, 679702.5 2414776, 679722.4 2414793, 679743.1 2414809, 679764.7 2414824, 679787 2414838, 679810 2414850, 679833.7 2414862, 679857.8 2414872, 679882.5 2414880, 679907.6 2414888, 679933.1 2414894, 679958.8 2414899, 679984.8 2414902, 680010.9 2414904, 680037 2414905, 680063.2 2414904, 680089.3 2414902, 680115.2 2414899, 680141 2414894, 680166.4 2414888, 680191.5 2414880, 680216.2 2414872, 680240.4 2414862, 680264 2414850, 680287 2414838, 680309.3 2414824, 680330.9 2414809, 680351.7 2414793, 680371.6 2414776, 680390.6 2414758, 680408.6 2414739, 680425.6 2414719, 680441.5 2414699, 680456.4 2414677, 680470 2414655, 680482.5 2414632, 680493.8 2414608, 680503.8 2414584, 680512.6 2414559, 680520 2414534, 680526.1 2414509, 680530.9 2414483, 680534.3 2414457, 680536.3 2414431, 680537 2414405))"
5,20260514,Forest,15755.348837209303,49.074946133371625,0.16021765417170497,1,Hani,土葬,无,0,1,0,551,544.9525740878997,1649.924989288482,904.590087890625,10.426631927490234,287.39642530333435,14400,137831.32781982422,0.13583488791846007,1,99,9900,0.6875,0,0,0,1,0.2989812564038073,-0.9542589838818395,9.664935195311495,3.8933486425230353,-1.8312220495974143,"POLYGON ((690573.2 2426684, 690572.6 2426658, 690570.5 2426632, 690567.1 2426606, 690562.3 2426580, 690556.2 2426555, 690548.8 2426530, 690540 2426505, 690530 2426481, 690518.7 2426457, 690506.3 2426434, 690492.6 2426412, 690477.8 2426390, 690461.8 2426369, 690444.8 2426350, 690426.8 2426331, 690407.8 2426313, 690387.9 2426296, 690367.1 2426280, 690345.6 2426265, 690323.2 2426251, 690300.2 2426239, 690276.6 2426227, 690252.4 2426217, 690227.8 2426209, 690202.7 2426201, 690177.2 2426195, 690151.5 2426190, 690125.5 2426187, 690099.4 2426185, 690073.2 2426184, 690047.1 2426185, 690021 2426187, 689995 2426190, 689969.3 2426195, 689943.8 2426201, 689918.7 2426209, 689894.1 2426217, 689869.9 2426227, 689846.3 2426239, 689823.2 2426251, 689800.9 2426265, 689779.4 2426280, 689758.6 2426296, 689738.7 2426313, 689719.7 2426331, 689701.7 2426350, 689684.7 2426369, 689668.7 2426390, 689653.9 2426412, 689640.2 2426434, 689627.7 2426457, 689616.5 2426481, 689606.5 2426505, 689597.7 2426530, 689590.3 2426555, 689584.2 2426580, 689579.4 2426606, 689576 2426632, 689573.9 2426658, 689573.2 2426684, 689573.9 2426710, 689576 2426736, 689579.4 2426762, 689584.2 2426788, 689590.3 2426813, 689597.7 2426839, 689606.5 2426863, 689616.5 2426887, 689627.7 2426911, 689640.2 2426934, 689653.9 2426956, 689668.7 2426978, 689684.7 2426999, 689701.7 2427019, 689719.7 2427038, 689738.7 2427056, 689758.6 2427073, 689779.4 2427089, 689800.9 2427103, 689823.2 2427117, 689846.3 2427130, 689869.9 2427141, 689894.1 2427151, 689918.7 2427160, 689943.8 2427167, 689969.3 2427173, 689995 2427178, 690021 2427181, 690047.1 2427183, 690073.2 2427184, 690099.4 2427183, 690125.5 2427181, 690151.5 2427178, 690177.2 2427173, 690202.7 2427167, 690227.8 2427160, 690252.4 2427151, 690276.6 2427141, 690300.2 2427130, 690323.2 2427117, 690345.6 2427103, 690367.1 2427089, 690387.9 2427073, 690407.8 2427056, 690426.8 2427038, 690444.8 2427019, 690461.8 2426999, 690477.8 2426978, 690492.6 2426956, 690506.3 2426934, 690518.7 2426911, 690530 2426887, 690540 2426863, 690548.8 2426839, 690556.2 2426813, 690562.3 2426788, 690567.1 2426762, 690570.5 2426736, 690572.6 2426710, 690573.2 2426684))"
5,20260514,Forest,15755.348837209303,49.074946133371625,0.16021765417170497,1,Hani,土葬,无,0,1,0,555,440.7375361085312,2058.546456220069,879.10894775390625,14.287798881530762,108.95190009493321,92481.89392089844,120561.93237304688,0.10608937514812732,1,100,88122.52578735352,0.9528624690874781,0,0,0,1,-0.3247742753619997,0.9457915574073856,9.664935195311495,3.8933486425230353,-1.8312220495974143,"POLYGON ((691245.2 2426774, 691244.5 2426747, 691242.4 2426721, 691239 2426695, 691234.2 2426670, 691228.1 2426644, 691220.7 2426619, 691212 2426594, 691201.9 2426570, 691190.7 2426547, 691178.2 2426524, 691164.5 2426501, 691149.7 2426480, 691133.7 2426459, 691116.7 2426439, 691098.7 2426420, 691079.7 2426402, 691059.8 2426385, 691039.1 2426369, 691017.5 2426354, 690995.2 2426341, 690972.2 2426328, 690948.5 2426317, 690924.4 2426307, 690899.7 2426298, 690874.6 2426291, 690849.1 2426285, 690823.4 2426280, 690797.4 2426276, 690771.3 2426274, 690745.2 2426274, 690719 2426274, 690692.9 2426276, 690667 2426280, 690641.2 2426285, 690615.8 2426291, 690590.7 2426298, 690566 2426307, 690541.8 2426317, 690518.2 2426328, 690495.2 2426341, 690472.9 2426354, 690451.3 2426369, 690430.5 2426385, 690410.6 2426402, 690391.6 2426420, 690373.6 2426439, 690356.6 2426459, 690340.7 2426480, 690325.8 2426501, 690312.2 2426524, 690299.7 2426547, 690288.4 2426570, 690278.4 2426594, 690269.6 2426619, 690262.2 2426644, 690256.1 2426670, 690251.3 2426695, 690247.9 2426721, 690245.9 2426747, 690245.2 2426774, 690245.9 2426800, 690247.9 2426826, 690251.3 2426852, 690256.1 2426878, 690262.2 2426903, 690269.6 2426928, 690278.4 2426953, 690288.4 2426977, 690299.7 2427001, 690312.2 2427024, 690325.8 2427046, 690340.7 2427068, 690356.6 2427088, 690373.6 2427108, 690391.6 2427127, 690410.6 2427145, 690430.5 2427162, 690451.3 2427178, 690472.9 2427193, 690495.2 2427207, 690518.2 2427219, 690541.8 2427230, 690566 2427240, 690590.7 2427249, 690615.8 2427257, 690641.2 2427263, 690667 2427267, 690692.9 2427271, 690719 2427273, 690745.2 2427274, 690771.3 2427273, 690797.4 2427271, 690823.4 2427267, 690849.1 2427263, 690874.6 2427257, 690899.7 2427249, 690924.4 2427240, 690948.5 2427230, 690972.2 2427219, 690995.2 2427207, 691017.5 2427193, 691039.1 2427178, 691059.8 2427162, 691079.7 2427145, 691098.7 2427127, 691116.7 2427108, 691133.7 2427088, 691149.7 2427068, 691164.5 2427046, 691178.2 2427024, 691190.7 2427001, 691201.9 2426977, 691212 2426953, 691220.7 2426928, 691228.1 2426903, 691234.2 2426878, 691239 2426852, 691242.4 2426826, 691244.5 2426800, 691245.2 2426774))"
5,20260514,Forest,8223.255813953489,98.42790778996654,2.042501517911354,1,Hani,土葬,无,0,1,0,562,420.83798585979827,419.84531021692413,1050.12353515625,17.981931686401367,68.91206636250881,784142.9626464844,0,0.08598948005156934,1,102,298610.9802246094,0.38081191115558394,21662.9825592041,0.027626317637400564,0,1,0.359800322218816,0.9330293286554481,9.014721494052063,4.589324379598556,0.7141752909151984,"POLYGON ((672608.7 2445800, 672608 2445774, 672606 2445748, 672602.6 2445722, 672597.8 2445696, 672591.7 2445671, 672584.3 2445646, 672575.5 2445621, 672565.5 2445597, 672554.2 2445573, 672541.7 2445550, 672528.1 2445528, 672513.2 2445506, 672497.3 2445486, 672480.3 2445466, 672462.3 2445447, 672443.3 2445429, 672423.4 2445412, 672402.6 2445396, 672381.1 2445381, 672358.7 2445367, 672335.7 2445355, 672312.1 2445343, 672287.9 2445333, 672263.2 2445325, 672238.1 2445317, 672212.7 2445311, 672186.9 2445306, 672161 2445303, 672134.9 2445301, 672108.7 2445300, 672082.6 2445301, 672056.5 2445303, 672030.5 2445306, 672004.8 2445311, 671979.3 2445317, 671954.2 2445325, 671929.5 2445333, 671905.4 2445343, 671881.7 2445355, 671858.7 2445367, 671836.4 2445381, 671814.8 2445396, 671794.1 2445412, 671774.2 2445429, 671755.2 2445447, 671737.2 2445466, 671720.2 2445486, 671704.2 2445506, 671689.4 2445528, 671675.7 2445550, 671663.2 2445573, 671652 2445597, 671641.9 2445621, 671633.2 2445646, 671625.8 2445671, 671619.7 2445696, 671614.9 2445722, 671611.5 2445748, 671609.4 2445774, 671608.7 2445800, 671609.4 2445826, 671611.5 2445852, 671614.9 2445878, 671619.7 2445904, 671625.8 2445930, 671633.2 2445955, 671641.9 2445979, 671652 2446004, 671663.2 2446027, 671675.7 2446050, 671689.4 2446072, 671704.2 2446094, 671720.2 2446115, 671737.2 2446135, 671755.2 2446154, 671774.2 2446172, 671794.1 2446189, 671814.8 2446205, 671836.4 2446220, 671858.7 2446233, 671881.7 2446246, 671905.4 2446257, 671929.5 2446267, 671954.2 2446276, 671979.3 2446283, 672004.8 2446289, 672030.5 2446294, 672056.5 2446297, 672082.6 2446299, 672108.7 2446300, 672134.9 2446299, 672161 2446297, 672186.9 2446294, 672212.7 2446289, 672238.1 2446283, 672263.2 2446276, 672287.9 2446267, 672312.1 2446257, 672335.7 2446246, 672358.7 2446233, 672381.1 2446220, 672402.6 2446205, 672423.4 2446189, 672443.3 2446172, 672462.3 2446154, 672480.3 2446135, 672497.3 2446115, 672513.2 2446094, 672528.1 2446072, 672541.7 2446050, 672554.2 2446027, 672565.5 2446004, 672575.5 2445979, 672584.3 2445955, 672591.7 2445930, 672597.8 2445904, 672602.6 2445878, 672606 2445852, 672608 2445826, 672608.7 2445800))"
5,20260514,Forest,5261.607142857142,54.165384156118535,4.772027110289587,1,Hani,NA,NA,0,1,0,612,193.54501652544096,291.25490418186155,1686.5648193359375,11.821165084838867,121.2289074335183,536444.0002441406,75566.38870239258,0.2291469017621137,1,104,0,0,4500,0.008388573640402368,0,1,-0.5184585002616503,0.8551027911932227,8.56819179953091,3.9920420357035633,1.5627711853363777,"POLYGON ((621037.5 2424096, 621036.9 2424069, 621034.8 2424043, 621031.4 2424017, 621026.6 2423992, 621020.5 2423966, 621013.1 2423941, 621004.3 2423916, 620994.3 2423892, 620983.1 2423869, 620970.6 2423846, 620956.9 2423823, 620942.1 2423802, 620926.1 2423781, 620909.1 2423761, 620891.1 2423742, 620872.1 2423724, 620852.2 2423707, 620831.4 2423691, 620809.9 2423676, 620787.5 2423663, 620764.5 2423650, 620740.9 2423639, 620716.7 2423629, 620692.1 2423620, 620667 2423613, 620641.5 2423607, 620615.8 2423602, 620589.8 2423598, 620563.7 2423596, 620537.5 2423596, 620511.4 2423596, 620485.3 2423598, 620459.3 2423602, 620433.6 2423607, 620408.1 2423613, 620383 2423620, 620358.4 2423629, 620334.2 2423639, 620310.6 2423650, 620287.5 2423663, 620265.2 2423676, 620243.7 2423691, 620222.9 2423707, 620203 2423724, 620184 2423742, 620166 2423761, 620149 2423781, 620133 2423802, 620118.2 2423823, 620104.5 2423846, 620092 2423869, 620080.8 2423892, 620070.8 2423916, 620062 2423941, 620054.6 2423966, 620048.5 2423992, 620043.7 2424017, 620040.3 2424043, 620038.2 2424069, 620037.5 2424096, 620038.2 2424122, 620040.3 2424148, 620043.7 2424174, 620048.5 2424200, 620054.6 2424225, 620062 2424250, 620070.8 2424275, 620080.8 2424299, 620092 2424323, 620104.5 2424346, 620118.2 2424368, 620133 2424390, 620149 2424410, 620166 2424430, 620184 2424449, 620203 2424467, 620222.9 2424484, 620243.7 2424500, 620265.2 2424515, 620287.5 2424529, 620310.6 2424541, 620334.2 2424552, 620358.4 2424562, 620383 2424571, 620408.1 2424579, 620433.6 2424585, 620459.3 2424590, 620485.3 2424593, 620511.4 2424595, 620537.5 2424596, 620563.7 2424595, 620589.8 2424593, 620615.8 2424590, 620641.5 2424585, 620667 2424579, 620692.1 2424571, 620716.7 2424562, 620740.9 2424552, 620764.5 2424541, 620787.5 2424529, 620809.9 2424515, 620831.4 2424500, 620852.2 2424484, 620872.1 2424467, 620891.1 2424449, 620909.1 2424430, 620926.1 2424410, 620942.1 2424390, 620956.9 2424368, 620970.6 2424346, 620983.1 2424323, 620994.3 2424299, 621004.3 2424275, 621013.1 2424250, 621020.5 2424225, 621026.6 2424200, 621031.4 2424174, 621034.8 2424148, 621036.9 2424122, 621037.5 2424096))"
5,20260514,Forest,5261.607142857142,54.165384156118535,4.772027110289587,1,Hani,NA,NA,0,1,0,613,325.37543415664726,515.7933674387173,1669.9901123046875,9.129117965698242,39.137217818275786,596057.9040527344,2700,0.2492324237512517,1,105,0,0,42098.10562133789,0.07062754362471031,0,1,0.7756365730983921,0.6311797734973631,8.56819179953091,3.9920420357035633,1.5627711853363777,"POLYGON ((621468.7 2423509, 621468 2423483, 621465.9 2423457, 621462.5 2423431, 621457.7 2423405, 621451.6 2423380, 621444.2 2423355, 621435.5 2423330, 621425.4 2423306, 621414.2 2423282, 621401.7 2423259, 621388 2423237, 621373.2 2423215, 621357.2 2423194, 621340.2 2423174, 621322.2 2423155, 621303.2 2423137, 621283.3 2423120, 621262.6 2423105, 621241 2423090, 621218.7 2423076, 621195.7 2423064, 621172 2423052, 621147.8 2423042, 621123.2 2423033, 621098.1 2423026, 621072.6 2423020, 621046.9 2423015, 621020.9 2423012, 620994.8 2423010, 620968.7 2423009, 620942.5 2423010, 620916.4 2423012, 620890.4 2423015, 620864.7 2423020, 620839.3 2423026, 620814.2 2423033, 620789.5 2423042, 620765.3 2423052, 620741.7 2423064, 620718.7 2423076, 620696.3 2423090, 620674.8 2423105, 620654 2423120, 620634.1 2423137, 620615.1 2423155, 620597.1 2423174, 620580.1 2423194, 620564.2 2423215, 620549.3 2423237, 620535.7 2423259, 620523.2 2423282, 620511.9 2423306, 620501.9 2423330, 620493.1 2423355, 620485.7 2423380, 620479.6 2423405, 620474.8 2423431, 620471.4 2423457, 620469.3 2423483, 620468.7 2423509, 620469.3 2423535, 620471.4 2423561, 620474.8 2423587, 620479.6 2423613, 620485.7 2423638, 620493.1 2423664, 620501.9 2423688, 620511.9 2423712, 620523.2 2423736, 620535.7 2423759, 620549.3 2423781, 620564.2 2423803, 620580.1 2423824, 620597.1 2423844, 620615.1 2423863, 620634.1 2423881, 620654 2423898, 620674.8 2423914, 620696.3 2423928, 620718.7 2423942, 620741.7 2423955, 620765.3 2423966, 620789.5 2423976, 620814.2 2423985, 620839.3 2423992, 620864.7 2423998, 620890.4 2424003, 620916.4 2424006, 620942.5 2424008, 620968.7 2424009, 620994.8 2424008, 621020.9 2424006, 621046.9 2424003, 621072.6 2423998, 621098.1 2423992, 621123.2 2423985, 621147.8 2423976, 621172 2423966, 621195.7 2423955, 621218.7 2423942, 621241 2423928, 621262.6 2423914, 621283.3 2423898, 621303.2 2423881, 621322.2 2423863, 621340.2 2423844, 621357.2 2423824, 621373.2 2423803, 621388 2423781, 621401.7 2423759, 621414.2 2423736, 621425.4 2423712, 621435.5 2423688, 621444.2 2423664, 621451.6 2423638, 621457.7 2423613, 621462.5 2423587, 621465.9 2423561, 621468 2423535, 621468.7 2423509))"
5,20260514,Forest,6281.739130434783,272.57944922121186,0.946788790753462,1,Hani,NA,NA,0,1,0,616,205.55164523105805,244.35074431575563,1565.1580810546875,9.964825630187988,347.3397058969377,785039.3371582031,0,0.21209018968595403,1,108,0,0,50913.56620788574,0.06485479618408664,0,1,0.9756866628041612,-0.21917010751030622,8.745402152721663,5.6079301283839715,-0.05467924049829903,"POLYGON ((630541.4 2418659, 630540.8 2418633, 630538.7 2418607, 630535.3 2418581, 630530.5 2418555, 630524.4 2418530, 630517 2418505, 630508.2 2418480, 630498.2 2418456, 630486.9 2418432, 630474.5 2418409, 630460.8 2418387, 630446 2418365, 630430 2418344, 630413 2418325, 630395 2418306, 630376 2418288, 630356.1 2418271, 630335.3 2418255, 630313.8 2418240, 630291.4 2418226, 630268.4 2418214, 630244.8 2418202, 630220.6 2418192, 630196 2418184, 630170.9 2418176, 630145.4 2418170, 630119.7 2418165, 630093.7 2418162, 630067.6 2418160, 630041.4 2418159, 630015.3 2418160, 629989.2 2418162, 629963.2 2418165, 629937.5 2418170, 629912 2418176, 629886.9 2418184, 629862.3 2418192, 629838.1 2418202, 629814.4 2418214, 629791.4 2418226, 629769.1 2418240, 629747.6 2418255, 629726.8 2418271, 629706.9 2418288, 629687.9 2418306, 629669.9 2418325, 629652.9 2418344, 629636.9 2418365, 629622.1 2418387, 629608.4 2418409, 629595.9 2418432, 629584.7 2418456, 629574.7 2418480, 629565.9 2418505, 629558.5 2418530, 629552.4 2418555, 629547.6 2418581, 629544.2 2418607, 629542.1 2418633, 629541.4 2418659, 629542.1 2418685, 629544.2 2418711, 629547.6 2418737, 629552.4 2418763, 629558.5 2418789, 629565.9 2418814, 629574.7 2418838, 629584.7 2418862, 629595.9 2418886, 629608.4 2418909, 629622.1 2418931, 629636.9 2418953, 629652.9 2418974, 629669.9 2418994, 629687.9 2419013, 629706.9 2419031, 629726.8 2419048, 629747.6 2419064, 629769.1 2419078, 629791.4 2419092, 629814.4 2419105, 629838.1 2419116, 629862.3 2419126, 629886.9 2419135, 629912 2419142, 629937.5 2419148, 629963.2 2419153, 629989.2 2419156, 630015.3 2419158, 630041.4 2419159, 630067.6 2419158, 630093.7 2419156, 630119.7 2419153, 630145.4 2419148, 630170.9 2419142, 630196 2419135, 630220.6 2419126, 630244.8 2419116, 630268.4 2419105, 630291.4 2419092, 630313.8 2419078, 630335.3 2419064, 630356.1 2419048, 630376 2419031, 630395 2419013, 630413 2418994, 630430 2418974, 630446 2418953, 630460.8 2418931, 630474.5 2418909, 630486.9 2418886, 630498.2 2418862, 630508.2 2418838, 630517 2418814, 630524.4 2418789, 630530.5 2418763, 630535.3 2418737, 630538.7 2418711, 630540.8 2418685, 630541.4 2418659))"
5,20260514,Forest,6281.739130434783,272.57944922121186,0.946788790753462,1,Hani,NA,NA,0,1,0,617,104.59819790429309,240.02205249100538,1471.7493896484375,8.957930564880371,149.89769990527728,784139.3371582031,900,0.39787554439032974,1,109,0,0,30737.923049926758,0.03919956772137458,0,1,-0.865131287112205,0.5015454675895092,8.745402152721663,5.6079301283839715,-0.05467924049829903,"POLYGON ((630054 2419750, 630053.3 2419724, 630051.3 2419698, 630047.9 2419672, 630043.1 2419646, 630037 2419620, 630029.5 2419595, 630020.8 2419571, 630010.8 2419546, 629999.5 2419523, 629987 2419500, 629973.4 2419477, 629958.5 2419456, 629942.6 2419435, 629925.6 2419415, 629907.6 2419396, 629888.6 2419378, 629868.7 2419361, 629847.9 2419345, 629826.3 2419330, 629804 2419317, 629781 2419304, 629757.4 2419293, 629733.2 2419283, 629708.5 2419274, 629683.4 2419267, 629658 2419261, 629632.2 2419256, 629606.3 2419253, 629580.2 2419250, 629554 2419250, 629527.9 2419250, 629501.8 2419253, 629475.8 2419256, 629450.1 2419261, 629424.6 2419267, 629399.5 2419274, 629374.8 2419283, 629350.7 2419293, 629327 2419304, 629304 2419317, 629281.7 2419330, 629260.1 2419345, 629239.4 2419361, 629219.5 2419378, 629200.5 2419396, 629182.4 2419415, 629165.4 2419435, 629149.5 2419456, 629134.7 2419477, 629121 2419500, 629108.5 2419523, 629097.2 2419546, 629087.2 2419571, 629078.5 2419595, 629071.1 2419620, 629064.9 2419646, 629060.2 2419672, 629056.8 2419698, 629054.7 2419724, 629054 2419750, 629054.7 2419776, 629056.8 2419802, 629060.2 2419828, 629064.9 2419854, 629071.1 2419879, 629078.5 2419904, 629087.2 2419929, 629097.2 2419953, 629108.5 2419977, 629121 2420000, 629134.7 2420022, 629149.5 2420044, 629165.4 2420064, 629182.4 2420084, 629200.5 2420103, 629219.5 2420121, 629239.4 2420138, 629260.1 2420154, 629281.7 2420169, 629304 2420183, 629327 2420195, 629350.7 2420207, 629374.8 2420217, 629399.5 2420225, 629424.6 2420233, 629450.1 2420239, 629475.8 2420244, 629501.8 2420247, 629527.9 2420249, 629554 2420250, 629580.2 2420249, 629606.3 2420247, 629632.2 2420244, 629658 2420239, 629683.4 2420233, 629708.5 2420225, 629733.2 2420217, 629757.4 2420207, 629781 2420195, 629804 2420183, 629826.3 2420169, 629847.9 2420154, 629868.7 2420138, 629888.6 2420121, 629907.6 2420103, 629925.6 2420084, 629942.6 2420064, 629958.5 2420044, 629973.4 2420022, 629987 2420000, 629999.5 2419977, 630010.8 2419953, 630020.8 2419929, 630029.5 2419904, 630037 2419879, 630043.1 2419854, 630047.9 2419828, 630051.3 2419802, 630053.3 2419776, 630054 2419750))"
5,20260514,Forest,4145.535714285714,150.66564554460183,2.5223120694818806,1,Hani,NA,NA,0,1,0,620,275.5018680953772,547.8017377446123,1439.7984619140625,17.956533432006836,263.9625275423027,680661.4196777344,58023.82507324219,0.041338628689736256,1,110,0,0,171188.36059570312,0.25150295822077573,0,1,-0.10517887585370343,-0.9944533192031445,8.32978730271292,5.015063113782317,0.9251759687782185,"POLYGON ((617971.7 2430373, 617971 2430347, 617969 2430321, 617965.6 2430295, 617960.8 2430269, 617954.7 2430244, 617947.2 2430219, 617938.5 2430194, 617928.5 2430170, 617917.2 2430146, 617904.7 2430123, 617891.1 2430101, 617876.2 2430079, 617860.3 2430059, 617843.3 2430039, 617825.3 2430020, 617806.3 2430002, 617786.4 2429985, 617765.6 2429969, 617744 2429954, 617721.7 2429940, 617698.7 2429928, 617675.1 2429917, 617650.9 2429907, 617626.2 2429898, 617601.1 2429890, 617575.7 2429884, 617549.9 2429880, 617524 2429876, 617497.9 2429874, 617471.7 2429873, 617445.6 2429874, 617419.5 2429876, 617393.5 2429880, 617367.8 2429884, 617342.3 2429890, 617317.2 2429898, 617292.5 2429907, 617268.3 2429917, 617244.7 2429928, 617221.7 2429940, 617199.4 2429954, 617177.8 2429969, 617157.1 2429985, 617137.2 2430002, 617118.2 2430020, 617100.1 2430039, 617083.1 2430059, 617067.2 2430079, 617052.4 2430101, 617038.7 2430123, 617026.2 2430146, 617014.9 2430170, 617004.9 2430194, 616996.2 2430219, 616988.8 2430244, 616982.6 2430269, 616977.9 2430295, 616974.5 2430321, 616972.4 2430347, 616971.7 2430373, 616972.4 2430400, 616974.5 2430426, 616977.9 2430452, 616982.6 2430477, 616988.8 2430503, 616996.2 2430528, 617004.9 2430553, 617014.9 2430577, 617026.2 2430600, 617038.7 2430623, 617052.4 2430646, 617067.2 2430667, 617083.1 2430688, 617100.1 2430708, 617118.2 2430727, 617137.2 2430745, 617157.1 2430762, 617177.8 2430778, 617199.4 2430793, 617221.7 2430806, 617244.7 2430819, 617268.3 2430830, 617292.5 2430840, 617317.2 2430849, 617342.3 2430856, 617367.8 2430862, 617393.5 2430867, 617419.5 2430871, 617445.6 2430873, 617471.7 2430873, 617497.9 2430873, 617524 2430871, 617549.9 2430867, 617575.7 2430862, 617601.1 2430856, 617626.2 2430849, 617650.9 2430840, 617675.1 2430830, 617698.7 2430819, 617721.7 2430806, 617744 2430793, 617765.6 2430778, 617786.4 2430762, 617806.3 2430745, 617825.3 2430727, 617843.3 2430708, 617860.3 2430688, 617876.2 2430667, 617891.1 2430646, 617904.7 2430623, 617917.2 2430600, 617928.5 2430577, 617938.5 2430553, 617947.2 2430528, 617954.7 2430503, 617960.8 2430477, 617965.6 2430452, 617969 2430426, 617971 2430400, 617971.7 2430373))"
5,20260514,Forest,4145.535714285714,150.66564554460183,2.5223120694818806,1,Hani,NA,NA,0,1,0,621,208.62557812214172,470.4233704434126,1520.1934814453125,19.16417121887207,190.63826997454584,690539.3371582031,87300,0.04803924881138347,1,111,0,0,37745.84083557129,0.054661391182880124,0,1,-0.9828122619709516,-0.18460784847763526,8.32978730271292,5.015063113782317,0.9251759687782185,"POLYGON ((618378 2430320, 618377.3 2430294, 618375.2 2430268, 618371.8 2430242, 618367.1 2430216, 618360.9 2430190, 618353.5 2430165, 618344.8 2430141, 618334.8 2430116, 618323.5 2430093, 618311 2430070, 618297.3 2430048, 618282.5 2430026, 618266.6 2430005, 618249.6 2429985, 618231.5 2429966, 618212.6 2429948, 618192.6 2429931, 618171.9 2429915, 618150.3 2429901, 618128 2429887, 618105 2429874, 618081.4 2429863, 618057.2 2429853, 618032.5 2429844, 618007.4 2429837, 617981.9 2429831, 617956.2 2429826, 617930.3 2429823, 617904.2 2429821, 617878 2429820, 617851.8 2429821, 617825.7 2429823, 617799.8 2429826, 617774 2429831, 617748.6 2429837, 617723.5 2429844, 617698.8 2429853, 617674.6 2429863, 617651 2429874, 617628 2429887, 617605.7 2429901, 617584.1 2429915, 617563.3 2429931, 617543.4 2429948, 617524.4 2429966, 617506.4 2429985, 617489.4 2430005, 617473.5 2430026, 617458.7 2430048, 617445 2430070, 617432.5 2430093, 617421.2 2430116, 617411.2 2430141, 617402.5 2430165, 617395 2430190, 617388.9 2430216, 617384.1 2430242, 617380.7 2430268, 617378.7 2430294, 617378 2430320, 617378.7 2430346, 617380.7 2430372, 617384.1 2430398, 617388.9 2430424, 617395 2430449, 617402.5 2430474, 617411.2 2430499, 617421.2 2430523, 617432.5 2430547, 617445 2430570, 617458.7 2430592, 617473.5 2430614, 617489.4 2430635, 617506.4 2430654, 617524.4 2430673, 617543.4 2430691, 617563.3 2430708, 617584.1 2430724, 617605.7 2430739, 617628 2430753, 617651 2430765, 617674.6 2430777, 617698.8 2430787, 617723.5 2430795, 617748.6 2430803, 617774 2430809, 617799.8 2430814, 617825.7 2430817, 617851.8 2430819, 617878 2430820, 617904.2 2430819, 617930.3 2430817, 617956.2 2430814, 617981.9 2430809, 618007.4 2430803, 618032.5 2430795, 618057.2 2430787, 618081.4 2430777, 618105 2430765, 618128 2430753, 618150.3 2430739, 618171.9 2430724, 618192.6 2430708, 618212.6 2430691, 618231.5 2430673, 618249.6 2430654, 618266.6 2430635, 618282.5 2430614, 618297.3 2430592, 618311 2430570, 618323.5 2430547, 618334.8 2430523, 618344.8 2430499, 618353.5 2430474, 618360.9 2430449, 618367.1 2430424, 618371.8 2430398, 618375.2 2430372, 618377.3 2430346, 618378 2430320))"
5,20260514,Forest,4145.535714285714,150.66564554460183,2.5223120694818806,1,Hani,NA,NA,0,1,0,622,72.30542056927166,94.62533469550142,1563.3955078125,18.123035430908203,335.08155309579286,701097.25341796875,76277.16979980469,0.04823279422198753,1,112,0,0,17411.103630065918,0.024834077647835327,0,1,0.9069084109226938,-0.42132782271964236,8.32978730271292,5.015063113782317,0.9251759687782185,"POLYGON ((618189.3 2429973, 618188.6 2429946, 618186.5 2429920, 618183.1 2429894, 618178.3 2429869, 618172.2 2429843, 618164.8 2429818, 618156.1 2429793, 618146 2429769, 618134.8 2429746, 618122.3 2429723, 618108.6 2429700, 618093.8 2429679, 618077.8 2429658, 618060.8 2429638, 618042.8 2429619, 618023.8 2429601, 618003.9 2429584, 617983.2 2429568, 617961.6 2429553, 617939.3 2429540, 617916.3 2429527, 617892.6 2429516, 617868.4 2429506, 617843.8 2429497, 617818.7 2429490, 617793.2 2429483, 617767.5 2429479, 617741.5 2429475, 617715.4 2429473, 617689.3 2429473, 617663.1 2429473, 617637 2429475, 617611 2429479, 617585.3 2429483, 617559.9 2429490, 617534.8 2429497, 617510.1 2429506, 617485.9 2429516, 617462.3 2429527, 617439.3 2429540, 617416.9 2429553, 617395.4 2429568, 617374.6 2429584, 617354.7 2429601, 617335.7 2429619, 617317.7 2429638, 617300.7 2429658, 617284.8 2429679, 617269.9 2429700, 617256.2 2429723, 617243.8 2429746, 617232.5 2429769, 617222.5 2429793, 617213.7 2429818, 617206.3 2429843, 617200.2 2429869, 617195.4 2429894, 617192 2429920, 617189.9 2429946, 617189.3 2429973, 617189.9 2429999, 617192 2430025, 617195.4 2430051, 617200.2 2430076, 617206.3 2430102, 617213.7 2430127, 617222.5 2430152, 617232.5 2430176, 617243.8 2430200, 617256.2 2430223, 617269.9 2430245, 617284.8 2430266, 617300.7 2430287, 617317.7 2430307, 617335.7 2430326, 617354.7 2430344, 617374.6 2430361, 617395.4 2430377, 617416.9 2430392, 617439.3 2430406, 617462.3 2430418, 617485.9 2430429, 617510.1 2430439, 617534.8 2430448, 617559.9 2430455, 617585.3 2430462, 617611 2430466, 617637 2430470, 617663.1 2430472, 617689.3 2430473, 617715.4 2430472, 617741.5 2430470, 617767.5 2430466, 617793.2 2430462, 617818.7 2430455, 617843.8 2430448, 617868.4 2430439, 617892.6 2430429, 617916.3 2430418, 617939.3 2430406, 617961.6 2430392, 617983.2 2430377, 618003.9 2430361, 618023.8 2430344, 618042.8 2430326, 618060.8 2430307, 618077.8 2430287, 618093.8 2430266, 618108.6 2430245, 618122.3 2430223, 618134.8 2430200, 618146 2430176, 618156.1 2430152, 618164.8 2430127, 618172.2 2430102, 618178.3 2430076, 618183.1 2430051, 618186.5 2430025, 618188.6 2429999, 618189.3 2429973))"
5,20260514,Forest,4916.071428571428,39.47025401469187,6.939338235294118,1,Hani,NA,NA,0,1,0,624,265.37561550298057,383.61353168643774,1759.325927734375,13.308712005615234,355.398600304603,784139.3371582031,900,0.09681060361912852,1,113,0,0,171473.22235107422,0.21867698025775595,0,1,0.9967769189557764,-0.08022327490840515,8.500265000395549,3.6755473252935675,1.9372064148271824,"POLYGON ((609856.9 2417836, 609856.3 2417810, 609854.2 2417784, 609850.8 2417758, 609846 2417732, 609839.9 2417707, 609832.5 2417682, 609823.7 2417657, 609813.7 2417633, 609802.4 2417609, 609790 2417586, 609776.3 2417564, 609761.5 2417542, 609745.5 2417522, 609728.5 2417502, 609710.5 2417483, 609691.5 2417465, 609671.6 2417448, 609650.8 2417432, 609629.3 2417417, 609606.9 2417403, 609583.9 2417391, 609560.3 2417379, 609536.1 2417369, 609511.5 2417361, 609486.4 2417353, 609460.9 2417347, 609435.2 2417342, 609409.2 2417339, 609383.1 2417337, 609356.9 2417336, 609330.8 2417337, 609304.7 2417339, 609278.7 2417342, 609253 2417347, 609227.5 2417353, 609202.4 2417361, 609177.8 2417369, 609153.6 2417379, 609129.9 2417391, 609106.9 2417403, 609084.6 2417417, 609063 2417432, 609042.3 2417448, 609022.4 2417465, 609003.4 2417483, 608985.4 2417502, 608968.4 2417522, 608952.4 2417542, 608937.6 2417564, 608923.9 2417586, 608911.4 2417609, 608900.2 2417633, 608890.2 2417657, 608881.4 2417682, 608874 2417707, 608867.9 2417732, 608863.1 2417758, 608859.7 2417784, 608857.6 2417810, 608856.9 2417836, 608857.6 2417862, 608859.7 2417888, 608863.1 2417914, 608867.9 2417940, 608874 2417966, 608881.4 2417991, 608890.2 2418015, 608900.2 2418040, 608911.4 2418063, 608923.9 2418086, 608937.6 2418109, 608952.4 2418130, 608968.4 2418151, 608985.4 2418171, 609003.4 2418190, 609022.4 2418208, 609042.3 2418225, 609063 2418241, 609084.6 2418256, 609106.9 2418269, 609129.9 2418282, 609153.6 2418293, 609177.8 2418303, 609202.4 2418312, 609227.5 2418319, 609253 2418325, 609278.7 2418330, 609304.7 2418333, 609330.8 2418336, 609356.9 2418336, 609383.1 2418336, 609409.2 2418333, 609435.2 2418330, 609460.9 2418325, 609486.4 2418319, 609511.5 2418312, 609536.1 2418303, 609560.3 2418293, 609583.9 2418282, 609606.9 2418269, 609629.3 2418256, 609650.8 2418241, 609671.6 2418225, 609691.5 2418208, 609710.5 2418190, 609728.5 2418171, 609745.5 2418151, 609761.5 2418130, 609776.3 2418109, 609790 2418086, 609802.4 2418063, 609813.7 2418040, 609823.7 2418015, 609832.5 2417991, 609839.9 2417966, 609846 2417940, 609850.8 2417914, 609854.2 2417888, 609856.3 2417862, 609856.9 2417836))"
5,20260514,Forest,4916.071428571428,39.47025401469187,6.939338235294118,1,Hani,NA,NA,0,1,0,626,355.5336490577826,472.8410583931296,1707.66796875,13.860733032226562,129.77742217445703,691398.52294921875,54964.86396789551,0.13844357052542666,1,114,0,0,184411.95831298828,0.2667231013545755,0,1,-0.6398069019913772,0.7685357038968301,8.500265000395549,3.6755473252935675,1.9372064148271824,"POLYGON ((613779.1 2415780, 613778.4 2415754, 613776.4 2415728, 613773 2415702, 613768.2 2415676, 613762.1 2415651, 613754.7 2415626, 613745.9 2415601, 613735.9 2415577, 613724.6 2415553, 613712.1 2415530, 613698.5 2415508, 613683.6 2415486, 613667.7 2415465, 613650.7 2415446, 613632.7 2415427, 613613.7 2415409, 613593.8 2415392, 613573 2415376, 613551.5 2415361, 613529.1 2415347, 613506.1 2415335, 613482.5 2415323, 613458.3 2415313, 613433.6 2415305, 613408.5 2415297, 613383.1 2415291, 613357.4 2415286, 613331.4 2415283, 613305.3 2415281, 613279.1 2415280, 613253 2415281, 613226.9 2415283, 613200.9 2415286, 613175.2 2415291, 613149.7 2415297, 613124.6 2415305, 613100 2415313, 613075.8 2415323, 613052.1 2415335, 613029.1 2415347, 613006.8 2415361, 612985.2 2415376, 612964.5 2415392, 612944.6 2415409, 612925.6 2415427, 612907.6 2415446, 612890.6 2415465, 612874.6 2415486, 612859.8 2415508, 612846.1 2415530, 612833.6 2415553, 612822.4 2415577, 612812.3 2415601, 612803.6 2415626, 612796.2 2415651, 612790.1 2415676, 612785.3 2415702, 612781.9 2415728, 612779.8 2415754, 612779.1 2415780, 612779.8 2415806, 612781.9 2415832, 612785.3 2415858, 612790.1 2415884, 612796.2 2415909, 612803.6 2415935, 612812.3 2415959, 612822.4 2415983, 612833.6 2416007, 612846.1 2416030, 612859.8 2416052, 612874.6 2416074, 612890.6 2416095, 612907.6 2416115, 612925.6 2416134, 612944.6 2416152, 612964.5 2416169, 612985.2 2416185, 613006.8 2416199, 613029.1 2416213, 613052.1 2416226, 613075.8 2416237, 613100 2416247, 613124.6 2416256, 613149.7 2416263, 613175.2 2416269, 613200.9 2416274, 613226.9 2416277, 613253 2416279, 613279.1 2416280, 613305.3 2416279, 613331.4 2416277, 613357.4 2416274, 613383.1 2416269, 613408.5 2416263, 613433.6 2416256, 613458.3 2416247, 613482.5 2416237, 613506.1 2416226, 613529.1 2416213, 613551.5 2416199, 613573 2416185, 613593.8 2416169, 613613.7 2416152, 613632.7 2416134, 613650.7 2416115, 613667.7 2416095, 613683.6 2416074, 613698.5 2416052, 613712.1 2416030, 613724.6 2416007, 613735.9 2415983, 613745.9 2415959, 613754.7 2415935, 613762.1 2415909, 613768.2 2415884, 613773 2415858, 613776.4 2415832, 613778.4 2415806, 613779.1 2415780))"
5,20260514,Forest,4145.535714285714,150.66564554460183,2.5223120694818806,1,Hani,NA,NA,0,1,0,627,203.08474235355794,223.13486127961085,1771.8985595703125,13.582602500915527,235.4606949155072,646439.3371582031,0,0.10706618388346373,1,115,0,0,15886.506843566895,0.024575402408840395,0,1,-0.5669714567558438,-0.8237374382800361,8.32978730271292,5.015063113782317,0.9251759687782185,"POLYGON ((620064.1 2430281, 620063.4 2430255, 620061.4 2430229, 620058 2430203, 620053.2 2430177, 620047.1 2430152, 620039.6 2430127, 620030.9 2430102, 620020.9 2430078, 620009.6 2430054, 619997.1 2430031, 619983.4 2430009, 619968.6 2429987, 619952.7 2429967, 619935.7 2429947, 619917.7 2429928, 619898.7 2429910, 619878.8 2429893, 619858 2429877, 619836.4 2429862, 619814.1 2429848, 619791.1 2429836, 619767.5 2429825, 619743.3 2429815, 619718.6 2429806, 619693.5 2429798, 619668.1 2429792, 619642.3 2429787, 619616.4 2429784, 619590.3 2429782, 619564.1 2429781, 619537.9 2429782, 619511.9 2429784, 619485.9 2429787, 619460.2 2429792, 619434.7 2429798, 619409.6 2429806, 619384.9 2429815, 619360.7 2429825, 619337.1 2429836, 619314.1 2429848, 619291.8 2429862, 619270.2 2429877, 619249.5 2429893, 619229.5 2429910, 619210.6 2429928, 619192.5 2429947, 619175.5 2429967, 619159.6 2429987, 619144.8 2430009, 619131.1 2430031, 619118.6 2430054, 619107.3 2430078, 619097.3 2430102, 619088.6 2430127, 619081.2 2430152, 619075 2430177, 619070.3 2430203, 619066.9 2430229, 619064.8 2430255, 619064.1 2430281, 619064.8 2430308, 619066.9 2430334, 619070.3 2430360, 619075 2430385, 619081.2 2430411, 619088.6 2430436, 619097.3 2430461, 619107.3 2430485, 619118.6 2430508, 619131.1 2430531, 619144.8 2430554, 619159.6 2430575, 619175.5 2430596, 619192.5 2430616, 619210.6 2430635, 619229.5 2430653, 619249.5 2430670, 619270.2 2430686, 619291.8 2430701, 619314.1 2430714, 619337.1 2430727, 619360.7 2430738, 619384.9 2430748, 619409.6 2430757, 619434.7 2430764, 619460.2 2430770, 619485.9 2430775, 619511.9 2430779, 619537.9 2430781, 619564.1 2430781, 619590.3 2430781, 619616.4 2430779, 619642.3 2430775, 619668.1 2430770, 619693.5 2430764, 619718.6 2430757, 619743.3 2430748, 619767.5 2430738, 619791.1 2430727, 619814.1 2430714, 619836.4 2430701, 619858 2430686, 619878.8 2430670, 619898.7 2430653, 619917.7 2430635, 619935.7 2430616, 619952.7 2430596, 619968.6 2430575, 619983.4 2430554, 619997.1 2430531, 620009.6 2430508, 620020.9 2430485, 620030.9 2430461, 620039.6 2430436, 620047.1 2430411, 620053.2 2430385, 620058 2430360, 620061.4 2430334, 620063.4 2430308, 620064.1 2430281))"
5,20260514,Forest,4457.142857142857,41.60738711400521,7.0352467270896275,1,Hani,NA,NA,0,1,0,630,261.0508086993798,609.5981042606456,1432.4652099609375,16.593257904052734,107.92650191697294,646234.4970703125,7260.308074951172,0.09565109718162146,1,118,0,0,63926.456451416016,0.09892145458223751,0,1,-0.30779674081334163,0.9514521356036175,8.40226322474226,3.728277726358564,1.9509327613216048,"POLYGON ((616955.4 2430820, 616954.7 2430794, 616952.7 2430768, 616949.3 2430742, 616944.5 2430716, 616938.4 2430691, 616931 2430666, 616922.2 2430641, 616912.2 2430617, 616900.9 2430593, 616888.4 2430570, 616874.8 2430548, 616859.9 2430526, 616844 2430506, 616827 2430486, 616809 2430467, 616790 2430449, 616770.1 2430432, 616749.3 2430416, 616727.8 2430401, 616705.4 2430387, 616682.4 2430375, 616658.8 2430363, 616634.6 2430353, 616609.9 2430345, 616584.8 2430337, 616559.4 2430331, 616533.7 2430326, 616507.7 2430323, 616481.6 2430321, 616455.4 2430320, 616429.3 2430321, 616403.2 2430323, 616377.2 2430326, 616351.5 2430331, 616326 2430337, 616300.9 2430345, 616276.3 2430353, 616252.1 2430363, 616228.4 2430375, 616205.4 2430387, 616183.1 2430401, 616161.5 2430416, 616140.8 2430432, 616120.9 2430449, 616101.9 2430467, 616083.9 2430486, 616066.9 2430506, 616050.9 2430526, 616036.1 2430548, 616022.4 2430570, 616009.9 2430593, 615998.7 2430617, 615988.6 2430641, 615979.9 2430666, 615972.5 2430691, 615966.4 2430716, 615961.6 2430742, 615958.2 2430768, 615956.1 2430794, 615955.4 2430820, 615956.1 2430846, 615958.2 2430872, 615961.6 2430898, 615966.4 2430924, 615972.5 2430950, 615979.9 2430975, 615988.6 2430999, 615998.7 2431024, 616009.9 2431047, 616022.4 2431070, 616036.1 2431093, 616050.9 2431114, 616066.9 2431135, 616083.9 2431155, 616101.9 2431174, 616120.9 2431192, 616140.8 2431209, 616161.5 2431225, 616183.1 2431240, 616205.4 2431253, 616228.4 2431266, 616252.1 2431277, 616276.3 2431287, 616300.9 2431296, 616326 2431303, 616351.5 2431309, 616377.2 2431314, 616403.2 2431317, 616429.3 2431320, 616455.4 2431320, 616481.6 2431320, 616507.7 2431317, 616533.7 2431314, 616559.4 2431309, 616584.8 2431303, 616609.9 2431296, 616634.6 2431287, 616658.8 2431277, 616682.4 2431266, 616705.4 2431253, 616727.8 2431240, 616749.3 2431225, 616770.1 2431209, 616790 2431192, 616809 2431174, 616827 2431155, 616844 2431135, 616859.9 2431114, 616874.8 2431093, 616888.4 2431070, 616900.9 2431047, 616912.2 2431024, 616922.2 2430999, 616931 2430975, 616938.4 2430950, 616944.5 2430924, 616949.3 2430898, 616952.7 2430872, 616954.7 2430846, 616955.4 2430820))"
5,20260514,Forest,4496.109318656291,53.343051017456666,0.9828130480533146,0,Hani,NA,NA,0,1,0,640,825.765640938725,1753.735043127619,819.9832763671875,14.175914764404297,203.69113860707634,785039.3371582031,0,0.08593521677658426,1,102,734283.0505371094,0.9353455499378813,0,0,0,1,-0.9157247478252609,-0.40180615503046035,8.410967705925682,3.9767437165454274,-0.01733636201571971,"POLYGON ((675407.7 2381100, 675407 2381074, 675405 2381048, 675401.6 2381022, 675396.8 2380996, 675390.7 2380971, 675383.3 2380946, 675374.5 2380921, 675364.5 2380897, 675353.2 2380873, 675340.7 2380850, 675327.1 2380828, 675312.2 2380806, 675296.3 2380786, 675279.3 2380766, 675261.3 2380747, 675242.3 2380729, 675222.4 2380712, 675201.6 2380696, 675180.1 2380681, 675157.7 2380667, 675134.7 2380655, 675111.1 2380644, 675086.9 2380634, 675062.2 2380625, 675037.1 2380617, 675011.7 2380611, 674985.9 2380607, 674960 2380603, 674933.9 2380601, 674907.7 2380600, 674881.6 2380601, 674855.5 2380603, 674829.5 2380607, 674803.8 2380611, 674778.3 2380617, 674753.2 2380625, 674728.5 2380634, 674704.4 2380644, 674680.7 2380655, 674657.7 2380667, 674635.4 2380681, 674613.8 2380696, 674593.1 2380712, 674573.2 2380729, 674554.2 2380747, 674536.2 2380766, 674519.2 2380786, 674503.2 2380806, 674488.4 2380828, 674474.7 2380850, 674462.2 2380873, 674451 2380897, 674440.9 2380921, 674432.2 2380946, 674424.8 2380971, 674418.7 2380996, 674413.9 2381022, 674410.5 2381048, 674408.4 2381074, 674407.7 2381100, 674408.4 2381127, 674410.5 2381153, 674413.9 2381179, 674418.7 2381204, 674424.8 2381230, 674432.2 2381255, 674440.9 2381280, 674451 2381304, 674462.2 2381327, 674474.7 2381350, 674488.4 2381373, 674503.2 2381394, 674519.2 2381415, 674536.2 2381435, 674554.2 2381454, 674573.2 2381472, 674593.1 2381489, 674613.8 2381505, 674635.4 2381520, 674657.7 2381533, 674680.7 2381546, 674704.4 2381557, 674728.5 2381567, 674753.2 2381576, 674778.3 2381583, 674803.8 2381589, 674829.5 2381594, 674855.5 2381598, 674881.6 2381600, 674907.7 2381600, 674933.9 2381600, 674960 2381598, 674985.9 2381594, 675011.7 2381589, 675037.1 2381583, 675062.2 2381576, 675086.9 2381567, 675111.1 2381557, 675134.7 2381546, 675157.7 2381533, 675180.1 2381520, 675201.6 2381505, 675222.4 2381489, 675242.3 2381472, 675261.3 2381454, 675279.3 2381435, 675296.3 2381415, 675312.2 2381394, 675327.1 2381373, 675340.7 2381350, 675353.2 2381327, 675364.5 2381304, 675374.5 2381280, 675383.3 2381255, 675390.7 2381230, 675396.8 2381204, 675401.6 2381179, 675405 2381153, 675407 2381127, 675407.7 2381100))"
5,20260514,Forest,9620.300751879699,41.51503560607066,0.2980101804720037,0,Hani,NA,NA,0,1,0,771,835.875948865382,1030.1955072604392,783.56536865234375,17.44034194946289,154.23024874960788,101933.26721191406,683106.0974121094,0.08059936813532453,1,12,101933.26721191406,1,0,0,0,1,-0.9005484219490861,0.43475572420039604,9.171630806360227,3.726055665381232,-1.2106276304025323,"POLYGON ((703787 2406327, 703786.3 2406301, 703784.3 2406275, 703780.8 2406249, 703776.1 2406223, 703770 2406197, 703762.5 2406172, 703753.8 2406148, 703743.8 2406124, 703732.5 2406100, 703720 2406077, 703706.3 2406055, 703691.5 2406033, 703675.6 2406012, 703658.6 2405992, 703640.6 2405973, 703621.6 2405955, 703601.7 2405938, 703580.9 2405922, 703559.3 2405908, 703537 2405894, 703514 2405881, 703490.4 2405870, 703466.2 2405860, 703441.5 2405851, 703416.4 2405844, 703391 2405838, 703365.2 2405833, 703339.3 2405830, 703313.2 2405828, 703287 2405827, 703260.8 2405828, 703234.7 2405830, 703208.8 2405833, 703183 2405838, 703157.6 2405844, 703132.5 2405851, 703107.8 2405860, 703083.6 2405870, 703060 2405881, 703037 2405894, 703014.7 2405908, 702993.1 2405922, 702972.3 2405938, 702952.4 2405955, 702933.4 2405973, 702915.4 2405992, 702898.4 2406012, 702882.5 2406033, 702867.7 2406055, 702854 2406077, 702841.5 2406100, 702830.2 2406124, 702820.2 2406148, 702811.5 2406172, 702804 2406197, 702797.9 2406223, 702793.2 2406249, 702789.7 2406275, 702787.7 2406301, 702787 2406327, 702787.7 2406353, 702789.7 2406379, 702793.2 2406405, 702797.9 2406431, 702804 2406456, 702811.5 2406481, 702820.2 2406506, 702830.2 2406530, 702841.5 2406554, 702854 2406577, 702867.7 2406599, 702882.5 2406621, 702898.4 2406642, 702915.4 2406661, 702933.4 2406680, 702952.4 2406698, 702972.3 2406715, 702993.1 2406731, 703014.7 2406746, 703037 2406760, 703060 2406772, 703083.6 2406784, 703107.8 2406794, 703132.5 2406802, 703157.6 2406810, 703183 2406816, 703208.8 2406821, 703234.7 2406824, 703260.8 2406826, 703287 2406827, 703313.2 2406826, 703339.3 2406824, 703365.2 2406821, 703391 2406816, 703416.4 2406810, 703441.5 2406802, 703466.2 2406794, 703490.4 2406784, 703514 2406772, 703537 2406760, 703559.3 2406746, 703580.9 2406731, 703601.7 2406715, 703621.6 2406698, 703640.6 2406680, 703658.6 2406661, 703675.6 2406642, 703691.5 2406621, 703706.3 2406599, 703720 2406577, 703732.5 2406554, 703743.8 2406530, 703753.8 2406506, 703762.5 2406481, 703770 2406456, 703776.1 2406431, 703780.8 2406405, 703784.3 2406379, 703786.3 2406353, 703787 2406327))"
5,20260514,Forest,8472.744360902256,27.219660257375487,0.31721384205856257,0,Hani,NA,NA,0,1,0,780,330.1742390887081,880.7151694071041,845.27520751953125,12.357796669006348,88.97928741405822,348349.6307373047,436689.70642089844,0.24832226201311747,1,105,345203.1463623047,0.9909674531064084,2241.8233394622803,0.006435555377846433,0,1,0.017813853051688908,0.9998413207301711,9.044609744717965,3.303939515785232,-1.1481791519057138,"POLYGON ((711654.1 2409929, 711653.4 2409903, 711651.4 2409877, 711647.9 2409851, 711643.2 2409825, 711637.1 2409800, 711629.6 2409775, 711620.9 2409750, 711610.9 2409726, 711599.6 2409702, 711587.1 2409679, 711573.4 2409657, 711558.6 2409635, 711542.7 2409614, 711525.7 2409595, 711507.6 2409576, 711488.7 2409558, 711468.8 2409541, 711448 2409525, 711426.4 2409510, 711404.1 2409496, 711381.1 2409484, 711357.5 2409472, 711333.3 2409462, 711308.6 2409454, 711283.5 2409446, 711258 2409440, 711232.3 2409435, 711206.4 2409432, 711180.3 2409430, 711154.1 2409429, 711127.9 2409430, 711101.8 2409432, 711075.9 2409435, 711050.1 2409440, 711024.7 2409446, 710999.6 2409454, 710974.9 2409462, 710950.7 2409472, 710927.1 2409484, 710904.1 2409496, 710881.8 2409510, 710860.2 2409525, 710839.4 2409541, 710819.5 2409558, 710800.5 2409576, 710782.5 2409595, 710765.5 2409614, 710749.6 2409635, 710734.8 2409657, 710721.1 2409679, 710708.6 2409702, 710697.3 2409726, 710687.3 2409750, 710678.6 2409775, 710671.1 2409800, 710665 2409825, 710660.2 2409851, 710656.8 2409877, 710654.8 2409903, 710654.1 2409929, 710654.8 2409955, 710656.8 2409981, 710660.2 2410007, 710665 2410033, 710671.1 2410059, 710678.6 2410084, 710687.3 2410108, 710697.3 2410132, 710708.6 2410156, 710721.1 2410179, 710734.8 2410201, 710749.6 2410223, 710765.5 2410244, 710782.5 2410264, 710800.5 2410283, 710819.5 2410301, 710839.4 2410318, 710860.2 2410334, 710881.8 2410348, 710904.1 2410362, 710927.1 2410375, 710950.7 2410386, 710974.9 2410396, 710999.6 2410405, 711024.7 2410412, 711050.1 2410418, 711075.9 2410423, 711101.8 2410426, 711127.9 2410428, 711154.1 2410429, 711180.3 2410428, 711206.4 2410426, 711232.3 2410423, 711258 2410418, 711283.5 2410412, 711308.6 2410405, 711333.3 2410396, 711357.5 2410386, 711381.1 2410375, 711404.1 2410362, 711426.4 2410348, 711448 2410334, 711468.8 2410318, 711488.7 2410301, 711507.6 2410283, 711525.7 2410264, 711542.7 2410244, 711558.6 2410223, 711573.4 2410201, 711587.1 2410179, 711599.6 2410156, 711610.9 2410132, 711620.9 2410108, 711629.6 2410084, 711637.1 2410059, 711643.2 2410033, 711647.9 2410007, 711651.4 2409981, 711653.4 2409955, 711654.1 2409929))"
5,20260514,Forest,2715.8853672423606,19.408732153463,0.688783570300158,0,Hani,NA,NA,0,1,0,864,174.89196300826086,1027.9987638623804,1542.135009765625,13.294673919677734,73.05221953098895,748221.0754394531,0,0.1295913770077227,1,29,0,0,343445.49865722656,0.4590160714939906,0,1,0.2915000046293591,0.9565708271221132,7.906873281323348,2.9657230758029596,-0.3728281787951418,"POLYGON ((660895.2 2399877, 660894.5 2399851, 660892.5 2399825, 660889.1 2399799, 660884.3 2399773, 660878.2 2399748, 660870.8 2399723, 660862 2399698, 660852 2399674, 660840.7 2399650, 660828.2 2399627, 660814.6 2399605, 660799.7 2399584, 660783.8 2399563, 660766.8 2399543, 660748.8 2399524, 660729.8 2399506, 660709.9 2399489, 660689.1 2399473, 660667.5 2399458, 660645.2 2399444, 660622.2 2399432, 660598.6 2399421, 660574.4 2399411, 660549.7 2399402, 660524.6 2399394, 660499.2 2399388, 660473.4 2399384, 660447.5 2399380, 660421.4 2399378, 660395.2 2399377, 660369.1 2399378, 660343 2399380, 660317 2399384, 660291.3 2399388, 660265.8 2399394, 660240.7 2399402, 660216 2399411, 660191.9 2399421, 660168.2 2399432, 660145.2 2399444, 660122.9 2399458, 660101.3 2399473, 660080.6 2399489, 660060.7 2399506, 660041.7 2399524, 660023.7 2399543, 660006.7 2399563, 659990.7 2399584, 659975.9 2399605, 659962.2 2399627, 659949.7 2399650, 659938.5 2399674, 659928.4 2399698, 659919.7 2399723, 659912.3 2399748, 659906.2 2399773, 659901.4 2399799, 659898 2399825, 659895.9 2399851, 659895.2 2399877, 659895.9 2399904, 659898 2399930, 659901.4 2399956, 659906.2 2399981, 659912.3 2400007, 659919.7 2400032, 659928.4 2400057, 659938.5 2400081, 659949.7 2400104, 659962.2 2400127, 659975.9 2400150, 659990.7 2400171, 660006.7 2400192, 660023.7 2400212, 660041.7 2400231, 660060.7 2400249, 660080.6 2400266, 660101.3 2400282, 660122.9 2400297, 660145.2 2400310, 660168.2 2400323, 660191.9 2400334, 660216 2400344, 660240.7 2400353, 660265.8 2400360, 660291.3 2400367, 660317 2400371, 660343 2400375, 660369.1 2400377, 660395.2 2400377, 660421.4 2400377, 660447.5 2400375, 660473.4 2400371, 660499.2 2400367, 660524.6 2400360, 660549.7 2400353, 660574.4 2400344, 660598.6 2400334, 660622.2 2400323, 660645.2 2400310, 660667.5 2400297, 660689.1 2400282, 660709.9 2400266, 660729.8 2400249, 660748.8 2400231, 660766.8 2400212, 660783.8 2400192, 660799.7 2400171, 660814.6 2400150, 660828.2 2400127, 660840.7 2400104, 660852 2400081, 660862 2400057, 660870.8 2400032, 660878.2 2400007, 660884.3 2399981, 660889.1 2399956, 660892.5 2399930, 660894.5 2399904, 660895.2 2399877))"
5,20260514,Forest,9725.563909774435,35.4184866616443,0.38167655786350146,0,Hani,NA,NA,0,1,0,896,274.1398605875459,1994.1169579174602,573.20660400390625,9.029204368591309,53.00840720338208,61002.17742919922,9000,0.2909174577928469,1,67,4500,0.07376785861820788,11700,0.19179643240734048,0,1,0.601697830186025,0.7987238078018142,9.182513152386466,3.5672339059095797,-0.9631817361981481,"POLYGON ((694824.2 2422211, 694823.5 2422185, 694821.5 2422159, 694818 2422133, 694813.3 2422107, 694807.2 2422082, 694799.7 2422056, 694791 2422032, 694781 2422008, 694769.7 2421984, 694757.2 2421961, 694743.5 2421939, 694728.7 2421917, 694712.8 2421896, 694695.8 2421876, 694677.7 2421857, 694658.8 2421839, 694638.9 2421822, 694618.1 2421806, 694596.5 2421792, 694574.2 2421778, 694551.2 2421766, 694527.6 2421754, 694503.4 2421744, 694478.7 2421735, 694453.6 2421728, 694428.2 2421722, 694402.4 2421717, 694376.5 2421714, 694350.4 2421712, 694324.2 2421711, 694298 2421712, 694271.9 2421714, 694246 2421717, 694220.2 2421722, 694194.8 2421728, 694169.7 2421735, 694145 2421744, 694120.8 2421754, 694097.2 2421766, 694074.2 2421778, 694051.9 2421792, 694030.3 2421806, 694009.5 2421822, 693989.6 2421839, 693970.6 2421857, 693952.6 2421876, 693935.6 2421896, 693919.7 2421917, 693904.9 2421939, 693891.2 2421961, 693878.7 2421984, 693867.4 2422008, 693857.4 2422032, 693848.7 2422056, 693841.2 2422082, 693835.1 2422107, 693830.4 2422133, 693826.9 2422159, 693824.9 2422185, 693824.2 2422211, 693824.9 2422237, 693826.9 2422263, 693830.4 2422289, 693835.1 2422315, 693841.2 2422340, 693848.7 2422366, 693857.4 2422390, 693867.4 2422414, 693878.7 2422438, 693891.2 2422461, 693904.9 2422483, 693919.7 2422505, 693935.6 2422526, 693952.6 2422546, 693970.6 2422565, 693989.6 2422583, 694009.5 2422600, 694030.3 2422616, 694051.9 2422630, 694074.2 2422644, 694097.2 2422657, 694120.8 2422668, 694145 2422678, 694169.7 2422687, 694194.8 2422694, 694220.2 2422700, 694246 2422705, 694271.9 2422708, 694298 2422710, 694324.2 2422711, 694350.4 2422710, 694376.5 2422708, 694402.4 2422705, 694428.2 2422700, 694453.6 2422694, 694478.7 2422687, 694503.4 2422678, 694527.6 2422668, 694551.2 2422657, 694574.2 2422644, 694596.5 2422630, 694618.1 2422616, 694638.9 2422600, 694658.8 2422583, 694677.7 2422565, 694695.8 2422546, 694712.8 2422526, 694728.7 2422505, 694743.5 2422483, 694757.2 2422461, 694769.7 2422438, 694781 2422414, 694791 2422390, 694799.7 2422366, 694807.2 2422340, 694813.3 2422315, 694818 2422289, 694821.5 2422263, 694823.5 2422237, 694824.2 2422211))"
5,20260514,Forest,8196.42857142857,29.790644225739026,0.5217557251908397,0,Hani,NA,NA,0,1,0,905,464.2716543928944,1378.5617124779903,991.814453125,17.3916072845459,152.8818742882821,389288.2598876953,262380.5145263672,0.06954130609217639,1,41,143446.61865234375,0.3684843172350645,0,0,0,1,-0.8900686469106237,0.45582650623531257,9.011453798307533,3.3941943920616544,-0.650555760031193,"POLYGON ((704961 2407354, 704960.3 2407328, 704958.3 2407302, 704954.8 2407276, 704950.1 2407250, 704944 2407225, 704936.5 2407200, 704927.8 2407175, 704917.8 2407151, 704906.5 2407127, 704894 2407104, 704880.3 2407082, 704865.5 2407060, 704849.6 2407039, 704832.6 2407020, 704814.5 2407001, 704795.6 2406983, 704775.7 2406966, 704754.9 2406950, 704733.3 2406935, 704711 2406921, 704688 2406909, 704664.4 2406897, 704640.2 2406887, 704615.5 2406879, 704590.4 2406871, 704564.9 2406865, 704539.2 2406860, 704513.3 2406857, 704487.2 2406855, 704461 2406854, 704434.8 2406855, 704408.7 2406857, 704382.8 2406860, 704357 2406865, 704331.6 2406871, 704306.5 2406879, 704281.8 2406887, 704257.6 2406897, 704234 2406909, 704211 2406921, 704188.7 2406935, 704167.1 2406950, 704146.3 2406966, 704126.4 2406983, 704107.4 2407001, 704089.4 2407020, 704072.4 2407039, 704056.5 2407060, 704041.7 2407082, 704028 2407104, 704015.5 2407127, 704004.2 2407151, 703994.2 2407175, 703985.5 2407200, 703978 2407225, 703971.9 2407250, 703967.1 2407276, 703963.7 2407302, 703961.7 2407328, 703961 2407354, 703961.7 2407380, 703963.7 2407406, 703967.1 2407432, 703971.9 2407458, 703978 2407484, 703985.5 2407509, 703994.2 2407533, 704004.2 2407558, 704015.5 2407581, 704028 2407604, 704041.7 2407626, 704056.5 2407648, 704072.4 2407669, 704089.4 2407689, 704107.4 2407708, 704126.4 2407726, 704146.3 2407743, 704167.1 2407759, 704188.7 2407773, 704211 2407787, 704234 2407800, 704257.6 2407811, 704281.8 2407821, 704306.5 2407830, 704331.6 2407837, 704357 2407843, 704382.8 2407848, 704408.7 2407851, 704434.8 2407853, 704461 2407854, 704487.2 2407853, 704513.3 2407851, 704539.2 2407848, 704564.9 2407843, 704590.4 2407837, 704615.5 2407830, 704640.2 2407821, 704664.4 2407811, 704688 2407800, 704711 2407787, 704733.3 2407773, 704754.9 2407759, 704775.7 2407743, 704795.6 2407726, 704814.5 2407708, 704832.6 2407689, 704849.6 2407669, 704865.5 2407648, 704880.3 2407626, 704894 2407604, 704906.5 2407581, 704917.8 2407558, 704927.8 2407533, 704936.5 2407509, 704944 2407484, 704950.1 2407458, 704954.8 2407432, 704958.3 2407406, 704960.3 2407380, 704961 2407354))"
5,20260514,Forest,9620.300751879699,41.51503560607066,0.2980101804720037,0,Hani,NA,NA,0,1,0,1247,747.1372984094961,1961.6294948646748,668.96099853515625,12.051523208618164,196.63467878567604,73206.6146850586,69486.14273071289,0.1391443993273889,1,114,9000,0.12293971028053688,62406.614685058594,0.8524723476633558,0,1,-0.9581494834876018,-0.2862683483943727,9.171630806360227,3.726055665381232,-1.2106276304025323,"POLYGON ((695263.4 2408879, 695262.7 2408853, 695260.7 2408827, 695257.3 2408801, 695252.5 2408775, 695246.4 2408749, 695239 2408724, 695230.2 2408700, 695220.2 2408675, 695208.9 2408652, 695196.4 2408629, 695182.8 2408607, 695167.9 2408585, 695152 2408564, 695135 2408544, 695117 2408525, 695098 2408507, 695078.1 2408490, 695057.3 2408474, 695035.8 2408460, 695013.4 2408446, 694990.4 2408433, 694966.8 2408422, 694942.6 2408412, 694917.9 2408403, 694892.8 2408396, 694867.4 2408390, 694841.7 2408385, 694815.7 2408382, 694789.6 2408380, 694763.4 2408379, 694737.3 2408380, 694711.2 2408382, 694685.2 2408385, 694659.5 2408390, 694634 2408396, 694608.9 2408403, 694584.2 2408412, 694560.1 2408422, 694536.4 2408433, 694513.4 2408446, 694491.1 2408460, 694469.5 2408474, 694448.8 2408490, 694428.9 2408507, 694409.9 2408525, 694391.9 2408544, 694374.9 2408564, 694358.9 2408585, 694344.1 2408607, 694330.4 2408629, 694317.9 2408652, 694306.7 2408675, 694296.6 2408700, 694287.9 2408724, 694280.5 2408749, 694274.4 2408775, 694269.6 2408801, 694266.2 2408827, 694264.1 2408853, 694263.4 2408879, 694264.1 2408905, 694266.2 2408931, 694269.6 2408957, 694274.4 2408983, 694280.5 2409008, 694287.9 2409033, 694296.6 2409058, 694306.7 2409082, 694317.9 2409106, 694330.4 2409129, 694344.1 2409151, 694358.9 2409173, 694374.9 2409194, 694391.9 2409213, 694409.9 2409232, 694428.9 2409250, 694448.8 2409267, 694469.5 2409283, 694491.1 2409298, 694513.4 2409312, 694536.4 2409324, 694560.1 2409336, 694584.2 2409346, 694608.9 2409354, 694634 2409362, 694659.5 2409368, 694685.2 2409373, 694711.2 2409376, 694737.3 2409378, 694763.4 2409379, 694789.6 2409378, 694815.7 2409376, 694841.7 2409373, 694867.4 2409368, 694892.8 2409362, 694917.9 2409354, 694942.6 2409346, 694966.8 2409336, 694990.4 2409324, 695013.4 2409312, 695035.8 2409298, 695057.3 2409283, 695078.1 2409267, 695098 2409250, 695117 2409232, 695135 2409213, 695152 2409194, 695167.9 2409173, 695182.8 2409151, 695196.4 2409129, 695208.9 2409106, 695220.2 2409082, 695230.2 2409058, 695239 2409033, 695246.4 2409008, 695252.5 2408983, 695257.3 2408957, 695260.7 2408931, 695262.7 2408905, 695263.4 2408879))"
5,20260514,Forest,9566.511627906977,26.327719227924465,0.932825484764543,0,Hani,NA,NA,0,1,0,1280,210.384572825593,1225.6720431408685,930.0472412109375,14.570255279541016,171.87036364128667,321920.2331542969,33539.47792053223,0.1377157860744895,1,69,316115.1397705078,0.9819672925590649,1305.0745010375977,0.004054030677879366,0,1,-0.9899506438302035,0.14141330482018194,9.166023906806155,3.270622347193581,-0.06953714304240752,"POLYGON ((672722 2435468, 672721.3 2435442, 672719.2 2435416, 672715.8 2435390, 672711 2435364, 672704.9 2435339, 672697.5 2435314, 672688.7 2435289, 672678.7 2435265, 672667.5 2435241, 672655 2435218, 672641.3 2435196, 672626.5 2435174, 672610.5 2435154, 672593.5 2435134, 672575.5 2435115, 672556.5 2435097, 672536.6 2435080, 672515.8 2435064, 672494.3 2435049, 672472 2435035, 672448.9 2435023, 672425.3 2435012, 672401.1 2435001, 672376.5 2434993, 672351.4 2434985, 672325.9 2434979, 672300.2 2434974, 672274.2 2434971, 672248.1 2434969, 672222 2434968, 672195.8 2434969, 672169.7 2434971, 672143.7 2434974, 672118 2434979, 672092.5 2434985, 672067.4 2434993, 672042.8 2435001, 672018.6 2435012, 671995 2435023, 671972 2435035, 671949.6 2435049, 671928.1 2435064, 671907.3 2435080, 671887.4 2435097, 671868.4 2435115, 671850.4 2435134, 671833.4 2435154, 671817.4 2435174, 671802.6 2435196, 671788.9 2435218, 671776.4 2435241, 671765.2 2435265, 671755.2 2435289, 671746.4 2435314, 671739 2435339, 671732.9 2435364, 671728.1 2435390, 671724.7 2435416, 671722.6 2435442, 671722 2435468, 671722.6 2435494, 671724.7 2435521, 671728.1 2435546, 671732.9 2435572, 671739 2435598, 671746.4 2435623, 671755.2 2435647, 671765.2 2435672, 671776.4 2435695, 671788.9 2435718, 671802.6 2435741, 671817.4 2435762, 671833.4 2435783, 671850.4 2435803, 671868.4 2435822, 671887.4 2435840, 671907.3 2435857, 671928.1 2435873, 671949.6 2435888, 671972 2435901, 671995 2435914, 672018.6 2435925, 672042.8 2435935, 672067.4 2435944, 672092.5 2435951, 672118 2435957, 672143.7 2435962, 672169.7 2435966, 672195.8 2435968, 672222 2435968, 672248.1 2435968, 672274.2 2435966, 672300.2 2435962, 672325.9 2435957, 672351.4 2435951, 672376.5 2435944, 672401.1 2435935, 672425.3 2435925, 672448.9 2435914, 672472 2435901, 672494.3 2435888, 672515.8 2435873, 672536.6 2435857, 672556.5 2435840, 672575.5 2435822, 672593.5 2435803, 672610.5 2435783, 672626.5 2435762, 672641.3 2435741, 672655 2435718, 672667.5 2435695, 672678.7 2435672, 672688.7 2435647, 672697.5 2435623, 672704.9 2435598, 672711 2435572, 672715.8 2435546, 672719.2 2435521, 672721.3 2435494, 672722 2435468))"
5,20260514,Forest,9611.842105263157,35.375788827246616,0.27491408934707906,0,Hani,NA,NA,0,1,0,1284,1038.3738768803944,2492.948736154291,763.05194091796875,7.408666133880615,69.1849453563866,35775.422286987305,227319.32373046875,0.23789989590500898,1,19,18299.873542785645,0.5115208255540818,17475.54702758789,0.48847912646287117,0,1,0.35535257849044316,0.9347323386725173,9.17075116988656,3.5660276547182206,-1.2912966324976107,"POLYGON ((695015.2 2405385, 695014.5 2405359, 695012.4 2405333, 695009 2405307, 695004.2 2405281, 694998.1 2405256, 694990.7 2405231, 694982 2405206, 694971.9 2405182, 694960.7 2405158, 694948.2 2405135, 694934.5 2405113, 694919.7 2405091, 694903.7 2405071, 694886.7 2405051, 694868.7 2405032, 694849.7 2405014, 694829.8 2404997, 694809.1 2404981, 694787.5 2404966, 694765.2 2404952, 694742.2 2404940, 694718.5 2404928, 694694.4 2404918, 694669.7 2404910, 694644.6 2404902, 694619.1 2404896, 694593.4 2404891, 694567.4 2404888, 694541.3 2404886, 694515.2 2404885, 694489 2404886, 694462.9 2404888, 694437 2404891, 694411.2 2404896, 694385.8 2404902, 694360.7 2404910, 694336 2404918, 694311.8 2404928, 694288.2 2404940, 694265.2 2404952, 694242.9 2404966, 694221.3 2404981, 694200.5 2404997, 694180.6 2405014, 694161.6 2405032, 694143.6 2405051, 694126.6 2405071, 694110.7 2405091, 694095.8 2405113, 694082.2 2405135, 694069.7 2405158, 694058.4 2405182, 694048.4 2405206, 694039.6 2405231, 694032.2 2405256, 694026.1 2405281, 694021.3 2405307, 694017.9 2405333, 694015.9 2405359, 694015.2 2405385, 694015.9 2405411, 694017.9 2405437, 694021.3 2405463, 694026.1 2405489, 694032.2 2405515, 694039.6 2405540, 694048.4 2405564, 694058.4 2405589, 694069.7 2405612, 694082.2 2405635, 694095.8 2405658, 694110.7 2405679, 694126.6 2405700, 694143.6 2405720, 694161.6 2405739, 694180.6 2405757, 694200.5 2405774, 694221.3 2405790, 694242.9 2405805, 694265.2 2405818, 694288.2 2405831, 694311.8 2405842, 694336 2405852, 694360.7 2405861, 694385.8 2405868, 694411.2 2405874, 694437 2405879, 694462.9 2405882, 694489 2405885, 694515.2 2405885, 694541.3 2405885, 694567.4 2405882, 694593.4 2405879, 694619.1 2405874, 694644.6 2405868, 694669.7 2405861, 694694.4 2405852, 694718.5 2405842, 694742.2 2405831, 694765.2 2405818, 694787.5 2405805, 694809.1 2405790, 694829.8 2405774, 694849.7 2405757, 694868.7 2405739, 694886.7 2405720, 694903.7 2405700, 694919.7 2405679, 694934.5 2405658, 694948.2 2405635, 694960.7 2405612, 694971.9 2405589, 694982 2405564, 694990.7 2405540, 694998.1 2405515, 695004.2 2405489, 695009 2405463, 695012.4 2405437, 695014.5 2405411, 695015.2 2405385))"
5,20260514,Forest,9620.300751879699,41.51503560607066,0.2980101804720037,0,Hani,NA,NA,0,1,0,1358,567.5728257133467,1570.3569937917543,780.07635498046875,9.896547317504883,343.2546213675964,900,110931.08367919922,0.1767913646797227,1,58,900,1,0,0,0,1,0.9575946030477366,-0.2881190313288031,9.171630806360227,3.726055665381232,-1.2106276304025323,"POLYGON ((694986.5 2407035, 694985.8 2407009, 694983.8 2406983, 694980.3 2406957, 694975.6 2406931, 694969.5 2406906, 694962 2406881, 694953.3 2406856, 694943.3 2406832, 694932 2406808, 694919.5 2406785, 694905.8 2406763, 694891 2406741, 694875.1 2406720, 694858.1 2406700, 694840 2406681, 694821.1 2406663, 694801.2 2406646, 694780.4 2406631, 694758.8 2406616, 694736.5 2406602, 694713.5 2406590, 694689.9 2406578, 694665.7 2406568, 694641 2406559, 694615.9 2406552, 694590.4 2406546, 694564.7 2406541, 694538.8 2406538, 694512.7 2406536, 694486.5 2406535, 694460.3 2406536, 694434.2 2406538, 694408.3 2406541, 694382.5 2406546, 694357.1 2406552, 694332 2406559, 694307.3 2406568, 694283.1 2406578, 694259.5 2406590, 694236.5 2406602, 694214.2 2406616, 694192.6 2406631, 694171.8 2406646, 694151.9 2406663, 694132.9 2406681, 694114.9 2406700, 694097.9 2406720, 694082 2406741, 694067.2 2406763, 694053.5 2406785, 694041 2406808, 694029.7 2406832, 694019.7 2406856, 694011 2406881, 694003.5 2406906, 693997.4 2406931, 693992.6 2406957, 693989.2 2406983, 693987.2 2407009, 693986.5 2407035, 693987.2 2407061, 693989.2 2407087, 693992.6 2407113, 693997.4 2407139, 694003.5 2407164, 694011 2407190, 694019.7 2407214, 694029.7 2407238, 694041 2407262, 694053.5 2407285, 694067.2 2407307, 694082 2407329, 694097.9 2407350, 694114.9 2407370, 694132.9 2407389, 694151.9 2407407, 694171.8 2407424, 694192.6 2407440, 694214.2 2407454, 694236.5 2407468, 694259.5 2407481, 694283.1 2407492, 694307.3 2407502, 694332 2407511, 694357.1 2407518, 694382.5 2407524, 694408.3 2407529, 694434.2 2407532, 694460.3 2407534, 694486.5 2407535, 694512.7 2407534, 694538.8 2407532, 694564.7 2407529, 694590.4 2407524, 694615.9 2407518, 694641 2407511, 694665.7 2407502, 694689.9 2407492, 694713.5 2407481, 694736.5 2407468, 694758.8 2407454, 694780.4 2407440, 694801.2 2407424, 694821.1 2407407, 694840 2407389, 694858.1 2407370, 694875.1 2407350, 694891 2407329, 694905.8 2407307, 694919.5 2407285, 694932 2407262, 694943.3 2407238, 694953.3 2407214, 694962 2407190, 694969.5 2407164, 694975.6 2407139, 694980.3 2407113, 694983.8 2407087, 694985.8 2407061, 694986.5 2407035))"
5,20260514,Forest,2591.573353577529,41.89499305379046,0.6281028368794326,0,Hani,NA,NA,0,1,0,1567,45.654092714825474,903.3997198184552,1058.3662109375,15.854918479919434,87.28692025996219,785039.3371582031,0,0.12815073329947435,1,71,741939.2028808594,0.9450981215369872,32300.148010253906,0.041144623563933204,0,1,0.047334480584806944,0.9988790952601654,7.860020442680657,3.7351663222647935,-0.46505137292726917,"POLYGON ((667863.9 2403431, 667863.2 2403405, 667861.2 2403378, 667857.7 2403352, 667853 2403327, 667846.9 2403301, 667839.4 2403276, 667830.7 2403252, 667820.7 2403227, 667809.4 2403204, 667796.9 2403181, 667783.2 2403158, 667768.4 2403137, 667752.5 2403116, 667735.5 2403096, 667717.4 2403077, 667698.5 2403059, 667678.6 2403042, 667657.8 2403026, 667636.2 2403011, 667613.9 2402998, 667590.9 2402985, 667567.3 2402974, 667543.1 2402964, 667518.4 2402955, 667493.3 2402948, 667467.8 2402942, 667442.1 2402937, 667416.2 2402933, 667390.1 2402931, 667363.9 2402931, 667337.7 2402931, 667311.6 2402933, 667285.7 2402937, 667259.9 2402942, 667234.5 2402948, 667209.4 2402955, 667184.7 2402964, 667160.5 2402974, 667136.9 2402985, 667113.9 2402998, 667091.6 2403011, 667070 2403026, 667049.2 2403042, 667029.3 2403059, 667010.3 2403077, 666992.3 2403096, 666975.3 2403116, 666959.4 2403137, 666944.6 2403158, 666930.9 2403181, 666918.4 2403204, 666907.1 2403227, 666897.1 2403252, 666888.4 2403276, 666880.9 2403301, 666874.8 2403327, 666870 2403352, 666866.6 2403378, 666864.6 2403405, 666863.9 2403431, 666864.6 2403457, 666866.6 2403483, 666870 2403509, 666874.8 2403535, 666880.9 2403560, 666888.4 2403585, 666897.1 2403610, 666907.1 2403634, 666918.4 2403658, 666930.9 2403681, 666944.6 2403703, 666959.4 2403725, 666975.3 2403745, 666992.3 2403765, 667010.3 2403784, 667029.3 2403802, 667049.2 2403819, 667070 2403835, 667091.6 2403850, 667113.9 2403864, 667136.9 2403876, 667160.5 2403887, 667184.7 2403898, 667209.4 2403906, 667234.5 2403914, 667259.9 2403920, 667285.7 2403925, 667311.6 2403928, 667337.7 2403930, 667363.9 2403931, 667390.1 2403930, 667416.2 2403928, 667442.1 2403925, 667467.8 2403920, 667493.3 2403914, 667518.4 2403906, 667543.1 2403898, 667567.3 2403887, 667590.9 2403876, 667613.9 2403864, 667636.2 2403850, 667657.8 2403835, 667678.6 2403819, 667698.5 2403802, 667717.4 2403784, 667735.5 2403765, 667752.5 2403745, 667768.4 2403725, 667783.2 2403703, 667796.9 2403681, 667809.4 2403658, 667820.7 2403634, 667830.7 2403610, 667839.4 2403585, 667846.9 2403560, 667853 2403535, 667857.7 2403509, 667861.2 2403483, 667863.2 2403457, 667863.9 2403431))"
5,20260514,Forest,5307.45872081989,36.630721511716736,0.5234012147195427,0,Hani,NA,NA,0,1,0,1630,1179.6152895140042,1236.0700114362596,925.15057373046875,10.639381408691406,89.59061336747295,413556.50939941406,300471.8994140625,0.20959986467848166,1,81,139751.95770263672,0.33792711401300635,0,0,0,1,0.00714508385444977,0.999974473562557,8.576868416028539,3.6008872738862983,-0.6474069680642858,"POLYGON ((693342.7 2404509, 693342.1 2404483, 693340 2404456, 693336.6 2404430, 693331.8 2404405, 693325.7 2404379, 693318.3 2404354, 693309.5 2404330, 693299.5 2404305, 693288.2 2404282, 693275.8 2404259, 693262.1 2404236, 693247.3 2404215, 693231.3 2404194, 693214.3 2404174, 693196.3 2404155, 693177.3 2404137, 693157.4 2404120, 693136.6 2404104, 693115.1 2404089, 693092.7 2404076, 693069.7 2404063, 693046.1 2404052, 693021.9 2404042, 692997.3 2404033, 692972.2 2404026, 692946.7 2404020, 692921 2404015, 692895 2404011, 692868.9 2404009, 692842.7 2404009, 692816.6 2404009, 692790.5 2404011, 692764.5 2404015, 692738.8 2404020, 692713.3 2404026, 692688.2 2404033, 692663.6 2404042, 692639.4 2404052, 692615.8 2404063, 692592.7 2404076, 692570.4 2404089, 692548.9 2404104, 692528.1 2404120, 692508.2 2404137, 692489.2 2404155, 692471.2 2404174, 692454.2 2404194, 692438.2 2404215, 692423.4 2404236, 692409.7 2404259, 692397.2 2404282, 692386 2404305, 692376 2404330, 692367.2 2404354, 692359.8 2404379, 692353.7 2404405, 692348.9 2404430, 692345.5 2404456, 692343.4 2404483, 692342.7 2404509, 692343.4 2404535, 692345.5 2404561, 692348.9 2404587, 692353.7 2404613, 692359.8 2404638, 692367.2 2404663, 692376 2404688, 692386 2404712, 692397.2 2404736, 692409.7 2404759, 692423.4 2404781, 692438.2 2404803, 692454.2 2404823, 692471.2 2404843, 692489.2 2404862, 692508.2 2404880, 692528.1 2404897, 692548.9 2404913, 692570.4 2404928, 692592.7 2404942, 692615.8 2404954, 692639.4 2404965, 692663.6 2404975, 692688.2 2404984, 692713.3 2404992, 692738.8 2404998, 692764.5 2405003, 692790.5 2405006, 692816.6 2405008, 692842.7 2405009, 692868.9 2405008, 692895 2405006, 692921 2405003, 692946.7 2404998, 692972.2 2404992, 692997.3 2404984, 693021.9 2404975, 693046.1 2404965, 693069.7 2404954, 693092.7 2404942, 693115.1 2404928, 693136.6 2404913, 693157.4 2404897, 693177.3 2404880, 693196.3 2404862, 693214.3 2404843, 693231.3 2404823, 693247.3 2404803, 693262.1 2404781, 693275.8 2404759, 693288.2 2404736, 693299.5 2404712, 693309.5 2404688, 693318.3 2404663, 693325.7 2404638, 693331.8 2404613, 693336.6 2404587, 693340 2404561, 693342.1 2404535, 693342.7 2404509))"
5,20260514,Forest,9620.300751879699,41.51503560607066,0.2980101804720037,0,Hani,NA,NA,0,1,0,1647,55.67140955777667,1115.2569069625863,847.77264404296875,11.503952026367188,331.7715797690097,34044.83184814453,161409.1827392578,0.17722727236089766,1,93,32941.169357299805,0.9675820842421087,0,0,0,1,0.8810689459040325,-0.47298785667663495,9.171630806360227,3.726055665381232,-1.2106276304025323,"POLYGON ((703219.3 2410575, 703218.6 2410548, 703216.6 2410522, 703213.1 2410496, 703208.4 2410471, 703202.3 2410445, 703194.8 2410420, 703186.1 2410395, 703176.1 2410371, 703164.8 2410348, 703152.3 2410325, 703138.6 2410302, 703123.8 2410281, 703107.9 2410260, 703090.9 2410240, 703072.8 2410221, 703053.9 2410203, 703034 2410186, 703013.2 2410170, 702991.6 2410155, 702969.3 2410142, 702946.3 2410129, 702922.7 2410118, 702898.5 2410108, 702873.8 2410099, 702848.7 2410092, 702823.2 2410086, 702797.5 2410081, 702771.6 2410077, 702745.5 2410075, 702719.3 2410075, 702693.1 2410075, 702667 2410077, 702641.1 2410081, 702615.3 2410086, 702589.9 2410092, 702564.8 2410099, 702540.1 2410108, 702515.9 2410118, 702492.3 2410129, 702469.3 2410142, 702447 2410155, 702425.4 2410170, 702404.6 2410186, 702384.7 2410203, 702365.7 2410221, 702347.7 2410240, 702330.7 2410260, 702314.8 2410281, 702300 2410302, 702286.3 2410325, 702273.8 2410348, 702262.5 2410371, 702252.5 2410395, 702243.8 2410420, 702236.3 2410445, 702230.2 2410471, 702225.4 2410496, 702222 2410522, 702220 2410548, 702219.3 2410575, 702220 2410601, 702222 2410627, 702225.4 2410653, 702230.2 2410679, 702236.3 2410704, 702243.8 2410729, 702252.5 2410754, 702262.5 2410778, 702273.8 2410802, 702286.3 2410825, 702300 2410847, 702314.8 2410869, 702330.7 2410889, 702347.7 2410909, 702365.7 2410928, 702384.7 2410946, 702404.6 2410963, 702425.4 2410979, 702447 2410994, 702469.3 2411008, 702492.3 2411020, 702515.9 2411031, 702540.1 2411041, 702564.8 2411050, 702589.9 2411058, 702615.3 2411064, 702641.1 2411068, 702667 2411072, 702693.1 2411074, 702719.3 2411075, 702745.5 2411074, 702771.6 2411072, 702797.5 2411068, 702823.2 2411064, 702848.7 2411058, 702873.8 2411050, 702898.5 2411041, 702922.7 2411031, 702946.3 2411020, 702969.3 2411008, 702991.6 2410994, 703013.2 2410979, 703034 2410963, 703053.9 2410946, 703072.8 2410928, 703090.9 2410909, 703107.9 2410889, 703123.8 2410869, 703138.6 2410847, 703152.3 2410825, 703164.8 2410802, 703176.1 2410778, 703186.1 2410754, 703194.8 2410729, 703202.3 2410704, 703208.4 2410679, 703213.1 2410653, 703216.6 2410627, 703218.6 2410601, 703219.3 2410575))"
5,20260514,Forest,8472.744360902256,27.219660257375487,0.31721384205856257,0,Hani,NA,NA,0,1,0,1648,61.515885630902446,288.21040145190625,925.52191162109375,13.940457344055176,106.40544575220055,304940.5059814453,480098.8586425781,0.25811923639872947,1,53,294311.7004394531,0.9651446582742965,7928.8201332092285,0.026001203440292293,0,1,-0.2824326348171464,0.9592871346944274,9.044609744717965,3.303939515785232,-1.1481791519057138,"POLYGON ((711384.5 2410500, 711383.8 2410474, 711381.8 2410448, 711378.4 2410422, 711373.6 2410396, 711367.5 2410371, 711360 2410346, 711351.3 2410321, 711341.3 2410297, 711330 2410273, 711317.5 2410250, 711303.9 2410228, 711289 2410206, 711273.1 2410186, 711256.1 2410166, 711238.1 2410147, 711219.1 2410129, 711199.2 2410112, 711178.4 2410096, 711156.8 2410081, 711134.5 2410067, 711111.5 2410055, 711087.9 2410044, 711063.7 2410034, 711039 2410025, 711013.9 2410017, 710988.5 2410011, 710962.7 2410007, 710936.8 2410003, 710910.7 2410001, 710884.5 2410000, 710858.3 2410001, 710832.3 2410003, 710806.3 2410007, 710780.6 2410011, 710755.1 2410017, 710730 2410025, 710705.3 2410034, 710681.1 2410044, 710657.5 2410055, 710634.5 2410067, 710612.2 2410081, 710590.6 2410096, 710569.9 2410112, 710550 2410129, 710531 2410147, 710512.9 2410166, 710495.9 2410186, 710480 2410206, 710465.2 2410228, 710451.5 2410250, 710439 2410273, 710427.7 2410297, 710417.7 2410321, 710409 2410346, 710401.6 2410371, 710395.4 2410396, 710390.7 2410422, 710387.3 2410448, 710385.2 2410474, 710384.5 2410500, 710385.2 2410527, 710387.3 2410553, 710390.7 2410579, 710395.4 2410604, 710401.6 2410630, 710409 2410655, 710417.7 2410680, 710427.7 2410704, 710439 2410727, 710451.5 2410750, 710465.2 2410773, 710480 2410794, 710495.9 2410815, 710512.9 2410835, 710531 2410854, 710550 2410872, 710569.9 2410889, 710590.6 2410905, 710612.2 2410920, 710634.5 2410933, 710657.5 2410946, 710681.1 2410957, 710705.3 2410967, 710730 2410976, 710755.1 2410983, 710780.6 2410989, 710806.3 2410994, 710832.3 2410998, 710858.3 2411000, 710884.5 2411000, 710910.7 2411000, 710936.8 2410998, 710962.7 2410994, 710988.5 2410989, 711013.9 2410983, 711039 2410976, 711063.7 2410967, 711087.9 2410957, 711111.5 2410946, 711134.5 2410933, 711156.8 2410920, 711178.4 2410905, 711199.2 2410889, 711219.1 2410872, 711238.1 2410854, 711256.1 2410835, 711273.1 2410815, 711289 2410794, 711303.9 2410773, 711317.5 2410750, 711330 2410727, 711341.3 2410704, 711351.3 2410680, 711360 2410655, 711367.5 2410630, 711373.6 2410604, 711378.4 2410579, 711381.8 2410553, 711383.8 2410527, 711384.5 2410500))"
5,20260514,Forest,9620.300751879699,41.51503560607066,0.2980101804720037,0,Hani,NA,NA,0,1,0,1787,651.1948258477274,719.7095249791511,735.40045166015625,10.573159217834473,321.97091424608305,3600,71724.19509887695,0.20952494558552046,1,47,3600,1,0,0,0,1,0.7876981163566307,-0.6160614234702706,9.171630806360227,3.726055665381232,-1.2106276304025323,"POLYGON ((695808.3 2407266, 695807.6 2407240, 695805.6 2407214, 695802.2 2407188, 695797.4 2407162, 695791.3 2407137, 695783.9 2407112, 695775.1 2407087, 695765.1 2407063, 695753.8 2407039, 695741.3 2407016, 695727.7 2406994, 695712.8 2406972, 695696.9 2406952, 695679.9 2406932, 695661.9 2406913, 695642.9 2406895, 695623 2406878, 695602.2 2406862, 695580.7 2406847, 695558.3 2406833, 695535.3 2406821, 695511.7 2406809, 695487.5 2406799, 695462.8 2406791, 695437.7 2406783, 695412.3 2406777, 695386.6 2406772, 695360.6 2406769, 695334.5 2406767, 695308.3 2406766, 695282.2 2406767, 695256.1 2406769, 695230.1 2406772, 695204.4 2406777, 695178.9 2406783, 695153.8 2406791, 695129.2 2406799, 695105 2406809, 695081.3 2406821, 695058.3 2406833, 695036 2406847, 695014.4 2406862, 694993.7 2406878, 694973.8 2406895, 694954.8 2406913, 694936.8 2406932, 694919.8 2406952, 694903.8 2406972, 694889 2406994, 694875.3 2407016, 694862.8 2407039, 694851.6 2407063, 694841.5 2407087, 694832.8 2407112, 694825.4 2407137, 694819.3 2407162, 694814.5 2407188, 694811.1 2407214, 694809 2407240, 694808.3 2407266, 694809 2407292, 694811.1 2407318, 694814.5 2407344, 694819.3 2407370, 694825.4 2407396, 694832.8 2407421, 694841.5 2407445, 694851.6 2407470, 694862.8 2407493, 694875.3 2407516, 694889 2407539, 694903.8 2407560, 694919.8 2407581, 694936.8 2407601, 694954.8 2407620, 694973.8 2407638, 694993.7 2407655, 695014.4 2407671, 695036 2407686, 695058.3 2407699, 695081.3 2407712, 695105 2407723, 695129.2 2407733, 695153.8 2407742, 695178.9 2407749, 695204.4 2407755, 695230.1 2407760, 695256.1 2407763, 695282.2 2407766, 695308.3 2407766, 695334.5 2407766, 695360.6 2407763, 695386.6 2407760, 695412.3 2407755, 695437.7 2407749, 695462.8 2407742, 695487.5 2407733, 695511.7 2407723, 695535.3 2407712, 695558.3 2407699, 695580.7 2407686, 695602.2 2407671, 695623 2407655, 695642.9 2407638, 695661.9 2407620, 695679.9 2407601, 695696.9 2407581, 695712.8 2407560, 695727.7 2407539, 695741.3 2407516, 695753.8 2407493, 695765.1 2407470, 695775.1 2407445, 695783.9 2407421, 695791.3 2407396, 695797.4 2407370, 695802.2 2407344, 695805.6 2407318, 695807.6 2407292, 695808.3 2407266))"
5,20260514,Forest,9620.300751879699,41.51503560607066,0.2980101804720037,0,Hani,NA,NA,0,1,0,1805,88.63938089946299,1986.7550399320078,1068.53173828125,13.722326278686523,251.7217810933535,376955.52978515625,147246.13037109375,0.073054045944537,1,74,229104.09393310547,0.6077748589168651,0,0,0,1,-0.3136315074894151,-0.94954477383108,9.171630806360227,3.726055665381232,-1.2106276304025323,"POLYGON ((704422.8 2408217, 704422.1 2408191, 704420.1 2408164, 704416.6 2408138, 704411.9 2408113, 704405.8 2408087, 704398.3 2408062, 704389.6 2408038, 704379.6 2408013, 704368.3 2407990, 704355.8 2407967, 704342.1 2407944, 704327.3 2407923, 704311.4 2407902, 704294.4 2407882, 704276.4 2407863, 704257.4 2407845, 704237.5 2407828, 704216.7 2407812, 704195.1 2407797, 704172.8 2407784, 704149.8 2407771, 704126.2 2407760, 704102 2407750, 704077.3 2407741, 704052.2 2407734, 704026.8 2407728, 704001 2407723, 703975.1 2407719, 703949 2407717, 703922.8 2407717, 703896.6 2407717, 703870.5 2407719, 703844.6 2407723, 703818.8 2407728, 703793.4 2407734, 703768.3 2407741, 703743.6 2407750, 703719.4 2407760, 703695.8 2407771, 703672.8 2407784, 703650.5 2407797, 703628.9 2407812, 703608.1 2407828, 703588.2 2407845, 703569.2 2407863, 703551.2 2407882, 703534.2 2407902, 703518.3 2407923, 703503.5 2407944, 703489.8 2407967, 703477.3 2407990, 703466 2408013, 703456 2408038, 703447.3 2408062, 703439.8 2408087, 703433.7 2408113, 703429 2408138, 703425.5 2408164, 703423.5 2408191, 703422.8 2408217, 703423.5 2408243, 703425.5 2408269, 703429 2408295, 703433.7 2408321, 703439.8 2408346, 703447.3 2408371, 703456 2408396, 703466 2408420, 703477.3 2408444, 703489.8 2408467, 703503.5 2408489, 703518.3 2408511, 703534.2 2408531, 703551.2 2408551, 703569.2 2408570, 703588.2 2408588, 703608.1 2408605, 703628.9 2408621, 703650.5 2408636, 703672.8 2408650, 703695.8 2408662, 703719.4 2408673, 703743.6 2408683, 703768.3 2408692, 703793.4 2408700, 703818.8 2408706, 703844.6 2408711, 703870.5 2408714, 703896.6 2408716, 703922.8 2408717, 703949 2408716, 703975.1 2408714, 704001 2408711, 704026.8 2408706, 704052.2 2408700, 704077.3 2408692, 704102 2408683, 704126.2 2408673, 704149.8 2408662, 704172.8 2408650, 704195.1 2408636, 704216.7 2408621, 704237.5 2408605, 704257.4 2408588, 704276.4 2408570, 704294.4 2408551, 704311.4 2408531, 704327.3 2408511, 704342.1 2408489, 704355.8 2408467, 704368.3 2408444, 704379.6 2408420, 704389.6 2408396, 704398.3 2408371, 704405.8 2408346, 704411.9 2408321, 704416.6 2408295, 704420.1 2408269, 704422.1 2408243, 704422.8 2408217))"
5,20260514,Forest,9611.842105263157,35.375788827246616,0.27491408934707906,0,Hani,NA,NA,0,1,0,1866,329.0492052349439,345.15289403798346,683.553955078125,11.598308563232422,337.2782533443126,68062.19100952148,716977.1667480469,0.24140118108151767,1,45,24726.461791992188,0.3632921806547942,3600,0.052892802106479085,0,1,0.9223915520848055,-0.3862561645366758,9.17075116988656,3.5660276547182206,-1.2912966324976107,"POLYGON ((699065.6 2401316, 699064.9 2401290, 699062.9 2401264, 699059.5 2401238, 699054.7 2401212, 699048.6 2401186, 699041.1 2401161, 699032.4 2401137, 699022.4 2401112, 699011.1 2401089, 698998.6 2401066, 698984.9 2401044, 698970.1 2401022, 698954.2 2401001, 698937.2 2400981, 698919.2 2400962, 698900.2 2400944, 698880.3 2400927, 698859.5 2400911, 698837.9 2400897, 698815.6 2400883, 698792.6 2400870, 698769 2400859, 698744.8 2400849, 698720.1 2400840, 698695 2400833, 698669.6 2400827, 698643.8 2400822, 698617.9 2400819, 698591.8 2400817, 698565.6 2400816, 698539.4 2400817, 698513.3 2400819, 698487.4 2400822, 698461.7 2400827, 698436.2 2400833, 698411.1 2400840, 698386.4 2400849, 698362.2 2400859, 698338.6 2400870, 698315.6 2400883, 698293.3 2400897, 698271.7 2400911, 698251 2400927, 698231 2400944, 698212.1 2400962, 698194 2400981, 698177 2401001, 698161.1 2401022, 698146.3 2401044, 698132.6 2401066, 698120.1 2401089, 698108.8 2401112, 698098.8 2401137, 698090.1 2401161, 698082.6 2401186, 698076.5 2401212, 698071.8 2401238, 698068.4 2401264, 698066.3 2401290, 698065.6 2401316, 698066.3 2401342, 698068.4 2401368, 698071.8 2401394, 698076.5 2401420, 698082.6 2401445, 698090.1 2401470, 698098.8 2401495, 698108.8 2401519, 698120.1 2401543, 698132.6 2401566, 698146.3 2401588, 698161.1 2401610, 698177 2401631, 698194 2401650, 698212.1 2401669, 698231 2401687, 698251 2401704, 698271.7 2401720, 698293.3 2401735, 698315.6 2401749, 698338.6 2401761, 698362.2 2401773, 698386.4 2401783, 698411.1 2401791, 698436.2 2401799, 698461.7 2401805, 698487.4 2401810, 698513.3 2401813, 698539.4 2401815, 698565.6 2401816, 698591.8 2401815, 698617.9 2401813, 698643.8 2401810, 698669.6 2401805, 698695 2401799, 698720.1 2401791, 698744.8 2401783, 698769 2401773, 698792.6 2401761, 698815.6 2401749, 698837.9 2401735, 698859.5 2401720, 698880.3 2401704, 698900.2 2401687, 698919.2 2401669, 698937.2 2401650, 698954.2 2401631, 698970.1 2401610, 698984.9 2401588, 698998.6 2401566, 699011.1 2401543, 699022.4 2401519, 699032.4 2401495, 699041.1 2401470, 699048.6 2401445, 699054.7 2401420, 699059.5 2401394, 699062.9 2401368, 699064.9 2401342, 699065.6 2401316))"
5,20260514,Forest,9620.300751879699,41.51503560607066,0.2980101804720037,0,Hani,NA,NA,0,1,0,1944,488.27998842351207,670.918834737775,703.92303466796875,11.291851997375488,326.92939921806584,1733.6155414581299,65863.8198852539,0.20507674972029685,1,11,1733.6155414581299,1,0,0,0,1,0.8379988184276591,-0.5456720446512239,9.171630806360227,3.726055665381232,-1.2106276304025323,"POLYGON ((695908.1 2407648, 695907.5 2407621, 695905.4 2407595, 695902 2407569, 695897.2 2407544, 695891.1 2407518, 695883.7 2407493, 695874.9 2407468, 695864.9 2407444, 695853.6 2407421, 695841.1 2407398, 695827.5 2407375, 695812.6 2407354, 695796.7 2407333, 695779.7 2407313, 695761.7 2407294, 695742.7 2407276, 695722.8 2407259, 695702 2407243, 695680.5 2407228, 695658.1 2407215, 695635.1 2407202, 695611.5 2407191, 695587.3 2407181, 695562.6 2407172, 695537.5 2407165, 695512.1 2407158, 695486.4 2407154, 695460.4 2407150, 695434.3 2407148, 695408.1 2407148, 695382 2407148, 695355.9 2407150, 695329.9 2407154, 695304.2 2407158, 695278.7 2407165, 695253.6 2407172, 695229 2407181, 695204.8 2407191, 695181.1 2407202, 695158.1 2407215, 695135.8 2407228, 695114.2 2407243, 695093.5 2407259, 695073.6 2407276, 695054.6 2407294, 695036.6 2407313, 695019.6 2407333, 695003.6 2407354, 694988.8 2407375, 694975.1 2407398, 694962.6 2407421, 694951.4 2407444, 694941.3 2407468, 694932.6 2407493, 694925.2 2407518, 694919.1 2407544, 694914.3 2407569, 694910.9 2407595, 694908.8 2407621, 694908.1 2407648, 694908.8 2407674, 694910.9 2407700, 694914.3 2407726, 694919.1 2407752, 694925.2 2407777, 694932.6 2407802, 694941.3 2407827, 694951.4 2407851, 694962.6 2407875, 694975.1 2407898, 694988.8 2407920, 695003.6 2407941, 695019.6 2407962, 695036.6 2407982, 695054.6 2408001, 695073.6 2408019, 695093.5 2408036, 695114.2 2408052, 695135.8 2408067, 695158.1 2408081, 695181.1 2408093, 695204.8 2408104, 695229 2408114, 695253.6 2408123, 695278.7 2408131, 695304.2 2408137, 695329.9 2408141, 695355.9 2408145, 695382 2408147, 695408.1 2408148, 695434.3 2408147, 695460.4 2408145, 695486.4 2408141, 695512.1 2408137, 695537.5 2408131, 695562.6 2408123, 695587.3 2408114, 695611.5 2408104, 695635.1 2408093, 695658.1 2408081, 695680.5 2408067, 695702 2408052, 695722.8 2408036, 695742.7 2408019, 695761.7 2408001, 695779.7 2407982, 695796.7 2407962, 695812.6 2407941, 695827.5 2407920, 695841.1 2407898, 695853.6 2407875, 695864.9 2407851, 695874.9 2407827, 695883.7 2407802, 695891.1 2407777, 695897.2 2407752, 695902 2407726, 695905.4 2407700, 695907.5 2407674, 695908.1 2407648))"
5,20260514,Forest,9611.842105263157,35.375788827246616,0.27491408934707906,0,Hani,NA,NA,0,1,0,1979,380.1410808213744,1452.6713123886814,699.365234375,11.041296005249023,208.80940216503515,90727.82363891602,694311.4929199219,0.21486020903938588,1,87,90727.82363891602,1,0,0,0,1,-0.8762276130761414,-0.48189746843378195,9.17075116988656,3.5660276547182206,-1.2912966324976107,"POLYGON ((700500.5 2401574, 700499.8 2401548, 700497.8 2401522, 700494.3 2401496, 700489.6 2401470, 700483.5 2401445, 700476 2401420, 700467.3 2401395, 700457.3 2401371, 700446 2401347, 700433.5 2401324, 700419.8 2401302, 700405 2401280, 700389.1 2401260, 700372.1 2401240, 700354 2401221, 700335.1 2401203, 700315.2 2401186, 700294.4 2401170, 700272.8 2401155, 700250.5 2401141, 700227.5 2401129, 700203.9 2401118, 700179.7 2401107, 700155 2401099, 700129.9 2401091, 700104.4 2401085, 700078.7 2401080, 700052.8 2401077, 700026.7 2401075, 700000.5 2401074, 699974.3 2401075, 699948.2 2401077, 699922.3 2401080, 699896.5 2401085, 699871.1 2401091, 699846 2401099, 699821.3 2401107, 699797.1 2401118, 699773.5 2401129, 699750.5 2401141, 699728.2 2401155, 699706.6 2401170, 699685.8 2401186, 699665.9 2401203, 699646.9 2401221, 699628.9 2401240, 699611.9 2401260, 699596 2401280, 699581.2 2401302, 699567.5 2401324, 699555 2401347, 699543.7 2401371, 699533.7 2401395, 699525 2401420, 699517.5 2401445, 699511.4 2401470, 699506.6 2401496, 699503.2 2401522, 699501.2 2401548, 699500.5 2401574, 699501.2 2401600, 699503.2 2401627, 699506.6 2401652, 699511.4 2401678, 699517.5 2401704, 699525 2401729, 699533.7 2401753, 699543.7 2401778, 699555 2401801, 699567.5 2401824, 699581.2 2401847, 699596 2401868, 699611.9 2401889, 699628.9 2401909, 699646.9 2401928, 699665.9 2401946, 699685.8 2401963, 699706.6 2401979, 699728.2 2401994, 699750.5 2402007, 699773.5 2402020, 699797.1 2402031, 699821.3 2402041, 699846 2402050, 699871.1 2402057, 699896.5 2402063, 699922.3 2402068, 699948.2 2402072, 699974.3 2402074, 700000.5 2402074, 700026.7 2402074, 700052.8 2402072, 700078.7 2402068, 700104.4 2402063, 700129.9 2402057, 700155 2402050, 700179.7 2402041, 700203.9 2402031, 700227.5 2402020, 700250.5 2402007, 700272.8 2401994, 700294.4 2401979, 700315.2 2401963, 700335.1 2401946, 700354 2401928, 700372.1 2401909, 700389.1 2401889, 700405 2401868, 700419.8 2401847, 700433.5 2401824, 700446 2401801, 700457.3 2401778, 700467.3 2401753, 700476 2401729, 700483.5 2401704, 700489.6 2401678, 700494.3 2401652, 700497.8 2401627, 700499.8 2401600, 700500.5 2401574))"
5,20260514,Forest,4515,22.149829986848378,1.7557289127254998,0,Hani,NA,NA,0,1,0,1990,353.3948456077451,450.60972985029883,912.972900390625,21.20686149597168,253.55419684833348,642588.9587402344,37671.511459350586,0.03268964660652043,1,17,47642.18788146973,0.07414099983116736,900,0.0014005842891611582,0,1,-0.2831082572964403,-0.9590879598089909,8.415160465851086,3.0978298209243684,0.5628841055764946,"POLYGON ((732857 2420894, 732856.3 2420868, 732854.2 2420842, 732850.8 2420816, 732846.1 2420790, 732839.9 2420765, 732832.5 2420740, 732823.8 2420715, 732813.8 2420691, 732802.5 2420667, 732790 2420644, 732776.3 2420622, 732761.5 2420600, 732745.6 2420580, 732728.6 2420560, 732710.5 2420541, 732691.6 2420523, 732671.6 2420506, 732650.9 2420490, 732629.3 2420475, 732607 2420461, 732584 2420449, 732560.4 2420437, 732536.2 2420427, 732511.5 2420419, 732486.4 2420411, 732460.9 2420405, 732435.2 2420400, 732409.3 2420397, 732383.2 2420395, 732357 2420394, 732330.8 2420395, 732304.7 2420397, 732278.8 2420400, 732253 2420405, 732227.6 2420411, 732202.5 2420419, 732177.8 2420427, 732153.6 2420437, 732130 2420449, 732107 2420461, 732084.7 2420475, 732063.1 2420490, 732042.3 2420506, 732022.4 2420523, 732003.4 2420541, 731985.4 2420560, 731968.4 2420580, 731952.5 2420600, 731937.7 2420622, 731924 2420644, 731911.5 2420667, 731900.2 2420691, 731890.2 2420715, 731881.5 2420740, 731874 2420765, 731867.9 2420790, 731863.1 2420816, 731859.7 2420842, 731857.7 2420868, 731857 2420894, 731857.7 2420920, 731859.7 2420946, 731863.1 2420972, 731867.9 2420998, 731874 2421024, 731881.5 2421049, 731890.2 2421073, 731900.2 2421098, 731911.5 2421121, 731924 2421144, 731937.7 2421166, 731952.5 2421188, 731968.4 2421209, 731985.4 2421229, 732003.4 2421248, 732022.4 2421266, 732042.3 2421283, 732063.1 2421299, 732084.7 2421314, 732107 2421327, 732130 2421340, 732153.6 2421351, 732177.8 2421361, 732202.5 2421370, 732227.6 2421377, 732253 2421383, 732278.8 2421388, 732304.7 2421391, 732330.8 2421393, 732357 2421394, 732383.2 2421393, 732409.3 2421391, 732435.2 2421388, 732460.9 2421383, 732486.4 2421377, 732511.5 2421370, 732536.2 2421361, 732560.4 2421351, 732584 2421340, 732607 2421327, 732629.3 2421314, 732650.9 2421299, 732671.6 2421283, 732691.6 2421266, 732710.5 2421248, 732728.6 2421229, 732745.6 2421209, 732761.5 2421188, 732776.3 2421166, 732790 2421144, 732802.5 2421121, 732813.8 2421098, 732823.8 2421073, 732832.5 2421049, 732839.9 2421024, 732846.1 2420998, 732850.8 2420972, 732854.2 2420946, 732856.3 2420920, 732857 2420894))"
5,20260514,Forest,15755.348837209303,49.074946133371625,0.16021765417170497,0,Hani,NA,NA,0,1,0,2056,486.38831441481517,903.0361817379301,848.332275390625,17.5533447265625,191.67786234740402,90005.80215454102,465307.80029296875,0.07767538115437321,1,9,4500,0.04999677678860578,0,0,0,1,-0.9793010894542238,-0.2024089330878716,9.664935195311495,3.8933486425230353,-1.8312220495974143,"POLYGON ((691586 2423183, 691585.3 2423157, 691583.3 2423131, 691579.8 2423105, 691575.1 2423079, 691569 2423054, 691561.5 2423028, 691552.8 2423004, 691542.8 2422980, 691531.5 2422956, 691519 2422933, 691505.3 2422911, 691490.5 2422889, 691474.6 2422868, 691457.6 2422848, 691439.5 2422829, 691420.6 2422811, 691400.7 2422794, 691379.9 2422778, 691358.3 2422764, 691336 2422750, 691313 2422737, 691289.4 2422726, 691265.2 2422716, 691240.5 2422707, 691215.4 2422700, 691190 2422694, 691164.2 2422689, 691138.3 2422686, 691112.2 2422684, 691086 2422683, 691059.8 2422684, 691033.7 2422686, 691007.8 2422689, 690982 2422694, 690956.6 2422700, 690931.5 2422707, 690906.8 2422716, 690882.6 2422726, 690859 2422737, 690836 2422750, 690813.7 2422764, 690792.1 2422778, 690771.3 2422794, 690751.4 2422811, 690732.4 2422829, 690714.4 2422848, 690697.4 2422868, 690681.5 2422889, 690666.7 2422911, 690653 2422933, 690640.5 2422956, 690629.2 2422980, 690619.2 2423004, 690610.5 2423028, 690603 2423054, 690596.9 2423079, 690592.2 2423105, 690588.7 2423131, 690586.7 2423157, 690586 2423183, 690586.7 2423209, 690588.7 2423235, 690592.2 2423261, 690596.9 2423287, 690603 2423312, 690610.5 2423337, 690619.2 2423362, 690629.2 2423386, 690640.5 2423410, 690653 2423433, 690666.7 2423455, 690681.5 2423477, 690697.4 2423498, 690714.4 2423518, 690732.4 2423537, 690751.4 2423555, 690771.3 2423572, 690792.1 2423587, 690813.7 2423602, 690836 2423616, 690859 2423628, 690882.6 2423640, 690906.8 2423650, 690931.5 2423659, 690956.6 2423666, 690982 2423672, 691007.8 2423677, 691033.7 2423680, 691059.8 2423682, 691086 2423683, 691112.2 2423682, 691138.3 2423680, 691164.2 2423677, 691190 2423672, 691215.4 2423666, 691240.5 2423659, 691265.2 2423650, 691289.4 2423640, 691313 2423628, 691336 2423616, 691358.3 2423602, 691379.9 2423587, 691400.7 2423572, 691420.6 2423555, 691439.5 2423537, 691457.6 2423518, 691474.6 2423498, 691490.5 2423477, 691505.3 2423455, 691519 2423433, 691531.5 2423410, 691542.8 2423386, 691552.8 2423362, 691561.5 2423337, 691569 2423312, 691575.1 2423287, 691579.8 2423261, 691583.3 2423235, 691585.3 2423209, 691586 2423183))"
5,20260514,Forest,4515,22.149829986848378,1.7557289127254998,0,Hani,NA,NA,0,1,0,2378,914.4307564398266,960.8127470105277,803.650146484375,18.9207820892334,157.5773729132094,280656.43615722656,133876.7303466797,0.05856680193657901,1,6,202206.45904541016,0.7204768285881463,245.4260140657425,8.744713551776605e-4,0,1,-0.9243954702877734,0.38143546572316317,8.415160465851086,3.0978298209243684,0.5628841055764946,"POLYGON ((732501.6 2419607, 732501 2419580, 732498.9 2419554, 732495.5 2419528, 732490.7 2419503, 732484.6 2419477, 732477.2 2419452, 732468.4 2419427, 732458.4 2419403, 732447.1 2419380, 732434.7 2419357, 732421 2419334, 732406.1 2419313, 732390.2 2419292, 732373.2 2419272, 732355.2 2419253, 732336.2 2419235, 732316.3 2419218, 732295.5 2419202, 732274 2419187, 732251.6 2419174, 732228.6 2419161, 732205 2419150, 732180.8 2419140, 732156.1 2419131, 732131.1 2419124, 732105.6 2419117, 732079.9 2419113, 732053.9 2419109, 732027.8 2419107, 732001.6 2419107, 731975.5 2419107, 731949.4 2419109, 731923.4 2419113, 731897.7 2419117, 731872.2 2419124, 731847.1 2419131, 731822.5 2419140, 731798.3 2419150, 731774.6 2419161, 731751.6 2419174, 731729.3 2419187, 731707.7 2419202, 731687 2419218, 731667.1 2419235, 731648.1 2419253, 731630.1 2419272, 731613.1 2419292, 731597.1 2419313, 731582.3 2419334, 731568.6 2419357, 731556.1 2419380, 731544.9 2419403, 731534.9 2419427, 731526.1 2419452, 731518.7 2419477, 731512.6 2419503, 731507.8 2419528, 731504.4 2419554, 731502.3 2419580, 731501.6 2419607, 731502.3 2419633, 731504.4 2419659, 731507.8 2419685, 731512.6 2419710, 731518.7 2419736, 731526.1 2419761, 731534.9 2419786, 731544.9 2419810, 731556.1 2419834, 731568.6 2419857, 731582.3 2419879, 731597.1 2419900, 731613.1 2419921, 731630.1 2419941, 731648.1 2419960, 731667.1 2419978, 731687 2419995, 731707.7 2420011, 731729.3 2420026, 731751.6 2420040, 731774.6 2420052, 731798.3 2420063, 731822.5 2420073, 731847.1 2420082, 731872.2 2420090, 731897.7 2420096, 731923.4 2420100, 731949.4 2420104, 731975.5 2420106, 732001.6 2420107, 732027.8 2420106, 732053.9 2420104, 732079.9 2420100, 732105.6 2420096, 732131.1 2420090, 732156.1 2420082, 732180.8 2420073, 732205 2420063, 732228.6 2420052, 732251.6 2420040, 732274 2420026, 732295.5 2420011, 732316.3 2419995, 732336.2 2419978, 732355.2 2419960, 732373.2 2419941, 732390.2 2419921, 732406.1 2419900, 732421 2419879, 732434.7 2419857, 732447.1 2419834, 732458.4 2419810, 732468.4 2419786, 732477.2 2419761, 732484.6 2419736, 732490.7 2419710, 732495.5 2419685, 732498.9 2419659, 732501 2419633, 732501.6 2419607))"
5,20260514,Forest,5307.45872081989,36.630721511716736,0.5234012147195427,0,Hani,NA,NA,0,1,0,2610,518.7553702800147,1056.0100398424229,712.370849609375,11.893214225769043,114.13198621755878,280164.8254394531,464912.1826171875,0.26520946526812217,1,57,900,0.0032123946986860434,1800,0.006424789397372087,0,1,-0.40883999992489173,0.9126060784705603,8.576868416028539,3.6008872738862983,-0.6474069680642858,"POLYGON ((687315.5 2403449, 687314.8 2403423, 687312.8 2403397, 687309.3 2403371, 687304.6 2403345, 687298.5 2403320, 687291 2403294, 687282.3 2403270, 687272.3 2403246, 687261 2403222, 687248.5 2403199, 687234.8 2403177, 687220 2403155, 687204.1 2403134, 687187.1 2403114, 687169.1 2403095, 687150.1 2403077, 687130.2 2403060, 687109.4 2403044, 687087.8 2403030, 687065.5 2403016, 687042.5 2403003, 687018.9 2402992, 686994.7 2402982, 686970 2402973, 686944.9 2402966, 686919.5 2402960, 686893.7 2402955, 686867.8 2402952, 686841.7 2402950, 686815.5 2402949, 686789.3 2402950, 686763.2 2402952, 686737.3 2402955, 686711.5 2402960, 686686.1 2402966, 686661 2402973, 686636.3 2402982, 686612.1 2402992, 686588.5 2403003, 686565.5 2403016, 686543.2 2403030, 686521.6 2403044, 686500.8 2403060, 686480.9 2403077, 686461.9 2403095, 686443.9 2403114, 686426.9 2403134, 686411 2403155, 686396.2 2403177, 686382.5 2403199, 686370 2403222, 686358.7 2403246, 686348.7 2403270, 686340 2403294, 686332.5 2403320, 686326.4 2403345, 686321.7 2403371, 686318.2 2403397, 686316.2 2403423, 686315.5 2403449, 686316.2 2403475, 686318.2 2403501, 686321.7 2403527, 686326.4 2403553, 686332.5 2403578, 686340 2403603, 686348.7 2403628, 686358.7 2403652, 686370 2403676, 686382.5 2403699, 686396.2 2403721, 686411 2403743, 686426.9 2403764, 686443.9 2403783, 686461.9 2403802, 686480.9 2403820, 686500.8 2403837, 686521.6 2403853, 686543.2 2403868, 686565.5 2403882, 686588.5 2403894, 686612.1 2403906, 686636.3 2403916, 686661 2403924, 686686.1 2403932, 686711.5 2403938, 686737.3 2403943, 686763.2 2403946, 686789.3 2403948, 686815.5 2403949, 686841.7 2403948, 686867.8 2403946, 686893.7 2403943, 686919.5 2403938, 686944.9 2403932, 686970 2403924, 686994.7 2403916, 687018.9 2403906, 687042.5 2403894, 687065.5 2403882, 687087.8 2403868, 687109.4 2403853, 687130.2 2403837, 687150.1 2403820, 687169.1 2403802, 687187.1 2403783, 687204.1 2403764, 687220 2403743, 687234.8 2403721, 687248.5 2403699, 687261 2403676, 687272.3 2403652, 687282.3 2403628, 687291 2403603, 687298.5 2403578, 687304.6 2403553, 687309.3 2403527, 687312.8 2403501, 687314.8 2403475, 687315.5 2403449))"
5,20260514,Forest,8196.42857142857,29.790644225739026,0.5217557251908397,0,Hani,NA,NA,0,1,0,2747,520.5174247047596,1129.8111176252555,1036.6705322265625,16.248903274536133,105.9475059581137,156141.80145263672,559922.16796875,0.09564289771000745,1,118,109534.15832519531,0.7015043845156408,1041.5893077850342,0.006670790897087124,0,1,-0.27475653818174167,0.961513829711453,9.011453798307533,3.3941943920616544,-0.650555760031193,"POLYGON ((710720.5 2409153, 710719.8 2409127, 710717.7 2409101, 710714.3 2409075, 710709.5 2409049, 710703.4 2409024, 710696 2408999, 710687.3 2408974, 710677.2 2408950, 710666 2408926, 710653.5 2408903, 710639.8 2408881, 710625 2408860, 710609 2408839, 710592 2408819, 710574 2408800, 710555 2408782, 710535.1 2408765, 710514.4 2408749, 710492.8 2408734, 710470.5 2408720, 710447.5 2408708, 710423.8 2408697, 710399.7 2408687, 710375 2408678, 710349.9 2408670, 710324.4 2408664, 710298.7 2408660, 710272.7 2408656, 710246.6 2408654, 710220.5 2408653, 710194.3 2408654, 710168.2 2408656, 710142.2 2408660, 710116.5 2408664, 710091.1 2408670, 710066 2408678, 710041.3 2408687, 710017.1 2408697, 709993.5 2408708, 709970.5 2408720, 709948.1 2408734, 709926.6 2408749, 709905.8 2408765, 709885.9 2408782, 709866.9 2408800, 709848.9 2408819, 709831.9 2408839, 709816 2408860, 709801.1 2408881, 709787.5 2408903, 709775 2408926, 709763.7 2408950, 709753.7 2408974, 709744.9 2408999, 709737.5 2409024, 709731.4 2409049, 709726.6 2409075, 709723.2 2409101, 709721.2 2409127, 709720.5 2409153, 709721.2 2409180, 709723.2 2409206, 709726.6 2409232, 709731.4 2409257, 709737.5 2409283, 709744.9 2409308, 709753.7 2409333, 709763.7 2409357, 709775 2409380, 709787.5 2409403, 709801.1 2409426, 709816 2409447, 709831.9 2409468, 709848.9 2409488, 709866.9 2409507, 709885.9 2409525, 709905.8 2409542, 709926.6 2409558, 709948.1 2409573, 709970.5 2409586, 709993.5 2409599, 710017.1 2409610, 710041.3 2409620, 710066 2409629, 710091.1 2409636, 710116.5 2409642, 710142.2 2409647, 710168.2 2409651, 710194.3 2409653, 710220.5 2409653, 710246.6 2409653, 710272.7 2409651, 710298.7 2409647, 710324.4 2409642, 710349.9 2409636, 710375 2409629, 710399.7 2409620, 710423.8 2409610, 710447.5 2409599, 710470.5 2409586, 710492.8 2409573, 710514.4 2409558, 710535.1 2409542, 710555 2409525, 710574 2409507, 710592 2409488, 710609 2409468, 710625 2409447, 710639.8 2409426, 710653.5 2409403, 710666 2409380, 710677.2 2409357, 710687.3 2409333, 710696 2409308, 710703.4 2409283, 710709.5 2409257, 710714.3 2409232, 710717.7 2409206, 710719.8 2409180, 710720.5 2409153))"
5,20260514,Forest,9725.563909774435,35.4184866616443,0.38167655786350146,0,Hani,NA,NA,0,1,0,2896,901.0415146746649,1368.4028127641443,632.55841064453125,16.902191162109375,21.57690245737218,174592.9962158203,299457.97119140625,0.05896966832599055,1,66,62495.068359375,0.3579471669191285,0,0,0,1,0.9299248117106765,0.3677497036910604,9.182513152386466,3.5672339059095797,-0.9631817361981481,"POLYGON ((696252.3 2425016, 696251.6 2424990, 696249.5 2424964, 696246.1 2424938, 696241.3 2424912, 696235.2 2424887, 696227.8 2424862, 696219.1 2424837, 696209 2424813, 696197.8 2424789, 696185.3 2424766, 696171.6 2424744, 696156.8 2424722, 696140.8 2424701, 696123.8 2424681, 696105.8 2424662, 696086.8 2424644, 696066.9 2424627, 696046.2 2424612, 696024.6 2424597, 696002.3 2424583, 695979.3 2424571, 695955.6 2424559, 695931.4 2424549, 695906.8 2424541, 695881.7 2424533, 695856.2 2424527, 695830.5 2424522, 695804.5 2424519, 695778.4 2424517, 695752.3 2424516, 695726.1 2424517, 695700 2424519, 695674 2424522, 695648.3 2424527, 695622.9 2424533, 695597.8 2424541, 695573.1 2424549, 695548.9 2424559, 695525.3 2424571, 695502.3 2424583, 695479.9 2424597, 695458.4 2424612, 695437.6 2424627, 695417.7 2424644, 695398.7 2424662, 695380.7 2424681, 695363.7 2424701, 695347.8 2424722, 695332.9 2424744, 695319.3 2424766, 695306.8 2424789, 695295.5 2424813, 695285.5 2424837, 695276.7 2424862, 695269.3 2424887, 695263.2 2424912, 695258.4 2424938, 695255 2424964, 695252.9 2424990, 695252.3 2425016, 695252.9 2425042, 695255 2425068, 695258.4 2425094, 695263.2 2425120, 695269.3 2425145, 695276.7 2425171, 695285.5 2425195, 695295.5 2425219, 695306.8 2425243, 695319.3 2425266, 695332.9 2425288, 695347.8 2425310, 695363.7 2425331, 695380.7 2425351, 695398.7 2425370, 695417.7 2425388, 695437.6 2425405, 695458.4 2425421, 695479.9 2425435, 695502.3 2425449, 695525.3 2425462, 695548.9 2425473, 695573.1 2425483, 695597.8 2425492, 695622.9 2425499, 695648.3 2425505, 695674 2425510, 695700 2425513, 695726.1 2425515, 695752.3 2425516, 695778.4 2425515, 695804.5 2425513, 695830.5 2425510, 695856.2 2425505, 695881.7 2425499, 695906.8 2425492, 695931.4 2425483, 695955.6 2425473, 695979.3 2425462, 696002.3 2425449, 696024.6 2425435, 696046.2 2425421, 696066.9 2425405, 696086.8 2425388, 696105.8 2425370, 696123.8 2425351, 696140.8 2425331, 696156.8 2425310, 696171.6 2425288, 696185.3 2425266, 696197.8 2425243, 696209 2425219, 696219.1 2425195, 696227.8 2425171, 696235.2 2425145, 696241.3 2425120, 696246.1 2425094, 696249.5 2425068, 696251.6 2425042, 696252.3 2425016))"
5,20260514,Forest,5351.11026760296,13.711033575247699,0.13435474366529168,0,Hani,NA,NA,0,1,0,2972,279.51908423528937,1149.3256220786222,1394.8046875,13.634902000427246,64.22861567668298,785039.3371582031,0,0.11757687223065844,1,92,0,0,361543.66149902344,0.46054209564553866,0,1,0.4347813919047108,0.9005360299584921,8.585059345014134,2.6182008791533518,-2.0072716362797856,"POLYGON ((674942.6 2412877, 674941.9 2412851, 674939.8 2412825, 674936.4 2412799, 674931.7 2412773, 674925.5 2412748, 674918.1 2412722, 674909.4 2412698, 674899.4 2412674, 674888.1 2412650, 674875.6 2412627, 674861.9 2412605, 674847.1 2412583, 674831.2 2412562, 674814.2 2412542, 674796.1 2412523, 674777.2 2412505, 674757.2 2412488, 674736.5 2412472, 674714.9 2412458, 674692.6 2412444, 674669.6 2412432, 674646 2412420, 674621.8 2412410, 674597.1 2412401, 674572 2412394, 674546.5 2412388, 674520.8 2412383, 674494.8 2412380, 674468.8 2412378, 674442.6 2412377, 674416.4 2412378, 674390.3 2412380, 674364.4 2412383, 674338.6 2412388, 674313.2 2412394, 674288.1 2412401, 674263.4 2412410, 674239.2 2412420, 674215.6 2412432, 674192.6 2412444, 674170.3 2412458, 674148.7 2412472, 674127.9 2412488, 674108 2412505, 674089 2412523, 674071 2412542, 674054 2412562, 674038.1 2412583, 674023.2 2412605, 674009.6 2412627, 673997.1 2412650, 673985.8 2412674, 673975.8 2412698, 673967.1 2412722, 673959.6 2412748, 673953.5 2412773, 673948.7 2412799, 673945.3 2412825, 673943.3 2412851, 673942.6 2412877, 673943.3 2412903, 673945.3 2412929, 673948.7 2412955, 673953.5 2412981, 673959.6 2413006, 673967.1 2413032, 673975.8 2413056, 673985.8 2413080, 673997.1 2413104, 674009.6 2413127, 674023.2 2413149, 674038.1 2413171, 674054 2413192, 674071 2413212, 674089 2413231, 674108 2413249, 674127.9 2413266, 674148.7 2413282, 674170.3 2413296, 674192.6 2413310, 674215.6 2413323, 674239.2 2413334, 674263.4 2413344, 674288.1 2413353, 674313.2 2413360, 674338.6 2413366, 674364.4 2413371, 674390.3 2413374, 674416.4 2413376, 674442.6 2413377, 674468.8 2413376, 674494.8 2413374, 674520.8 2413371, 674546.5 2413366, 674572 2413360, 674597.1 2413353, 674621.8 2413344, 674646 2413334, 674669.6 2413323, 674692.6 2413310, 674714.9 2413296, 674736.5 2413282, 674757.2 2413266, 674777.2 2413249, 674796.1 2413231, 674814.2 2413212, 674831.2 2413192, 674847.1 2413171, 674861.9 2413149, 674875.6 2413127, 674888.1 2413104, 674899.4 2413080, 674909.4 2413056, 674918.1 2413032, 674925.5 2413006, 674931.7 2412981, 674936.4 2412955, 674939.8 2412929, 674941.9 2412903, 674942.6 2412877))"
5,20260514,Forest,5351.11026760296,13.711033575247699,0.13435474366529168,0,Hani,NA,NA,0,1,0,3120,825.4313941410464,1711.6004816840866,754.2646484375,12.676965713500977,150.1222583669938,4547.865629196167,37380.36346435547,0.15309281213193537,1,54,4547.865629196167,1,0,0,0,1,-0.8670903369250388,0.4981509285459807,8.585059345014134,2.6182008791533518,-2.0072716362797856,"POLYGON ((688736.9 2405432, 688736.2 2405405, 688734.2 2405379, 688730.8 2405353, 688726 2405328, 688719.9 2405302, 688712.4 2405277, 688703.7 2405252, 688693.7 2405228, 688682.4 2405205, 688669.9 2405182, 688656.2 2405159, 688641.4 2405138, 688625.5 2405117, 688608.5 2405097, 688590.5 2405078, 688571.5 2405060, 688551.6 2405043, 688530.8 2405027, 688509.2 2405012, 688486.9 2404999, 688463.9 2404986, 688440.3 2404975, 688416.1 2404965, 688391.4 2404956, 688366.3 2404949, 688340.9 2404943, 688315.1 2404938, 688289.2 2404934, 688263.1 2404932, 688236.9 2404932, 688210.7 2404932, 688184.6 2404934, 688158.7 2404938, 688133 2404943, 688107.5 2404949, 688082.4 2404956, 688057.7 2404965, 688033.5 2404975, 688009.9 2404986, 687986.9 2404999, 687964.6 2405012, 687943 2405027, 687922.3 2405043, 687902.3 2405060, 687883.4 2405078, 687865.3 2405097, 687848.3 2405117, 687832.4 2405138, 687817.6 2405159, 687803.9 2405182, 687791.4 2405205, 687780.1 2405228, 687770.1 2405252, 687761.4 2405277, 687754 2405302, 687747.8 2405328, 687743.1 2405353, 687739.7 2405379, 687737.6 2405405, 687736.9 2405432, 687737.6 2405458, 687739.7 2405484, 687743.1 2405510, 687747.8 2405536, 687754 2405561, 687761.4 2405586, 687770.1 2405611, 687780.1 2405635, 687791.4 2405659, 687803.9 2405682, 687817.6 2405704, 687832.4 2405726, 687848.3 2405746, 687865.3 2405766, 687883.4 2405785, 687902.3 2405803, 687922.3 2405820, 687943 2405836, 687964.6 2405851, 687986.9 2405865, 688009.9 2405877, 688033.5 2405888, 688057.7 2405898, 688082.4 2405907, 688107.5 2405915, 688133 2405921, 688158.7 2405925, 688184.6 2405929, 688210.7 2405931, 688236.9 2405932, 688263.1 2405931, 688289.2 2405929, 688315.1 2405925, 688340.9 2405921, 688366.3 2405915, 688391.4 2405907, 688416.1 2405898, 688440.3 2405888, 688463.9 2405877, 688486.9 2405865, 688509.2 2405851, 688530.8 2405836, 688551.6 2405820, 688571.5 2405803, 688590.5 2405785, 688608.5 2405766, 688625.5 2405746, 688641.4 2405726, 688656.2 2405704, 688669.9 2405682, 688682.4 2405659, 688693.7 2405635, 688703.7 2405611, 688712.4 2405586, 688719.9 2405561, 688726 2405536, 688730.8 2405510, 688734.2 2405484, 688736.2 2405458, 688736.9 2405432))"
5,20260514,Forest,2715.8853672423606,19.408732153463,0.688783570300158,0,Hani,NA,NA,0,1,0,3176,115.76561544032566,2653.8078277144614,859.78619384765625,12.137048721313477,22.803879471572333,30776.601791381836,394921.6094970703,0.09791901947397541,1,48,9000,0.2924299460026873,0,0,0,1,0.9218369109685219,0.3875780045049169,7.906873281323348,2.9657230758029596,-0.3728281787951418,"POLYGON ((670329.7 2394724, 670329.1 2394698, 670327 2394672, 670323.6 2394646, 670318.8 2394620, 670312.7 2394595, 670305.3 2394570, 670296.5 2394545, 670286.5 2394521, 670275.2 2394497, 670262.7 2394474, 670249.1 2394452, 670234.2 2394430, 670218.3 2394410, 670201.3 2394390, 670183.3 2394371, 670164.3 2394353, 670144.4 2394336, 670123.6 2394320, 670102.1 2394305, 670079.7 2394291, 670056.7 2394279, 670033.1 2394267, 670008.9 2394257, 669984.2 2394249, 669959.1 2394241, 669933.7 2394235, 669908 2394230, 669882 2394227, 669855.9 2394225, 669829.7 2394224, 669803.6 2394225, 669777.5 2394227, 669751.5 2394230, 669725.8 2394235, 669700.3 2394241, 669675.2 2394249, 669650.6 2394257, 669626.4 2394267, 669602.7 2394279, 669579.7 2394291, 669557.4 2394305, 669535.8 2394320, 669515.1 2394336, 669495.2 2394353, 669476.2 2394371, 669458.2 2394390, 669441.2 2394410, 669425.2 2394430, 669410.4 2394452, 669396.7 2394474, 669384.2 2394497, 669373 2394521, 669362.9 2394545, 669354.2 2394570, 669346.8 2394595, 669340.7 2394620, 669335.9 2394646, 669332.5 2394672, 669330.4 2394698, 669329.7 2394724, 669330.4 2394750, 669332.5 2394777, 669335.9 2394802, 669340.7 2394828, 669346.8 2394854, 669354.2 2394879, 669362.9 2394903, 669373 2394928, 669384.2 2394951, 669396.7 2394974, 669410.4 2394997, 669425.2 2395018, 669441.2 2395039, 669458.2 2395059, 669476.2 2395078, 669495.2 2395096, 669515.1 2395113, 669535.8 2395129, 669557.4 2395144, 669579.7 2395157, 669602.7 2395170, 669626.4 2395181, 669650.6 2395191, 669675.2 2395200, 669700.3 2395207, 669725.8 2395213, 669751.5 2395218, 669777.5 2395221, 669803.6 2395224, 669829.7 2395224, 669855.9 2395224, 669882 2395221, 669908 2395218, 669933.7 2395213, 669959.1 2395207, 669984.2 2395200, 670008.9 2395191, 670033.1 2395181, 670056.7 2395170, 670079.7 2395157, 670102.1 2395144, 670123.6 2395129, 670144.4 2395113, 670164.3 2395096, 670183.3 2395078, 670201.3 2395059, 670218.3 2395039, 670234.2 2395018, 670249.1 2394997, 670262.7 2394974, 670275.2 2394951, 670286.5 2394928, 670296.5 2394903, 670305.3 2394879, 670312.7 2394854, 670318.8 2394828, 670323.6 2394802, 670327 2394777, 670329.1 2394750, 670329.7 2394724))"
5,20260514,Forest,9611.842105263157,35.375788827246616,0.27491408934707906,0,Hani,NA,NA,0,1,0,3199,196.15798173819545,2368.820857931345,834.6614990234375,9.500465393066406,355.12595472917803,171610.92224121094,326072.59826660156,0.15671795584936235,1,25,110546.32186889648,0.6441683339567166,58101.33361816406,0.33856431082223687,0,1,0.9963838874422634,-0.08496557447250694,9.17075116988656,3.5660276547182206,-1.2912966324976107,"POLYGON ((694403.9 2406308, 694403.2 2406282, 694401.1 2406256, 694397.7 2406230, 694393 2406204, 694386.9 2406179, 694379.4 2406154, 694370.7 2406129, 694360.7 2406105, 694349.4 2406081, 694336.9 2406058, 694323.2 2406036, 694308.4 2406014, 694292.5 2405994, 694275.5 2405974, 694257.4 2405955, 694238.5 2405937, 694218.5 2405920, 694197.8 2405904, 694176.2 2405889, 694153.9 2405875, 694130.9 2405863, 694107.3 2405852, 694083.1 2405841, 694058.4 2405833, 694033.3 2405825, 694007.8 2405819, 693982.1 2405814, 693956.2 2405811, 693930.1 2405809, 693903.9 2405808, 693877.7 2405809, 693851.6 2405811, 693825.7 2405814, 693799.9 2405819, 693774.5 2405825, 693749.4 2405833, 693724.7 2405841, 693700.5 2405852, 693676.9 2405863, 693653.9 2405875, 693631.6 2405889, 693610 2405904, 693589.2 2405920, 693569.3 2405937, 693550.3 2405955, 693532.3 2405974, 693515.3 2405994, 693499.4 2406014, 693484.6 2406036, 693470.9 2406058, 693458.4 2406081, 693447.1 2406105, 693437.1 2406129, 693428.4 2406154, 693420.9 2406179, 693414.8 2406204, 693410 2406230, 693406.6 2406256, 693404.6 2406282, 693403.9 2406308, 693404.6 2406334, 693406.6 2406361, 693410 2406386, 693414.8 2406412, 693420.9 2406438, 693428.4 2406463, 693437.1 2406487, 693447.1 2406512, 693458.4 2406535, 693470.9 2406558, 693484.6 2406581, 693499.4 2406602, 693515.3 2406623, 693532.3 2406643, 693550.3 2406662, 693569.3 2406680, 693589.2 2406697, 693610 2406713, 693631.6 2406728, 693653.9 2406741, 693676.9 2406754, 693700.5 2406765, 693724.7 2406775, 693749.4 2406784, 693774.5 2406791, 693799.9 2406797, 693825.7 2406802, 693851.6 2406806, 693877.7 2406808, 693903.9 2406808, 693930.1 2406808, 693956.2 2406806, 693982.1 2406802, 694007.8 2406797, 694033.3 2406791, 694058.4 2406784, 694083.1 2406775, 694107.3 2406765, 694130.9 2406754, 694153.9 2406741, 694176.2 2406728, 694197.8 2406713, 694218.5 2406697, 694238.5 2406680, 694257.4 2406662, 694275.5 2406643, 694292.5 2406623, 694308.4 2406602, 694323.2 2406581, 694336.9 2406558, 694349.4 2406535, 694360.7 2406512, 694370.7 2406487, 694379.4 2406463, 694386.9 2406438, 694393 2406412, 694397.7 2406386, 694401.1 2406361, 694403.2 2406334, 694403.9 2406308))"
5,20260514,Forest,9620.300751879699,41.51503560607066,0.2980101804720037,0,Hani,NA,NA,0,1,0,3296,46.4070656732515,1131.166815980278,851.32098388671875,11.461533546447754,295.32487514791995,33260.689544677734,152473.74114990234,0.17136734801064243,1,82,33260.689544677734,1,0,0,0,1,0.42775033346067415,-0.9038969256636965,9.171630806360227,3.726055665381232,-1.2106276304025323,"POLYGON ((703174.2 2410483, 703173.6 2410457, 703171.5 2410431, 703168.1 2410405, 703163.3 2410379, 703157.2 2410353, 703149.8 2410328, 703141 2410304, 703131 2410279, 703119.7 2410256, 703107.3 2410233, 703093.6 2410210, 703078.7 2410189, 703062.8 2410168, 703045.8 2410148, 703027.8 2410129, 703008.8 2410111, 702988.9 2410094, 702968.1 2410078, 702946.6 2410063, 702924.2 2410050, 702901.2 2410037, 702877.6 2410026, 702853.4 2410016, 702828.7 2410007, 702803.6 2410000, 702778.2 2409994, 702752.5 2409989, 702726.5 2409986, 702700.4 2409983, 702674.2 2409983, 702648.1 2409983, 702622 2409986, 702596 2409989, 702570.3 2409994, 702544.8 2410000, 702519.7 2410007, 702495.1 2410016, 702470.9 2410026, 702447.2 2410037, 702424.2 2410050, 702401.9 2410063, 702380.3 2410078, 702359.6 2410094, 702339.7 2410111, 702320.7 2410129, 702302.7 2410148, 702285.7 2410168, 702269.7 2410189, 702254.9 2410210, 702241.2 2410233, 702228.7 2410256, 702217.5 2410279, 702207.4 2410304, 702198.7 2410328, 702191.3 2410353, 702185.2 2410379, 702180.4 2410405, 702177 2410431, 702174.9 2410457, 702174.2 2410483, 702174.9 2410509, 702177 2410535, 702180.4 2410561, 702185.2 2410587, 702191.3 2410612, 702198.7 2410637, 702207.4 2410662, 702217.5 2410686, 702228.7 2410710, 702241.2 2410733, 702254.9 2410755, 702269.7 2410777, 702285.7 2410797, 702302.7 2410817, 702320.7 2410836, 702339.7 2410854, 702359.6 2410871, 702380.3 2410887, 702401.9 2410902, 702424.2 2410916, 702447.2 2410928, 702470.9 2410940, 702495.1 2410950, 702519.7 2410958, 702544.8 2410966, 702570.3 2410972, 702596 2410977, 702622 2410980, 702648.1 2410982, 702674.2 2410983, 702700.4 2410982, 702726.5 2410980, 702752.5 2410977, 702778.2 2410972, 702803.6 2410966, 702828.7 2410958, 702853.4 2410950, 702877.6 2410940, 702901.2 2410928, 702924.2 2410916, 702946.6 2410902, 702968.1 2410887, 702988.9 2410871, 703008.8 2410854, 703027.8 2410836, 703045.8 2410817, 703062.8 2410797, 703078.7 2410777, 703093.6 2410755, 703107.3 2410733, 703119.7 2410710, 703131 2410686, 703141 2410662, 703149.8 2410637, 703157.2 2410612, 703163.3 2410587, 703168.1 2410561, 703171.5 2410535, 703173.6 2410509, 703174.2 2410483))"
5,20260514,Forest,9611.842105263157,35.375788827246616,0.27491408934707906,0,Hani,NA,NA,0,1,0,3481,218.17929682467548,2012.7952538915665,729.94171142578125,9.618041038513184,289.78496375201075,36830.10292053223,748209.26513671875,0.16888750640580877,1,75,36830.10292053223,1,0,0,0,1,0.33849099132911437,-0.9409696322352987,9.17075116988656,3.5660276547182206,-1.2912966324976107,"POLYGON ((700827.6 2402132, 700826.9 2402105, 700824.9 2402079, 700821.4 2402053, 700816.7 2402028, 700810.6 2402002, 700803.1 2401977, 700794.4 2401952, 700784.4 2401928, 700773.1 2401905, 700760.6 2401882, 700746.9 2401859, 700732.1 2401838, 700716.2 2401817, 700699.2 2401797, 700681.1 2401778, 700662.2 2401760, 700642.3 2401743, 700621.5 2401727, 700599.9 2401712, 700577.6 2401699, 700554.6 2401686, 700531 2401675, 700506.8 2401665, 700482.1 2401656, 700457 2401649, 700431.5 2401643, 700405.8 2401638, 700379.9 2401634, 700353.8 2401632, 700327.6 2401632, 700301.4 2401632, 700275.3 2401634, 700249.4 2401638, 700223.6 2401643, 700198.2 2401649, 700173.1 2401656, 700148.4 2401665, 700124.2 2401675, 700100.6 2401686, 700077.6 2401699, 700055.3 2401712, 700033.7 2401727, 700012.9 2401743, 699993 2401760, 699974 2401778, 699956 2401797, 699939 2401817, 699923.1 2401838, 699908.3 2401859, 699894.6 2401882, 699882.1 2401905, 699870.8 2401928, 699860.8 2401952, 699852.1 2401977, 699844.6 2402002, 699838.5 2402028, 699833.7 2402053, 699830.3 2402079, 699828.3 2402105, 699827.6 2402132, 699828.3 2402158, 699830.3 2402184, 699833.7 2402210, 699838.5 2402236, 699844.6 2402261, 699852.1 2402286, 699860.8 2402311, 699870.8 2402335, 699882.1 2402359, 699894.6 2402382, 699908.3 2402404, 699923.1 2402425, 699939 2402446, 699956 2402466, 699974 2402485, 699993 2402503, 700012.9 2402520, 700033.7 2402536, 700055.3 2402551, 700077.6 2402565, 700100.6 2402577, 700124.2 2402588, 700148.4 2402598, 700173.1 2402607, 700198.2 2402615, 700223.6 2402621, 700249.4 2402625, 700275.3 2402629, 700301.4 2402631, 700327.6 2402632, 700353.8 2402631, 700379.9 2402629, 700405.8 2402625, 700431.5 2402621, 700457 2402615, 700482.1 2402607, 700506.8 2402598, 700531 2402588, 700554.6 2402577, 700577.6 2402565, 700599.9 2402551, 700621.5 2402536, 700642.3 2402520, 700662.2 2402503, 700681.1 2402485, 700699.2 2402466, 700716.2 2402446, 700732.1 2402425, 700746.9 2402404, 700760.6 2402382, 700773.1 2402359, 700784.4 2402335, 700794.4 2402311, 700803.1 2402286, 700810.6 2402261, 700816.7 2402236, 700821.4 2402210, 700824.9 2402184, 700826.9 2402158, 700827.6 2402132))"
5,20260514,Forest,9620.300751879699,41.51503560607066,0.2980101804720037,0,Hani,NA,NA,0,1,0,3521,1042.3237910135947,1750.823712469788,726.75738525390625,10.062932014465332,142.1392154286563,9459.607887268066,775579.72412109375,0.22827038983687425,1,104,9459.607887268066,1,0,0,0,1,-0.7895043403236743,0.6137449768511999,9.171630806360227,3.726055665381232,-1.2106276304025323,"POLYGON ((702599.5 2406884, 702598.8 2406858, 702596.8 2406832, 702593.4 2406806, 702588.6 2406781, 702582.5 2406755, 702575 2406730, 702566.3 2406705, 702556.3 2406681, 702545 2406657, 702532.5 2406634, 702518.9 2406612, 702504 2406591, 702488.1 2406570, 702471.1 2406550, 702453.1 2406531, 702434.1 2406513, 702414.2 2406496, 702393.4 2406480, 702371.8 2406465, 702349.5 2406451, 702326.5 2406439, 702302.9 2406428, 702278.7 2406418, 702254 2406409, 702228.9 2406402, 702203.5 2406395, 702177.7 2406391, 702151.8 2406387, 702125.7 2406385, 702099.5 2406384, 702073.4 2406385, 702047.3 2406387, 702021.3 2406391, 701995.6 2406395, 701970.1 2406402, 701945 2406409, 701920.3 2406418, 701896.2 2406428, 701872.5 2406439, 701849.5 2406451, 701827.2 2406465, 701805.6 2406480, 701784.9 2406496, 701765 2406513, 701746 2406531, 701727.9 2406550, 701710.9 2406570, 701695 2406591, 701680.2 2406612, 701666.5 2406634, 701654 2406657, 701642.7 2406681, 701632.7 2406705, 701624 2406730, 701616.6 2406755, 701610.4 2406781, 701605.7 2406806, 701602.3 2406832, 701600.2 2406858, 701599.5 2406884, 701600.2 2406911, 701602.3 2406937, 701605.7 2406963, 701610.4 2406988, 701616.6 2407014, 701624 2407039, 701632.7 2407064, 701642.7 2407088, 701654 2407111, 701666.5 2407134, 701680.2 2407157, 701695 2407178, 701710.9 2407199, 701727.9 2407219, 701746 2407238, 701765 2407256, 701784.9 2407273, 701805.6 2407289, 701827.2 2407304, 701849.5 2407317, 701872.5 2407330, 701896.2 2407341, 701920.3 2407351, 701945 2407360, 701970.1 2407367, 701995.6 2407374, 702021.3 2407378, 702047.3 2407382, 702073.4 2407384, 702099.5 2407384, 702125.7 2407384, 702151.8 2407382, 702177.7 2407378, 702203.5 2407374, 702228.9 2407367, 702254 2407360, 702278.7 2407351, 702302.9 2407341, 702326.5 2407330, 702349.5 2407317, 702371.8 2407304, 702393.4 2407289, 702414.2 2407273, 702434.1 2407256, 702453.1 2407238, 702471.1 2407219, 702488.1 2407199, 702504 2407178, 702518.9 2407157, 702532.5 2407134, 702545 2407111, 702556.3 2407088, 702566.3 2407064, 702575 2407039, 702582.5 2407014, 702588.6 2406988, 702593.4 2406963, 702596.8 2406937, 702598.8 2406911, 702599.5 2406884))"
5,20260514,Forest,5040.869565217392,26.97585606017254,5.159214830970556,0,Hani,NA,NA,0,1,0,3615,971.5821912747327,1319.9165138382775,1567.9217529296875,9.280116081237793,227.3650110342817,22604.601860046387,127643.34869384766,0.1343900392083323,1,4,0,0,9909.17272567749,0.4383697083907478,0,1,-0.6773253578056002,-0.7356836002477667,8.525333878964574,3.294942245957513,1.6407844033746832,"POLYGON ((629977.9 2417506, 629977.2 2417479, 629975.2 2417453, 629971.8 2417427, 629967 2417402, 629960.9 2417376, 629953.4 2417351, 629944.7 2417326, 629934.7 2417302, 629923.4 2417279, 629910.9 2417256, 629897.2 2417233, 629882.4 2417212, 629866.5 2417191, 629849.5 2417171, 629831.5 2417152, 629812.5 2417134, 629792.6 2417117, 629771.8 2417101, 629750.2 2417086, 629727.9 2417073, 629704.9 2417060, 629681.3 2417049, 629657.1 2417039, 629632.4 2417030, 629607.3 2417023, 629581.9 2417016, 629556.1 2417012, 629530.2 2417008, 629504.1 2417006, 629477.9 2417006, 629451.7 2417006, 629425.6 2417008, 629399.7 2417012, 629374 2417016, 629348.5 2417023, 629323.4 2417030, 629298.7 2417039, 629274.5 2417049, 629250.9 2417060, 629227.9 2417073, 629205.6 2417086, 629184 2417101, 629163.2 2417117, 629143.3 2417134, 629124.4 2417152, 629106.3 2417171, 629089.3 2417191, 629073.4 2417212, 629058.6 2417233, 629044.9 2417256, 629032.4 2417279, 629021.1 2417302, 629011.1 2417326, 629002.4 2417351, 628994.9 2417376, 628988.8 2417402, 628984.1 2417427, 628980.6 2417453, 628978.6 2417479, 628977.9 2417506, 628978.6 2417532, 628980.6 2417558, 628984.1 2417584, 628988.8 2417609, 628994.9 2417635, 629002.4 2417660, 629011.1 2417685, 629021.1 2417709, 629032.4 2417733, 629044.9 2417756, 629058.6 2417778, 629073.4 2417799, 629089.3 2417820, 629106.3 2417840, 629124.4 2417859, 629143.3 2417877, 629163.2 2417894, 629184 2417910, 629205.6 2417925, 629227.9 2417939, 629250.9 2417951, 629274.5 2417962, 629298.7 2417972, 629323.4 2417981, 629348.5 2417988, 629374 2417995, 629399.7 2417999, 629425.6 2418003, 629451.7 2418005, 629477.9 2418006, 629504.1 2418005, 629530.2 2418003, 629556.1 2417999, 629581.9 2417995, 629607.3 2417988, 629632.4 2417981, 629657.1 2417972, 629681.3 2417962, 629704.9 2417951, 629727.9 2417939, 629750.2 2417925, 629771.8 2417910, 629792.6 2417894, 629812.5 2417877, 629831.5 2417859, 629849.5 2417840, 629866.5 2417820, 629882.4 2417799, 629897.2 2417778, 629910.9 2417756, 629923.4 2417733, 629934.7 2417709, 629944.7 2417685, 629953.4 2417660, 629960.9 2417635, 629967 2417609, 629971.8 2417584, 629975.2 2417558, 629977.2 2417532, 629977.9 2417506))"
5,20260514,Forest,8196.42857142857,29.790644225739026,0.5217557251908397,0,Hani,NA,NA,0,1,0,3683,41.7864666999387,158.34427395663596,1029.551513671875,17.279319763183594,126.24820267248872,6421.295070648193,259949.81689453125,0.14608937782677522,1,10,31.672080606222153,0.004932350913290928,0,0,0,1,-0.5912843504837917,0.8064631528302831,9.011453798307533,3.3941943920616544,-0.650555760031193,"POLYGON ((709441.5 2409453, 709440.8 2409427, 709438.8 2409400, 709435.4 2409375, 709430.6 2409349, 709424.5 2409323, 709417 2409298, 709408.3 2409274, 709398.3 2409249, 709387 2409226, 709374.5 2409203, 709360.9 2409180, 709346 2409159, 709330.1 2409138, 709313.1 2409118, 709295.1 2409099, 709276.1 2409081, 709256.2 2409064, 709235.4 2409048, 709213.8 2409033, 709191.5 2409020, 709168.5 2409007, 709144.9 2408996, 709120.7 2408986, 709096 2408977, 709070.9 2408970, 709045.5 2408964, 709019.7 2408959, 708993.8 2408955, 708967.7 2408953, 708941.5 2408953, 708915.3 2408953, 708889.3 2408955, 708863.3 2408959, 708837.6 2408964, 708812.1 2408970, 708787 2408977, 708762.3 2408986, 708738.1 2408996, 708714.5 2409007, 708691.5 2409020, 708669.2 2409033, 708647.6 2409048, 708626.9 2409064, 708606.9 2409081, 708588 2409099, 708569.9 2409118, 708552.9 2409138, 708537 2409159, 708522.2 2409180, 708508.5 2409203, 708496 2409226, 708484.7 2409249, 708474.7 2409274, 708466 2409298, 708458.6 2409323, 708452.4 2409349, 708447.7 2409375, 708444.3 2409400, 708442.2 2409427, 708441.5 2409453, 708442.2 2409479, 708444.3 2409505, 708447.7 2409531, 708452.4 2409557, 708458.6 2409582, 708466 2409607, 708474.7 2409632, 708484.7 2409656, 708496 2409680, 708508.5 2409703, 708522.2 2409725, 708537 2409747, 708552.9 2409767, 708569.9 2409787, 708588 2409806, 708606.9 2409824, 708626.9 2409841, 708647.6 2409857, 708669.2 2409872, 708691.5 2409886, 708714.5 2409898, 708738.1 2409910, 708762.3 2409920, 708787 2409928, 708812.1 2409936, 708837.6 2409942, 708863.3 2409947, 708889.3 2409950, 708915.3 2409952, 708941.5 2409953, 708967.7 2409952, 708993.8 2409950, 709019.7 2409947, 709045.5 2409942, 709070.9 2409936, 709096 2409928, 709120.7 2409920, 709144.9 2409910, 709168.5 2409898, 709191.5 2409886, 709213.8 2409872, 709235.4 2409857, 709256.2 2409841, 709276.1 2409824, 709295.1 2409806, 709313.1 2409787, 709330.1 2409767, 709346 2409747, 709360.9 2409725, 709374.5 2409703, 709387 2409680, 709398.3 2409656, 709408.3 2409632, 709417 2409607, 709424.5 2409582, 709430.6 2409557, 709435.4 2409531, 709438.8 2409505, 709440.8 2409479, 709441.5 2409453))"
5,20260514,Forest,15755.348837209303,49.074946133371625,0.16021765417170497,0,Hani,NA,NA,0,1,0,3795,399.88235028856934,364.6932520572935,811.1602783203125,15.698507308959961,303.5322036227422,401624.560546875,341223.59619140625,0.0975094371573917,1,13,0,0,0,0,0,1,0.5524055913440148,-0.8335754690799564,9.664935195311495,3.8933486425230353,-1.8312220495974143,"POLYGON ((691042.5 2422720, 691041.8 2422694, 691039.8 2422667, 691036.3 2422641, 691031.6 2422616, 691025.5 2422590, 691018 2422565, 691009.3 2422541, 690999.3 2422516, 690988 2422493, 690975.5 2422470, 690961.8 2422447, 690947 2422426, 690931.1 2422405, 690914.1 2422385, 690896.1 2422366, 690877.1 2422348, 690857.2 2422331, 690836.4 2422315, 690814.8 2422300, 690792.5 2422287, 690769.5 2422274, 690745.9 2422263, 690721.7 2422253, 690697 2422244, 690671.9 2422237, 690646.5 2422231, 690620.7 2422226, 690594.8 2422222, 690568.7 2422220, 690542.5 2422220, 690516.3 2422220, 690490.2 2422222, 690464.3 2422226, 690438.5 2422231, 690413.1 2422237, 690388 2422244, 690363.3 2422253, 690339.1 2422263, 690315.5 2422274, 690292.5 2422287, 690270.2 2422300, 690248.6 2422315, 690227.8 2422331, 690207.9 2422348, 690188.9 2422366, 690170.9 2422385, 690153.9 2422405, 690138 2422426, 690123.2 2422447, 690109.5 2422470, 690097 2422493, 690085.7 2422516, 690075.7 2422541, 690067 2422565, 690059.5 2422590, 690053.4 2422616, 690048.7 2422641, 690045.2 2422667, 690043.2 2422694, 690042.5 2422720, 690043.2 2422746, 690045.2 2422772, 690048.7 2422798, 690053.4 2422824, 690059.5 2422849, 690067 2422874, 690075.7 2422899, 690085.7 2422923, 690097 2422947, 690109.5 2422970, 690123.2 2422992, 690138 2423014, 690153.9 2423034, 690170.9 2423054, 690188.9 2423073, 690207.9 2423091, 690227.8 2423108, 690248.6 2423124, 690270.2 2423139, 690292.5 2423153, 690315.5 2423165, 690339.1 2423176, 690363.3 2423186, 690388 2423195, 690413.1 2423203, 690438.5 2423209, 690464.3 2423214, 690490.2 2423217, 690516.3 2423219, 690542.5 2423220, 690568.7 2423219, 690594.8 2423217, 690620.7 2423214, 690646.5 2423209, 690671.9 2423203, 690697 2423195, 690721.7 2423186, 690745.9 2423176, 690769.5 2423165, 690792.5 2423153, 690814.8 2423139, 690836.4 2423124, 690857.2 2423108, 690877.1 2423091, 690896.1 2423073, 690914.1 2423054, 690931.1 2423034, 690947 2423014, 690961.8 2422992, 690975.5 2422970, 690988 2422947, 690999.3 2422923, 691009.3 2422899, 691018 2422874, 691025.5 2422849, 691031.6 2422824, 691036.3 2422798, 691039.8 2422772, 691041.8 2422746, 691042.5 2422720))"
5,20260514,Forest,2591.573353577529,41.89499305379046,0.6281028368794326,0,Hani,NA,NA,0,1,0,3812,285.91493514805995,2093.832217728585,855.94390869140625,13.456419944763184,46.077985574981724,785039.3371582031,0,0.10432679926145963,1,85,779639.3371582031,0.993121363803822,0,0,0,1,0.6936786302602435,0.7202846367376389,7.860020442680657,3.7351663222647935,-0.46505137292726917,"POLYGON ((668997.6 2404046, 668997 2404020, 668994.9 2403993, 668991.5 2403968, 668986.7 2403942, 668980.6 2403916, 668973.2 2403891, 668964.4 2403867, 668954.4 2403842, 668943.1 2403819, 668930.6 2403796, 668917 2403773, 668902.1 2403752, 668886.2 2403731, 668869.2 2403711, 668851.2 2403692, 668832.2 2403674, 668812.3 2403657, 668791.5 2403641, 668770 2403626, 668747.6 2403613, 668724.6 2403600, 668701 2403589, 668676.8 2403579, 668652.1 2403570, 668627 2403563, 668601.6 2403557, 668575.9 2403552, 668549.9 2403548, 668523.8 2403546, 668497.6 2403546, 668471.5 2403546, 668445.4 2403548, 668419.4 2403552, 668393.7 2403557, 668368.2 2403563, 668343.1 2403570, 668318.5 2403579, 668294.3 2403589, 668270.6 2403600, 668247.6 2403613, 668225.3 2403626, 668203.7 2403641, 668183 2403657, 668163.1 2403674, 668144.1 2403692, 668126.1 2403711, 668109.1 2403731, 668093.1 2403752, 668078.3 2403773, 668064.6 2403796, 668052.1 2403819, 668040.9 2403842, 668030.8 2403867, 668022.1 2403891, 668014.7 2403916, 668008.6 2403942, 668003.8 2403968, 668000.4 2403993, 667998.3 2404020, 667997.6 2404046, 667998.3 2404072, 668000.4 2404098, 668003.8 2404124, 668008.6 2404150, 668014.7 2404175, 668022.1 2404200, 668030.8 2404225, 668040.9 2404249, 668052.1 2404273, 668064.6 2404296, 668078.3 2404318, 668093.1 2404340, 668109.1 2404360, 668126.1 2404380, 668144.1 2404399, 668163.1 2404417, 668183 2404434, 668203.7 2404450, 668225.3 2404465, 668247.6 2404479, 668270.6 2404491, 668294.3 2404503, 668318.5 2404513, 668343.1 2404521, 668368.2 2404529, 668393.7 2404535, 668419.4 2404540, 668445.4 2404543, 668471.5 2404545, 668497.6 2404546, 668523.8 2404545, 668549.9 2404543, 668575.9 2404540, 668601.6 2404535, 668627 2404529, 668652.1 2404521, 668676.8 2404513, 668701 2404503, 668724.6 2404491, 668747.6 2404479, 668770 2404465, 668791.5 2404450, 668812.3 2404434, 668832.2 2404417, 668851.2 2404399, 668869.2 2404380, 668886.2 2404360, 668902.1 2404340, 668917 2404318, 668930.6 2404296, 668943.1 2404273, 668954.4 2404249, 668964.4 2404225, 668973.2 2404200, 668980.6 2404175, 668986.7 2404150, 668991.5 2404124, 668994.9 2404098, 668997 2404072, 668997.6 2404046))"
5,20260514,Forest,9725.563909774435,35.4184866616443,0.38167655786350146,0,Hani,NA,NA,0,1,0,3826,172.5219657141535,2049.78546950776,732.78070068359375,16.43172264099121,343.44748406887055,48029.18815612793,102572.29385375977,0.04830538464639355,1,112,5867.603015899658,0.12216744111572131,0,0,0,1,0.9585590105245319,-0.284894056347672,9.182513152386466,3.5672339059095797,-0.9631817361981481,"POLYGON ((692871.3 2423529, 692870.6 2423502, 692868.5 2423476, 692865.1 2423450, 692860.4 2423425, 692854.2 2423399, 692846.8 2423374, 692838.1 2423349, 692828.1 2423325, 692816.8 2423302, 692804.3 2423279, 692790.6 2423256, 692775.8 2423235, 692759.9 2423214, 692742.9 2423194, 692724.8 2423175, 692705.8 2423157, 692685.9 2423140, 692665.2 2423124, 692643.6 2423109, 692621.3 2423096, 692598.3 2423083, 692574.7 2423072, 692550.5 2423062, 692525.8 2423053, 692500.7 2423046, 692475.2 2423039, 692449.5 2423035, 692423.5 2423031, 692397.5 2423029, 692371.3 2423029, 692345.1 2423029, 692319 2423031, 692293.1 2423035, 692267.3 2423039, 692241.9 2423046, 692216.8 2423053, 692192.1 2423062, 692167.9 2423072, 692144.3 2423083, 692121.3 2423096, 692099 2423109, 692077.4 2423124, 692056.6 2423140, 692036.7 2423157, 692017.7 2423175, 691999.7 2423194, 691982.7 2423214, 691966.8 2423235, 691951.9 2423256, 691938.3 2423279, 691925.8 2423302, 691914.5 2423325, 691904.5 2423349, 691895.8 2423374, 691888.3 2423399, 691882.2 2423425, 691877.4 2423450, 691874 2423476, 691872 2423502, 691871.3 2423529, 691872 2423555, 691874 2423581, 691877.4 2423607, 691882.2 2423633, 691888.3 2423658, 691895.8 2423683, 691904.5 2423708, 691914.5 2423732, 691925.8 2423756, 691938.3 2423779, 691951.9 2423801, 691966.8 2423822, 691982.7 2423843, 691999.7 2423863, 692017.7 2423882, 692036.7 2423900, 692056.6 2423917, 692077.4 2423933, 692099 2423948, 692121.3 2423962, 692144.3 2423974, 692167.9 2423985, 692192.1 2423995, 692216.8 2424004, 692241.9 2424012, 692267.3 2424018, 692293.1 2424022, 692319 2424026, 692345.1 2424028, 692371.3 2424029, 692397.5 2424028, 692423.5 2424026, 692449.5 2424022, 692475.2 2424018, 692500.7 2424012, 692525.8 2424004, 692550.5 2423995, 692574.7 2423985, 692598.3 2423974, 692621.3 2423962, 692643.6 2423948, 692665.2 2423933, 692685.9 2423917, 692705.8 2423900, 692724.8 2423882, 692742.9 2423863, 692759.9 2423843, 692775.8 2423822, 692790.6 2423801, 692804.3 2423779, 692816.8 2423756, 692828.1 2423732, 692838.1 2423708, 692846.8 2423683, 692854.2 2423658, 692860.4 2423633, 692865.1 2423607, 692868.5 2423581, 692870.6 2423555, 692871.3 2423529))"
5,20260514,Forest,9611.842105263157,35.375788827246616,0.27491408934707906,0,Hani,NA,NA,0,1,0,3982,1175.9722505321574,1926.0677298326325,775.6090087890625,6.492567539215088,242.9404367261845,181001.84326171875,116307.60040283203,0.24121073789766614,1,86,111701.85012817383,0.6171310088077891,0,0,0,1,-0.454916522577602,-0.8905340855272762,9.17075116988656,3.5660276547182206,-1.2912966324976107,"POLYGON ((696272.1 2405463, 696271.4 2405436, 696269.3 2405410, 696265.9 2405384, 696261.2 2405359, 696255 2405333, 696247.6 2405308, 696238.9 2405283, 696228.9 2405259, 696217.6 2405236, 696205.1 2405213, 696191.4 2405190, 696176.6 2405169, 696160.7 2405148, 696143.7 2405128, 696125.6 2405109, 696106.6 2405091, 696086.7 2405074, 696066 2405058, 696044.4 2405043, 696022.1 2405030, 695999.1 2405017, 695975.4 2405006, 695951.3 2404996, 695926.6 2404987, 695901.5 2404980, 695876 2404974, 695850.3 2404969, 695824.3 2404965, 695798.2 2404963, 695772.1 2404963, 695745.9 2404963, 695719.8 2404965, 695693.9 2404969, 695668.1 2404974, 695642.7 2404980, 695617.6 2404987, 695592.9 2404996, 695568.7 2405006, 695545.1 2405017, 695522.1 2405030, 695499.8 2405043, 695478.2 2405058, 695457.4 2405074, 695437.5 2405091, 695418.5 2405109, 695400.5 2405128, 695383.5 2405148, 695367.6 2405169, 695352.7 2405190, 695339.1 2405213, 695326.6 2405236, 695315.3 2405259, 695305.3 2405283, 695296.6 2405308, 695289.1 2405333, 695283 2405359, 695278.2 2405384, 695274.8 2405410, 695272.8 2405436, 695272.1 2405463, 695272.8 2405489, 695274.8 2405515, 695278.2 2405541, 695283 2405567, 695289.1 2405592, 695296.6 2405617, 695305.3 2405642, 695315.3 2405666, 695326.6 2405690, 695339.1 2405713, 695352.7 2405735, 695367.6 2405756, 695383.5 2405777, 695400.5 2405797, 695418.5 2405816, 695437.5 2405834, 695457.4 2405851, 695478.2 2405867, 695499.8 2405882, 695522.1 2405896, 695545.1 2405908, 695568.7 2405919, 695592.9 2405929, 695617.6 2405938, 695642.7 2405946, 695668.1 2405952, 695693.9 2405956, 695719.8 2405960, 695745.9 2405962, 695772.1 2405963, 695798.2 2405962, 695824.3 2405960, 695850.3 2405956, 695876 2405952, 695901.5 2405946, 695926.6 2405938, 695951.3 2405929, 695975.4 2405919, 695999.1 2405908, 696022.1 2405896, 696044.4 2405882, 696066 2405867, 696086.7 2405851, 696106.6 2405834, 696125.6 2405816, 696143.7 2405797, 696160.7 2405777, 696176.6 2405756, 696191.4 2405735, 696205.1 2405713, 696217.6 2405690, 696228.9 2405666, 696238.9 2405642, 696247.6 2405617, 696255 2405592, 696261.2 2405567, 696265.9 2405541, 696269.3 2405515, 696271.4 2405489, 696272.1 2405463))"
5,20260514,Forest,5307.45872081989,36.630721511716736,0.5234012147195427,0,Hani,NA,NA,0,1,0,4030,103.34148307113126,1265.1548700404066,684.8302001953125,8.879678726196289,209.52600742675028,81855.05905151367,16777.527236938477,0.3507174909997565,1,91,2700,0.03298513288348878,0,0,0,1,-0.8701320877320056,-0.49281857706375204,8.576868416028539,3.6008872738862983,-0.6474069680642858,"POLYGON ((685663.1 2402237, 685662.4 2402211, 685660.4 2402185, 685657 2402159, 685652.2 2402133, 685646.1 2402108, 685638.6 2402082, 685629.9 2402058, 685619.9 2402034, 685608.6 2402010, 685596.1 2401987, 685582.4 2401965, 685567.6 2401943, 685551.7 2401922, 685534.7 2401902, 685516.7 2401883, 685497.7 2401865, 685477.8 2401848, 685457 2401832, 685435.4 2401818, 685413.1 2401804, 685390.1 2401792, 685366.5 2401780, 685342.3 2401770, 685317.6 2401761, 685292.5 2401754, 685267.1 2401748, 685241.3 2401743, 685215.4 2401740, 685189.3 2401738, 685163.1 2401737, 685136.9 2401738, 685110.8 2401740, 685084.9 2401743, 685059.2 2401748, 685033.7 2401754, 685008.6 2401761, 684983.9 2401770, 684959.7 2401780, 684936.1 2401792, 684913.1 2401804, 684890.8 2401818, 684869.2 2401832, 684848.4 2401848, 684828.5 2401865, 684809.6 2401883, 684791.5 2401902, 684774.5 2401922, 684758.6 2401943, 684743.8 2401965, 684730.1 2401987, 684717.6 2402010, 684706.3 2402034, 684696.3 2402058, 684687.6 2402082, 684680.1 2402108, 684674 2402133, 684669.3 2402159, 684665.8 2402185, 684663.8 2402211, 684663.1 2402237, 684663.8 2402263, 684665.8 2402289, 684669.3 2402315, 684674 2402341, 684680.1 2402366, 684687.6 2402392, 684696.3 2402416, 684706.3 2402440, 684717.6 2402464, 684730.1 2402487, 684743.8 2402509, 684758.6 2402531, 684774.5 2402552, 684791.5 2402572, 684809.6 2402591, 684828.5 2402609, 684848.4 2402626, 684869.2 2402642, 684890.8 2402656, 684913.1 2402670, 684936.1 2402683, 684959.7 2402694, 684983.9 2402704, 685008.6 2402713, 685033.7 2402720, 685059.2 2402726, 685084.9 2402731, 685110.8 2402734, 685136.9 2402736, 685163.1 2402737, 685189.3 2402736, 685215.4 2402734, 685241.3 2402731, 685267.1 2402726, 685292.5 2402720, 685317.6 2402713, 685342.3 2402704, 685366.5 2402694, 685390.1 2402683, 685413.1 2402670, 685435.4 2402656, 685457 2402642, 685477.8 2402626, 685497.7 2402609, 685516.7 2402591, 685534.7 2402572, 685551.7 2402552, 685567.6 2402531, 685582.4 2402509, 685596.1 2402487, 685608.6 2402464, 685619.9 2402440, 685629.9 2402416, 685638.6 2402392, 685646.1 2402366, 685652.2 2402341, 685657 2402315, 685660.4 2402289, 685662.4 2402263, 685663.1 2402237))"
5,20260514,Forest,8472.744360902256,27.219660257375487,0.31721384205856257,0,Hani,NA,NA,0,1,0,4095,143.27873973724616,332.86764251294784,578.58062744140625,11.539162635803223,196.87991955630463,4500,119602.71606445312,0.35821300518348337,1,36,4500,1,0,0,0,1,-0.9569154076496732,-0.29036684143107633,9.044609744717965,3.303939515785232,-1.1481791519057138,"POLYGON ((709902.5 2416971, 709901.9 2416945, 709899.8 2416919, 709896.4 2416893, 709891.6 2416867, 709885.5 2416842, 709878.1 2416817, 709869.3 2416792, 709859.3 2416768, 709848 2416744, 709835.6 2416721, 709821.9 2416699, 709807 2416677, 709791.1 2416657, 709774.1 2416637, 709756.1 2416618, 709737.1 2416600, 709717.2 2416583, 709696.4 2416567, 709674.9 2416552, 709652.5 2416538, 709629.5 2416526, 709605.9 2416515, 709581.7 2416505, 709557 2416496, 709531.9 2416488, 709506.5 2416482, 709480.8 2416478, 709454.8 2416474, 709428.7 2416472, 709402.5 2416471, 709376.4 2416472, 709350.3 2416474, 709324.3 2416478, 709298.6 2416482, 709273.1 2416488, 709248 2416496, 709223.4 2416505, 709199.2 2416515, 709175.5 2416526, 709152.5 2416538, 709130.2 2416552, 709108.6 2416567, 709087.9 2416583, 709068 2416600, 709049 2416618, 709031 2416637, 709014 2416657, 708998 2416677, 708983.2 2416699, 708969.5 2416721, 708957 2416744, 708945.8 2416768, 708935.7 2416792, 708927 2416817, 708919.6 2416842, 708913.5 2416867, 708908.7 2416893, 708905.3 2416919, 708903.2 2416945, 708902.5 2416971, 708903.2 2416998, 708905.3 2417024, 708908.7 2417050, 708913.5 2417075, 708919.6 2417101, 708927 2417126, 708935.7 2417151, 708945.8 2417175, 708957 2417198, 708969.5 2417221, 708983.2 2417244, 708998 2417265, 709014 2417286, 709031 2417306, 709049 2417325, 709068 2417343, 709087.9 2417360, 709108.6 2417376, 709130.2 2417391, 709152.5 2417404, 709175.5 2417417, 709199.2 2417428, 709223.4 2417438, 709248 2417447, 709273.1 2417454, 709298.6 2417460, 709324.3 2417465, 709350.3 2417469, 709376.4 2417471, 709402.5 2417471, 709428.7 2417471, 709454.8 2417469, 709480.8 2417465, 709506.5 2417460, 709531.9 2417454, 709557 2417447, 709581.7 2417438, 709605.9 2417428, 709629.5 2417417, 709652.5 2417404, 709674.9 2417391, 709696.4 2417376, 709717.2 2417360, 709737.1 2417343, 709756.1 2417325, 709774.1 2417306, 709791.1 2417286, 709807 2417265, 709821.9 2417244, 709835.6 2417221, 709848 2417198, 709859.3 2417175, 709869.3 2417151, 709878.1 2417126, 709885.5 2417101, 709891.6 2417075, 709896.4 2417050, 709899.8 2417024, 709901.9 2416998, 709902.5 2416971))"
5,20260514,Forest,3378.2501423420003,26.64581295076882,2.071001494768311,0,Hani,NA,NA,0,1,0,4349,981.2002936854934,1918.0506839651166,697.924072265625,13.574625015258789,332.82375519426216,34106.72950744629,40161.57302856445,0.0659391901698938,1,37,34103.4610748291,0.9999041704477566,0,0,0,1,0.8896058125463377,-0.4567291301020444,8.125113145053028,3.2826320257268775,0.7280323041748047,"POLYGON ((686025.8 2401206, 686025.1 2401180, 686023 2401154, 686019.6 2401128, 686014.8 2401102, 686008.7 2401077, 686001.3 2401052, 685992.6 2401027, 685982.5 2401003, 685971.3 2400979, 685958.8 2400956, 685945.1 2400934, 685930.3 2400912, 685914.3 2400891, 685897.3 2400871, 685879.3 2400853, 685860.3 2400834, 685840.4 2400817, 685819.7 2400802, 685798.1 2400787, 685775.8 2400773, 685752.8 2400761, 685729.1 2400749, 685705 2400739, 685680.3 2400731, 685655.2 2400723, 685629.7 2400717, 685604 2400712, 685578 2400709, 685551.9 2400707, 685525.8 2400706, 685499.6 2400707, 685473.5 2400709, 685447.6 2400712, 685421.8 2400717, 685396.4 2400723, 685371.3 2400731, 685346.6 2400739, 685322.4 2400749, 685298.8 2400761, 685275.8 2400773, 685253.5 2400787, 685231.9 2400802, 685211.1 2400817, 685191.2 2400834, 685172.2 2400853, 685154.2 2400871, 685137.2 2400891, 685121.3 2400912, 685106.4 2400934, 685092.8 2400956, 685080.3 2400979, 685069 2401003, 685059 2401027, 685050.2 2401052, 685042.8 2401077, 685036.7 2401102, 685031.9 2401128, 685028.5 2401154, 685026.5 2401180, 685025.8 2401206, 685026.5 2401232, 685028.5 2401258, 685031.9 2401284, 685036.7 2401310, 685042.8 2401335, 685050.2 2401361, 685059 2401385, 685069 2401409, 685080.3 2401433, 685092.8 2401456, 685106.4 2401478, 685121.3 2401500, 685137.2 2401521, 685154.2 2401541, 685172.2 2401560, 685191.2 2401578, 685211.1 2401595, 685231.9 2401611, 685253.5 2401625, 685275.8 2401639, 685298.8 2401652, 685322.4 2401663, 685346.6 2401673, 685371.3 2401682, 685396.4 2401689, 685421.8 2401695, 685447.6 2401700, 685473.5 2401703, 685499.6 2401705, 685525.8 2401706, 685551.9 2401705, 685578 2401703, 685604 2401700, 685629.7 2401695, 685655.2 2401689, 685680.3 2401682, 685705 2401673, 685729.1 2401663, 685752.8 2401652, 685775.8 2401639, 685798.1 2401625, 685819.7 2401611, 685840.4 2401595, 685860.3 2401578, 685879.3 2401560, 685897.3 2401541, 685914.3 2401521, 685930.3 2401500, 685945.1 2401478, 685958.8 2401456, 685971.3 2401433, 685982.5 2401409, 685992.6 2401385, 686001.3 2401361, 686008.7 2401335, 686014.8 2401310, 686019.6 2401284, 686023 2401258, 686025.1 2401232, 686025.8 2401206))"
5,20260514,Forest,9611.842105263157,35.375788827246616,0.27491408934707906,0,Hani,NA,NA,0,1,0,4381,677.3188548066735,1326.8738229875817,634.9146728515625,9.721197128295898,137.20191071762588,11266.788482666016,444003.08532714844,0.3310708895882309,1,55,11266.788482666016,1,0,0,0,1,-0.7337525223165976,0.6794168352300602,9.17075116988656,3.5660276547182206,-1.2912966324976107,"POLYGON ((697873.8 2400711, 697873.1 2400685, 697871 2400659, 697867.6 2400633, 697862.9 2400607, 697856.8 2400582, 697849.3 2400557, 697840.6 2400532, 697830.6 2400508, 697819.3 2400484, 697806.8 2400461, 697793.1 2400439, 697778.3 2400418, 697762.4 2400397, 697745.4 2400377, 697727.3 2400358, 697708.4 2400340, 697688.4 2400323, 697667.7 2400307, 697646.1 2400292, 697623.8 2400278, 697600.8 2400266, 697577.2 2400255, 697553 2400245, 697528.3 2400236, 697503.2 2400228, 697477.7 2400222, 697452 2400218, 697426.1 2400214, 697400 2400212, 697373.8 2400211, 697347.6 2400212, 697321.5 2400214, 697295.6 2400218, 697269.8 2400222, 697244.4 2400228, 697219.3 2400236, 697194.6 2400245, 697170.4 2400255, 697146.8 2400266, 697123.8 2400278, 697101.5 2400292, 697079.9 2400307, 697059.1 2400323, 697039.2 2400340, 697020.2 2400358, 697002.2 2400377, 696985.2 2400397, 696969.3 2400418, 696954.5 2400439, 696940.8 2400461, 696928.3 2400484, 696917 2400508, 696907 2400532, 696898.3 2400557, 696890.8 2400582, 696884.7 2400607, 696879.9 2400633, 696876.5 2400659, 696874.5 2400685, 696873.8 2400711, 696874.5 2400738, 696876.5 2400764, 696879.9 2400790, 696884.7 2400815, 696890.8 2400841, 696898.3 2400866, 696907 2400891, 696917 2400915, 696928.3 2400938, 696940.8 2400961, 696954.5 2400984, 696969.3 2401005, 696985.2 2401026, 697002.2 2401046, 697020.2 2401065, 697039.2 2401083, 697059.1 2401100, 697079.9 2401116, 697101.5 2401131, 697123.8 2401144, 697146.8 2401157, 697170.4 2401168, 697194.6 2401178, 697219.3 2401187, 697244.4 2401194, 697269.8 2401201, 697295.6 2401205, 697321.5 2401209, 697347.6 2401211, 697373.8 2401211, 697400 2401211, 697426.1 2401209, 697452 2401205, 697477.7 2401201, 697503.2 2401194, 697528.3 2401187, 697553 2401178, 697577.2 2401168, 697600.8 2401157, 697623.8 2401144, 697646.1 2401131, 697667.7 2401116, 697688.4 2401100, 697708.4 2401083, 697727.3 2401065, 697745.4 2401046, 697762.4 2401026, 697778.3 2401005, 697793.1 2400984, 697806.8 2400961, 697819.3 2400938, 697830.6 2400915, 697840.6 2400891, 697849.3 2400866, 697856.8 2400841, 697862.9 2400815, 697867.6 2400790, 697871 2400764, 697873.1 2400738, 697873.8 2400711))"
5,20260514,Forest,5351.11026760296,13.711033575247699,0.13435474366529168,0,Hani,NA,NA,0,1,0,4507,504.82226694425486,498.2760459835578,813.735107421875,14.11064624786377,171.2447714505189,276719.59533691406,58338.844299316406,0.196824751096659,1,2,276719.59533691406,1,0,0,0,1,-0.9883476242714696,0.1522135788848743,8.585059345014134,2.6182008791533518,-2.0072716362797856,"POLYGON ((678006.6 2408836, 678005.9 2408809, 678003.8 2408783, 678000.4 2408757, 677995.6 2408732, 677989.5 2408706, 677982.1 2408681, 677973.4 2408656, 677963.3 2408632, 677952.1 2408609, 677939.6 2408586, 677925.9 2408563, 677911.1 2408542, 677895.1 2408521, 677878.1 2408501, 677860.1 2408482, 677841.1 2408464, 677821.2 2408447, 677800.5 2408431, 677778.9 2408416, 677756.6 2408403, 677733.6 2408390, 677709.9 2408379, 677685.8 2408369, 677661.1 2408360, 677636 2408353, 677610.5 2408347, 677584.8 2408342, 677558.8 2408338, 677532.7 2408336, 677506.6 2408336, 677480.4 2408336, 677454.3 2408338, 677428.4 2408342, 677402.6 2408347, 677377.2 2408353, 677352.1 2408360, 677327.4 2408369, 677303.2 2408379, 677279.6 2408390, 677256.6 2408403, 677234.2 2408416, 677212.7 2408431, 677191.9 2408447, 677172 2408464, 677153 2408482, 677135 2408501, 677118 2408521, 677102.1 2408542, 677087.2 2408563, 677073.6 2408586, 677061.1 2408609, 677049.8 2408632, 677039.8 2408656, 677031 2408681, 677023.6 2408706, 677017.5 2408732, 677012.7 2408757, 677009.3 2408783, 677007.3 2408809, 677006.6 2408836, 677007.3 2408862, 677009.3 2408888, 677012.7 2408914, 677017.5 2408940, 677023.6 2408965, 677031 2408990, 677039.8 2409015, 677049.8 2409039, 677061.1 2409063, 677073.6 2409086, 677087.2 2409108, 677102.1 2409130, 677118 2409150, 677135 2409170, 677153 2409189, 677172 2409207, 677191.9 2409224, 677212.7 2409240, 677234.2 2409255, 677256.6 2409269, 677279.6 2409281, 677303.2 2409292, 677327.4 2409302, 677352.1 2409311, 677377.2 2409319, 677402.6 2409325, 677428.4 2409329, 677454.3 2409333, 677480.4 2409335, 677506.6 2409336, 677532.7 2409335, 677558.8 2409333, 677584.8 2409329, 677610.5 2409325, 677636 2409319, 677661.1 2409311, 677685.8 2409302, 677709.9 2409292, 677733.6 2409281, 677756.6 2409269, 677778.9 2409255, 677800.5 2409240, 677821.2 2409224, 677841.1 2409207, 677860.1 2409189, 677878.1 2409170, 677895.1 2409150, 677911.1 2409130, 677925.9 2409108, 677939.6 2409086, 677952.1 2409063, 677963.3 2409039, 677973.4 2409015, 677982.1 2408990, 677989.5 2408965, 677995.6 2408940, 678000.4 2408914, 678003.8 2408888, 678005.9 2408862, 678006.6 2408836))"
5,20260514,Forest,2715.8853672423606,19.408732153463,0.688783570300158,0,Hani,NA,NA,0,1,0,4540,258.3808705208126,821.9927970873463,1052.1259765625,14.90283489227295,145.64532695709423,588082.1044921875,196957.23266601562,0.1517949295510467,1,56,380129.7821044922,0.6463889637191674,81680.5549621582,0.1388931143087407,0,1,-0.8255601880530059,0.5643140755836998,7.906873281323348,2.9657230758029596,-0.3728281787951418,"POLYGON ((667054.1 2395887, 667053.4 2395860, 667051.3 2395834, 667047.9 2395808, 667043.1 2395783, 667037 2395757, 667029.6 2395732, 667020.8 2395707, 667010.8 2395683, 666999.6 2395660, 666987.1 2395637, 666973.4 2395614, 666958.6 2395593, 666942.6 2395572, 666925.6 2395552, 666907.6 2395533, 666888.6 2395515, 666868.7 2395498, 666847.9 2395482, 666826.4 2395467, 666804.1 2395454, 666781 2395441, 666757.4 2395430, 666733.2 2395420, 666708.6 2395411, 666683.5 2395404, 666658 2395397, 666632.3 2395393, 666606.3 2395389, 666580.2 2395387, 666554.1 2395387, 666527.9 2395387, 666501.8 2395389, 666475.8 2395393, 666450.1 2395397, 666424.6 2395404, 666399.5 2395411, 666374.9 2395420, 666350.7 2395430, 666327.1 2395441, 666304.1 2395454, 666281.7 2395467, 666260.2 2395482, 666239.4 2395498, 666219.5 2395515, 666200.5 2395533, 666182.5 2395552, 666165.5 2395572, 666149.5 2395593, 666134.7 2395614, 666121 2395637, 666108.5 2395660, 666097.3 2395683, 666087.3 2395707, 666078.5 2395732, 666071.1 2395757, 666065 2395783, 666060.2 2395808, 666056.8 2395834, 666054.7 2395860, 666054.1 2395887, 666054.7 2395913, 666056.8 2395939, 666060.2 2395965, 666065 2395990, 666071.1 2396016, 666078.5 2396041, 666087.3 2396066, 666097.3 2396090, 666108.5 2396114, 666121 2396137, 666134.7 2396159, 666149.5 2396180, 666165.5 2396201, 666182.5 2396221, 666200.5 2396240, 666219.5 2396258, 666239.4 2396275, 666260.2 2396291, 666281.7 2396306, 666304.1 2396320, 666327.1 2396332, 666350.7 2396343, 666374.9 2396353, 666399.5 2396362, 666424.6 2396369, 666450.1 2396376, 666475.8 2396380, 666501.8 2396384, 666527.9 2396386, 666554.1 2396387, 666580.2 2396386, 666606.3 2396384, 666632.3 2396380, 666658 2396376, 666683.5 2396369, 666708.6 2396362, 666733.2 2396353, 666757.4 2396343, 666781 2396332, 666804.1 2396320, 666826.4 2396306, 666847.9 2396291, 666868.7 2396275, 666888.6 2396258, 666907.6 2396240, 666925.6 2396221, 666942.6 2396201, 666958.6 2396180, 666973.4 2396159, 666987.1 2396137, 666999.6 2396114, 667010.8 2396090, 667020.8 2396066, 667029.6 2396041, 667037 2396016, 667043.1 2395990, 667047.9 2395965, 667051.3 2395939, 667053.4 2395913, 667054.1 2395887))"
5,20260514,Forest,9611.842105263157,35.375788827246616,0.27491408934707906,0,Hani,NA,NA,0,1,0,4732,415.3755020749387,1394.4169511630425,691.33062744140625,10.450116157531738,157.7613702456865,89471.48895263672,695567.83447265625,0.2930753235819772,1,18,89471.48895263672,1,0,0,0,1,-0.9256156279380249,0.3784649380284731,9.17075116988656,3.5660276547182206,-1.2912966324976107,"POLYGON ((700422.6 2401603, 700421.9 2401577, 700419.9 2401551, 700416.5 2401525, 700411.7 2401499, 700405.6 2401474, 700398.2 2401449, 700389.4 2401424, 700379.4 2401400, 700368.1 2401376, 700355.6 2401353, 700342 2401331, 700327.1 2401309, 700311.2 2401289, 700294.2 2401269, 700276.2 2401250, 700257.2 2401232, 700237.3 2401215, 700216.5 2401199, 700194.9 2401184, 700172.6 2401170, 700149.6 2401158, 700126 2401147, 700101.8 2401137, 700077.1 2401128, 700052 2401120, 700026.6 2401114, 700000.8 2401110, 699974.9 2401106, 699948.8 2401104, 699922.6 2401103, 699896.5 2401104, 699870.4 2401106, 699844.4 2401110, 699818.7 2401114, 699793.2 2401120, 699768.1 2401128, 699743.4 2401137, 699719.3 2401147, 699695.6 2401158, 699672.6 2401170, 699650.3 2401184, 699628.7 2401199, 699608 2401215, 699588.1 2401232, 699569.1 2401250, 699551.1 2401269, 699534.1 2401289, 699518.1 2401309, 699503.3 2401331, 699489.6 2401353, 699477.1 2401376, 699465.9 2401400, 699455.8 2401424, 699447.1 2401449, 699439.7 2401474, 699433.6 2401499, 699428.8 2401525, 699425.4 2401551, 699423.3 2401577, 699422.6 2401603, 699423.3 2401630, 699425.4 2401656, 699428.8 2401682, 699433.6 2401707, 699439.7 2401733, 699447.1 2401758, 699455.8 2401783, 699465.9 2401807, 699477.1 2401830, 699489.6 2401853, 699503.3 2401876, 699518.1 2401897, 699534.1 2401918, 699551.1 2401938, 699569.1 2401957, 699588.1 2401975, 699608 2401992, 699628.7 2402008, 699650.3 2402023, 699672.6 2402036, 699695.6 2402049, 699719.3 2402060, 699743.4 2402070, 699768.1 2402079, 699793.2 2402086, 699818.7 2402092, 699844.4 2402097, 699870.4 2402101, 699896.5 2402103, 699922.6 2402103, 699948.8 2402103, 699974.9 2402101, 700000.8 2402097, 700026.6 2402092, 700052 2402086, 700077.1 2402079, 700101.8 2402070, 700126 2402060, 700149.6 2402049, 700172.6 2402036, 700194.9 2402023, 700216.5 2402008, 700237.3 2401992, 700257.2 2401975, 700276.2 2401957, 700294.2 2401938, 700311.2 2401918, 700327.1 2401897, 700342 2401876, 700355.6 2401853, 700368.1 2401830, 700379.4 2401807, 700389.4 2401783, 700398.2 2401758, 700405.6 2401733, 700411.7 2401707, 700416.5 2401682, 700419.9 2401656, 700421.9 2401630, 700422.6 2401603))"
5,20260514,Forest,7221.484152590624,50.11014177252991,0.7464285714285714,0,Hani,NA,NA,0,1,0,4962,324.77843585536084,1665.9312359422586,772.76068115234375,11.40829086303711,325.34171191906256,169733.38623046875,900,0.13440226707794686,1,84,85562.4984741211,0.5040994018580525,0,0,0,1,0.8225582644972148,-0.5686808432744416,8.884815772062684,3.9142234181939313,-0.2924553512044386,"POLYGON ((678840.7 2386900, 678840 2386874, 678838 2386848, 678834.6 2386822, 678829.8 2386796, 678823.7 2386770, 678816.2 2386745, 678807.5 2386721, 678797.5 2386696, 678786.2 2386673, 678773.7 2386650, 678760 2386627, 678745.2 2386606, 678729.3 2386585, 678712.3 2386565, 678694.3 2386546, 678675.3 2386528, 678655.4 2386511, 678634.6 2386495, 678613 2386480, 678590.7 2386467, 678567.7 2386454, 678544.1 2386443, 678519.9 2386433, 678495.2 2386424, 678470.1 2386417, 678444.7 2386411, 678418.9 2386406, 678393 2386403, 678366.9 2386400, 678340.7 2386400, 678314.5 2386400, 678288.4 2386403, 678262.5 2386406, 678236.8 2386411, 678211.3 2386417, 678186.2 2386424, 678161.5 2386433, 678137.3 2386443, 678113.7 2386454, 678090.7 2386467, 678068.4 2386480, 678046.8 2386495, 678026.1 2386511, 678006.1 2386528, 677987.2 2386546, 677969.1 2386565, 677952.1 2386585, 677936.2 2386606, 677921.4 2386627, 677907.7 2386650, 677895.2 2386673, 677883.9 2386696, 677873.9 2386721, 677865.2 2386745, 677857.7 2386770, 677851.6 2386796, 677846.9 2386822, 677843.4 2386848, 677841.4 2386874, 677840.7 2386900, 677841.4 2386926, 677843.4 2386952, 677846.9 2386978, 677851.6 2387004, 677857.7 2387029, 677865.2 2387054, 677873.9 2387079, 677883.9 2387103, 677895.2 2387127, 677907.7 2387150, 677921.4 2387172, 677936.2 2387194, 677952.1 2387214, 677969.1 2387234, 677987.2 2387253, 678006.1 2387271, 678026.1 2387288, 678046.8 2387304, 678068.4 2387319, 678090.7 2387333, 678113.7 2387345, 678137.3 2387357, 678161.5 2387367, 678186.2 2387375, 678211.3 2387383, 678236.8 2387389, 678262.5 2387394, 678288.4 2387397, 678314.5 2387399, 678340.7 2387400, 678366.9 2387399, 678393 2387397, 678418.9 2387394, 678444.7 2387389, 678470.1 2387383, 678495.2 2387375, 678519.9 2387367, 678544.1 2387357, 678567.7 2387345, 678590.7 2387333, 678613 2387319, 678634.6 2387304, 678655.4 2387288, 678675.3 2387271, 678694.3 2387253, 678712.3 2387234, 678729.3 2387214, 678745.2 2387194, 678760 2387172, 678773.7 2387150, 678786.2 2387127, 678797.5 2387103, 678807.5 2387079, 678816.2 2387054, 678823.7 2387029, 678829.8 2387004, 678834.6 2386978, 678838 2386952, 678840 2386926, 678840.7 2386900))"
5,20260514,Forest,5307.45872081989,36.630721511716736,0.5234012147195427,0,Hani,NA,NA,0,1,0,5033,121.98279627222657,1387.3237377943678,842.2413330078125,14.969080924987793,89.83795956119602,105710.1676940918,588659.326171875,0.13834692841124363,1,34,10889.404678344727,0.10301189484304774,0,0,0,1,0.002828135408422954,0.9999960008170591,8.576868416028539,3.6008872738862983,-0.6474069680642858,"POLYGON ((693009.7 2402514, 693009 2402488, 693007 2402462, 693003.6 2402436, 692998.8 2402410, 692992.7 2402385, 692985.3 2402359, 692976.5 2402335, 692966.5 2402311, 692955.2 2402287, 692942.7 2402264, 692929.1 2402242, 692914.2 2402220, 692898.3 2402199, 692881.3 2402179, 692863.3 2402160, 692844.3 2402142, 692824.4 2402125, 692803.6 2402109, 692782 2402095, 692759.7 2402081, 692736.7 2402068, 692713.1 2402057, 692688.9 2402047, 692664.2 2402038, 692639.1 2402031, 692613.7 2402025, 692587.9 2402020, 692562 2402017, 692535.9 2402015, 692509.7 2402014, 692483.6 2402015, 692457.5 2402017, 692431.5 2402020, 692405.8 2402025, 692380.3 2402031, 692355.2 2402038, 692330.5 2402047, 692306.4 2402057, 692282.7 2402068, 692259.7 2402081, 692237.4 2402095, 692215.8 2402109, 692195.1 2402125, 692175.2 2402142, 692156.2 2402160, 692138.2 2402179, 692121.2 2402199, 692105.2 2402220, 692090.4 2402242, 692076.7 2402264, 692064.2 2402287, 692053 2402311, 692042.9 2402335, 692034.2 2402359, 692026.8 2402385, 692020.7 2402410, 692015.9 2402436, 692012.5 2402462, 692010.4 2402488, 692009.7 2402514, 692010.4 2402540, 692012.5 2402566, 692015.9 2402592, 692020.7 2402618, 692026.8 2402643, 692034.2 2402668, 692042.9 2402693, 692053 2402717, 692064.2 2402741, 692076.7 2402764, 692090.4 2402786, 692105.2 2402808, 692121.2 2402829, 692138.2 2402849, 692156.2 2402868, 692175.2 2402886, 692195.1 2402903, 692215.8 2402918, 692237.4 2402933, 692259.7 2402947, 692282.7 2402959, 692306.4 2402971, 692330.5 2402981, 692355.2 2402989, 692380.3 2402997, 692405.8 2403003, 692431.5 2403008, 692457.5 2403011, 692483.6 2403013, 692509.7 2403014, 692535.9 2403013, 692562 2403011, 692587.9 2403008, 692613.7 2403003, 692639.1 2402997, 692664.2 2402989, 692688.9 2402981, 692713.1 2402971, 692736.7 2402959, 692759.7 2402947, 692782 2402933, 692803.6 2402918, 692824.4 2402903, 692844.3 2402886, 692863.3 2402868, 692881.3 2402849, 692898.3 2402829, 692914.2 2402808, 692929.1 2402786, 692942.7 2402764, 692955.2 2402741, 692966.5 2402717, 692976.5 2402693, 692985.3 2402668, 692992.7 2402643, 692998.8 2402618, 693003.6 2402592, 693007 2402566, 693009 2402540, 693009.7 2402514))"
5,20260514,Forest,8196.42857142857,29.790644225739026,0.5217557251908397,0,Hani,NA,NA,0,1,0,5089,1035.408054698229,1631.066590825992,693.01953125,12.294000625610352,136.45990134848356,90000,695039.3371582031,0.16802878442011368,1,79,52200,0.58,16200,0.18,0,1,-0.7248924460539785,0.6888620628644604,9.011453798307533,3.3941943920616544,-0.650555760031193,"POLYGON ((706205.8 2404334, 706205.1 2404308, 706203.1 2404282, 706199.6 2404256, 706194.9 2404230, 706188.8 2404205, 706181.3 2404180, 706172.6 2404155, 706162.6 2404131, 706151.3 2404107, 706138.8 2404084, 706125.1 2404062, 706110.3 2404040, 706094.4 2404020, 706077.4 2404000, 706059.3 2403981, 706040.4 2403963, 706020.5 2403946, 705999.7 2403930, 705978.1 2403915, 705955.8 2403901, 705932.8 2403889, 705909.2 2403877, 705885 2403867, 705860.3 2403859, 705835.2 2403851, 705809.7 2403845, 705784 2403840, 705758.1 2403837, 705732 2403835, 705705.8 2403834, 705679.6 2403835, 705653.5 2403837, 705627.6 2403840, 705601.8 2403845, 705576.4 2403851, 705551.3 2403859, 705526.6 2403867, 705502.4 2403877, 705478.8 2403889, 705455.8 2403901, 705433.5 2403915, 705411.9 2403930, 705391.1 2403946, 705371.2 2403963, 705352.2 2403981, 705334.2 2404000, 705317.2 2404020, 705301.3 2404040, 705286.5 2404062, 705272.8 2404084, 705260.3 2404107, 705249 2404131, 705239 2404155, 705230.3 2404180, 705222.8 2404205, 705216.7 2404230, 705211.9 2404256, 705208.5 2404282, 705206.5 2404308, 705205.8 2404334, 705206.5 2404360, 705208.5 2404386, 705211.9 2404412, 705216.7 2404438, 705222.8 2404464, 705230.3 2404489, 705239 2404513, 705249 2404538, 705260.3 2404561, 705272.8 2404584, 705286.5 2404607, 705301.3 2404628, 705317.2 2404649, 705334.2 2404669, 705352.2 2404688, 705371.2 2404706, 705391.1 2404723, 705411.9 2404739, 705433.5 2404754, 705455.8 2404767, 705478.8 2404780, 705502.4 2404791, 705526.6 2404801, 705551.3 2404810, 705576.4 2404817, 705601.8 2404823, 705627.6 2404828, 705653.5 2404831, 705679.6 2404834, 705705.8 2404834, 705732 2404834, 705758.1 2404831, 705784 2404828, 705809.7 2404823, 705835.2 2404817, 705860.3 2404810, 705885 2404801, 705909.2 2404791, 705932.8 2404780, 705955.8 2404767, 705978.1 2404754, 705999.7 2404739, 706020.5 2404723, 706040.4 2404706, 706059.3 2404688, 706077.4 2404669, 706094.4 2404649, 706110.3 2404628, 706125.1 2404607, 706138.8 2404584, 706151.3 2404561, 706162.6 2404538, 706172.6 2404513, 706181.3 2404489, 706188.8 2404464, 706194.9 2404438, 706199.6 2404412, 706203.1 2404386, 706205.1 2404360, 706205.8 2404334))"
5,20260514,Forest,8472.744360902256,27.219660257375487,0.31721384205856257,0,Hani,NA,NA,0,1,0,5186,108.37091235196722,123.92585188590509,934.16607666015625,11.256121635437012,111.7108714098905,21224.4873046875,707377.8625488281,0.3976238899062517,1,109,21224.4873046875,1,0,0,0,1,-0.3699230459935784,0.9290623983580613,9.044609744717965,3.303939515785232,-1.1481791519057138,"POLYGON ((704286.6 2413255, 704286 2413228, 704283.9 2413202, 704280.5 2413176, 704275.7 2413151, 704269.6 2413125, 704262.2 2413100, 704253.4 2413075, 704243.4 2413051, 704232.2 2413028, 704219.7 2413005, 704206 2412982, 704191.2 2412961, 704175.2 2412940, 704158.2 2412920, 704140.2 2412901, 704121.2 2412883, 704101.3 2412866, 704080.5 2412850, 704059 2412835, 704036.6 2412822, 704013.6 2412809, 703990 2412798, 703965.8 2412788, 703941.2 2412779, 703916.1 2412772, 703890.6 2412766, 703864.9 2412761, 703838.9 2412757, 703812.8 2412755, 703786.6 2412755, 703760.5 2412755, 703734.4 2412757, 703708.4 2412761, 703682.7 2412766, 703657.2 2412772, 703632.1 2412779, 703607.5 2412788, 703583.3 2412798, 703559.7 2412809, 703536.6 2412822, 703514.3 2412835, 703492.8 2412850, 703472 2412866, 703452.1 2412883, 703433.1 2412901, 703415.1 2412920, 703398.1 2412940, 703382.1 2412961, 703367.3 2412982, 703353.6 2413005, 703341.1 2413028, 703329.9 2413051, 703319.9 2413075, 703311.1 2413100, 703303.7 2413125, 703297.6 2413151, 703292.8 2413176, 703289.4 2413202, 703287.3 2413228, 703286.6 2413255, 703287.3 2413281, 703289.4 2413307, 703292.8 2413333, 703297.6 2413359, 703303.7 2413384, 703311.1 2413409, 703319.9 2413434, 703329.9 2413458, 703341.1 2413482, 703353.6 2413505, 703367.3 2413527, 703382.1 2413549, 703398.1 2413569, 703415.1 2413589, 703433.1 2413608, 703452.1 2413626, 703472 2413643, 703492.8 2413659, 703514.3 2413674, 703536.6 2413688, 703559.7 2413700, 703583.3 2413711, 703607.5 2413721, 703632.1 2413730, 703657.2 2413738, 703682.7 2413744, 703708.4 2413748, 703734.4 2413752, 703760.5 2413754, 703786.6 2413755, 703812.8 2413754, 703838.9 2413752, 703864.9 2413748, 703890.6 2413744, 703916.1 2413738, 703941.2 2413730, 703965.8 2413721, 703990 2413711, 704013.6 2413700, 704036.6 2413688, 704059 2413674, 704080.5 2413659, 704101.3 2413643, 704121.2 2413626, 704140.2 2413608, 704158.2 2413589, 704175.2 2413569, 704191.2 2413549, 704206 2413527, 704219.7 2413505, 704232.2 2413482, 704243.4 2413458, 704253.4 2413434, 704262.2 2413409, 704269.6 2413384, 704275.7 2413359, 704280.5 2413333, 704283.9 2413307, 704286 2413281, 704286.6 2413255))"
5,20260514,Forest,2715.8853672423606,19.408732153463,0.688783570300158,0,Hani,NA,NA,0,1,0,5197,746.1545380192397,826.4902850054417,941.9171142578125,14.558477401733398,155.67576521616266,411042.0135498047,264521.3104248047,0.14193608218234116,1,44,320733.3251953125,0.7802932902781001,52156.480407714844,0.12688844129894572,0,1,-0.9112291340965363,0.41189982419719073,7.906873281323348,2.9657230758029596,-0.3728281787951418,"POLYGON ((667861.9 2396432, 667861.2 2396406, 667859.1 2396380, 667855.7 2396354, 667850.9 2396328, 667844.8 2396303, 667837.4 2396278, 667828.7 2396253, 667818.6 2396229, 667807.4 2396205, 667794.9 2396182, 667781.2 2396160, 667766.4 2396138, 667750.4 2396118, 667733.4 2396098, 667715.4 2396079, 667696.4 2396061, 667676.5 2396044, 667655.8 2396028, 667634.2 2396013, 667611.9 2395999, 667588.9 2395987, 667565.2 2395976, 667541 2395966, 667516.4 2395957, 667491.3 2395949, 667465.8 2395943, 667440.1 2395939, 667414.1 2395935, 667388 2395933, 667361.9 2395932, 667335.7 2395933, 667309.6 2395935, 667283.6 2395939, 667257.9 2395943, 667232.5 2395949, 667207.4 2395957, 667182.7 2395966, 667158.5 2395976, 667134.9 2395987, 667111.9 2395999, 667089.5 2396013, 667068 2396028, 667047.2 2396044, 667027.3 2396061, 667008.3 2396079, 666990.3 2396098, 666973.3 2396118, 666957.4 2396138, 666942.5 2396160, 666928.8 2396182, 666916.4 2396205, 666905.1 2396229, 666895.1 2396253, 666886.3 2396278, 666878.9 2396303, 666872.8 2396328, 666868 2396354, 666864.6 2396380, 666862.5 2396406, 666861.9 2396432, 666862.5 2396459, 666864.6 2396485, 666868 2396511, 666872.8 2396536, 666878.9 2396562, 666886.3 2396587, 666895.1 2396612, 666905.1 2396636, 666916.4 2396659, 666928.8 2396682, 666942.5 2396705, 666957.4 2396726, 666973.3 2396747, 666990.3 2396767, 667008.3 2396786, 667027.3 2396804, 667047.2 2396821, 667068 2396837, 667089.5 2396852, 667111.9 2396865, 667134.9 2396878, 667158.5 2396889, 667182.7 2396899, 667207.4 2396908, 667232.5 2396915, 667257.9 2396921, 667283.6 2396926, 667309.6 2396930, 667335.7 2396932, 667361.9 2396932, 667388 2396932, 667414.1 2396930, 667440.1 2396926, 667465.8 2396921, 667491.3 2396915, 667516.4 2396908, 667541 2396899, 667565.2 2396889, 667588.9 2396878, 667611.9 2396865, 667634.2 2396852, 667655.8 2396837, 667676.5 2396821, 667696.4 2396804, 667715.4 2396786, 667733.4 2396767, 667750.4 2396747, 667766.4 2396726, 667781.2 2396705, 667794.9 2396682, 667807.4 2396659, 667818.6 2396636, 667828.7 2396612, 667837.4 2396587, 667844.8 2396562, 667850.9 2396536, 667855.7 2396511, 667859.1 2396485, 667861.2 2396459, 667861.9 2396432))"
5,20260514,Forest,8472.744360902256,27.219660257375487,0.31721384205856257,0,Hani,NA,NA,0,1,0,5338,754.3140220916483,1502.6901002826344,859.36639404296875,15.048907279968262,354.8945552424459,66600,718439.3371582031,0.06315533654615745,1,43,58500,0.8783783783783784,8100,0.12162162162162163,0,1,0.996032613382045,-0.08898894919782907,9.044609744717965,3.303939515785232,-1.1481791519057138,"POLYGON ((705987.5 2414215, 705986.8 2414189, 705984.8 2414163, 705981.4 2414137, 705976.6 2414111, 705970.5 2414086, 705963 2414061, 705954.3 2414036, 705944.3 2414012, 705933 2413988, 705920.5 2413965, 705906.9 2413943, 705892 2413921, 705876.1 2413901, 705859.1 2413881, 705841.1 2413862, 705822.1 2413844, 705802.2 2413827, 705781.4 2413811, 705759.8 2413796, 705737.5 2413782, 705714.5 2413770, 705690.9 2413758, 705666.7 2413748, 705642 2413740, 705616.9 2413732, 705591.5 2413726, 705565.7 2413721, 705539.8 2413718, 705513.7 2413716, 705487.5 2413715, 705461.3 2413716, 705435.3 2413718, 705409.3 2413721, 705383.6 2413726, 705358.1 2413732, 705333 2413740, 705308.3 2413748, 705284.1 2413758, 705260.5 2413770, 705237.5 2413782, 705215.2 2413796, 705193.6 2413811, 705172.9 2413827, 705153 2413844, 705134 2413862, 705115.9 2413881, 705098.9 2413901, 705083 2413921, 705068.2 2413943, 705054.5 2413965, 705042 2413988, 705030.7 2414012, 705020.7 2414036, 705012 2414061, 705004.6 2414086, 704998.4 2414111, 704993.7 2414137, 704990.3 2414163, 704988.2 2414189, 704987.5 2414215, 704988.2 2414241, 704990.3 2414268, 704993.7 2414293, 704998.4 2414319, 705004.6 2414345, 705012 2414370, 705020.7 2414394, 705030.7 2414419, 705042 2414442, 705054.5 2414465, 705068.2 2414488, 705083 2414509, 705098.9 2414530, 705115.9 2414550, 705134 2414569, 705153 2414587, 705172.9 2414604, 705193.6 2414620, 705215.2 2414635, 705237.5 2414648, 705260.5 2414661, 705284.1 2414672, 705308.3 2414682, 705333 2414691, 705358.1 2414698, 705383.6 2414704, 705409.3 2414709, 705435.3 2414713, 705461.3 2414715, 705487.5 2414715, 705513.7 2414715, 705539.8 2414713, 705565.7 2414709, 705591.5 2414704, 705616.9 2414698, 705642 2414691, 705666.7 2414682, 705690.9 2414672, 705714.5 2414661, 705737.5 2414648, 705759.8 2414635, 705781.4 2414620, 705802.2 2414604, 705822.1 2414587, 705841.1 2414569, 705859.1 2414550, 705876.1 2414530, 705892 2414509, 705906.9 2414488, 705920.5 2414465, 705933 2414442, 705944.3 2414419, 705954.3 2414394, 705963 2414370, 705970.5 2414345, 705976.6 2414319, 705981.4 2414293, 705984.8 2414268, 705986.8 2414241, 705987.5 2414215))"
5,20260514,Forest,11460.428923894477,26.137771089322833,1.935738444193912,0,Hani,NA,NA,0,1,0,5579,901.0764518277487,1084.9535240616644,1612.8101806640625,7.332764625549316,191.03809605863657,459574.1180419922,42417.26188659668,0.24791314507464998,1,73,0,0,124813.62762451172,0.2715854151149288,0,1,-0.9815000972543116,-0.19146163868978233,9.346655417482326,3.2633814363632463,0.6604888785878961,"POLYGON ((656032.9 2376818, 656032.2 2376792, 656030.2 2376766, 656026.7 2376740, 656022 2376714, 656015.9 2376689, 656008.4 2376664, 655999.7 2376639, 655989.7 2376615, 655978.4 2376591, 655965.9 2376568, 655952.2 2376546, 655937.4 2376524, 655921.5 2376503, 655904.5 2376484, 655886.5 2376465, 655867.5 2376446, 655847.6 2376429, 655826.8 2376414, 655805.2 2376399, 655782.9 2376385, 655759.9 2376373, 655736.3 2376361, 655712.1 2376351, 655687.4 2376343, 655662.3 2376335, 655636.9 2376329, 655611.1 2376324, 655585.2 2376321, 655559.1 2376319, 655532.9 2376318, 655506.7 2376319, 655480.6 2376321, 655454.7 2376324, 655428.9 2376329, 655403.5 2376335, 655378.4 2376343, 655353.7 2376351, 655329.5 2376361, 655305.9 2376373, 655282.9 2376385, 655260.6 2376399, 655239 2376414, 655218.2 2376429, 655198.3 2376446, 655179.3 2376465, 655161.3 2376484, 655144.3 2376503, 655128.4 2376524, 655113.6 2376546, 655099.9 2376568, 655087.4 2376591, 655076.1 2376615, 655066.1 2376639, 655057.4 2376664, 655049.9 2376689, 655043.8 2376714, 655039.1 2376740, 655035.6 2376766, 655033.6 2376792, 655032.9 2376818, 655033.6 2376844, 655035.6 2376870, 655039.1 2376896, 655043.8 2376922, 655049.9 2376947, 655057.4 2376973, 655066.1 2376997, 655076.1 2377021, 655087.4 2377045, 655099.9 2377068, 655113.6 2377090, 655128.4 2377112, 655144.3 2377133, 655161.3 2377153, 655179.3 2377172, 655198.3 2377190, 655218.2 2377207, 655239 2377223, 655260.6 2377237, 655282.9 2377251, 655305.9 2377264, 655329.5 2377275, 655353.7 2377285, 655378.4 2377294, 655403.5 2377301, 655428.9 2377307, 655454.7 2377312, 655480.6 2377315, 655506.7 2377317, 655532.9 2377318, 655559.1 2377317, 655585.2 2377315, 655611.1 2377312, 655636.9 2377307, 655662.3 2377301, 655687.4 2377294, 655712.1 2377285, 655736.3 2377275, 655759.9 2377264, 655782.9 2377251, 655805.2 2377237, 655826.8 2377223, 655847.6 2377207, 655867.5 2377190, 655886.5 2377172, 655904.5 2377153, 655921.5 2377133, 655937.4 2377112, 655952.2 2377090, 655965.9 2377068, 655978.4 2377045, 655989.7 2377021, 655999.7 2376997, 656008.4 2376973, 656015.9 2376947, 656022 2376922, 656026.7 2376896, 656030.2 2376870, 656032.2 2376844, 656032.9 2376818))"
5,20260514,Forest,8196.42857142857,29.790644225739026,0.5217557251908397,0,Hani,NA,NA,0,1,0,5706,30.995350295792722,2886.40996954227,672.97760009765625,8.181783676147461,217.1685877308351,35756.50177001953,749282.84912109375,0.21731115851570573,1,1,23680.70411682129,0.6622768711864498,0,0,0,1,-0.7968612682657654,-0.604162328466345,9.011453798307533,3.3941943920616544,-0.650555760031193,"POLYGON ((703509.4 2403389, 703508.8 2403363, 703506.7 2403337, 703503.3 2403311, 703498.5 2403285, 703492.4 2403260, 703485 2403235, 703476.2 2403210, 703466.2 2403186, 703454.9 2403162, 703442.5 2403139, 703428.8 2403117, 703413.9 2403095, 703398 2403074, 703381 2403055, 703363 2403036, 703344 2403018, 703324.1 2403001, 703303.3 2402985, 703281.8 2402970, 703259.4 2402956, 703236.4 2402944, 703212.8 2402932, 703188.6 2402922, 703163.9 2402914, 703138.8 2402906, 703113.4 2402900, 703087.7 2402895, 703061.7 2402892, 703035.6 2402890, 703009.4 2402889, 702983.3 2402890, 702957.2 2402892, 702931.2 2402895, 702905.5 2402900, 702880 2402906, 702854.9 2402914, 702830.3 2402922, 702806.1 2402932, 702782.4 2402944, 702759.4 2402956, 702737.1 2402970, 702715.5 2402985, 702694.8 2403001, 702674.9 2403018, 702655.9 2403036, 702637.9 2403055, 702620.9 2403074, 702604.9 2403095, 702590.1 2403117, 702576.4 2403139, 702563.9 2403162, 702552.7 2403186, 702542.6 2403210, 702533.9 2403235, 702526.5 2403260, 702520.4 2403285, 702515.6 2403311, 702512.2 2403337, 702510.1 2403363, 702509.4 2403389, 702510.1 2403415, 702512.2 2403441, 702515.6 2403467, 702520.4 2403493, 702526.5 2403519, 702533.9 2403544, 702542.6 2403568, 702552.7 2403592, 702563.9 2403616, 702576.4 2403639, 702590.1 2403661, 702604.9 2403683, 702620.9 2403704, 702637.9 2403724, 702655.9 2403743, 702674.9 2403761, 702694.8 2403778, 702715.5 2403794, 702737.1 2403808, 702759.4 2403822, 702782.4 2403835, 702806.1 2403846, 702830.3 2403856, 702854.9 2403865, 702880 2403872, 702905.5 2403878, 702931.2 2403883, 702957.2 2403886, 702983.3 2403888, 703009.4 2403889, 703035.6 2403888, 703061.7 2403886, 703087.7 2403883, 703113.4 2403878, 703138.8 2403872, 703163.9 2403865, 703188.6 2403856, 703212.8 2403846, 703236.4 2403835, 703259.4 2403822, 703281.8 2403808, 703303.3 2403794, 703324.1 2403778, 703344 2403761, 703363 2403743, 703381 2403724, 703398 2403704, 703413.9 2403683, 703428.8 2403661, 703442.5 2403639, 703454.9 2403616, 703466.2 2403592, 703476.2 2403568, 703485 2403544, 703492.4 2403519, 703498.5 2403493, 703503.3 2403467, 703506.7 2403441, 703508.8 2403415, 703509.4 2403389))"
5,20260514,Forest,9620.300751879699,41.51503560607066,0.2980101804720037,0,Hani,NA,NA,0,1,0,5963,609.3805568468533,1685.696201766453,714.1224365234375,8.737738609313965,241.91167247320502,32400,305841.71447753906,0.2277636136469577,1,51,25200,0.7777777777777778,0,0,0,1,-0.4708321618361467,-0.8822228037070344,9.171630806360227,3.726055665381232,-1.2106276304025323,"POLYGON ((700545.2 2404867, 700544.5 2404840, 700542.4 2404814, 700539 2404788, 700534.2 2404763, 700528.1 2404737, 700520.7 2404712, 700512 2404687, 700501.9 2404663, 700490.7 2404640, 700478.2 2404617, 700464.5 2404594, 700449.7 2404573, 700433.7 2404552, 700416.7 2404532, 700398.7 2404513, 700379.7 2404495, 700359.8 2404478, 700339.1 2404462, 700317.5 2404447, 700295.2 2404433, 700272.2 2404421, 700248.5 2404410, 700224.3 2404400, 700199.7 2404391, 700174.6 2404384, 700149.1 2404377, 700123.4 2404373, 700097.4 2404369, 700071.3 2404367, 700045.2 2404367, 700019 2404367, 699992.9 2404369, 699966.9 2404373, 699941.2 2404377, 699915.8 2404384, 699890.7 2404391, 699866 2404400, 699841.8 2404410, 699818.2 2404421, 699795.2 2404433, 699772.8 2404447, 699751.3 2404462, 699730.5 2404478, 699710.6 2404495, 699691.6 2404513, 699673.6 2404532, 699656.6 2404552, 699640.7 2404573, 699625.8 2404594, 699612.2 2404617, 699599.7 2404640, 699588.4 2404663, 699578.4 2404687, 699569.6 2404712, 699562.2 2404737, 699556.1 2404763, 699551.3 2404788, 699547.9 2404814, 699545.8 2404840, 699545.2 2404867, 699545.8 2404893, 699547.9 2404919, 699551.3 2404945, 699556.1 2404970, 699562.2 2404996, 699569.6 2405021, 699578.4 2405046, 699588.4 2405070, 699599.7 2405093, 699612.2 2405117, 699625.8 2405139, 699640.7 2405160, 699656.6 2405181, 699673.6 2405201, 699691.6 2405220, 699710.6 2405238, 699730.5 2405255, 699751.3 2405271, 699772.8 2405286, 699795.2 2405300, 699818.2 2405312, 699841.8 2405323, 699866 2405333, 699890.7 2405342, 699915.8 2405349, 699941.2 2405356, 699966.9 2405360, 699992.9 2405364, 700019 2405366, 700045.2 2405367, 700071.3 2405366, 700097.4 2405364, 700123.4 2405360, 700149.1 2405356, 700174.6 2405349, 700199.7 2405342, 700224.3 2405333, 700248.5 2405323, 700272.2 2405312, 700295.2 2405300, 700317.5 2405286, 700339.1 2405271, 700359.8 2405255, 700379.7 2405238, 700398.7 2405220, 700416.7 2405201, 700433.7 2405181, 700449.7 2405160, 700464.5 2405139, 700478.2 2405117, 700490.7 2405093, 700501.9 2405070, 700512 2405046, 700520.7 2405021, 700528.1 2404996, 700534.2 2404970, 700539 2404945, 700542.4 2404919, 700544.5 2404893, 700545.2 2404867))"
5,20260514,Forest,8196.42857142857,29.790644225739026,0.5217557251908397,0,Hani,NA,NA,0,1,0,6063,136.01323899664266,161.52970510665807,941.86029052734375,14.810245513916016,242.16522863256125,318682.3699951172,445733.4045410156,0.14907135641737446,1,64,217953.2730102539,0.6839200832276771,0,0,0,1,-0.4669233843667165,-0.8842977740170623,9.011453798307533,3.3941943920616544,-0.650555760031193,"POLYGON ((704654.7 2405868, 704654 2405842, 704652 2405816, 704648.6 2405790, 704643.8 2405764, 704637.7 2405739, 704630.3 2405714, 704621.5 2405689, 704611.5 2405665, 704600.2 2405641, 704587.7 2405618, 704574.1 2405596, 704559.2 2405574, 704543.3 2405554, 704526.3 2405534, 704508.3 2405515, 704489.3 2405497, 704469.4 2405480, 704448.6 2405464, 704427.1 2405449, 704404.7 2405435, 704381.7 2405423, 704358.1 2405411, 704333.9 2405401, 704309.2 2405393, 704284.1 2405385, 704258.7 2405379, 704233 2405374, 704207 2405371, 704180.9 2405369, 704154.7 2405368, 704128.6 2405369, 704102.5 2405371, 704076.5 2405374, 704050.8 2405379, 704025.3 2405385, 704000.2 2405393, 703975.6 2405401, 703951.4 2405411, 703927.7 2405423, 703904.7 2405435, 703882.4 2405449, 703860.8 2405464, 703840.1 2405480, 703820.2 2405497, 703801.2 2405515, 703783.2 2405534, 703766.2 2405554, 703750.2 2405574, 703735.4 2405596, 703721.7 2405618, 703709.2 2405641, 703698 2405665, 703687.9 2405689, 703679.2 2405714, 703671.8 2405739, 703665.7 2405764, 703660.9 2405790, 703657.5 2405816, 703655.4 2405842, 703654.7 2405868, 703655.4 2405894, 703657.5 2405921, 703660.9 2405946, 703665.7 2405972, 703671.8 2405998, 703679.2 2406023, 703687.9 2406047, 703698 2406072, 703709.2 2406095, 703721.7 2406118, 703735.4 2406141, 703750.2 2406162, 703766.2 2406183, 703783.2 2406203, 703801.2 2406222, 703820.2 2406240, 703840.1 2406257, 703860.8 2406273, 703882.4 2406288, 703904.7 2406301, 703927.7 2406314, 703951.4 2406325, 703975.6 2406335, 704000.2 2406344, 704025.3 2406351, 704050.8 2406357, 704076.5 2406362, 704102.5 2406366, 704128.6 2406368, 704154.7 2406368, 704180.9 2406368, 704207 2406366, 704233 2406362, 704258.7 2406357, 704284.1 2406351, 704309.2 2406344, 704333.9 2406335, 704358.1 2406325, 704381.7 2406314, 704404.7 2406301, 704427.1 2406288, 704448.6 2406273, 704469.4 2406257, 704489.3 2406240, 704508.3 2406222, 704526.3 2406203, 704543.3 2406183, 704559.2 2406162, 704574.1 2406141, 704587.7 2406118, 704600.2 2406095, 704611.5 2406072, 704621.5 2406047, 704630.3 2406023, 704637.7 2405998, 704643.8 2405972, 704648.6 2405946, 704652 2405921, 704654 2405894, 704654.7 2405868))"
5,20260514,Forest,9620.300751879699,41.51503560607066,0.2980101804720037,0,Hani,NA,NA,0,1,0,6108,671.7682381464315,674.8949415995436,753.2431640625,10.729119300842285,181.41613992665245,12026.129150390625,349023.8342285156,0.3009753829575134,1,76,12026.129150390625,1,0,0,0,1,-0.9996945676980893,-0.02471378795187874,9.171630806360227,3.726055665381232,-1.2106276304025323,"POLYGON ((701472 2406179, 701471.3 2406153, 701469.3 2406127, 701465.9 2406101, 701461.1 2406075, 701455 2406050, 701447.6 2406025, 701438.8 2406000, 701428.8 2405976, 701417.5 2405952, 701405 2405929, 701391.4 2405907, 701376.5 2405885, 701360.6 2405865, 701343.6 2405845, 701325.6 2405826, 701306.6 2405808, 701286.7 2405791, 701265.9 2405775, 701244.3 2405760, 701222 2405746, 701199 2405734, 701175.4 2405723, 701151.2 2405713, 701126.5 2405704, 701101.4 2405696, 701076 2405690, 701050.2 2405685, 701024.3 2405682, 700998.2 2405680, 700972 2405679, 700945.9 2405680, 700919.8 2405682, 700893.8 2405685, 700868.1 2405690, 700842.6 2405696, 700817.5 2405704, 700792.8 2405713, 700768.7 2405723, 700745 2405734, 700722 2405746, 700699.7 2405760, 700678.1 2405775, 700657.4 2405791, 700637.5 2405808, 700618.5 2405826, 700600.5 2405845, 700583.4 2405865, 700567.5 2405885, 700552.7 2405907, 700539 2405929, 700526.5 2405952, 700515.3 2405976, 700505.2 2406000, 700496.5 2406025, 700489.1 2406050, 700482.9 2406075, 700478.2 2406101, 700474.8 2406127, 700472.7 2406153, 700472 2406179, 700472.7 2406206, 700474.8 2406232, 700478.2 2406258, 700482.9 2406283, 700489.1 2406309, 700496.5 2406334, 700505.2 2406359, 700515.3 2406383, 700526.5 2406406, 700539 2406429, 700552.7 2406452, 700567.5 2406473, 700583.4 2406494, 700600.5 2406514, 700618.5 2406533, 700637.5 2406551, 700657.4 2406568, 700678.1 2406584, 700699.7 2406599, 700722 2406612, 700745 2406625, 700768.7 2406636, 700792.8 2406646, 700817.5 2406655, 700842.6 2406662, 700868.1 2406668, 700893.8 2406673, 700919.8 2406677, 700945.9 2406679, 700972 2406679, 700998.2 2406679, 701024.3 2406677, 701050.2 2406673, 701076 2406668, 701101.4 2406662, 701126.5 2406655, 701151.2 2406646, 701175.4 2406636, 701199 2406625, 701222 2406612, 701244.3 2406599, 701265.9 2406584, 701286.7 2406568, 701306.6 2406551, 701325.6 2406533, 701343.6 2406514, 701360.6 2406494, 701376.5 2406473, 701391.4 2406452, 701405 2406429, 701417.5 2406406, 701428.8 2406383, 701438.8 2406359, 701447.6 2406334, 701455 2406309, 701461.1 2406283, 701465.9 2406258, 701469.3 2406232, 701471.3 2406206, 701472 2406179))"
5,20260514,Forest,2715.8853672423606,19.408732153463,0.688783570300158,0,Hani,NA,NA,0,1,0,6213,133.04276041112456,452.47363556287405,1713.464111328125,10.425581932067871,22.860511314304564,785039.3371582031,0,0.19735670170547243,1,46,0,0,25464.382553100586,0.03243707843390393,0,1,0.9214533739367331,0.3884889698055932,7.906873281323348,2.9657230758029596,-0.3728281787951418,"POLYGON ((658694.5 2399372, 658693.9 2399346, 658691.8 2399320, 658688.4 2399294, 658683.6 2399269, 658677.5 2399243, 658670.1 2399218, 658661.3 2399193, 658651.3 2399169, 658640.1 2399145, 658627.6 2399122, 658613.9 2399100, 658599.1 2399079, 658583.1 2399058, 658566.1 2399038, 658548.1 2399019, 658529.1 2399001, 658509.2 2398984, 658488.4 2398968, 658466.9 2398953, 658444.5 2398939, 658421.5 2398927, 658397.9 2398916, 658373.7 2398906, 658349.1 2398897, 658324 2398890, 658298.5 2398883, 658272.8 2398879, 658246.8 2398875, 658220.7 2398873, 658194.5 2398872, 658168.4 2398873, 658142.3 2398875, 658116.3 2398879, 658090.6 2398883, 658065.1 2398890, 658040 2398897, 658015.4 2398906, 657991.2 2398916, 657967.6 2398927, 657944.5 2398939, 657922.2 2398953, 657900.7 2398968, 657879.9 2398984, 657860 2399001, 657841 2399019, 657823 2399038, 657806 2399058, 657790 2399079, 657775.2 2399100, 657761.5 2399122, 657749 2399145, 657737.8 2399169, 657727.8 2399193, 657719 2399218, 657711.6 2399243, 657705.5 2399269, 657700.7 2399294, 657697.3 2399320, 657695.2 2399346, 657694.5 2399372, 657695.2 2399399, 657697.3 2399425, 657700.7 2399451, 657705.5 2399476, 657711.6 2399502, 657719 2399527, 657727.8 2399552, 657737.8 2399576, 657749 2399599, 657761.5 2399622, 657775.2 2399645, 657790 2399666, 657806 2399687, 657823 2399707, 657841 2399726, 657860 2399744, 657879.9 2399761, 657900.7 2399777, 657922.2 2399792, 657944.5 2399806, 657967.6 2399818, 657991.2 2399829, 658015.4 2399839, 658040 2399848, 658065.1 2399855, 658090.6 2399862, 658116.3 2399866, 658142.3 2399870, 658168.4 2399872, 658194.5 2399872, 658220.7 2399872, 658246.8 2399870, 658272.8 2399866, 658298.5 2399862, 658324 2399855, 658349.1 2399848, 658373.7 2399839, 658397.9 2399829, 658421.5 2399818, 658444.5 2399806, 658466.9 2399792, 658488.4 2399777, 658509.2 2399761, 658529.1 2399744, 658548.1 2399726, 658566.1 2399707, 658583.1 2399687, 658599.1 2399666, 658613.9 2399645, 658627.6 2399622, 658640.1 2399599, 658651.3 2399576, 658661.3 2399552, 658670.1 2399527, 658677.5 2399502, 658683.6 2399476, 658688.4 2399451, 658691.8 2399425, 658693.9 2399399, 658694.5 2399372))"
5,20260514,Forest,5351.11026760296,13.711033575247699,0.13435474366529168,0,Hani,NA,NA,0,1,0,6222,220.7800571483961,1339.7916100683747,945.069091796875,15.416967391967773,95.26501477578661,740223.0285644531,44816.33605957031,0.11886845498878629,1,22,180841.5252685547,0.24430680793499301,0,0,0,1,-0.09176257344320504,0.9957809147172285,8.585059345014134,2.6182008791533518,-2.0072716362797856,"POLYGON ((690918.4 2404264, 690917.7 2404237, 690915.7 2404211, 690912.3 2404185, 690907.5 2404160, 690901.4 2404134, 690893.9 2404109, 690885.2 2404084, 690875.2 2404060, 690863.9 2404037, 690851.4 2404014, 690837.7 2403991, 690822.9 2403970, 690807 2403949, 690790 2403929, 690772 2403910, 690753 2403892, 690733.1 2403875, 690712.3 2403859, 690690.7 2403844, 690668.4 2403831, 690645.4 2403818, 690621.8 2403807, 690597.6 2403797, 690572.9 2403788, 690547.8 2403781, 690522.4 2403775, 690496.6 2403770, 690470.7 2403766, 690444.6 2403764, 690418.4 2403764, 690392.2 2403764, 690366.1 2403766, 690340.2 2403770, 690314.5 2403775, 690289 2403781, 690263.9 2403788, 690239.2 2403797, 690215 2403807, 690191.4 2403818, 690168.4 2403831, 690146.1 2403844, 690124.5 2403859, 690103.8 2403875, 690083.8 2403892, 690064.9 2403910, 690046.8 2403929, 690029.8 2403949, 690013.9 2403970, 689999.1 2403991, 689985.4 2404014, 689972.9 2404037, 689961.6 2404060, 689951.6 2404084, 689942.9 2404109, 689935.4 2404134, 689929.3 2404160, 689924.6 2404185, 689921.1 2404211, 689919.1 2404237, 689918.4 2404264, 689919.1 2404290, 689921.1 2404316, 689924.6 2404342, 689929.3 2404368, 689935.4 2404393, 689942.9 2404418, 689951.6 2404443, 689961.6 2404467, 689972.9 2404491, 689985.4 2404514, 689999.1 2404536, 690013.9 2404557, 690029.8 2404578, 690046.8 2404598, 690064.9 2404617, 690083.8 2404635, 690103.8 2404652, 690124.5 2404668, 690146.1 2404683, 690168.4 2404697, 690191.4 2404709, 690215 2404720, 690239.2 2404730, 690263.9 2404739, 690289 2404747, 690314.5 2404753, 690340.2 2404757, 690366.1 2404761, 690392.2 2404763, 690418.4 2404764, 690444.6 2404763, 690470.7 2404761, 690496.6 2404757, 690522.4 2404753, 690547.8 2404747, 690572.9 2404739, 690597.6 2404730, 690621.8 2404720, 690645.4 2404709, 690668.4 2404697, 690690.7 2404683, 690712.3 2404668, 690733.1 2404652, 690753 2404635, 690772 2404617, 690790 2404598, 690807 2404578, 690822.9 2404557, 690837.7 2404536, 690851.4 2404514, 690863.9 2404491, 690875.2 2404467, 690885.2 2404443, 690893.9 2404418, 690901.4 2404393, 690907.5 2404368, 690912.3 2404342, 690915.7 2404316, 690917.7 2404290, 690918.4 2404264))"
5,20260514,Forest,5351.11026760296,13.711033575247699,0.13435474366529168,0,Hani,NA,NA,0,1,0,6223,73.89634942053785,2885.6714407971645,759.02789306640625,11.849991798400879,41.81440955062597,5719.1455364227295,18020.244026184082,0.11266227252293029,1,50,5719.1455364227295,1,0,0,0,1,0.7453083471240548,0.6667199319858447,8.585059345014134,2.6182008791533518,-2.0072716362797856,"POLYGON ((685290.9 2407571, 685290.2 2407545, 685288.1 2407519, 685284.7 2407493, 685279.9 2407467, 685273.8 2407442, 685266.4 2407417, 685257.7 2407392, 685247.6 2407368, 685236.4 2407344, 685223.9 2407321, 685210.2 2407299, 685195.4 2407278, 685179.4 2407257, 685162.4 2407237, 685144.4 2407218, 685125.4 2407200, 685105.5 2407183, 685084.8 2407167, 685063.2 2407152, 685040.9 2407138, 685017.9 2407126, 684994.2 2407115, 684970 2407105, 684945.4 2407096, 684920.3 2407088, 684894.8 2407082, 684869.1 2407078, 684843.1 2407074, 684817 2407072, 684790.9 2407071, 684764.7 2407072, 684738.6 2407074, 684712.6 2407078, 684686.9 2407082, 684661.5 2407088, 684636.4 2407096, 684611.7 2407105, 684587.5 2407115, 684563.9 2407126, 684540.9 2407138, 684518.5 2407152, 684497 2407167, 684476.2 2407183, 684456.3 2407200, 684437.3 2407218, 684419.3 2407237, 684402.3 2407257, 684386.4 2407278, 684371.5 2407299, 684357.8 2407321, 684345.4 2407344, 684334.1 2407368, 684324.1 2407392, 684315.3 2407417, 684307.9 2407442, 684301.8 2407467, 684297 2407493, 684293.6 2407519, 684291.5 2407545, 684290.9 2407571, 684291.5 2407598, 684293.6 2407624, 684297 2407650, 684301.8 2407675, 684307.9 2407701, 684315.3 2407726, 684324.1 2407751, 684334.1 2407775, 684345.4 2407798, 684357.8 2407821, 684371.5 2407844, 684386.4 2407865, 684402.3 2407886, 684419.3 2407906, 684437.3 2407925, 684456.3 2407943, 684476.2 2407960, 684497 2407976, 684518.5 2407991, 684540.9 2408004, 684563.9 2408017, 684587.5 2408028, 684611.7 2408038, 684636.4 2408047, 684661.5 2408054, 684686.9 2408060, 684712.6 2408065, 684738.6 2408069, 684764.7 2408071, 684790.9 2408071, 684817 2408071, 684843.1 2408069, 684869.1 2408065, 684894.8 2408060, 684920.3 2408054, 684945.4 2408047, 684970 2408038, 684994.2 2408028, 685017.9 2408017, 685040.9 2408004, 685063.2 2407991, 685084.8 2407976, 685105.5 2407960, 685125.4 2407943, 685144.4 2407925, 685162.4 2407906, 685179.4 2407886, 685195.4 2407865, 685210.2 2407844, 685223.9 2407821, 685236.4 2407798, 685247.6 2407775, 685257.7 2407751, 685266.4 2407726, 685273.8 2407701, 685279.9 2407675, 685284.7 2407650, 685288.1 2407624, 685290.2 2407598, 685290.9 2407571))"
5,20260514,Forest,8196.42857142857,29.790644225739026,0.5217557251908397,0,Hani,NA,NA,0,1,0,6258,425.2924578841222,1100.5365138879167,998.243408203125,16.918428421020508,101.1021300295432,251549.17602539062,420410.3576660156,0.08971226097175969,1,16,172796.11358642578,0.6869277662391717,2700,0.010733487752420504,0,1,-0.1925584469570942,0.9812855061119938,9.011453798307533,3.3941943920616544,-0.650555760031193,"POLYGON ((710857.5 2409354, 710856.8 2409328, 710854.7 2409302, 710851.3 2409276, 710846.5 2409250, 710840.4 2409225, 710833 2409200, 710824.3 2409175, 710814.2 2409151, 710803 2409127, 710790.5 2409104, 710776.8 2409082, 710762 2409060, 710746 2409039, 710729 2409019, 710711 2409000, 710692 2408982, 710672.1 2408965, 710651.4 2408950, 710629.8 2408935, 710607.5 2408921, 710584.5 2408909, 710560.8 2408897, 710536.7 2408887, 710512 2408879, 710486.9 2408871, 710461.4 2408865, 710435.7 2408860, 710409.7 2408857, 710383.6 2408855, 710357.5 2408854, 710331.3 2408855, 710305.2 2408857, 710279.3 2408860, 710253.5 2408865, 710228.1 2408871, 710203 2408879, 710178.3 2408887, 710154.1 2408897, 710130.5 2408909, 710107.5 2408921, 710085.2 2408935, 710063.6 2408950, 710042.8 2408965, 710022.9 2408982, 710003.9 2409000, 709985.9 2409019, 709968.9 2409039, 709953 2409060, 709938.1 2409082, 709924.5 2409104, 709912 2409127, 709900.7 2409151, 709890.7 2409175, 709881.9 2409200, 709874.5 2409225, 709868.4 2409250, 709863.6 2409276, 709860.2 2409302, 709858.2 2409328, 709857.5 2409354, 709858.2 2409380, 709860.2 2409406, 709863.6 2409432, 709868.4 2409458, 709874.5 2409483, 709881.9 2409509, 709890.7 2409533, 709900.7 2409557, 709912 2409581, 709924.5 2409604, 709938.1 2409626, 709953 2409648, 709968.9 2409669, 709985.9 2409689, 710003.9 2409708, 710022.9 2409726, 710042.8 2409743, 710063.6 2409759, 710085.2 2409773, 710107.5 2409787, 710130.5 2409800, 710154.1 2409811, 710178.3 2409821, 710203 2409830, 710228.1 2409837, 710253.5 2409843, 710279.3 2409848, 710305.2 2409851, 710331.3 2409853, 710357.5 2409854, 710383.6 2409853, 710409.7 2409851, 710435.7 2409848, 710461.4 2409843, 710486.9 2409837, 710512 2409830, 710536.7 2409821, 710560.8 2409811, 710584.5 2409800, 710607.5 2409787, 710629.8 2409773, 710651.4 2409759, 710672.1 2409743, 710692 2409726, 710711 2409708, 710729 2409689, 710746 2409669, 710762 2409648, 710776.8 2409626, 710790.5 2409604, 710803 2409581, 710814.2 2409557, 710824.3 2409533, 710833 2409509, 710840.4 2409483, 710846.5 2409458, 710851.3 2409432, 710854.7 2409406, 710856.8 2409380, 710857.5 2409354))"
5,20260514,Forest,8472.744360902256,27.219660257375487,0.31721384205856257,0,Hani,NA,NA,0,1,0,6428,439.1515345143025,366.94431981853677,638.624267578125,18.906604766845703,169.5154684513985,121607.36389160156,39011.02294921875,0.09927579239314738,1,40,102458.46176147461,0.8425350117185674,4024.964475631714,0.033098032444971746,0,1,-0.983304070840425,0.18197006421015596,9.044609744717965,3.303939515785232,-1.1481791519057138,"POLYGON ((716559.8 2410661, 716559.1 2410635, 716557.1 2410609, 716553.6 2410583, 716548.9 2410557, 716542.8 2410532, 716535.3 2410506, 716526.6 2410482, 716516.6 2410458, 716505.3 2410434, 716492.8 2410411, 716479.1 2410389, 716464.3 2410367, 716448.4 2410346, 716431.4 2410326, 716413.4 2410307, 716394.4 2410289, 716374.5 2410272, 716353.7 2410256, 716332.1 2410242, 716309.8 2410228, 716286.8 2410215, 716263.2 2410204, 716239 2410194, 716214.3 2410185, 716189.2 2410178, 716163.8 2410172, 716138 2410167, 716112.1 2410164, 716086 2410162, 716059.8 2410161, 716033.6 2410162, 716007.5 2410164, 715981.6 2410167, 715955.8 2410172, 715930.4 2410178, 715905.3 2410185, 715880.6 2410194, 715856.4 2410204, 715832.8 2410215, 715809.8 2410228, 715787.5 2410242, 715765.9 2410256, 715745.1 2410272, 715725.2 2410289, 715706.2 2410307, 715688.2 2410326, 715671.2 2410346, 715655.3 2410367, 715640.5 2410389, 715626.8 2410411, 715614.3 2410434, 715603 2410458, 715593 2410482, 715584.3 2410506, 715576.8 2410532, 715570.7 2410557, 715566 2410583, 715562.5 2410609, 715560.5 2410635, 715559.8 2410661, 715560.5 2410687, 715562.5 2410713, 715566 2410739, 715570.7 2410765, 715576.8 2410790, 715584.3 2410815, 715593 2410840, 715603 2410864, 715614.3 2410888, 715626.8 2410911, 715640.5 2410933, 715655.3 2410955, 715671.2 2410976, 715688.2 2410996, 715706.2 2411015, 715725.2 2411033, 715745.1 2411050, 715765.9 2411065, 715787.5 2411080, 715809.8 2411094, 715832.8 2411106, 715856.4 2411118, 715880.6 2411128, 715905.3 2411136, 715930.4 2411144, 715955.8 2411150, 715981.6 2411155, 716007.5 2411158, 716033.6 2411160, 716059.8 2411161, 716086 2411160, 716112.1 2411158, 716138 2411155, 716163.8 2411150, 716189.2 2411144, 716214.3 2411136, 716239 2411128, 716263.2 2411118, 716286.8 2411106, 716309.8 2411094, 716332.1 2411080, 716353.7 2411065, 716374.5 2411050, 716394.4 2411033, 716413.4 2411015, 716431.4 2410996, 716448.4 2410976, 716464.3 2410955, 716479.1 2410933, 716492.8 2410911, 716505.3 2410888, 716516.6 2410864, 716526.6 2410840, 716535.3 2410815, 716542.8 2410790, 716548.9 2410765, 716553.6 2410739, 716557.1 2410713, 716559.1 2410687, 716559.8 2410661))"
5,20260514,Forest,9611.842105263157,35.375788827246616,0.27491408934707906,0,Hani,NA,NA,0,1,0,6465,325.588864839219,2301.642654537098,868.81793212890625,10.816697120666504,73.73352425222419,325358.3221435547,276046.10595703125,0.1734423252559957,1,20,252358.20922851562,0.7756316407273888,73000.11978149414,0.22436838037689721,0,1,0.28010507059739936,0.9599693481698391,9.17075116988656,3.5660276547182206,-1.2912966324976107,"POLYGON ((694112.6 2406165, 694111.9 2406139, 694109.9 2406113, 694106.5 2406087, 694101.7 2406061, 694095.6 2406036, 694088.1 2406011, 694079.4 2405986, 694069.4 2405962, 694058.1 2405938, 694045.6 2405915, 694032 2405893, 694017.1 2405871, 694001.2 2405851, 693984.2 2405831, 693966.2 2405812, 693947.2 2405794, 693927.3 2405777, 693906.5 2405761, 693884.9 2405746, 693862.6 2405732, 693839.6 2405720, 693816 2405708, 693791.8 2405698, 693767.1 2405690, 693742 2405682, 693716.6 2405676, 693690.8 2405671, 693664.9 2405668, 693638.8 2405666, 693612.6 2405665, 693586.4 2405666, 693560.4 2405668, 693534.4 2405671, 693508.7 2405676, 693483.2 2405682, 693458.1 2405690, 693433.4 2405698, 693409.2 2405708, 693385.6 2405720, 693362.6 2405732, 693340.3 2405746, 693318.7 2405761, 693298 2405777, 693278.1 2405794, 693259.1 2405812, 693241 2405831, 693224 2405851, 693208.1 2405871, 693193.3 2405893, 693179.6 2405915, 693167.1 2405938, 693155.8 2405962, 693145.8 2405986, 693137.1 2406011, 693129.7 2406036, 693123.5 2406061, 693118.8 2406087, 693115.4 2406113, 693113.3 2406139, 693112.6 2406165, 693113.3 2406191, 693115.4 2406218, 693118.8 2406243, 693123.5 2406269, 693129.7 2406295, 693137.1 2406320, 693145.8 2406344, 693155.8 2406369, 693167.1 2406392, 693179.6 2406415, 693193.3 2406438, 693208.1 2406459, 693224 2406480, 693241 2406500, 693259.1 2406519, 693278.1 2406537, 693298 2406554, 693318.7 2406570, 693340.3 2406585, 693362.6 2406598, 693385.6 2406611, 693409.2 2406622, 693433.4 2406632, 693458.1 2406641, 693483.2 2406648, 693508.7 2406654, 693534.4 2406659, 693560.4 2406663, 693586.4 2406665, 693612.6 2406665, 693638.8 2406665, 693664.9 2406663, 693690.8 2406659, 693716.6 2406654, 693742 2406648, 693767.1 2406641, 693791.8 2406632, 693816 2406622, 693839.6 2406611, 693862.6 2406598, 693884.9 2406585, 693906.5 2406570, 693927.3 2406554, 693947.2 2406537, 693966.2 2406519, 693984.2 2406500, 694001.2 2406480, 694017.1 2406459, 694032 2406438, 694045.6 2406415, 694058.1 2406392, 694069.4 2406369, 694079.4 2406344, 694088.1 2406320, 694095.6 2406295, 694101.7 2406269, 694106.5 2406243, 694109.9 2406218, 694111.9 2406191, 694112.6 2406165))"
5,20260514,Forest,9566.511627906977,26.327719227924465,0.932825484764543,0,Hani,NA,NA,0,1,0,6478,72.61693992328308,831.5352394755955,1020.3951416015625,17.117109298706055,122.55713251224576,681474.9572753906,3506.533169746399,0.11193744849107908,1,97,675174.9572753906,0.9907553462783313,0,0,0,1,-0.5381403292451145,0.8428552580603385,9.166023906806155,3.270622347193581,-0.06953714304240752,"POLYGON ((672771.3 2435920, 672770.6 2435894, 672768.5 2435867, 672765.1 2435841, 672760.4 2435816, 672754.2 2435790, 672746.8 2435765, 672738.1 2435741, 672728.1 2435716, 672716.8 2435693, 672704.3 2435670, 672690.6 2435647, 672675.8 2435626, 672659.9 2435605, 672642.9 2435585, 672624.8 2435566, 672605.8 2435548, 672585.9 2435531, 672565.2 2435515, 672543.6 2435500, 672521.3 2435487, 672498.3 2435474, 672474.6 2435463, 672450.5 2435453, 672425.8 2435444, 672400.7 2435437, 672375.2 2435431, 672349.5 2435426, 672323.5 2435422, 672297.4 2435420, 672271.3 2435420, 672245.1 2435420, 672219 2435422, 672193.1 2435426, 672167.3 2435431, 672141.9 2435437, 672116.8 2435444, 672092.1 2435453, 672067.9 2435463, 672044.3 2435474, 672021.3 2435487, 671999 2435500, 671977.4 2435515, 671956.6 2435531, 671936.7 2435548, 671917.7 2435566, 671899.7 2435585, 671882.7 2435605, 671866.8 2435626, 671851.9 2435647, 671838.3 2435670, 671825.8 2435693, 671814.5 2435716, 671804.5 2435741, 671795.7 2435765, 671788.3 2435790, 671782.2 2435816, 671777.4 2435841, 671774 2435867, 671772 2435894, 671771.3 2435920, 671772 2435946, 671774 2435972, 671777.4 2435998, 671782.2 2436024, 671788.3 2436049, 671795.7 2436074, 671804.5 2436099, 671814.5 2436123, 671825.8 2436147, 671838.3 2436170, 671851.9 2436192, 671866.8 2436214, 671882.7 2436234, 671899.7 2436254, 671917.7 2436273, 671936.7 2436291, 671956.6 2436308, 671977.4 2436324, 671999 2436339, 672021.3 2436353, 672044.3 2436365, 672067.9 2436376, 672092.1 2436387, 672116.8 2436395, 672141.9 2436403, 672167.3 2436409, 672193.1 2436414, 672219 2436417, 672245.1 2436419, 672271.3 2436420, 672297.4 2436419, 672323.5 2436417, 672349.5 2436414, 672375.2 2436409, 672400.7 2436403, 672425.8 2436395, 672450.5 2436387, 672474.6 2436376, 672498.3 2436365, 672521.3 2436353, 672543.6 2436339, 672565.2 2436324, 672585.9 2436308, 672605.8 2436291, 672624.8 2436273, 672642.9 2436254, 672659.9 2436234, 672675.8 2436214, 672690.6 2436192, 672704.3 2436170, 672716.8 2436147, 672728.1 2436123, 672738.1 2436099, 672746.8 2436074, 672754.2 2436049, 672760.4 2436024, 672765.1 2435998, 672768.5 2435972, 672770.6 2435946, 672771.3 2435920))"
5,20260514,Forest,9566.511627906977,26.327719227924465,0.932825484764543,0,Hani,NA,NA,0,1,0,6619,661.5284348797296,964.8106069597485,1064.256591796875,15.745518684387207,121.34827095294244,776674.84130859375,0,0.10704565631506195,1,115,754539.9719238281,0.9715004681399602,0,0,0,1,-0.5202387979303988,0.8540208388136286,9.166023906806155,3.270622347193581,-0.06953714304240752,"POLYGON ((673283.2 2436398, 673282.5 2436371, 673280.5 2436345, 673277.1 2436319, 673272.3 2436294, 673266.2 2436268, 673258.8 2436243, 673250 2436218, 673240 2436194, 673228.7 2436171, 673216.2 2436148, 673202.6 2436125, 673187.7 2436104, 673171.8 2436083, 673154.8 2436063, 673136.8 2436044, 673117.8 2436026, 673097.9 2436009, 673077.1 2435993, 673055.5 2435978, 673033.2 2435965, 673010.2 2435952, 672986.6 2435941, 672962.4 2435931, 672937.7 2435922, 672912.6 2435915, 672887.2 2435909, 672861.4 2435904, 672835.5 2435900, 672809.4 2435898, 672783.2 2435898, 672757.1 2435898, 672731 2435900, 672705 2435904, 672679.3 2435909, 672653.8 2435915, 672628.7 2435922, 672604 2435931, 672579.9 2435941, 672556.2 2435952, 672533.2 2435965, 672510.9 2435978, 672489.3 2435993, 672468.6 2436009, 672448.7 2436026, 672429.7 2436044, 672411.7 2436063, 672394.7 2436083, 672378.7 2436104, 672363.9 2436125, 672350.2 2436148, 672337.7 2436171, 672326.5 2436194, 672316.4 2436218, 672307.7 2436243, 672300.3 2436268, 672294.2 2436294, 672289.4 2436319, 672286 2436345, 672283.9 2436371, 672283.2 2436398, 672283.9 2436424, 672286 2436450, 672289.4 2436476, 672294.2 2436502, 672300.3 2436527, 672307.7 2436552, 672316.4 2436577, 672326.5 2436601, 672337.7 2436625, 672350.2 2436648, 672363.9 2436670, 672378.7 2436691, 672394.7 2436712, 672411.7 2436732, 672429.7 2436751, 672448.7 2436769, 672468.6 2436786, 672489.3 2436802, 672510.9 2436817, 672533.2 2436831, 672556.2 2436843, 672579.9 2436854, 672604 2436864, 672628.7 2436873, 672653.8 2436881, 672679.3 2436887, 672705 2436891, 672731 2436895, 672757.1 2436897, 672783.2 2436898, 672809.4 2436897, 672835.5 2436895, 672861.4 2436891, 672887.2 2436887, 672912.6 2436881, 672937.7 2436873, 672962.4 2436864, 672986.6 2436854, 673010.2 2436843, 673033.2 2436831, 673055.5 2436817, 673077.1 2436802, 673097.9 2436786, 673117.8 2436769, 673136.8 2436751, 673154.8 2436732, 673171.8 2436712, 673187.7 2436691, 673202.6 2436670, 673216.2 2436648, 673228.7 2436625, 673240 2436601, 673250 2436577, 673258.8 2436552, 673266.2 2436527, 673272.3 2436502, 673277.1 2436476, 673280.5 2436450, 673282.5 2436424, 673283.2 2436398))"
5,20260514,Forest,9611.842105263157,35.375788827246616,0.27491408934707906,0,Hani,NA,NA,0,1,0,6760,171.9838212017061,1670.12236057546,696.76904296875,10.200827598571777,32.72237499777794,83316.78314208984,701722.5402832031,0.23964403438133594,1,77,83316.78314208984,1,0,0,0,1,0.8412997445486093,0.5405689038618894,9.17075116988656,3.5660276547182206,-1.2912966324976107,"POLYGON ((700441.1 2402073, 700440.4 2402047, 700438.3 2402020, 700434.9 2401994, 700430.1 2401969, 700424 2401943, 700416.6 2401918, 700407.9 2401894, 700397.8 2401869, 700386.6 2401846, 700374.1 2401823, 700360.4 2401800, 700345.6 2401779, 700329.6 2401758, 700312.6 2401738, 700294.6 2401719, 700275.6 2401701, 700255.7 2401684, 700235 2401668, 700213.4 2401653, 700191.1 2401640, 700168.1 2401627, 700144.4 2401616, 700120.3 2401606, 700095.6 2401597, 700070.5 2401590, 700045 2401584, 700019.3 2401579, 699993.3 2401575, 699967.2 2401573, 699941.1 2401573, 699914.9 2401573, 699888.8 2401575, 699862.9 2401579, 699837.1 2401584, 699811.7 2401590, 699786.6 2401597, 699761.9 2401606, 699737.7 2401616, 699714.1 2401627, 699691.1 2401640, 699668.8 2401653, 699647.2 2401668, 699626.4 2401684, 699606.5 2401701, 699587.5 2401719, 699569.5 2401738, 699552.5 2401758, 699536.6 2401779, 699521.7 2401800, 699508.1 2401823, 699495.6 2401846, 699484.3 2401869, 699474.3 2401894, 699465.5 2401918, 699458.1 2401943, 699452 2401969, 699447.2 2401994, 699443.8 2402020, 699441.8 2402047, 699441.1 2402073, 699441.8 2402099, 699443.8 2402125, 699447.2 2402151, 699452 2402177, 699458.1 2402202, 699465.5 2402227, 699474.3 2402252, 699484.3 2402276, 699495.6 2402300, 699508.1 2402323, 699521.7 2402345, 699536.6 2402367, 699552.5 2402387, 699569.5 2402407, 699587.5 2402426, 699606.5 2402444, 699626.4 2402461, 699647.2 2402477, 699668.8 2402492, 699691.1 2402506, 699714.1 2402518, 699737.7 2402529, 699761.9 2402539, 699786.6 2402548, 699811.7 2402556, 699837.1 2402562, 699862.9 2402567, 699888.8 2402570, 699914.9 2402572, 699941.1 2402573, 699967.2 2402572, 699993.3 2402570, 700019.3 2402567, 700045 2402562, 700070.5 2402556, 700095.6 2402548, 700120.3 2402539, 700144.4 2402529, 700168.1 2402518, 700191.1 2402506, 700213.4 2402492, 700235 2402477, 700255.7 2402461, 700275.6 2402444, 700294.6 2402426, 700312.6 2402407, 700329.6 2402387, 700345.6 2402367, 700360.4 2402345, 700374.1 2402323, 700386.6 2402300, 700397.8 2402276, 700407.9 2402252, 700416.6 2402227, 700424 2402202, 700430.1 2402177, 700434.9 2402151, 700438.3 2402125, 700440.4 2402099, 700441.1 2402073))"
5,20260514,Forest,8472.744360902256,27.219660257375487,0.31721384205856257,0,Hani,NA,NA,0,1,0,6767,59.4702815642149,586.9917049770536,898.4630126953125,10.907649993896484,106.17749581727352,104599.3881225586,505385.2111816406,0.370085907045072,1,68,83548.25134277344,0.7987451250181345,0,0,0,1,-0.27861390797674,0.960403191520066,9.044609744717965,3.303939515785232,-1.1481791519057138,"POLYGON ((704590 2413631, 704589.4 2413605, 704587.3 2413579, 704583.9 2413553, 704579.1 2413527, 704573 2413502, 704565.6 2413477, 704556.8 2413452, 704546.8 2413428, 704535.5 2413404, 704523.1 2413381, 704509.4 2413359, 704494.6 2413338, 704478.6 2413317, 704461.6 2413297, 704443.6 2413278, 704424.6 2413260, 704404.7 2413243, 704383.9 2413227, 704362.4 2413212, 704340 2413198, 704317 2413186, 704293.4 2413175, 704269.2 2413165, 704244.6 2413156, 704219.5 2413148, 704194 2413142, 704168.3 2413138, 704142.3 2413134, 704116.2 2413132, 704090 2413131, 704063.9 2413132, 704037.8 2413134, 704011.8 2413138, 703986.1 2413142, 703960.6 2413148, 703935.5 2413156, 703910.9 2413165, 703886.7 2413175, 703863 2413186, 703840 2413198, 703817.7 2413212, 703796.2 2413227, 703775.4 2413243, 703755.5 2413260, 703736.5 2413278, 703718.5 2413297, 703701.5 2413317, 703685.5 2413338, 703670.7 2413359, 703657 2413381, 703644.5 2413404, 703633.3 2413428, 703623.3 2413452, 703614.5 2413477, 703607.1 2413502, 703601 2413527, 703596.2 2413553, 703592.8 2413579, 703590.7 2413605, 703590 2413631, 703590.7 2413658, 703592.8 2413684, 703596.2 2413710, 703601 2413735, 703607.1 2413761, 703614.5 2413786, 703623.3 2413811, 703633.3 2413835, 703644.5 2413858, 703657 2413881, 703670.7 2413904, 703685.5 2413925, 703701.5 2413946, 703718.5 2413966, 703736.5 2413985, 703755.5 2414003, 703775.4 2414020, 703796.2 2414036, 703817.7 2414051, 703840 2414064, 703863 2414077, 703886.7 2414088, 703910.9 2414098, 703935.5 2414107, 703960.6 2414114, 703986.1 2414121, 704011.8 2414125, 704037.8 2414129, 704063.9 2414131, 704090 2414131, 704116.2 2414131, 704142.3 2414129, 704168.3 2414125, 704194 2414121, 704219.5 2414114, 704244.6 2414107, 704269.2 2414098, 704293.4 2414088, 704317 2414077, 704340 2414064, 704362.4 2414051, 704383.9 2414036, 704404.7 2414020, 704424.6 2414003, 704443.6 2413985, 704461.6 2413966, 704478.6 2413946, 704494.6 2413925, 704509.4 2413904, 704523.1 2413881, 704535.5 2413858, 704546.8 2413835, 704556.8 2413811, 704565.6 2413786, 704573 2413761, 704579.1 2413735, 704583.9 2413710, 704587.3 2413684, 704589.4 2413658, 704590 2413631))"
5,20260514,Forest,28221.39534883721,36.32440798387466,1.8620967741935484,0,Hani,NA,NA,0,1,0,6856,813.8638084697589,827.1860262177134,972.23065185546875,8.996352195739746,20.557696914339324,785039.3371582031,0,0.2640077355186086,1,63,79071.28829956055,0.10072270847699687,484767.333984375,0.6175070611610427,0,1,0.936319055164859,0.35115043348283903,10.247835669571991,3.59248991156372,0.6217031507554128,"POLYGON ((672184.5 2424492, 672183.8 2424466, 672181.8 2424440, 672178.3 2424414, 672173.6 2424388, 672167.5 2424363, 672160 2424338, 672151.3 2424313, 672141.3 2424289, 672130 2424265, 672117.5 2424242, 672103.8 2424220, 672089 2424199, 672073.1 2424178, 672056.1 2424158, 672038 2424139, 672019.1 2424121, 671999.2 2424104, 671978.4 2424088, 671956.8 2424073, 671934.5 2424059, 671911.5 2424047, 671887.9 2424036, 671863.7 2424026, 671839 2424017, 671813.9 2424009, 671788.4 2424003, 671762.7 2423999, 671736.8 2423995, 671710.7 2423993, 671684.5 2423992, 671658.3 2423993, 671632.2 2423995, 671606.3 2423999, 671580.5 2424003, 671555.1 2424009, 671530 2424017, 671505.3 2424026, 671481.1 2424036, 671457.5 2424047, 671434.5 2424059, 671412.2 2424073, 671390.6 2424088, 671369.8 2424104, 671349.9 2424121, 671330.9 2424139, 671312.9 2424158, 671295.9 2424178, 671280 2424199, 671265.2 2424220, 671251.5 2424242, 671239 2424265, 671227.7 2424289, 671217.7 2424313, 671209 2424338, 671201.5 2424363, 671195.4 2424388, 671190.6 2424414, 671187.2 2424440, 671185.2 2424466, 671184.5 2424492, 671185.2 2424519, 671187.2 2424545, 671190.6 2424571, 671195.4 2424596, 671201.5 2424622, 671209 2424647, 671217.7 2424672, 671227.7 2424696, 671239 2424719, 671251.5 2424742, 671265.2 2424765, 671280 2424786, 671295.9 2424807, 671312.9 2424827, 671330.9 2424846, 671349.9 2424864, 671369.8 2424881, 671390.6 2424897, 671412.2 2424912, 671434.5 2424925, 671457.5 2424938, 671481.1 2424949, 671505.3 2424959, 671530 2424968, 671555.1 2424975, 671580.5 2424981, 671606.3 2424986, 671632.2 2424990, 671658.3 2424992, 671684.5 2424992, 671710.7 2424992, 671736.8 2424990, 671762.7 2424986, 671788.4 2424981, 671813.9 2424975, 671839 2424968, 671863.7 2424959, 671887.9 2424949, 671911.5 2424938, 671934.5 2424925, 671956.8 2424912, 671978.4 2424897, 671999.2 2424881, 672019.1 2424864, 672038 2424846, 672056.1 2424827, 672073.1 2424807, 672089 2424786, 672103.8 2424765, 672117.5 2424742, 672130 2424719, 672141.3 2424696, 672151.3 2424672, 672160 2424647, 672167.5 2424622, 672173.6 2424596, 672178.3 2424571, 672181.8 2424545, 672183.8 2424519, 672184.5 2424492))"
5,20260514,Forest,6639.069767441861,18.580990665382664,1.670074349442379,0,Hani,NA,NA,0,1,0,6932,760.4596130223239,992.1374307139354,1408.1724853515625,12.979339599609375,127.40522756382087,785039.3371582031,0,0.13700029564744037,1,28,0,0,0,0,0,1,-0.6074483181556177,0.7943592013503157,8.80072713739144,2.9221390508761664,0.5128681460618293,"POLYGON ((675572.3 2417276, 675571.6 2417249, 675569.6 2417223, 675566.2 2417197, 675561.4 2417172, 675555.3 2417146, 675547.9 2417121, 675539.1 2417096, 675529.1 2417072, 675517.8 2417049, 675505.3 2417026, 675491.7 2417003, 675476.8 2416982, 675460.9 2416961, 675443.9 2416941, 675425.9 2416922, 675406.9 2416904, 675387 2416887, 675366.2 2416871, 675344.6 2416856, 675322.3 2416843, 675299.3 2416830, 675275.7 2416819, 675251.5 2416809, 675226.8 2416800, 675201.7 2416793, 675176.3 2416786, 675150.5 2416782, 675124.6 2416778, 675098.5 2416776, 675072.3 2416776, 675046.2 2416776, 675020.1 2416778, 674994.1 2416782, 674968.4 2416786, 674942.9 2416793, 674917.8 2416800, 674893.1 2416809, 674869 2416819, 674845.3 2416830, 674822.3 2416843, 674800 2416856, 674778.4 2416871, 674757.7 2416887, 674737.8 2416904, 674718.8 2416922, 674700.8 2416941, 674683.8 2416961, 674667.8 2416982, 674653 2417003, 674639.3 2417026, 674626.8 2417049, 674615.6 2417072, 674605.5 2417096, 674596.8 2417121, 674589.4 2417146, 674583.3 2417172, 674578.5 2417197, 674575.1 2417223, 674573 2417249, 674572.3 2417276, 674573 2417302, 674575.1 2417328, 674578.5 2417354, 674583.3 2417380, 674589.4 2417405, 674596.8 2417430, 674605.5 2417455, 674615.6 2417479, 674626.8 2417503, 674639.3 2417526, 674653 2417548, 674667.8 2417569, 674683.8 2417590, 674700.8 2417610, 674718.8 2417629, 674737.8 2417647, 674757.7 2417664, 674778.4 2417680, 674800 2417695, 674822.3 2417709, 674845.3 2417721, 674869 2417732, 674893.1 2417742, 674917.8 2417751, 674942.9 2417759, 674968.4 2417765, 674994.1 2417769, 675020.1 2417773, 675046.2 2417775, 675072.3 2417776, 675098.5 2417775, 675124.6 2417773, 675150.5 2417769, 675176.3 2417765, 675201.7 2417759, 675226.8 2417751, 675251.5 2417742, 675275.7 2417732, 675299.3 2417721, 675322.3 2417709, 675344.6 2417695, 675366.2 2417680, 675387 2417664, 675406.9 2417647, 675425.9 2417629, 675443.9 2417610, 675460.9 2417590, 675476.8 2417569, 675491.7 2417548, 675505.3 2417526, 675517.8 2417503, 675529.1 2417479, 675539.1 2417455, 675547.9 2417430, 675555.3 2417405, 675561.4 2417380, 675566.2 2417354, 675569.6 2417328, 675571.6 2417302, 675572.3 2417276))"
5,20260514,Forest,5307.45872081989,36.630721511716736,0.5234012147195427,0,Hani,NA,NA,0,1,0,7057,453.24210551769704,1444.3494789478702,640.819091796875,4.697240352630615,306.6087393478119,25412.22324371338,32159.84230041504,0.4276003723074935,1,83,0,0,0,0,0,1,0.5963473220950353,-0.8027265234375156,8.576868416028539,3.6008872738862983,-0.6474069680642858,"POLYGON ((682296.3 2403224, 682295.6 2403198, 682293.6 2403172, 682290.1 2403146, 682285.4 2403120, 682279.3 2403095, 682271.8 2403069, 682263.1 2403045, 682253.1 2403021, 682241.8 2402997, 682229.3 2402974, 682215.6 2402952, 682200.8 2402930, 682184.9 2402909, 682167.9 2402889, 682149.9 2402870, 682130.9 2402852, 682111 2402835, 682090.2 2402819, 682068.6 2402805, 682046.3 2402791, 682023.3 2402778, 681999.7 2402767, 681975.5 2402757, 681950.8 2402748, 681925.7 2402741, 681900.3 2402735, 681874.5 2402730, 681848.6 2402727, 681822.5 2402725, 681796.3 2402724, 681770.1 2402725, 681744 2402727, 681718.1 2402730, 681692.3 2402735, 681666.9 2402741, 681641.8 2402748, 681617.1 2402757, 681592.9 2402767, 681569.3 2402778, 681546.3 2402791, 681524 2402805, 681502.4 2402819, 681481.6 2402835, 681461.7 2402852, 681442.7 2402870, 681424.7 2402889, 681407.7 2402909, 681391.8 2402930, 681377 2402952, 681363.3 2402974, 681350.8 2402997, 681339.5 2403021, 681329.5 2403045, 681320.8 2403069, 681313.3 2403095, 681307.2 2403120, 681302.5 2403146, 681299 2403172, 681297 2403198, 681296.3 2403224, 681297 2403250, 681299 2403276, 681302.5 2403302, 681307.2 2403328, 681313.3 2403353, 681320.8 2403378, 681329.5 2403403, 681339.5 2403427, 681350.8 2403451, 681363.3 2403474, 681377 2403496, 681391.8 2403518, 681407.7 2403539, 681424.7 2403559, 681442.7 2403578, 681461.7 2403596, 681481.6 2403613, 681502.4 2403628, 681524 2403643, 681546.3 2403657, 681569.3 2403669, 681592.9 2403681, 681617.1 2403691, 681641.8 2403699, 681666.9 2403707, 681692.3 2403713, 681718.1 2403718, 681744 2403721, 681770.1 2403723, 681796.3 2403724, 681822.5 2403723, 681848.6 2403721, 681874.5 2403718, 681900.3 2403713, 681925.7 2403707, 681950.8 2403699, 681975.5 2403691, 681999.7 2403681, 682023.3 2403669, 682046.3 2403657, 682068.6 2403643, 682090.2 2403628, 682111 2403613, 682130.9 2403596, 682149.9 2403578, 682167.9 2403559, 682184.9 2403539, 682200.8 2403518, 682215.6 2403496, 682229.3 2403474, 682241.8 2403451, 682253.1 2403427, 682263.1 2403403, 682271.8 2403378, 682279.3 2403353, 682285.4 2403328, 682290.1 2403302, 682293.6 2403276, 682295.6 2403250, 682296.3 2403224))"
5,20260514,Forest,5351.11026760296,13.711033575247699,0.13435474366529168,0,Hani,NA,NA,0,1,0,7157,617.8798112720469,1131.7450865962553,799.002197265625,12.394457817077637,182.0135185083216,77043.56231689453,90414.10903930664,0.1910693441691527,1,30,77043.56231689453,1,0,0,0,1,-0.9993825649278926,-0.03513529447929156,8.585059345014134,2.6182008791533518,-2.0072716362797856,"POLYGON ((677069.7 2409140, 677069.1 2409114, 677067 2409088, 677063.6 2409062, 677058.8 2409036, 677052.7 2409010, 677045.3 2408985, 677036.5 2408961, 677026.5 2408936, 677015.2 2408913, 677002.8 2408890, 676989.1 2408868, 676974.2 2408846, 676958.3 2408825, 676941.3 2408805, 676923.3 2408786, 676904.3 2408768, 676884.4 2408751, 676863.6 2408735, 676842.1 2408720, 676819.7 2408707, 676796.7 2408694, 676773.1 2408683, 676748.9 2408673, 676724.2 2408664, 676699.2 2408657, 676673.7 2408651, 676648 2408646, 676622 2408643, 676595.9 2408641, 676569.7 2408640, 676543.6 2408641, 676517.5 2408643, 676491.5 2408646, 676465.8 2408651, 676440.3 2408657, 676415.2 2408664, 676390.6 2408673, 676366.4 2408683, 676342.7 2408694, 676319.7 2408707, 676297.4 2408720, 676275.8 2408735, 676255.1 2408751, 676235.2 2408768, 676216.2 2408786, 676198.2 2408805, 676181.2 2408825, 676165.2 2408846, 676150.4 2408868, 676136.7 2408890, 676124.2 2408913, 676113 2408936, 676103 2408961, 676094.2 2408985, 676086.8 2409010, 676080.7 2409036, 676075.9 2409062, 676072.5 2409088, 676070.4 2409114, 676069.7 2409140, 676070.4 2409166, 676072.5 2409192, 676075.9 2409218, 676080.7 2409244, 676086.8 2409269, 676094.2 2409294, 676103 2409319, 676113 2409343, 676124.2 2409367, 676136.7 2409390, 676150.4 2409412, 676165.2 2409434, 676181.2 2409454, 676198.2 2409474, 676216.2 2409493, 676235.2 2409511, 676255.1 2409528, 676275.8 2409544, 676297.4 2409559, 676319.7 2409573, 676342.7 2409585, 676366.4 2409597, 676390.6 2409607, 676415.2 2409615, 676440.3 2409623, 676465.8 2409629, 676491.5 2409634, 676517.5 2409637, 676543.6 2409639, 676569.7 2409640, 676595.9 2409639, 676622 2409637, 676648 2409634, 676673.7 2409629, 676699.2 2409623, 676724.2 2409615, 676748.9 2409607, 676773.1 2409597, 676796.7 2409585, 676819.7 2409573, 676842.1 2409559, 676863.6 2409544, 676884.4 2409528, 676904.3 2409511, 676923.3 2409493, 676941.3 2409474, 676958.3 2409454, 676974.2 2409434, 676989.1 2409412, 677002.8 2409390, 677015.2 2409367, 677026.5 2409343, 677036.5 2409319, 677045.3 2409294, 677052.7 2409269, 677058.8 2409244, 677063.6 2409218, 677067 2409192, 677069.1 2409166, 677069.7 2409140))"
5,20260514,Forest,3378.2501423420003,27.32013936280332,2.0710014947683106,0,Hani,NA,NA,0,1,0,7194,177.05158133888006,893.5450138988398,1435.68408203125,11.212949752807617,170.21381124511026,743639.3371582031,41400,0.21342591095756558,1,108,0,0,2700,0.0036307923277942426,0,1,-0.9854488991433712,0.16997195997316075,8.125113145053028,3.3076241358170795,0.7280323041748045,"POLYGON ((667018.8 2411508, 667018.1 2411482, 667016 2411456, 667012.6 2411430, 667007.8 2411404, 667001.7 2411379, 666994.3 2411354, 666985.5 2411329, 666975.5 2411305, 666964.3 2411281, 666951.8 2411258, 666938.1 2411236, 666923.3 2411215, 666907.3 2411194, 666890.3 2411174, 666872.3 2411155, 666853.3 2411137, 666833.4 2411120, 666812.6 2411104, 666791.1 2411089, 666768.8 2411075, 666745.8 2411063, 666722.1 2411052, 666697.9 2411042, 666673.3 2411033, 666648.2 2411025, 666622.7 2411019, 666597 2411015, 666571 2411011, 666544.9 2411009, 666518.8 2411008, 666492.6 2411009, 666466.5 2411011, 666440.5 2411015, 666414.8 2411019, 666389.3 2411025, 666364.2 2411033, 666339.6 2411042, 666315.4 2411052, 666291.8 2411063, 666268.8 2411075, 666246.4 2411089, 666224.9 2411104, 666204.1 2411120, 666184.2 2411137, 666165.2 2411155, 666147.2 2411174, 666130.2 2411194, 666114.2 2411215, 666099.4 2411236, 666085.7 2411258, 666073.3 2411281, 666062 2411305, 666052 2411329, 666043.2 2411354, 666035.8 2411379, 666029.7 2411404, 666024.9 2411430, 666021.5 2411456, 666019.4 2411482, 666018.8 2411508, 666019.4 2411535, 666021.5 2411561, 666024.9 2411587, 666029.7 2411612, 666035.8 2411638, 666043.2 2411663, 666052 2411688, 666062 2411712, 666073.3 2411735, 666085.7 2411758, 666099.4 2411781, 666114.2 2411802, 666130.2 2411823, 666147.2 2411843, 666165.2 2411862, 666184.2 2411880, 666204.1 2411897, 666224.9 2411913, 666246.4 2411928, 666268.8 2411941, 666291.8 2411954, 666315.4 2411965, 666339.6 2411975, 666364.2 2411984, 666389.3 2411991, 666414.8 2411997, 666440.5 2412002, 666466.5 2412006, 666492.6 2412008, 666518.8 2412008, 666544.9 2412008, 666571 2412006, 666597 2412002, 666622.7 2411997, 666648.2 2411991, 666673.3 2411984, 666697.9 2411975, 666722.1 2411965, 666745.8 2411954, 666768.8 2411941, 666791.1 2411928, 666812.6 2411913, 666833.4 2411897, 666853.3 2411880, 666872.3 2411862, 666890.3 2411843, 666907.3 2411823, 666923.3 2411802, 666938.1 2411781, 666951.8 2411758, 666964.3 2411735, 666975.5 2411712, 666985.5 2411688, 666994.3 2411663, 667001.7 2411638, 667007.8 2411612, 667012.6 2411587, 667016 2411561, 667018.1 2411535, 667018.8 2411508))"
5,20260514,Forest,9611.842105263157,35.375788827246616,0.27491408934707906,0,Hani,NA,NA,0,1,0,7286,276.06767175585463,979.557042896963,635.83209228515625,10.191329002380371,249.77912721620604,131.53101056814194,716440.31982421875,0.2640782516216308,1,3,131.53101056814194,1,0,0,0,1,-0.34564006796127006,-0.9383671687669644,9.17075116988656,3.5660276547182206,-1.2912966324976107,"POLYGON ((698264.6 2400618, 698263.9 2400591, 698261.8 2400565, 698258.4 2400539, 698253.6 2400514, 698247.5 2400488, 698240.1 2400463, 698231.4 2400438, 698221.3 2400414, 698210.1 2400391, 698197.6 2400368, 698183.9 2400345, 698169.1 2400324, 698153.1 2400303, 698136.1 2400283, 698118.1 2400264, 698099.1 2400246, 698079.2 2400229, 698058.5 2400213, 698036.9 2400198, 698014.6 2400185, 697991.6 2400172, 697967.9 2400161, 697943.8 2400151, 697919.1 2400142, 697894 2400135, 697868.5 2400129, 697842.8 2400124, 697816.8 2400120, 697790.7 2400118, 697764.6 2400118, 697738.4 2400118, 697712.3 2400120, 697686.4 2400124, 697660.6 2400129, 697635.2 2400135, 697610.1 2400142, 697585.4 2400151, 697561.2 2400161, 697537.6 2400172, 697514.6 2400185, 697492.3 2400198, 697470.7 2400213, 697449.9 2400229, 697430 2400246, 697411 2400264, 697393 2400283, 697376 2400303, 697360.1 2400324, 697345.2 2400345, 697331.6 2400368, 697319.1 2400391, 697307.8 2400414, 697297.8 2400438, 697289 2400463, 697281.6 2400488, 697275.5 2400514, 697270.7 2400539, 697267.3 2400565, 697265.3 2400591, 697264.6 2400618, 697265.3 2400644, 697267.3 2400670, 697270.7 2400696, 697275.5 2400722, 697281.6 2400747, 697289 2400772, 697297.8 2400797, 697307.8 2400821, 697319.1 2400845, 697331.6 2400868, 697345.2 2400890, 697360.1 2400911, 697376 2400932, 697393 2400952, 697411 2400971, 697430 2400989, 697449.9 2401006, 697470.7 2401022, 697492.3 2401037, 697514.6 2401051, 697537.6 2401063, 697561.2 2401074, 697585.4 2401084, 697610.1 2401093, 697635.2 2401101, 697660.6 2401107, 697686.4 2401111, 697712.3 2401115, 697738.4 2401117, 697764.6 2401118, 697790.7 2401117, 697816.8 2401115, 697842.8 2401111, 697868.5 2401107, 697894 2401101, 697919.1 2401093, 697943.8 2401084, 697967.9 2401074, 697991.6 2401063, 698014.6 2401051, 698036.9 2401037, 698058.5 2401022, 698079.2 2401006, 698099.1 2400989, 698118.1 2400971, 698136.1 2400952, 698153.1 2400932, 698169.1 2400911, 698183.9 2400890, 698197.6 2400868, 698210.1 2400845, 698221.3 2400821, 698231.4 2400797, 698240.1 2400772, 698247.5 2400747, 698253.6 2400722, 698258.4 2400696, 698261.8 2400670, 698263.9 2400644, 698264.6 2400618))"
5,20260514,Forest,8472.744360902256,27.219660257375487,0.31721384205856257,0,Hani,NA,NA,0,1,0,7304,144.60036118394618,475.0473125885136,574.87127685546875,8.59850788116455,315.70898814781043,48308.11729431152,216117.66357421875,0.38677786515862583,1,70,48308.11729431152,1,0,0,0,1,0.7158022872395159,-0.6983030041340775,9.044609744717965,3.303939515785232,-1.1481791519057138,"POLYGON ((705811.7 2416820, 705811 2416794, 705808.9 2416768, 705805.5 2416742, 705800.7 2416716, 705794.6 2416690, 705787.2 2416665, 705778.4 2416641, 705768.4 2416616, 705757.2 2416593, 705744.7 2416570, 705731 2416548, 705716.2 2416526, 705700.2 2416505, 705683.2 2416485, 705665.2 2416466, 705646.2 2416448, 705626.3 2416431, 705605.5 2416415, 705584 2416400, 705561.7 2416387, 705538.6 2416374, 705515 2416363, 705490.8 2416353, 705466.2 2416344, 705441.1 2416337, 705415.6 2416331, 705389.9 2416326, 705363.9 2416323, 705337.8 2416321, 705311.7 2416320, 705285.5 2416321, 705259.4 2416323, 705233.4 2416326, 705207.7 2416331, 705182.2 2416337, 705157.1 2416344, 705132.5 2416353, 705108.3 2416363, 705084.7 2416374, 705061.7 2416387, 705039.3 2416400, 705017.8 2416415, 704997 2416431, 704977.1 2416448, 704958.1 2416466, 704940.1 2416485, 704923.1 2416505, 704907.1 2416526, 704892.3 2416548, 704878.6 2416570, 704866.1 2416593, 704854.9 2416616, 704844.9 2416641, 704836.1 2416665, 704828.7 2416690, 704822.6 2416716, 704817.8 2416742, 704814.4 2416768, 704812.3 2416794, 704811.7 2416820, 704812.3 2416846, 704814.4 2416872, 704817.8 2416898, 704822.6 2416924, 704828.7 2416949, 704836.1 2416974, 704844.9 2416999, 704854.9 2417023, 704866.1 2417047, 704878.6 2417070, 704892.3 2417092, 704907.1 2417114, 704923.1 2417134, 704940.1 2417154, 704958.1 2417173, 704977.1 2417191, 704997 2417208, 705017.8 2417224, 705039.3 2417239, 705061.7 2417253, 705084.7 2417265, 705108.3 2417277, 705132.5 2417287, 705157.1 2417295, 705182.2 2417303, 705207.7 2417309, 705233.4 2417314, 705259.4 2417317, 705285.5 2417319, 705311.7 2417320, 705337.8 2417319, 705363.9 2417317, 705389.9 2417314, 705415.6 2417309, 705441.1 2417303, 705466.2 2417295, 705490.8 2417287, 705515 2417277, 705538.6 2417265, 705561.7 2417253, 705584 2417239, 705605.5 2417224, 705626.3 2417208, 705646.2 2417191, 705665.2 2417173, 705683.2 2417154, 705700.2 2417134, 705716.2 2417114, 705731 2417092, 705744.7 2417070, 705757.2 2417047, 705768.4 2417023, 705778.4 2416999, 705787.2 2416974, 705794.6 2416949, 705800.7 2416924, 705805.5 2416898, 705808.9 2416872, 705811 2416846, 705811.7 2416820))"
5,20260514,Forest,2715.8853672423606,19.408732153463,0.688783570300158,0,Hani,NA,NA,0,1,0,7312,627.2494145234376,1199.6211674659087,1582.24658203125,10.932066917419434,118.35932494271965,689563.4216308594,2700,0.1710891554773081,1,94,0,0,246777.92358398438,0.3578756004782556,0,1,-0.4749996147215073,0.8799860033059728,7.906873281323348,2.9657230758029596,-0.3728281787951418,"POLYGON ((660692.8 2399359, 660692.1 2399333, 660690.1 2399307, 660686.7 2399281, 660681.9 2399255, 660675.8 2399229, 660668.4 2399204, 660659.6 2399180, 660649.6 2399156, 660638.3 2399132, 660625.8 2399109, 660612.2 2399087, 660597.3 2399065, 660581.4 2399044, 660564.4 2399024, 660546.4 2399005, 660527.4 2398987, 660507.5 2398970, 660486.7 2398954, 660465.2 2398940, 660442.8 2398926, 660419.8 2398913, 660396.2 2398902, 660372 2398892, 660347.3 2398883, 660322.2 2398876, 660296.8 2398870, 660271 2398865, 660245.1 2398862, 660219 2398860, 660192.8 2398859, 660166.7 2398860, 660140.6 2398862, 660114.6 2398865, 660088.9 2398870, 660063.4 2398876, 660038.3 2398883, 660013.6 2398892, 659989.5 2398902, 659965.8 2398913, 659942.8 2398926, 659920.5 2398940, 659898.9 2398954, 659878.2 2398970, 659858.3 2398987, 659839.3 2399005, 659821.3 2399024, 659804.3 2399044, 659788.3 2399065, 659773.5 2399087, 659759.8 2399109, 659747.3 2399132, 659736.1 2399156, 659726 2399180, 659717.3 2399204, 659709.9 2399229, 659703.8 2399255, 659699 2399281, 659695.6 2399307, 659693.5 2399333, 659692.8 2399359, 659693.5 2399385, 659695.6 2399411, 659699 2399437, 659703.8 2399463, 659709.9 2399488, 659717.3 2399513, 659726 2399538, 659736.1 2399562, 659747.3 2399586, 659759.8 2399609, 659773.5 2399631, 659788.3 2399653, 659804.3 2399674, 659821.3 2399693, 659839.3 2399712, 659858.3 2399730, 659878.2 2399747, 659898.9 2399763, 659920.5 2399778, 659942.8 2399792, 659965.8 2399804, 659989.5 2399816, 660013.6 2399826, 660038.3 2399834, 660063.4 2399842, 660088.9 2399848, 660114.6 2399853, 660140.6 2399856, 660166.7 2399858, 660192.8 2399859, 660219 2399858, 660245.1 2399856, 660271 2399853, 660296.8 2399848, 660322.2 2399842, 660347.3 2399834, 660372 2399826, 660396.2 2399816, 660419.8 2399804, 660442.8 2399792, 660465.2 2399778, 660486.7 2399763, 660507.5 2399747, 660527.4 2399730, 660546.4 2399712, 660564.4 2399693, 660581.4 2399674, 660597.3 2399653, 660612.2 2399631, 660625.8 2399609, 660638.3 2399586, 660649.6 2399562, 660659.6 2399538, 660668.4 2399513, 660675.8 2399488, 660681.9 2399463, 660686.7 2399437, 660690.1 2399411, 660692.1 2399385, 660692.8 2399359))"
5,20260514,Forest,9566.511627906977,26.327719227924465,0.932825484764543,0,Hani,NA,NA,0,1,0,7466,574.8031840687017,2008.0109515226095,1155.4847412109375,9.19384765625,250.33249875387742,785039.3371582031,0,0.13715972535094095,1,99,0,0,346203.0944824219,0.44100095128437383,0,1,-0.3365611924747336,-0.9416615972418039,9.166023906806155,3.270622347193581,-0.06953714304240752,"POLYGON ((669091.3 2431649, 669090.6 2431622, 669088.5 2431596, 669085.1 2431570, 669080.3 2431545, 669074.2 2431519, 669066.8 2431494, 669058.1 2431469, 669048 2431445, 669036.8 2431422, 669024.3 2431399, 669010.6 2431376, 668995.8 2431355, 668979.8 2431334, 668962.8 2431314, 668944.8 2431295, 668925.8 2431277, 668905.9 2431260, 668885.2 2431244, 668863.6 2431229, 668841.3 2431216, 668818.3 2431203, 668794.6 2431192, 668770.5 2431182, 668745.8 2431173, 668720.7 2431166, 668695.2 2431160, 668669.5 2431155, 668643.5 2431151, 668617.4 2431149, 668591.3 2431149, 668565.1 2431149, 668539 2431151, 668513.1 2431155, 668487.3 2431160, 668461.9 2431166, 668436.8 2431173, 668412.1 2431182, 668387.9 2431192, 668364.3 2431203, 668341.3 2431216, 668318.9 2431229, 668297.4 2431244, 668276.6 2431260, 668256.7 2431277, 668237.7 2431295, 668219.7 2431314, 668202.7 2431334, 668186.8 2431355, 668171.9 2431376, 668158.3 2431399, 668145.8 2431422, 668134.5 2431445, 668124.5 2431469, 668115.7 2431494, 668108.3 2431519, 668102.2 2431545, 668097.4 2431570, 668094 2431596, 668092 2431622, 668091.3 2431649, 668092 2431675, 668094 2431701, 668097.4 2431727, 668102.2 2431753, 668108.3 2431778, 668115.7 2431803, 668124.5 2431828, 668134.5 2431852, 668145.8 2431876, 668158.3 2431899, 668171.9 2431921, 668186.8 2431942, 668202.7 2431963, 668219.7 2431983, 668237.7 2432002, 668256.7 2432020, 668276.6 2432037, 668297.4 2432053, 668318.9 2432068, 668341.3 2432082, 668364.3 2432094, 668387.9 2432105, 668412.1 2432115, 668436.8 2432124, 668461.9 2432132, 668487.3 2432138, 668513.1 2432142, 668539 2432146, 668565.1 2432148, 668591.3 2432149, 668617.4 2432148, 668643.5 2432146, 668669.5 2432142, 668695.2 2432138, 668720.7 2432132, 668745.8 2432124, 668770.5 2432115, 668794.6 2432105, 668818.3 2432094, 668841.3 2432082, 668863.6 2432068, 668885.2 2432053, 668905.9 2432037, 668925.8 2432020, 668944.8 2432002, 668962.8 2431983, 668979.8 2431963, 668995.8 2431942, 669010.6 2431921, 669024.3 2431899, 669036.8 2431876, 669048 2431852, 669058.1 2431828, 669066.8 2431803, 669074.2 2431778, 669080.3 2431753, 669085.1 2431727, 669088.5 2431701, 669090.6 2431675, 669091.3 2431649))"
