draw,draw_seed,sample,net_income_adjusted,popu_density,agri_land_pp,is_sns,ethnicity,burial,temple,dai,hani,bulang,ID,dist_to_road,dist_to_village,mean_elev,mean_slope,mode_aspect,forest_area_02,woody_area_02,distance,weights,subclass,loss_1_34_14,loss_1_34_intensity_14,loss_1_345_14,loss_1_345_intensity_14,dai_eth,hani_eth,aspect_cos,aspect_sin,log_income,log_popu,log_agri,geometry_wkt
22,20260531,Forest,8450.297366185216,73.42593080392646,1.8587749920660108,1,Dai,火葬,无,1,0,0,39,467.88896705455073,973.9420289361556,842.76318359375,9.866257667541504,185.98673812728885,12600,253140.49072265625,0.1638026205629268,1,1,12600,1,0,0,1,0,-0.9945460632347923,-0.10429826510626353,9.041956910996545,4.296277153938979,0.6199176643325077,"POLYGON ((696095.3 2447963, 696094.6 2447937, 696092.5 2447910, 696089.1 2447884, 696084.3 2447859, 696078.2 2447833, 696070.8 2447808, 696062 2447784, 696052 2447759, 696040.8 2447736, 696028.3 2447713, 696014.6 2447690, 695999.8 2447669, 695983.8 2447648, 695966.8 2447628, 695948.8 2447609, 695929.8 2447591, 695909.9 2447574, 695889.1 2447558, 695867.6 2447543, 695845.3 2447530, 695822.2 2447517, 695798.6 2447506, 695774.4 2447496, 695749.8 2447487, 695724.7 2447480, 695699.2 2447474, 695673.5 2447469, 695647.5 2447465, 695621.4 2447463, 695595.3 2447463, 695569.1 2447463, 695543 2447465, 695517 2447469, 695491.3 2447474, 695465.8 2447480, 695440.7 2447487, 695416.1 2447496, 695391.9 2447506, 695368.3 2447517, 695345.3 2447530, 695322.9 2447543, 695301.4 2447558, 695280.6 2447574, 695260.7 2447591, 695241.7 2447609, 695223.7 2447628, 695206.7 2447648, 695190.7 2447669, 695175.9 2447690, 695162.2 2447713, 695149.7 2447736, 695138.5 2447759, 695128.5 2447784, 695119.7 2447808, 695112.3 2447833, 695106.2 2447859, 695101.4 2447884, 695098 2447910, 695095.9 2447937, 695095.3 2447963, 695095.9 2447989, 695098 2448015, 695101.4 2448041, 695106.2 2448067, 695112.3 2448092, 695119.7 2448117, 695128.5 2448142, 695138.5 2448166, 695149.7 2448190, 695162.2 2448213, 695175.9 2448235, 695190.7 2448257, 695206.7 2448277, 695223.7 2448297, 695241.7 2448316, 695260.7 2448334, 695280.6 2448351, 695301.4 2448367, 695322.9 2448382, 695345.3 2448396, 695368.3 2448408, 695391.9 2448419, 695416.1 2448429, 695440.7 2448438, 695465.8 2448446, 695491.3 2448452, 695517 2448457, 695543 2448460, 695569.1 2448462, 695595.3 2448463, 695621.4 2448462, 695647.5 2448460, 695673.5 2448457, 695699.2 2448452, 695724.7 2448446, 695749.8 2448438, 695774.4 2448429, 695798.6 2448419, 695822.2 2448408, 695845.3 2448396, 695867.6 2448382, 695889.1 2448367, 695909.9 2448351, 695929.8 2448334, 695948.8 2448316, 695966.8 2448297, 695983.8 2448277, 695999.8 2448257, 696014.6 2448235, 696028.3 2448213, 696040.8 2448190, 696052 2448166, 696062 2448142, 696070.8 2448117, 696078.2 2448092, 696084.3 2448067, 696089.1 2448041, 696092.5 2448015, 696094.6 2447989, 696095.3 2447963))"
22,20260531,Forest,8450.297366185216,73.42593080392646,1.8587749920660108,1,Dai,火葬,无,1,0,0,40,413.77919748317225,2393.1644568207607,799.55523681640625,9.810006141662598,144.16330623733987,8096.832847595215,28702.542686462402,0.007546016760669144,1,2,0,0,1796.8326330184937,0.22191796061989333,1,0,-0.8106890300140245,0.5854769821392812,9.041956910996545,4.296277153938979,0.6199176643325077,"POLYGON ((697124.2 2445862, 697123.5 2445835, 697121.4 2445809, 697118 2445783, 697113.2 2445758, 697107.1 2445732, 697099.7 2445707, 697091 2445682, 697080.9 2445658, 697069.7 2445635, 697057.2 2445612, 697043.5 2445589, 697028.7 2445568, 697012.7 2445547, 696995.7 2445527, 696977.7 2445508, 696958.7 2445490, 696938.8 2445473, 696918.1 2445457, 696896.5 2445442, 696874.2 2445429, 696851.2 2445416, 696827.5 2445405, 696803.3 2445395, 696778.7 2445386, 696753.6 2445379, 696728.1 2445373, 696702.4 2445368, 696676.4 2445364, 696650.3 2445362, 696624.2 2445362, 696598 2445362, 696571.9 2445364, 696545.9 2445368, 696520.2 2445373, 696494.8 2445379, 696469.7 2445386, 696445 2445395, 696420.8 2445405, 696397.2 2445416, 696374.2 2445429, 696351.8 2445442, 696330.3 2445457, 696309.5 2445473, 696289.6 2445490, 696270.6 2445508, 696252.6 2445527, 696235.6 2445547, 696219.7 2445568, 696204.8 2445589, 696191.2 2445612, 696178.7 2445635, 696167.4 2445658, 696157.4 2445682, 696148.6 2445707, 696141.2 2445732, 696135.1 2445758, 696130.3 2445783, 696126.9 2445809, 696124.9 2445835, 696124.2 2445862, 696124.9 2445888, 696126.9 2445914, 696130.3 2445940, 696135.1 2445966, 696141.2 2445991, 696148.6 2446016, 696157.4 2446041, 696167.4 2446065, 696178.7 2446089, 696191.2 2446112, 696204.8 2446134, 696219.7 2446156, 696235.6 2446176, 696252.6 2446196, 696270.6 2446215, 696289.6 2446233, 696309.5 2446250, 696330.3 2446266, 696351.8 2446281, 696374.2 2446295, 696397.2 2446307, 696420.8 2446318, 696445 2446328, 696469.7 2446337, 696494.8 2446345, 696520.2 2446351, 696545.9 2446355, 696571.9 2446359, 696598 2446361, 696624.2 2446362, 696650.3 2446361, 696676.4 2446359, 696702.4 2446355, 696728.1 2446351, 696753.6 2446345, 696778.7 2446337, 696803.3 2446328, 696827.5 2446318, 696851.2 2446307, 696874.2 2446295, 696896.5 2446281, 696918.1 2446266, 696938.8 2446250, 696958.7 2446233, 696977.7 2446215, 696995.7 2446196, 697012.7 2446176, 697028.7 2446156, 697043.5 2446134, 697057.2 2446112, 697069.7 2446089, 697080.9 2446065, 697091 2446041, 697099.7 2446016, 697107.1 2445991, 697113.2 2445966, 697118 2445940, 697121.4 2445914, 697123.5 2445888, 697124.2 2445862))"
22,20260531,Forest,8450.297366185216,73.42593080392646,1.8587749920660108,1,Dai,火葬,无,1,0,0,41,73.04572707444774,1557.978698080153,766.8189697265625,5.734014511108398,192.6303991768814,6901.325511932373,62168.82247924805,0.3833312912291907,1,3,0,0,1800,0.260819460969897,1,0,-0.9758008852565537,-0.21866099865436903,9.041956910996545,4.296277153938979,0.6199176643325077,"POLYGON ((696459.1 2446369, 696458.4 2446343, 696456.4 2446317, 696452.9 2446291, 696448.2 2446265, 696442.1 2446240, 696434.6 2446215, 696425.9 2446190, 696415.9 2446166, 696404.6 2446142, 696392.1 2446119, 696378.4 2446097, 696363.6 2446076, 696347.7 2446055, 696330.7 2446035, 696312.7 2446016, 696293.7 2445998, 696273.8 2445981, 696253 2445965, 696231.4 2445950, 696209.1 2445936, 696186.1 2445924, 696162.5 2445913, 696138.3 2445903, 696113.6 2445894, 696088.5 2445886, 696063.1 2445880, 696037.3 2445876, 696011.4 2445872, 695985.3 2445870, 695959.1 2445869, 695932.9 2445870, 695906.8 2445872, 695880.9 2445876, 695855.1 2445880, 695829.7 2445886, 695804.6 2445894, 695779.9 2445903, 695755.7 2445913, 695732.1 2445924, 695709.1 2445936, 695686.8 2445950, 695665.2 2445965, 695644.4 2445981, 695624.5 2445998, 695605.5 2446016, 695587.5 2446035, 695570.5 2446055, 695554.6 2446076, 695539.8 2446097, 695526.1 2446119, 695513.6 2446142, 695502.3 2446166, 695492.3 2446190, 695483.6 2446215, 695476.1 2446240, 695470 2446265, 695465.3 2446291, 695461.8 2446317, 695459.8 2446343, 695459.1 2446369, 695459.8 2446396, 695461.8 2446422, 695465.3 2446448, 695470 2446473, 695476.1 2446499, 695483.6 2446524, 695492.3 2446549, 695502.3 2446573, 695513.6 2446596, 695526.1 2446619, 695539.8 2446642, 695554.6 2446663, 695570.5 2446684, 695587.5 2446704, 695605.5 2446723, 695624.5 2446741, 695644.4 2446758, 695665.2 2446774, 695686.8 2446789, 695709.1 2446802, 695732.1 2446815, 695755.7 2446826, 695779.9 2446836, 695804.6 2446845, 695829.7 2446852, 695855.1 2446858, 695880.9 2446863, 695906.8 2446867, 695932.9 2446869, 695959.1 2446869, 695985.3 2446869, 696011.4 2446867, 696037.3 2446863, 696063.1 2446858, 696088.5 2446852, 696113.6 2446845, 696138.3 2446836, 696162.5 2446826, 696186.1 2446815, 696209.1 2446802, 696231.4 2446789, 696253 2446774, 696273.8 2446758, 696293.7 2446741, 696312.7 2446723, 696330.7 2446704, 696347.7 2446684, 696363.6 2446663, 696378.4 2446642, 696392.1 2446619, 696404.6 2446596, 696415.9 2446573, 696425.9 2446549, 696434.6 2446524, 696442.1 2446499, 696448.2 2446473, 696452.9 2446448, 696456.4 2446422, 696458.4 2446396, 696459.1 2446369))"
22,20260531,Forest,8082.412914188615,48.483721067496745,1.5257279617072197,1,Dai,火葬,无,1,0,0,44,6.308072140434634,1658.2344801426814,790.29376220703125,6.178640365600586,207.86454016305572,117.76105910539627,27680.223655700684,0.31366528039893216,1,4,117.76105910539627,1,0,0,1,0,-0.8840550583247369,-0.4673827701685697,8.997445734928318,3.881228093508158,0.4224716481023428,"POLYGON ((697418.3 2444440, 697417.7 2444414, 697415.6 2444388, 697412.2 2444362, 697407.4 2444336, 697401.3 2444310, 697393.9 2444285, 697385.1 2444261, 697375.1 2444237, 697363.8 2444213, 697351.4 2444190, 697337.7 2444168, 697322.9 2444146, 697306.9 2444125, 697289.9 2444105, 697271.9 2444086, 697252.9 2444068, 697233 2444051, 697212.2 2444035, 697190.7 2444021, 697168.3 2444007, 697145.3 2443994, 697121.7 2443983, 697097.5 2443973, 697072.9 2443964, 697047.8 2443957, 697022.3 2443951, 696996.6 2443946, 696970.6 2443943, 696944.5 2443941, 696918.3 2443940, 696892.2 2443941, 696866.1 2443943, 696840.1 2443946, 696814.4 2443951, 696788.9 2443957, 696763.8 2443964, 696739.2 2443973, 696715 2443983, 696691.4 2443994, 696668.3 2444007, 696646 2444021, 696624.5 2444035, 696603.7 2444051, 696583.8 2444068, 696564.8 2444086, 696546.8 2444105, 696529.8 2444125, 696513.8 2444146, 696499 2444168, 696485.3 2444190, 696472.8 2444213, 696461.6 2444237, 696451.6 2444261, 696442.8 2444285, 696435.4 2444310, 696429.3 2444336, 696424.5 2444362, 696421.1 2444388, 696419 2444414, 696418.3 2444440, 696419 2444466, 696421.1 2444492, 696424.5 2444518, 696429.3 2444544, 696435.4 2444569, 696442.8 2444594, 696451.6 2444619, 696461.6 2444643, 696472.8 2444667, 696485.3 2444690, 696499 2444712, 696513.8 2444734, 696529.8 2444755, 696546.8 2444774, 696564.8 2444793, 696583.8 2444811, 696603.7 2444828, 696624.5 2444844, 696646 2444859, 696668.3 2444873, 696691.4 2444885, 696715 2444897, 696739.2 2444907, 696763.8 2444915, 696788.9 2444923, 696814.4 2444929, 696840.1 2444934, 696866.1 2444937, 696892.2 2444939, 696918.3 2444940, 696944.5 2444939, 696970.6 2444937, 696996.6 2444934, 697022.3 2444929, 697047.8 2444923, 697072.9 2444915, 697097.5 2444907, 697121.7 2444897, 697145.3 2444885, 697168.3 2444873, 697190.7 2444859, 697212.2 2444844, 697233 2444828, 697252.9 2444811, 697271.9 2444793, 697289.9 2444774, 697306.9 2444755, 697322.9 2444734, 697337.7 2444712, 697351.4 2444690, 697363.8 2444667, 697375.1 2444643, 697385.1 2444619, 697393.9 2444594, 697401.3 2444569, 697407.4 2444544, 697412.2 2444518, 697415.6 2444492, 697417.7 2444466, 697418.3 2444440))"
22,20260531,Forest,4740.827023878858,28.393067437574942,2.9508196721311477,1,Dai,土葬,无,1,0,0,69,18.022673176525558,602.5224871482981,948.857421875,8.154994010925293,153.26754225967903,636699.2980957031,0,0.37684324792978635,1,8,585062.4572753906,0.9188991711240259,12600,0.01978956163087536,1,0,-0.8931167082800273,0.44982501641310324,8.463966877081248,3.346145011058112,1.0820829867168993,"POLYGON ((680559.7 2480962, 680559 2480936, 680557 2480910, 680553.6 2480884, 680548.8 2480858, 680542.7 2480833, 680535.2 2480808, 680526.5 2480783, 680516.5 2480759, 680505.2 2480735, 680492.7 2480712, 680479.1 2480690, 680464.2 2480668, 680448.3 2480647, 680431.3 2480628, 680413.3 2480609, 680394.3 2480591, 680374.4 2480574, 680353.6 2480558, 680332 2480543, 680309.7 2480529, 680286.7 2480517, 680263.1 2480505, 680238.9 2480495, 680214.2 2480487, 680189.1 2480479, 680163.7 2480473, 680137.9 2480468, 680112 2480465, 680085.9 2480463, 680059.7 2480462, 680033.6 2480463, 680007.5 2480465, 679981.5 2480468, 679955.8 2480473, 679930.3 2480479, 679905.2 2480487, 679880.5 2480495, 679856.4 2480505, 679832.7 2480517, 679809.7 2480529, 679787.4 2480543, 679765.8 2480558, 679745.1 2480574, 679725.2 2480591, 679706.2 2480609, 679688.1 2480628, 679671.1 2480647, 679655.2 2480668, 679640.4 2480690, 679626.7 2480712, 679614.2 2480735, 679602.9 2480759, 679592.9 2480783, 679584.2 2480808, 679576.8 2480833, 679570.6 2480858, 679565.9 2480884, 679562.5 2480910, 679560.4 2480936, 679559.7 2480962, 679560.4 2480988, 679562.5 2481014, 679565.9 2481040, 679570.6 2481066, 679576.8 2481092, 679584.2 2481117, 679592.9 2481141, 679602.9 2481165, 679614.2 2481189, 679626.7 2481212, 679640.4 2481234, 679655.2 2481256, 679671.1 2481277, 679688.1 2481297, 679706.2 2481316, 679725.2 2481334, 679745.1 2481351, 679765.8 2481367, 679787.4 2481381, 679809.7 2481395, 679832.7 2481408, 679856.4 2481419, 679880.5 2481429, 679905.2 2481438, 679930.3 2481445, 679955.8 2481451, 679981.5 2481456, 680007.5 2481459, 680033.6 2481461, 680059.7 2481462, 680085.9 2481461, 680112 2481459, 680137.9 2481456, 680163.7 2481451, 680189.1 2481445, 680214.2 2481438, 680238.9 2481429, 680263.1 2481419, 680286.7 2481408, 680309.7 2481395, 680332 2481381, 680353.6 2481367, 680374.4 2481351, 680394.3 2481334, 680413.3 2481316, 680431.3 2481297, 680448.3 2481277, 680464.2 2481256, 680479.1 2481234, 680492.7 2481212, 680505.2 2481189, 680516.5 2481165, 680526.5 2481141, 680535.2 2481117, 680542.7 2481092, 680548.8 2481066, 680553.6 2481040, 680557 2481014, 680559 2480988, 680559.7 2480962))"
22,20260531,Forest,4740.827023878858,28.393067437574942,2.9508196721311477,1,Dai,土葬,无,1,0,0,70,361.8480660508105,643.5207045741159,940.30078125,6.687822341918945,158.049844717533,663738.6291503906,0,0.30807090856335584,1,9,571387.7197265625,0.8608625362937808,23621.12216949463,0.0355879876989087,1,0,-0.9275093943373025,0.37379984405567934,8.463966877081248,3.346145011058112,1.0820829867168993,"POLYGON ((680711.9 2481343, 680711.2 2481317, 680709.1 2481290, 680705.7 2481264, 680700.9 2481239, 680694.8 2481213, 680687.4 2481188, 680678.6 2481164, 680668.6 2481139, 680657.4 2481116, 680644.9 2481093, 680631.2 2481070, 680616.4 2481049, 680600.4 2481028, 680583.4 2481008, 680565.4 2480989, 680546.4 2480971, 680526.5 2480954, 680505.7 2480938, 680484.2 2480923, 680461.9 2480910, 680438.8 2480897, 680415.2 2480886, 680391 2480876, 680366.4 2480867, 680341.3 2480860, 680315.8 2480854, 680290.1 2480849, 680264.1 2480845, 680238 2480843, 680211.9 2480843, 680185.7 2480843, 680159.6 2480845, 680133.6 2480849, 680107.9 2480854, 680082.4 2480860, 680057.3 2480867, 680032.7 2480876, 680008.5 2480886, 679984.9 2480897, 679961.9 2480910, 679939.5 2480923, 679918 2480938, 679897.2 2480954, 679877.3 2480971, 679858.3 2480989, 679840.3 2481008, 679823.3 2481028, 679807.3 2481049, 679792.5 2481070, 679778.8 2481093, 679766.4 2481116, 679755.1 2481139, 679745.1 2481164, 679736.3 2481188, 679728.9 2481213, 679722.8 2481239, 679718 2481264, 679714.6 2481290, 679712.5 2481317, 679711.9 2481343, 679712.5 2481369, 679714.6 2481395, 679718 2481421, 679722.8 2481447, 679728.9 2481472, 679736.3 2481497, 679745.1 2481522, 679755.1 2481546, 679766.4 2481570, 679778.8 2481593, 679792.5 2481615, 679807.3 2481637, 679823.3 2481657, 679840.3 2481677, 679858.3 2481696, 679877.3 2481714, 679897.2 2481731, 679918 2481747, 679939.5 2481762, 679961.9 2481776, 679984.9 2481788, 680008.5 2481799, 680032.7 2481810, 680057.3 2481818, 680082.4 2481826, 680107.9 2481832, 680133.6 2481837, 680159.6 2481840, 680185.7 2481842, 680211.9 2481843, 680238 2481842, 680264.1 2481840, 680290.1 2481837, 680315.8 2481832, 680341.3 2481826, 680366.4 2481818, 680391 2481810, 680415.2 2481799, 680438.8 2481788, 680461.9 2481776, 680484.2 2481762, 680505.7 2481747, 680526.5 2481731, 680546.4 2481714, 680565.4 2481696, 680583.4 2481677, 680600.4 2481657, 680616.4 2481637, 680631.2 2481615, 680644.9 2481593, 680657.4 2481570, 680668.6 2481546, 680678.6 2481522, 680687.4 2481497, 680694.8 2481472, 680700.9 2481447, 680705.7 2481421, 680709.1 2481395, 680711.2 2481369, 680711.9 2481343))"
22,20260531,Forest,4740.827023878858,28.393067437574942,2.9508196721311477,1,Dai,土葬,无,1,0,0,71,198.16814360854698,549.120836962552,931.7093505859375,4.534837245941162,327.33349591262345,663180.46875,0,0.5318871830363368,1,10,577555.33447265625,0.8708871290514106,51457.20748901367,0.07759156053857123,1,0,0.8418264701580599,-0.5397482692341136,8.463966877081248,3.346145011058112,1.0820829867168993,"POLYGON ((680359.3 2481778, 680358.6 2481752, 680356.6 2481726, 680353.2 2481700, 680348.4 2481674, 680342.3 2481649, 680334.9 2481623, 680326.1 2481599, 680316.1 2481575, 680304.8 2481551, 680292.3 2481528, 680278.7 2481506, 680263.8 2481484, 680247.9 2481463, 680230.9 2481443, 680212.9 2481424, 680193.9 2481406, 680174 2481389, 680153.2 2481373, 680131.7 2481359, 680109.3 2481345, 680086.3 2481332, 680062.7 2481321, 680038.5 2481311, 680013.8 2481302, 679988.7 2481295, 679963.3 2481289, 679937.6 2481284, 679911.6 2481281, 679885.5 2481279, 679859.3 2481278, 679833.2 2481279, 679807.1 2481281, 679781.1 2481284, 679755.4 2481289, 679729.9 2481295, 679704.8 2481302, 679680.1 2481311, 679656 2481321, 679632.3 2481332, 679609.3 2481345, 679587 2481359, 679565.4 2481373, 679544.7 2481389, 679524.8 2481406, 679505.8 2481424, 679487.8 2481443, 679470.8 2481463, 679454.8 2481484, 679440 2481506, 679426.3 2481528, 679413.8 2481551, 679402.6 2481575, 679392.5 2481599, 679383.8 2481623, 679376.4 2481649, 679370.3 2481674, 679365.5 2481700, 679362.1 2481726, 679360 2481752, 679359.3 2481778, 679360 2481804, 679362.1 2481830, 679365.5 2481856, 679370.3 2481882, 679376.4 2481907, 679383.8 2481932, 679392.5 2481957, 679402.6 2481981, 679413.8 2482005, 679426.3 2482028, 679440 2482050, 679454.8 2482072, 679470.8 2482093, 679487.8 2482113, 679505.8 2482132, 679524.8 2482150, 679544.7 2482167, 679565.4 2482182, 679587 2482197, 679609.3 2482211, 679632.3 2482223, 679656 2482235, 679680.1 2482245, 679704.8 2482253, 679729.9 2482261, 679755.4 2482267, 679781.1 2482272, 679807.1 2482275, 679833.2 2482277, 679859.3 2482278, 679885.5 2482277, 679911.6 2482275, 679937.6 2482272, 679963.3 2482267, 679988.7 2482261, 680013.8 2482253, 680038.5 2482245, 680062.7 2482235, 680086.3 2482223, 680109.3 2482211, 680131.7 2482197, 680153.2 2482182, 680174 2482167, 680193.9 2482150, 680212.9 2482132, 680230.9 2482113, 680247.9 2482093, 680263.8 2482072, 680278.7 2482050, 680292.3 2482028, 680304.8 2482005, 680316.1 2481981, 680326.1 2481957, 680334.9 2481932, 680342.3 2481907, 680348.4 2481882, 680353.2 2481856, 680356.6 2481830, 680358.6 2481804, 680359.3 2481778))"
22,20260531,Forest,4740.827023878858,28.393067437574942,2.9508196721311477,1,Dai,土葬,无,1,0,0,72,98.98331981548837,751.2919430320019,927.00439453125,4.351489543914795,118.03967113068015,651990.78369140625,0,0.4435096021788528,1,11,577275.7873535156,0.885404827481037,41242.63114929199,0.0632564634054897,1,0,-0.4700827959190177,0.8826223229564043,8.463966877081248,3.346145011058112,1.0820829867168993,"POLYGON ((680604.1 2481839, 680603.4 2481813, 680601.3 2481787, 680597.9 2481761, 680593.1 2481735, 680587 2481710, 680579.6 2481685, 680570.9 2481660, 680560.8 2481636, 680549.6 2481612, 680537.1 2481589, 680523.4 2481567, 680508.6 2481545, 680492.6 2481525, 680475.6 2481505, 680457.6 2481486, 680438.6 2481468, 680418.7 2481451, 680398 2481435, 680376.4 2481420, 680354.1 2481406, 680331.1 2481394, 680307.4 2481383, 680283.2 2481373, 680258.6 2481364, 680233.5 2481356, 680208 2481350, 680182.3 2481345, 680156.3 2481342, 680130.2 2481340, 680104.1 2481339, 680077.9 2481340, 680051.8 2481342, 680025.8 2481345, 680000.1 2481350, 679974.7 2481356, 679949.6 2481364, 679924.9 2481373, 679900.7 2481383, 679877.1 2481394, 679854.1 2481406, 679831.7 2481420, 679810.2 2481435, 679789.4 2481451, 679769.5 2481468, 679750.5 2481486, 679732.5 2481505, 679715.5 2481525, 679699.6 2481545, 679684.7 2481567, 679671 2481589, 679658.6 2481612, 679647.3 2481636, 679637.3 2481660, 679628.5 2481685, 679621.1 2481710, 679615 2481735, 679610.2 2481761, 679606.8 2481787, 679604.7 2481813, 679604.1 2481839, 679604.7 2481865, 679606.8 2481892, 679610.2 2481918, 679615 2481943, 679621.1 2481969, 679628.5 2481994, 679637.3 2482018, 679647.3 2482043, 679658.6 2482066, 679671 2482089, 679684.7 2482112, 679699.6 2482133, 679715.5 2482154, 679732.5 2482174, 679750.5 2482193, 679769.5 2482211, 679789.4 2482228, 679810.2 2482244, 679831.7 2482259, 679854.1 2482272, 679877.1 2482285, 679900.7 2482296, 679924.9 2482306, 679949.6 2482315, 679974.7 2482322, 680000.1 2482328, 680025.8 2482333, 680051.8 2482337, 680077.9 2482339, 680104.1 2482339, 680130.2 2482339, 680156.3 2482337, 680182.3 2482333, 680208 2482328, 680233.5 2482322, 680258.6 2482315, 680283.2 2482306, 680307.4 2482296, 680331.1 2482285, 680354.1 2482272, 680376.4 2482259, 680398 2482244, 680418.7 2482228, 680438.6 2482211, 680457.6 2482193, 680475.6 2482174, 680492.6 2482154, 680508.6 2482133, 680523.4 2482112, 680537.1 2482089, 680549.6 2482066, 680560.8 2482043, 680570.9 2482018, 680579.6 2481994, 680587 2481969, 680593.1 2481943, 680597.9 2481918, 680601.3 2481892, 680603.4 2481865, 680604.1 2481839))"
22,20260531,Forest,4740.827023878858,28.393067437574942,2.9508196721311477,1,Dai,土葬,无,1,0,0,74,332.6590034726783,413.09745196765294,946.14105224609375,4.738346576690674,90.06715350459356,771315.7653808594,0,0.4005778820678182,1,12,611439.80712890625,0.7927230773339505,36566.032791137695,0.04740734525642966,1,0,-0.001172049491069805,0.9999993131497593,8.463966877081248,3.346145011058112,1.0820829867168993,"POLYGON ((679739.7 2483075, 679739 2483049, 679737 2483023, 679733.6 2482997, 679728.8 2482971, 679722.7 2482946, 679715.3 2482921, 679706.5 2482896, 679696.5 2482872, 679685.2 2482848, 679672.7 2482825, 679659.1 2482803, 679644.2 2482781, 679628.3 2482761, 679611.3 2482741, 679593.3 2482722, 679574.3 2482704, 679554.4 2482687, 679533.6 2482671, 679512.1 2482656, 679489.7 2482642, 679466.7 2482630, 679443.1 2482619, 679418.9 2482609, 679394.2 2482600, 679369.1 2482592, 679343.7 2482586, 679318 2482582, 679292 2482578, 679265.9 2482576, 679239.7 2482575, 679213.6 2482576, 679187.5 2482578, 679161.5 2482582, 679135.8 2482586, 679110.3 2482592, 679085.2 2482600, 679060.6 2482609, 679036.4 2482619, 679012.7 2482630, 678989.7 2482642, 678967.4 2482656, 678945.8 2482671, 678925.1 2482687, 678905.2 2482704, 678886.2 2482722, 678868.2 2482741, 678851.2 2482761, 678835.2 2482781, 678820.4 2482803, 678806.7 2482825, 678794.2 2482848, 678783 2482872, 678772.9 2482896, 678764.2 2482921, 678756.8 2482946, 678750.7 2482971, 678745.9 2482997, 678742.5 2483023, 678740.4 2483049, 678739.7 2483075, 678740.4 2483102, 678742.5 2483128, 678745.9 2483154, 678750.7 2483179, 678756.8 2483205, 678764.2 2483230, 678772.9 2483255, 678783 2483279, 678794.2 2483302, 678806.7 2483325, 678820.4 2483348, 678835.2 2483369, 678851.2 2483390, 678868.2 2483410, 678886.2 2483429, 678905.2 2483447, 678925.1 2483464, 678945.8 2483480, 678967.4 2483495, 678989.7 2483508, 679012.7 2483521, 679036.4 2483532, 679060.6 2483542, 679085.2 2483551, 679110.3 2483558, 679135.8 2483564, 679161.5 2483569, 679187.5 2483573, 679213.6 2483575, 679239.7 2483575, 679265.9 2483575, 679292 2483573, 679318 2483569, 679343.7 2483564, 679369.1 2483558, 679394.2 2483551, 679418.9 2483542, 679443.1 2483532, 679466.7 2483521, 679489.7 2483508, 679512.1 2483495, 679533.6 2483480, 679554.4 2483464, 679574.3 2483447, 679593.3 2483429, 679611.3 2483410, 679628.3 2483390, 679644.2 2483369, 679659.1 2483348, 679672.7 2483325, 679685.2 2483302, 679696.5 2483279, 679706.5 2483255, 679715.3 2483230, 679722.7 2483205, 679728.8 2483179, 679733.6 2483154, 679737 2483128, 679739 2483102, 679739.7 2483075))"
22,20260531,Forest,3542,11.643287154175853,2.4648552864737154,1,Dai,土葬,无,1,0,0,75,303.94161123274114,296.9079397917085,885.16058349609375,8.98266887664795,100.15709206327205,346810.14404296875,65016.993713378906,0.34501574431967774,1,13,0,0,13500.787925720215,0.03892846895518577,1,0,-0.1763476416287714,0.9843279480396614,8.17244681834278,2.454729803996976,0.9021330984584174,"POLYGON ((753441.9 2456107, 753441.3 2456081, 753439.2 2456055, 753435.8 2456029, 753431 2456003, 753424.9 2455978, 753417.5 2455953, 753408.7 2455928, 753398.7 2455904, 753387.4 2455880, 753375 2455857, 753361.3 2455835, 753346.5 2455813, 753330.5 2455793, 753313.5 2455773, 753295.5 2455754, 753276.5 2455736, 753256.6 2455719, 753235.8 2455703, 753214.3 2455688, 753191.9 2455674, 753168.9 2455662, 753145.3 2455651, 753121.1 2455641, 753096.5 2455632, 753071.4 2455624, 753045.9 2455618, 753020.2 2455613, 752994.2 2455610, 752968.1 2455608, 752941.9 2455607, 752915.8 2455608, 752889.7 2455610, 752863.7 2455613, 752838 2455618, 752812.5 2455624, 752787.4 2455632, 752762.8 2455641, 752738.6 2455651, 752715 2455662, 752691.9 2455674, 752669.6 2455688, 752648.1 2455703, 752627.3 2455719, 752607.4 2455736, 752588.4 2455754, 752570.4 2455773, 752553.4 2455793, 752537.4 2455813, 752522.6 2455835, 752508.9 2455857, 752496.4 2455880, 752485.2 2455904, 752475.2 2455928, 752466.4 2455953, 752459 2455978, 752452.9 2456003, 752448.1 2456029, 752444.7 2456055, 752442.6 2456081, 752441.9 2456107, 752442.6 2456133, 752444.7 2456160, 752448.1 2456186, 752452.9 2456211, 752459 2456237, 752466.4 2456262, 752475.2 2456287, 752485.2 2456311, 752496.4 2456334, 752508.9 2456357, 752522.6 2456380, 752537.4 2456401, 752553.4 2456422, 752570.4 2456442, 752588.4 2456461, 752607.4 2456479, 752627.3 2456496, 752648.1 2456512, 752669.6 2456527, 752691.9 2456540, 752715 2456553, 752738.6 2456564, 752762.8 2456574, 752787.4 2456583, 752812.5 2456590, 752838 2456596, 752863.7 2456601, 752889.7 2456605, 752915.8 2456607, 752941.9 2456607, 752968.1 2456607, 752994.2 2456605, 753020.2 2456601, 753045.9 2456596, 753071.4 2456590, 753096.5 2456583, 753121.1 2456574, 753145.3 2456564, 753168.9 2456553, 753191.9 2456540, 753214.3 2456527, 753235.8 2456512, 753256.6 2456496, 753276.5 2456479, 753295.5 2456461, 753313.5 2456442, 753330.5 2456422, 753346.5 2456401, 753361.3 2456380, 753375 2456357, 753387.4 2456334, 753398.7 2456311, 753408.7 2456287, 753417.5 2456262, 753424.9 2456237, 753431 2456211, 753435.8 2456186, 753439.2 2456160, 753441.3 2456133, 753441.9 2456107))"
22,20260531,Forest,3542,11.643287154175853,2.4648552864737154,1,Dai,土葬,无,1,0,0,76,61.93806209382271,164.17777095160355,899.55413818359375,12.304438591003418,353.58003602747567,740244.7814941406,0,0.3233897064465462,1,14,0,0,93982.159423828125,0.12696092127002997,1,0,0.9937290189293425,-0.11181519099713805,8.17244681834278,2.454729803996976,0.9021330984584174,"POLYGON ((752994.3 2454341, 752993.6 2454314, 752991.6 2454288, 752988.1 2454262, 752983.4 2454237, 752977.3 2454211, 752969.8 2454186, 752961.1 2454161, 752951.1 2454137, 752939.8 2454114, 752927.3 2454091, 752913.6 2454068, 752898.8 2454047, 752882.9 2454026, 752865.9 2454006, 752847.9 2453987, 752828.9 2453969, 752809 2453952, 752788.2 2453936, 752766.6 2453921, 752744.3 2453908, 752721.3 2453895, 752697.7 2453884, 752673.5 2453874, 752648.8 2453865, 752623.7 2453858, 752598.3 2453852, 752572.5 2453847, 752546.6 2453843, 752520.5 2453841, 752494.3 2453841, 752468.1 2453841, 752442 2453843, 752416.1 2453847, 752390.3 2453852, 752364.9 2453858, 752339.8 2453865, 752315.1 2453874, 752290.9 2453884, 752267.3 2453895, 752244.3 2453908, 752222 2453921, 752200.4 2453936, 752179.6 2453952, 752159.7 2453969, 752140.8 2453987, 752122.7 2454006, 752105.7 2454026, 752089.8 2454047, 752075 2454068, 752061.3 2454091, 752048.8 2454114, 752037.5 2454137, 752027.5 2454161, 752018.8 2454186, 752011.3 2454211, 752005.2 2454237, 752000.5 2454262, 751997 2454288, 751995 2454314, 751994.3 2454341, 751995 2454367, 751997 2454393, 752000.5 2454419, 752005.2 2454445, 752011.3 2454470, 752018.8 2454495, 752027.5 2454520, 752037.5 2454544, 752048.8 2454568, 752061.3 2454591, 752075 2454613, 752089.8 2454634, 752105.7 2454655, 752122.7 2454675, 752140.8 2454694, 752159.7 2454712, 752179.6 2454729, 752200.4 2454745, 752222 2454760, 752244.3 2454774, 752267.3 2454786, 752290.9 2454797, 752315.1 2454807, 752339.8 2454816, 752364.9 2454824, 752390.3 2454830, 752416.1 2454834, 752442 2454838, 752468.1 2454840, 752494.3 2454841, 752520.5 2454840, 752546.6 2454838, 752572.5 2454834, 752598.3 2454830, 752623.7 2454824, 752648.8 2454816, 752673.5 2454807, 752697.7 2454797, 752721.3 2454786, 752744.3 2454774, 752766.6 2454760, 752788.2 2454745, 752809 2454729, 752828.9 2454712, 752847.9 2454694, 752865.9 2454675, 752882.9 2454655, 752898.8 2454634, 752913.6 2454613, 752927.3 2454591, 752939.8 2454568, 752951.1 2454544, 752961.1 2454520, 752969.8 2454495, 752977.3 2454470, 752983.4 2454445, 752988.1 2454419, 752991.6 2454393, 752993.6 2454367, 752994.3 2454341))"
22,20260531,Forest,3542,11.643287154175853,2.4648552864737154,1,Dai,土葬,无,1,0,0,77,433.7764682224992,416.9824168955499,872.93792724609375,10.330180168151855,267.0567995566353,780053.8513183594,0,0.3656017146047178,1,15,0,0,237211.44104003906,0.3040962372522499,1,0,-0.0513459500074891,-0.9986809267317708,8.17244681834278,2.454729803996976,0.9021330984584174,"POLYGON ((753480.2 2454226, 753479.5 2454200, 753477.4 2454174, 753474 2454148, 753469.3 2454122, 753463.1 2454097, 753455.7 2454072, 753447 2454047, 753437 2454023, 753425.7 2453999, 753413.2 2453976, 753399.5 2453954, 753384.7 2453933, 753368.8 2453912, 753351.7 2453892, 753333.7 2453873, 753314.7 2453855, 753294.8 2453838, 753274.1 2453822, 753252.5 2453807, 753230.2 2453793, 753207.2 2453781, 753183.5 2453770, 753159.4 2453760, 753134.7 2453751, 753109.6 2453743, 753084.1 2453737, 753058.4 2453733, 753032.4 2453729, 753006.3 2453727, 752980.2 2453726, 752954 2453727, 752927.9 2453729, 752902 2453733, 752876.2 2453737, 752850.8 2453743, 752825.7 2453751, 752801 2453760, 752776.8 2453770, 752753.2 2453781, 752730.2 2453793, 752707.9 2453807, 752686.3 2453822, 752665.5 2453838, 752645.6 2453855, 752626.6 2453873, 752608.6 2453892, 752591.6 2453912, 752575.7 2453933, 752560.8 2453954, 752547.2 2453976, 752534.7 2453999, 752523.4 2454023, 752513.4 2454047, 752504.6 2454072, 752497.2 2454097, 752491.1 2454122, 752486.3 2454148, 752482.9 2454174, 752480.9 2454200, 752480.2 2454226, 752480.9 2454253, 752482.9 2454279, 752486.3 2454305, 752491.1 2454330, 752497.2 2454356, 752504.6 2454381, 752513.4 2454406, 752523.4 2454430, 752534.7 2454453, 752547.2 2454476, 752560.8 2454499, 752575.7 2454520, 752591.6 2454541, 752608.6 2454561, 752626.6 2454580, 752645.6 2454598, 752665.5 2454615, 752686.3 2454631, 752707.9 2454646, 752730.2 2454659, 752753.2 2454672, 752776.8 2454683, 752801 2454693, 752825.7 2454702, 752850.8 2454709, 752876.2 2454715, 752902 2454720, 752927.9 2454724, 752954 2454726, 752980.2 2454726, 753006.3 2454726, 753032.4 2454724, 753058.4 2454720, 753084.1 2454715, 753109.6 2454709, 753134.7 2454702, 753159.4 2454693, 753183.5 2454683, 753207.2 2454672, 753230.2 2454659, 753252.5 2454646, 753274.1 2454631, 753294.8 2454615, 753314.7 2454598, 753333.7 2454580, 753351.7 2454561, 753368.8 2454541, 753384.7 2454520, 753399.5 2454499, 753413.2 2454476, 753425.7 2454453, 753437 2454430, 753447 2454406, 753455.7 2454381, 753463.1 2454356, 753469.3 2454330, 753474 2454305, 753477.4 2454279, 753479.5 2454253, 753480.2 2454226))"
22,20260531,Forest,3542,11.643287154175853,2.4648552864737154,1,Dai,土葬,无,1,0,0,79,11.314060023394271,149.65650041828502,857.37567138671875,12.0376615524292,228.94882078765815,516968.0419921875,3600,0.6749910562532073,1,16,0,0,45277.17819213867,0.08758216081918446,1,0,-0.6567329083056058,-0.7541232572653231,8.17244681834278,2.454729803996976,0.9021330984584174,"POLYGON ((754824.5 2452052, 754823.8 2452026, 754821.7 2452000, 754818.3 2451974, 754813.5 2451948, 754807.4 2451923, 754800 2451898, 754791.2 2451873, 754781.2 2451849, 754770 2451825, 754757.5 2451802, 754743.8 2451780, 754729 2451759, 754713 2451738, 754696 2451718, 754678 2451699, 754659 2451681, 754639.1 2451664, 754618.3 2451648, 754596.8 2451633, 754574.5 2451619, 754551.4 2451607, 754527.8 2451596, 754503.6 2451586, 754479 2451577, 754453.9 2451569, 754428.4 2451563, 754402.7 2451559, 754376.7 2451555, 754350.6 2451553, 754324.5 2451552, 754298.3 2451553, 754272.2 2451555, 754246.2 2451559, 754220.5 2451563, 754195 2451569, 754169.9 2451577, 754145.3 2451586, 754121.1 2451596, 754097.5 2451607, 754074.5 2451619, 754052.1 2451633, 754030.6 2451648, 754009.8 2451664, 753989.9 2451681, 753970.9 2451699, 753952.9 2451718, 753935.9 2451738, 753919.9 2451759, 753905.1 2451780, 753891.4 2451802, 753879 2451825, 753867.7 2451849, 753857.7 2451873, 753848.9 2451898, 753841.5 2451923, 753835.4 2451948, 753830.6 2451974, 753827.2 2452000, 753825.1 2452026, 753824.5 2452052, 753825.1 2452079, 753827.2 2452105, 753830.6 2452131, 753835.4 2452156, 753841.5 2452182, 753848.9 2452207, 753857.7 2452232, 753867.7 2452256, 753879 2452279, 753891.4 2452302, 753905.1 2452325, 753919.9 2452346, 753935.9 2452367, 753952.9 2452387, 753970.9 2452406, 753989.9 2452424, 754009.8 2452441, 754030.6 2452457, 754052.1 2452472, 754074.5 2452485, 754097.5 2452498, 754121.1 2452509, 754145.3 2452519, 754169.9 2452528, 754195 2452535, 754220.5 2452542, 754246.2 2452546, 754272.2 2452550, 754298.3 2452552, 754324.5 2452552, 754350.6 2452552, 754376.7 2452550, 754402.7 2452546, 754428.4 2452542, 754453.9 2452535, 754479 2452528, 754503.6 2452519, 754527.8 2452509, 754551.4 2452498, 754574.5 2452485, 754596.8 2452472, 754618.3 2452457, 754639.1 2452441, 754659 2452424, 754678 2452406, 754696 2452387, 754713 2452367, 754729 2452346, 754743.8 2452325, 754757.5 2452302, 754770 2452279, 754781.2 2452256, 754791.2 2452232, 754800 2452207, 754807.4 2452182, 754813.5 2452156, 754818.3 2452131, 754821.7 2452105, 754823.8 2452079, 754824.5 2452052))"
22,20260531,Forest,3542,11.643287154175853,2.4648552864737154,1,Dai,土葬,无,1,0,0,80,84.4209693963477,154.1453502531834,857.428466796875,13.916356086730957,263.84553018747454,521767.85888671875,3600,0.49562477225639995,1,17,0,0,29700,0.056921865718923444,1,0,-0.1072093179557504,-0.9942364719439047,8.17244681834278,2.454729803996976,0.9021330984584174,"POLYGON ((754527.1 2452067, 754526.5 2452041, 754524.4 2452015, 754521 2451989, 754516.2 2451963, 754510.1 2451938, 754502.7 2451913, 754493.9 2451888, 754483.9 2451864, 754472.6 2451840, 754460.2 2451817, 754446.5 2451795, 754431.6 2451773, 754415.7 2451752, 754398.7 2451733, 754380.7 2451714, 754361.7 2451696, 754341.8 2451679, 754321 2451663, 754299.5 2451648, 754277.1 2451634, 754254.1 2451622, 754230.5 2451610, 754206.3 2451600, 754181.6 2451592, 754156.6 2451584, 754131.1 2451578, 754105.4 2451573, 754079.4 2451570, 754053.3 2451568, 754027.1 2451567, 754001 2451568, 753974.9 2451570, 753948.9 2451573, 753923.2 2451578, 753897.7 2451584, 753872.6 2451592, 753848 2451600, 753823.8 2451610, 753800.1 2451622, 753777.1 2451634, 753754.8 2451648, 753733.2 2451663, 753712.5 2451679, 753692.6 2451696, 753673.6 2451714, 753655.6 2451733, 753638.6 2451752, 753622.6 2451773, 753607.8 2451795, 753594.1 2451817, 753581.6 2451840, 753570.4 2451864, 753560.4 2451888, 753551.6 2451913, 753544.2 2451938, 753538.1 2451963, 753533.3 2451989, 753529.9 2452015, 753527.8 2452041, 753527.1 2452067, 753527.8 2452093, 753529.9 2452119, 753533.3 2452145, 753538.1 2452171, 753544.2 2452197, 753551.6 2452222, 753560.4 2452246, 753570.4 2452270, 753581.6 2452294, 753594.1 2452317, 753607.8 2452339, 753622.6 2452361, 753638.6 2452382, 753655.6 2452402, 753673.6 2452421, 753692.6 2452439, 753712.5 2452456, 753733.2 2452472, 753754.8 2452486, 753777.1 2452500, 753800.1 2452513, 753823.8 2452524, 753848 2452534, 753872.6 2452543, 753897.7 2452550, 753923.2 2452556, 753948.9 2452561, 753974.9 2452564, 754001 2452566, 754027.1 2452567, 754053.3 2452566, 754079.4 2452564, 754105.4 2452561, 754131.1 2452556, 754156.6 2452550, 754181.6 2452543, 754206.3 2452534, 754230.5 2452524, 754254.1 2452513, 754277.1 2452500, 754299.5 2452486, 754321 2452472, 754341.8 2452456, 754361.7 2452439, 754380.7 2452421, 754398.7 2452402, 754415.7 2452382, 754431.6 2452361, 754446.5 2452339, 754460.2 2452317, 754472.6 2452294, 754483.9 2452270, 754493.9 2452246, 754502.7 2452222, 754510.1 2452197, 754516.2 2452171, 754521 2452145, 754524.4 2452119, 754526.5 2452093, 754527.1 2452067))"
22,20260531,Forest,3542,11.643287154175853,2.4648552864737154,1,Dai,土葬,无,1,0,0,81,420.0890802681609,790.1507147557667,909.49298095703125,13.263842582702637,120.10274814235932,645823.6083984375,0,0.04117201064469011,1,18,0,0,33184.657287597656,0.05138346888539967,1,0,-0.5015522328199188,0.8651273650471091,8.17244681834278,2.454729803996976,0.9021330984584174,"POLYGON ((757228.1 2453011, 757227.4 2452985, 757225.4 2452959, 757222 2452933, 757217.2 2452907, 757211.1 2452882, 757203.6 2452857, 757194.9 2452832, 757184.9 2452808, 757173.6 2452784, 757161.1 2452761, 757147.4 2452739, 757132.6 2452717, 757116.7 2452696, 757099.7 2452676, 757081.7 2452657, 757062.7 2452639, 757042.8 2452622, 757022 2452607, 757000.4 2452592, 756978.1 2452578, 756955.1 2452566, 756931.5 2452554, 756907.3 2452544, 756882.6 2452535, 756857.5 2452528, 756832.1 2452522, 756806.3 2452517, 756780.4 2452514, 756754.3 2452512, 756728.1 2452511, 756701.9 2452512, 756675.8 2452514, 756649.9 2452517, 756624.2 2452522, 756598.7 2452528, 756573.6 2452535, 756548.9 2452544, 756524.7 2452554, 756501.1 2452566, 756478.1 2452578, 756455.8 2452592, 756434.2 2452607, 756413.4 2452622, 756393.5 2452639, 756374.6 2452657, 756356.5 2452676, 756339.5 2452696, 756323.6 2452717, 756308.8 2452739, 756295.1 2452761, 756282.6 2452784, 756271.3 2452808, 756261.3 2452832, 756252.6 2452857, 756245.1 2452882, 756239 2452907, 756234.3 2452933, 756230.8 2452959, 756228.8 2452985, 756228.1 2453011, 756228.8 2453037, 756230.8 2453063, 756234.3 2453089, 756239 2453115, 756245.1 2453140, 756252.6 2453166, 756261.3 2453190, 756271.3 2453214, 756282.6 2453238, 756295.1 2453261, 756308.8 2453283, 756323.6 2453305, 756339.5 2453326, 756356.5 2453346, 756374.6 2453365, 756393.5 2453383, 756413.4 2453400, 756434.2 2453416, 756455.8 2453430, 756478.1 2453444, 756501.1 2453457, 756524.7 2453468, 756548.9 2453478, 756573.6 2453487, 756598.7 2453494, 756624.2 2453500, 756649.9 2453505, 756675.8 2453508, 756701.9 2453510, 756728.1 2453511, 756754.3 2453510, 756780.4 2453508, 756806.3 2453505, 756832.1 2453500, 756857.5 2453494, 756882.6 2453487, 756907.3 2453478, 756931.5 2453468, 756955.1 2453457, 756978.1 2453444, 757000.4 2453430, 757022 2453416, 757042.8 2453400, 757062.7 2453383, 757081.7 2453365, 757099.7 2453346, 757116.7 2453326, 757132.6 2453305, 757147.4 2453283, 757161.1 2453261, 757173.6 2453238, 757184.9 2453214, 757194.9 2453190, 757203.6 2453166, 757211.1 2453140, 757217.2 2453115, 757222 2453089, 757225.4 2453063, 757227.4 2453037, 757228.1 2453011))"
22,20260531,Forest,3542,11.643287154175853,2.4648552864737154,1,Dai,土葬,无,1,0,0,82,125.09308197873946,1680.1614556204274,879.87567138671875,15.403631210327148,141.7866468487795,505463.7634277344,0,0.008843456459627776,1,19,0,0,13161.227130889893,0.02603792414640924,1,0,-0.7857127477667355,0.6185915275824962,8.17244681834278,2.454729803996976,0.9021330984584174,"POLYGON ((756396.1 2452570, 756395.5 2452544, 756393.4 2452518, 756390 2452492, 756385.2 2452466, 756379.1 2452440, 756371.7 2452415, 756362.9 2452391, 756352.9 2452367, 756341.6 2452343, 756329.2 2452320, 756315.5 2452298, 756300.6 2452276, 756284.7 2452255, 756267.7 2452235, 756249.7 2452216, 756230.7 2452198, 756210.8 2452181, 756190 2452165, 756168.5 2452151, 756146.1 2452137, 756123.1 2452124, 756099.5 2452113, 756075.3 2452103, 756050.6 2452094, 756025.5 2452087, 756000.1 2452081, 755974.4 2452076, 755948.4 2452073, 755922.3 2452071, 755896.1 2452070, 755870 2452071, 755843.9 2452073, 755817.9 2452076, 755792.2 2452081, 755766.7 2452087, 755741.6 2452094, 755717 2452103, 755692.8 2452113, 755669.1 2452124, 755646.1 2452137, 755623.8 2452151, 755602.2 2452165, 755581.5 2452181, 755561.6 2452198, 755542.6 2452216, 755524.6 2452235, 755507.6 2452255, 755491.6 2452276, 755476.8 2452298, 755463.1 2452320, 755450.6 2452343, 755439.4 2452367, 755429.3 2452391, 755420.6 2452415, 755413.2 2452440, 755407.1 2452466, 755402.3 2452492, 755398.9 2452518, 755396.8 2452544, 755396.1 2452570, 755396.8 2452596, 755398.9 2452622, 755402.3 2452648, 755407.1 2452674, 755413.2 2452699, 755420.6 2452724, 755429.3 2452749, 755439.4 2452773, 755450.6 2452797, 755463.1 2452820, 755476.8 2452842, 755491.6 2452864, 755507.6 2452885, 755524.6 2452904, 755542.6 2452923, 755561.6 2452941, 755581.5 2452958, 755602.2 2452974, 755623.8 2452989, 755646.1 2453003, 755669.1 2453015, 755692.8 2453027, 755717 2453037, 755741.6 2453045, 755766.7 2453053, 755792.2 2453059, 755817.9 2453064, 755843.9 2453067, 755870 2453069, 755896.1 2453070, 755922.3 2453069, 755948.4 2453067, 755974.4 2453064, 756000.1 2453059, 756025.5 2453053, 756050.6 2453045, 756075.3 2453037, 756099.5 2453027, 756123.1 2453015, 756146.1 2453003, 756168.5 2452989, 756190 2452974, 756210.8 2452958, 756230.7 2452941, 756249.7 2452923, 756267.7 2452904, 756284.7 2452885, 756300.6 2452864, 756315.5 2452842, 756329.2 2452820, 756341.6 2452797, 756352.9 2452773, 756362.9 2452749, 756371.7 2452724, 756379.1 2452699, 756385.2 2452674, 756390 2452648, 756393.4 2452622, 756395.5 2452596, 756396.1 2452570))"
22,20260531,Forest,3967,14.95919111751219,1.9476225854383358,1,Dai,土葬,有,1,0,0,83,306.7455043956261,539.3819347500728,789.94512939453125,5.290195941925049,112.02393552223842,92170.41091918945,478672.8332519531,0.6408784102600618,1,20,43169.54040527344,0.4683665828844183,5400,0.05858713166348426,1,0,-0.37499389517598913,0.9270272803864724,8.28576542051433,2.7053259013994992,0.6666094418079144,"POLYGON ((774605.2 2413620, 774604.5 2413593, 774602.5 2413567, 774599.1 2413541, 774594.3 2413516, 774588.2 2413490, 774580.8 2413465, 774572 2413440, 774562 2413416, 774550.7 2413393, 774538.2 2413370, 774524.6 2413347, 774509.7 2413326, 774493.8 2413305, 774476.8 2413285, 774458.8 2413266, 774439.8 2413248, 774419.9 2413231, 774399.1 2413215, 774377.6 2413200, 774355.2 2413187, 774332.2 2413174, 774308.6 2413163, 774284.4 2413153, 774259.7 2413144, 774234.6 2413137, 774209.2 2413130, 774183.5 2413126, 774157.5 2413122, 774131.4 2413120, 774105.2 2413120, 774079.1 2413120, 774053 2413122, 774027 2413126, 774001.3 2413130, 773975.8 2413137, 773950.7 2413144, 773926.1 2413153, 773901.9 2413163, 773878.2 2413174, 773855.2 2413187, 773832.9 2413200, 773811.3 2413215, 773790.6 2413231, 773770.7 2413248, 773751.7 2413266, 773733.7 2413285, 773716.7 2413305, 773700.7 2413326, 773685.9 2413347, 773672.2 2413370, 773659.7 2413393, 773648.5 2413416, 773638.4 2413440, 773629.7 2413465, 773622.3 2413490, 773616.2 2413516, 773611.4 2413541, 773608 2413567, 773605.9 2413593, 773605.2 2413620, 773605.9 2413646, 773608 2413672, 773611.4 2413698, 773616.2 2413723, 773622.3 2413749, 773629.7 2413774, 773638.4 2413799, 773648.5 2413823, 773659.7 2413847, 773672.2 2413870, 773685.9 2413892, 773700.7 2413913, 773716.7 2413934, 773733.7 2413954, 773751.7 2413973, 773770.7 2413991, 773790.6 2414008, 773811.3 2414024, 773832.9 2414039, 773855.2 2414053, 773878.2 2414065, 773901.9 2414076, 773926.1 2414086, 773950.7 2414095, 773975.8 2414102, 774001.3 2414109, 774027 2414113, 774053 2414117, 774079.1 2414119, 774105.2 2414120, 774131.4 2414119, 774157.5 2414117, 774183.5 2414113, 774209.2 2414109, 774234.6 2414102, 774259.7 2414095, 774284.4 2414086, 774308.6 2414076, 774332.2 2414065, 774355.2 2414053, 774377.6 2414039, 774399.1 2414024, 774419.9 2414008, 774439.8 2413991, 774458.8 2413973, 774476.8 2413954, 774493.8 2413934, 774509.7 2413913, 774524.6 2413892, 774538.2 2413870, 774550.7 2413847, 774562 2413823, 774572 2413799, 774580.8 2413774, 774588.2 2413749, 774594.3 2413723, 774599.1 2413698, 774602.5 2413672, 774604.5 2413646, 774605.2 2413620))"
22,20260531,Forest,8648.496240601504,76.27695533538889,1.5257764969580532,1,Dai,土葬,有,1,0,0,85,1008.8662438904462,1376.8589746386494,572.7021484375,7.6623759269714355,192.8042217746055,76500,7200,0.2680426131628993,1,21,5400,0.07058823529411765,0,0,1,0,-0.9751330271083185,-0.2216203497934416,9.065140739795961,4.33437086561193,0.42250345880522394,"POLYGON ((698156 2413099, 698155.3 2413073, 698153.2 2413047, 698149.8 2413021, 698145.1 2412995, 698139 2412969, 698131.5 2412944, 698122.8 2412920, 698112.8 2412896, 698101.5 2412872, 698089 2412849, 698075.3 2412827, 698060.5 2412805, 698044.6 2412784, 698027.6 2412764, 698009.5 2412745, 697990.6 2412727, 697970.6 2412710, 697949.9 2412694, 697928.3 2412680, 697906 2412666, 697883 2412653, 697859.4 2412642, 697835.2 2412632, 697810.5 2412623, 697785.4 2412616, 697759.9 2412610, 697734.2 2412605, 697708.3 2412602, 697682.2 2412600, 697656 2412599, 697629.8 2412600, 697603.7 2412602, 697577.8 2412605, 697552 2412610, 697526.6 2412616, 697501.5 2412623, 697476.8 2412632, 697452.6 2412642, 697429 2412653, 697406 2412666, 697383.7 2412680, 697362.1 2412694, 697341.3 2412710, 697321.4 2412727, 697302.4 2412745, 697284.4 2412764, 697267.4 2412784, 697251.5 2412805, 697236.7 2412827, 697223 2412849, 697210.5 2412872, 697199.2 2412896, 697189.2 2412920, 697180.5 2412944, 697173 2412969, 697166.9 2412995, 697162.1 2413021, 697158.7 2413047, 697156.7 2413073, 697156 2413099, 697156.7 2413125, 697158.7 2413151, 697162.1 2413177, 697166.9 2413203, 697173 2413228, 697180.5 2413253, 697189.2 2413278, 697199.2 2413302, 697210.5 2413326, 697223 2413349, 697236.7 2413371, 697251.5 2413393, 697267.4 2413414, 697284.4 2413433, 697302.4 2413452, 697321.4 2413470, 697341.3 2413487, 697362.1 2413503, 697383.7 2413518, 697406 2413532, 697429 2413544, 697452.6 2413556, 697476.8 2413566, 697501.5 2413574, 697526.6 2413582, 697552 2413588, 697577.8 2413593, 697603.7 2413596, 697629.8 2413598, 697656 2413599, 697682.2 2413598, 697708.3 2413596, 697734.2 2413593, 697759.9 2413588, 697785.4 2413582, 697810.5 2413574, 697835.2 2413566, 697859.4 2413556, 697883 2413544, 697906 2413532, 697928.3 2413518, 697949.9 2413503, 697970.6 2413487, 697990.6 2413470, 698009.5 2413452, 698027.6 2413433, 698044.6 2413414, 698060.5 2413393, 698075.3 2413371, 698089 2413349, 698101.5 2413326, 698112.8 2413302, 698122.8 2413278, 698131.5 2413253, 698139 2413228, 698145.1 2413203, 698149.8 2413177, 698153.2 2413151, 698155.3 2413125, 698156 2413099))"
22,20260531,Forest,8648.496240601504,76.27695533538889,1.5257764969580532,1,Dai,火葬,有,1,0,0,94,1376.8641246322459,1537.2278027085592,576.19000244140625,6.143325328826904,99.62072776196457,12600,18824.27158355713,0.06591145895325191,1,22,12600,1,0,0,1,0,-0.16712543730681143,0.985935641005541,9.065140739795961,4.33437086561193,0.42250345880522394,"POLYGON ((697636.8 2413759, 697636.1 2413733, 697634 2413707, 697630.6 2413681, 697625.9 2413655, 697619.7 2413630, 697612.3 2413605, 697603.6 2413580, 697593.6 2413556, 697582.3 2413532, 697569.8 2413509, 697556.1 2413487, 697541.3 2413465, 697525.4 2413444, 697508.4 2413425, 697490.3 2413406, 697471.3 2413387, 697451.4 2413370, 697430.7 2413355, 697409.1 2413340, 697386.8 2413326, 697363.8 2413314, 697340.2 2413302, 697316 2413292, 697291.3 2413284, 697266.2 2413276, 697240.7 2413270, 697215 2413265, 697189 2413262, 697163 2413260, 697136.8 2413259, 697110.6 2413260, 697084.5 2413262, 697058.6 2413265, 697032.8 2413270, 697007.4 2413276, 696982.3 2413284, 696957.6 2413292, 696933.4 2413302, 696909.8 2413314, 696886.8 2413326, 696864.5 2413340, 696842.9 2413355, 696822.1 2413370, 696802.2 2413387, 696783.2 2413406, 696765.2 2413425, 696748.2 2413444, 696732.3 2413465, 696717.4 2413487, 696703.8 2413509, 696691.3 2413532, 696680 2413556, 696670 2413580, 696661.3 2413605, 696653.8 2413630, 696647.7 2413655, 696642.9 2413681, 696639.5 2413707, 696637.5 2413733, 696636.8 2413759, 696637.5 2413785, 696639.5 2413811, 696642.9 2413837, 696647.7 2413863, 696653.8 2413888, 696661.3 2413914, 696670 2413938, 696680 2413962, 696691.3 2413986, 696703.8 2414009, 696717.4 2414031, 696732.3 2414053, 696748.2 2414074, 696765.2 2414094, 696783.2 2414113, 696802.2 2414131, 696822.1 2414148, 696842.9 2414164, 696864.5 2414178, 696886.8 2414192, 696909.8 2414205, 696933.4 2414216, 696957.6 2414226, 696982.3 2414235, 697007.4 2414242, 697032.8 2414248, 697058.6 2414253, 697084.5 2414256, 697110.6 2414258, 697136.8 2414259, 697163 2414258, 697189 2414256, 697215 2414253, 697240.7 2414248, 697266.2 2414242, 697291.3 2414235, 697316 2414226, 697340.2 2414216, 697363.8 2414205, 697386.8 2414192, 697409.1 2414178, 697430.7 2414164, 697451.4 2414148, 697471.3 2414131, 697490.3 2414113, 697508.4 2414094, 697525.4 2414074, 697541.3 2414053, 697556.1 2414031, 697569.8 2414009, 697582.3 2413986, 697593.6 2413962, 697603.6 2413938, 697612.3 2413914, 697619.7 2413888, 697625.9 2413863, 697630.6 2413837, 697634 2413811, 697636.1 2413785, 697636.8 2413759))"
22,20260531,Forest,5152.0093185789165,31.010082017237615,3.867597133157299,1,Dai,土葬,无,1,0,0,101,228.1249018897569,1119.207198651061,960.791259765625,6.993250370025635,226.22311840602444,657253.67431640625,0,0.19051871660580885,1,23,311686.962890625,0.47422627680979207,78536.57684326172,0.11949203163443053,1,0,-0.6918518928391604,-0.7220394437805119,8.547142076512934,3.4343123779730202,1.3526334183810655,"POLYGON ((685615 2486201, 685614.3 2486175, 685612.2 2486149, 685608.8 2486123, 685604.1 2486098, 685597.9 2486072, 685590.5 2486047, 685581.8 2486022, 685571.7 2485998, 685560.5 2485974, 685548 2485951, 685534.3 2485929, 685519.5 2485908, 685503.5 2485887, 685486.5 2485867, 685468.5 2485848, 685449.5 2485830, 685429.6 2485813, 685408.9 2485797, 685387.3 2485782, 685365 2485768, 685342 2485756, 685318.3 2485745, 685294.2 2485735, 685269.5 2485726, 685244.4 2485719, 685218.9 2485712, 685193.2 2485708, 685167.2 2485704, 685141.1 2485702, 685115 2485701, 685088.8 2485702, 685062.7 2485704, 685036.8 2485708, 685011 2485712, 684985.6 2485719, 684960.5 2485726, 684935.8 2485735, 684911.6 2485745, 684888 2485756, 684865 2485768, 684842.7 2485782, 684821.1 2485797, 684800.3 2485813, 684780.4 2485830, 684761.4 2485848, 684743.4 2485867, 684726.4 2485887, 684710.5 2485908, 684695.6 2485929, 684682 2485951, 684669.5 2485974, 684658.2 2485998, 684648.2 2486022, 684639.4 2486047, 684632 2486072, 684625.9 2486098, 684621.1 2486123, 684617.7 2486149, 684615.7 2486175, 684615 2486201, 684615.7 2486228, 684617.7 2486254, 684621.1 2486280, 684625.9 2486305, 684632 2486331, 684639.4 2486356, 684648.2 2486381, 684658.2 2486405, 684669.5 2486428, 684682 2486451, 684695.6 2486474, 684710.5 2486495, 684726.4 2486516, 684743.4 2486536, 684761.4 2486555, 684780.4 2486573, 684800.3 2486590, 684821.1 2486606, 684842.7 2486621, 684865 2486634, 684888 2486647, 684911.6 2486658, 684935.8 2486668, 684960.5 2486677, 684985.6 2486684, 685011 2486691, 685036.8 2486695, 685062.7 2486699, 685088.8 2486701, 685115 2486701, 685141.1 2486701, 685167.2 2486699, 685193.2 2486695, 685218.9 2486691, 685244.4 2486684, 685269.5 2486677, 685294.2 2486668, 685318.3 2486658, 685342 2486647, 685365 2486634, 685387.3 2486621, 685408.9 2486606, 685429.6 2486590, 685449.5 2486573, 685468.5 2486555, 685486.5 2486536, 685503.5 2486516, 685519.5 2486495, 685534.3 2486474, 685548 2486451, 685560.5 2486428, 685571.7 2486405, 685581.8 2486381, 685590.5 2486356, 685597.9 2486331, 685604.1 2486305, 685608.8 2486280, 685612.2 2486254, 685614.3 2486228, 685615 2486201))"
22,20260531,Forest,5152.0093185789165,31.010082017237615,3.867597133157299,1,Dai,土葬,无,1,0,0,104,369.84839221074515,825.7193840604237,941.459716796875,7.661356449127197,198.17679934876242,599880.3771972656,0,0.23547331949992412,1,24,230155.26580810547,0.38366860220270355,28691.05682373047,0.04782796356463525,1,0,-0.9500984467160521,-0.31195022286856106,8.547142076512934,3.4343123779730202,1.3526334183810655,"POLYGON ((684836.9 2487518, 684836.2 2487492, 684834.2 2487466, 684830.8 2487440, 684826 2487414, 684819.9 2487388, 684812.5 2487363, 684803.7 2487339, 684793.7 2487314, 684782.4 2487291, 684769.9 2487268, 684756.3 2487245, 684741.4 2487224, 684725.5 2487203, 684708.5 2487183, 684690.5 2487164, 684671.5 2487146, 684651.6 2487129, 684630.8 2487113, 684609.3 2487098, 684586.9 2487085, 684563.9 2487072, 684540.3 2487061, 684516.1 2487051, 684491.4 2487042, 684466.3 2487035, 684440.9 2487029, 684415.2 2487024, 684389.2 2487021, 684363.1 2487018, 684336.9 2487018, 684310.8 2487018, 684284.7 2487021, 684258.7 2487024, 684233 2487029, 684207.5 2487035, 684182.4 2487042, 684157.8 2487051, 684133.6 2487061, 684109.9 2487072, 684086.9 2487085, 684064.6 2487098, 684043 2487113, 684022.3 2487129, 684002.4 2487146, 683983.4 2487164, 683965.4 2487183, 683948.4 2487203, 683932.4 2487224, 683917.6 2487245, 683903.9 2487268, 683891.4 2487291, 683880.2 2487314, 683870.1 2487339, 683861.4 2487363, 683854 2487388, 683847.9 2487414, 683843.1 2487440, 683839.7 2487466, 683837.6 2487492, 683836.9 2487518, 683837.6 2487544, 683839.7 2487570, 683843.1 2487596, 683847.9 2487622, 683854 2487647, 683861.4 2487672, 683870.1 2487697, 683880.2 2487721, 683891.4 2487745, 683903.9 2487768, 683917.6 2487790, 683932.4 2487812, 683948.4 2487832, 683965.4 2487852, 683983.4 2487871, 684002.4 2487889, 684022.3 2487906, 684043 2487922, 684064.6 2487937, 684086.9 2487951, 684109.9 2487963, 684133.6 2487975, 684157.8 2487985, 684182.4 2487993, 684207.5 2488001, 684233 2488007, 684258.7 2488012, 684284.7 2488015, 684310.8 2488017, 684336.9 2488018, 684363.1 2488017, 684389.2 2488015, 684415.2 2488012, 684440.9 2488007, 684466.3 2488001, 684491.4 2487993, 684516.1 2487985, 684540.3 2487975, 684563.9 2487963, 684586.9 2487951, 684609.3 2487937, 684630.8 2487922, 684651.6 2487906, 684671.5 2487889, 684690.5 2487871, 684708.5 2487852, 684725.5 2487832, 684741.4 2487812, 684756.3 2487790, 684769.9 2487768, 684782.4 2487745, 684793.7 2487721, 684803.7 2487697, 684812.5 2487672, 684819.9 2487647, 684826 2487622, 684830.8 2487596, 684834.2 2487570, 684836.2 2487544, 684836.9 2487518))"
22,20260531,Forest,5152.0093185789165,31.010082017237615,3.867597133157299,1,Dai,土葬,无,1,0,0,105,659.1089449434361,728.5630109429757,947.1767578125,6.015493392944336,86.6597040627946,580413.1530761719,0,0.10225229611591322,1,25,269119.775390625,0.4636693258316054,22838.9591217041,0.03934948579414219,1,0,0.05826614324971921,0.998301085119516,8.547142076512934,3.4343123779730202,1.3526334183810655,"POLYGON ((683568.5 2487868, 683567.9 2487842, 683565.8 2487816, 683562.4 2487790, 683557.6 2487765, 683551.5 2487739, 683544.1 2487714, 683535.3 2487689, 683525.3 2487665, 683514 2487641, 683501.6 2487618, 683487.9 2487596, 683473 2487575, 683457.1 2487554, 683440.1 2487534, 683422.1 2487515, 683403.1 2487497, 683383.2 2487480, 683362.4 2487464, 683340.9 2487449, 683318.5 2487435, 683295.5 2487423, 683271.9 2487412, 683247.7 2487402, 683223 2487393, 683198 2487386, 683172.5 2487379, 683146.8 2487375, 683120.8 2487371, 683094.7 2487369, 683068.5 2487368, 683042.4 2487369, 683016.3 2487371, 682990.3 2487375, 682964.6 2487379, 682939.1 2487386, 682914 2487393, 682889.4 2487402, 682865.2 2487412, 682841.5 2487423, 682818.5 2487435, 682796.2 2487449, 682774.6 2487464, 682753.9 2487480, 682734 2487497, 682715 2487515, 682697 2487534, 682680 2487554, 682664 2487575, 682649.2 2487596, 682635.5 2487618, 682623 2487641, 682611.8 2487665, 682601.8 2487689, 682593 2487714, 682585.6 2487739, 682579.5 2487765, 682574.7 2487790, 682571.3 2487816, 682569.2 2487842, 682568.5 2487868, 682569.2 2487895, 682571.3 2487921, 682574.7 2487947, 682579.5 2487972, 682585.6 2487998, 682593 2488023, 682601.8 2488048, 682611.8 2488072, 682623 2488095, 682635.5 2488118, 682649.2 2488141, 682664 2488162, 682680 2488183, 682697 2488203, 682715 2488222, 682734 2488240, 682753.9 2488257, 682774.6 2488273, 682796.2 2488288, 682818.5 2488301, 682841.5 2488314, 682865.2 2488325, 682889.4 2488335, 682914 2488344, 682939.1 2488351, 682964.6 2488358, 682990.3 2488362, 683016.3 2488366, 683042.4 2488368, 683068.5 2488368, 683094.7 2488368, 683120.8 2488366, 683146.8 2488362, 683172.5 2488358, 683198 2488351, 683223 2488344, 683247.7 2488335, 683271.9 2488325, 683295.5 2488314, 683318.5 2488301, 683340.9 2488288, 683362.4 2488273, 683383.2 2488257, 683403.1 2488240, 683422.1 2488222, 683440.1 2488203, 683457.1 2488183, 683473 2488162, 683487.9 2488141, 683501.6 2488118, 683514 2488095, 683525.3 2488072, 683535.3 2488048, 683544.1 2488023, 683551.5 2487998, 683557.6 2487972, 683562.4 2487947, 683565.8 2487921, 683567.9 2487895, 683568.5 2487868))"
22,20260531,Forest,4740.827023878858,28.393067437574942,2.9508196721311477,1,Dai,土葬,无,1,0,0,111,97.68185692327826,662.1403956210609,909.31689453125,4.07542085647583,100.15327871427588,521657.8857421875,0,0.5071069974758347,1,27,127115.81268310547,0.2436765860488273,29440.784454345703,0.05643695851057422,1,0,-0.1762821288039153,0.9843396827642172,8.463966877081248,3.346145011058112,1.0820829867168993,"POLYGON ((683068 2484635, 683067.4 2484608, 683065.3 2484582, 683061.9 2484556, 683057.1 2484531, 683051 2484505, 683043.6 2484480, 683034.8 2484455, 683024.8 2484431, 683013.5 2484408, 683001.1 2484385, 682987.4 2484362, 682972.5 2484341, 682956.6 2484320, 682939.6 2484300, 682921.6 2484281, 682902.6 2484263, 682882.7 2484246, 682861.9 2484230, 682840.4 2484215, 682818 2484202, 682795 2484189, 682771.4 2484178, 682747.2 2484168, 682722.5 2484159, 682697.5 2484152, 682672 2484145, 682646.3 2484141, 682620.3 2484137, 682594.2 2484135, 682568 2484135, 682541.9 2484135, 682515.8 2484137, 682489.8 2484141, 682464.1 2484145, 682438.6 2484152, 682413.5 2484159, 682388.9 2484168, 682364.7 2484178, 682341 2484189, 682318 2484202, 682295.7 2484215, 682274.1 2484230, 682253.4 2484246, 682233.5 2484263, 682214.5 2484281, 682196.5 2484300, 682179.5 2484320, 682163.5 2484341, 682148.7 2484362, 682135 2484385, 682122.5 2484408, 682111.3 2484431, 682101.3 2484455, 682092.5 2484480, 682085.1 2484505, 682079 2484531, 682074.2 2484556, 682070.8 2484582, 682068.7 2484608, 682068 2484635, 682068.7 2484661, 682070.8 2484687, 682074.2 2484713, 682079 2484739, 682085.1 2484764, 682092.5 2484789, 682101.3 2484814, 682111.3 2484838, 682122.5 2484862, 682135 2484885, 682148.7 2484907, 682163.5 2484928, 682179.5 2484949, 682196.5 2484969, 682214.5 2484988, 682233.5 2485006, 682253.4 2485023, 682274.1 2485039, 682295.7 2485054, 682318 2485068, 682341 2485080, 682364.7 2485091, 682388.9 2485101, 682413.5 2485110, 682438.6 2485118, 682464.1 2485124, 682489.8 2485128, 682515.8 2485132, 682541.9 2485134, 682568 2485135, 682594.2 2485134, 682620.3 2485132, 682646.3 2485128, 682672 2485124, 682697.5 2485118, 682722.5 2485110, 682747.2 2485101, 682771.4 2485091, 682795 2485080, 682818 2485068, 682840.4 2485054, 682861.9 2485039, 682882.7 2485023, 682902.6 2485006, 682921.6 2484988, 682939.6 2484969, 682956.6 2484949, 682972.5 2484928, 682987.4 2484907, 683001.1 2484885, 683013.5 2484862, 683024.8 2484838, 683034.8 2484814, 683043.6 2484789, 683051 2484764, 683057.1 2484739, 683061.9 2484713, 683065.3 2484687, 683067.4 2484661, 683068 2484635))"
22,20260531,Forest,4841,40.475513715159785,0.8751300728407908,1,Dai,火葬,有,1,0,0,118,233.09765968359352,838.1390268477052,561.50042724609375,6.8895649909973145,269.4337593707232,900,213617.2576904297,0.8939737439154687,1,28,900,1,0,0,1,0,-0.009882602466943701,-0.9999511658918551,8.484876589939695,3.7006971916427536,-0.13338274899734448,"POLYGON ((734812.6 2426628, 734811.9 2426601, 734809.8 2426575, 734806.4 2426549, 734801.7 2426524, 734795.5 2426498, 734788.1 2426473, 734779.4 2426448, 734769.4 2426424, 734758.1 2426401, 734745.6 2426378, 734731.9 2426355, 734717.1 2426334, 734701.2 2426313, 734684.2 2426293, 734666.1 2426274, 734647.1 2426256, 734627.2 2426239, 734606.5 2426223, 734584.9 2426208, 734562.6 2426195, 734539.6 2426182, 734516 2426171, 734491.8 2426161, 734467.1 2426152, 734442 2426145, 734416.5 2426139, 734390.8 2426134, 734364.8 2426130, 734338.8 2426128, 734312.6 2426128, 734286.4 2426128, 734260.3 2426130, 734234.4 2426134, 734208.6 2426139, 734183.2 2426145, 734158.1 2426152, 734133.4 2426161, 734109.2 2426171, 734085.6 2426182, 734062.6 2426195, 734040.3 2426208, 734018.7 2426223, 733997.9 2426239, 733978 2426256, 733959 2426274, 733941 2426293, 733924 2426313, 733908.1 2426334, 733893.2 2426355, 733879.6 2426378, 733867.1 2426401, 733855.8 2426424, 733845.8 2426448, 733837.1 2426473, 733829.6 2426498, 733823.5 2426524, 733818.7 2426549, 733815.3 2426575, 733813.3 2426601, 733812.6 2426628, 733813.3 2426654, 733815.3 2426680, 733818.7 2426706, 733823.5 2426732, 733829.6 2426757, 733837.1 2426782, 733845.8 2426807, 733855.8 2426831, 733867.1 2426855, 733879.6 2426878, 733893.2 2426900, 733908.1 2426922, 733924 2426942, 733941 2426962, 733959 2426981, 733978 2426999, 733997.9 2427016, 734018.7 2427032, 734040.3 2427047, 734062.6 2427061, 734085.6 2427073, 734109.2 2427084, 734133.4 2427094, 734158.1 2427103, 734183.2 2427111, 734208.6 2427117, 734234.4 2427122, 734260.3 2427125, 734286.4 2427127, 734312.6 2427128, 734338.8 2427127, 734364.8 2427125, 734390.8 2427122, 734416.5 2427117, 734442 2427111, 734467.1 2427103, 734491.8 2427094, 734516 2427084, 734539.6 2427073, 734562.6 2427061, 734584.9 2427047, 734606.5 2427032, 734627.2 2427016, 734647.1 2426999, 734666.1 2426981, 734684.2 2426962, 734701.2 2426942, 734717.1 2426922, 734731.9 2426900, 734745.6 2426878, 734758.1 2426855, 734769.4 2426831, 734779.4 2426807, 734788.1 2426782, 734795.5 2426757, 734801.7 2426732, 734806.4 2426706, 734809.8 2426680, 734811.9 2426654, 734812.6 2426628))"
22,20260531,Forest,5465,23.428444351802323,2.060169070114371,1,Dai,土葬,有,1,0,0,121,64.5810599327515,1142.9990473437958,590.57354736328125,6.192760944366455,223.83225940883858,2342.1991109848022,25301.668167114258,0.8649470296179463,1,29,2342.1991109848022,1,0,0,1,0,-0.7213704143400832,-0.6925494388957489,8.60611940061064,3.1539508547457378,0.7227880523047497,"POLYGON ((746810.3 2420653, 746809.7 2420627, 746807.6 2420600, 746804.2 2420574, 746799.4 2420549, 746793.3 2420523, 746785.9 2420498, 746777.1 2420474, 746767.1 2420449, 746755.8 2420426, 746743.4 2420403, 746729.7 2420380, 746714.8 2420359, 746698.9 2420338, 746681.9 2420318, 746663.9 2420299, 746644.9 2420281, 746625 2420264, 746604.2 2420248, 746582.7 2420233, 746560.3 2420220, 746537.3 2420207, 746513.7 2420196, 746489.5 2420186, 746464.8 2420177, 746439.7 2420170, 746414.3 2420164, 746388.6 2420159, 746362.6 2420155, 746336.5 2420153, 746310.3 2420153, 746284.2 2420153, 746258.1 2420155, 746232.1 2420159, 746206.4 2420164, 746180.9 2420170, 746155.8 2420177, 746131.2 2420186, 746107 2420196, 746083.3 2420207, 746060.3 2420220, 746038 2420233, 746016.4 2420248, 745995.7 2420264, 745975.8 2420281, 745956.8 2420299, 745938.8 2420318, 745921.8 2420338, 745905.8 2420359, 745891 2420380, 745877.3 2420403, 745864.8 2420426, 745853.6 2420449, 745843.5 2420474, 745834.8 2420498, 745827.4 2420523, 745821.3 2420549, 745816.5 2420574, 745813.1 2420600, 745811 2420627, 745810.3 2420653, 745811 2420679, 745813.1 2420705, 745816.5 2420731, 745821.3 2420757, 745827.4 2420782, 745834.8 2420807, 745843.5 2420832, 745853.6 2420856, 745864.8 2420880, 745877.3 2420903, 745891 2420925, 745905.8 2420947, 745921.8 2420967, 745938.8 2420987, 745956.8 2421006, 745975.8 2421024, 745995.7 2421041, 746016.4 2421057, 746038 2421072, 746060.3 2421086, 746083.3 2421098, 746107 2421109, 746131.2 2421119, 746155.8 2421128, 746180.9 2421136, 746206.4 2421142, 746232.1 2421147, 746258.1 2421150, 746284.2 2421152, 746310.3 2421153, 746336.5 2421152, 746362.6 2421150, 746388.6 2421147, 746414.3 2421142, 746439.7 2421136, 746464.8 2421128, 746489.5 2421119, 746513.7 2421109, 746537.3 2421098, 746560.3 2421086, 746582.7 2421072, 746604.2 2421057, 746625 2421041, 746644.9 2421024, 746663.9 2421006, 746681.9 2420987, 746698.9 2420967, 746714.8 2420947, 746729.7 2420925, 746743.4 2420903, 746755.8 2420880, 746767.1 2420856, 746777.1 2420832, 746785.9 2420807, 746793.3 2420782, 746799.4 2420757, 746804.2 2420731, 746807.6 2420705, 746809.7 2420679, 746810.3 2420653))"
22,20260531,Forest,4515,22.149829986848378,1.7557289127254998,1,Dai,土葬,无,1,0,0,138,302.78031119932564,548.8884099544822,589.6767578125,13.987273216247559,314.1546532921039,579605.3283691406,0,0.5476812729532817,1,31,160949.99542236328,0.2776889506437681,22000.41904449463,0.03795758590832509,1,0,0.696597486124487,-0.7174621539322092,8.415160465851086,3.0978298209243684,0.5628841055764946,"POLYGON ((736160.6 2421863, 736159.9 2421837, 736157.8 2421811, 736154.4 2421785, 736149.7 2421760, 736143.5 2421734, 736136.1 2421709, 736127.4 2421684, 736117.4 2421660, 736106.1 2421636, 736093.6 2421613, 736079.9 2421591, 736065.1 2421570, 736049.2 2421549, 736032.2 2421529, 736014.1 2421510, 735995.1 2421492, 735975.2 2421475, 735954.5 2421459, 735932.9 2421444, 735910.6 2421430, 735887.6 2421418, 735863.9 2421407, 735839.8 2421397, 735815.1 2421388, 735790 2421381, 735764.5 2421374, 735738.8 2421370, 735712.8 2421366, 735686.7 2421364, 735660.6 2421363, 735634.4 2421364, 735608.3 2421366, 735582.4 2421370, 735556.6 2421374, 735531.2 2421381, 735506.1 2421388, 735481.4 2421397, 735457.2 2421407, 735433.6 2421418, 735410.6 2421430, 735388.3 2421444, 735366.7 2421459, 735345.9 2421475, 735326 2421492, 735307 2421510, 735289 2421529, 735272 2421549, 735256.1 2421570, 735241.2 2421591, 735227.6 2421613, 735215.1 2421636, 735203.8 2421660, 735193.8 2421684, 735185.1 2421709, 735177.6 2421734, 735171.5 2421760, 735166.7 2421785, 735163.3 2421811, 735161.3 2421837, 735160.6 2421863, 735161.3 2421890, 735163.3 2421916, 735166.7 2421942, 735171.5 2421967, 735177.6 2421993, 735185.1 2422018, 735193.8 2422043, 735203.8 2422067, 735215.1 2422090, 735227.6 2422113, 735241.2 2422136, 735256.1 2422157, 735272 2422178, 735289 2422198, 735307 2422217, 735326 2422235, 735345.9 2422252, 735366.7 2422268, 735388.3 2422283, 735410.6 2422296, 735433.6 2422309, 735457.2 2422320, 735481.4 2422330, 735506.1 2422339, 735531.2 2422346, 735556.6 2422353, 735582.4 2422357, 735608.3 2422361, 735634.4 2422363, 735660.6 2422363, 735686.7 2422363, 735712.8 2422361, 735738.8 2422357, 735764.5 2422353, 735790 2422346, 735815.1 2422339, 735839.8 2422330, 735863.9 2422320, 735887.6 2422309, 735910.6 2422296, 735932.9 2422283, 735954.5 2422268, 735975.2 2422252, 735995.1 2422235, 736014.1 2422217, 736032.2 2422198, 736049.2 2422178, 736065.1 2422157, 736079.9 2422136, 736093.6 2422113, 736106.1 2422090, 736117.4 2422067, 736127.4 2422043, 736136.1 2422018, 736143.5 2421993, 736149.7 2421967, 736154.4 2421942, 736157.8 2421916, 736159.9 2421890, 736160.6 2421863))"
22,20260531,Forest,3276,13.328938169353023,1.439689756619417,1,Dai,土葬,无,1,0,0,151,208.3192722925006,2347.7771773940217,647.27374267578125,14.103187561035156,266.7269636071464,31396.83494567871,287874.5635986328,0.020877253761271707,1,32,15196.83666229248,0.484024478536939,5400,0.17199185871260014,1,0,-0.057094197226974286,-0.998368795908109,8.09437844497296,2.5899374738049867,0.3644276435838435,"POLYGON ((740498.1 2396033, 740497.4 2396007, 740495.4 2395980, 740491.9 2395954, 740487.2 2395929, 740481.1 2395903, 740473.6 2395878, 740464.9 2395854, 740454.9 2395829, 740443.6 2395806, 740431.1 2395783, 740417.4 2395760, 740402.6 2395739, 740386.7 2395718, 740369.7 2395698, 740351.7 2395679, 740332.7 2395661, 740312.8 2395644, 740292 2395628, 740270.4 2395613, 740248.1 2395600, 740225.1 2395587, 740201.5 2395576, 740177.3 2395566, 740152.6 2395557, 740127.5 2395550, 740102.1 2395544, 740076.3 2395539, 740050.4 2395535, 740024.3 2395533, 739998.1 2395533, 739971.9 2395533, 739945.8 2395535, 739919.9 2395539, 739894.1 2395544, 739868.7 2395550, 739843.6 2395557, 739818.9 2395566, 739794.7 2395576, 739771.1 2395587, 739748.1 2395600, 739725.8 2395613, 739704.2 2395628, 739683.4 2395644, 739663.5 2395661, 739644.6 2395679, 739626.5 2395698, 739609.5 2395718, 739593.6 2395739, 739578.8 2395760, 739565.1 2395783, 739552.6 2395806, 739541.3 2395829, 739531.3 2395854, 739522.6 2395878, 739515.1 2395903, 739509 2395929, 739504.3 2395954, 739500.8 2395980, 739498.8 2396007, 739498.1 2396033, 739498.8 2396059, 739500.8 2396085, 739504.3 2396111, 739509 2396137, 739515.1 2396162, 739522.6 2396187, 739531.3 2396212, 739541.3 2396236, 739552.6 2396260, 739565.1 2396283, 739578.8 2396305, 739593.6 2396327, 739609.5 2396347, 739626.5 2396367, 739644.6 2396386, 739663.5 2396404, 739683.4 2396421, 739704.2 2396437, 739725.8 2396452, 739748.1 2396466, 739771.1 2396478, 739794.7 2396489, 739818.9 2396500, 739843.6 2396508, 739868.7 2396516, 739894.1 2396522, 739919.9 2396527, 739945.8 2396530, 739971.9 2396532, 739998.1 2396533, 740024.3 2396532, 740050.4 2396530, 740076.3 2396527, 740102.1 2396522, 740127.5 2396516, 740152.6 2396508, 740177.3 2396500, 740201.5 2396489, 740225.1 2396478, 740248.1 2396466, 740270.4 2396452, 740292 2396437, 740312.8 2396421, 740332.7 2396404, 740351.7 2396386, 740369.7 2396367, 740386.7 2396347, 740402.6 2396327, 740417.4 2396305, 740431.1 2396283, 740443.6 2396260, 740454.9 2396236, 740464.9 2396212, 740473.6 2396187, 740481.1 2396162, 740487.2 2396137, 740491.9 2396111, 740495.4 2396085, 740497.4 2396059, 740498.1 2396033))"
22,20260531,Forest,3276,13.328938169353023,1.439689756619417,1,Dai,土葬,无,1,0,0,154,541.5490868653997,1250.3934855809732,698.79168701171875,8.339984893798828,264.1931020244001,35100,14907.225036621094,0.29886853414377007,1,33,4500,0.1282051282051282,0,0,1,0,-0.10117607251254772,-0.9948685352100225,8.09437844497296,2.5899374738049867,0.3644276435838435,"POLYGON ((746719.2 2395499, 746718.5 2395473, 746716.4 2395447, 746713 2395421, 746708.2 2395395, 746702.1 2395370, 746694.7 2395345, 746686 2395320, 746675.9 2395296, 746664.7 2395272, 746652.2 2395249, 746638.5 2395227, 746623.7 2395206, 746607.7 2395185, 746590.7 2395165, 746572.7 2395146, 746553.7 2395128, 746533.8 2395111, 746513.1 2395095, 746491.5 2395080, 746469.2 2395066, 746446.2 2395054, 746422.5 2395043, 746398.4 2395033, 746373.7 2395024, 746348.6 2395016, 746323.1 2395010, 746297.4 2395006, 746271.4 2395002, 746245.3 2395000, 746219.2 2394999, 746193 2395000, 746166.9 2395002, 746141 2395006, 746115.2 2395010, 746089.8 2395016, 746064.7 2395024, 746040 2395033, 746015.8 2395043, 745992.2 2395054, 745969.2 2395066, 745946.9 2395080, 745925.3 2395095, 745904.5 2395111, 745884.6 2395128, 745865.6 2395146, 745847.6 2395165, 745830.6 2395185, 745814.7 2395206, 745799.8 2395227, 745786.2 2395249, 745773.7 2395272, 745762.4 2395296, 745752.4 2395320, 745743.6 2395345, 745736.2 2395370, 745730.1 2395395, 745725.3 2395421, 745721.9 2395447, 745719.9 2395473, 745719.2 2395499, 745719.9 2395526, 745721.9 2395552, 745725.3 2395578, 745730.1 2395603, 745736.2 2395629, 745743.6 2395654, 745752.4 2395679, 745762.4 2395703, 745773.7 2395726, 745786.2 2395749, 745799.8 2395772, 745814.7 2395793, 745830.6 2395814, 745847.6 2395834, 745865.6 2395853, 745884.6 2395871, 745904.5 2395888, 745925.3 2395904, 745946.9 2395919, 745969.2 2395932, 745992.2 2395945, 746015.8 2395956, 746040 2395966, 746064.7 2395975, 746089.8 2395982, 746115.2 2395988, 746141 2395993, 746166.9 2395997, 746193 2395999, 746219.2 2395999, 746245.3 2395999, 746271.4 2395997, 746297.4 2395993, 746323.1 2395988, 746348.6 2395982, 746373.7 2395975, 746398.4 2395966, 746422.5 2395956, 746446.2 2395945, 746469.2 2395932, 746491.5 2395919, 746513.1 2395904, 746533.8 2395888, 746553.7 2395871, 746572.7 2395853, 746590.7 2395834, 746607.7 2395814, 746623.7 2395793, 746638.5 2395772, 746652.2 2395749, 746664.7 2395726, 746675.9 2395703, 746686 2395679, 746694.7 2395654, 746702.1 2395629, 746708.2 2395603, 746713 2395578, 746716.4 2395552, 746718.5 2395526, 746719.2 2395499))"
22,20260531,Forest,4604,4.552080596935946,1.627922077922078,1,Dai,土葬,有,1,0,0,159,496.3564306524513,373.9410674997703,689.7659912109375,11.541891098022461,350.87590297884645,184706.99615478516,4303.078651428223,0.42521784906629567,1,34,23118.447875976562,0.12516281655408015,2700,0.014617746247886516,1,0,0.9873472025140007,-0.15857333220871975,8.434680769841773,1.515584402496797,0.4873044027506186,"POLYGON ((770698.6 2382394, 770697.9 2382368, 770695.9 2382342, 770692.5 2382316, 770687.7 2382290, 770681.6 2382265, 770674.1 2382240, 770665.4 2382215, 770655.4 2382191, 770644.1 2382167, 770631.6 2382144, 770618 2382122, 770603.1 2382101, 770587.2 2382080, 770570.2 2382060, 770552.2 2382041, 770533.2 2382023, 770513.3 2382006, 770492.5 2381990, 770470.9 2381975, 770448.6 2381961, 770425.6 2381949, 770402 2381938, 770377.8 2381928, 770353.1 2381919, 770328 2381911, 770302.6 2381905, 770276.8 2381901, 770250.9 2381897, 770224.8 2381895, 770198.6 2381894, 770172.5 2381895, 770146.4 2381897, 770120.4 2381901, 770094.7 2381905, 770069.2 2381911, 770044.1 2381919, 770019.4 2381928, 769995.2 2381938, 769971.6 2381949, 769948.6 2381961, 769926.3 2381975, 769904.7 2381990, 769884 2382006, 769864.1 2382023, 769845.1 2382041, 769827 2382060, 769810 2382080, 769794.1 2382101, 769779.3 2382122, 769765.6 2382144, 769753.1 2382167, 769741.8 2382191, 769731.8 2382215, 769723.1 2382240, 769715.7 2382265, 769709.5 2382290, 769704.8 2382316, 769701.4 2382342, 769699.3 2382368, 769698.6 2382394, 769699.3 2382421, 769701.4 2382447, 769704.8 2382473, 769709.5 2382498, 769715.7 2382524, 769723.1 2382549, 769731.8 2382574, 769741.8 2382598, 769753.1 2382621, 769765.6 2382644, 769779.3 2382667, 769794.1 2382688, 769810 2382709, 769827 2382729, 769845.1 2382748, 769864.1 2382766, 769884 2382783, 769904.7 2382799, 769926.3 2382814, 769948.6 2382827, 769971.6 2382840, 769995.2 2382851, 770019.4 2382861, 770044.1 2382870, 770069.2 2382877, 770094.7 2382884, 770120.4 2382888, 770146.4 2382892, 770172.5 2382894, 770198.6 2382894, 770224.8 2382894, 770250.9 2382892, 770276.8 2382888, 770302.6 2382884, 770328 2382877, 770353.1 2382870, 770377.8 2382861, 770402 2382851, 770425.6 2382840, 770448.6 2382827, 770470.9 2382814, 770492.5 2382799, 770513.3 2382783, 770533.2 2382766, 770552.2 2382748, 770570.2 2382729, 770587.2 2382709, 770603.1 2382688, 770618 2382667, 770631.6 2382644, 770644.1 2382621, 770655.4 2382598, 770665.4 2382574, 770674.1 2382549, 770681.6 2382524, 770687.7 2382498, 770692.5 2382473, 770695.9 2382447, 770697.9 2382421, 770698.6 2382394))"
22,20260531,Forest,6199,88.76182152611432,1.9497753106000528,1,Dai,土葬,有,1,0,0,162,915.299944169136,1659.5004298418696,658.1519775390625,4.5691657066345215,91.80305576235153,11582.906341552734,78711.9255065918,0.09467638952937989,1,35,11582.906341552734,1,0,0,1,0,-0.03146406583095068,0.9995048837106228,8.73214326770192,4.485956619779399,0.6677141406034005,"POLYGON ((769100.4 2385623, 769099.7 2385597, 769097.6 2385571, 769094.2 2385545, 769089.5 2385519, 769083.4 2385494, 769075.9 2385469, 769067.2 2385444, 769057.2 2385420, 769045.9 2385396, 769033.4 2385373, 769019.7 2385351, 769004.9 2385329, 768989 2385308, 768972 2385288, 768953.9 2385269, 768935 2385251, 768915 2385234, 768894.3 2385219, 768872.7 2385204, 768850.4 2385190, 768827.4 2385178, 768803.8 2385166, 768779.6 2385156, 768754.9 2385147, 768729.8 2385140, 768704.3 2385134, 768678.6 2385129, 768652.7 2385126, 768626.6 2385124, 768600.4 2385123, 768574.2 2385124, 768548.1 2385126, 768522.2 2385129, 768496.4 2385134, 768471 2385140, 768445.9 2385147, 768421.2 2385156, 768397 2385166, 768373.4 2385178, 768350.4 2385190, 768328.1 2385204, 768306.5 2385219, 768285.7 2385234, 768265.8 2385251, 768246.8 2385269, 768228.8 2385288, 768211.8 2385308, 768195.9 2385329, 768181.1 2385351, 768167.4 2385373, 768154.9 2385396, 768143.6 2385420, 768133.6 2385444, 768124.9 2385469, 768117.4 2385494, 768111.3 2385519, 768106.5 2385545, 768103.1 2385571, 768101.1 2385597, 768100.4 2385623, 768101.1 2385649, 768103.1 2385675, 768106.5 2385701, 768111.3 2385727, 768117.4 2385752, 768124.9 2385778, 768133.6 2385802, 768143.6 2385826, 768154.9 2385850, 768167.4 2385873, 768181.1 2385895, 768195.9 2385917, 768211.8 2385938, 768228.8 2385958, 768246.8 2385977, 768265.8 2385995, 768285.7 2386012, 768306.5 2386028, 768328.1 2386042, 768350.4 2386056, 768373.4 2386069, 768397 2386080, 768421.2 2386090, 768445.9 2386099, 768471 2386106, 768496.4 2386112, 768522.2 2386117, 768548.1 2386120, 768574.2 2386122, 768600.4 2386123, 768626.6 2386122, 768652.7 2386120, 768678.6 2386117, 768704.3 2386112, 768729.8 2386106, 768754.9 2386099, 768779.6 2386090, 768803.8 2386080, 768827.4 2386069, 768850.4 2386056, 768872.7 2386042, 768894.3 2386028, 768915 2386012, 768935 2385995, 768953.9 2385977, 768972 2385958, 768989 2385938, 769004.9 2385917, 769019.7 2385895, 769033.4 2385873, 769045.9 2385850, 769057.2 2385826, 769067.2 2385802, 769075.9 2385778, 769083.4 2385752, 769089.5 2385727, 769094.2 2385701, 769097.6 2385675, 769099.7 2385649, 769100.4 2385623))"
22,20260531,Forest,6199,88.76182152611432,1.9497753106000528,1,Dai,土葬,有,1,0,0,172,925.3577139197153,884.5986360327329,644.111083984375,2.5302083492279053,8.08943015835154,3600,428924.18518066406,0.5447791744742971,1,36,0,0,0,0,1,0,0.9900496341232994,0.14071859142388068,8.73214326770192,4.485956619779399,0.6677141406034005,"POLYGON ((769239.9 2383108, 769239.2 2383081, 769237.1 2383055, 769233.7 2383029, 769228.9 2383004, 769222.8 2382978, 769215.4 2382953, 769206.6 2382928, 769196.6 2382904, 769185.4 2382881, 769172.9 2382858, 769159.2 2382835, 769144.4 2382814, 769128.4 2382793, 769111.4 2382773, 769093.4 2382754, 769074.4 2382736, 769054.5 2382719, 769033.8 2382703, 769012.2 2382688, 768989.9 2382675, 768966.9 2382662, 768943.2 2382651, 768919 2382641, 768894.4 2382632, 768869.3 2382625, 768843.8 2382618, 768818.1 2382614, 768792.1 2382610, 768766 2382608, 768739.9 2382608, 768713.7 2382608, 768687.6 2382610, 768661.6 2382614, 768635.9 2382618, 768610.4 2382625, 768585.4 2382632, 768560.7 2382641, 768536.5 2382651, 768512.9 2382662, 768489.9 2382675, 768467.5 2382688, 768446 2382703, 768425.2 2382719, 768405.3 2382736, 768386.3 2382754, 768368.3 2382773, 768351.3 2382793, 768335.4 2382814, 768320.5 2382835, 768306.8 2382858, 768294.4 2382881, 768283.1 2382904, 768273.1 2382928, 768264.3 2382953, 768256.9 2382978, 768250.8 2383004, 768246 2383029, 768242.6 2383055, 768240.5 2383081, 768239.9 2383108, 768240.5 2383134, 768242.6 2383160, 768246 2383186, 768250.8 2383212, 768256.9 2383237, 768264.3 2383262, 768273.1 2383287, 768283.1 2383311, 768294.4 2383335, 768306.8 2383358, 768320.5 2383380, 768335.4 2383401, 768351.3 2383422, 768368.3 2383442, 768386.3 2383461, 768405.3 2383479, 768425.2 2383496, 768446 2383512, 768467.5 2383527, 768489.9 2383541, 768512.9 2383553, 768536.5 2383564, 768560.7 2383574, 768585.4 2383583, 768610.4 2383591, 768635.9 2383597, 768661.6 2383601, 768687.6 2383605, 768713.7 2383607, 768739.9 2383608, 768766 2383607, 768792.1 2383605, 768818.1 2383601, 768843.8 2383597, 768869.3 2383591, 768894.4 2383583, 768919 2383574, 768943.2 2383564, 768966.9 2383553, 768989.9 2383541, 769012.2 2383527, 769033.8 2383512, 769054.5 2383496, 769074.4 2383479, 769093.4 2383461, 769111.4 2383442, 769128.4 2383422, 769144.4 2383401, 769159.2 2383380, 769172.9 2383358, 769185.4 2383335, 769196.6 2383311, 769206.6 2383287, 769215.4 2383262, 769222.8 2383237, 769228.9 2383212, 769233.7 2383186, 769237.1 2383160, 769239.2 2383134, 769239.9 2383108))"
22,20260531,Forest,6199,88.76182152611432,1.9497753106000528,1,Dai,土葬,无,1,0,0,177,457.74828553262984,1840.683215894791,651.09735107421875,2.9056670665740967,240.5427237011012,12698.959350585938,31773.655700683594,0.45411453695765036,1,37,12698.959350585938,1,0,0,1,0,-0.49177442578278485,-0.8707226390453002,8.73214326770192,4.485956619779399,0.6677141406034005,"POLYGON ((768851.2 2385172, 768850.5 2385146, 768848.4 2385120, 768845 2385094, 768840.2 2385068, 768834.1 2385043, 768826.7 2385018, 768818 2384993, 768807.9 2384969, 768796.7 2384945, 768784.2 2384922, 768770.5 2384900, 768755.7 2384879, 768739.7 2384858, 768722.7 2384838, 768704.7 2384819, 768685.7 2384801, 768665.8 2384784, 768645.1 2384768, 768623.5 2384753, 768601.2 2384739, 768578.2 2384727, 768554.5 2384716, 768530.4 2384706, 768505.7 2384697, 768480.6 2384689, 768455.1 2384683, 768429.4 2384679, 768403.4 2384675, 768377.3 2384673, 768351.2 2384672, 768325 2384673, 768298.9 2384675, 768272.9 2384679, 768247.2 2384683, 768221.8 2384689, 768196.7 2384697, 768172 2384706, 768147.8 2384716, 768124.2 2384727, 768101.2 2384739, 768078.8 2384753, 768057.3 2384768, 768036.5 2384784, 768016.6 2384801, 767997.6 2384819, 767979.6 2384838, 767962.6 2384858, 767946.7 2384879, 767931.8 2384900, 767918.2 2384922, 767905.7 2384945, 767894.4 2384969, 767884.4 2384993, 767875.6 2385018, 767868.2 2385043, 767862.1 2385068, 767857.3 2385094, 767853.9 2385120, 767851.9 2385146, 767851.2 2385172, 767851.9 2385199, 767853.9 2385225, 767857.3 2385251, 767862.1 2385276, 767868.2 2385302, 767875.6 2385327, 767884.4 2385352, 767894.4 2385376, 767905.7 2385399, 767918.2 2385422, 767931.8 2385445, 767946.7 2385466, 767962.6 2385487, 767979.6 2385507, 767997.6 2385526, 768016.6 2385544, 768036.5 2385561, 768057.3 2385577, 768078.8 2385592, 768101.2 2385605, 768124.2 2385618, 768147.8 2385629, 768172 2385639, 768196.7 2385648, 768221.8 2385655, 768247.2 2385662, 768272.9 2385666, 768298.9 2385670, 768325 2385672, 768351.2 2385672, 768377.3 2385672, 768403.4 2385670, 768429.4 2385666, 768455.1 2385662, 768480.6 2385655, 768505.7 2385648, 768530.4 2385639, 768554.5 2385629, 768578.2 2385618, 768601.2 2385605, 768623.5 2385592, 768645.1 2385577, 768665.8 2385561, 768685.7 2385544, 768704.7 2385526, 768722.7 2385507, 768739.7 2385487, 768755.7 2385466, 768770.5 2385445, 768784.2 2385422, 768796.7 2385399, 768807.9 2385376, 768818 2385352, 768826.7 2385327, 768834.1 2385302, 768840.2 2385276, 768845 2385251, 768848.4 2385225, 768850.5 2385199, 768851.2 2385172))"
22,20260531,Forest,4016,17.382211004373175,1.8414195867026055,1,Dai,土葬,有,1,0,0,194,160.58106544039845,2324.588716577777,631.45684814453125,10.328139305114746,215.2902513667261,212153.64532470703,230852.47192382812,0.0759113298174622,1,38,129906.80694580078,0.612324180180712,6665.733575820923,0.031419368569504585,1,0,-0.8162358982841208,-0.577718753678911,8.298041661371565,2.8554473271875427,0.6105367886688474,"POLYGON ((737484.7 2399297, 737484 2399271, 737481.9 2399245, 737478.5 2399219, 737473.8 2399193, 737467.7 2399168, 737460.2 2399143, 737451.5 2399118, 737441.5 2399094, 737430.2 2399070, 737417.7 2399047, 737404 2399025, 737389.2 2399003, 737373.3 2398982, 737356.3 2398962, 737338.2 2398943, 737319.3 2398925, 737299.3 2398908, 737278.6 2398893, 737257 2398878, 737234.7 2398864, 737211.7 2398852, 737188.1 2398840, 737163.9 2398830, 737139.2 2398821, 737114.1 2398814, 737088.6 2398808, 737062.9 2398803, 737037 2398800, 737010.9 2398798, 736984.7 2398797, 736958.5 2398798, 736932.4 2398800, 736906.5 2398803, 736880.7 2398808, 736855.3 2398814, 736830.2 2398821, 736805.5 2398830, 736781.3 2398840, 736757.7 2398852, 736734.7 2398864, 736712.4 2398878, 736690.8 2398893, 736670 2398908, 736650.1 2398925, 736631.1 2398943, 736613.1 2398962, 736596.1 2398982, 736580.2 2399003, 736565.4 2399025, 736551.7 2399047, 736539.2 2399070, 736527.9 2399094, 736517.9 2399118, 736509.2 2399143, 736501.7 2399168, 736495.6 2399193, 736490.8 2399219, 736487.4 2399245, 736485.4 2399271, 736484.7 2399297, 736485.4 2399323, 736487.4 2399349, 736490.8 2399375, 736495.6 2399401, 736501.7 2399426, 736509.2 2399452, 736517.9 2399476, 736527.9 2399500, 736539.2 2399524, 736551.7 2399547, 736565.4 2399569, 736580.2 2399591, 736596.1 2399612, 736613.1 2399632, 736631.1 2399651, 736650.1 2399669, 736670 2399686, 736690.8 2399702, 736712.4 2399716, 736734.7 2399730, 736757.7 2399743, 736781.3 2399754, 736805.5 2399764, 736830.2 2399773, 736855.3 2399780, 736880.7 2399786, 736906.5 2399791, 736932.4 2399794, 736958.5 2399796, 736984.7 2399797, 737010.9 2399796, 737037 2399794, 737062.9 2399791, 737088.6 2399786, 737114.1 2399780, 737139.2 2399773, 737163.9 2399764, 737188.1 2399754, 737211.7 2399743, 737234.7 2399730, 737257 2399716, 737278.6 2399702, 737299.3 2399686, 737319.3 2399669, 737338.2 2399651, 737356.3 2399632, 737373.3 2399612, 737389.2 2399591, 737404 2399569, 737417.7 2399547, 737430.2 2399524, 737441.5 2399500, 737451.5 2399476, 737460.2 2399452, 737467.7 2399426, 737473.8 2399401, 737478.5 2399375, 737481.9 2399349, 737484 2399323, 737484.7 2399297))"
22,20260531,Forest,4016,17.382211004373175,1.8414195867026055,1,Dai,土葬,有,1,0,0,195,56.35253114979233,2282.4477199236167,630.28753662109375,7.121172904968262,215.71847192463272,175599.76959228516,143524.86877441406,0.2074324044061194,1,39,166810.7208251953,0.9499484037621654,1720.2444076538086,0.009796393307621892,1,0,-0.8118953533950738,-0.5838029934279956,8.298041661371565,2.8554473271875427,0.6105367886688474,"POLYGON ((737675.7 2399558, 737675 2399532, 737672.9 2399506, 737669.5 2399480, 737664.8 2399454, 737658.7 2399429, 737651.2 2399404, 737642.5 2399379, 737632.5 2399355, 737621.2 2399331, 737608.7 2399308, 737595 2399286, 737580.2 2399264, 737564.3 2399243, 737547.3 2399224, 737529.2 2399205, 737510.3 2399187, 737490.3 2399170, 737469.6 2399154, 737448 2399139, 737425.7 2399125, 737402.7 2399113, 737379.1 2399101, 737354.9 2399091, 737330.2 2399083, 737305.1 2399075, 737279.6 2399069, 737253.9 2399064, 737228 2399061, 737201.9 2399059, 737175.7 2399058, 737149.5 2399059, 737123.4 2399061, 737097.5 2399064, 737071.7 2399069, 737046.3 2399075, 737021.2 2399083, 736996.5 2399091, 736972.3 2399101, 736948.7 2399113, 736925.7 2399125, 736903.4 2399139, 736881.8 2399154, 736861 2399170, 736841.1 2399187, 736822.1 2399205, 736804.1 2399224, 736787.1 2399243, 736771.2 2399264, 736756.4 2399286, 736742.7 2399308, 736730.2 2399331, 736718.9 2399355, 736708.9 2399379, 736700.2 2399404, 736692.7 2399429, 736686.6 2399454, 736681.8 2399480, 736678.4 2399506, 736676.4 2399532, 736675.7 2399558, 736676.4 2399584, 736678.4 2399610, 736681.8 2399636, 736686.6 2399662, 736692.7 2399688, 736700.2 2399713, 736708.9 2399737, 736718.9 2399762, 736730.2 2399785, 736742.7 2399808, 736756.4 2399830, 736771.2 2399852, 736787.1 2399873, 736804.1 2399893, 736822.1 2399912, 736841.1 2399930, 736861 2399947, 736881.8 2399963, 736903.4 2399977, 736925.7 2399991, 736948.7 2400004, 736972.3 2400015, 736996.5 2400025, 737021.2 2400034, 737046.3 2400041, 737071.7 2400047, 737097.5 2400052, 737123.4 2400055, 737149.5 2400057, 737175.7 2400058, 737201.9 2400057, 737228 2400055, 737253.9 2400052, 737279.6 2400047, 737305.1 2400041, 737330.2 2400034, 737354.9 2400025, 737379.1 2400015, 737402.7 2400004, 737425.7 2399991, 737448 2399977, 737469.6 2399963, 737490.3 2399947, 737510.3 2399930, 737529.2 2399912, 737547.3 2399893, 737564.3 2399873, 737580.2 2399852, 737595 2399830, 737608.7 2399808, 737621.2 2399785, 737632.5 2399762, 737642.5 2399737, 737651.2 2399713, 737658.7 2399688, 737664.8 2399662, 737669.5 2399636, 737672.9 2399610, 737675 2399584, 737675.7 2399558))"
22,20260531,Forest,3811,10.661592163113635,1.3790983606557377,1,Dai,土葬,有,1,0,0,202,38.929999854224924,416.0643893573023,444.84454345703125,27.798574447631836,90,183382.7178955078,900,0.1188248508543731,1,40,56073.906326293945,0.30577530407333736,0,0,1,0,6.123233995736766e-17,1,8.24564690087386,2.366647766225861,0.3214299237915806,"POLYGON ((720354 2400251, 720353.3 2400225, 720351.2 2400199, 720347.8 2400173, 720343.1 2400147, 720336.9 2400121, 720329.5 2400096, 720320.8 2400072, 720310.7 2400047, 720299.5 2400024, 720287 2400001, 720273.3 2399978, 720258.5 2399957, 720242.5 2399936, 720225.5 2399916, 720207.5 2399897, 720188.5 2399879, 720168.6 2399862, 720147.9 2399846, 720126.3 2399831, 720104 2399818, 720081 2399805, 720057.3 2399794, 720033.2 2399784, 720008.5 2399775, 719983.4 2399768, 719957.9 2399762, 719932.2 2399757, 719906.2 2399754, 719880.1 2399751, 719854 2399751, 719827.8 2399751, 719801.7 2399754, 719775.8 2399757, 719750 2399762, 719724.6 2399768, 719699.5 2399775, 719674.8 2399784, 719650.6 2399794, 719627 2399805, 719604 2399818, 719581.7 2399831, 719560.1 2399846, 719539.3 2399862, 719519.4 2399879, 719500.4 2399897, 719482.4 2399916, 719465.4 2399936, 719449.5 2399957, 719434.6 2399978, 719421 2400001, 719408.5 2400024, 719397.2 2400047, 719387.2 2400072, 719378.4 2400096, 719371 2400121, 719364.9 2400147, 719360.1 2400173, 719356.7 2400199, 719354.7 2400225, 719354 2400251, 719354.7 2400277, 719356.7 2400303, 719360.1 2400329, 719364.9 2400355, 719371 2400380, 719378.4 2400405, 719387.2 2400430, 719397.2 2400454, 719408.5 2400478, 719421 2400501, 719434.6 2400523, 719449.5 2400545, 719465.4 2400565, 719482.4 2400585, 719500.4 2400604, 719519.4 2400622, 719539.3 2400639, 719560.1 2400655, 719581.7 2400670, 719604 2400684, 719627 2400696, 719650.6 2400708, 719674.8 2400718, 719699.5 2400726, 719724.6 2400734, 719750 2400740, 719775.8 2400745, 719801.7 2400748, 719827.8 2400750, 719854 2400751, 719880.1 2400750, 719906.2 2400748, 719932.2 2400745, 719957.9 2400740, 719983.4 2400734, 720008.5 2400726, 720033.2 2400718, 720057.3 2400708, 720081 2400696, 720104 2400684, 720126.3 2400670, 720147.9 2400655, 720168.6 2400639, 720188.5 2400622, 720207.5 2400604, 720225.5 2400585, 720242.5 2400565, 720258.5 2400545, 720273.3 2400523, 720287 2400501, 720299.5 2400478, 720310.7 2400454, 720320.8 2400430, 720329.5 2400405, 720336.9 2400380, 720343.1 2400355, 720347.8 2400329, 720351.2 2400303, 720353.3 2400277, 720354 2400251))"
22,20260531,Forest,3811,10.661592163113635,1.3790983606557377,1,Dai,土葬,有,1,0,0,205,27.65794071181076,327.6028257951622,447.0551452636719,26.87339210510254,90,241861.5692138672,900,0.1750792147116014,1,41,89650.16098022461,0.37066724271912355,0,0,1,0,6.123233995736766e-17,1,8.24564690087386,2.366647766225861,0.3214299237915806,"POLYGON ((720269.8 2400291, 720269.1 2400265, 720267 2400239, 720263.6 2400213, 720258.8 2400187, 720252.7 2400162, 720245.3 2400136, 720236.5 2400112, 720226.5 2400088, 720215.3 2400064, 720202.8 2400041, 720189.1 2400019, 720174.3 2399997, 720158.3 2399976, 720141.3 2399956, 720123.3 2399937, 720104.3 2399919, 720084.4 2399902, 720063.6 2399886, 720042.1 2399872, 720019.8 2399858, 719996.7 2399845, 719973.1 2399834, 719948.9 2399824, 719924.3 2399815, 719899.2 2399808, 719873.7 2399802, 719848 2399797, 719822 2399794, 719795.9 2399792, 719769.8 2399791, 719743.6 2399792, 719717.5 2399794, 719691.5 2399797, 719665.8 2399802, 719640.3 2399808, 719615.2 2399815, 719590.6 2399824, 719566.4 2399834, 719542.8 2399845, 719519.8 2399858, 719497.4 2399872, 719475.9 2399886, 719455.1 2399902, 719435.2 2399919, 719416.2 2399937, 719398.2 2399956, 719381.2 2399976, 719365.2 2399997, 719350.4 2400019, 719336.7 2400041, 719324.2 2400064, 719313 2400088, 719303 2400112, 719294.2 2400136, 719286.8 2400162, 719280.7 2400187, 719275.9 2400213, 719272.5 2400239, 719270.4 2400265, 719269.8 2400291, 719270.4 2400317, 719272.5 2400343, 719275.9 2400369, 719280.7 2400395, 719286.8 2400420, 719294.2 2400445, 719303 2400470, 719313 2400494, 719324.2 2400518, 719336.7 2400541, 719350.4 2400563, 719365.2 2400585, 719381.2 2400606, 719398.2 2400626, 719416.2 2400645, 719435.2 2400663, 719455.1 2400680, 719475.9 2400695, 719497.4 2400710, 719519.8 2400724, 719542.8 2400736, 719566.4 2400748, 719590.6 2400758, 719615.2 2400766, 719640.3 2400774, 719665.8 2400780, 719691.5 2400785, 719717.5 2400788, 719743.6 2400790, 719769.8 2400791, 719795.9 2400790, 719822 2400788, 719848 2400785, 719873.7 2400780, 719899.2 2400774, 719924.3 2400766, 719948.9 2400758, 719973.1 2400748, 719996.7 2400736, 720019.8 2400724, 720042.1 2400710, 720063.6 2400695, 720084.4 2400680, 720104.3 2400663, 720123.3 2400645, 720141.3 2400626, 720158.3 2400606, 720174.3 2400585, 720189.1 2400563, 720202.8 2400541, 720215.3 2400518, 720226.5 2400494, 720236.5 2400470, 720245.3 2400445, 720252.7 2400420, 720258.8 2400395, 720263.6 2400369, 720267 2400343, 720269.1 2400317, 720269.8 2400291))"
22,20260531,Forest,6054,20.96777302958274,0.8063792673810117,1,Dai,土葬,有,1,0,0,207,515.8060511674105,994.0140644784105,644.33917236328125,5.435031414031982,54.941129260989484,35882.77931213379,257208.1787109375,0.4616643220890909,1,43,34982.77931213379,0.9749183308190493,0,0,1,0,0.5744178025145774,0.8185622689535134,8.708474489581665,3.0429866413527678,-0.21520109208853438,"POLYGON ((765601.2 2372477, 765600.5 2372451, 765598.5 2372424, 765595 2372398, 765590.3 2372373, 765584.2 2372347, 765576.7 2372322, 765568 2372297, 765558 2372273, 765546.7 2372250, 765534.2 2372227, 765520.5 2372204, 765505.7 2372183, 765489.8 2372162, 765472.8 2372142, 765454.7 2372123, 765435.8 2372105, 765415.9 2372088, 765395.1 2372072, 765373.5 2372057, 765351.2 2372044, 765328.2 2372031, 765304.6 2372020, 765280.4 2372010, 765255.7 2372001, 765230.6 2371994, 765205.1 2371988, 765179.4 2371983, 765153.5 2371979, 765127.4 2371977, 765101.2 2371977, 765075 2371977, 765048.9 2371979, 765023 2371983, 764997.2 2371988, 764971.8 2371994, 764946.7 2372001, 764922 2372010, 764897.8 2372020, 764874.2 2372031, 764851.2 2372044, 764828.9 2372057, 764807.3 2372072, 764786.5 2372088, 764766.6 2372105, 764747.6 2372123, 764729.6 2372142, 764712.6 2372162, 764696.7 2372183, 764681.9 2372204, 764668.2 2372227, 764655.7 2372250, 764644.4 2372273, 764634.4 2372297, 764625.7 2372322, 764618.2 2372347, 764612.1 2372373, 764607.3 2372398, 764603.9 2372424, 764601.9 2372451, 764601.2 2372477, 764601.9 2372503, 764603.9 2372529, 764607.3 2372555, 764612.1 2372581, 764618.2 2372606, 764625.7 2372631, 764634.4 2372656, 764644.4 2372680, 764655.7 2372704, 764668.2 2372727, 764681.9 2372749, 764696.7 2372771, 764712.6 2372791, 764729.6 2372811, 764747.6 2372830, 764766.6 2372848, 764786.5 2372865, 764807.3 2372881, 764828.9 2372896, 764851.2 2372910, 764874.2 2372922, 764897.8 2372933, 764922 2372943, 764946.7 2372952, 764971.8 2372960, 764997.2 2372966, 765023 2372971, 765048.9 2372974, 765075 2372976, 765101.2 2372977, 765127.4 2372976, 765153.5 2372974, 765179.4 2372971, 765205.1 2372966, 765230.6 2372960, 765255.7 2372952, 765280.4 2372943, 765304.6 2372933, 765328.2 2372922, 765351.2 2372910, 765373.5 2372896, 765395.1 2372881, 765415.9 2372865, 765435.8 2372848, 765454.7 2372830, 765472.8 2372811, 765489.8 2372791, 765505.7 2372771, 765520.5 2372749, 765534.2 2372727, 765546.7 2372704, 765558 2372680, 765568 2372656, 765576.7 2372631, 765584.2 2372606, 765590.3 2372581, 765595 2372555, 765598.5 2372529, 765600.5 2372503, 765601.2 2372477))"
22,20260531,Forest,6132,233.80223404901614,1.5049730036942313,1,Dai,土葬,有,1,0,0,223,964.0537190217418,1017.4423371387262,667.3026123046875,8.417494773864746,308.5195241432233,100800,12918.188095092773,0.2074854206838754,1,45,13500,0.13392857142857142,0,0,1,0,0.6227812825016449,-0.7823959829687308,8.721276239991704,5.454475604377329,0.40877496029525895,"POLYGON ((768423.4 2376913, 768422.7 2376887, 768420.6 2376861, 768417.2 2376835, 768412.5 2376809, 768406.3 2376783, 768398.9 2376758, 768390.2 2376734, 768380.2 2376709, 768368.9 2376686, 768356.4 2376663, 768342.7 2376641, 768327.9 2376619, 768312 2376598, 768295 2376578, 768276.9 2376559, 768258 2376541, 768238 2376524, 768217.3 2376508, 768195.7 2376494, 768173.4 2376480, 768150.4 2376467, 768126.8 2376456, 768102.6 2376446, 768077.9 2376437, 768052.8 2376430, 768027.3 2376424, 768001.6 2376419, 767975.6 2376416, 767949.6 2376414, 767923.4 2376413, 767897.2 2376414, 767871.1 2376416, 767845.2 2376419, 767819.4 2376424, 767794 2376430, 767768.9 2376437, 767744.2 2376446, 767720 2376456, 767696.4 2376467, 767673.4 2376480, 767651.1 2376494, 767629.5 2376508, 767608.7 2376524, 767588.8 2376541, 767569.8 2376559, 767551.8 2376578, 767534.8 2376598, 767518.9 2376619, 767504 2376641, 767490.4 2376663, 767477.9 2376686, 767466.6 2376709, 767456.6 2376734, 767447.9 2376758, 767440.4 2376783, 767434.3 2376809, 767429.5 2376835, 767426.1 2376861, 767424.1 2376887, 767423.4 2376913, 767424.1 2376939, 767426.1 2376965, 767429.5 2376991, 767434.3 2377017, 767440.4 2377042, 767447.9 2377067, 767456.6 2377092, 767466.6 2377116, 767477.9 2377140, 767490.4 2377163, 767504 2377185, 767518.9 2377207, 767534.8 2377228, 767551.8 2377247, 767569.8 2377266, 767588.8 2377284, 767608.7 2377301, 767629.5 2377317, 767651.1 2377332, 767673.4 2377346, 767696.4 2377358, 767720 2377370, 767744.2 2377380, 767768.9 2377388, 767794 2377396, 767819.4 2377402, 767845.2 2377407, 767871.1 2377410, 767897.2 2377412, 767923.4 2377413, 767949.6 2377412, 767975.6 2377410, 768001.6 2377407, 768027.3 2377402, 768052.8 2377396, 768077.9 2377388, 768102.6 2377380, 768126.8 2377370, 768150.4 2377358, 768173.4 2377346, 768195.7 2377332, 768217.3 2377317, 768238 2377301, 768258 2377284, 768276.9 2377266, 768295 2377247, 768312 2377228, 768327.9 2377207, 768342.7 2377185, 768356.4 2377163, 768368.9 2377140, 768380.2 2377116, 768390.2 2377092, 768398.9 2377067, 768406.3 2377042, 768412.5 2377017, 768417.2 2376991, 768420.6 2376965, 768422.7 2376939, 768423.4 2376913))"
22,20260531,Forest,6132,233.80223404901614,1.5049730036942313,1,Dai,土葬,有,1,0,0,224,783.1311904852388,874.5383158269243,655.74249267578125,6.5741682052612305,259.1419415078506,98100,9026.991176605225,0.5843398164102925,1,46,10800,0.11009174311926606,0,0,1,0,-0.1883765815218172,-0.9820968707485805,8.721276239991704,5.454475604377329,0.40877496029525895,"POLYGON ((768253.1 2376851, 768252.4 2376825, 768250.4 2376799, 768247 2376773, 768242.2 2376747, 768236.1 2376722, 768228.7 2376697, 768219.9 2376672, 768209.9 2376648, 768198.6 2376624, 768186.1 2376601, 768172.5 2376579, 768157.6 2376558, 768141.7 2376537, 768124.7 2376517, 768106.7 2376498, 768087.7 2376480, 768067.8 2376463, 768047 2376447, 768025.4 2376432, 768003.1 2376418, 767980.1 2376406, 767956.5 2376395, 767932.3 2376385, 767907.6 2376376, 767882.5 2376368, 767857.1 2376362, 767831.3 2376358, 767805.4 2376354, 767779.3 2376352, 767753.1 2376351, 767727 2376352, 767700.9 2376354, 767674.9 2376358, 767649.2 2376362, 767623.7 2376368, 767598.6 2376376, 767573.9 2376385, 767549.8 2376395, 767526.1 2376406, 767503.1 2376418, 767480.8 2376432, 767459.2 2376447, 767438.5 2376463, 767418.6 2376480, 767399.6 2376498, 767381.6 2376517, 767364.6 2376537, 767348.6 2376558, 767333.8 2376579, 767320.1 2376601, 767307.6 2376624, 767296.4 2376648, 767286.3 2376672, 767277.6 2376697, 767270.2 2376722, 767264.1 2376747, 767259.3 2376773, 767255.9 2376799, 767253.8 2376825, 767253.1 2376851, 767253.8 2376878, 767255.9 2376904, 767259.3 2376930, 767264.1 2376955, 767270.2 2376981, 767277.6 2377006, 767286.3 2377031, 767296.4 2377055, 767307.6 2377078, 767320.1 2377101, 767333.8 2377124, 767348.6 2377145, 767364.6 2377166, 767381.6 2377186, 767399.6 2377205, 767418.6 2377223, 767438.5 2377240, 767459.2 2377256, 767480.8 2377271, 767503.1 2377284, 767526.1 2377297, 767549.8 2377308, 767573.9 2377318, 767598.6 2377327, 767623.7 2377334, 767649.2 2377341, 767674.9 2377345, 767700.9 2377349, 767727 2377351, 767753.1 2377351, 767779.3 2377351, 767805.4 2377349, 767831.3 2377345, 767857.1 2377341, 767882.5 2377334, 767907.6 2377327, 767932.3 2377318, 767956.5 2377308, 767980.1 2377297, 768003.1 2377284, 768025.4 2377271, 768047 2377256, 768067.8 2377240, 768087.7 2377223, 768106.7 2377205, 768124.7 2377186, 768141.7 2377166, 768157.6 2377145, 768172.5 2377124, 768186.1 2377101, 768198.6 2377078, 768209.9 2377055, 768219.9 2377031, 768228.7 2377006, 768236.1 2376981, 768242.2 2376955, 768247 2376930, 768250.4 2376904, 768252.4 2376878, 768253.1 2376851))"
22,20260531,Forest,6132,233.80223404901614,1.5049730036942313,1,Dai,土葬,有,1,0,0,226,258.7067229217865,1888.9634692115658,656.36358642578125,5.062176704406738,241.08075866890832,900,6300,0.37988918945783007,1,47,900,1,0,0,1,0,-0.48357635850472924,-0.8753021795330488,8.721276239991704,5.454475604377329,0.40877496029525895,"POLYGON ((769037.8 2378480, 769037.1 2378453, 769035.1 2378427, 769031.7 2378401, 769026.9 2378376, 769020.8 2378350, 769013.4 2378325, 769004.6 2378300, 768994.6 2378276, 768983.3 2378253, 768970.8 2378230, 768957.2 2378207, 768942.3 2378186, 768926.4 2378165, 768909.4 2378145, 768891.4 2378126, 768872.4 2378108, 768852.5 2378091, 768831.7 2378075, 768810.1 2378060, 768787.8 2378047, 768764.8 2378034, 768741.2 2378023, 768717 2378013, 768692.3 2378004, 768667.2 2377997, 768641.8 2377990, 768616 2377986, 768590.1 2377982, 768564 2377980, 768537.8 2377980, 768511.7 2377980, 768485.6 2377982, 768459.6 2377986, 768433.9 2377990, 768408.4 2377997, 768383.3 2378004, 768358.6 2378013, 768334.5 2378023, 768310.8 2378034, 768287.8 2378047, 768265.5 2378060, 768243.9 2378075, 768223.2 2378091, 768203.3 2378108, 768184.3 2378126, 768166.2 2378145, 768149.2 2378165, 768133.3 2378186, 768118.5 2378207, 768104.8 2378230, 768092.3 2378253, 768081 2378276, 768071 2378300, 768062.3 2378325, 768054.9 2378350, 768048.7 2378376, 768044 2378401, 768040.6 2378427, 768038.5 2378453, 768037.8 2378480, 768038.5 2378506, 768040.6 2378532, 768044 2378558, 768048.7 2378584, 768054.9 2378609, 768062.3 2378634, 768071 2378659, 768081 2378683, 768092.3 2378707, 768104.8 2378730, 768118.5 2378752, 768133.3 2378773, 768149.2 2378794, 768166.2 2378814, 768184.3 2378833, 768203.3 2378851, 768223.2 2378868, 768243.9 2378884, 768265.5 2378899, 768287.8 2378913, 768310.8 2378925, 768334.5 2378936, 768358.6 2378946, 768383.3 2378955, 768408.4 2378963, 768433.9 2378969, 768459.6 2378973, 768485.6 2378977, 768511.7 2378979, 768537.8 2378980, 768564 2378979, 768590.1 2378977, 768616 2378973, 768641.8 2378969, 768667.2 2378963, 768692.3 2378955, 768717 2378946, 768741.2 2378936, 768764.8 2378925, 768787.8 2378913, 768810.1 2378899, 768831.7 2378884, 768852.5 2378868, 768872.4 2378851, 768891.4 2378833, 768909.4 2378814, 768926.4 2378794, 768942.3 2378773, 768957.2 2378752, 768970.8 2378730, 768983.3 2378707, 768994.6 2378683, 769004.6 2378659, 769013.4 2378634, 769020.8 2378609, 769026.9 2378584, 769031.7 2378558, 769035.1 2378532, 769037.1 2378506, 769037.8 2378480))"
22,20260531,Forest,6132,233.80223404901614,1.5049730036942313,1,Dai,土葬,有,1,0,0,228,207.5661965933815,1781.2064139303154,656.56951904296875,5.205219745635986,337.51221410604506,900,6300,0.27913493003232837,1,48,900,1,0,0,1,0,0.9239610905815182,-0.38248647439015615,8.721276239991704,5.454475604377329,0.40877496029525895,"POLYGON ((768844.1 2378268, 768843.4 2378242, 768841.3 2378216, 768837.9 2378190, 768833.1 2378164, 768827 2378138, 768819.6 2378113, 768810.9 2378089, 768800.8 2378064, 768789.6 2378041, 768777.1 2378018, 768763.4 2377996, 768748.6 2377974, 768732.6 2377953, 768715.6 2377933, 768697.6 2377914, 768678.6 2377896, 768658.7 2377879, 768638 2377863, 768616.4 2377849, 768594.1 2377835, 768571.1 2377822, 768547.4 2377811, 768523.2 2377801, 768498.6 2377792, 768473.5 2377785, 768448 2377779, 768422.3 2377774, 768396.3 2377771, 768370.2 2377769, 768344.1 2377768, 768317.9 2377769, 768291.8 2377771, 768265.8 2377774, 768240.1 2377779, 768214.7 2377785, 768189.6 2377792, 768164.9 2377801, 768140.7 2377811, 768117.1 2377822, 768094.1 2377835, 768071.7 2377849, 768050.2 2377863, 768029.4 2377879, 768009.5 2377896, 767990.5 2377914, 767972.5 2377933, 767955.5 2377953, 767939.6 2377974, 767924.7 2377996, 767911.1 2378018, 767898.6 2378041, 767887.3 2378064, 767877.3 2378089, 767868.5 2378113, 767861.1 2378138, 767855 2378164, 767850.2 2378190, 767846.8 2378216, 767844.7 2378242, 767844.1 2378268, 767844.7 2378294, 767846.8 2378320, 767850.2 2378346, 767855 2378372, 767861.1 2378397, 767868.5 2378422, 767877.3 2378447, 767887.3 2378471, 767898.6 2378495, 767911.1 2378518, 767924.7 2378540, 767939.6 2378562, 767955.5 2378583, 767972.5 2378602, 767990.5 2378621, 768009.5 2378639, 768029.4 2378656, 768050.2 2378672, 768071.7 2378687, 768094.1 2378701, 768117.1 2378713, 768140.7 2378725, 768164.9 2378735, 768189.6 2378743, 768214.7 2378751, 768240.1 2378757, 768265.8 2378762, 768291.8 2378765, 768317.9 2378767, 768344.1 2378768, 768370.2 2378767, 768396.3 2378765, 768422.3 2378762, 768448 2378757, 768473.5 2378751, 768498.6 2378743, 768523.2 2378735, 768547.4 2378725, 768571.1 2378713, 768594.1 2378701, 768616.4 2378687, 768638 2378672, 768658.7 2378656, 768678.6 2378639, 768697.6 2378621, 768715.6 2378602, 768732.6 2378583, 768748.6 2378562, 768763.4 2378540, 768777.1 2378518, 768789.6 2378495, 768800.8 2378471, 768810.9 2378447, 768819.6 2378422, 768827 2378397, 768833.1 2378372, 768837.9 2378346, 768841.3 2378320, 768843.4 2378294, 768844.1 2378268))"
22,20260531,Forest,6215.315315315314,26.94583142792417,4.228671328671329,1,Dai,火葬,无,1,0,0,241,71.7399050593063,605.4780499761498,1144.9384765625,4.1127495765686035,241.81143381399454,308323.05908203125,0,0.35728804897139754,1,49,0,0,66967.31414794922,0.21719852659522346,1,0,-0.47237488457083177,-0.881397735660067,8.734771737221866,3.2938286073920278,1.4418878370192598,"POLYGON ((737730.6 2491310, 737730 2491284, 737727.9 2491258, 737724.5 2491232, 737719.7 2491206, 737713.6 2491181, 737706.2 2491156, 737697.4 2491131, 737687.4 2491107, 737676.2 2491083, 737663.7 2491060, 737650 2491038, 737635.2 2491016, 737619.2 2490996, 737602.2 2490976, 737584.2 2490957, 737565.2 2490939, 737545.3 2490922, 737524.5 2490906, 737503 2490891, 737480.6 2490877, 737457.6 2490865, 737434 2490854, 737409.8 2490844, 737385.2 2490835, 737360.1 2490827, 737334.6 2490821, 737308.9 2490817, 737282.9 2490813, 737256.8 2490811, 737230.6 2490810, 737204.5 2490811, 737178.4 2490813, 737152.4 2490817, 737126.7 2490821, 737101.2 2490827, 737076.1 2490835, 737051.5 2490844, 737027.3 2490854, 737003.7 2490865, 736980.6 2490877, 736958.3 2490891, 736936.8 2490906, 736916 2490922, 736896.1 2490939, 736877.1 2490957, 736859.1 2490976, 736842.1 2490996, 736826.1 2491016, 736811.3 2491038, 736797.6 2491060, 736785.1 2491083, 736773.9 2491107, 736763.9 2491131, 736755.1 2491156, 736747.7 2491181, 736741.6 2491206, 736736.8 2491232, 736733.4 2491258, 736731.3 2491284, 736730.6 2491310, 736731.3 2491337, 736733.4 2491363, 736736.8 2491389, 736741.6 2491414, 736747.7 2491440, 736755.1 2491465, 736763.9 2491490, 736773.9 2491514, 736785.1 2491537, 736797.6 2491560, 736811.3 2491583, 736826.1 2491604, 736842.1 2491625, 736859.1 2491645, 736877.1 2491664, 736896.1 2491682, 736916 2491699, 736936.8 2491715, 736958.3 2491730, 736980.6 2491743, 737003.7 2491756, 737027.3 2491767, 737051.5 2491777, 737076.1 2491786, 737101.2 2491793, 737126.7 2491799, 737152.4 2491804, 737178.4 2491808, 737204.5 2491810, 737230.6 2491810, 737256.8 2491810, 737282.9 2491808, 737308.9 2491804, 737334.6 2491799, 737360.1 2491793, 737385.2 2491786, 737409.8 2491777, 737434 2491767, 737457.6 2491756, 737480.6 2491743, 737503 2491730, 737524.5 2491715, 737545.3 2491699, 737565.2 2491682, 737584.2 2491664, 737602.2 2491645, 737619.2 2491625, 737635.2 2491604, 737650 2491583, 737663.7 2491560, 737676.2 2491537, 737687.4 2491514, 737697.4 2491490, 737706.2 2491465, 737713.6 2491440, 737719.7 2491414, 737724.5 2491389, 737727.9 2491363, 737730 2491337, 737730.6 2491310))"
22,20260531,Forest,6109.060402684564,16.49307014828121,2.182649842271293,1,Dai,火葬,无,1,0,0,250,571.8095909667991,690.7170416910553,870.3758544921875,11.08084774017334,256.54987472412,424005.77087402344,40407.6358795166,0.1691695968445065,1,52,92422.74627685547,0.21797520841836662,253220.74584960938,0.59721061184529,1,0,-0.23259884874941203,-0.9725727610623527,8.717528260092221,2.802940301672347,0.7805396626274846,"POLYGON ((719551.1 2474519, 719550.4 2474493, 719548.4 2474467, 719544.9 2474441, 719540.2 2474415, 719534.1 2474390, 719526.6 2474365, 719517.9 2474340, 719507.9 2474316, 719496.6 2474292, 719484.1 2474269, 719470.4 2474247, 719455.6 2474225, 719439.7 2474205, 719422.7 2474185, 719404.7 2474166, 719385.7 2474148, 719365.8 2474131, 719345 2474115, 719323.4 2474100, 719301.1 2474086, 719278.1 2474074, 719254.5 2474062, 719230.3 2474052, 719205.6 2474044, 719180.5 2474036, 719155.1 2474030, 719129.3 2474025, 719103.4 2474022, 719077.3 2474020, 719051.1 2474019, 719024.9 2474020, 718998.8 2474022, 718972.9 2474025, 718947.1 2474030, 718921.7 2474036, 718896.6 2474044, 718871.9 2474052, 718847.7 2474062, 718824.1 2474074, 718801.1 2474086, 718778.8 2474100, 718757.2 2474115, 718736.4 2474131, 718716.5 2474148, 718697.5 2474166, 718679.5 2474185, 718662.5 2474205, 718646.6 2474225, 718631.8 2474247, 718618.1 2474269, 718605.6 2474292, 718594.3 2474316, 718584.3 2474340, 718575.6 2474365, 718568.1 2474390, 718562 2474415, 718557.3 2474441, 718553.8 2474467, 718551.8 2474493, 718551.1 2474519, 718551.8 2474545, 718553.8 2474571, 718557.3 2474597, 718562 2474623, 718568.1 2474649, 718575.6 2474674, 718584.3 2474698, 718594.3 2474723, 718605.6 2474746, 718618.1 2474769, 718631.8 2474792, 718646.6 2474813, 718662.5 2474834, 718679.5 2474854, 718697.5 2474873, 718716.5 2474891, 718736.4 2474908, 718757.2 2474924, 718778.8 2474939, 718801.1 2474952, 718824.1 2474965, 718847.7 2474976, 718871.9 2474986, 718896.6 2474995, 718921.7 2475002, 718947.1 2475008, 718972.9 2475013, 718998.8 2475016, 719024.9 2475018, 719051.1 2475019, 719077.3 2475018, 719103.4 2475016, 719129.3 2475013, 719155.1 2475008, 719180.5 2475002, 719205.6 2474995, 719230.3 2474986, 719254.5 2474976, 719278.1 2474965, 719301.1 2474952, 719323.4 2474939, 719345 2474924, 719365.8 2474908, 719385.7 2474891, 719404.7 2474873, 719422.7 2474854, 719439.7 2474834, 719455.6 2474813, 719470.4 2474792, 719484.1 2474769, 719496.6 2474746, 719507.9 2474723, 719517.9 2474698, 719526.6 2474674, 719534.1 2474649, 719540.2 2474623, 719544.9 2474597, 719548.4 2474571, 719550.4 2474545, 719551.1 2474519))"
22,20260531,Forest,6175.335570469799,21.769282139453722,3.3278787878787877,1,Dai,火葬,无,1,0,0,259,201.7882874807375,844.8506438640595,903.98590087890625,6.9688897132873535,133.2807772130688,12237.792778015137,92309.326171875,0.2675447564679634,1,53,9331.69355392456,0.7625307703108599,2906.0994386672974,0.23746924722307983,1,0,-0.6855741459016129,0.7280028093841905,8.728318503415547,3.0804998999418083,1.2023351003842462,"POLYGON ((712546.9 2494900, 712546.2 2494874, 712544.1 2494848, 712540.7 2494822, 712536 2494796, 712529.8 2494771, 712522.4 2494746, 712513.7 2494721, 712503.7 2494697, 712492.4 2494673, 712479.9 2494650, 712466.2 2494628, 712451.4 2494606, 712435.5 2494586, 712418.5 2494566, 712400.4 2494547, 712381.4 2494529, 712361.5 2494512, 712340.8 2494496, 712319.2 2494481, 712296.9 2494467, 712273.9 2494455, 712250.2 2494443, 712226.1 2494433, 712201.4 2494425, 712176.3 2494417, 712150.8 2494411, 712125.1 2494406, 712099.1 2494403, 712073 2494401, 712046.9 2494400, 712020.7 2494401, 711994.6 2494403, 711968.7 2494406, 711942.9 2494411, 711917.5 2494417, 711892.4 2494425, 711867.7 2494433, 711843.5 2494443, 711819.9 2494455, 711796.9 2494467, 711774.6 2494481, 711753 2494496, 711732.2 2494512, 711712.3 2494529, 711693.3 2494547, 711675.3 2494566, 711658.3 2494586, 711642.4 2494606, 711627.5 2494628, 711613.9 2494650, 711601.4 2494673, 711590.1 2494697, 711580.1 2494721, 711571.3 2494746, 711563.9 2494771, 711557.8 2494796, 711553 2494822, 711549.6 2494848, 711547.6 2494874, 711546.9 2494900, 711547.6 2494926, 711549.6 2494953, 711553 2494978, 711557.8 2495004, 711563.9 2495030, 711571.3 2495055, 711580.1 2495079, 711590.1 2495104, 711601.4 2495127, 711613.9 2495150, 711627.5 2495173, 711642.4 2495194, 711658.3 2495215, 711675.3 2495235, 711693.3 2495254, 711712.3 2495272, 711732.2 2495289, 711753 2495305, 711774.6 2495320, 711796.9 2495333, 711819.9 2495346, 711843.5 2495357, 711867.7 2495367, 711892.4 2495376, 711917.5 2495383, 711942.9 2495389, 711968.7 2495394, 711994.6 2495398, 712020.7 2495400, 712046.9 2495400, 712073 2495400, 712099.1 2495398, 712125.1 2495394, 712150.8 2495389, 712176.3 2495383, 712201.4 2495376, 712226.1 2495367, 712250.2 2495357, 712273.9 2495346, 712296.9 2495333, 712319.2 2495320, 712340.8 2495305, 712361.5 2495289, 712381.4 2495272, 712400.4 2495254, 712418.5 2495235, 712435.5 2495215, 712451.4 2495194, 712466.2 2495173, 712479.9 2495150, 712492.4 2495127, 712503.7 2495104, 712513.7 2495079, 712522.4 2495055, 712529.8 2495030, 712536 2495004, 712540.7 2494978, 712544.1 2494953, 712546.2 2494926, 712546.9 2494900))"
22,20260531,Forest,7630.691399662732,27.6544837918879,1.344620015048909,1,Dai,火葬,无,1,0,0,318,439.51684637399654,1564.8097481804343,579.0496826171875,17.47246551513672,189.5360036458489,26100,474641.7297363281,0.05223482018388335,1,54,9900,0.3793103448275862,0,0,1,0,-0.9861816938481208,-0.16566733751361865,8.939933736118437,3.3197878772766924,0.2961114564461827,"POLYGON ((712883.7 2414857, 712883 2414831, 712880.9 2414805, 712877.5 2414779, 712872.7 2414753, 712866.6 2414728, 712859.2 2414703, 712850.5 2414678, 712840.4 2414654, 712829.2 2414630, 712816.7 2414607, 712803 2414585, 712788.2 2414563, 712772.2 2414542, 712755.2 2414522, 712737.2 2414503, 712718.2 2414485, 712698.3 2414468, 712677.6 2414453, 712656 2414438, 712633.7 2414424, 712610.7 2414412, 712587 2414400, 712562.8 2414390, 712538.2 2414381, 712513.1 2414374, 712487.6 2414368, 712461.9 2414363, 712435.9 2414360, 712409.8 2414358, 712383.7 2414357, 712357.5 2414358, 712331.4 2414360, 712305.4 2414363, 712279.7 2414368, 712254.3 2414374, 712229.2 2414381, 712204.5 2414390, 712180.3 2414400, 712156.7 2414412, 712133.7 2414424, 712111.3 2414438, 712089.8 2414453, 712069 2414468, 712049.1 2414485, 712030.1 2414503, 712012.1 2414522, 711995.1 2414542, 711979.2 2414563, 711964.3 2414585, 711950.6 2414607, 711938.2 2414630, 711926.9 2414654, 711916.9 2414678, 711908.1 2414703, 711900.7 2414728, 711894.6 2414753, 711889.8 2414779, 711886.4 2414805, 711884.3 2414831, 711883.7 2414857, 711884.3 2414883, 711886.4 2414909, 711889.8 2414935, 711894.6 2414961, 711900.7 2414986, 711908.1 2415012, 711916.9 2415036, 711926.9 2415060, 711938.2 2415084, 711950.6 2415107, 711964.3 2415129, 711979.2 2415151, 711995.1 2415172, 712012.1 2415192, 712030.1 2415211, 712049.1 2415229, 712069 2415246, 712089.8 2415262, 712111.3 2415276, 712133.7 2415290, 712156.7 2415303, 712180.3 2415314, 712204.5 2415324, 712229.2 2415333, 712254.3 2415340, 712279.7 2415346, 712305.4 2415351, 712331.4 2415354, 712357.5 2415356, 712383.7 2415357, 712409.8 2415356, 712435.9 2415354, 712461.9 2415351, 712487.6 2415346, 712513.1 2415340, 712538.2 2415333, 712562.8 2415324, 712587 2415314, 712610.7 2415303, 712633.7 2415290, 712656 2415276, 712677.6 2415262, 712698.3 2415246, 712718.2 2415229, 712737.2 2415211, 712755.2 2415192, 712772.2 2415172, 712788.2 2415151, 712803 2415129, 712816.7 2415107, 712829.2 2415084, 712840.4 2415060, 712850.5 2415036, 712859.2 2415012, 712866.6 2414986, 712872.7 2414961, 712877.5 2414935, 712880.9 2414909, 712883 2414883, 712883.7 2414857))"
22,20260531,Forest,7630.691399662732,27.6544837918879,1.344620015048909,1,Dai,火葬,有,1,0,0,321,90.82509645872813,257.3323728060716,983.46197509765625,17.320606231689453,97.60261837448417,84227.508544921875,117528.22265625,0.045139110291250145,1,55,84227.508544921875,1,0,0,1,0,-0.13230168793152902,0.9912094951978963,8.939933736118437,3.3197878772766924,0.2961114564461827,"POLYGON ((714961.3 2417246, 714960.6 2417220, 714958.6 2417194, 714955.2 2417168, 714950.4 2417142, 714944.3 2417117, 714936.9 2417091, 714928.1 2417067, 714918.1 2417043, 714906.8 2417019, 714894.3 2416996, 714880.7 2416974, 714865.8 2416952, 714849.9 2416931, 714832.9 2416911, 714814.9 2416892, 714795.9 2416874, 714776 2416857, 714755.2 2416841, 714733.6 2416827, 714711.3 2416813, 714688.3 2416800, 714664.7 2416789, 714640.5 2416779, 714615.8 2416770, 714590.7 2416763, 714565.3 2416757, 714539.5 2416752, 714513.6 2416749, 714487.5 2416747, 714461.3 2416746, 714435.2 2416747, 714409.1 2416749, 714383.1 2416752, 714357.4 2416757, 714331.9 2416763, 714306.8 2416770, 714282.1 2416779, 714258 2416789, 714234.3 2416800, 714211.3 2416813, 714189 2416827, 714167.4 2416841, 714146.7 2416857, 714126.8 2416874, 714107.8 2416892, 714089.8 2416911, 714072.8 2416931, 714056.8 2416952, 714042 2416974, 714028.3 2416996, 714015.8 2417019, 714004.6 2417043, 713994.5 2417067, 713985.8 2417091, 713978.4 2417117, 713972.3 2417142, 713967.5 2417168, 713964.1 2417194, 713962 2417220, 713961.3 2417246, 713962 2417272, 713964.1 2417298, 713967.5 2417324, 713972.3 2417350, 713978.4 2417375, 713985.8 2417400, 713994.5 2417425, 714004.6 2417449, 714015.8 2417473, 714028.3 2417496, 714042 2417518, 714056.8 2417540, 714072.8 2417561, 714089.8 2417581, 714107.8 2417600, 714126.8 2417618, 714146.7 2417635, 714167.4 2417650, 714189 2417665, 714211.3 2417679, 714234.3 2417691, 714258 2417703, 714282.1 2417713, 714306.8 2417721, 714331.9 2417729, 714357.4 2417735, 714383.1 2417740, 714409.1 2417743, 714435.2 2417745, 714461.3 2417746, 714487.5 2417745, 714513.6 2417743, 714539.5 2417740, 714565.3 2417735, 714590.7 2417729, 714615.8 2417721, 714640.5 2417713, 714664.7 2417703, 714688.3 2417691, 714711.3 2417679, 714733.6 2417665, 714755.2 2417650, 714776 2417635, 714795.9 2417618, 714814.9 2417600, 714832.9 2417581, 714849.9 2417561, 714865.8 2417540, 714880.7 2417518, 714894.3 2417496, 714906.8 2417473, 714918.1 2417449, 714928.1 2417425, 714936.9 2417400, 714944.3 2417375, 714950.4 2417350, 714955.2 2417324, 714958.6 2417298, 714960.6 2417272, 714961.3 2417246))"
22,20260531,Forest,7630.691399662732,27.6544837918879,1.344620015048909,1,Dai,火葬,有,1,0,0,322,26.005140311125437,188.97747462443573,1008.5733642578125,17.069568634033203,21.937184031210283,128013.78021240234,152107.82775878906,0.04747200298453937,1,56,114459.96780395508,0.8941222391373914,13553.815841674805,0.1058777876818114,1,0,0.9275939955041993,0.37358985465956573,8.939933736118437,3.3197878772766924,0.2961114564461827,"POLYGON ((714910.1 2417356, 714909.4 2417330, 714907.4 2417304, 714904 2417278, 714899.2 2417252, 714893.1 2417227, 714885.7 2417202, 714876.9 2417177, 714866.9 2417153, 714855.6 2417129, 714843.1 2417106, 714829.5 2417084, 714814.6 2417062, 714798.7 2417042, 714781.7 2417022, 714763.7 2417003, 714744.7 2416985, 714724.8 2416968, 714704 2416952, 714682.4 2416937, 714660.1 2416923, 714637.1 2416911, 714613.5 2416900, 714589.3 2416890, 714564.6 2416881, 714539.5 2416873, 714514.1 2416867, 714488.3 2416863, 714462.4 2416859, 714436.3 2416857, 714410.1 2416856, 714384 2416857, 714357.9 2416859, 714331.9 2416863, 714306.2 2416867, 714280.7 2416873, 714255.6 2416881, 714230.9 2416890, 714206.8 2416900, 714183.1 2416911, 714160.1 2416923, 714137.8 2416937, 714116.2 2416952, 714095.5 2416968, 714075.6 2416985, 714056.6 2417003, 714038.6 2417022, 714021.6 2417042, 714005.6 2417062, 713990.8 2417084, 713977.1 2417106, 713964.6 2417129, 713953.4 2417153, 713943.3 2417177, 713934.6 2417202, 713927.2 2417227, 713921.1 2417252, 713916.3 2417278, 713912.9 2417304, 713910.8 2417330, 713910.1 2417356, 713910.8 2417383, 713912.9 2417409, 713916.3 2417435, 713921.1 2417460, 713927.2 2417486, 713934.6 2417511, 713943.3 2417536, 713953.4 2417560, 713964.6 2417583, 713977.1 2417606, 713990.8 2417629, 714005.6 2417650, 714021.6 2417671, 714038.6 2417691, 714056.6 2417710, 714075.6 2417728, 714095.5 2417745, 714116.2 2417761, 714137.8 2417776, 714160.1 2417789, 714183.1 2417802, 714206.8 2417813, 714230.9 2417823, 714255.6 2417832, 714280.7 2417839, 714306.2 2417845, 714331.9 2417850, 714357.9 2417854, 714384 2417856, 714410.1 2417856, 714436.3 2417856, 714462.4 2417854, 714488.3 2417850, 714514.1 2417845, 714539.5 2417839, 714564.6 2417832, 714589.3 2417823, 714613.5 2417813, 714637.1 2417802, 714660.1 2417789, 714682.4 2417776, 714704 2417761, 714724.8 2417745, 714744.7 2417728, 714763.7 2417710, 714781.7 2417691, 714798.7 2417671, 714814.6 2417650, 714829.5 2417629, 714843.1 2417606, 714855.6 2417583, 714866.9 2417560, 714876.9 2417536, 714885.7 2417511, 714893.1 2417486, 714899.2 2417460, 714904 2417435, 714907.4 2417409, 714909.4 2417383, 714910.1 2417356))"
22,20260531,Forest,7124.137931034484,51.67247087351391,2.2232954545454544,1,Dai,火葬,无,1,0,0,365,31.03788091482125,1649.59586800577,1080.351318359375,2.5733065605163574,269.3848377328124,46537.60185241699,0,0.10308546106710428,1,57,0,0,27263.057327270508,0.5858285825240598,1,0,-0.010736400721067872,-0.9999423631887773,8.871244005681202,3.944925161428895,0.798990534178215,"POLYGON ((639679.7 2450694, 639679 2450667, 639676.9 2450641, 639673.5 2450615, 639668.7 2450590, 639662.6 2450564, 639655.2 2450539, 639646.5 2450514, 639636.4 2450490, 639625.2 2450467, 639612.7 2450444, 639599 2450421, 639584.2 2450400, 639568.2 2450379, 639551.2 2450359, 639533.2 2450340, 639514.2 2450322, 639494.3 2450305, 639473.6 2450289, 639452 2450274, 639429.7 2450261, 639406.7 2450248, 639383 2450237, 639358.8 2450227, 639334.2 2450218, 639309.1 2450211, 639283.6 2450205, 639257.9 2450200, 639231.9 2450196, 639205.8 2450194, 639179.7 2450194, 639153.5 2450194, 639127.4 2450196, 639101.4 2450200, 639075.7 2450205, 639050.3 2450211, 639025.2 2450218, 639000.5 2450227, 638976.3 2450237, 638952.7 2450248, 638929.7 2450261, 638907.3 2450274, 638885.8 2450289, 638865 2450305, 638845.1 2450322, 638826.1 2450340, 638808.1 2450359, 638791.1 2450379, 638775.2 2450400, 638760.3 2450421, 638746.7 2450444, 638734.2 2450467, 638722.9 2450490, 638712.9 2450514, 638704.1 2450539, 638696.7 2450564, 638690.6 2450590, 638685.8 2450615, 638682.4 2450641, 638680.3 2450667, 638679.7 2450694, 638680.3 2450720, 638682.4 2450746, 638685.8 2450772, 638690.6 2450798, 638696.7 2450823, 638704.1 2450848, 638712.9 2450873, 638722.9 2450897, 638734.2 2450921, 638746.7 2450944, 638760.3 2450966, 638775.2 2450988, 638791.1 2451008, 638808.1 2451028, 638826.1 2451047, 638845.1 2451065, 638865 2451082, 638885.8 2451098, 638907.3 2451113, 638929.7 2451127, 638952.7 2451139, 638976.3 2451150, 639000.5 2451160, 639025.2 2451169, 639050.3 2451177, 639075.7 2451183, 639101.4 2451188, 639127.4 2451191, 639153.5 2451193, 639179.7 2451194, 639205.8 2451193, 639231.9 2451191, 639257.9 2451188, 639283.6 2451183, 639309.1 2451177, 639334.2 2451169, 639358.8 2451160, 639383 2451150, 639406.7 2451139, 639429.7 2451127, 639452 2451113, 639473.6 2451098, 639494.3 2451082, 639514.2 2451065, 639533.2 2451047, 639551.2 2451028, 639568.2 2451008, 639584.2 2450988, 639599 2450966, 639612.7 2450944, 639625.2 2450921, 639636.4 2450897, 639646.5 2450873, 639655.2 2450848, 639662.6 2450823, 639668.7 2450798, 639673.5 2450772, 639676.9 2450746, 639679 2450720, 639679.7 2450694))"
22,20260531,Forest,7124.137931034484,51.67247087351391,2.2232954545454544,1,Dai,火葬,有,1,0,0,367,696.8669523772945,504.1778299764359,1075.818603515625,4.011298179626465,160.74234304087773,164943.81408691406,0,0.1854026997361246,1,58,0,0,70020.73745727539,0.4245126611439897,1,0,-0.9440449523857432,0.3298168095701006,8.871244005681202,3.944925161428895,0.798990534178215,"POLYGON ((638562.8 2453257, 638562.1 2453231, 638560 2453205, 638556.6 2453179, 638551.8 2453154, 638545.7 2453128, 638538.3 2453103, 638529.6 2453078, 638519.5 2453054, 638508.3 2453030, 638495.8 2453007, 638482.1 2452985, 638467.3 2452964, 638451.3 2452943, 638434.3 2452923, 638416.3 2452904, 638397.3 2452886, 638377.4 2452869, 638356.7 2452853, 638335.1 2452838, 638312.8 2452824, 638289.8 2452812, 638266.1 2452801, 638242 2452791, 638217.3 2452782, 638192.2 2452775, 638166.7 2452768, 638141 2452764, 638115 2452760, 638088.9 2452758, 638062.8 2452757, 638036.6 2452758, 638010.5 2452760, 637984.6 2452764, 637958.8 2452768, 637933.4 2452775, 637908.3 2452782, 637883.6 2452791, 637859.4 2452801, 637835.8 2452812, 637812.8 2452824, 637790.5 2452838, 637768.9 2452853, 637748.1 2452869, 637728.2 2452886, 637709.2 2452904, 637691.2 2452923, 637674.2 2452943, 637658.3 2452964, 637643.4 2452985, 637629.8 2453007, 637617.3 2453030, 637606 2453054, 637596 2453078, 637587.2 2453103, 637579.8 2453128, 637573.7 2453154, 637568.9 2453179, 637565.5 2453205, 637563.5 2453231, 637562.8 2453257, 637563.5 2453284, 637565.5 2453310, 637568.9 2453336, 637573.7 2453361, 637579.8 2453387, 637587.2 2453412, 637596 2453437, 637606 2453461, 637617.3 2453484, 637629.8 2453507, 637643.4 2453530, 637658.3 2453551, 637674.2 2453572, 637691.2 2453592, 637709.2 2453611, 637728.2 2453629, 637748.1 2453646, 637768.9 2453662, 637790.5 2453677, 637812.8 2453690, 637835.8 2453703, 637859.4 2453714, 637883.6 2453724, 637908.3 2453733, 637933.4 2453740, 637958.8 2453747, 637984.6 2453751, 638010.5 2453755, 638036.6 2453757, 638062.8 2453757, 638088.9 2453757, 638115 2453755, 638141 2453751, 638166.7 2453747, 638192.2 2453740, 638217.3 2453733, 638242 2453724, 638266.1 2453714, 638289.8 2453703, 638312.8 2453690, 638335.1 2453677, 638356.7 2453662, 638377.4 2453646, 638397.3 2453629, 638416.3 2453611, 638434.3 2453592, 638451.3 2453572, 638467.3 2453551, 638482.1 2453530, 638495.8 2453507, 638508.3 2453484, 638519.5 2453461, 638529.6 2453437, 638538.3 2453412, 638545.7 2453387, 638551.8 2453361, 638556.6 2453336, 638560 2453310, 638562.1 2453284, 638562.8 2453257))"
22,20260531,Forest,5138.793103448276,33.26277154901823,2.497802636835797,1,Dai,火葬,无,1,0,0,371,51.254423608818236,912.2386038484025,797.70654296875,5.329923629760742,101.64949248992902,6149.246549606323,198785.1104736328,0.5189566457836203,1,59,0,0,4349.246549606323,0.7072812115306653,1,0,-0.20192400988620832,0.979401191663291,8.544573526101653,3.5044388000891455,0.915411400109593,"POLYGON ((650682.6 2478782, 650681.9 2478756, 650679.8 2478730, 650676.4 2478704, 650671.6 2478678, 650665.5 2478653, 650658.1 2478627, 650649.4 2478603, 650639.3 2478579, 650628.1 2478555, 650615.6 2478532, 650601.9 2478510, 650587.1 2478488, 650571.1 2478467, 650554.1 2478447, 650536.1 2478428, 650517.1 2478410, 650497.2 2478393, 650476.5 2478377, 650454.9 2478363, 650432.6 2478349, 650409.6 2478336, 650385.9 2478325, 650361.7 2478315, 650337.1 2478306, 650312 2478299, 650286.5 2478293, 650260.8 2478288, 650234.8 2478285, 650208.7 2478283, 650182.6 2478282, 650156.4 2478283, 650130.3 2478285, 650104.3 2478288, 650078.6 2478293, 650053.2 2478299, 650028.1 2478306, 650003.4 2478315, 649979.2 2478325, 649955.6 2478336, 649932.6 2478349, 649910.2 2478363, 649888.7 2478377, 649867.9 2478393, 649848 2478410, 649829 2478428, 649811 2478447, 649794 2478467, 649778.1 2478488, 649763.2 2478510, 649749.5 2478532, 649737.1 2478555, 649725.8 2478579, 649715.8 2478603, 649707 2478627, 649699.6 2478653, 649693.5 2478678, 649688.7 2478704, 649685.3 2478730, 649683.2 2478756, 649682.6 2478782, 649683.2 2478808, 649685.3 2478834, 649688.7 2478860, 649693.5 2478886, 649699.6 2478911, 649707 2478936, 649715.8 2478961, 649725.8 2478985, 649737.1 2479009, 649749.5 2479032, 649763.2 2479054, 649778.1 2479076, 649794 2479097, 649811 2479117, 649829 2479136, 649848 2479154, 649867.9 2479171, 649888.7 2479186, 649910.2 2479201, 649932.6 2479215, 649955.6 2479227, 649979.2 2479239, 650003.4 2479249, 650028.1 2479257, 650053.2 2479265, 650078.6 2479271, 650104.3 2479276, 650130.3 2479279, 650156.4 2479281, 650182.6 2479282, 650208.7 2479281, 650234.8 2479279, 650260.8 2479276, 650286.5 2479271, 650312 2479265, 650337.1 2479257, 650361.7 2479249, 650385.9 2479239, 650409.6 2479227, 650432.6 2479215, 650454.9 2479201, 650476.5 2479186, 650497.2 2479171, 650517.1 2479154, 650536.1 2479136, 650554.1 2479117, 650571.1 2479097, 650587.1 2479076, 650601.9 2479054, 650615.6 2479032, 650628.1 2479009, 650639.3 2478985, 650649.4 2478961, 650658.1 2478936, 650665.5 2478911, 650671.6 2478886, 650676.4 2478860, 650679.8 2478834, 650681.9 2478808, 650682.6 2478782))"
22,20260531,Forest,5041.379310344828,62.39110124860256,1.6771919932337187,1,Dai,火葬,无,1,0,0,372,231.89630666347338,1053.7498428259887,792.2310791015625,5.128676414489746,148.946017126002,9662.96911239624,100150.94833374023,0.48527863945868116,1,60,0,0,7862.96911239624,0.8137218510104879,1,0,-0.8566816623175546,0.5158454511274007,8.525434996311342,4.133422657010395,0.5171209624142838,"POLYGON ((650676.3 2478096, 650675.7 2478070, 650673.6 2478044, 650670.2 2478018, 650665.4 2477992, 650659.3 2477967, 650651.9 2477942, 650643.1 2477917, 650633.1 2477893, 650621.8 2477869, 650609.4 2477846, 650595.7 2477824, 650580.9 2477802, 650564.9 2477782, 650547.9 2477762, 650529.9 2477743, 650510.9 2477725, 650491 2477708, 650470.2 2477692, 650448.7 2477677, 650426.3 2477663, 650403.3 2477651, 650379.7 2477640, 650355.5 2477629, 650330.9 2477621, 650305.8 2477613, 650280.3 2477607, 650254.6 2477602, 650228.6 2477599, 650202.5 2477597, 650176.3 2477596, 650150.2 2477597, 650124.1 2477599, 650098.1 2477602, 650072.4 2477607, 650046.9 2477613, 650021.8 2477621, 649997.2 2477629, 649973 2477640, 649949.3 2477651, 649926.3 2477663, 649904 2477677, 649882.5 2477692, 649861.7 2477708, 649841.8 2477725, 649822.8 2477743, 649804.8 2477762, 649787.8 2477782, 649771.8 2477802, 649757 2477824, 649743.3 2477846, 649730.8 2477869, 649719.6 2477893, 649709.6 2477917, 649700.8 2477942, 649693.4 2477967, 649687.3 2477992, 649682.5 2478018, 649679.1 2478044, 649677 2478070, 649676.3 2478096, 649677 2478122, 649679.1 2478149, 649682.5 2478174, 649687.3 2478200, 649693.4 2478226, 649700.8 2478251, 649709.6 2478275, 649719.6 2478300, 649730.8 2478323, 649743.3 2478346, 649757 2478369, 649771.8 2478390, 649787.8 2478411, 649804.8 2478431, 649822.8 2478450, 649841.8 2478468, 649861.7 2478485, 649882.5 2478501, 649904 2478516, 649926.3 2478529, 649949.3 2478542, 649973 2478553, 649997.2 2478563, 650021.8 2478572, 650046.9 2478579, 650072.4 2478585, 650098.1 2478590, 650124.1 2478594, 650150.2 2478596, 650176.3 2478596, 650202.5 2478596, 650228.6 2478594, 650254.6 2478590, 650280.3 2478585, 650305.8 2478579, 650330.9 2478572, 650355.5 2478563, 650379.7 2478553, 650403.3 2478542, 650426.3 2478529, 650448.7 2478516, 650470.2 2478501, 650491 2478485, 650510.9 2478468, 650529.9 2478450, 650547.9 2478431, 650564.9 2478411, 650580.9 2478390, 650595.7 2478369, 650609.4 2478346, 650621.8 2478323, 650633.1 2478300, 650643.1 2478275, 650651.9 2478251, 650659.3 2478226, 650665.4 2478200, 650670.2 2478174, 650673.6 2478149, 650675.7 2478122, 650676.3 2478096))"
22,20260531,Forest,5041.379310344828,62.39110124860256,1.6771919932337187,1,Dai,火葬,无,1,0,0,373,141.66432994055145,473.7677964612194,821.3431396484375,8.545626640319824,285.7778895259695,385994.3389892578,11202.20775604248,0.6533673049974327,1,61,264947.607421875,0.6864028320095349,6302.032041549683,0.016326747324978432,1,0,0.2719089063027675,-0.9623229949830945,8.525434996311342,4.133422657010395,0.5171209624142838,"POLYGON ((652036.3 2476504, 652035.6 2476477, 652033.6 2476451, 652030.1 2476425, 652025.4 2476400, 652019.3 2476374, 652011.8 2476349, 652003.1 2476324, 651993.1 2476300, 651981.8 2476277, 651969.3 2476254, 651955.6 2476231, 651940.8 2476210, 651924.9 2476189, 651907.9 2476169, 651889.9 2476150, 651870.9 2476132, 651851 2476115, 651830.2 2476099, 651808.6 2476084, 651786.3 2476071, 651763.3 2476058, 651739.7 2476047, 651715.5 2476037, 651690.8 2476028, 651665.7 2476021, 651640.3 2476014, 651614.5 2476010, 651588.6 2476006, 651562.5 2476004, 651536.3 2476004, 651510.1 2476004, 651484 2476006, 651458.1 2476010, 651432.3 2476014, 651406.9 2476021, 651381.8 2476028, 651357.1 2476037, 651332.9 2476047, 651309.3 2476058, 651286.3 2476071, 651264 2476084, 651242.4 2476099, 651221.6 2476115, 651201.7 2476132, 651182.8 2476150, 651164.7 2476169, 651147.7 2476189, 651131.8 2476210, 651117 2476231, 651103.3 2476254, 651090.8 2476277, 651079.5 2476300, 651069.5 2476324, 651060.8 2476349, 651053.3 2476374, 651047.2 2476400, 651042.5 2476425, 651039 2476451, 651037 2476477, 651036.3 2476504, 651037 2476530, 651039 2476556, 651042.5 2476582, 651047.2 2476607, 651053.3 2476633, 651060.8 2476658, 651069.5 2476683, 651079.5 2476707, 651090.8 2476731, 651103.3 2476754, 651117 2476776, 651131.8 2476797, 651147.7 2476818, 651164.7 2476838, 651182.8 2476857, 651201.7 2476875, 651221.6 2476892, 651242.4 2476908, 651264 2476923, 651286.3 2476937, 651309.3 2476949, 651332.9 2476960, 651357.1 2476970, 651381.8 2476979, 651406.9 2476986, 651432.3 2476993, 651458.1 2476997, 651484 2477001, 651510.1 2477003, 651536.3 2477004, 651562.5 2477003, 651588.6 2477001, 651614.5 2476997, 651640.3 2476993, 651665.7 2476986, 651690.8 2476979, 651715.5 2476970, 651739.7 2476960, 651763.3 2476949, 651786.3 2476937, 651808.6 2476923, 651830.2 2476908, 651851 2476892, 651870.9 2476875, 651889.9 2476857, 651907.9 2476838, 651924.9 2476818, 651940.8 2476797, 651955.6 2476776, 651969.3 2476754, 651981.8 2476731, 651993.1 2476707, 652003.1 2476683, 652011.8 2476658, 652019.3 2476633, 652025.4 2476607, 652030.1 2476582, 652033.6 2476556, 652035.6 2476530, 652036.3 2476504))"
22,20260531,Forest,5041.379310344828,62.39110124860256,1.6771919932337187,1,Dai,火葬,无,1,0,0,374,206.88160862220096,412.70200861563836,830.9930419921875,9.462969779968262,284.1631638101235,462085.1806640625,10059.433937072754,0.584976912608478,1,62,302122.7325439453,0.6538247604256964,11673.45085144043,0.02526255188418836,1,0,0.2446840664027799,-0.9696028607881683,8.525434996311342,4.133422657010395,0.5171209624142838,"POLYGON ((652106.7 2476600, 652106 2476573, 652104 2476547, 652100.6 2476521, 652095.8 2476496, 652089.7 2476470, 652082.2 2476445, 652073.5 2476420, 652063.5 2476396, 652052.2 2476373, 652039.7 2476350, 652026 2476327, 652011.2 2476306, 651995.3 2476285, 651978.3 2476265, 651960.3 2476246, 651941.3 2476228, 651921.4 2476211, 651900.6 2476195, 651879 2476180, 651856.7 2476167, 651833.7 2476154, 651810.1 2476143, 651785.9 2476133, 651761.2 2476124, 651736.1 2476117, 651710.7 2476111, 651684.9 2476106, 651659 2476102, 651632.9 2476100, 651606.7 2476100, 651580.5 2476100, 651554.4 2476102, 651528.5 2476106, 651502.8 2476111, 651477.3 2476117, 651452.2 2476124, 651427.5 2476133, 651403.3 2476143, 651379.7 2476154, 651356.7 2476167, 651334.4 2476180, 651312.8 2476195, 651292.1 2476211, 651272.1 2476228, 651253.2 2476246, 651235.1 2476265, 651218.1 2476285, 651202.2 2476306, 651187.4 2476327, 651173.7 2476350, 651161.2 2476373, 651149.9 2476396, 651139.9 2476420, 651131.2 2476445, 651123.7 2476470, 651117.6 2476496, 651112.9 2476521, 651109.5 2476547, 651107.4 2476573, 651106.7 2476600, 651107.4 2476626, 651109.5 2476652, 651112.9 2476678, 651117.6 2476704, 651123.7 2476729, 651131.2 2476754, 651139.9 2476779, 651149.9 2476803, 651161.2 2476827, 651173.7 2476850, 651187.4 2476872, 651202.2 2476894, 651218.1 2476914, 651235.1 2476934, 651253.2 2476953, 651272.1 2476971, 651292.1 2476988, 651312.8 2477004, 651334.4 2477019, 651356.7 2477033, 651379.7 2477045, 651403.3 2477056, 651427.5 2477066, 651452.2 2477075, 651477.3 2477083, 651502.8 2477089, 651528.5 2477093, 651554.4 2477097, 651580.5 2477099, 651606.7 2477100, 651632.9 2477099, 651659 2477097, 651684.9 2477093, 651710.7 2477089, 651736.1 2477083, 651761.2 2477075, 651785.9 2477066, 651810.1 2477056, 651833.7 2477045, 651856.7 2477033, 651879 2477019, 651900.6 2477004, 651921.4 2476988, 651941.3 2476971, 651960.3 2476953, 651978.3 2476934, 651995.3 2476914, 652011.2 2476894, 652026 2476872, 652039.7 2476850, 652052.2 2476827, 652063.5 2476803, 652073.5 2476779, 652082.2 2476754, 652089.7 2476729, 652095.8 2476704, 652100.6 2476678, 652104 2476652, 652106 2476626, 652106.7 2476600))"
22,20260531,Forest,5282.758620689656,45.034925325073786,2.4836279339321936,1,Dai,火葬,无,1,0,0,376,214.4595042505053,282.257859803933,943.2071533203125,8.9162015914917,253.69630838742734,65702.87704467773,128913.6703491211,0.5294156589525577,1,63,26762.527084350586,0.40732656297763276,36510.71319580078,0.5556942836913157,1,0,-0.28072854935531977,-0.9597872064040329,8.572203706302155,3.8074383070812012,0.9097203678008794,"POLYGON ((654297.6 2469492, 654296.9 2469466, 654294.8 2469439, 654291.4 2469413, 654286.7 2469388, 654280.5 2469362, 654273.1 2469337, 654264.4 2469313, 654254.4 2469288, 654243.1 2469265, 654230.6 2469242, 654216.9 2469219, 654202.1 2469198, 654186.2 2469177, 654169.2 2469157, 654151.1 2469138, 654132.1 2469120, 654112.2 2469103, 654091.5 2469087, 654069.9 2469072, 654047.6 2469059, 654024.6 2469046, 654000.9 2469035, 653976.8 2469025, 653952.1 2469016, 653927 2469009, 653901.5 2469003, 653875.8 2468998, 653849.8 2468994, 653823.7 2468992, 653797.6 2468992, 653771.4 2468992, 653745.3 2468994, 653719.4 2468998, 653693.6 2469003, 653668.2 2469009, 653643.1 2469016, 653618.4 2469025, 653594.2 2469035, 653570.6 2469046, 653547.6 2469059, 653525.3 2469072, 653503.7 2469087, 653482.9 2469103, 653463 2469120, 653444 2469138, 653426 2469157, 653409 2469177, 653393.1 2469198, 653378.2 2469219, 653364.6 2469242, 653352.1 2469265, 653340.8 2469288, 653330.8 2469313, 653322.1 2469337, 653314.6 2469362, 653308.5 2469388, 653303.7 2469413, 653300.3 2469439, 653298.3 2469466, 653297.6 2469492, 653298.3 2469518, 653300.3 2469544, 653303.7 2469570, 653308.5 2469596, 653314.6 2469621, 653322.1 2469646, 653330.8 2469671, 653340.8 2469695, 653352.1 2469719, 653364.6 2469742, 653378.2 2469764, 653393.1 2469786, 653409 2469806, 653426 2469826, 653444 2469845, 653463 2469863, 653482.9 2469880, 653503.7 2469896, 653525.3 2469911, 653547.6 2469925, 653570.6 2469937, 653594.2 2469948, 653618.4 2469958, 653643.1 2469967, 653668.2 2469975, 653693.6 2469981, 653719.4 2469986, 653745.3 2469989, 653771.4 2469991, 653797.6 2469992, 653823.7 2469991, 653849.8 2469989, 653875.8 2469986, 653901.5 2469981, 653927 2469975, 653952.1 2469967, 653976.8 2469958, 654000.9 2469948, 654024.6 2469937, 654047.6 2469925, 654069.9 2469911, 654091.5 2469896, 654112.2 2469880, 654132.1 2469863, 654151.1 2469845, 654169.2 2469826, 654186.2 2469806, 654202.1 2469786, 654216.9 2469764, 654230.6 2469742, 654243.1 2469719, 654254.4 2469695, 654264.4 2469671, 654273.1 2469646, 654280.5 2469621, 654286.7 2469596, 654291.4 2469570, 654294.8 2469544, 654296.9 2469518, 654297.6 2469492))"
22,20260531,Forest,5282.758620689656,45.034925325073786,2.4836279339321936,1,Dai,火葬,无,1,0,0,385,72.39559036416064,1029.2131023698134,833.9482421875,8.714137077331543,305.53262783082215,341604.0802001953,0,0.3001717266104474,1,64,144787.44506835938,0.4238457719343031,26794.062995910645,0.078436015694567,1,0,0.5811664702553301,-0.8137846974789834,8.572203706302155,3.8074383070812012,0.9097203678008794,"POLYGON ((652247.2 2475284, 652246.5 2475258, 652244.5 2475232, 652241.1 2475206, 652236.3 2475180, 652230.2 2475155, 652222.8 2475130, 652214 2475105, 652204 2475081, 652192.7 2475057, 652180.2 2475034, 652166.6 2475012, 652151.7 2474990, 652135.8 2474970, 652118.8 2474950, 652100.8 2474931, 652081.8 2474913, 652061.9 2474896, 652041.1 2474880, 652019.6 2474865, 651997.2 2474851, 651974.2 2474839, 651950.6 2474827, 651926.4 2474817, 651901.7 2474809, 651876.6 2474801, 651851.2 2474795, 651825.5 2474790, 651799.5 2474787, 651773.4 2474785, 651747.2 2474784, 651721.1 2474785, 651695 2474787, 651669 2474790, 651643.3 2474795, 651617.8 2474801, 651592.7 2474809, 651568 2474817, 651543.9 2474827, 651520.2 2474839, 651497.2 2474851, 651474.9 2474865, 651453.3 2474880, 651432.6 2474896, 651412.7 2474913, 651393.7 2474931, 651375.7 2474950, 651358.7 2474970, 651342.7 2474990, 651327.9 2475012, 651314.2 2475034, 651301.7 2475057, 651290.5 2475081, 651280.4 2475105, 651271.7 2475130, 651264.3 2475155, 651258.2 2475180, 651253.4 2475206, 651250 2475232, 651247.9 2475258, 651247.2 2475284, 651247.9 2475310, 651250 2475336, 651253.4 2475362, 651258.2 2475388, 651264.3 2475414, 651271.7 2475439, 651280.4 2475463, 651290.5 2475488, 651301.7 2475511, 651314.2 2475534, 651327.9 2475557, 651342.7 2475578, 651358.7 2475599, 651375.7 2475619, 651393.7 2475638, 651412.7 2475656, 651432.6 2475673, 651453.3 2475689, 651474.9 2475704, 651497.2 2475717, 651520.2 2475730, 651543.9 2475741, 651568 2475751, 651592.7 2475760, 651617.8 2475767, 651643.3 2475773, 651669 2475778, 651695 2475781, 651721.1 2475784, 651747.2 2475784, 651773.4 2475784, 651799.5 2475781, 651825.5 2475778, 651851.2 2475773, 651876.6 2475767, 651901.7 2475760, 651926.4 2475751, 651950.6 2475741, 651974.2 2475730, 651997.2 2475717, 652019.6 2475704, 652041.1 2475689, 652061.9 2475673, 652081.8 2475656, 652100.8 2475638, 652118.8 2475619, 652135.8 2475599, 652151.7 2475578, 652166.6 2475557, 652180.2 2475534, 652192.7 2475511, 652204 2475488, 652214 2475463, 652222.8 2475439, 652230.2 2475414, 652236.3 2475388, 652241.1 2475362, 652244.5 2475336, 652246.5 2475310, 652247.2 2475284))"
22,20260531,Forest,4379.310344827587,12.81155322983162,2.304106548279689,1,Dai,火葬,无,1,0,0,386,345.262009282469,311.1739031533394,1231.5745849609375,9.024701118469238,187.39800866431153,419530.59997558594,0,0.07159601254779373,1,65,0,0,240194.69604492188,0.5725320061490144,1,0,-0.9916756381220284,-0.12876113060729022,8.384646535454255,2.5503473599112674,0.8346929866774413,"POLYGON ((658441.2 2471115, 658440.5 2471089, 658438.5 2471063, 658435 2471037, 658430.3 2471011, 658424.2 2470986, 658416.7 2470961, 658408 2470936, 658398 2470912, 658386.7 2470888, 658374.2 2470865, 658360.5 2470843, 658345.7 2470821, 658329.8 2470801, 658312.8 2470781, 658294.7 2470762, 658275.8 2470744, 658255.9 2470727, 658235.1 2470711, 658213.5 2470696, 658191.2 2470682, 658168.2 2470670, 658144.6 2470658, 658120.4 2470648, 658095.7 2470640, 658070.6 2470632, 658045.1 2470626, 658019.4 2470621, 657993.5 2470618, 657967.4 2470616, 657941.2 2470615, 657915 2470616, 657888.9 2470618, 657863 2470621, 657837.2 2470626, 657811.8 2470632, 657786.7 2470640, 657762 2470648, 657737.8 2470658, 657714.2 2470670, 657691.2 2470682, 657668.9 2470696, 657647.3 2470711, 657626.5 2470727, 657606.6 2470744, 657587.6 2470762, 657569.6 2470781, 657552.6 2470801, 657536.7 2470821, 657521.9 2470843, 657508.2 2470865, 657495.7 2470888, 657484.4 2470912, 657474.4 2470936, 657465.7 2470961, 657458.2 2470986, 657452.1 2471011, 657447.3 2471037, 657443.9 2471063, 657441.9 2471089, 657441.2 2471115, 657441.9 2471141, 657443.9 2471167, 657447.3 2471193, 657452.1 2471219, 657458.2 2471245, 657465.7 2471270, 657474.4 2471294, 657484.4 2471319, 657495.7 2471342, 657508.2 2471365, 657521.9 2471388, 657536.7 2471409, 657552.6 2471430, 657569.6 2471450, 657587.6 2471469, 657606.6 2471487, 657626.5 2471504, 657647.3 2471520, 657668.9 2471535, 657691.2 2471548, 657714.2 2471561, 657737.8 2471572, 657762 2471582, 657786.7 2471591, 657811.8 2471598, 657837.2 2471604, 657863 2471609, 657888.9 2471612, 657915 2471615, 657941.2 2471615, 657967.4 2471615, 657993.5 2471612, 658019.4 2471609, 658045.1 2471604, 658070.6 2471598, 658095.7 2471591, 658120.4 2471582, 658144.6 2471572, 658168.2 2471561, 658191.2 2471548, 658213.5 2471535, 658235.1 2471520, 658255.9 2471504, 658275.8 2471487, 658294.7 2471469, 658312.8 2471450, 658329.8 2471430, 658345.7 2471409, 658360.5 2471388, 658374.2 2471365, 658386.7 2471342, 658398 2471319, 658408 2471294, 658416.7 2471270, 658424.2 2471245, 658430.3 2471219, 658435 2471193, 658438.5 2471167, 658440.5 2471141, 658441.2 2471115))"
22,20260531,Forest,3582.2736762193963,128.48206221372232,0.9385007278020379,1,Dai,火葬,有,1,0,0,407,521.9291789614742,891.3449100651519,704.26080322265625,9.04515266418457,354.3817655775202,346116.8243408203,30495.063400268555,0.2591916879718533,1,66,5417.19446182251,0.015651346831057865,2168.17524433136,0.00626428734997396,1,0,0.9951962937552109,-0.09789962663816386,8.183752982890077,4.855789300923641,-0.06347164746089516,"POLYGON ((668679.4 2380323, 668678.7 2380297, 668676.6 2380271, 668673.2 2380245, 668668.4 2380219, 668662.3 2380194, 668654.9 2380169, 668646.2 2380144, 668636.1 2380120, 668624.9 2380096, 668612.4 2380073, 668598.7 2380051, 668583.9 2380029, 668567.9 2380008, 668550.9 2379989, 668532.9 2379970, 668513.9 2379951, 668494 2379934, 668473.3 2379919, 668451.7 2379904, 668429.4 2379890, 668406.4 2379878, 668382.7 2379866, 668358.5 2379856, 668333.9 2379848, 668308.8 2379840, 668283.3 2379834, 668257.6 2379829, 668231.6 2379826, 668205.5 2379824, 668179.4 2379823, 668153.2 2379824, 668127.1 2379826, 668101.1 2379829, 668075.4 2379834, 668050 2379840, 668024.9 2379848, 668000.2 2379856, 667976 2379866, 667952.4 2379878, 667929.4 2379890, 667907 2379904, 667885.5 2379919, 667864.7 2379934, 667844.8 2379951, 667825.8 2379970, 667807.8 2379989, 667790.8 2380008, 667774.9 2380029, 667760 2380051, 667746.3 2380073, 667733.9 2380096, 667722.6 2380120, 667712.6 2380144, 667703.8 2380169, 667696.4 2380194, 667690.3 2380219, 667685.5 2380245, 667682.1 2380271, 667680 2380297, 667679.4 2380323, 667680 2380349, 667682.1 2380375, 667685.5 2380401, 667690.3 2380427, 667696.4 2380452, 667703.8 2380478, 667712.6 2380502, 667722.6 2380526, 667733.9 2380550, 667746.3 2380573, 667760 2380595, 667774.9 2380617, 667790.8 2380638, 667807.8 2380658, 667825.8 2380677, 667844.8 2380695, 667864.7 2380712, 667885.5 2380728, 667907 2380742, 667929.4 2380756, 667952.4 2380769, 667976 2380780, 668000.2 2380790, 668024.9 2380799, 668050 2380806, 668075.4 2380812, 668101.1 2380817, 668127.1 2380820, 668153.2 2380822, 668179.4 2380823, 668205.5 2380822, 668231.6 2380820, 668257.6 2380817, 668283.3 2380812, 668308.8 2380806, 668333.9 2380799, 668358.5 2380790, 668382.7 2380780, 668406.4 2380769, 668429.4 2380756, 668451.7 2380742, 668473.3 2380728, 668494 2380712, 668513.9 2380695, 668532.9 2380677, 668550.9 2380658, 668567.9 2380638, 668583.9 2380617, 668598.7 2380595, 668612.4 2380573, 668624.9 2380550, 668636.1 2380526, 668646.2 2380502, 668654.9 2380478, 668662.3 2380452, 668668.4 2380427, 668673.2 2380401, 668676.6 2380375, 668678.7 2380349, 668679.4 2380323))"
22,20260531,Forest,3582.2736762193963,128.48206221372232,0.9385007278020379,1,Dai,火葬,有,1,0,0,425,1082.7074436254888,1510.588386029367,751.45245361328125,8.388432502746582,257.3808903989037,111752.95028686523,47750.997161865234,0.049756848109828264,1,69,46682.5080871582,0.4177295361538655,270.43852508068085,0.0024199676553189535,1,0,-0.21846872234233636,-0.975843951335513,8.183752982890077,4.855789300923641,-0.06347164746089516,"POLYGON ((667336 2385604, 667335.3 2385577, 667333.2 2385551, 667329.8 2385525, 667325 2385500, 667318.9 2385474, 667311.5 2385449, 667302.8 2385424, 667292.7 2385400, 667281.5 2385377, 667269 2385354, 667255.3 2385331, 667240.5 2385310, 667224.5 2385289, 667207.5 2385269, 667189.5 2385250, 667170.5 2385232, 667150.6 2385215, 667129.9 2385199, 667108.3 2385184, 667086 2385171, 667063 2385158, 667039.3 2385147, 667015.1 2385137, 666990.5 2385128, 666965.4 2385121, 666939.9 2385114, 666914.2 2385110, 666888.2 2385106, 666862.1 2385104, 666836 2385104, 666809.8 2385104, 666783.7 2385106, 666757.7 2385110, 666732 2385114, 666706.6 2385121, 666681.5 2385128, 666656.8 2385137, 666632.6 2385147, 666609 2385158, 666586 2385171, 666563.6 2385184, 666542.1 2385199, 666521.3 2385215, 666501.4 2385232, 666482.4 2385250, 666464.4 2385269, 666447.4 2385289, 666431.5 2385310, 666416.6 2385331, 666403 2385354, 666390.5 2385377, 666379.2 2385400, 666369.2 2385424, 666360.4 2385449, 666353 2385474, 666346.9 2385500, 666342.1 2385525, 666338.7 2385551, 666336.7 2385577, 666336 2385604, 666336.7 2385630, 666338.7 2385656, 666342.1 2385682, 666346.9 2385708, 666353 2385733, 666360.4 2385758, 666369.2 2385783, 666379.2 2385807, 666390.5 2385831, 666403 2385854, 666416.6 2385876, 666431.5 2385897, 666447.4 2385918, 666464.4 2385938, 666482.4 2385957, 666501.4 2385975, 666521.3 2385992, 666542.1 2386008, 666563.6 2386023, 666586 2386037, 666609 2386049, 666632.6 2386060, 666656.8 2386070, 666681.5 2386079, 666706.6 2386087, 666732 2386093, 666757.7 2386097, 666783.7 2386101, 666809.8 2386103, 666836 2386104, 666862.1 2386103, 666888.2 2386101, 666914.2 2386097, 666939.9 2386093, 666965.4 2386087, 666990.5 2386079, 667015.1 2386070, 667039.3 2386060, 667063 2386049, 667086 2386037, 667108.3 2386023, 667129.9 2386008, 667150.6 2385992, 667170.5 2385975, 667189.5 2385957, 667207.5 2385938, 667224.5 2385918, 667240.5 2385897, 667255.3 2385876, 667269 2385854, 667281.5 2385831, 667292.7 2385807, 667302.8 2385783, 667311.5 2385758, 667318.9 2385733, 667325 2385708, 667329.8 2385682, 667333.2 2385656, 667335.3 2385630, 667336 2385604))"
22,20260531,Forest,3582.2736762193963,128.48206221372232,0.9385007278020379,1,Dai,火葬,有,1,0,0,426,82.92726935966712,433.5838551575159,721.61199951171875,9.991607666015625,93.4057898478569,6609.1020584106445,43328.45420837402,0.6047196662766634,1,70,6609.1020584106445,1,0,0,1,0,-0.059407247312531816,0.9982338298047946,8.183752982890077,4.855789300923641,-0.06347164746089516,"POLYGON ((667659.2 2383711, 667658.5 2383685, 667656.5 2383659, 667653.1 2383633, 667648.3 2383607, 667642.2 2383582, 667634.7 2383557, 667626 2383532, 667616 2383508, 667604.7 2383484, 667592.2 2383461, 667578.6 2383439, 667563.7 2383417, 667547.8 2383396, 667530.8 2383376, 667512.8 2383358, 667493.8 2383339, 667473.9 2383322, 667453.1 2383307, 667431.5 2383292, 667409.2 2383278, 667386.2 2383266, 667362.6 2383254, 667338.4 2383244, 667313.7 2383236, 667288.6 2383228, 667263.2 2383222, 667237.4 2383217, 667211.5 2383214, 667185.4 2383212, 667159.2 2383211, 667133.1 2383212, 667107 2383214, 667081 2383217, 667055.3 2383222, 667029.8 2383228, 667004.7 2383236, 666980 2383244, 666955.8 2383254, 666932.2 2383266, 666909.2 2383278, 666886.9 2383292, 666865.3 2383307, 666844.6 2383322, 666824.7 2383339, 666805.7 2383358, 666787.6 2383376, 666770.6 2383396, 666754.7 2383417, 666739.9 2383439, 666726.2 2383461, 666713.7 2383484, 666702.4 2383508, 666692.4 2383532, 666683.7 2383557, 666676.3 2383582, 666670.1 2383607, 666665.4 2383633, 666662 2383659, 666659.9 2383685, 666659.2 2383711, 666659.9 2383737, 666662 2383763, 666665.4 2383789, 666670.1 2383815, 666676.3 2383840, 666683.7 2383866, 666692.4 2383890, 666702.4 2383914, 666713.7 2383938, 666726.2 2383961, 666739.9 2383983, 666754.7 2384005, 666770.6 2384026, 666787.6 2384046, 666805.7 2384065, 666824.7 2384083, 666844.6 2384100, 666865.3 2384116, 666886.9 2384130, 666909.2 2384144, 666932.2 2384157, 666955.8 2384168, 666980 2384178, 667004.7 2384187, 667029.8 2384194, 667055.3 2384200, 667081 2384205, 667107 2384208, 667133.1 2384210, 667159.2 2384211, 667185.4 2384210, 667211.5 2384208, 667237.4 2384205, 667263.2 2384200, 667288.6 2384194, 667313.7 2384187, 667338.4 2384178, 667362.6 2384168, 667386.2 2384157, 667409.2 2384144, 667431.5 2384130, 667453.1 2384116, 667473.9 2384100, 667493.8 2384083, 667512.8 2384065, 667530.8 2384046, 667547.8 2384026, 667563.7 2384005, 667578.6 2383983, 667592.2 2383961, 667604.7 2383938, 667616 2383914, 667626 2383890, 667634.7 2383866, 667642.2 2383840, 667648.3 2383815, 667653.1 2383789, 667656.5 2383763, 667658.5 2383737, 667659.2 2383711))"
22,20260531,Forest,4740.827023878858,28.393067437574942,2.9508196721311477,1,Dai,土葬,无,1,0,0,528,510.69855275861715,1274.1316832842142,923.431640625,4.928971767425537,219.11762647943425,680263.65966796875,0,0.17112341412290638,1,74,299571.4599609375,0.44037551573334954,51170.69778442383,0.07522186002027484,1,0,-0.7758523491766329,-0.630914520578739,8.463966877081248,3.346145011058112,1.0820829867168993,"POLYGON ((682642.6 2481539, 682641.9 2481513, 682639.9 2481487, 682636.5 2481461, 682631.7 2481435, 682625.6 2481410, 682618.1 2481385, 682609.4 2481360, 682599.4 2481336, 682588.1 2481312, 682575.6 2481289, 682561.9 2481267, 682547.1 2481245, 682531.2 2481225, 682514.2 2481205, 682496.2 2481186, 682477.2 2481168, 682457.3 2481151, 682436.5 2481135, 682414.9 2481120, 682392.6 2481106, 682369.6 2481094, 682346 2481083, 682321.8 2481073, 682297.1 2481064, 682272 2481056, 682246.6 2481050, 682220.8 2481046, 682194.9 2481042, 682168.8 2481040, 682142.6 2481039, 682116.4 2481040, 682090.3 2481042, 682064.4 2481046, 682038.7 2481050, 682013.2 2481056, 681988.1 2481064, 681963.4 2481073, 681939.2 2481083, 681915.6 2481094, 681892.6 2481106, 681870.3 2481120, 681848.7 2481135, 681828 2481151, 681808 2481168, 681789.1 2481186, 681771 2481205, 681754 2481225, 681738.1 2481245, 681723.3 2481267, 681709.6 2481289, 681697.1 2481312, 681685.8 2481336, 681675.8 2481360, 681667.1 2481385, 681659.7 2481410, 681653.5 2481435, 681648.8 2481461, 681645.4 2481487, 681643.3 2481513, 681642.6 2481539, 681643.3 2481566, 681645.4 2481592, 681648.8 2481618, 681653.5 2481643, 681659.7 2481669, 681667.1 2481694, 681675.8 2481719, 681685.8 2481743, 681697.1 2481766, 681709.6 2481789, 681723.3 2481812, 681738.1 2481833, 681754 2481854, 681771 2481874, 681789.1 2481893, 681808 2481911, 681828 2481928, 681848.7 2481944, 681870.3 2481959, 681892.6 2481972, 681915.6 2481985, 681939.2 2481996, 681963.4 2482006, 681988.1 2482015, 682013.2 2482022, 682038.7 2482028, 682064.4 2482033, 682090.3 2482037, 682116.4 2482039, 682142.6 2482039, 682168.8 2482039, 682194.9 2482037, 682220.8 2482033, 682246.6 2482028, 682272 2482022, 682297.1 2482015, 682321.8 2482006, 682346 2481996, 682369.6 2481985, 682392.6 2481972, 682414.9 2481959, 682436.5 2481944, 682457.3 2481928, 682477.2 2481911, 682496.2 2481893, 682514.2 2481874, 682531.2 2481854, 682547.1 2481833, 682561.9 2481812, 682575.6 2481789, 682588.1 2481766, 682599.4 2481743, 682609.4 2481719, 682618.1 2481694, 682625.6 2481669, 682631.7 2481643, 682636.5 2481618, 682639.9 2481592, 682641.9 2481566, 682642.6 2481539))"
22,20260531,Forest,4740.827023878858,28.393067437574942,2.9508196721311477,1,Dai,土葬,无,1,0,0,529,797.6793763930077,1196.2928219107973,947.7213134765625,7.426086902618408,20.226614988682698,785039.3371582031,0,0.01894624231220093,1,75,338804.18701171875,0.4315760637399016,47274.478912353516,0.060219248481846004,1,0,0.9383325238749654,0.3457341097410517,8.463966877081248,3.346145011058112,1.0820829867168993,"POLYGON ((682872.7 2481105, 682872 2481079, 682869.9 2481053, 682866.5 2481027, 682861.8 2481001, 682855.7 2480975, 682848.2 2480950, 682839.5 2480926, 682829.5 2480901, 682818.2 2480878, 682805.7 2480855, 682792 2480833, 682777.2 2480811, 682761.3 2480790, 682744.3 2480770, 682726.2 2480751, 682707.3 2480733, 682687.3 2480716, 682666.6 2480700, 682645 2480686, 682622.7 2480672, 682599.7 2480659, 682576.1 2480648, 682551.9 2480638, 682527.2 2480629, 682502.1 2480622, 682476.6 2480616, 682450.9 2480611, 682425 2480608, 682398.9 2480606, 682372.7 2480605, 682346.5 2480606, 682320.4 2480608, 682294.5 2480611, 682268.7 2480616, 682243.3 2480622, 682218.2 2480629, 682193.5 2480638, 682169.3 2480648, 682145.7 2480659, 682122.7 2480672, 682100.4 2480686, 682078.8 2480700, 682058 2480716, 682038.1 2480733, 682019.1 2480751, 682001.1 2480770, 681984.1 2480790, 681968.2 2480811, 681953.4 2480833, 681939.7 2480855, 681927.2 2480878, 681915.9 2480901, 681905.9 2480926, 681897.2 2480950, 681889.7 2480975, 681883.6 2481001, 681878.8 2481027, 681875.4 2481053, 681873.4 2481079, 681872.7 2481105, 681873.4 2481131, 681875.4 2481157, 681878.8 2481183, 681883.6 2481209, 681889.7 2481234, 681897.2 2481259, 681905.9 2481284, 681915.9 2481308, 681927.2 2481332, 681939.7 2481355, 681953.4 2481377, 681968.2 2481399, 681984.1 2481420, 682001.1 2481439, 682019.1 2481458, 682038.1 2481476, 682058 2481493, 682078.8 2481509, 682100.4 2481524, 682122.7 2481538, 682145.7 2481550, 682169.3 2481562, 682193.5 2481572, 682218.2 2481580, 682243.3 2481588, 682268.7 2481594, 682294.5 2481599, 682320.4 2481602, 682346.5 2481604, 682372.7 2481605, 682398.9 2481604, 682425 2481602, 682450.9 2481599, 682476.6 2481594, 682502.1 2481588, 682527.2 2481580, 682551.9 2481572, 682576.1 2481562, 682599.7 2481550, 682622.7 2481538, 682645 2481524, 682666.6 2481509, 682687.3 2481493, 682707.3 2481476, 682726.2 2481458, 682744.3 2481439, 682761.3 2481420, 682777.2 2481399, 682792 2481377, 682805.7 2481355, 682818.2 2481332, 682829.5 2481308, 682839.5 2481284, 682848.2 2481259, 682855.7 2481234, 682861.8 2481209, 682866.5 2481183, 682869.9 2481157, 682872 2481131, 682872.7 2481105))"
22,20260531,Forest,7228.991849999999,125.94885561236832,2.2268100633762242,1,Dai,火葬,有,1,0,0,578,41.47840460310257,711.607629931342,1190.8331298828125,5.41815710067749,50.512658022185924,133323.84338378906,0,0.06451224919145694,1,77,0,0,12600,0.0945067264804942,1,0,0.6359077342405046,0.77176508960506085,8.885854865596148,4.835875916710245,0.8005700965267329,"POLYGON ((647979.1 2430418, 647978.4 2430392, 647976.4 2430366, 647973 2430340, 647968.2 2430314, 647962.1 2430288, 647954.7 2430263, 647945.9 2430239, 647935.9 2430215, 647924.6 2430191, 647912.1 2430168, 647898.5 2430146, 647883.6 2430124, 647867.7 2430103, 647850.7 2430083, 647832.7 2430064, 647813.7 2430046, 647793.8 2430029, 647773 2430013, 647751.4 2429999, 647729.1 2429985, 647706.1 2429972, 647682.5 2429961, 647658.3 2429951, 647633.6 2429942, 647608.5 2429935, 647583.1 2429929, 647557.3 2429924, 647531.4 2429921, 647505.3 2429919, 647479.1 2429918, 647453 2429919, 647426.9 2429921, 647400.9 2429924, 647375.2 2429929, 647349.7 2429935, 647324.6 2429942, 647299.9 2429951, 647275.8 2429961, 647252.1 2429972, 647229.1 2429985, 647206.8 2429999, 647185.2 2430013, 647164.5 2430029, 647144.6 2430046, 647125.6 2430064, 647107.6 2430083, 647090.6 2430103, 647074.6 2430124, 647059.8 2430146, 647046.1 2430168, 647033.6 2430191, 647022.4 2430215, 647012.3 2430239, 647003.6 2430263, 646996.2 2430288, 646990.1 2430314, 646985.3 2430340, 646981.9 2430366, 646979.8 2430392, 646979.1 2430418, 646979.8 2430444, 646981.9 2430470, 646985.3 2430496, 646990.1 2430522, 646996.2 2430547, 647003.6 2430572, 647012.3 2430597, 647022.4 2430621, 647033.6 2430645, 647046.1 2430668, 647059.8 2430690, 647074.6 2430712, 647090.6 2430733, 647107.6 2430752, 647125.6 2430771, 647144.6 2430789, 647164.5 2430806, 647185.2 2430822, 647206.8 2430837, 647229.1 2430851, 647252.1 2430863, 647275.8 2430875, 647299.9 2430885, 647324.6 2430893, 647349.7 2430901, 647375.2 2430907, 647400.9 2430912, 647426.9 2430915, 647453 2430917, 647479.1 2430918, 647505.3 2430917, 647531.4 2430915, 647557.3 2430912, 647583.1 2430907, 647608.5 2430901, 647633.6 2430893, 647658.3 2430885, 647682.5 2430875, 647706.1 2430863, 647729.1 2430851, 647751.4 2430837, 647773 2430822, 647793.8 2430806, 647813.7 2430789, 647832.7 2430771, 647850.7 2430752, 647867.7 2430733, 647883.6 2430712, 647898.5 2430690, 647912.1 2430668, 647924.6 2430645, 647935.9 2430621, 647945.9 2430597, 647954.7 2430572, 647962.1 2430547, 647968.2 2430522, 647973 2430496, 647976.4 2430470, 647978.4 2430444, 647979.1 2430418))"
22,20260531,Forest,7049.3814250000005,62.13958925543634,2.551398109032388,1,Dai,火葬,有,1,0,0,579,92.60869326501532,888.6677688071637,1137.699951171875,6.999038219451904,279.8993390886093,618537.2497558594,0,0.10105845278963885,1,78,0,0,103767.0295715332,0.16776197328857836,1,0,0.17191773695325105,-0.9851113093051327,8.860695150822083,4.129383293956514,0.936641486972757,"POLYGON ((645087.5 2445375, 645086.8 2445349, 645084.7 2445323, 645081.3 2445297, 645076.6 2445271, 645070.4 2445246, 645063 2445220, 645054.3 2445196, 645044.3 2445172, 645033 2445148, 645020.5 2445125, 645006.8 2445103, 644992 2445081, 644976.1 2445060, 644959.1 2445040, 644941 2445021, 644922 2445003, 644902.1 2444986, 644881.4 2444970, 644859.8 2444956, 644837.5 2444942, 644814.5 2444929, 644790.9 2444918, 644766.7 2444908, 644742 2444899, 644716.9 2444892, 644691.4 2444886, 644665.7 2444881, 644639.7 2444878, 644613.7 2444876, 644587.5 2444875, 644561.3 2444876, 644535.2 2444878, 644509.3 2444881, 644483.5 2444886, 644458.1 2444892, 644433 2444899, 644408.3 2444908, 644384.1 2444918, 644360.5 2444929, 644337.5 2444942, 644315.2 2444956, 644293.6 2444970, 644272.8 2444986, 644252.9 2445003, 644233.9 2445021, 644215.9 2445040, 644198.9 2445060, 644183 2445081, 644168.1 2445103, 644154.5 2445125, 644142 2445148, 644130.7 2445172, 644120.7 2445196, 644112 2445220, 644104.5 2445246, 644098.4 2445271, 644093.6 2445297, 644090.2 2445323, 644088.2 2445349, 644087.5 2445375, 644088.2 2445401, 644090.2 2445427, 644093.6 2445453, 644098.4 2445479, 644104.5 2445504, 644112 2445529, 644120.7 2445554, 644130.7 2445578, 644142 2445602, 644154.5 2445625, 644168.1 2445647, 644183 2445669, 644198.9 2445690, 644215.9 2445710, 644233.9 2445729, 644252.9 2445747, 644272.8 2445764, 644293.6 2445779, 644315.2 2445794, 644337.5 2445808, 644360.5 2445820, 644384.1 2445832, 644408.3 2445842, 644433 2445851, 644458.1 2445858, 644483.5 2445864, 644509.3 2445869, 644535.2 2445872, 644561.3 2445874, 644587.5 2445875, 644613.7 2445874, 644639.7 2445872, 644665.7 2445869, 644691.4 2445864, 644716.9 2445858, 644742 2445851, 644766.7 2445842, 644790.9 2445832, 644814.5 2445820, 644837.5 2445808, 644859.8 2445794, 644881.4 2445779, 644902.1 2445764, 644922 2445747, 644941 2445729, 644959.1 2445710, 644976.1 2445690, 644992 2445669, 645006.8 2445647, 645020.5 2445625, 645033 2445602, 645044.3 2445578, 645054.3 2445554, 645063 2445529, 645070.4 2445504, 645076.6 2445479, 645081.3 2445453, 645084.7 2445427, 645086.8 2445401, 645087.5 2445375))"
22,20260531,Forest,7049.3814250000005,62.13958925543634,2.551398109032388,1,Dai,火葬,有,1,0,0,580,221.3452171030917,469.74629276517123,1183.573974609375,5.149966239929199,264.253832871748,339914.8498535156,0,0.22573605903147492,1,79,0,0,36907.8483581543,0.10857968804263633,1,0,-0.10012150174331032,-0.9949752182284061,8.860695150822083,4.129383293956514,0.936641486972757,"POLYGON ((646774.8 2441410, 646774.1 2441384, 646772.1 2441358, 646768.7 2441332, 646763.9 2441306, 646757.8 2441280, 646750.4 2441255, 646741.6 2441231, 646731.6 2441206, 646720.3 2441183, 646707.8 2441160, 646694.2 2441137, 646679.3 2441116, 646663.4 2441095, 646646.4 2441075, 646628.4 2441056, 646609.4 2441038, 646589.5 2441021, 646568.7 2441005, 646547.1 2440990, 646524.8 2440977, 646501.8 2440964, 646478.2 2440953, 646454 2440943, 646429.3 2440934, 646404.2 2440927, 646378.8 2440921, 646353 2440916, 646327.1 2440913, 646301 2440910, 646274.8 2440910, 646248.7 2440910, 646222.6 2440913, 646196.6 2440916, 646170.9 2440921, 646145.4 2440927, 646120.3 2440934, 646095.6 2440943, 646071.5 2440953, 646047.8 2440964, 646024.8 2440977, 646002.5 2440990, 645980.9 2441005, 645960.2 2441021, 645940.3 2441038, 645921.3 2441056, 645903.2 2441075, 645886.2 2441095, 645870.3 2441116, 645855.5 2441137, 645841.8 2441160, 645829.3 2441183, 645818 2441206, 645808 2441231, 645799.3 2441255, 645791.9 2441280, 645785.7 2441306, 645781 2441332, 645777.6 2441358, 645775.5 2441384, 645774.8 2441410, 645775.5 2441436, 645777.6 2441462, 645781 2441488, 645785.7 2441514, 645791.9 2441539, 645799.3 2441564, 645808 2441589, 645818 2441613, 645829.3 2441637, 645841.8 2441660, 645855.5 2441682, 645870.3 2441704, 645886.2 2441724, 645903.2 2441744, 645921.3 2441763, 645940.3 2441781, 645960.2 2441798, 645980.9 2441814, 646002.5 2441829, 646024.8 2441843, 646047.8 2441855, 646071.5 2441867, 646095.6 2441877, 646120.3 2441885, 646145.4 2441893, 646170.9 2441899, 646196.6 2441904, 646222.6 2441907, 646248.7 2441909, 646274.8 2441910, 646301 2441909, 646327.1 2441907, 646353 2441904, 646378.8 2441899, 646404.2 2441893, 646429.3 2441885, 646454 2441877, 646478.2 2441867, 646501.8 2441855, 646524.8 2441843, 646547.1 2441829, 646568.7 2441814, 646589.5 2441798, 646609.4 2441781, 646628.4 2441763, 646646.4 2441744, 646663.4 2441724, 646679.3 2441704, 646694.2 2441682, 646707.8 2441660, 646720.3 2441637, 646731.6 2441613, 646741.6 2441589, 646750.4 2441564, 646757.8 2441539, 646763.9 2441514, 646768.7 2441488, 646772.1 2441462, 646774.1 2441436, 646774.8 2441410))"
22,20260531,Forest,7049.3814250000005,62.13958925543634,2.551398109032388,1,Dai,火葬,有,1,0,0,581,10.396902742597273,212.58218364289513,1129.99169921875,6.696994781494141,30.01633911593537,441786.31896972656,0,0.21787897957397004,1,80,0,0,20714.75944519043,0.04688863949770683,1,0,0.8658827828876363,0.5002469453167729,8.860695150822083,4.129383293956514,0.936641486972757,"POLYGON ((644172.6 2439105, 644171.9 2439079, 644169.9 2439053, 644166.5 2439027, 644161.7 2439001, 644155.6 2438976, 644148.1 2438951, 644139.4 2438926, 644129.4 2438902, 644118.1 2438878, 644105.6 2438855, 644091.9 2438833, 644077.1 2438811, 644061.2 2438790, 644044.2 2438771, 644026.2 2438752, 644007.2 2438734, 643987.3 2438717, 643966.5 2438701, 643944.9 2438686, 643922.6 2438672, 643899.6 2438660, 643876 2438648, 643851.8 2438638, 643827.1 2438630, 643802 2438622, 643776.6 2438616, 643750.8 2438611, 643724.9 2438608, 643698.8 2438606, 643672.6 2438605, 643646.4 2438606, 643620.3 2438608, 643594.4 2438611, 643568.7 2438616, 643543.2 2438622, 643518.1 2438630, 643493.4 2438638, 643469.2 2438648, 643445.6 2438660, 643422.6 2438672, 643400.3 2438686, 643378.7 2438701, 643357.9 2438717, 643338 2438734, 643319.1 2438752, 643301 2438771, 643284 2438790, 643268.1 2438811, 643253.3 2438833, 643239.6 2438855, 643227.1 2438878, 643215.8 2438902, 643205.8 2438926, 643197.1 2438951, 643189.6 2438976, 643183.5 2439001, 643178.8 2439027, 643175.3 2439053, 643173.3 2439079, 643172.6 2439105, 643173.3 2439131, 643175.3 2439157, 643178.8 2439183, 643183.5 2439209, 643189.6 2439235, 643197.1 2439260, 643205.8 2439284, 643215.8 2439309, 643227.1 2439332, 643239.6 2439355, 643253.3 2439377, 643268.1 2439399, 643284 2439420, 643301 2439440, 643319.1 2439459, 643338 2439477, 643357.9 2439494, 643378.7 2439510, 643400.3 2439524, 643422.6 2439538, 643445.6 2439551, 643469.2 2439562, 643493.4 2439572, 643518.1 2439581, 643543.2 2439588, 643568.7 2439594, 643594.4 2439599, 643620.3 2439602, 643646.4 2439604, 643672.6 2439605, 643698.8 2439604, 643724.9 2439602, 643750.8 2439599, 643776.6 2439594, 643802 2439588, 643827.1 2439581, 643851.8 2439572, 643876 2439562, 643899.6 2439551, 643922.6 2439538, 643944.9 2439524, 643966.5 2439510, 643987.3 2439494, 644007.2 2439477, 644026.2 2439459, 644044.2 2439440, 644061.2 2439420, 644077.1 2439399, 644091.9 2439377, 644105.6 2439355, 644118.1 2439332, 644129.4 2439309, 644139.4 2439284, 644148.1 2439260, 644155.6 2439235, 644161.7 2439209, 644166.5 2439183, 644169.9 2439157, 644171.9 2439131, 644172.6 2439105))"
22,20260531,Forest,7472.8425,44.82738108566082,3.0142299107142856,1,Dai,火葬,有,1,0,0,582,580.0382761591869,880.5790161633657,1205.963134765625,5.910378456115723,192.08582702257323,272315.56091308594,0,0.03449296278580318,1,81,0,0,116149.49340820312,0.4265253627767316,1,0,-0.9778350591641997,-0.20937668702447804,8.919030727835047,3.8028191376712726,1.1033443782221637,"POLYGON ((639527 2433785, 639526.3 2433758, 639524.3 2433732, 639520.9 2433706, 639516.1 2433681, 639510 2433655, 639502.5 2433630, 639493.8 2433605, 639483.8 2433581, 639472.5 2433558, 639460 2433535, 639446.4 2433512, 639431.5 2433491, 639415.6 2433470, 639398.6 2433450, 639380.6 2433431, 639361.6 2433413, 639341.7 2433396, 639320.9 2433380, 639299.3 2433365, 639277 2433352, 639254 2433339, 639230.4 2433328, 639206.2 2433318, 639181.5 2433309, 639156.4 2433302, 639131 2433296, 639105.2 2433291, 639079.3 2433287, 639053.2 2433285, 639027 2433285, 639000.8 2433285, 638974.8 2433287, 638948.8 2433291, 638923.1 2433296, 638897.6 2433302, 638872.5 2433309, 638847.8 2433318, 638823.6 2433328, 638800 2433339, 638777 2433352, 638754.7 2433365, 638733.1 2433380, 638712.4 2433396, 638692.4 2433413, 638673.5 2433431, 638655.4 2433450, 638638.4 2433470, 638622.5 2433491, 638607.7 2433512, 638594 2433535, 638581.5 2433558, 638570.2 2433581, 638560.2 2433605, 638551.5 2433630, 638544.1 2433655, 638537.9 2433681, 638533.2 2433706, 638529.8 2433732, 638527.7 2433758, 638527 2433785, 638527.7 2433811, 638529.8 2433837, 638533.2 2433863, 638537.9 2433889, 638544.1 2433914, 638551.5 2433939, 638560.2 2433964, 638570.2 2433988, 638581.5 2434012, 638594 2434035, 638607.7 2434057, 638622.5 2434079, 638638.4 2434099, 638655.4 2434119, 638673.5 2434138, 638692.4 2434156, 638712.4 2434173, 638733.1 2434189, 638754.7 2434204, 638777 2434218, 638800 2434230, 638823.6 2434241, 638847.8 2434251, 638872.5 2434260, 638897.6 2434268, 638923.1 2434274, 638948.8 2434278, 638974.8 2434282, 639000.8 2434284, 639027 2434285, 639053.2 2434284, 639079.3 2434282, 639105.2 2434278, 639131 2434274, 639156.4 2434268, 639181.5 2434260, 639206.2 2434251, 639230.4 2434241, 639254 2434230, 639277 2434218, 639299.3 2434204, 639320.9 2434189, 639341.7 2434173, 639361.6 2434156, 639380.6 2434138, 639398.6 2434119, 639415.6 2434099, 639431.5 2434079, 639446.4 2434057, 639460 2434035, 639472.5 2434012, 639483.8 2433988, 639493.8 2433964, 639502.5 2433939, 639510 2433914, 639516.1 2433889, 639520.9 2433863, 639524.3 2433837, 639526.3 2433811, 639527 2433785))"
22,20260531,Forest,7668.695652173914,133.19513203141992,2.0375399361022364,1,Dai,火葬,有,1,0,0,583,87.7649466651277,1033.8904126160248,1203.2183837890625,7.499274730682373,214.9241456795712,348785.5682373047,2272.1052646636963,0.04940213958082411,1,82,0,0,91365.80657958984,0.26195409128117053,1,0,-0.8199106884186239,-0.572491452352695,8.944901821513023,4.891815211127795,0.7117431664817675,"POLYGON ((644075.5 2427919, 644074.8 2427892, 644072.7 2427866, 644069.3 2427840, 644064.6 2427815, 644058.4 2427789, 644051 2427764, 644042.3 2427739, 644032.3 2427715, 644021 2427692, 644008.5 2427669, 643994.8 2427646, 643980 2427625, 643964.1 2427604, 643947.1 2427584, 643929 2427565, 643910 2427547, 643890.1 2427530, 643869.4 2427514, 643847.8 2427499, 643825.5 2427486, 643802.5 2427473, 643778.8 2427462, 643754.7 2427452, 643730 2427443, 643704.9 2427436, 643679.4 2427430, 643653.7 2427425, 643627.7 2427421, 643601.6 2427419, 643575.5 2427419, 643549.3 2427419, 643523.2 2427421, 643497.3 2427425, 643471.5 2427430, 643446.1 2427436, 643421 2427443, 643396.3 2427452, 643372.1 2427462, 643348.5 2427473, 643325.5 2427486, 643303.2 2427499, 643281.6 2427514, 643260.8 2427530, 643240.9 2427547, 643221.9 2427565, 643203.9 2427584, 643186.9 2427604, 643171 2427625, 643156.1 2427646, 643142.5 2427669, 643130 2427692, 643118.7 2427715, 643108.7 2427739, 643100 2427764, 643092.5 2427789, 643086.4 2427815, 643081.6 2427840, 643078.2 2427866, 643076.2 2427892, 643075.5 2427919, 643076.2 2427945, 643078.2 2427971, 643081.6 2427997, 643086.4 2428023, 643092.5 2428048, 643100 2428073, 643108.7 2428098, 643118.7 2428122, 643130 2428146, 643142.5 2428169, 643156.1 2428191, 643171 2428213, 643186.9 2428233, 643203.9 2428253, 643221.9 2428272, 643240.9 2428290, 643260.8 2428307, 643281.6 2428323, 643303.2 2428338, 643325.5 2428352, 643348.5 2428364, 643372.1 2428375, 643396.3 2428385, 643421 2428394, 643446.1 2428402, 643471.5 2428408, 643497.3 2428413, 643523.2 2428416, 643549.3 2428418, 643575.5 2428419, 643601.6 2428418, 643627.7 2428416, 643653.7 2428413, 643679.4 2428408, 643704.9 2428402, 643730 2428394, 643754.7 2428385, 643778.8 2428375, 643802.5 2428364, 643825.5 2428352, 643847.8 2428338, 643869.4 2428323, 643890.1 2428307, 643910 2428290, 643929 2428272, 643947.1 2428253, 643964.1 2428233, 643980 2428213, 643994.8 2428191, 644008.5 2428169, 644021 2428146, 644032.3 2428122, 644042.3 2428098, 644051 2428073, 644058.4 2428048, 644064.6 2428023, 644069.3 2427997, 644072.7 2427971, 644074.8 2427945, 644075.5 2427919))"
22,20260531,Forest,7228.991849999999,125.94885561236832,2.2268100633762242,1,Dai,火葬,有,1,0,0,584,185.02977737865342,500.3519307863354,1184.4986572265625,3.1361913681030273,261.54511701472734,61519.96994018555,0,0.3327263653012419,1,83,0,0,3600,0.058517583859358145,1,0,-0.14703057428245808,-0.9891319478341454,8.885854865596148,4.835875916710245,0.8005700965267329,"POLYGON ((645501.9 2433734, 645501.2 2433708, 645499.2 2433682, 645495.7 2433656, 645491 2433630, 645484.9 2433605, 645477.4 2433580, 645468.7 2433555, 645458.7 2433531, 645447.4 2433507, 645434.9 2433484, 645421.2 2433462, 645406.4 2433440, 645390.5 2433420, 645373.5 2433400, 645355.5 2433381, 645336.5 2433363, 645316.6 2433346, 645295.8 2433330, 645274.2 2433315, 645251.9 2433301, 645228.9 2433289, 645205.3 2433278, 645181.1 2433268, 645156.4 2433259, 645131.3 2433251, 645105.9 2433245, 645080.1 2433240, 645054.2 2433237, 645028.1 2433235, 645001.9 2433234, 644975.7 2433235, 644949.6 2433237, 644923.7 2433240, 644897.9 2433245, 644872.5 2433251, 644847.4 2433259, 644822.7 2433268, 644798.5 2433278, 644774.9 2433289, 644751.9 2433301, 644729.6 2433315, 644708 2433330, 644687.2 2433346, 644667.3 2433363, 644648.3 2433381, 644630.3 2433400, 644613.3 2433420, 644597.4 2433440, 644582.6 2433462, 644568.9 2433484, 644556.4 2433507, 644545.1 2433531, 644535.1 2433555, 644526.4 2433580, 644518.9 2433605, 644512.8 2433630, 644508.1 2433656, 644504.6 2433682, 644502.6 2433708, 644501.9 2433734, 644502.6 2433760, 644504.6 2433787, 644508.1 2433813, 644512.8 2433838, 644518.9 2433864, 644526.4 2433889, 644535.1 2433913, 644545.1 2433938, 644556.4 2433961, 644568.9 2433984, 644582.6 2434007, 644597.4 2434028, 644613.3 2434049, 644630.3 2434069, 644648.3 2434088, 644667.3 2434106, 644687.2 2434123, 644708 2434139, 644729.6 2434154, 644751.9 2434167, 644774.9 2434180, 644798.5 2434191, 644822.7 2434201, 644847.4 2434210, 644872.5 2434217, 644897.9 2434223, 644923.7 2434228, 644949.6 2434232, 644975.7 2434234, 645001.9 2434234, 645028.1 2434234, 645054.2 2434232, 645080.1 2434228, 645105.9 2434223, 645131.3 2434217, 645156.4 2434210, 645181.1 2434201, 645205.3 2434191, 645228.9 2434180, 645251.9 2434167, 645274.2 2434154, 645295.8 2434139, 645316.6 2434123, 645336.5 2434106, 645355.5 2434088, 645373.5 2434069, 645390.5 2434049, 645406.4 2434028, 645421.2 2434007, 645434.9 2433984, 645447.4 2433961, 645458.7 2433938, 645468.7 2433913, 645477.4 2433889, 645484.9 2433864, 645491 2433838, 645495.7 2433813, 645499.2 2433787, 645501.2 2433760, 645501.9 2433734))"
22,20260531,Forest,7049.3814250000005,62.13958925543634,2.551398109032388,1,Dai,火葬,有,1,0,0,585,5.035152082355086,429.4694428700016,1174.6080322265625,6.283308982849121,86.09328853148492,361031.0119628906,0,0.12639292718511927,1,84,0,0,53069.42710876465,0.14699409566017976,1,0,0.06813215616444272,0.9976763048686603,8.860695150822083,4.129383293956514,0.936641486972757,"POLYGON ((647011.7 2440202, 647011.1 2440175, 647009 2440149, 647005.6 2440123, 647000.8 2440098, 646994.7 2440072, 646987.3 2440047, 646978.5 2440022, 646968.5 2439998, 646957.3 2439975, 646944.8 2439952, 646931.1 2439929, 646916.3 2439908, 646900.3 2439887, 646883.3 2439867, 646865.3 2439848, 646846.3 2439830, 646826.4 2439813, 646805.6 2439797, 646784.1 2439782, 646761.7 2439768, 646738.7 2439756, 646715.1 2439745, 646690.9 2439735, 646666.3 2439726, 646641.2 2439719, 646615.7 2439712, 646590 2439708, 646564 2439704, 646537.9 2439702, 646511.7 2439702, 646485.6 2439702, 646459.5 2439704, 646433.5 2439708, 646407.8 2439712, 646382.3 2439719, 646357.2 2439726, 646332.6 2439735, 646308.4 2439745, 646284.8 2439756, 646261.7 2439768, 646239.4 2439782, 646217.9 2439797, 646197.1 2439813, 646177.2 2439830, 646158.2 2439848, 646140.2 2439867, 646123.2 2439887, 646107.2 2439908, 646092.4 2439929, 646078.7 2439952, 646066.2 2439975, 646055 2439998, 646045 2440022, 646036.2 2440047, 646028.8 2440072, 646022.7 2440098, 646017.9 2440123, 646014.5 2440149, 646012.4 2440175, 646011.7 2440202, 646012.4 2440228, 646014.5 2440254, 646017.9 2440280, 646022.7 2440305, 646028.8 2440331, 646036.2 2440356, 646045 2440381, 646055 2440405, 646066.2 2440428, 646078.7 2440452, 646092.4 2440474, 646107.2 2440495, 646123.2 2440516, 646140.2 2440536, 646158.2 2440555, 646177.2 2440573, 646197.1 2440590, 646217.9 2440606, 646239.4 2440621, 646261.7 2440635, 646284.8 2440647, 646308.4 2440658, 646332.6 2440668, 646357.2 2440677, 646382.3 2440684, 646407.8 2440691, 646433.5 2440695, 646459.5 2440699, 646485.6 2440701, 646511.7 2440702, 646537.9 2440701, 646564 2440699, 646590 2440695, 646615.7 2440691, 646641.2 2440684, 646666.3 2440677, 646690.9 2440668, 646715.1 2440658, 646738.7 2440647, 646761.7 2440635, 646784.1 2440621, 646805.6 2440606, 646826.4 2440590, 646846.3 2440573, 646865.3 2440555, 646883.3 2440536, 646900.3 2440516, 646916.3 2440495, 646931.1 2440474, 646944.8 2440452, 646957.3 2440428, 646968.5 2440405, 646978.5 2440381, 646987.3 2440356, 646994.7 2440331, 647000.8 2440305, 647005.6 2440280, 647009 2440254, 647011.1 2440228, 647011.7 2440202))"
22,20260531,Forest,7228.991849999999,125.94885561236832,2.2268100633762242,1,Dai,火葬,有,1,0,0,588,163.2039759918787,803.8243917104655,1173.0335693359375,1.7144948244094849,135.89587288898733,39910.79292297363,0,0.18520398676218364,1,86,0,0,9945.574378967285,0.24919510865549274,1,0,-0.7180761681352847,0.695964522627516,8.885854865596148,4.835875916710245,0.8005700965267329,"POLYGON ((648628.4 2432940, 648627.7 2432913, 648625.6 2432887, 648622.2 2432861, 648617.5 2432836, 648611.3 2432810, 648603.9 2432785, 648595.2 2432760, 648585.2 2432736, 648573.9 2432713, 648561.4 2432690, 648547.7 2432667, 648532.9 2432646, 648517 2432625, 648500 2432605, 648481.9 2432586, 648462.9 2432568, 648443 2432551, 648422.3 2432535, 648400.7 2432520, 648378.4 2432507, 648355.4 2432494, 648331.7 2432483, 648307.6 2432473, 648282.9 2432464, 648257.8 2432457, 648232.3 2432451, 648206.6 2432446, 648180.6 2432442, 648154.5 2432440, 648128.4 2432440, 648102.2 2432440, 648076.1 2432442, 648050.2 2432446, 648024.4 2432451, 647999 2432457, 647973.9 2432464, 647949.2 2432473, 647925 2432483, 647901.4 2432494, 647878.4 2432507, 647856.1 2432520, 647834.5 2432535, 647813.7 2432551, 647793.8 2432568, 647774.8 2432586, 647756.8 2432605, 647739.8 2432625, 647723.9 2432646, 647709 2432667, 647695.4 2432690, 647682.9 2432713, 647671.6 2432736, 647661.6 2432760, 647652.9 2432785, 647645.4 2432810, 647639.3 2432836, 647634.5 2432861, 647631.1 2432887, 647629.1 2432913, 647628.4 2432940, 647629.1 2432966, 647631.1 2432992, 647634.5 2433018, 647639.3 2433044, 647645.4 2433069, 647652.9 2433094, 647661.6 2433119, 647671.6 2433143, 647682.9 2433167, 647695.4 2433190, 647709 2433212, 647723.9 2433234, 647739.8 2433254, 647756.8 2433274, 647774.8 2433293, 647793.8 2433311, 647813.7 2433328, 647834.5 2433344, 647856.1 2433359, 647878.4 2433373, 647901.4 2433385, 647925 2433396, 647949.2 2433406, 647973.9 2433415, 647999 2433423, 648024.4 2433429, 648050.2 2433433, 648076.1 2433437, 648102.2 2433439, 648128.4 2433440, 648154.5 2433439, 648180.6 2433437, 648206.6 2433433, 648232.3 2433429, 648257.8 2433423, 648282.9 2433415, 648307.6 2433406, 648331.7 2433396, 648355.4 2433385, 648378.4 2433373, 648400.7 2433359, 648422.3 2433344, 648443 2433328, 648462.9 2433311, 648481.9 2433293, 648500 2433274, 648517 2433254, 648532.9 2433234, 648547.7 2433212, 648561.4 2433190, 648573.9 2433167, 648585.2 2433143, 648595.2 2433119, 648603.9 2433094, 648611.3 2433069, 648617.5 2433044, 648622.2 2433018, 648625.6 2432992, 648627.7 2432966, 648628.4 2432940))"
22,20260531,Forest,9919.21515,122.74373955556506,2.1520049735778675,1,Dai,火葬,有,1,0,0,590,301.14864673906413,304.94024925634085,1189.4105224609375,5.093732833862305,116.45555503088269,91657.4592590332,0,0.14077674079737523,1,88,0,0,40130.94177246094,0.4378360702651255,1,0,-0.44550346846398625,0.8952802128867576,9.202229079205381,4.8100987637900134,0.766399953438999,"POLYGON ((655781.9 2433399, 655781.2 2433373, 655779.2 2433347, 655775.7 2433321, 655771 2433295, 655764.9 2433269, 655757.4 2433244, 655748.7 2433220, 655738.7 2433195, 655727.4 2433172, 655714.9 2433149, 655701.2 2433127, 655686.4 2433105, 655670.5 2433084, 655653.5 2433064, 655635.5 2433045, 655616.5 2433027, 655596.6 2433010, 655575.8 2432994, 655554.2 2432979, 655531.9 2432966, 655508.9 2432953, 655485.3 2432942, 655461.1 2432932, 655436.4 2432923, 655411.3 2432916, 655385.9 2432910, 655360.1 2432905, 655334.2 2432902, 655308.1 2432900, 655281.9 2432899, 655255.7 2432900, 655229.6 2432902, 655203.7 2432905, 655177.9 2432910, 655152.5 2432916, 655127.4 2432923, 655102.7 2432932, 655078.5 2432942, 655054.9 2432953, 655031.9 2432966, 655009.6 2432979, 654988 2432994, 654967.2 2433010, 654947.3 2433027, 654928.4 2433045, 654910.3 2433064, 654893.3 2433084, 654877.4 2433105, 654862.6 2433127, 654848.9 2433149, 654836.4 2433172, 654825.1 2433195, 654815.1 2433220, 654806.4 2433244, 654798.9 2433269, 654792.8 2433295, 654788.1 2433321, 654784.6 2433347, 654782.6 2433373, 654781.9 2433399, 654782.6 2433425, 654784.6 2433451, 654788.1 2433477, 654792.8 2433503, 654798.9 2433528, 654806.4 2433553, 654815.1 2433578, 654825.1 2433602, 654836.4 2433626, 654848.9 2433649, 654862.6 2433671, 654877.4 2433693, 654893.3 2433713, 654910.3 2433733, 654928.4 2433752, 654947.3 2433770, 654967.2 2433787, 654988 2433803, 655009.6 2433818, 655031.9 2433832, 655054.9 2433844, 655078.5 2433856, 655102.7 2433866, 655127.4 2433874, 655152.5 2433882, 655177.9 2433888, 655203.7 2433893, 655229.6 2433896, 655255.7 2433898, 655281.9 2433899, 655308.1 2433898, 655334.2 2433896, 655360.1 2433893, 655385.9 2433888, 655411.3 2433882, 655436.4 2433874, 655461.1 2433866, 655485.3 2433856, 655508.9 2433844, 655531.9 2433832, 655554.2 2433818, 655575.8 2433803, 655596.6 2433787, 655616.5 2433770, 655635.5 2433752, 655653.5 2433733, 655670.5 2433713, 655686.4 2433693, 655701.2 2433671, 655714.9 2433649, 655727.4 2433626, 655738.7 2433602, 655748.7 2433578, 655757.4 2433553, 655764.9 2433528, 655771 2433503, 655775.7 2433477, 655779.2 2433451, 655781.2 2433425, 655781.9 2433399))"
22,20260531,Forest,9919.21515,122.74373955556506,2.1520049735778675,1,Dai,火葬,有,1,0,0,591,355.80344587774965,374.752055591421,1188.30078125,5.261242389678955,262.27872254495634,267253.93981933594,0,0.20721489420148861,1,89,0,0,66152.56805419922,0.24752700782977588,1,0,-0.13435418932400411,-0.9909333740525089,9.202229079205381,4.8100987637900134,0.766399953438999,"POLYGON ((655916.5 2432971, 655915.8 2432945, 655913.8 2432919, 655910.4 2432893, 655905.6 2432867, 655899.5 2432841, 655892 2432816, 655883.3 2432792, 655873.3 2432768, 655862 2432744, 655849.5 2432721, 655835.9 2432699, 655821 2432677, 655805.1 2432656, 655788.1 2432636, 655770.1 2432617, 655751.1 2432599, 655731.2 2432582, 655710.4 2432566, 655688.8 2432552, 655666.5 2432538, 655643.5 2432525, 655619.9 2432514, 655595.7 2432504, 655571 2432495, 655545.9 2432488, 655520.5 2432482, 655494.7 2432477, 655468.8 2432474, 655442.7 2432472, 655416.5 2432471, 655390.4 2432472, 655364.3 2432474, 655338.3 2432477, 655312.6 2432482, 655287.1 2432488, 655262 2432495, 655237.3 2432504, 655213.2 2432514, 655189.5 2432525, 655166.5 2432538, 655144.2 2432552, 655122.6 2432566, 655101.9 2432582, 655082 2432599, 655063 2432617, 655044.9 2432636, 655027.9 2432656, 655012 2432677, 654997.2 2432699, 654983.5 2432721, 654971 2432744, 654959.7 2432768, 654949.7 2432792, 654941 2432816, 654933.6 2432841, 654927.4 2432867, 654922.7 2432893, 654919.3 2432919, 654917.2 2432945, 654916.5 2432971, 654917.2 2432997, 654919.3 2433023, 654922.7 2433049, 654927.4 2433075, 654933.6 2433100, 654941 2433125, 654949.7 2433150, 654959.7 2433174, 654971 2433198, 654983.5 2433221, 654997.2 2433243, 655012 2433265, 655027.9 2433286, 655044.9 2433305, 655063 2433324, 655082 2433342, 655101.9 2433359, 655122.6 2433375, 655144.2 2433390, 655166.5 2433404, 655189.5 2433416, 655213.2 2433428, 655237.3 2433438, 655262 2433446, 655287.1 2433454, 655312.6 2433460, 655338.3 2433465, 655364.3 2433468, 655390.4 2433470, 655416.5 2433471, 655442.7 2433470, 655468.8 2433468, 655494.7 2433465, 655520.5 2433460, 655545.9 2433454, 655571 2433446, 655595.7 2433438, 655619.9 2433428, 655643.5 2433416, 655666.5 2433404, 655688.8 2433390, 655710.4 2433375, 655731.2 2433359, 655751.1 2433342, 655770.1 2433324, 655788.1 2433305, 655805.1 2433286, 655821 2433265, 655835.9 2433243, 655849.5 2433221, 655862 2433198, 655873.3 2433174, 655883.3 2433150, 655892 2433125, 655899.5 2433100, 655905.6 2433075, 655910.4 2433049, 655913.8 2433023, 655915.8 2432997, 655916.5 2432971))"
22,20260531,Forest,9919.21515,122.74373955556506,2.1520049735778675,1,Dai,火葬,有,1,0,0,592,324.6316624142457,840.6614945425165,1207.5272216796875,9.651277542114258,291.18971772938187,217523.35052490234,0,0.02039420998539241,1,90,0,0,55507.69844055176,0.25518041307568573,1,0,0.36145724991816625,-0.9323886831582612,9.202229079205381,4.8100987637900134,0.766399953438999,"POLYGON ((656629.2 2433942, 656628.5 2433916, 656626.4 2433890, 656623 2433864, 656618.3 2433838, 656612.1 2433813, 656604.7 2433788, 656596 2433763, 656586 2433739, 656574.7 2433715, 656562.2 2433692, 656548.5 2433670, 656533.7 2433648, 656517.8 2433627, 656500.8 2433608, 656482.7 2433589, 656463.7 2433571, 656443.8 2433554, 656423.1 2433538, 656401.5 2433523, 656379.2 2433509, 656356.2 2433497, 656332.5 2433485, 656308.4 2433475, 656283.7 2433467, 656258.6 2433459, 656233.1 2433453, 656207.4 2433448, 656181.4 2433445, 656155.3 2433443, 656129.2 2433442, 656103 2433443, 656076.9 2433445, 656051 2433448, 656025.2 2433453, 655999.8 2433459, 655974.7 2433467, 655950 2433475, 655925.8 2433485, 655902.2 2433497, 655879.2 2433509, 655856.9 2433523, 655835.3 2433538, 655814.5 2433554, 655794.6 2433571, 655775.6 2433589, 655757.6 2433608, 655740.6 2433627, 655724.7 2433648, 655709.8 2433670, 655696.2 2433692, 655683.7 2433715, 655672.4 2433739, 655662.4 2433763, 655653.7 2433788, 655646.2 2433813, 655640.1 2433838, 655635.3 2433864, 655631.9 2433890, 655629.9 2433916, 655629.2 2433942, 655629.9 2433968, 655631.9 2433994, 655635.3 2434020, 655640.1 2434046, 655646.2 2434072, 655653.7 2434097, 655662.4 2434121, 655672.4 2434146, 655683.7 2434169, 655696.2 2434192, 655709.8 2434214, 655724.7 2434236, 655740.6 2434257, 655757.6 2434277, 655775.6 2434296, 655794.6 2434314, 655814.5 2434331, 655835.3 2434347, 655856.9 2434361, 655879.2 2434375, 655902.2 2434388, 655925.8 2434399, 655950 2434409, 655974.7 2434418, 655999.8 2434425, 656025.2 2434431, 656051 2434436, 656076.9 2434439, 656103 2434441, 656129.2 2434442, 656155.3 2434441, 656181.4 2434439, 656207.4 2434436, 656233.1 2434431, 656258.6 2434425, 656283.7 2434418, 656308.4 2434409, 656332.5 2434399, 656356.2 2434388, 656379.2 2434375, 656401.5 2434361, 656423.1 2434347, 656443.8 2434331, 656463.7 2434314, 656482.7 2434296, 656500.8 2434277, 656517.8 2434257, 656533.7 2434236, 656548.5 2434214, 656562.2 2434192, 656574.7 2434169, 656586 2434146, 656596 2434121, 656604.7 2434097, 656612.1 2434072, 656618.3 2434046, 656623 2434020, 656626.4 2433994, 656628.5 2433968, 656629.2 2433942))"
22,20260531,Forest,9919.21515,122.74373955556506,2.1520049735778675,1,Dai,火葬,有,1,0,0,593,718.0651856612362,458.53149255781665,1191.773681640625,6.217772006988525,16.466282544750978,80558.60366821289,0,0.02698449194547091,1,91,0,0,4491.705751419067,0.05575699611078812,1,0,0.9589867063575498,0.28345104873593,9.202229079205381,4.8100987637900134,0.766399953438999,"POLYGON ((654591 2432212, 654590.3 2432185, 654588.3 2432159, 654584.9 2432133, 654580.1 2432108, 654574 2432082, 654566.5 2432057, 654557.8 2432032, 654547.8 2432008, 654536.5 2431985, 654524 2431962, 654510.4 2431939, 654495.5 2431918, 654479.6 2431897, 654462.6 2431877, 654444.6 2431858, 654425.6 2431840, 654405.7 2431823, 654384.9 2431807, 654363.3 2431792, 654341 2431779, 654318 2431766, 654294.4 2431755, 654270.2 2431745, 654245.5 2431736, 654220.4 2431729, 654195 2431723, 654169.2 2431718, 654143.3 2431714, 654117.2 2431712, 654091 2431712, 654064.9 2431712, 654038.8 2431714, 654012.8 2431718, 653987.1 2431723, 653961.6 2431729, 653936.5 2431736, 653911.8 2431745, 653887.7 2431755, 653864 2431766, 653841 2431779, 653818.7 2431792, 653797.1 2431807, 653776.4 2431823, 653756.5 2431840, 653737.5 2431858, 653719.4 2431877, 653702.4 2431897, 653686.5 2431918, 653671.7 2431939, 653658 2431962, 653645.5 2431985, 653634.2 2432008, 653624.2 2432032, 653615.5 2432057, 653608.1 2432082, 653601.9 2432108, 653597.2 2432133, 653593.8 2432159, 653591.7 2432185, 653591 2432212, 653591.7 2432238, 653593.8 2432264, 653597.2 2432290, 653601.9 2432316, 653608.1 2432341, 653615.5 2432366, 653624.2 2432391, 653634.2 2432415, 653645.5 2432439, 653658 2432462, 653671.7 2432484, 653686.5 2432505, 653702.4 2432526, 653719.4 2432546, 653737.5 2432565, 653756.5 2432583, 653776.4 2432600, 653797.1 2432616, 653818.7 2432631, 653841 2432645, 653864 2432657, 653887.7 2432668, 653911.8 2432678, 653936.5 2432687, 653961.6 2432695, 653987.1 2432701, 654012.8 2432705, 654038.8 2432709, 654064.9 2432711, 654091 2432712, 654117.2 2432711, 654143.3 2432709, 654169.2 2432705, 654195 2432701, 654220.4 2432695, 654245.5 2432687, 654270.2 2432678, 654294.4 2432668, 654318 2432657, 654341 2432645, 654363.3 2432631, 654384.9 2432616, 654405.7 2432600, 654425.6 2432583, 654444.6 2432565, 654462.6 2432546, 654479.6 2432526, 654495.5 2432505, 654510.4 2432484, 654524 2432462, 654536.5 2432439, 654547.8 2432415, 654557.8 2432391, 654566.5 2432366, 654574 2432341, 654580.1 2432316, 654584.9 2432290, 654588.3 2432264, 654590.3 2432238, 654591 2432212))"
22,20260531,Forest,9919.21515,122.74373955556506,2.1520049735778675,1,Dai,火葬,有,1,0,0,594,5.625274139359995,853.9034958327421,1173.6851806640625,2.8487331867218018,128.06304564678308,58294.15740966797,1800,0.16017411749783764,1,92,0,0,8533.570289611816,0.14638808876919354,1,0,-0.6165281933113936,0.7873328310518931,9.202229079205381,4.8100987637900134,0.766399953438999,"POLYGON ((652582.9 2432409, 652582.2 2432383, 652580.1 2432356, 652576.7 2432331, 652572 2432305, 652565.8 2432279, 652558.4 2432254, 652549.7 2432230, 652539.7 2432205, 652528.4 2432182, 652515.9 2432159, 652502.2 2432136, 652487.4 2432115, 652471.5 2432094, 652454.5 2432074, 652436.4 2432055, 652417.5 2432037, 652397.5 2432020, 652376.8 2432004, 652355.2 2431989, 652332.9 2431976, 652309.9 2431963, 652286.3 2431952, 652262.1 2431942, 652237.4 2431933, 652212.3 2431926, 652186.8 2431920, 652161.1 2431915, 652135.1 2431911, 652109.1 2431909, 652082.9 2431909, 652056.7 2431909, 652030.6 2431911, 652004.7 2431915, 651978.9 2431920, 651953.5 2431926, 651928.4 2431933, 651903.7 2431942, 651879.5 2431952, 651855.9 2431963, 651832.9 2431976, 651810.6 2431989, 651789 2432004, 651768.2 2432020, 651748.3 2432037, 651729.3 2432055, 651711.3 2432074, 651694.3 2432094, 651678.4 2432115, 651663.6 2432136, 651649.9 2432159, 651637.4 2432182, 651626.1 2432205, 651616.1 2432230, 651607.4 2432254, 651599.9 2432279, 651593.8 2432305, 651589 2432331, 651585.6 2432356, 651583.6 2432383, 651582.9 2432409, 651583.6 2432435, 651585.6 2432461, 651589 2432487, 651593.8 2432513, 651599.9 2432538, 651607.4 2432563, 651616.1 2432588, 651626.1 2432612, 651637.4 2432636, 651649.9 2432659, 651663.6 2432681, 651678.4 2432703, 651694.3 2432723, 651711.3 2432743, 651729.3 2432762, 651748.3 2432780, 651768.2 2432797, 651789 2432813, 651810.6 2432828, 651832.9 2432842, 651855.9 2432854, 651879.5 2432866, 651903.7 2432876, 651928.4 2432884, 651953.5 2432892, 651978.9 2432898, 652004.7 2432903, 652030.6 2432906, 652056.7 2432908, 652082.9 2432909, 652109.1 2432908, 652135.1 2432906, 652161.1 2432903, 652186.8 2432898, 652212.3 2432892, 652237.4 2432884, 652262.1 2432876, 652286.3 2432866, 652309.9 2432854, 652332.9 2432842, 652355.2 2432828, 652376.8 2432813, 652397.5 2432797, 652417.5 2432780, 652436.4 2432762, 652454.5 2432743, 652471.5 2432723, 652487.4 2432703, 652502.2 2432681, 652515.9 2432659, 652528.4 2432636, 652539.7 2432612, 652549.7 2432588, 652558.4 2432563, 652565.8 2432538, 652572 2432513, 652576.7 2432487, 652580.1 2432461, 652582.2 2432435, 652582.9 2432409))"
22,20260531,Forest,11480.645924999999,197.10260251095193,1.7151607963246553,1,Dai,火葬,有,1,0,0,595,249.689826251221,412.1989162034064,1187.7845458984375,5.1845269203186035,277.9559811818571,163514.5477294922,0,0.21553041260864855,1,93,0,0,5400,0.03302458450934536,1,0,0.13841226343547963,-0.9903746994600919,9.34841793353463,5.28372441808445,0.5395068350127091,"POLYGON ((650189.4 2431623, 650188.7 2431597, 650186.7 2431571, 650183.3 2431545, 650178.5 2431519, 650172.4 2431494, 650165 2431469, 650156.2 2431444, 650146.2 2431420, 650134.9 2431396, 650122.4 2431373, 650108.8 2431351, 650093.9 2431330, 650078 2431309, 650061 2431289, 650043 2431270, 650024 2431252, 650004.1 2431235, 649983.3 2431219, 649961.7 2431204, 649939.4 2431190, 649916.4 2431178, 649892.8 2431167, 649868.6 2431157, 649843.9 2431148, 649818.8 2431140, 649793.4 2431134, 649767.6 2431130, 649741.7 2431126, 649715.6 2431124, 649689.4 2431123, 649663.3 2431124, 649637.2 2431126, 649611.2 2431130, 649585.5 2431134, 649560 2431140, 649534.9 2431148, 649510.2 2431157, 649486.1 2431167, 649462.4 2431178, 649439.4 2431190, 649417.1 2431204, 649395.5 2431219, 649374.8 2431235, 649354.9 2431252, 649335.9 2431270, 649317.9 2431289, 649300.9 2431309, 649284.9 2431330, 649270.1 2431351, 649256.4 2431373, 649243.9 2431396, 649232.7 2431420, 649222.6 2431444, 649213.9 2431469, 649206.5 2431494, 649200.4 2431519, 649195.6 2431545, 649192.2 2431571, 649190.1 2431597, 649189.4 2431623, 649190.1 2431650, 649192.2 2431676, 649195.6 2431702, 649200.4 2431727, 649206.5 2431753, 649213.9 2431778, 649222.6 2431803, 649232.7 2431827, 649243.9 2431850, 649256.4 2431873, 649270.1 2431896, 649284.9 2431917, 649300.9 2431938, 649317.9 2431958, 649335.9 2431977, 649354.9 2431995, 649374.8 2432012, 649395.5 2432028, 649417.1 2432043, 649439.4 2432056, 649462.4 2432069, 649486.1 2432080, 649510.2 2432090, 649534.9 2432099, 649560 2432106, 649585.5 2432113, 649611.2 2432117, 649637.2 2432121, 649663.3 2432123, 649689.4 2432123, 649715.6 2432123, 649741.7 2432121, 649767.6 2432117, 649793.4 2432113, 649818.8 2432106, 649843.9 2432099, 649868.6 2432090, 649892.8 2432080, 649916.4 2432069, 649939.4 2432056, 649961.7 2432043, 649983.3 2432028, 650004.1 2432012, 650024 2431995, 650043 2431977, 650061 2431958, 650078 2431938, 650093.9 2431917, 650108.8 2431896, 650122.4 2431873, 650134.9 2431850, 650146.2 2431827, 650156.2 2431803, 650165 2431778, 650172.4 2431753, 650178.5 2431727, 650183.3 2431702, 650186.7 2431676, 650188.7 2431650, 650189.4 2431623))"
22,20260531,Forest,11480.645924999999,197.10260251095193,1.7151607963246553,1,Dai,火葬,有,1,0,0,596,219.99356063921158,478.9931867171715,1185.5638427734375,4.8368144035339355,83.31742652260215,146354.5623779297,0,0.09852698477538044,1,94,0,0,5400,0.03689669739202009,1,0,0.11636865865924534,0.9932060890277747,9.34841793353463,5.28372441808445,0.5395068350127091,"POLYGON ((650134.4 2431563, 650133.7 2431537, 650131.7 2431511, 650128.3 2431485, 650123.5 2431459, 650117.4 2431434, 650110 2431409, 650101.2 2431384, 650091.2 2431360, 650079.9 2431336, 650067.4 2431313, 650053.8 2431291, 650038.9 2431270, 650023 2431249, 650006 2431229, 649988 2431210, 649969 2431192, 649949.1 2431175, 649928.3 2431159, 649906.8 2431144, 649884.4 2431130, 649861.4 2431118, 649837.8 2431107, 649813.6 2431097, 649788.9 2431088, 649763.8 2431080, 649738.4 2431074, 649712.7 2431070, 649686.7 2431066, 649660.6 2431064, 649634.4 2431063, 649608.3 2431064, 649582.2 2431066, 649556.2 2431070, 649530.5 2431074, 649505 2431080, 649479.9 2431088, 649455.2 2431097, 649431.1 2431107, 649407.4 2431118, 649384.4 2431130, 649362.1 2431144, 649340.5 2431159, 649319.8 2431175, 649299.9 2431192, 649280.9 2431210, 649262.9 2431229, 649245.9 2431249, 649229.9 2431270, 649215.1 2431291, 649201.4 2431313, 649188.9 2431336, 649177.7 2431360, 649167.6 2431384, 649158.9 2431409, 649151.5 2431434, 649145.4 2431459, 649140.6 2431485, 649137.2 2431511, 649135.1 2431537, 649134.4 2431563, 649135.1 2431590, 649137.2 2431616, 649140.6 2431642, 649145.4 2431667, 649151.5 2431693, 649158.9 2431718, 649167.6 2431743, 649177.7 2431767, 649188.9 2431790, 649201.4 2431813, 649215.1 2431836, 649229.9 2431857, 649245.9 2431878, 649262.9 2431898, 649280.9 2431917, 649299.9 2431935, 649319.8 2431952, 649340.5 2431968, 649362.1 2431983, 649384.4 2431996, 649407.4 2432009, 649431.1 2432020, 649455.2 2432030, 649479.9 2432039, 649505 2432046, 649530.5 2432052, 649556.2 2432057, 649582.2 2432061, 649608.3 2432063, 649634.4 2432063, 649660.6 2432063, 649686.7 2432061, 649712.7 2432057, 649738.4 2432052, 649763.8 2432046, 649788.9 2432039, 649813.6 2432030, 649837.8 2432020, 649861.4 2432009, 649884.4 2431996, 649906.8 2431983, 649928.3 2431968, 649949.1 2431952, 649969 2431935, 649988 2431917, 650006 2431898, 650023 2431878, 650038.9 2431857, 650053.8 2431836, 650067.4 2431813, 650079.9 2431790, 650091.2 2431767, 650101.2 2431743, 650110 2431718, 650117.4 2431693, 650123.5 2431667, 650128.3 2431642, 650131.7 2431616, 650133.7 2431590, 650134.4 2431563))"
22,20260531,Forest,10452.802325,124.13642428963009,1.6224724264705883,1,Dai,火葬,有,1,0,0,597,300.78110038711105,805.6942566229682,1186.747802734375,4.088342189788818,20.54961533309902,73269.49081420898,0,0.04904186405087416,1,95,0,0,2700,0.03685026291292849,1,0,0.9363685756899546,0.3510183619988644,9.2546253865149,4.821381156717196,0.48395117498056833,"POLYGON ((648466.6 2427734, 648465.9 2427708, 648463.9 2427682, 648460.5 2427656, 648455.7 2427630, 648449.6 2427605, 648442.2 2427580, 648433.4 2427555, 648423.4 2427531, 648412.1 2427507, 648399.6 2427484, 648386 2427462, 648371.1 2427440, 648355.2 2427420, 648338.2 2427400, 648320.2 2427381, 648301.2 2427363, 648281.3 2427346, 648260.5 2427330, 648239 2427315, 648216.6 2427301, 648193.6 2427289, 648170 2427277, 648145.8 2427267, 648121.1 2427259, 648096 2427251, 648070.6 2427245, 648044.9 2427240, 648018.9 2427237, 647992.8 2427235, 647966.6 2427234, 647940.5 2427235, 647914.4 2427237, 647888.4 2427240, 647862.7 2427245, 647837.2 2427251, 647812.1 2427259, 647787.5 2427267, 647763.3 2427277, 647739.6 2427289, 647716.6 2427301, 647694.3 2427315, 647672.7 2427330, 647652 2427346, 647632.1 2427363, 647613.1 2427381, 647595.1 2427400, 647578.1 2427420, 647562.1 2427440, 647547.3 2427462, 647533.6 2427484, 647521.1 2427507, 647509.9 2427531, 647499.8 2427555, 647491.1 2427580, 647483.7 2427605, 647477.6 2427630, 647472.8 2427656, 647469.4 2427682, 647467.3 2427708, 647466.6 2427734, 647467.3 2427760, 647469.4 2427787, 647472.8 2427812, 647477.6 2427838, 647483.7 2427864, 647491.1 2427889, 647499.8 2427913, 647509.9 2427938, 647521.1 2427961, 647533.6 2427984, 647547.3 2428007, 647562.1 2428028, 647578.1 2428049, 647595.1 2428069, 647613.1 2428088, 647632.1 2428106, 647652 2428123, 647672.7 2428139, 647694.3 2428154, 647716.6 2428167, 647739.6 2428180, 647763.3 2428191, 647787.5 2428201, 647812.1 2428210, 647837.2 2428217, 647862.7 2428223, 647888.4 2428228, 647914.4 2428232, 647940.5 2428234, 647966.6 2428234, 647992.8 2428234, 648018.9 2428232, 648044.9 2428228, 648070.6 2428223, 648096 2428217, 648121.1 2428210, 648145.8 2428201, 648170 2428191, 648193.6 2428180, 648216.6 2428167, 648239 2428154, 648260.5 2428139, 648281.3 2428123, 648301.2 2428106, 648320.2 2428088, 648338.2 2428069, 648355.2 2428049, 648371.1 2428028, 648386 2428007, 648399.6 2427984, 648412.1 2427961, 648423.4 2427938, 648433.4 2427913, 648442.2 2427889, 648449.6 2427864, 648455.7 2427838, 648460.5 2427812, 648463.9 2427787, 648465.9 2427760, 648466.6 2427734))"
22,20260531,Forest,7228.991849999999,125.94885561236832,2.2268100633762242,1,Dai,火葬,有,1,0,0,598,56.405607388466166,544.244586060227,1190.66162109375,5.630478858947754,12.392746434032015,102917.3469543457,0,0.09661467988042785,1,96,0,0,3198.9277839660645,0.031082493657605785,1,0,0.9766994557010783,0.21461168009504358,8.885854865596148,4.835875916710245,0.8005700965267329,"POLYGON ((647928.5 2430598, 647927.8 2430572, 647925.7 2430546, 647922.3 2430520, 647917.6 2430494, 647911.5 2430469, 647904 2430444, 647895.3 2430419, 647885.3 2430395, 647874 2430371, 647861.5 2430348, 647847.8 2430326, 647833 2430304, 647817.1 2430283, 647800.1 2430263, 647782 2430244, 647763.1 2430226, 647743.1 2430209, 647722.4 2430194, 647700.8 2430179, 647678.5 2430165, 647655.5 2430153, 647631.9 2430141, 647607.7 2430131, 647583 2430123, 647557.9 2430115, 647532.4 2430109, 647506.7 2430104, 647480.8 2430101, 647454.7 2430099, 647428.5 2430098, 647402.3 2430099, 647376.2 2430101, 647350.3 2430104, 647324.5 2430109, 647299.1 2430115, 647274 2430123, 647249.3 2430131, 647225.1 2430141, 647201.5 2430153, 647178.5 2430165, 647156.2 2430179, 647134.6 2430194, 647113.8 2430209, 647093.9 2430226, 647074.9 2430244, 647056.9 2430263, 647039.9 2430283, 647024 2430304, 647009.2 2430326, 646995.5 2430348, 646983 2430371, 646971.7 2430395, 646961.7 2430419, 646953 2430444, 646945.5 2430469, 646939.4 2430494, 646934.6 2430520, 646931.2 2430546, 646929.2 2430572, 646928.5 2430598, 646929.2 2430624, 646931.2 2430650, 646934.6 2430676, 646939.4 2430702, 646945.5 2430727, 646953 2430753, 646961.7 2430777, 646971.7 2430801, 646983 2430825, 646995.5 2430848, 647009.2 2430870, 647024 2430892, 647039.9 2430913, 647056.9 2430933, 647074.9 2430952, 647093.9 2430970, 647113.8 2430987, 647134.6 2431003, 647156.2 2431017, 647178.5 2431031, 647201.5 2431044, 647225.1 2431055, 647249.3 2431065, 647274 2431074, 647299.1 2431081, 647324.5 2431087, 647350.3 2431092, 647376.2 2431095, 647402.3 2431097, 647428.5 2431098, 647454.7 2431097, 647480.8 2431095, 647506.7 2431092, 647532.4 2431087, 647557.9 2431081, 647583 2431074, 647607.7 2431065, 647631.9 2431055, 647655.5 2431044, 647678.5 2431031, 647700.8 2431017, 647722.4 2431003, 647743.1 2430987, 647763.1 2430970, 647782 2430952, 647800.1 2430933, 647817.1 2430913, 647833 2430892, 647847.8 2430870, 647861.5 2430848, 647874 2430825, 647885.3 2430801, 647895.3 2430777, 647904 2430753, 647911.5 2430727, 647917.6 2430702, 647922.3 2430676, 647925.7 2430650, 647927.8 2430624, 647928.5 2430598))"
22,20260531,Forest,9919.21515,122.74373955556506,2.1520049735778675,1,Dai,火葬,有,1,0,0,599,356.56915568311376,385.7978848122744,1192.546875,4.720492362976074,20.771729869381172,207719.08264160156,3600,0.0901397516550516,1,97,0,0,28361.0652923584,0.13653567564272645,1,0,0.9350007748081242,0.35464566980044665,9.202229079205381,4.8100987637900134,0.766399953438999,"POLYGON ((651871.3 2432194, 651870.6 2432168, 651868.5 2432141, 651865.1 2432115, 651860.3 2432090, 651854.2 2432064, 651846.8 2432039, 651838 2432015, 651828 2431990, 651816.8 2431967, 651804.3 2431944, 651790.6 2431921, 651775.8 2431900, 651759.8 2431879, 651742.8 2431859, 651724.8 2431840, 651705.8 2431822, 651685.9 2431805, 651665.1 2431789, 651643.6 2431774, 651621.3 2431761, 651598.2 2431748, 651574.6 2431737, 651550.4 2431727, 651525.8 2431718, 651500.7 2431711, 651475.2 2431705, 651449.5 2431700, 651423.5 2431696, 651397.4 2431694, 651371.3 2431694, 651345.1 2431694, 651319 2431696, 651293 2431700, 651267.3 2431705, 651241.8 2431711, 651216.7 2431718, 651192.1 2431727, 651167.9 2431737, 651144.3 2431748, 651121.3 2431761, 651098.9 2431774, 651077.4 2431789, 651056.6 2431805, 651036.7 2431822, 651017.7 2431840, 650999.7 2431859, 650982.7 2431879, 650966.7 2431900, 650951.9 2431921, 650938.2 2431944, 650925.7 2431967, 650914.5 2431990, 650904.5 2432015, 650895.7 2432039, 650888.3 2432064, 650882.2 2432090, 650877.4 2432115, 650874 2432141, 650871.9 2432168, 650871.3 2432194, 650871.9 2432220, 650874 2432246, 650877.4 2432272, 650882.2 2432298, 650888.3 2432323, 650895.7 2432348, 650904.5 2432373, 650914.5 2432397, 650925.7 2432421, 650938.2 2432444, 650951.9 2432466, 650966.7 2432488, 650982.7 2432508, 650999.7 2432528, 651017.7 2432547, 651036.7 2432565, 651056.6 2432582, 651077.4 2432598, 651098.9 2432613, 651121.3 2432627, 651144.3 2432639, 651167.9 2432650, 651192.1 2432660, 651216.7 2432669, 651241.8 2432677, 651267.3 2432683, 651293 2432688, 651319 2432691, 651345.1 2432693, 651371.3 2432694, 651397.4 2432693, 651423.5 2432691, 651449.5 2432688, 651475.2 2432683, 651500.7 2432677, 651525.8 2432669, 651550.4 2432660, 651574.6 2432650, 651598.2 2432639, 651621.3 2432627, 651643.6 2432613, 651665.1 2432598, 651685.9 2432582, 651705.8 2432565, 651724.8 2432547, 651742.8 2432528, 651759.8 2432508, 651775.8 2432488, 651790.6 2432466, 651804.3 2432444, 651816.8 2432421, 651828 2432397, 651838 2432373, 651846.8 2432348, 651854.2 2432323, 651860.3 2432298, 651865.1 2432272, 651868.5 2432246, 651870.6 2432220, 651871.3 2432194))"
22,20260531,Forest,9919.21515,122.74373955556506,2.1520049735778675,1,Dai,火葬,有,1,0,0,600,72.06187960154215,564.25736992889,1180.826416015625,4.7612714767456055,139.71328347025644,215665.9881591797,11700,0.17525231960498538,1,98,0,0,18491.71199798584,0.08574236557104868,1,0,-0.7628182611290507,0.646612944881288,9.202229079205381,4.8100987637900134,0.766399953438999,"POLYGON ((651185.3 2432465, 651184.6 2432439, 651182.5 2432413, 651179.1 2432387, 651174.3 2432361, 651168.2 2432336, 651160.8 2432311, 651152 2432286, 651142 2432262, 651130.8 2432238, 651118.3 2432215, 651104.6 2432193, 651089.8 2432171, 651073.8 2432151, 651056.8 2432131, 651038.8 2432112, 651019.8 2432094, 650999.9 2432077, 650979.1 2432061, 650957.6 2432046, 650935.3 2432032, 650912.3 2432020, 650888.6 2432009, 650864.4 2431999, 650839.8 2431990, 650814.7 2431982, 650789.2 2431976, 650763.5 2431971, 650737.5 2431968, 650711.4 2431966, 650685.3 2431965, 650659.1 2431966, 650633 2431968, 650607 2431971, 650581.3 2431976, 650555.8 2431982, 650530.7 2431990, 650506.1 2431999, 650481.9 2432009, 650458.3 2432020, 650435.3 2432032, 650412.9 2432046, 650391.4 2432061, 650370.6 2432077, 650350.7 2432094, 650331.7 2432112, 650313.7 2432131, 650296.7 2432151, 650280.7 2432171, 650265.9 2432193, 650252.2 2432215, 650239.8 2432238, 650228.5 2432262, 650218.5 2432286, 650209.7 2432311, 650202.3 2432336, 650196.2 2432361, 650191.4 2432387, 650188 2432413, 650185.9 2432439, 650185.3 2432465, 650185.9 2432491, 650188 2432518, 650191.4 2432544, 650196.2 2432569, 650202.3 2432595, 650209.7 2432620, 650218.5 2432644, 650228.5 2432669, 650239.8 2432692, 650252.2 2432715, 650265.9 2432738, 650280.7 2432759, 650296.7 2432780, 650313.7 2432800, 650331.7 2432819, 650350.7 2432837, 650370.6 2432854, 650391.4 2432870, 650412.9 2432885, 650435.3 2432898, 650458.3 2432911, 650481.9 2432922, 650506.1 2432932, 650530.7 2432941, 650555.8 2432948, 650581.3 2432954, 650607 2432959, 650633 2432963, 650659.1 2432965, 650685.3 2432965, 650711.4 2432965, 650737.5 2432963, 650763.5 2432959, 650789.2 2432954, 650814.7 2432948, 650839.8 2432941, 650864.4 2432932, 650888.6 2432922, 650912.3 2432911, 650935.3 2432898, 650957.6 2432885, 650979.1 2432870, 650999.9 2432854, 651019.8 2432837, 651038.8 2432819, 651056.8 2432800, 651073.8 2432780, 651089.8 2432759, 651104.6 2432738, 651118.3 2432715, 651130.8 2432692, 651142 2432669, 651152 2432644, 651160.8 2432620, 651168.2 2432595, 651174.3 2432569, 651179.1 2432544, 651182.5 2432518, 651184.6 2432491, 651185.3 2432465))"
22,20260531,Forest,7228.991849999999,125.94885561236832,2.2268100633762242,1,Dai,火葬,有,1,0,0,601,157.44264652027633,1741.355100601926,1193.6031494140625,5.257259368896484,73.71592792771719,250519.86694335938,0,0.0052586779781241535,1,99,0,0,67764.66751098633,0.2704961819507409,1,0,0.28039987721650644,0.959883278767251,8.885854865596148,4.835875916710245,0.8005700965267329,"POLYGON ((644195.2 2433204, 644194.5 2433178, 644192.5 2433152, 644189.1 2433126, 644184.3 2433100, 644178.2 2433075, 644170.7 2433050, 644162 2433025, 644152 2433001, 644140.7 2432977, 644128.2 2432954, 644114.5 2432932, 644099.7 2432910, 644083.8 2432889, 644066.8 2432869, 644048.8 2432850, 644029.8 2432832, 644009.9 2432815, 643989.1 2432800, 643967.5 2432785, 643945.2 2432771, 643922.2 2432759, 643898.6 2432747, 643874.4 2432737, 643849.7 2432729, 643824.6 2432721, 643799.2 2432715, 643773.4 2432710, 643747.5 2432707, 643721.4 2432705, 643695.2 2432704, 643669 2432705, 643642.9 2432707, 643617 2432710, 643591.3 2432715, 643565.8 2432721, 643540.7 2432729, 643516 2432737, 643491.8 2432747, 643468.2 2432759, 643445.2 2432771, 643422.9 2432785, 643401.3 2432800, 643380.6 2432815, 643360.6 2432832, 643341.7 2432850, 643323.6 2432869, 643306.6 2432889, 643290.7 2432910, 643275.9 2432932, 643262.2 2432954, 643249.7 2432977, 643238.4 2433001, 643228.4 2433025, 643219.7 2433050, 643212.2 2433075, 643206.1 2433100, 643201.4 2433126, 643198 2433152, 643195.9 2433178, 643195.2 2433204, 643195.9 2433230, 643198 2433256, 643201.4 2433282, 643206.1 2433308, 643212.2 2433333, 643219.7 2433359, 643228.4 2433383, 643238.4 2433407, 643249.7 2433431, 643262.2 2433454, 643275.9 2433476, 643290.7 2433498, 643306.6 2433519, 643323.6 2433539, 643341.7 2433558, 643360.6 2433576, 643380.6 2433593, 643401.3 2433609, 643422.9 2433623, 643445.2 2433637, 643468.2 2433650, 643491.8 2433661, 643516 2433671, 643540.7 2433680, 643565.8 2433687, 643591.3 2433693, 643617 2433698, 643642.9 2433701, 643669 2433703, 643695.2 2433704, 643721.4 2433703, 643747.5 2433701, 643773.4 2433698, 643799.2 2433693, 643824.6 2433687, 643849.7 2433680, 643874.4 2433671, 643898.6 2433661, 643922.2 2433650, 643945.2 2433637, 643967.5 2433623, 643989.1 2433609, 644009.9 2433593, 644029.8 2433576, 644048.8 2433558, 644066.8 2433539, 644083.8 2433519, 644099.7 2433498, 644114.5 2433476, 644128.2 2433454, 644140.7 2433431, 644152 2433407, 644162 2433383, 644170.7 2433359, 644178.2 2433333, 644184.3 2433308, 644189.1 2433282, 644192.5 2433256, 644194.5 2433230, 644195.2 2433204))"
22,20260531,Forest,7228.991849999999,125.94885561236832,2.2268100633762242,1,Dai,火葬,有,1,0,0,602,56.48700842592292,1417.7136525914934,1193.99853515625,4.522947311401367,316.63108471792043,137185.4278564453,0,0.029843495802599804,1,100,0,0,37978.17077636719,0.27683822815429504,1,0,0.7269473300737269,-0.686693220658745,8.885854865596148,4.835875916710245,0.8005700965267329,"POLYGON ((644523.4 2433309, 644522.7 2433283, 644520.7 2433257, 644517.3 2433231, 644512.5 2433205, 644506.4 2433180, 644499 2433155, 644490.2 2433130, 644480.2 2433106, 644468.9 2433082, 644456.4 2433059, 644442.8 2433037, 644427.9 2433015, 644412 2432995, 644395 2432975, 644377 2432956, 644358 2432938, 644338.1 2432921, 644317.3 2432905, 644295.7 2432890, 644273.4 2432876, 644250.4 2432864, 644226.8 2432852, 644202.6 2432842, 644177.9 2432834, 644152.8 2432826, 644127.4 2432820, 644101.6 2432815, 644075.7 2432812, 644049.6 2432810, 644023.4 2432809, 643997.3 2432810, 643971.2 2432812, 643945.2 2432815, 643919.5 2432820, 643894 2432826, 643868.9 2432834, 643844.2 2432842, 643820.1 2432852, 643796.4 2432864, 643773.4 2432876, 643751.1 2432890, 643729.5 2432905, 643708.8 2432921, 643688.9 2432938, 643669.9 2432956, 643651.9 2432975, 643634.8 2432995, 643618.9 2433015, 643604.1 2433037, 643590.4 2433059, 643577.9 2433082, 643566.6 2433106, 643556.6 2433130, 643547.9 2433155, 643540.5 2433180, 643534.3 2433205, 643529.6 2433231, 643526.2 2433257, 643524.1 2433283, 643523.4 2433309, 643524.1 2433335, 643526.2 2433362, 643529.6 2433387, 643534.3 2433413, 643540.5 2433439, 643547.9 2433464, 643556.6 2433488, 643566.6 2433513, 643577.9 2433536, 643590.4 2433559, 643604.1 2433582, 643618.9 2433603, 643634.8 2433624, 643651.9 2433644, 643669.9 2433663, 643688.9 2433681, 643708.8 2433698, 643729.5 2433714, 643751.1 2433729, 643773.4 2433742, 643796.4 2433755, 643820.1 2433766, 643844.2 2433776, 643868.9 2433785, 643894 2433792, 643919.5 2433798, 643945.2 2433803, 643971.2 2433807, 643997.3 2433809, 644023.4 2433809, 644049.6 2433809, 644075.7 2433807, 644101.6 2433803, 644127.4 2433798, 644152.8 2433792, 644177.9 2433785, 644202.6 2433776, 644226.8 2433766, 644250.4 2433755, 644273.4 2433742, 644295.7 2433729, 644317.3 2433714, 644338.1 2433698, 644358 2433681, 644377 2433663, 644395 2433644, 644412 2433624, 644427.9 2433603, 644442.8 2433582, 644456.4 2433559, 644468.9 2433536, 644480.2 2433513, 644490.2 2433488, 644499 2433464, 644506.4 2433439, 644512.5 2433413, 644517.3 2433387, 644520.7 2433362, 644522.7 2433335, 644523.4 2433309))"
22,20260531,Forest,7472.8425,44.82738108566082,3.0142299107142856,1,Dai,火葬,有,1,0,0,603,436.3702522226037,427.5748014049998,1201.47509765625,5.674787521362305,30.000323484533432,216471.2173461914,0,0.05055880947944199,1,101,0,0,61243.31359863281,0.28291665908031316,1,0,0.8660225808355422,0.50000488945904,8.919030727835047,3.8028191376712726,1.1033443782221637,"POLYGON ((642770.2 2433026, 642769.6 2432999, 642767.5 2432973, 642764.1 2432947, 642759.3 2432922, 642753.2 2432896, 642745.8 2432871, 642737 2432846, 642727 2432822, 642715.7 2432799, 642703.3 2432776, 642689.6 2432753, 642674.7 2432732, 642658.8 2432711, 642641.8 2432691, 642623.8 2432672, 642604.8 2432654, 642584.9 2432637, 642564.1 2432621, 642542.6 2432606, 642520.2 2432593, 642497.2 2432580, 642473.6 2432569, 642449.4 2432559, 642424.7 2432550, 642399.6 2432543, 642374.2 2432536, 642348.5 2432532, 642322.5 2432528, 642296.4 2432526, 642270.2 2432526, 642244.1 2432526, 642218 2432528, 642192 2432532, 642166.3 2432536, 642140.8 2432543, 642115.7 2432550, 642091.1 2432559, 642066.9 2432569, 642043.2 2432580, 642020.2 2432593, 641997.9 2432606, 641976.3 2432621, 641955.6 2432637, 641935.7 2432654, 641916.7 2432672, 641898.7 2432691, 641881.7 2432711, 641865.7 2432732, 641850.9 2432753, 641837.2 2432776, 641824.7 2432799, 641813.5 2432822, 641803.4 2432846, 641794.7 2432871, 641787.3 2432896, 641781.2 2432922, 641776.4 2432947, 641773 2432973, 641770.9 2432999, 641770.2 2433026, 641770.9 2433052, 641773 2433078, 641776.4 2433104, 641781.2 2433129, 641787.3 2433155, 641794.7 2433180, 641803.4 2433205, 641813.5 2433229, 641824.7 2433253, 641837.2 2433276, 641850.9 2433298, 641865.7 2433319, 641881.7 2433340, 641898.7 2433360, 641916.7 2433379, 641935.7 2433397, 641955.6 2433414, 641976.3 2433430, 641997.9 2433445, 642020.2 2433459, 642043.2 2433471, 642066.9 2433482, 642091.1 2433492, 642115.7 2433501, 642140.8 2433508, 642166.3 2433515, 642192 2433519, 642218 2433523, 642244.1 2433525, 642270.2 2433526, 642296.4 2433525, 642322.5 2433523, 642348.5 2433519, 642374.2 2433515, 642399.6 2433508, 642424.7 2433501, 642449.4 2433492, 642473.6 2433482, 642497.2 2433471, 642520.2 2433459, 642542.6 2433445, 642564.1 2433430, 642584.9 2433414, 642604.8 2433397, 642623.8 2433379, 642641.8 2433360, 642658.8 2433340, 642674.7 2433319, 642689.6 2433298, 642703.3 2433276, 642715.7 2433253, 642727 2433229, 642737 2433205, 642745.8 2433180, 642753.2 2433155, 642759.3 2433129, 642764.1 2433104, 642767.5 2433078, 642769.6 2433052, 642770.2 2433026))"
22,20260531,Forest,6746.976744186047,60.85379283150647,0.5903979238754326,0,Dai,NA,NA,1,0,0,670,496.6391297506827,2016.3757422092813,622.54046630859375,6.65339469909668,206.7024639127191,1800,0,0.18560829121433683,1,58,0,0,0,0,1,0,-0.8933520652619157,-0.4493574161981418,8.816849793783787,4.108474148329283,-0.5269585221732079,"POLYGON ((685893.5 2423113, 685892.8 2423086, 685890.7 2423060, 685887.3 2423034, 685882.6 2423009, 685876.4 2422983, 685869 2422958, 685860.3 2422933, 685850.3 2422909, 685839 2422886, 685826.5 2422863, 685812.8 2422840, 685798 2422819, 685782.1 2422798, 685765.1 2422778, 685747 2422759, 685728 2422741, 685708.1 2422724, 685687.4 2422708, 685665.8 2422693, 685643.5 2422680, 685620.5 2422667, 685596.8 2422656, 685572.7 2422646, 685548 2422637, 685522.9 2422630, 685497.4 2422623, 685471.7 2422619, 685445.7 2422615, 685419.6 2422613, 685393.5 2422613, 685367.3 2422613, 685341.2 2422615, 685315.3 2422619, 685289.5 2422623, 685264.1 2422630, 685239 2422637, 685214.3 2422646, 685190.1 2422656, 685166.5 2422667, 685143.5 2422680, 685121.2 2422693, 685099.6 2422708, 685078.8 2422724, 685058.9 2422741, 685039.9 2422759, 685021.9 2422778, 685004.9 2422798, 684989 2422819, 684974.1 2422840, 684960.5 2422863, 684948 2422886, 684936.7 2422909, 684926.7 2422933, 684917.9 2422958, 684910.5 2422983, 684904.4 2423009, 684899.6 2423034, 684896.2 2423060, 684894.2 2423086, 684893.5 2423113, 684894.2 2423139, 684896.2 2423165, 684899.6 2423191, 684904.4 2423216, 684910.5 2423242, 684917.9 2423267, 684926.7 2423292, 684936.7 2423316, 684948 2423340, 684960.5 2423363, 684974.1 2423385, 684989 2423406, 685004.9 2423427, 685021.9 2423447, 685039.9 2423466, 685058.9 2423484, 685078.8 2423501, 685099.6 2423517, 685121.2 2423532, 685143.5 2423546, 685166.5 2423558, 685190.1 2423569, 685214.3 2423579, 685239 2423588, 685264.1 2423595, 685289.5 2423602, 685315.3 2423606, 685341.2 2423610, 685367.3 2423612, 685393.5 2423613, 685419.6 2423612, 685445.7 2423610, 685471.7 2423606, 685497.4 2423602, 685522.9 2423595, 685548 2423588, 685572.7 2423579, 685596.8 2423569, 685620.5 2423558, 685643.5 2423546, 685665.8 2423532, 685687.4 2423517, 685708.1 2423501, 685728 2423484, 685747 2423466, 685765.1 2423447, 685782.1 2423427, 685798 2423406, 685812.8 2423385, 685826.5 2423363, 685839 2423340, 685850.3 2423316, 685860.3 2423292, 685869 2423267, 685876.4 2423242, 685882.6 2423216, 685887.3 2423191, 685890.7 2423165, 685892.8 2423139, 685893.5 2423113))"
22,20260531,Forest,5152.0093185789165,31.010082017237615,3.867597133157299,0,Dai,NA,NA,1,0,0,891,3.2253700481837413,537.4957985960594,977.46051025390625,7.31083345413208,212.03653723402752,785039.3371582031,0,0.532484322404952,1,10,0,0,235934.55505371094,0.30053851302251977,1,0,-0.8477099968649757,-0.5304599525083706,8.547142076512934,3.4343123779730202,1.3526334183810655,"POLYGON ((678036.5 2487948, 678035.8 2487922, 678033.7 2487896, 678030.3 2487870, 678025.5 2487844, 678019.4 2487818, 678012 2487793, 678003.3 2487769, 677993.2 2487744, 677982 2487721, 677969.5 2487698, 677955.8 2487676, 677941 2487654, 677925 2487633, 677908 2487613, 677890 2487594, 677871 2487576, 677851.1 2487559, 677830.4 2487543, 677808.8 2487529, 677786.5 2487515, 677763.5 2487502, 677739.8 2487491, 677715.6 2487481, 677691 2487472, 677665.9 2487465, 677640.4 2487459, 677614.7 2487454, 677588.7 2487451, 677562.6 2487449, 677536.5 2487448, 677510.3 2487449, 677484.2 2487451, 677458.2 2487454, 677432.5 2487459, 677407.1 2487465, 677382 2487472, 677357.3 2487481, 677333.1 2487491, 677309.5 2487502, 677286.5 2487515, 677264.1 2487529, 677242.6 2487543, 677221.8 2487559, 677201.9 2487576, 677182.9 2487594, 677164.9 2487613, 677147.9 2487633, 677132 2487654, 677117.1 2487676, 677103.4 2487698, 677091 2487721, 677079.7 2487744, 677069.7 2487769, 677060.9 2487793, 677053.5 2487818, 677047.4 2487844, 677042.6 2487870, 677039.2 2487896, 677037.1 2487922, 677036.5 2487948, 677037.1 2487974, 677039.2 2488000, 677042.6 2488026, 677047.4 2488052, 677053.5 2488077, 677060.9 2488102, 677069.7 2488127, 677079.7 2488151, 677091 2488175, 677103.4 2488198, 677117.1 2488220, 677132 2488242, 677147.9 2488263, 677164.9 2488282, 677182.9 2488301, 677201.9 2488319, 677221.8 2488336, 677242.6 2488352, 677264.1 2488367, 677286.5 2488381, 677309.5 2488393, 677333.1 2488405, 677357.3 2488415, 677382 2488423, 677407.1 2488431, 677432.5 2488437, 677458.2 2488442, 677484.2 2488445, 677510.3 2488447, 677536.5 2488448, 677562.6 2488447, 677588.7 2488445, 677614.7 2488442, 677640.4 2488437, 677665.9 2488431, 677691 2488423, 677715.6 2488415, 677739.8 2488405, 677763.5 2488393, 677786.5 2488381, 677808.8 2488367, 677830.4 2488352, 677851.1 2488336, 677871 2488319, 677890 2488301, 677908 2488282, 677925 2488263, 677941 2488242, 677955.8 2488220, 677969.5 2488198, 677982 2488175, 677993.2 2488151, 678003.3 2488127, 678012 2488102, 678019.4 2488077, 678025.5 2488052, 678030.3 2488026, 678033.7 2488000, 678035.8 2487974, 678036.5 2487948))"
22,20260531,Forest,6109.060402684564,16.49307014828121,2.182649842271293,0,Dai,NA,NA,1,0,0,1028,417.5372859341829,1150.3991267439899,877.8465576171875,4.991781234741211,249.64572010315783,191067.70935058594,15300,0.3129682097168104,1,4,187467.70935058594,0.9811585117535772,3600,0.018841488246422837,1,0,-0.3478240169510155,-0.9375598398140034,8.717528260092221,2.802940301672347,0.7805396626274846,"POLYGON ((716628.5 2482099, 716627.8 2482073, 716625.8 2482047, 716622.3 2482021, 716617.6 2481995, 716611.5 2481970, 716604 2481945, 716595.3 2481920, 716585.3 2481896, 716574 2481872, 716561.5 2481849, 716547.8 2481827, 716533 2481805, 716517.1 2481784, 716500.1 2481765, 716482.1 2481746, 716463.1 2481727, 716443.2 2481710, 716422.4 2481695, 716400.8 2481680, 716378.5 2481666, 716355.5 2481654, 716331.9 2481642, 716307.7 2481632, 716283 2481624, 716257.9 2481616, 716232.5 2481610, 716206.7 2481605, 716180.8 2481602, 716154.7 2481600, 716128.5 2481599, 716102.3 2481600, 716076.2 2481602, 716050.3 2481605, 716024.5 2481610, 715999.1 2481616, 715974 2481624, 715949.3 2481632, 715925.1 2481642, 715901.5 2481654, 715878.5 2481666, 715856.2 2481680, 715834.6 2481695, 715813.8 2481710, 715793.9 2481727, 715774.9 2481746, 715756.9 2481765, 715739.9 2481784, 715724 2481805, 715709.2 2481827, 715695.5 2481849, 715683 2481872, 715671.7 2481896, 715661.7 2481920, 715653 2481945, 715645.5 2481970, 715639.4 2481995, 715634.7 2482021, 715631.2 2482047, 715629.2 2482073, 715628.5 2482099, 715629.2 2482125, 715631.2 2482151, 715634.7 2482177, 715639.4 2482203, 715645.5 2482228, 715653 2482254, 715661.7 2482278, 715671.7 2482302, 715683 2482326, 715695.5 2482349, 715709.2 2482371, 715724 2482393, 715739.9 2482414, 715756.9 2482434, 715774.9 2482453, 715793.9 2482471, 715813.8 2482488, 715834.6 2482504, 715856.2 2482518, 715878.5 2482532, 715901.5 2482545, 715925.1 2482556, 715949.3 2482566, 715974 2482575, 715999.1 2482582, 716024.5 2482588, 716050.3 2482593, 716076.2 2482596, 716102.3 2482598, 716128.5 2482599, 716154.7 2482598, 716180.8 2482596, 716206.7 2482593, 716232.5 2482588, 716257.9 2482582, 716283 2482575, 716307.7 2482566, 716331.9 2482556, 716355.5 2482545, 716378.5 2482532, 716400.8 2482518, 716422.4 2482504, 716443.2 2482488, 716463.1 2482471, 716482.1 2482453, 716500.1 2482434, 716517.1 2482414, 716533 2482393, 716547.8 2482371, 716561.5 2482349, 716574 2482326, 716585.3 2482302, 716595.3 2482278, 716604 2482254, 716611.5 2482228, 716617.6 2482203, 716622.3 2482177, 716625.8 2482151, 716627.8 2482125, 716628.5 2482099))"
22,20260531,Forest,5300,11.357870574345577,3.2247191011235956,0,Dai,NA,NA,1,0,0,1035,679.9161001738412,725.8913612332278,743.88763427734375,9.898353576660156,173.33369727682847,314828.7780761719,3168.464756011963,0.2993355960855521,1,64,27547.44701385498,0.08749977426520379,9181.13021850586,0.029162296644573302,1,0,-0.9932390951455217,0.11608660506064152,8.575462099540212,2.4299109462807524,1.1708458460274813,"POLYGON ((732920.1 2359700, 732919.4 2359674, 732917.3 2359648, 732913.9 2359622, 732909.2 2359596, 732903 2359571, 732895.6 2359546, 732886.9 2359521, 732876.9 2359497, 732865.6 2359473, 732853.1 2359450, 732839.4 2359428, 732824.6 2359406, 732808.7 2359386, 732791.7 2359366, 732773.6 2359347, 732754.6 2359329, 732734.7 2359312, 732714 2359296, 732692.4 2359281, 732670.1 2359267, 732647.1 2359255, 732623.5 2359244, 732599.3 2359234, 732574.6 2359225, 732549.5 2359217, 732524 2359211, 732498.3 2359206, 732472.3 2359203, 732446.3 2359201, 732420.1 2359200, 732393.9 2359201, 732367.8 2359203, 732341.9 2359206, 732316.1 2359211, 732290.7 2359217, 732265.6 2359225, 732240.9 2359234, 732216.7 2359244, 732193.1 2359255, 732170.1 2359267, 732147.8 2359281, 732126.2 2359296, 732105.4 2359312, 732085.5 2359329, 732066.5 2359347, 732048.5 2359366, 732031.5 2359386, 732015.6 2359406, 732000.7 2359428, 731987.1 2359450, 731974.6 2359473, 731963.3 2359497, 731953.3 2359521, 731944.6 2359546, 731937.1 2359571, 731931 2359596, 731926.2 2359622, 731922.8 2359648, 731920.8 2359674, 731920.1 2359700, 731920.8 2359726, 731922.8 2359753, 731926.2 2359779, 731931 2359804, 731937.1 2359830, 731944.6 2359855, 731953.3 2359879, 731963.3 2359904, 731974.6 2359927, 731987.1 2359950, 732000.7 2359973, 732015.6 2359994, 732031.5 2360015, 732048.5 2360035, 732066.5 2360054, 732085.5 2360072, 732105.4 2360089, 732126.2 2360105, 732147.8 2360120, 732170.1 2360133, 732193.1 2360146, 732216.7 2360157, 732240.9 2360167, 732265.6 2360176, 732290.7 2360183, 732316.1 2360189, 732341.9 2360194, 732367.8 2360198, 732393.9 2360200, 732420.1 2360200, 732446.3 2360200, 732472.3 2360198, 732498.3 2360194, 732524 2360189, 732549.5 2360183, 732574.6 2360176, 732599.3 2360167, 732623.5 2360157, 732647.1 2360146, 732670.1 2360133, 732692.4 2360120, 732714 2360105, 732734.7 2360089, 732754.6 2360072, 732773.6 2360054, 732791.7 2360035, 732808.7 2360015, 732824.6 2359994, 732839.4 2359973, 732853.1 2359950, 732865.6 2359927, 732876.9 2359904, 732886.9 2359879, 732895.6 2359855, 732903 2359830, 732909.2 2359804, 732913.9 2359779, 732917.3 2359753, 732919.4 2359726, 732920.1 2359700))"
22,20260531,Forest,5300,11.357870574345577,3.2247191011235956,0,Dai,NA,NA,1,0,0,1291,49.854774085471306,987.2079125795899,799.53143310546875,13.535063743591309,356.35066770986396,447160.25390625,0,0.09847016701136455,1,94,127356.06994628906,0.28481080067771425,57600,0.1288128797155487,1,0,0.9979722951753998,-0.06364980803069799,8.575462099540212,2.4299109462807524,1.1708458460274813,"POLYGON ((734280.9 2348308, 734280.2 2348282, 734278.2 2348256, 734274.8 2348230, 734270 2348204, 734263.9 2348178, 734256.5 2348153, 734247.7 2348129, 734237.7 2348105, 734226.4 2348081, 734213.9 2348058, 734200.3 2348036, 734185.4 2348014, 734169.5 2347993, 734152.5 2347973, 734134.5 2347954, 734115.5 2347936, 734095.6 2347919, 734074.8 2347903, 734053.2 2347889, 734030.9 2347875, 734007.9 2347862, 733984.3 2347851, 733960.1 2347841, 733935.4 2347832, 733910.3 2347825, 733884.9 2347819, 733859.1 2347814, 733833.2 2347811, 733807.1 2347809, 733780.9 2347808, 733754.8 2347809, 733728.7 2347811, 733702.7 2347814, 733677 2347819, 733651.5 2347825, 733626.4 2347832, 733601.7 2347841, 733577.6 2347851, 733553.9 2347862, 733530.9 2347875, 733508.6 2347889, 733487 2347903, 733466.3 2347919, 733446.4 2347936, 733427.4 2347954, 733409.4 2347973, 733392.4 2347993, 733376.4 2348014, 733361.6 2348036, 733347.9 2348058, 733335.4 2348081, 733324.2 2348105, 733314.1 2348129, 733305.4 2348153, 733298 2348178, 733291.9 2348204, 733287.1 2348230, 733283.7 2348256, 733281.6 2348282, 733280.9 2348308, 733281.6 2348334, 733283.7 2348360, 733287.1 2348386, 733291.9 2348412, 733298 2348437, 733305.4 2348462, 733314.1 2348487, 733324.2 2348511, 733335.4 2348535, 733347.9 2348558, 733361.6 2348580, 733376.4 2348602, 733392.4 2348623, 733409.4 2348642, 733427.4 2348661, 733446.4 2348679, 733466.3 2348696, 733487 2348712, 733508.6 2348727, 733530.9 2348741, 733553.9 2348753, 733577.6 2348765, 733601.7 2348775, 733626.4 2348783, 733651.5 2348791, 733677 2348797, 733702.7 2348802, 733728.7 2348805, 733754.8 2348807, 733780.9 2348808, 733807.1 2348807, 733833.2 2348805, 733859.1 2348802, 733884.9 2348797, 733910.3 2348791, 733935.4 2348783, 733960.1 2348775, 733984.3 2348765, 734007.9 2348753, 734030.9 2348741, 734053.2 2348727, 734074.8 2348712, 734095.6 2348696, 734115.5 2348679, 734134.5 2348661, 734152.5 2348642, 734169.5 2348623, 734185.4 2348602, 734200.3 2348580, 734213.9 2348558, 734226.4 2348535, 734237.7 2348511, 734247.7 2348487, 734256.5 2348462, 734263.9 2348437, 734270 2348412, 734274.8 2348386, 734278.2 2348360, 734280.2 2348334, 734280.9 2348308))"
22,20260531,Forest,5300,11.357870574345577,3.2247191011235956,0,Dai,NA,NA,1,0,0,1300,472.2416824357399,498.6735976306003,748.06134033203125,9.606029510498047,353.19625792386637,388671.8444824219,292.46359169483185,0.3770030311642058,1,8,89695.48645019531,0.23077433501682906,17100,0.04399598335395598,1,0,0.992957772842122,-0.11846882016975087,8.575462099540212,2.4299109462807524,1.1708458460274813,"POLYGON ((732844.8 2359916, 732844.1 2359889, 732842.1 2359863, 732838.6 2359837, 732833.9 2359812, 732827.8 2359786, 732820.3 2359761, 732811.6 2359736, 732801.6 2359712, 732790.3 2359689, 732777.8 2359666, 732764.1 2359643, 732749.3 2359622, 732733.4 2359601, 732716.4 2359581, 732698.3 2359562, 732679.4 2359544, 732659.5 2359527, 732638.7 2359511, 732617.1 2359496, 732594.8 2359483, 732571.8 2359470, 732548.2 2359459, 732524 2359449, 732499.3 2359440, 732474.2 2359433, 732448.7 2359427, 732423 2359422, 732397.1 2359418, 732371 2359416, 732344.8 2359416, 732318.6 2359416, 732292.5 2359418, 732266.6 2359422, 732240.8 2359427, 732215.4 2359433, 732190.3 2359440, 732165.6 2359449, 732141.4 2359459, 732117.8 2359470, 732094.8 2359483, 732072.5 2359496, 732050.9 2359511, 732030.1 2359527, 732010.2 2359544, 731991.2 2359562, 731973.2 2359581, 731956.2 2359601, 731940.3 2359622, 731925.5 2359643, 731911.8 2359666, 731899.3 2359689, 731888 2359712, 731878 2359736, 731869.3 2359761, 731861.8 2359786, 731855.7 2359812, 731850.9 2359837, 731847.5 2359863, 731845.5 2359889, 731844.8 2359916, 731845.5 2359942, 731847.5 2359968, 731850.9 2359994, 731855.7 2360020, 731861.8 2360045, 731869.3 2360070, 731878 2360095, 731888 2360119, 731899.3 2360143, 731911.8 2360166, 731925.5 2360188, 731940.3 2360210, 731956.2 2360230, 731973.2 2360250, 731991.2 2360269, 732010.2 2360287, 732030.1 2360304, 732050.9 2360320, 732072.5 2360335, 732094.8 2360349, 732117.8 2360361, 732141.4 2360372, 732165.6 2360382, 732190.3 2360391, 732215.4 2360399, 732240.8 2360405, 732266.6 2360409, 732292.5 2360413, 732318.6 2360415, 732344.8 2360416, 732371 2360415, 732397.1 2360413, 732423 2360409, 732448.7 2360405, 732474.2 2360399, 732499.3 2360391, 732524 2360382, 732548.2 2360372, 732571.8 2360361, 732594.8 2360349, 732617.1 2360335, 732638.7 2360320, 732659.5 2360304, 732679.4 2360287, 732698.3 2360269, 732716.4 2360250, 732733.4 2360230, 732749.3 2360210, 732764.1 2360188, 732777.8 2360166, 732790.3 2360143, 732801.6 2360119, 732811.6 2360095, 732820.3 2360070, 732827.8 2360045, 732833.9 2360020, 732838.6 2359994, 732842.1 2359968, 732844.1 2359942, 732844.8 2359916))"
22,20260531,Forest,7668.695652173914,133.19513203141992,2.0375399361022364,0,Dai,NA,NA,1,0,0,1482,481.7425174715597,787.2890279170957,1216.255126953125,6.12764310836792,326.87612416165183,369445.7977294922,0,0.026972702482471366,1,91,0,0,59330.765533447266,0.16059396506355497,1,0,0.8374910766571845,-0.5464510010235044,8.944901821513023,4.891815211127795,0.7117431664817675,"POLYGON ((642648.3 2430434, 642647.7 2430408, 642645.6 2430382, 642642.2 2430356, 642637.4 2430331, 642631.3 2430305, 642623.9 2430280, 642615.1 2430255, 642605.1 2430231, 642593.8 2430207, 642581.4 2430184, 642567.7 2430162, 642552.8 2430141, 642536.9 2430120, 642519.9 2430100, 642501.9 2430081, 642482.9 2430063, 642463 2430046, 642442.2 2430030, 642420.7 2430015, 642398.3 2430001, 642375.3 2429989, 642351.7 2429978, 642327.5 2429968, 642302.8 2429959, 642277.7 2429952, 642252.3 2429945, 642226.6 2429941, 642200.6 2429937, 642174.5 2429935, 642148.3 2429934, 642122.2 2429935, 642096.1 2429937, 642070.1 2429941, 642044.4 2429945, 642018.9 2429952, 641993.8 2429959, 641969.2 2429968, 641945 2429978, 641921.3 2429989, 641898.3 2430001, 641876 2430015, 641854.4 2430030, 641833.7 2430046, 641813.8 2430063, 641794.8 2430081, 641776.8 2430100, 641759.8 2430120, 641743.8 2430141, 641729 2430162, 641715.3 2430184, 641702.8 2430207, 641691.6 2430231, 641681.6 2430255, 641672.8 2430280, 641665.4 2430305, 641659.3 2430331, 641654.5 2430356, 641651.1 2430382, 641649 2430408, 641648.3 2430434, 641649 2430461, 641651.1 2430487, 641654.5 2430513, 641659.3 2430538, 641665.4 2430564, 641672.8 2430589, 641681.6 2430614, 641691.6 2430638, 641702.8 2430661, 641715.3 2430684, 641729 2430707, 641743.8 2430728, 641759.8 2430749, 641776.8 2430769, 641794.8 2430788, 641813.8 2430806, 641833.7 2430823, 641854.4 2430839, 641876 2430854, 641898.3 2430867, 641921.3 2430880, 641945 2430891, 641969.2 2430901, 641993.8 2430910, 642018.9 2430917, 642044.4 2430924, 642070.1 2430928, 642096.1 2430932, 642122.2 2430934, 642148.3 2430934, 642174.5 2430934, 642200.6 2430932, 642226.6 2430928, 642252.3 2430924, 642277.7 2430917, 642302.8 2430910, 642327.5 2430901, 642351.7 2430891, 642375.3 2430880, 642398.3 2430867, 642420.7 2430854, 642442.2 2430839, 642463 2430823, 642482.9 2430806, 642501.9 2430788, 642519.9 2430769, 642536.9 2430749, 642552.8 2430728, 642567.7 2430707, 642581.4 2430684, 642593.8 2430661, 642605.1 2430638, 642615.1 2430614, 642623.9 2430589, 642631.3 2430564, 642637.4 2430538, 642642.2 2430513, 642645.6 2430487, 642647.7 2430461, 642648.3 2430434))"
22,20260531,Forest,5300,11.357870574345577,3.2247191011235956,0,Dai,NA,NA,1,0,0,1505,73.01385708378658,373.39798595618043,695.59771728515625,10.849807739257812,111.09573106596858,39347.86033630371,0,0.6696499236211251,1,26,5400,0.13723744960581177,3527.8953552246094,0.08965914093096569,1,0,-0.3599272955944175,0.9329803545016845,8.575462099540212,2.4299109462807524,1.1708458460274813,"POLYGON ((744006.7 2351960, 744006 2351934, 744003.9 2351908, 744000.5 2351882, 743995.7 2351856, 743989.6 2351831, 743982.2 2351806, 743973.5 2351781, 743963.4 2351757, 743952.2 2351733, 743939.7 2351710, 743926 2351688, 743911.2 2351666, 743895.2 2351645, 743878.2 2351625, 743860.2 2351606, 743841.2 2351588, 743821.3 2351571, 743800.6 2351556, 743779 2351541, 743756.7 2351527, 743733.7 2351515, 743710 2351503, 743685.9 2351493, 743661.2 2351485, 743636.1 2351477, 743610.6 2351471, 743584.9 2351466, 743558.9 2351463, 743532.8 2351461, 743506.7 2351460, 743480.5 2351461, 743454.4 2351463, 743428.5 2351466, 743402.7 2351471, 743377.3 2351477, 743352.2 2351485, 743327.5 2351493, 743303.3 2351503, 743279.7 2351515, 743256.7 2351527, 743234.4 2351541, 743212.8 2351556, 743192 2351571, 743172.1 2351588, 743153.1 2351606, 743135.1 2351625, 743118.1 2351645, 743102.2 2351666, 743087.3 2351688, 743073.7 2351710, 743061.2 2351733, 743049.9 2351757, 743039.9 2351781, 743031.1 2351806, 743023.7 2351831, 743017.6 2351856, 743012.8 2351882, 743009.4 2351908, 743007.4 2351934, 743006.7 2351960, 743007.4 2351986, 743009.4 2352012, 743012.8 2352038, 743017.6 2352064, 743023.7 2352089, 743031.1 2352115, 743039.9 2352139, 743049.9 2352163, 743061.2 2352187, 743073.7 2352210, 743087.3 2352232, 743102.2 2352254, 743118.1 2352275, 743135.1 2352295, 743153.1 2352314, 743172.1 2352332, 743192 2352349, 743212.8 2352365, 743234.4 2352379, 743256.7 2352393, 743279.7 2352406, 743303.3 2352417, 743327.5 2352427, 743352.2 2352436, 743377.3 2352443, 743402.7 2352449, 743428.5 2352454, 743454.4 2352457, 743480.5 2352459, 743506.7 2352460, 743532.8 2352459, 743558.9 2352457, 743584.9 2352454, 743610.6 2352449, 743636.1 2352443, 743661.2 2352436, 743685.9 2352427, 743710 2352417, 743733.7 2352406, 743756.7 2352393, 743779 2352379, 743800.6 2352365, 743821.3 2352349, 743841.2 2352332, 743860.2 2352314, 743878.2 2352295, 743895.2 2352275, 743911.2 2352254, 743926 2352232, 743939.7 2352210, 743952.2 2352187, 743963.4 2352163, 743973.5 2352139, 743982.2 2352115, 743989.6 2352089, 743995.7 2352064, 744000.5 2352038, 744003.9 2352012, 744006 2351986, 744006.7 2351960))"
22,20260531,Forest,4468,96.47661604022574,2.467409608717187,0,Dai,NA,NA,1,0,0,1574,278.63955146296684,1211.1138443754298,628.01715087890625,6.368885040283203,102.2349608567698,8100,235508.47778320312,0.4842069150428359,1,60,8100,1,0,0,1,0,-0.21192115872173453,0.9772867657376915,8.404696160189092,4.5693006581538285,0.9031688589157757,"POLYGON ((739381.4 2360482, 739380.7 2360456, 739378.7 2360430, 739375.2 2360404, 739370.5 2360378, 739364.4 2360353, 739356.9 2360328, 739348.2 2360303, 739338.2 2360279, 739326.9 2360255, 739314.4 2360232, 739300.7 2360210, 739285.9 2360188, 739270 2360167, 739253 2360148, 739234.9 2360129, 739216 2360111, 739196.1 2360094, 739175.3 2360078, 739153.7 2360063, 739131.4 2360049, 739108.4 2360037, 739084.8 2360025, 739060.6 2360015, 739035.9 2360007, 739010.8 2359999, 738985.3 2359993, 738959.6 2359988, 738933.7 2359985, 738907.6 2359983, 738881.4 2359982, 738855.2 2359983, 738829.1 2359985, 738803.2 2359988, 738777.4 2359993, 738752 2359999, 738726.9 2360007, 738702.2 2360015, 738678 2360025, 738654.4 2360037, 738631.4 2360049, 738609.1 2360063, 738587.5 2360078, 738566.7 2360094, 738546.8 2360111, 738527.8 2360129, 738509.8 2360148, 738492.8 2360167, 738476.9 2360188, 738462.1 2360210, 738448.4 2360232, 738435.9 2360255, 738424.6 2360279, 738414.6 2360303, 738405.9 2360328, 738398.4 2360353, 738392.3 2360378, 738387.5 2360404, 738384.1 2360430, 738382.1 2360456, 738381.4 2360482, 738382.1 2360508, 738384.1 2360534, 738387.5 2360560, 738392.3 2360586, 738398.4 2360612, 738405.9 2360637, 738414.6 2360661, 738424.6 2360686, 738435.9 2360709, 738448.4 2360732, 738462.1 2360754, 738476.9 2360776, 738492.8 2360797, 738509.8 2360817, 738527.8 2360836, 738546.8 2360854, 738566.7 2360871, 738587.5 2360887, 738609.1 2360901, 738631.4 2360915, 738654.4 2360928, 738678 2360939, 738702.2 2360949, 738726.9 2360958, 738752 2360965, 738777.4 2360971, 738803.2 2360976, 738829.1 2360979, 738855.2 2360981, 738881.4 2360982, 738907.6 2360981, 738933.7 2360979, 738959.6 2360976, 738985.3 2360971, 739010.8 2360965, 739035.9 2360958, 739060.6 2360949, 739084.8 2360939, 739108.4 2360928, 739131.4 2360915, 739153.7 2360901, 739175.3 2360887, 739196.1 2360871, 739216 2360854, 739234.9 2360836, 739253 2360817, 739270 2360797, 739285.9 2360776, 739300.7 2360754, 739314.4 2360732, 739326.9 2360709, 739338.2 2360686, 739348.2 2360661, 739356.9 2360637, 739364.4 2360612, 739370.5 2360586, 739375.2 2360560, 739378.7 2360534, 739380.7 2360508, 739381.4 2360482))"
22,20260531,Forest,5300,11.357870574345577,3.2247191011235956,0,Dai,NA,NA,1,0,0,1603,89.07119613265601,1354.9381190487666,703.66033935546875,9.529280662536621,42.62614641252282,6456.8718910217285,87782.87658691406,0.16393231544704762,1,1,2365.8042669296265,0.3664009921304578,1800,0.27877276030563614,1,0,0.7357881242379385,0.6772118104628831,8.575462099540212,2.4299109462807524,1.1708458460274813,"POLYGON ((734414.7 2360036, 734414 2360010, 734411.9 2359984, 734408.5 2359958, 734403.7 2359932, 734397.6 2359907, 734390.2 2359882, 734381.5 2359857, 734371.4 2359833, 734360.2 2359809, 734347.7 2359786, 734334 2359764, 734319.2 2359742, 734303.2 2359721, 734286.2 2359701, 734268.2 2359682, 734249.2 2359664, 734229.3 2359647, 734208.6 2359632, 734187 2359617, 734164.7 2359603, 734141.7 2359591, 734118 2359579, 734093.9 2359569, 734069.2 2359561, 734044.1 2359553, 734018.6 2359547, 733992.9 2359542, 733966.9 2359539, 733940.8 2359537, 733914.7 2359536, 733888.5 2359537, 733862.4 2359539, 733836.4 2359542, 733810.7 2359547, 733785.3 2359553, 733760.2 2359561, 733735.5 2359569, 733711.3 2359579, 733687.7 2359591, 733664.7 2359603, 733642.3 2359617, 733620.8 2359632, 733600 2359647, 733580.1 2359664, 733561.1 2359682, 733543.1 2359701, 733526.1 2359721, 733510.2 2359742, 733495.3 2359764, 733481.7 2359786, 733469.2 2359809, 733457.9 2359833, 733447.9 2359857, 733439.1 2359882, 733431.7 2359907, 733425.6 2359932, 733420.8 2359958, 733417.4 2359984, 733415.4 2360010, 733414.7 2360036, 733415.4 2360062, 733417.4 2360088, 733420.8 2360114, 733425.6 2360140, 733431.7 2360165, 733439.1 2360191, 733447.9 2360215, 733457.9 2360239, 733469.2 2360263, 733481.7 2360286, 733495.3 2360308, 733510.2 2360330, 733526.1 2360351, 733543.1 2360371, 733561.1 2360390, 733580.1 2360408, 733600 2360425, 733620.8 2360441, 733642.3 2360455, 733664.7 2360469, 733687.7 2360482, 733711.3 2360493, 733735.5 2360503, 733760.2 2360512, 733785.3 2360519, 733810.7 2360525, 733836.4 2360530, 733862.4 2360533, 733888.5 2360535, 733914.7 2360536, 733940.8 2360535, 733966.9 2360533, 733992.9 2360530, 734018.6 2360525, 734044.1 2360519, 734069.2 2360512, 734093.9 2360503, 734118 2360493, 734141.7 2360482, 734164.7 2360469, 734187 2360455, 734208.6 2360441, 734229.3 2360425, 734249.2 2360408, 734268.2 2360390, 734286.2 2360371, 734303.2 2360351, 734319.2 2360330, 734334 2360308, 734347.7 2360286, 734360.2 2360263, 734371.4 2360239, 734381.5 2360215, 734390.2 2360191, 734397.6 2360165, 734403.7 2360140, 734408.5 2360114, 734411.9 2360088, 734414 2360062, 734414.7 2360036))"
22,20260531,Forest,8258.682862023154,130.8393029610749,1.0638297872340425,0,Dai,NA,NA,1,0,0,1708,934.6729704805251,933.7347991716439,691.12774658203125,8.840137481689453,266.66004615145437,503.1812310218811,15411.229705810547,0.26670693511284865,1,53,503.1812310218811,1,0,0,1,0,-0.05826018281873016,-0.9983014329840102,9.019020393996465,4.873969875241402,0.06187540371808745,"POLYGON ((674189.3 2389046, 674188.6 2389020, 674186.5 2388994, 674183.1 2388968, 674178.3 2388942, 674172.2 2388916, 674164.8 2388891, 674156.1 2388867, 674146 2388842, 674134.8 2388819, 674122.3 2388796, 674108.6 2388773, 674093.8 2388752, 674077.8 2388731, 674060.8 2388711, 674042.8 2388692, 674023.8 2388674, 674003.9 2388657, 673983.2 2388641, 673961.6 2388626, 673939.3 2388613, 673916.3 2388600, 673892.6 2388589, 673868.5 2388579, 673843.8 2388570, 673818.7 2388563, 673793.2 2388557, 673767.5 2388552, 673741.5 2388549, 673715.4 2388546, 673689.3 2388546, 673663.1 2388546, 673637 2388549, 673611.1 2388552, 673585.3 2388557, 673559.9 2388563, 673534.8 2388570, 673510.1 2388579, 673485.9 2388589, 673462.3 2388600, 673439.3 2388613, 673417 2388626, 673395.4 2388641, 673374.6 2388657, 673354.7 2388674, 673335.7 2388692, 673317.7 2388711, 673300.7 2388731, 673284.8 2388752, 673269.9 2388773, 673256.3 2388796, 673243.8 2388819, 673232.5 2388842, 673222.5 2388867, 673213.7 2388891, 673206.3 2388916, 673200.2 2388942, 673195.4 2388968, 673192 2388994, 673190 2389020, 673189.3 2389046, 673190 2389072, 673192 2389098, 673195.4 2389124, 673200.2 2389150, 673206.3 2389175, 673213.7 2389200, 673222.5 2389225, 673232.5 2389249, 673243.8 2389273, 673256.3 2389296, 673269.9 2389318, 673284.8 2389340, 673300.7 2389360, 673317.7 2389380, 673335.7 2389399, 673354.7 2389417, 673374.6 2389434, 673395.4 2389450, 673417 2389465, 673439.3 2389479, 673462.3 2389491, 673485.9 2389503, 673510.1 2389513, 673534.8 2389521, 673559.9 2389529, 673585.3 2389535, 673611.1 2389540, 673637 2389543, 673663.1 2389545, 673689.3 2389546, 673715.4 2389545, 673741.5 2389543, 673767.5 2389540, 673793.2 2389535, 673818.7 2389529, 673843.8 2389521, 673868.5 2389513, 673892.6 2389503, 673916.3 2389491, 673939.3 2389479, 673961.6 2389465, 673983.2 2389450, 674003.9 2389434, 674023.8 2389417, 674042.8 2389399, 674060.8 2389380, 674077.8 2389360, 674093.8 2389340, 674108.6 2389318, 674122.3 2389296, 674134.8 2389273, 674146 2389249, 674156.1 2389225, 674164.8 2389200, 674172.2 2389175, 674178.3 2389150, 674183.1 2389124, 674186.5 2389098, 674188.6 2389072, 674189.3 2389046))"
22,20260531,Forest,5152.0093185789165,31.010082017237615,3.867597133157299,0,Dai,NA,NA,1,0,0,1741,190.79123926262875,771.5885012429094,994.449951171875,8.324344635009766,159.47564814984244,785039.3371582031,0,0.1708864495889139,1,74,0,0,196785.87341308594,0.25067007995476936,1,0,-0.9365232595230794,0.35060545399674975,8.547142076512934,3.4343123779730202,1.3526334183810655,"POLYGON ((678118.6 2488232, 678117.9 2488205, 678115.8 2488179, 678112.4 2488153, 678107.7 2488128, 678101.5 2488102, 678094.1 2488077, 678085.4 2488052, 678075.3 2488028, 678064.1 2488005, 678051.6 2487982, 678037.9 2487959, 678023.1 2487938, 678007.1 2487917, 677990.1 2487897, 677972.1 2487878, 677953.1 2487860, 677933.2 2487843, 677912.5 2487827, 677890.9 2487812, 677868.6 2487799, 677845.6 2487786, 677821.9 2487775, 677797.8 2487765, 677773.1 2487756, 677748 2487749, 677722.5 2487743, 677696.8 2487738, 677670.8 2487734, 677644.7 2487732, 677618.6 2487732, 677592.4 2487732, 677566.3 2487734, 677540.4 2487738, 677514.6 2487743, 677489.2 2487749, 677464.1 2487756, 677439.4 2487765, 677415.2 2487775, 677391.6 2487786, 677368.6 2487799, 677346.3 2487812, 677324.7 2487827, 677303.9 2487843, 677284 2487860, 677265 2487878, 677247 2487897, 677230 2487917, 677214.1 2487938, 677199.2 2487959, 677185.6 2487982, 677173.1 2488005, 677161.8 2488028, 677151.8 2488052, 677143 2488077, 677135.6 2488102, 677129.5 2488128, 677124.7 2488153, 677121.3 2488179, 677119.3 2488205, 677118.6 2488232, 677119.3 2488258, 677121.3 2488284, 677124.7 2488310, 677129.5 2488336, 677135.6 2488361, 677143 2488386, 677151.8 2488411, 677161.8 2488435, 677173.1 2488459, 677185.6 2488482, 677199.2 2488504, 677214.1 2488525, 677230 2488546, 677247 2488566, 677265 2488585, 677284 2488603, 677303.9 2488620, 677324.7 2488636, 677346.3 2488651, 677368.6 2488665, 677391.6 2488677, 677415.2 2488688, 677439.4 2488698, 677464.1 2488707, 677489.2 2488715, 677514.6 2488721, 677540.4 2488725, 677566.3 2488729, 677592.4 2488731, 677618.6 2488732, 677644.7 2488731, 677670.8 2488729, 677696.8 2488725, 677722.5 2488721, 677748 2488715, 677773.1 2488707, 677797.8 2488698, 677821.9 2488688, 677845.6 2488677, 677868.6 2488665, 677890.9 2488651, 677912.5 2488636, 677933.2 2488620, 677953.1 2488603, 677972.1 2488585, 677990.1 2488566, 678007.1 2488546, 678023.1 2488525, 678037.9 2488504, 678051.6 2488482, 678064.1 2488459, 678075.3 2488435, 678085.4 2488411, 678094.1 2488386, 678101.5 2488361, 678107.7 2488336, 678112.4 2488310, 678115.8 2488284, 678117.9 2488258, 678118.6 2488232))"
22,20260531,Forest,4740.827023878858,28.393067437574942,2.9508196721311477,0,Dai,NA,NA,1,0,0,1947,491.30389941642596,1346.3204120602193,922.92547607421875,2.4398934841156006,221.99354325333059,311494.56481933594,0,0.25968861489596057,1,66,72533.551025390625,0.23285655423059928,237161.0137939453,0.7613648537703911,1,0,-0.7432202260824289,-0.6690468560138245,8.463966877081248,3.346145011058112,1.0820829867168993,"POLYGON ((682695.7 2482609, 682695 2482582, 682692.9 2482556, 682689.5 2482530, 682684.7 2482505, 682678.6 2482479, 682671.2 2482454, 682662.5 2482429, 682652.4 2482405, 682641.2 2482382, 682628.7 2482359, 682615 2482336, 682600.2 2482315, 682584.2 2482294, 682567.2 2482274, 682549.2 2482255, 682530.2 2482237, 682510.3 2482220, 682489.6 2482204, 682468 2482189, 682445.7 2482176, 682422.7 2482163, 682399 2482152, 682374.9 2482142, 682350.2 2482133, 682325.1 2482126, 682299.6 2482119, 682273.9 2482115, 682247.9 2482111, 682221.8 2482109, 682195.7 2482109, 682169.5 2482109, 682143.4 2482111, 682117.5 2482115, 682091.7 2482119, 682066.3 2482126, 682041.2 2482133, 682016.5 2482142, 681992.3 2482152, 681968.7 2482163, 681945.7 2482176, 681923.4 2482189, 681901.8 2482204, 681881 2482220, 681861.1 2482237, 681842.1 2482255, 681824.1 2482274, 681807.1 2482294, 681791.2 2482315, 681776.3 2482336, 681762.7 2482359, 681750.2 2482382, 681738.9 2482405, 681728.9 2482429, 681720.1 2482454, 681712.7 2482479, 681706.6 2482505, 681701.8 2482530, 681698.4 2482556, 681696.4 2482582, 681695.7 2482609, 681696.4 2482635, 681698.4 2482661, 681701.8 2482687, 681706.6 2482713, 681712.7 2482738, 681720.1 2482763, 681728.9 2482788, 681738.9 2482812, 681750.2 2482836, 681762.7 2482859, 681776.3 2482881, 681791.2 2482902, 681807.1 2482923, 681824.1 2482943, 681842.1 2482962, 681861.1 2482980, 681881 2482997, 681901.8 2483013, 681923.4 2483028, 681945.7 2483042, 681968.7 2483054, 681992.3 2483065, 682016.5 2483075, 682041.2 2483084, 682066.3 2483092, 682091.7 2483098, 682117.5 2483102, 682143.4 2483106, 682169.5 2483108, 682195.7 2483109, 682221.8 2483108, 682247.9 2483106, 682273.9 2483102, 682299.6 2483098, 682325.1 2483092, 682350.2 2483084, 682374.9 2483075, 682399 2483065, 682422.7 2483054, 682445.7 2483042, 682468 2483028, 682489.6 2483013, 682510.3 2482997, 682530.2 2482980, 682549.2 2482962, 682567.2 2482943, 682584.2 2482923, 682600.2 2482902, 682615 2482881, 682628.7 2482859, 682641.2 2482836, 682652.4 2482812, 682662.5 2482788, 682671.2 2482763, 682678.6 2482738, 682684.7 2482713, 682689.5 2482687, 682692.9 2482661, 682695 2482635, 682695.7 2482609))"
22,20260531,Forest,12077.571669477235,47.050868206321354,1.8036923076923077,0,Dai,NA,NA,1,0,0,2097,103.18646107803012,84.35317744896707,575.963623046875,14.633901596069336,294.5345644549926,900,38978.263092041016,0.860485409040631,1,29,900,1,0,0,1,0,0.4152421136249017,-0.9097109359968826,9.39910543054279,3.851229318705374,0.5898358459470546,"POLYGON ((696025.8 2426304, 696025.2 2426278, 696023.1 2426252, 696019.7 2426226, 696014.9 2426200, 696008.8 2426175, 696001.4 2426150, 695992.6 2426125, 695982.6 2426101, 695971.4 2426077, 695958.9 2426054, 695945.2 2426032, 695930.4 2426010, 695914.4 2425990, 695897.4 2425970, 695879.4 2425951, 695860.4 2425933, 695840.5 2425916, 695819.7 2425900, 695798.2 2425885, 695775.8 2425871, 695752.8 2425859, 695729.2 2425847, 695705 2425837, 695680.4 2425829, 695655.3 2425821, 695629.8 2425815, 695604.1 2425810, 695578.1 2425807, 695552 2425805, 695525.8 2425804, 695499.7 2425805, 695473.6 2425807, 695447.6 2425810, 695421.9 2425815, 695396.4 2425821, 695371.3 2425829, 695346.7 2425837, 695322.5 2425847, 695298.9 2425859, 695275.8 2425871, 695253.5 2425885, 695232 2425900, 695211.2 2425916, 695191.3 2425933, 695172.3 2425951, 695154.3 2425970, 695137.3 2425990, 695121.3 2426010, 695106.5 2426032, 695092.8 2426054, 695080.3 2426077, 695069.1 2426101, 695059.1 2426125, 695050.3 2426150, 695042.9 2426175, 695036.8 2426200, 695032 2426226, 695028.6 2426252, 695026.5 2426278, 695025.8 2426304, 695026.5 2426330, 695028.6 2426356, 695032 2426382, 695036.8 2426408, 695042.9 2426434, 695050.3 2426459, 695059.1 2426483, 695069.1 2426508, 695080.3 2426531, 695092.8 2426554, 695106.5 2426577, 695121.3 2426598, 695137.3 2426619, 695154.3 2426639, 695172.3 2426658, 695191.3 2426676, 695211.2 2426693, 695232 2426709, 695253.5 2426724, 695275.8 2426737, 695298.9 2426750, 695322.5 2426761, 695346.7 2426771, 695371.3 2426780, 695396.4 2426787, 695421.9 2426793, 695447.6 2426798, 695473.6 2426801, 695499.7 2426804, 695525.8 2426804, 695552 2426804, 695578.1 2426801, 695604.1 2426798, 695629.8 2426793, 695655.3 2426787, 695680.4 2426780, 695705 2426771, 695729.2 2426761, 695752.8 2426750, 695775.8 2426737, 695798.2 2426724, 695819.7 2426709, 695840.5 2426693, 695860.4 2426676, 695879.4 2426658, 695897.4 2426639, 695914.4 2426619, 695930.4 2426598, 695945.2 2426577, 695958.9 2426554, 695971.4 2426531, 695982.6 2426508, 695992.6 2426483, 696001.4 2426459, 696008.8 2426434, 696014.9 2426408, 696019.7 2426382, 696023.1 2426356, 696025.2 2426330, 696025.8 2426304))"
22,20260531,Forest,7582.608695652175,158.7264442819954,2.4903687396807923,0,Dai,NA,NA,1,0,0,2111,113.50165576826679,891.3871251637918,1196.607421875,0.5240546464920044,147.0827408318995,6300,206.35368525981903,0.2086901261062882,1,45,0,0,6300,1,1,0,-0.8394562063792123,0.5434273434153101,8.933612574527867,5.067182244287413,0.9124307877378552,"POLYGON ((626185.5 2427391, 626184.8 2427365, 626182.7 2427339, 626179.3 2427313, 626174.5 2427287, 626168.4 2427262, 626161 2427237, 626152.3 2427212, 626142.2 2427188, 626131 2427164, 626118.5 2427141, 626104.8 2427119, 626090 2427097, 626074 2427077, 626057 2427057, 626039 2427038, 626020 2427020, 626000.1 2427003, 625979.4 2426987, 625957.8 2426972, 625935.5 2426958, 625912.5 2426946, 625888.8 2426935, 625864.7 2426924, 625840 2426916, 625814.9 2426908, 625789.4 2426902, 625763.7 2426897, 625737.7 2426894, 625711.6 2426892, 625685.5 2426891, 625659.3 2426892, 625633.2 2426894, 625607.3 2426897, 625581.5 2426902, 625556.1 2426908, 625531 2426916, 625506.3 2426924, 625482.1 2426935, 625458.5 2426946, 625435.5 2426958, 625413.2 2426972, 625391.6 2426987, 625370.8 2427003, 625350.9 2427020, 625331.9 2427038, 625313.9 2427057, 625296.9 2427077, 625281 2427097, 625266.1 2427119, 625252.5 2427141, 625240 2427164, 625228.7 2427188, 625218.7 2427212, 625209.9 2427237, 625202.5 2427262, 625196.4 2427287, 625191.6 2427313, 625188.2 2427339, 625186.2 2427365, 625185.5 2427391, 625186.2 2427417, 625188.2 2427444, 625191.6 2427470, 625196.4 2427495, 625202.5 2427521, 625209.9 2427546, 625218.7 2427570, 625228.7 2427595, 625240 2427618, 625252.5 2427641, 625266.1 2427664, 625281 2427685, 625296.9 2427706, 625313.9 2427726, 625331.9 2427745, 625350.9 2427763, 625370.8 2427780, 625391.6 2427796, 625413.2 2427811, 625435.5 2427824, 625458.5 2427837, 625482.1 2427848, 625506.3 2427858, 625531 2427867, 625556.1 2427874, 625581.5 2427880, 625607.3 2427885, 625633.2 2427889, 625659.3 2427891, 625685.5 2427891, 625711.6 2427891, 625737.7 2427889, 625763.7 2427885, 625789.4 2427880, 625814.9 2427874, 625840 2427867, 625864.7 2427858, 625888.8 2427848, 625912.5 2427837, 625935.5 2427824, 625957.8 2427811, 625979.4 2427796, 626000.1 2427780, 626020 2427763, 626039 2427745, 626057 2427726, 626074 2427706, 626090 2427685, 626104.8 2427664, 626118.5 2427641, 626131 2427618, 626142.2 2427595, 626152.3 2427570, 626161 2427546, 626168.4 2427521, 626174.5 2427495, 626179.3 2427470, 626182.7 2427444, 626184.8 2427417, 626185.5 2427391))"
22,20260531,Forest,10265.598650927488,108.6023937661198,1.2810296769962288,0,Dai,NA,NA,1,0,0,2120,684.8083632227223,927.7090365507963,757.3037109375,13.208588600158691,282.0092371957085,5400,12257.68232345581,0.0964426396985117,1,96,5400,1,0,0,1,0,0.20806938456142995,-0.9781140686076587,9.236553647375256,4.687693449302214,0.24766418970028795,"POLYGON ((713301.5 2423386, 713300.8 2423359, 713298.7 2423333, 713295.3 2423307, 713290.6 2423282, 713284.4 2423256, 713277 2423231, 713268.3 2423206, 713258.3 2423182, 713247 2423159, 713234.5 2423136, 713220.8 2423113, 713206 2423092, 713190.1 2423071, 713173.1 2423051, 713155 2423032, 713136 2423014, 713116.1 2422997, 713095.4 2422981, 713073.8 2422966, 713051.5 2422953, 713028.5 2422940, 713004.9 2422929, 712980.7 2422919, 712956 2422910, 712930.9 2422903, 712905.4 2422896, 712879.7 2422892, 712853.7 2422888, 712827.6 2422886, 712801.5 2422886, 712775.3 2422886, 712749.2 2422888, 712723.3 2422892, 712697.5 2422896, 712672.1 2422903, 712647 2422910, 712622.3 2422919, 712598.1 2422929, 712574.5 2422940, 712551.5 2422953, 712529.2 2422966, 712507.6 2422981, 712486.8 2422997, 712466.9 2423014, 712447.9 2423032, 712429.9 2423051, 712412.9 2423071, 712397 2423092, 712382.1 2423113, 712368.5 2423136, 712356 2423159, 712344.7 2423182, 712334.7 2423206, 712326 2423231, 712318.5 2423256, 712312.4 2423282, 712307.6 2423307, 712304.2 2423333, 712302.2 2423359, 712301.5 2423386, 712302.2 2423412, 712304.2 2423438, 712307.6 2423464, 712312.4 2423489, 712318.5 2423515, 712326 2423540, 712334.7 2423565, 712344.7 2423589, 712356 2423613, 712368.5 2423636, 712382.1 2423658, 712397 2423679, 712412.9 2423700, 712429.9 2423720, 712447.9 2423739, 712466.9 2423757, 712486.8 2423774, 712507.6 2423790, 712529.2 2423805, 712551.5 2423819, 712574.5 2423831, 712598.1 2423842, 712622.3 2423852, 712647 2423861, 712672.1 2423868, 712697.5 2423875, 712723.3 2423879, 712749.2 2423883, 712775.3 2423885, 712801.5 2423886, 712827.6 2423885, 712853.7 2423883, 712879.7 2423879, 712905.4 2423875, 712930.9 2423868, 712956 2423861, 712980.7 2423852, 713004.9 2423842, 713028.5 2423831, 713051.5 2423819, 713073.8 2423805, 713095.4 2423790, 713116.1 2423774, 713136 2423757, 713155 2423739, 713173.1 2423720, 713190.1 2423700, 713206 2423679, 713220.8 2423658, 713234.5 2423636, 713247 2423613, 713258.3 2423589, 713268.3 2423565, 713277 2423540, 713284.4 2423515, 713290.6 2423489, 713295.3 2423464, 713298.7 2423438, 713300.8 2423412, 713301.5 2423386))"
22,20260531,Forest,7708.695652173914,237.2321719678974,3.3891168599464763,0,Dai,NA,NA,1,0,0,2218,526.646890059211,530.8808027755731,1225.8524169921875,7.390560626983643,8.61219591794345,593443.32275390625,0,0.02038287833425547,1,90,0,0,10930.121898651123,0.01841813949128165,1,0,0.9887245287152857,0.14974580567326828,8.95010427613315,5.46903929016875,1.2205693741627521,"POLYGON ((630062.8 2426864, 630062.1 2426837, 630060.1 2426811, 630056.7 2426785, 630051.9 2426760, 630045.8 2426734, 630038.3 2426709, 630029.6 2426684, 630019.6 2426660, 630008.3 2426637, 629995.8 2426614, 629982.1 2426591, 629967.3 2426570, 629951.4 2426549, 629934.4 2426529, 629916.4 2426510, 629897.4 2426492, 629877.5 2426475, 629856.7 2426459, 629835.1 2426444, 629812.8 2426431, 629789.8 2426418, 629766.2 2426407, 629742 2426397, 629717.3 2426388, 629692.2 2426381, 629666.8 2426374, 629641 2426370, 629615.1 2426366, 629589 2426364, 629562.8 2426364, 629536.6 2426364, 629510.5 2426366, 629484.6 2426370, 629458.9 2426374, 629433.4 2426381, 629408.3 2426388, 629383.6 2426397, 629359.4 2426407, 629335.8 2426418, 629312.8 2426431, 629290.5 2426444, 629268.9 2426459, 629248.1 2426475, 629228.2 2426492, 629209.3 2426510, 629191.2 2426529, 629174.2 2426549, 629158.3 2426570, 629143.5 2426591, 629129.8 2426614, 629117.3 2426637, 629106 2426660, 629096 2426684, 629087.3 2426709, 629079.8 2426734, 629073.7 2426760, 629069 2426785, 629065.5 2426811, 629063.5 2426837, 629062.8 2426864, 629063.5 2426890, 629065.5 2426916, 629069 2426942, 629073.7 2426968, 629079.8 2426993, 629087.3 2427018, 629096 2427043, 629106 2427067, 629117.3 2427091, 629129.8 2427114, 629143.5 2427136, 629158.3 2427157, 629174.2 2427178, 629191.2 2427198, 629209.3 2427217, 629228.2 2427235, 629248.1 2427252, 629268.9 2427268, 629290.5 2427283, 629312.8 2427297, 629335.8 2427309, 629359.4 2427320, 629383.6 2427330, 629408.3 2427339, 629433.4 2427347, 629458.9 2427353, 629484.6 2427357, 629510.5 2427361, 629536.6 2427363, 629562.8 2427364, 629589 2427363, 629615.1 2427361, 629641 2427357, 629666.8 2427353, 629692.2 2427347, 629717.3 2427339, 629742 2427330, 629766.2 2427320, 629789.8 2427309, 629812.8 2427297, 629835.1 2427283, 629856.7 2427268, 629877.5 2427252, 629897.4 2427235, 629916.4 2427217, 629934.4 2427198, 629951.4 2427178, 629967.3 2427157, 629982.1 2427136, 629995.8 2427114, 630008.3 2427091, 630019.6 2427067, 630029.6 2427043, 630038.3 2427018, 630045.8 2426993, 630051.9 2426968, 630056.7 2426942, 630060.1 2426916, 630062.1 2426890, 630062.8 2426864))"
22,20260531,Forest,7668.695652173914,133.19513203141992,2.0375399361022364,0,Dai,NA,NA,1,0,0,2367,226.81822263048824,568.5024897981643,1183.1646728515625,3.3328278064727783,162.17833718149538,15832.818031311035,2700,0.2162089652062693,1,80,0,0,5068.93515586853,0.32015369252928866,1,0,-0.9520137451152548,0.30605527133448734,8.944901821513023,4.891815211127795,0.7117431664817675,"POLYGON ((642668.9 2428038, 642668.3 2428012, 642666.2 2427986, 642662.8 2427960, 642658 2427934, 642651.9 2427909, 642644.5 2427884, 642635.7 2427859, 642625.7 2427835, 642614.5 2427811, 642602 2427788, 642588.3 2427766, 642573.5 2427744, 642557.5 2427724, 642540.5 2427704, 642522.5 2427685, 642503.5 2427667, 642483.6 2427650, 642462.8 2427634, 642441.3 2427619, 642418.9 2427605, 642395.9 2427593, 642372.3 2427582, 642348.1 2427572, 642323.5 2427563, 642298.4 2427555, 642272.9 2427549, 642247.2 2427544, 642221.2 2427541, 642195.1 2427539, 642168.9 2427538, 642142.8 2427539, 642116.7 2427541, 642090.7 2427544, 642065 2427549, 642039.5 2427555, 642014.4 2427563, 641989.8 2427572, 641965.6 2427582, 641942 2427593, 641918.9 2427605, 641896.6 2427619, 641875.1 2427634, 641854.3 2427650, 641834.4 2427667, 641815.4 2427685, 641797.4 2427704, 641780.4 2427724, 641764.4 2427744, 641749.6 2427766, 641735.9 2427788, 641723.4 2427811, 641712.2 2427835, 641702.2 2427859, 641693.4 2427884, 641686 2427909, 641679.9 2427934, 641675.1 2427960, 641671.7 2427986, 641669.6 2428012, 641668.9 2428038, 641669.6 2428064, 641671.7 2428091, 641675.1 2428117, 641679.9 2428142, 641686 2428168, 641693.4 2428193, 641702.2 2428217, 641712.2 2428242, 641723.4 2428265, 641735.9 2428288, 641749.6 2428311, 641764.4 2428332, 641780.4 2428353, 641797.4 2428373, 641815.4 2428392, 641834.4 2428410, 641854.3 2428427, 641875.1 2428443, 641896.6 2428458, 641918.9 2428471, 641942 2428484, 641965.6 2428495, 641989.8 2428505, 642014.4 2428514, 642039.5 2428521, 642065 2428527, 642090.7 2428532, 642116.7 2428536, 642142.8 2428538, 642168.9 2428538, 642195.1 2428538, 642221.2 2428536, 642247.2 2428532, 642272.9 2428527, 642298.4 2428521, 642323.5 2428514, 642348.1 2428505, 642372.3 2428495, 642395.9 2428484, 642418.9 2428471, 642441.3 2428458, 642462.8 2428443, 642483.6 2428427, 642503.5 2428410, 642522.5 2428392, 642540.5 2428373, 642557.5 2428353, 642573.5 2428332, 642588.3 2428311, 642602 2428288, 642614.5 2428265, 642625.7 2428242, 642635.7 2428217, 642644.5 2428193, 642651.9 2428168, 642658 2428142, 642662.8 2428117, 642666.2 2428091, 642668.3 2428064, 642668.9 2428038))"
22,20260531,Forest,4895.615866388309,145.06059227472352,0.8104849279161206,0,Dai,NA,NA,1,0,0,2440,662.332935828302,649.6171715000321,725.9224853515625,10.076395034790039,166.86845914551563,16562.7290725708,8966.326904296875,0.3528121972990433,1,49,16562.7290725708,1,0,0,1,0,-0.9738510500308885,0.22718743881151543,8.496095362451602,4.977151532890694,-0.21012253401124478,"POLYGON ((672032.1 2397494, 672031.4 2397468, 672029.4 2397442, 672026 2397416, 672021.2 2397391, 672015.1 2397365, 672007.6 2397340, 671998.9 2397315, 671988.9 2397291, 671977.6 2397267, 671965.1 2397244, 671951.5 2397222, 671936.6 2397201, 671920.7 2397180, 671903.7 2397160, 671885.7 2397141, 671866.7 2397123, 671846.8 2397106, 671826 2397090, 671804.4 2397075, 671782.1 2397061, 671759.1 2397049, 671735.5 2397038, 671711.3 2397028, 671686.6 2397019, 671661.5 2397012, 671636.1 2397005, 671610.3 2397001, 671584.4 2396997, 671558.3 2396995, 671532.1 2396994, 671506 2396995, 671479.9 2396997, 671453.9 2397001, 671428.2 2397005, 671402.7 2397012, 671377.6 2397019, 671352.9 2397028, 671328.7 2397038, 671305.1 2397049, 671282.1 2397061, 671259.8 2397075, 671238.2 2397090, 671217.5 2397106, 671197.6 2397123, 671178.6 2397141, 671160.5 2397160, 671143.5 2397180, 671127.6 2397201, 671112.8 2397222, 671099.1 2397244, 671086.6 2397267, 671075.3 2397291, 671065.3 2397315, 671056.6 2397340, 671049.2 2397365, 671043 2397391, 671038.3 2397416, 671034.9 2397442, 671032.8 2397468, 671032.1 2397494, 671032.8 2397521, 671034.9 2397547, 671038.3 2397573, 671043 2397598, 671049.2 2397624, 671056.6 2397649, 671065.3 2397674, 671075.3 2397698, 671086.6 2397721, 671099.1 2397744, 671112.8 2397767, 671127.6 2397788, 671143.5 2397809, 671160.5 2397829, 671178.6 2397848, 671197.6 2397866, 671217.5 2397883, 671238.2 2397899, 671259.8 2397914, 671282.1 2397927, 671305.1 2397940, 671328.7 2397951, 671352.9 2397961, 671377.6 2397970, 671402.7 2397977, 671428.2 2397984, 671453.9 2397988, 671479.9 2397992, 671506 2397994, 671532.1 2397994, 671558.3 2397994, 671584.4 2397992, 671610.3 2397988, 671636.1 2397984, 671661.5 2397977, 671686.6 2397970, 671711.3 2397961, 671735.5 2397951, 671759.1 2397940, 671782.1 2397927, 671804.4 2397914, 671826 2397899, 671846.8 2397883, 671866.7 2397866, 671885.7 2397848, 671903.7 2397829, 671920.7 2397809, 671936.6 2397788, 671951.5 2397767, 671965.1 2397744, 671977.6 2397721, 671988.9 2397698, 671998.9 2397674, 672007.6 2397649, 672015.1 2397624, 672021.2 2397598, 672026 2397573, 672029.4 2397547, 672031.4 2397521, 672032.1 2397494))"
22,20260531,Forest,6519.263617384702,143.3536045654432,0.9216765453005927,0,Dai,NA,NA,1,0,0,2562,377.00880714836507,829.3416809126422,679.8870849609375,7.802218914031982,25.603077364766495,7200,55713.12561035156,0.4220836052811071,1,50,0,0,3600,0.5,1,0,0.9018093177150471,0.4321341857367005,8.782516706423346,4.965314337220381,-0.08156093552276016,"POLYGON ((671289.9 2386927, 671289.2 2386901, 671287.2 2386875, 671283.8 2386849, 671279 2386824, 671272.9 2386798, 671265.4 2386773, 671256.7 2386748, 671246.7 2386724, 671235.4 2386700, 671222.9 2386677, 671209.2 2386655, 671194.4 2386634, 671178.5 2386613, 671161.5 2386593, 671143.5 2386574, 671124.5 2386556, 671104.6 2386539, 671083.8 2386523, 671062.2 2386508, 671039.9 2386494, 671016.9 2386482, 670993.3 2386471, 670969.1 2386461, 670944.4 2386452, 670919.3 2386444, 670893.9 2386438, 670868.1 2386434, 670842.2 2386430, 670816.1 2386428, 670789.9 2386427, 670763.7 2386428, 670737.6 2386430, 670711.7 2386434, 670686 2386438, 670660.5 2386444, 670635.4 2386452, 670610.7 2386461, 670586.5 2386471, 670562.9 2386482, 670539.9 2386494, 670517.6 2386508, 670496 2386523, 670475.2 2386539, 670455.3 2386556, 670436.4 2386574, 670418.3 2386593, 670401.3 2386613, 670385.4 2386634, 670370.6 2386655, 670356.9 2386677, 670344.4 2386700, 670333.1 2386724, 670323.1 2386748, 670314.4 2386773, 670306.9 2386798, 670300.8 2386824, 670296.1 2386849, 670292.6 2386875, 670290.6 2386901, 670289.9 2386927, 670290.6 2386954, 670292.6 2386980, 670296.1 2387006, 670300.8 2387031, 670306.9 2387057, 670314.4 2387082, 670323.1 2387107, 670333.1 2387131, 670344.4 2387154, 670356.9 2387177, 670370.6 2387200, 670385.4 2387221, 670401.3 2387242, 670418.3 2387262, 670436.4 2387281, 670455.3 2387299, 670475.2 2387316, 670496 2387332, 670517.6 2387347, 670539.9 2387360, 670562.9 2387373, 670586.5 2387384, 670610.7 2387394, 670635.4 2387403, 670660.5 2387410, 670686 2387417, 670711.7 2387421, 670737.6 2387425, 670763.7 2387427, 670789.9 2387427, 670816.1 2387427, 670842.2 2387425, 670868.1 2387421, 670893.9 2387417, 670919.3 2387410, 670944.4 2387403, 670969.1 2387394, 670993.3 2387384, 671016.9 2387373, 671039.9 2387360, 671062.2 2387347, 671083.8 2387332, 671104.6 2387316, 671124.5 2387299, 671143.5 2387281, 671161.5 2387262, 671178.5 2387242, 671194.4 2387221, 671209.2 2387200, 671222.9 2387177, 671235.4 2387154, 671246.7 2387131, 671256.7 2387107, 671265.4 2387082, 671272.9 2387057, 671279 2387031, 671283.8 2387006, 671287.2 2386980, 671289.2 2386954, 671289.9 2386927))"
22,20260531,Forest,4740.827023878858,28.393067437574942,2.9508196721311477,0,Dai,NA,NA,1,0,0,2569,645.7468514090988,827.4166589511766,989.39190673828125,9.598511695861816,139.63580765458082,718471.69189453125,1044.8107481002808,0.041174576012217,1,18,291502.99072265625,0.40572648026534597,17925.759887695312,0.02494984853255254,1,0,-0.7619432087567709,0.6476438424237784,8.463966877081248,3.346145011058112,1.0820829867168993,"POLYGON ((678884.6 2479932, 678883.9 2479906, 678881.9 2479879, 678878.4 2479853, 678873.7 2479828, 678867.6 2479802, 678860.1 2479777, 678851.4 2479752, 678841.4 2479728, 678830.1 2479705, 678817.6 2479682, 678803.9 2479659, 678789.1 2479638, 678773.2 2479617, 678756.2 2479597, 678738.1 2479578, 678719.2 2479560, 678699.3 2479543, 678678.5 2479527, 678656.9 2479512, 678634.6 2479499, 678611.6 2479486, 678588 2479475, 678563.8 2479465, 678539.1 2479456, 678514 2479449, 678488.5 2479443, 678462.8 2479438, 678436.9 2479434, 678410.8 2479432, 678384.6 2479432, 678358.4 2479432, 678332.3 2479434, 678306.4 2479438, 678280.6 2479443, 678255.2 2479449, 678230.1 2479456, 678205.4 2479465, 678181.2 2479475, 678157.6 2479486, 678134.6 2479499, 678112.3 2479512, 678090.7 2479527, 678069.9 2479543, 678050 2479560, 678031 2479578, 678013 2479597, 677996 2479617, 677980.1 2479638, 677965.3 2479659, 677951.6 2479682, 677939.1 2479705, 677927.8 2479728, 677917.8 2479752, 677909.1 2479777, 677901.6 2479802, 677895.5 2479828, 677890.7 2479853, 677887.3 2479879, 677885.3 2479906, 677884.6 2479932, 677885.3 2479958, 677887.3 2479984, 677890.7 2480010, 677895.5 2480036, 677901.6 2480061, 677909.1 2480086, 677917.8 2480111, 677927.8 2480135, 677939.1 2480159, 677951.6 2480182, 677965.3 2480204, 677980.1 2480226, 677996 2480246, 678013 2480266, 678031 2480285, 678050 2480303, 678069.9 2480320, 678090.7 2480336, 678112.3 2480351, 678134.6 2480365, 678157.6 2480377, 678181.2 2480388, 678205.4 2480398, 678230.1 2480407, 678255.2 2480415, 678280.6 2480421, 678306.4 2480426, 678332.3 2480429, 678358.4 2480431, 678384.6 2480432, 678410.8 2480431, 678436.9 2480429, 678462.8 2480426, 678488.5 2480421, 678514 2480415, 678539.1 2480407, 678563.8 2480398, 678588 2480388, 678611.6 2480377, 678634.6 2480365, 678656.9 2480351, 678678.5 2480336, 678699.3 2480320, 678719.2 2480303, 678738.1 2480285, 678756.2 2480266, 678773.2 2480246, 678789.1 2480226, 678803.9 2480204, 678817.6 2480182, 678830.1 2480159, 678841.4 2480135, 678851.4 2480111, 678860.1 2480086, 678867.6 2480061, 678873.7 2480036, 678878.4 2480010, 678881.9 2479984, 678883.9 2479958, 678884.6 2479932))"
22,20260531,Forest,7600.000000000001,154.64364176649318,2.9217037269025994,0,Dai,NA,NA,1,0,0,2578,250.90084834091599,387.048016596727,1232.9376220703125,2.7958285808563232,74.74113164649445,183645.8267211914,32257.078170776367,0.12625115587090857,1,84,0,0,42355.65605163574,0.23063772701973523,1,0,0.26318054298718885,0.9647465997830562,8.935903526274423,5.041123384587169,1.072166914246179,"POLYGON ((622739.3 2434774, 622738.6 2434748, 622736.5 2434722, 622733.1 2434696, 622728.3 2434671, 622722.2 2434645, 622714.8 2434620, 622706.1 2434595, 622696 2434571, 622684.8 2434547, 622672.3 2434524, 622658.6 2434502, 622643.8 2434481, 622627.8 2434460, 622610.8 2434440, 622592.8 2434421, 622573.8 2434403, 622553.9 2434386, 622533.2 2434370, 622511.6 2434355, 622489.3 2434341, 622466.3 2434329, 622442.6 2434318, 622418.5 2434308, 622393.8 2434299, 622368.7 2434292, 622343.2 2434285, 622317.5 2434281, 622291.5 2434277, 622265.4 2434275, 622239.3 2434274, 622213.1 2434275, 622187 2434277, 622161.1 2434281, 622135.3 2434285, 622109.9 2434292, 622084.8 2434299, 622060.1 2434308, 622035.9 2434318, 622012.3 2434329, 621989.3 2434341, 621967 2434355, 621945.4 2434370, 621924.6 2434386, 621904.7 2434403, 621885.7 2434421, 621867.7 2434440, 621850.7 2434460, 621834.8 2434481, 621819.9 2434502, 621806.3 2434524, 621793.8 2434547, 621782.5 2434571, 621772.5 2434595, 621763.7 2434620, 621756.3 2434645, 621750.2 2434671, 621745.4 2434696, 621742 2434722, 621740 2434748, 621739.3 2434774, 621740 2434801, 621742 2434827, 621745.4 2434853, 621750.2 2434878, 621756.3 2434904, 621763.7 2434929, 621772.5 2434954, 621782.5 2434978, 621793.8 2435001, 621806.3 2435024, 621819.9 2435047, 621834.8 2435068, 621850.7 2435089, 621867.7 2435109, 621885.7 2435128, 621904.7 2435146, 621924.6 2435163, 621945.4 2435179, 621967 2435194, 621989.3 2435207, 622012.3 2435220, 622035.9 2435231, 622060.1 2435241, 622084.8 2435250, 622109.9 2435257, 622135.3 2435264, 622161.1 2435268, 622187 2435272, 622213.1 2435274, 622239.3 2435274, 622265.4 2435274, 622291.5 2435272, 622317.5 2435268, 622343.2 2435264, 622368.7 2435257, 622393.8 2435250, 622418.5 2435241, 622442.6 2435231, 622466.3 2435220, 622489.3 2435207, 622511.6 2435194, 622533.2 2435179, 622553.9 2435163, 622573.8 2435146, 622592.8 2435128, 622610.8 2435109, 622627.8 2435089, 622643.8 2435068, 622658.6 2435047, 622672.3 2435024, 622684.8 2435001, 622696 2434978, 622706.1 2434954, 622714.8 2434929, 622722.2 2434904, 622728.3 2434878, 622733.1 2434853, 622736.5 2434827, 622738.6 2434801, 622739.3 2434774))"
22,20260531,Forest,8082.412914188615,48.483721067496745,1.5257279617072197,0,Dai,NA,NA,1,0,0,2597,118.56402956226415,1314.3522835194678,983.55120849609375,12.825565338134766,153.3411697442081,67838.90762329102,75672.55096435547,0.020873007959924722,1,32,66983.83483886719,0.9873955401939541,855.077451467514,0.01260452860201926,1,0,-0.893694014754473,0.4486769528202132,8.997445734928318,3.881228093508158,0.4224716481023428,"POLYGON ((696207.6 2440518, 696206.9 2440492, 696204.8 2440465, 696201.4 2440440, 696196.6 2440414, 696190.5 2440388, 696183.1 2440363, 696174.4 2440339, 696164.3 2440314, 696153.1 2440291, 696140.6 2440268, 696126.9 2440245, 696112.1 2440224, 696096.1 2440203, 696079.1 2440183, 696061.1 2440164, 696042.1 2440146, 696022.2 2440129, 696001.5 2440113, 695979.9 2440098, 695957.6 2440085, 695934.6 2440072, 695910.9 2440061, 695886.8 2440051, 695862.1 2440042, 695837 2440035, 695811.5 2440029, 695785.8 2440024, 695759.8 2440020, 695733.7 2440018, 695707.6 2440018, 695681.4 2440018, 695655.3 2440020, 695629.3 2440024, 695603.6 2440029, 695578.2 2440035, 695553.1 2440042, 695528.4 2440051, 695504.2 2440061, 695480.6 2440072, 695457.6 2440085, 695435.2 2440098, 695413.7 2440113, 695392.9 2440129, 695373 2440146, 695354 2440164, 695336 2440183, 695319 2440203, 695303.1 2440224, 695288.2 2440245, 695274.6 2440268, 695262.1 2440291, 695250.8 2440314, 695240.8 2440339, 695232 2440363, 695224.6 2440388, 695218.5 2440414, 695213.7 2440440, 695210.3 2440465, 695208.3 2440492, 695207.6 2440518, 695208.3 2440544, 695210.3 2440570, 695213.7 2440596, 695218.5 2440622, 695224.6 2440647, 695232 2440672, 695240.8 2440697, 695250.8 2440721, 695262.1 2440745, 695274.6 2440768, 695288.2 2440790, 695303.1 2440812, 695319 2440832, 695336 2440852, 695354 2440871, 695373 2440889, 695392.9 2440906, 695413.7 2440922, 695435.2 2440937, 695457.6 2440951, 695480.6 2440963, 695504.2 2440975, 695528.4 2440985, 695553.1 2440993, 695578.2 2441001, 695603.6 2441007, 695629.3 2441012, 695655.3 2441015, 695681.4 2441017, 695707.6 2441018, 695733.7 2441017, 695759.8 2441015, 695785.8 2441012, 695811.5 2441007, 695837 2441001, 695862.1 2440993, 695886.8 2440985, 695910.9 2440975, 695934.6 2440963, 695957.6 2440951, 695979.9 2440937, 696001.5 2440922, 696022.2 2440906, 696042.1 2440889, 696061.1 2440871, 696079.1 2440852, 696096.1 2440832, 696112.1 2440812, 696126.9 2440790, 696140.6 2440768, 696153.1 2440745, 696164.3 2440721, 696174.4 2440697, 696183.1 2440672, 696190.5 2440647, 696196.6 2440622, 696201.4 2440596, 696204.8 2440570, 696206.9 2440544, 696207.6 2440518))"
22,20260531,Forest,3276,13.328938169353023,1.439689756619417,0,Dai,NA,NA,1,0,0,2612,27.152593422230606,292.96836214791597,717.24951171875,16.71086311340332,133.5839662838293,96089.85214233398,0,0.38266007775854227,1,3,1853.1646013259888,0.019285747246035632,4961.239957809448,0.05163125811100808,1,0,-0.6894168636577145,0.7243648169978718,8.09437844497296,2.5899374738049867,0.3644276435838435,"POLYGON ((746281 2397147, 746280.3 2397120, 746278.3 2397094, 746274.8 2397068, 746270.1 2397043, 746264 2397017, 746256.5 2396992, 746247.8 2396967, 746237.8 2396943, 746226.5 2396920, 746214 2396897, 746200.3 2396874, 746185.5 2396853, 746169.6 2396832, 746152.6 2396812, 746134.6 2396793, 746115.6 2396775, 746095.7 2396758, 746074.9 2396742, 746053.3 2396727, 746031 2396714, 746008 2396701, 745984.4 2396690, 745960.2 2396680, 745935.5 2396671, 745910.4 2396664, 745885 2396658, 745859.2 2396653, 745833.3 2396649, 745807.2 2396647, 745781 2396647, 745754.8 2396647, 745728.7 2396649, 745702.8 2396653, 745677 2396658, 745651.6 2396664, 745626.5 2396671, 745601.8 2396680, 745577.6 2396690, 745554 2396701, 745531 2396714, 745508.7 2396727, 745487.1 2396742, 745466.3 2396758, 745446.4 2396775, 745427.4 2396793, 745409.4 2396812, 745392.4 2396832, 745376.5 2396853, 745361.7 2396874, 745348 2396897, 745335.5 2396920, 745324.2 2396943, 745314.2 2396967, 745305.5 2396992, 745298 2397017, 745291.9 2397043, 745287.2 2397068, 745283.7 2397094, 745281.7 2397120, 745281 2397147, 745281.7 2397173, 745283.7 2397199, 745287.2 2397225, 745291.9 2397251, 745298 2397276, 745305.5 2397301, 745314.2 2397326, 745324.2 2397350, 745335.5 2397374, 745348 2397397, 745361.7 2397419, 745376.5 2397441, 745392.4 2397461, 745409.4 2397481, 745427.4 2397500, 745446.4 2397518, 745466.3 2397535, 745487.1 2397551, 745508.7 2397566, 745531 2397580, 745554 2397592, 745577.6 2397603, 745601.8 2397613, 745626.5 2397622, 745651.6 2397630, 745677 2397636, 745702.8 2397640, 745728.7 2397644, 745754.8 2397646, 745781 2397647, 745807.2 2397646, 745833.3 2397644, 745859.2 2397640, 745885 2397636, 745910.4 2397630, 745935.5 2397622, 745960.2 2397613, 745984.4 2397603, 746008 2397592, 746031 2397580, 746053.3 2397566, 746074.9 2397551, 746095.7 2397535, 746115.6 2397518, 746134.6 2397500, 746152.6 2397481, 746169.6 2397461, 746185.5 2397441, 746200.3 2397419, 746214 2397397, 746226.5 2397374, 746237.8 2397350, 746247.8 2397326, 746256.5 2397301, 746264 2397276, 746270.1 2397251, 746274.8 2397225, 746278.3 2397199, 746280.3 2397173, 746281 2397147))"
22,20260531,Forest,6074.664429530201,13.119310196178745,1.7788079470198674,0,Dai,NA,NA,1,0,0,2616,175.1695227207039,1282.9539740309285,858.15777587890625,1.8856979608535767,146.81310551461684,121822.05047607422,40857.96203613281,0.4614142479767083,1,51,4500,0.03693912540803766,104956.14166259766,0.8615529064929914,1,0,-0.8368895381029224,0.5473718124034861,8.711882028745663,2.5740852056229833,0.5759434472742128,"POLYGON ((713292.5 2484346, 713291.8 2484320, 713289.8 2484294, 713286.4 2484268, 713281.6 2484242, 713275.5 2484217, 713268 2484191, 713259.3 2484167, 713249.3 2484143, 713238 2484119, 713225.5 2484096, 713211.9 2484074, 713197 2484052, 713181.1 2484031, 713164.1 2484011, 713146.1 2483992, 713127.1 2483974, 713107.2 2483957, 713086.4 2483941, 713064.8 2483927, 713042.5 2483913, 713019.5 2483900, 712995.9 2483889, 712971.7 2483879, 712947 2483870, 712921.9 2483863, 712896.5 2483857, 712870.7 2483852, 712844.8 2483849, 712818.7 2483847, 712792.5 2483846, 712766.4 2483847, 712740.3 2483849, 712714.3 2483852, 712688.6 2483857, 712663.1 2483863, 712638 2483870, 712613.3 2483879, 712589.2 2483889, 712565.5 2483900, 712542.5 2483913, 712520.2 2483927, 712498.6 2483941, 712477.9 2483957, 712458 2483974, 712439 2483992, 712420.9 2484011, 712403.9 2484031, 712388 2484052, 712373.2 2484074, 712359.5 2484096, 712347 2484119, 712335.7 2484143, 712325.7 2484167, 712317 2484191, 712309.6 2484217, 712303.4 2484242, 712298.7 2484268, 712295.3 2484294, 712293.2 2484320, 712292.5 2484346, 712293.2 2484372, 712295.3 2484398, 712298.7 2484424, 712303.4 2484450, 712309.6 2484475, 712317 2484500, 712325.7 2484525, 712335.7 2484549, 712347 2484573, 712359.5 2484596, 712373.2 2484618, 712388 2484640, 712403.9 2484661, 712420.9 2484681, 712439 2484699, 712458 2484718, 712477.9 2484735, 712498.6 2484750, 712520.2 2484765, 712542.5 2484779, 712565.5 2484791, 712589.2 2484803, 712613.3 2484813, 712638 2484821, 712663.1 2484829, 712688.6 2484835, 712714.3 2484840, 712740.3 2484843, 712766.4 2484845, 712792.5 2484846, 712818.7 2484845, 712844.8 2484843, 712870.7 2484840, 712896.5 2484835, 712921.9 2484829, 712947 2484821, 712971.7 2484813, 712995.9 2484803, 713019.5 2484791, 713042.5 2484779, 713064.8 2484765, 713086.4 2484750, 713107.2 2484735, 713127.1 2484718, 713146.1 2484699, 713164.1 2484681, 713181.1 2484661, 713197 2484640, 713211.9 2484618, 713225.5 2484596, 713238 2484573, 713249.3 2484549, 713259.3 2484525, 713268 2484500, 713275.5 2484475, 713281.6 2484450, 713286.4 2484424, 713289.8 2484398, 713291.8 2484372, 713292.5 2484346))"
22,20260531,Forest,4871,11.311868803688643,0.5554728220402085,0,Dai,NA,NA,1,0,0,2638,493.561052356432,656.7740236280692,712.204833984375,6.931648254394531,137.32666010313176,19969.946479797363,463185.1318359375,0.5846717470332943,1,62,10233.1955909729,0.5124297955092335,0,0,1,0,-0.735230067736028,0.677817635870354,8.491054533806542,2.425852511110355,-0.5879355963194767,"POLYGON ((762745 2377487, 762744.4 2377461, 762742.3 2377435, 762738.9 2377409, 762734.1 2377383, 762728 2377358, 762720.6 2377333, 762711.8 2377308, 762701.8 2377284, 762690.5 2377260, 762678.1 2377237, 762664.4 2377215, 762649.6 2377193, 762633.6 2377173, 762616.6 2377153, 762598.6 2377134, 762579.6 2377116, 762559.7 2377099, 762538.9 2377083, 762517.4 2377068, 762495 2377054, 762472 2377042, 762448.4 2377031, 762424.2 2377020, 762399.6 2377012, 762374.5 2377004, 762349 2376998, 762323.3 2376993, 762297.3 2376990, 762271.2 2376988, 762245 2376987, 762218.9 2376988, 762192.8 2376990, 762166.8 2376993, 762141.1 2376998, 762115.6 2377004, 762090.5 2377012, 762065.9 2377020, 762041.7 2377031, 762018 2377042, 761995 2377054, 761972.7 2377068, 761951.2 2377083, 761930.4 2377099, 761910.5 2377116, 761891.5 2377134, 761873.5 2377153, 761856.5 2377173, 761840.5 2377193, 761825.7 2377215, 761812 2377237, 761799.5 2377260, 761788.3 2377284, 761778.3 2377308, 761769.5 2377333, 761762.1 2377358, 761756 2377383, 761751.2 2377409, 761747.8 2377435, 761745.7 2377461, 761745 2377487, 761745.7 2377513, 761747.8 2377540, 761751.2 2377565, 761756 2377591, 761762.1 2377617, 761769.5 2377642, 761778.3 2377666, 761788.3 2377691, 761799.5 2377714, 761812 2377737, 761825.7 2377760, 761840.5 2377781, 761856.5 2377802, 761873.5 2377822, 761891.5 2377841, 761910.5 2377859, 761930.4 2377876, 761951.2 2377892, 761972.7 2377907, 761995 2377920, 762018 2377933, 762041.7 2377944, 762065.9 2377954, 762090.5 2377963, 762115.6 2377970, 762141.1 2377976, 762166.8 2377981, 762192.8 2377985, 762218.9 2377987, 762245 2377987, 762271.2 2377987, 762297.3 2377985, 762323.3 2377981, 762349 2377976, 762374.5 2377970, 762399.6 2377963, 762424.2 2377954, 762448.4 2377944, 762472 2377933, 762495 2377920, 762517.4 2377907, 762538.9 2377892, 762559.7 2377876, 762579.6 2377859, 762598.6 2377841, 762616.6 2377822, 762633.6 2377802, 762649.6 2377781, 762664.4 2377760, 762678.1 2377737, 762690.5 2377714, 762701.8 2377691, 762711.8 2377666, 762720.6 2377642, 762728 2377617, 762734.1 2377591, 762738.9 2377565, 762742.3 2377540, 762744.4 2377513, 762745 2377487))"
22,20260531,Forest,7781.739130434783,93.74461428755224,2.279844357976654,0,Dai,NA,NA,1,0,0,2732,417.19229408240847,604.9723150397904,1301.2513427734375,10.331077575683594,140.4715757092968,680262.8356933594,0,0.00888917209961457,1,19,0,0,84777.8823852539,0.12462518593837904,1,0,-0.771308931657723,0.6364609429847381,8.9595351308077,4.540574215600901,0.8241071765909261,"POLYGON ((635577.6 2434293, 635576.9 2434267, 635574.9 2434241, 635571.5 2434215, 635566.7 2434189, 635560.6 2434163, 635553.2 2434138, 635544.4 2434114, 635534.4 2434089, 635523.1 2434066, 635510.6 2434043, 635497 2434021, 635482.1 2433999, 635466.2 2433978, 635449.2 2433958, 635431.2 2433939, 635412.2 2433921, 635392.3 2433904, 635371.5 2433888, 635350 2433874, 635327.6 2433860, 635304.6 2433847, 635281 2433836, 635256.8 2433826, 635232.1 2433817, 635207 2433810, 635181.6 2433804, 635155.8 2433799, 635129.9 2433796, 635103.8 2433794, 635077.6 2433793, 635051.5 2433794, 635025.4 2433796, 634999.4 2433799, 634973.7 2433804, 634948.2 2433810, 634923.1 2433817, 634898.4 2433826, 634874.3 2433836, 634850.6 2433847, 634827.6 2433860, 634805.3 2433874, 634783.7 2433888, 634763 2433904, 634743.1 2433921, 634724.1 2433939, 634706.1 2433958, 634689.1 2433978, 634673.1 2433999, 634658.3 2434021, 634644.6 2434043, 634632.1 2434066, 634620.9 2434089, 634610.8 2434114, 634602.1 2434138, 634594.7 2434163, 634588.6 2434189, 634583.8 2434215, 634580.4 2434241, 634578.3 2434267, 634577.6 2434293, 634578.3 2434319, 634580.4 2434345, 634583.8 2434371, 634588.6 2434397, 634594.7 2434422, 634602.1 2434447, 634610.8 2434472, 634620.9 2434496, 634632.1 2434520, 634644.6 2434543, 634658.3 2434565, 634673.1 2434587, 634689.1 2434607, 634706.1 2434627, 634724.1 2434646, 634743.1 2434664, 634763 2434681, 634783.7 2434697, 634805.3 2434712, 634827.6 2434726, 634850.6 2434738, 634874.3 2434750, 634898.4 2434760, 634923.1 2434768, 634948.2 2434776, 634973.7 2434782, 634999.4 2434787, 635025.4 2434790, 635051.5 2434792, 635077.6 2434793, 635103.8 2434792, 635129.9 2434790, 635155.8 2434787, 635181.6 2434782, 635207 2434776, 635232.1 2434768, 635256.8 2434760, 635281 2434750, 635304.6 2434738, 635327.6 2434726, 635350 2434712, 635371.5 2434697, 635392.3 2434681, 635412.2 2434664, 635431.2 2434646, 635449.2 2434627, 635466.2 2434607, 635482.1 2434587, 635497 2434565, 635510.6 2434543, 635523.1 2434520, 635534.4 2434496, 635544.4 2434472, 635553.2 2434447, 635560.6 2434422, 635566.7 2434397, 635571.5 2434371, 635574.9 2434345, 635576.9 2434319, 635577.6 2434293))"
22,20260531,Forest,4841,40.475513715159785,0.8751300728407908,0,Dai,NA,NA,1,0,0,2809,595.1249917296329,813.7812083164333,628.69439697265625,8.879718780517578,68.11493410016388,40033.58573913574,13006.517314910889,0.3428656757443345,1,13,3021.1320877075195,0.07546493854918779,0,0,1,0,0.3727459301138787,0.927933441354249,8.484876589939695,3.7006971916427536,-0.13338274899734448,"POLYGON ((733616.4 2428529, 733615.8 2428503, 733613.7 2428477, 733610.3 2428451, 733605.5 2428425, 733599.4 2428400, 733592 2428375, 733583.2 2428350, 733573.2 2428326, 733562 2428302, 733549.5 2428279, 733535.8 2428257, 733521 2428235, 733505 2428215, 733488 2428195, 733470 2428176, 733451 2428158, 733431.1 2428141, 733410.3 2428125, 733388.8 2428110, 733366.4 2428096, 733343.4 2428084, 733319.8 2428073, 733295.6 2428063, 733271 2428054, 733245.9 2428046, 733220.4 2428040, 733194.7 2428035, 733168.7 2428032, 733142.6 2428030, 733116.4 2428029, 733090.3 2428030, 733064.2 2428032, 733038.2 2428035, 733012.5 2428040, 732987 2428046, 732961.9 2428054, 732937.3 2428063, 732913.1 2428073, 732889.5 2428084, 732866.4 2428096, 732844.1 2428110, 732822.6 2428125, 732801.8 2428141, 732781.9 2428158, 732762.9 2428176, 732744.9 2428195, 732727.9 2428215, 732711.9 2428235, 732697.1 2428257, 732683.4 2428279, 732670.9 2428302, 732659.7 2428326, 732649.7 2428350, 732640.9 2428375, 732633.5 2428400, 732627.4 2428425, 732622.6 2428451, 732619.2 2428477, 732617.1 2428503, 732616.4 2428529, 732617.1 2428555, 732619.2 2428582, 732622.6 2428608, 732627.4 2428633, 732633.5 2428659, 732640.9 2428684, 732649.7 2428709, 732659.7 2428733, 732670.9 2428756, 732683.4 2428779, 732697.1 2428802, 732711.9 2428823, 732727.9 2428844, 732744.9 2428864, 732762.9 2428883, 732781.9 2428901, 732801.8 2428918, 732822.6 2428934, 732844.1 2428949, 732866.4 2428962, 732889.5 2428975, 732913.1 2428986, 732937.3 2428996, 732961.9 2429005, 732987 2429012, 733012.5 2429018, 733038.2 2429023, 733064.2 2429027, 733090.3 2429029, 733116.4 2429029, 733142.6 2429029, 733168.7 2429027, 733194.7 2429023, 733220.4 2429018, 733245.9 2429012, 733271 2429005, 733295.6 2428996, 733319.8 2428986, 733343.4 2428975, 733366.4 2428962, 733388.8 2428949, 733410.3 2428934, 733431.1 2428918, 733451 2428901, 733470 2428883, 733488 2428864, 733505 2428844, 733521 2428823, 733535.8 2428802, 733549.5 2428779, 733562 2428756, 733573.2 2428733, 733583.2 2428709, 733592 2428684, 733599.4 2428659, 733605.5 2428633, 733610.3 2428608, 733613.7 2428582, 733615.8 2428555, 733616.4 2428529))"
22,20260531,Forest,7781.739130434783,93.74461428755224,2.279844357976654,0,Dai,NA,NA,1,0,0,2820,24.852480664270896,476.5078007183638,1190.5340576171875,3.3475265502929688,201.7873934564103,71579.93087768555,0,0.40015579666914564,1,12,0,0,22206.56032562256,0.3102344477472144,1,0,-0.928567514871,-0.3711635358252414,8.9595351308077,4.540574215600901,0.8241071765909261,"POLYGON ((631378.6 2432738, 631377.9 2432712, 631375.9 2432686, 631372.4 2432660, 631367.7 2432634, 631361.6 2432609, 631354.1 2432584, 631345.4 2432559, 631335.4 2432535, 631324.1 2432511, 631311.6 2432488, 631297.9 2432466, 631283.1 2432445, 631267.2 2432424, 631250.2 2432404, 631232.1 2432385, 631213.2 2432367, 631193.2 2432350, 631172.5 2432334, 631150.9 2432319, 631128.6 2432305, 631105.6 2432293, 631082 2432282, 631057.8 2432272, 631033.1 2432263, 631008 2432255, 630982.5 2432249, 630956.8 2432245, 630930.9 2432241, 630904.8 2432239, 630878.6 2432238, 630852.4 2432239, 630826.3 2432241, 630800.4 2432245, 630774.6 2432249, 630749.2 2432255, 630724.1 2432263, 630699.4 2432272, 630675.2 2432282, 630651.6 2432293, 630628.6 2432305, 630606.3 2432319, 630584.7 2432334, 630563.9 2432350, 630544 2432367, 630525 2432385, 630507 2432404, 630490 2432424, 630474.1 2432445, 630459.3 2432466, 630445.6 2432488, 630433.1 2432511, 630421.8 2432535, 630411.8 2432559, 630403.1 2432584, 630395.6 2432609, 630389.5 2432634, 630384.7 2432660, 630381.3 2432686, 630379.3 2432712, 630378.6 2432738, 630379.3 2432765, 630381.3 2432791, 630384.7 2432817, 630389.5 2432842, 630395.6 2432868, 630403.1 2432893, 630411.8 2432918, 630421.8 2432942, 630433.1 2432965, 630445.6 2432988, 630459.3 2433011, 630474.1 2433032, 630490 2433053, 630507 2433073, 630525 2433092, 630544 2433110, 630563.9 2433127, 630584.7 2433143, 630606.3 2433158, 630628.6 2433171, 630651.6 2433184, 630675.2 2433195, 630699.4 2433205, 630724.1 2433214, 630749.2 2433221, 630774.6 2433227, 630800.4 2433232, 630826.3 2433236, 630852.4 2433238, 630878.6 2433238, 630904.8 2433238, 630930.9 2433236, 630956.8 2433232, 630982.5 2433227, 631008 2433221, 631033.1 2433214, 631057.8 2433205, 631082 2433195, 631105.6 2433184, 631128.6 2433171, 631150.9 2433158, 631172.5 2433143, 631193.2 2433127, 631213.2 2433110, 631232.1 2433092, 631250.2 2433073, 631267.2 2433053, 631283.1 2433032, 631297.9 2433011, 631311.6 2432988, 631324.1 2432965, 631335.4 2432942, 631345.4 2432918, 631354.1 2432893, 631361.6 2432868, 631367.7 2432842, 631372.4 2432817, 631375.9 2432791, 631377.9 2432765, 631378.6 2432738))"
22,20260531,Forest,8188.0269814502535,88.83161082476238,1.7932636469221834,0,Dai,NA,NA,1,0,0,2883,207.2155095398725,253.03844310251887,958.055908203125,13.072235107421875,302.54436681471174,414830.86853027344,34287.612533569336,0.2032291945048389,1,89,1800,0.0043391177864302065,0,0,1,0,0.537952524827541,-0.8429751366628045,9.01042824201882,4.4867425644094086,0.5840372261569906,"POLYGON ((720223.3 2421709, 720222.6 2421683, 720220.5 2421657, 720217.1 2421631, 720212.3 2421605, 720206.2 2421580, 720198.8 2421555, 720190.1 2421530, 720180 2421506, 720168.8 2421482, 720156.3 2421459, 720142.6 2421437, 720127.8 2421415, 720111.8 2421395, 720094.8 2421375, 720076.8 2421356, 720057.8 2421338, 720037.9 2421321, 720017.2 2421305, 719995.6 2421290, 719973.3 2421276, 719950.3 2421264, 719926.6 2421253, 719902.4 2421242, 719877.8 2421234, 719852.7 2421226, 719827.2 2421220, 719801.5 2421215, 719775.5 2421212, 719749.4 2421210, 719723.3 2421209, 719697.1 2421210, 719671 2421212, 719645 2421215, 719619.3 2421220, 719593.9 2421226, 719568.8 2421234, 719544.1 2421242, 719519.9 2421253, 719496.3 2421264, 719473.3 2421276, 719450.9 2421290, 719429.4 2421305, 719408.6 2421321, 719388.7 2421338, 719369.7 2421356, 719351.7 2421375, 719334.7 2421395, 719318.8 2421415, 719303.9 2421437, 719290.2 2421459, 719277.8 2421482, 719266.5 2421506, 719256.5 2421530, 719247.7 2421555, 719240.3 2421580, 719234.2 2421605, 719229.4 2421631, 719226 2421657, 719223.9 2421683, 719223.3 2421709, 719223.9 2421735, 719226 2421762, 719229.4 2421788, 719234.2 2421813, 719240.3 2421839, 719247.7 2421864, 719256.5 2421888, 719266.5 2421913, 719277.8 2421936, 719290.2 2421959, 719303.9 2421982, 719318.8 2422003, 719334.7 2422024, 719351.7 2422044, 719369.7 2422063, 719388.7 2422081, 719408.6 2422098, 719429.4 2422114, 719450.9 2422129, 719473.3 2422142, 719496.3 2422155, 719519.9 2422166, 719544.1 2422176, 719568.8 2422185, 719593.9 2422192, 719619.3 2422198, 719645 2422203, 719671 2422207, 719697.1 2422209, 719723.3 2422209, 719749.4 2422209, 719775.5 2422207, 719801.5 2422203, 719827.2 2422198, 719852.7 2422192, 719877.8 2422185, 719902.4 2422176, 719926.6 2422166, 719950.3 2422155, 719973.3 2422142, 719995.6 2422129, 720017.2 2422114, 720037.9 2422098, 720057.8 2422081, 720076.8 2422063, 720094.8 2422044, 720111.8 2422024, 720127.8 2422003, 720142.6 2421982, 720156.3 2421959, 720168.8 2421936, 720180 2421913, 720190.1 2421888, 720198.8 2421864, 720206.2 2421839, 720212.3 2421813, 720217.1 2421788, 720220.5 2421762, 720222.6 2421735, 720223.3 2421709))"
22,20260531,Forest,7826.956521739131,214.29487428046653,4.8661487899611595,0,Dai,NA,NA,1,0,0,2921,83.19006678154774,208.67587980452356,1201.2183837890625,4.831426620483398,156.05136714486395,140880.322265625,36824.81231689453,0.32201527991200707,1,14,0,0,29383.73794555664,0.20857233624263447,1,0,-0.9139097403552526,0.4059174626494833,8.965329018881926,5.367352983763554,1.5823028213622343,"POLYGON ((637465.9 2429221, 637465.3 2429195, 637463.2 2429169, 637459.8 2429143, 637455 2429117, 637448.9 2429092, 637441.5 2429067, 637432.7 2429042, 637422.7 2429018, 637411.4 2428994, 637399 2428971, 637385.3 2428949, 637370.4 2428927, 637354.5 2428906, 637337.5 2428887, 637319.5 2428868, 637300.5 2428850, 637280.6 2428833, 637259.8 2428817, 637238.3 2428802, 637215.9 2428788, 637192.9 2428776, 637169.3 2428764, 637145.1 2428754, 637120.4 2428746, 637095.3 2428738, 637069.9 2428732, 637044.2 2428727, 637018.2 2428724, 636992.1 2428722, 636965.9 2428721, 636939.8 2428722, 636913.7 2428724, 636887.7 2428727, 636862 2428732, 636836.5 2428738, 636811.4 2428746, 636786.8 2428754, 636762.6 2428764, 636738.9 2428776, 636715.9 2428788, 636693.6 2428802, 636672 2428817, 636651.3 2428833, 636631.4 2428850, 636612.4 2428868, 636594.4 2428887, 636577.4 2428906, 636561.4 2428927, 636546.6 2428949, 636532.9 2428971, 636520.4 2428994, 636509.2 2429018, 636499.1 2429042, 636490.4 2429067, 636483 2429092, 636476.9 2429117, 636472.1 2429143, 636468.7 2429169, 636466.6 2429195, 636465.9 2429221, 636466.6 2429247, 636468.7 2429273, 636472.1 2429299, 636476.9 2429325, 636483 2429351, 636490.4 2429376, 636499.1 2429400, 636509.2 2429425, 636520.4 2429448, 636532.9 2429471, 636546.6 2429493, 636561.4 2429515, 636577.4 2429536, 636594.4 2429556, 636612.4 2429575, 636631.4 2429593, 636651.3 2429610, 636672 2429626, 636693.6 2429640, 636715.9 2429654, 636738.9 2429667, 636762.6 2429678, 636786.8 2429688, 636811.4 2429697, 636836.5 2429704, 636862 2429710, 636887.7 2429715, 636913.7 2429718, 636939.8 2429720, 636965.9 2429721, 636992.1 2429720, 637018.2 2429718, 637044.2 2429715, 637069.9 2429710, 637095.3 2429704, 637120.4 2429697, 637145.1 2429688, 637169.3 2429678, 637192.9 2429667, 637215.9 2429654, 637238.3 2429640, 637259.8 2429626, 637280.6 2429610, 637300.5 2429593, 637319.5 2429575, 637337.5 2429556, 637354.5 2429536, 637370.4 2429515, 637385.3 2429493, 637399 2429471, 637411.4 2429448, 637422.7 2429425, 637432.7 2429400, 637441.5 2429376, 637448.9 2429351, 637455 2429325, 637459.8 2429299, 637463.2 2429273, 637465.3 2429247, 637465.9 2429221))"
22,20260531,Forest,12077.571669477235,47.050868206321354,1.8036923076923077,0,Dai,NA,NA,1,0,0,3103,34.7593857558903,1430.8247714792456,560.1756591796875,9.209067344665527,261.39412278859896,11700,153469.66552734375,0.6488370792266898,1,61,11700,1,0,0,1,0,-0.14963676601339823,-0.9887410370046605,9.39910543054279,3.851229318705374,0.5898358459470546,"POLYGON ((698418.4 2420059, 698417.7 2420033, 698415.6 2420007, 698412.2 2419981, 698407.4 2419955, 698401.3 2419930, 698393.9 2419905, 698385.1 2419880, 698375.1 2419856, 698363.9 2419832, 698351.4 2419809, 698337.7 2419787, 698322.9 2419765, 698306.9 2419745, 698289.9 2419725, 698271.9 2419706, 698252.9 2419688, 698233 2419671, 698212.2 2419655, 698190.7 2419640, 698168.4 2419626, 698145.3 2419614, 698121.7 2419603, 698097.5 2419593, 698072.9 2419584, 698047.8 2419576, 698022.3 2419570, 697996.6 2419565, 697970.6 2419562, 697944.5 2419560, 697918.4 2419559, 697892.2 2419560, 697866.1 2419562, 697840.1 2419565, 697814.4 2419570, 697788.9 2419576, 697763.8 2419584, 697739.2 2419593, 697715 2419603, 697691.4 2419614, 697668.4 2419626, 697646 2419640, 697624.5 2419655, 697603.7 2419671, 697583.8 2419688, 697564.8 2419706, 697546.8 2419725, 697529.8 2419745, 697513.8 2419765, 697499 2419787, 697485.3 2419809, 697472.8 2419832, 697461.6 2419856, 697451.6 2419880, 697442.8 2419905, 697435.4 2419930, 697429.3 2419955, 697424.5 2419981, 697421.1 2420007, 697419 2420033, 697418.4 2420059, 697419 2420085, 697421.1 2420112, 697424.5 2420138, 697429.3 2420163, 697435.4 2420189, 697442.8 2420214, 697451.6 2420239, 697461.6 2420263, 697472.8 2420286, 697485.3 2420309, 697499 2420332, 697513.8 2420353, 697529.8 2420374, 697546.8 2420394, 697564.8 2420413, 697583.8 2420431, 697603.7 2420448, 697624.5 2420464, 697646 2420479, 697668.4 2420492, 697691.4 2420505, 697715 2420516, 697739.2 2420526, 697763.8 2420535, 697788.9 2420542, 697814.4 2420548, 697840.1 2420553, 697866.1 2420557, 697892.2 2420559, 697918.4 2420559, 697944.5 2420559, 697970.6 2420557, 697996.6 2420553, 698022.3 2420548, 698047.8 2420542, 698072.9 2420535, 698097.5 2420526, 698121.7 2420516, 698145.3 2420505, 698168.4 2420492, 698190.7 2420479, 698212.2 2420464, 698233 2420448, 698252.9 2420431, 698271.9 2420413, 698289.9 2420394, 698306.9 2420374, 698322.9 2420353, 698337.7 2420332, 698351.4 2420309, 698363.9 2420286, 698375.1 2420263, 698385.1 2420239, 698393.9 2420214, 698401.3 2420189, 698407.4 2420163, 698412.2 2420138, 698415.6 2420112, 698417.7 2420085, 698418.4 2420059))"
22,20260531,Forest,8082.412914188615,48.483721067496745,1.5257279617072197,0,Dai,NA,NA,1,0,0,3180,415.3253074159721,1008.0728382328039,894.1048583984375,10.106566429138184,267.1579335429898,25001.40323638916,2060.5188846588135,0.11994256154784344,1,40,18701.40323638916,0.7480141438289173,0,0,1,0,-0.04958307821125745,-0.9987700027309072,8.997445734928318,3.881228093508158,0.4224716481023428,"POLYGON ((700787.4 2443836, 700786.7 2443810, 700784.7 2443784, 700781.2 2443758, 700776.5 2443732, 700770.4 2443706, 700762.9 2443681, 700754.2 2443657, 700744.2 2443632, 700732.9 2443609, 700720.4 2443586, 700706.7 2443564, 700691.9 2443542, 700676 2443521, 700659 2443501, 700641 2443482, 700622 2443464, 700602.1 2443447, 700581.3 2443431, 700559.7 2443417, 700537.4 2443403, 700514.4 2443390, 700490.8 2443379, 700466.6 2443369, 700441.9 2443360, 700416.8 2443353, 700391.4 2443347, 700365.6 2443342, 700339.7 2443339, 700313.6 2443337, 700287.4 2443336, 700261.2 2443337, 700235.1 2443339, 700209.2 2443342, 700183.4 2443347, 700158 2443353, 700132.9 2443360, 700108.2 2443369, 700084 2443379, 700060.4 2443390, 700037.4 2443403, 700015.1 2443417, 699993.5 2443431, 699972.7 2443447, 699952.8 2443464, 699933.8 2443482, 699915.8 2443501, 699898.8 2443521, 699882.9 2443542, 699868.1 2443564, 699854.4 2443586, 699841.9 2443609, 699830.6 2443632, 699820.6 2443657, 699811.9 2443681, 699804.4 2443706, 699798.3 2443732, 699793.6 2443758, 699790.1 2443784, 699788.1 2443810, 699787.4 2443836, 699788.1 2443862, 699790.1 2443888, 699793.6 2443914, 699798.3 2443940, 699804.4 2443965, 699811.9 2443990, 699820.6 2444015, 699830.6 2444039, 699841.9 2444063, 699854.4 2444086, 699868.1 2444108, 699882.9 2444130, 699898.8 2444151, 699915.8 2444170, 699933.8 2444189, 699952.8 2444207, 699972.7 2444224, 699993.5 2444240, 700015.1 2444255, 700037.4 2444269, 700060.4 2444281, 700084 2444293, 700108.2 2444303, 700132.9 2444311, 700158 2444319, 700183.4 2444325, 700209.2 2444330, 700235.1 2444333, 700261.2 2444335, 700287.4 2444336, 700313.6 2444335, 700339.7 2444333, 700365.6 2444330, 700391.4 2444325, 700416.8 2444319, 700441.9 2444311, 700466.6 2444303, 700490.8 2444293, 700514.4 2444281, 700537.4 2444269, 700559.7 2444255, 700581.3 2444240, 700602.1 2444224, 700622 2444207, 700641 2444189, 700659 2444170, 700676 2444151, 700691.9 2444130, 700706.7 2444108, 700720.4 2444086, 700732.9 2444063, 700744.2 2444039, 700754.2 2444015, 700762.9 2443990, 700770.4 2443965, 700776.5 2443940, 700781.2 2443914, 700784.7 2443888, 700786.7 2443862, 700787.4 2443836))"
22,20260531,Forest,4871,11.311868803688643,0.5554728220402085,0,Dai,NA,NA,1,0,0,3277,118.80323093725072,848.749418532919,712.88494873046875,7.31248140335083,151.0210079937558,15345.110893249512,665529.4006347656,0.6698435457218922,1,16,15339.998817443848,0.9996668596374945,0.804325332865119,5.2415739349198894e-5,1,0,-0.8747974079899496,0.48448890077489454,8.491054533806542,2.425852511110355,-0.5879355963194767,"POLYGON ((762842.5 2378106, 762841.9 2378079, 762839.8 2378053, 762836.4 2378027, 762831.6 2378002, 762825.5 2377976, 762818.1 2377951, 762809.3 2377926, 762799.3 2377902, 762788.1 2377879, 762775.6 2377856, 762761.9 2377833, 762747.1 2377812, 762731.1 2377791, 762714.1 2377771, 762696.1 2377752, 762677.1 2377734, 762657.2 2377717, 762636.4 2377701, 762614.9 2377686, 762592.5 2377673, 762569.5 2377660, 762545.9 2377649, 762521.7 2377639, 762497.1 2377630, 762472 2377623, 762446.5 2377616, 762420.8 2377612, 762394.8 2377608, 762368.7 2377606, 762342.5 2377606, 762316.4 2377606, 762290.3 2377608, 762264.3 2377612, 762238.6 2377616, 762213.1 2377623, 762188 2377630, 762163.4 2377639, 762139.2 2377649, 762115.6 2377660, 762092.5 2377673, 762070.2 2377686, 762048.7 2377701, 762027.9 2377717, 762008 2377734, 761989 2377752, 761971 2377771, 761954 2377791, 761938 2377812, 761923.2 2377833, 761909.5 2377856, 761897 2377879, 761885.8 2377902, 761875.8 2377926, 761867 2377951, 761859.6 2377976, 761853.5 2378002, 761848.7 2378027, 761845.3 2378053, 761843.2 2378079, 761842.5 2378106, 761843.2 2378132, 761845.3 2378158, 761848.7 2378184, 761853.5 2378209, 761859.6 2378235, 761867 2378260, 761875.8 2378285, 761885.8 2378309, 761897 2378333, 761909.5 2378356, 761923.2 2378378, 761938 2378399, 761954 2378420, 761971 2378440, 761989 2378459, 762008 2378477, 762027.9 2378494, 762048.7 2378510, 762070.2 2378525, 762092.5 2378539, 762115.6 2378551, 762139.2 2378562, 762163.4 2378572, 762188 2378581, 762213.1 2378589, 762238.6 2378595, 762264.3 2378599, 762290.3 2378603, 762316.4 2378605, 762342.5 2378606, 762368.7 2378605, 762394.8 2378603, 762420.8 2378599, 762446.5 2378595, 762472 2378589, 762497.1 2378581, 762521.7 2378572, 762545.9 2378562, 762569.5 2378551, 762592.5 2378539, 762614.9 2378525, 762636.4 2378510, 762657.2 2378494, 762677.1 2378477, 762696.1 2378459, 762714.1 2378440, 762731.1 2378420, 762747.1 2378399, 762761.9 2378378, 762775.6 2378356, 762788.1 2378333, 762799.3 2378309, 762809.3 2378285, 762818.1 2378260, 762825.5 2378235, 762831.6 2378209, 762836.4 2378184, 762839.8 2378158, 762841.9 2378132, 762842.5 2378106))"
22,20260531,Forest,4468,96.47661604022574,2.467409608717187,0,Dai,NA,NA,1,0,0,3282,808.9148156908994,897.9332617503055,669.44512939453125,11.17198657989502,28.73794284910931,31110.589599609375,20446.207237243652,0.10197808120707419,1,25,31110.589599609375,1,0,0,1,0,0.8768279541190421,0.48080426253873304,8.404696160189092,4.5693006581538285,0.9031688589157757,"POLYGON ((739221.5 2363308, 739220.9 2363282, 739218.8 2363256, 739215.4 2363230, 739210.6 2363204, 739204.5 2363179, 739197.1 2363154, 739188.3 2363129, 739178.3 2363105, 739167 2363081, 739154.6 2363058, 739140.9 2363036, 739126 2363014, 739110.1 2362994, 739093.1 2362974, 739075.1 2362955, 739056.1 2362937, 739036.2 2362920, 739015.4 2362904, 738993.9 2362889, 738971.5 2362875, 738948.5 2362863, 738924.9 2362852, 738900.7 2362842, 738876 2362833, 738850.9 2362825, 738825.5 2362819, 738799.8 2362814, 738773.8 2362811, 738747.7 2362809, 738721.5 2362808, 738695.4 2362809, 738669.3 2362811, 738643.3 2362814, 738617.6 2362819, 738592.1 2362825, 738567 2362833, 738542.4 2362842, 738518.2 2362852, 738494.5 2362863, 738471.5 2362875, 738449.2 2362889, 738427.6 2362904, 738406.9 2362920, 738387 2362937, 738368 2362955, 738350 2362974, 738333 2362994, 738317 2363014, 738302.2 2363036, 738288.5 2363058, 738276 2363081, 738264.8 2363105, 738254.7 2363129, 738246 2363154, 738238.6 2363179, 738232.5 2363204, 738227.7 2363230, 738224.3 2363256, 738222.2 2363282, 738221.5 2363308, 738222.2 2363334, 738224.3 2363361, 738227.7 2363387, 738232.5 2363412, 738238.6 2363438, 738246 2363463, 738254.7 2363487, 738264.8 2363512, 738276 2363535, 738288.5 2363558, 738302.2 2363581, 738317 2363602, 738333 2363623, 738350 2363643, 738368 2363662, 738387 2363680, 738406.9 2363697, 738427.6 2363713, 738449.2 2363728, 738471.5 2363741, 738494.5 2363754, 738518.2 2363765, 738542.4 2363775, 738567 2363784, 738592.1 2363791, 738617.6 2363797, 738643.3 2363802, 738669.3 2363806, 738695.4 2363808, 738721.5 2363808, 738747.7 2363808, 738773.8 2363806, 738799.8 2363802, 738825.5 2363797, 738850.9 2363791, 738876 2363784, 738900.7 2363775, 738924.9 2363765, 738948.5 2363754, 738971.5 2363741, 738993.9 2363728, 739015.4 2363713, 739036.2 2363697, 739056.1 2363680, 739075.1 2363662, 739093.1 2363643, 739110.1 2363623, 739126 2363602, 739140.9 2363581, 739154.6 2363558, 739167 2363535, 739178.3 2363512, 739188.3 2363487, 739197.1 2363463, 739204.5 2363438, 739210.6 2363412, 739215.4 2363387, 739218.8 2363361, 739220.9 2363334, 739221.5 2363308))"
22,20260531,Forest,6109.060402684564,16.49307014828121,2.182649842271293,0,Dai,NA,NA,1,0,0,3433,617.9720930074146,861.8518971603232,989.84210205078125,14.476417541503906,193.19037223546195,729512.6770019531,3937.300443649292,0.01892987785932951,1,75,0,0,0,0,1,0,-0.9736172603382925,-0.22818727039727157,8.717528260092221,2.802940301672347,0.7805396626274846,"POLYGON ((720098.3 2475493, 720097.6 2475466, 720095.6 2475440, 720092.2 2475414, 720087.4 2475389, 720081.3 2475363, 720073.8 2475338, 720065.1 2475313, 720055.1 2475289, 720043.8 2475266, 720031.3 2475243, 720017.7 2475220, 720002.8 2475199, 719986.9 2475178, 719969.9 2475158, 719951.9 2475139, 719932.9 2475121, 719913 2475104, 719892.2 2475088, 719870.6 2475073, 719848.3 2475060, 719825.3 2475047, 719801.7 2475036, 719777.5 2475026, 719752.8 2475017, 719727.7 2475010, 719702.3 2475004, 719676.5 2474999, 719650.6 2474995, 719624.5 2474993, 719598.3 2474993, 719572.2 2474993, 719546.1 2474995, 719520.1 2474999, 719494.4 2475004, 719468.9 2475010, 719443.8 2475017, 719419.1 2475026, 719395 2475036, 719371.3 2475047, 719348.3 2475060, 719326 2475073, 719304.4 2475088, 719283.7 2475104, 719263.8 2475121, 719244.8 2475139, 719226.7 2475158, 719209.7 2475178, 719193.8 2475199, 719179 2475220, 719165.3 2475243, 719152.8 2475266, 719141.5 2475289, 719131.5 2475313, 719122.8 2475338, 719115.4 2475363, 719109.2 2475389, 719104.5 2475414, 719101.1 2475440, 719099 2475466, 719098.3 2475493, 719099 2475519, 719101.1 2475545, 719104.5 2475571, 719109.2 2475597, 719115.4 2475622, 719122.8 2475647, 719131.5 2475672, 719141.5 2475696, 719152.8 2475720, 719165.3 2475743, 719179 2475765, 719193.8 2475787, 719209.7 2475807, 719226.7 2475827, 719244.8 2475846, 719263.8 2475864, 719283.7 2475881, 719304.4 2475897, 719326 2475912, 719348.3 2475926, 719371.3 2475938, 719395 2475949, 719419.1 2475959, 719443.8 2475968, 719468.9 2475976, 719494.4 2475982, 719520.1 2475986, 719546.1 2475990, 719572.2 2475992, 719598.3 2475993, 719624.5 2475992, 719650.6 2475990, 719676.5 2475986, 719702.3 2475982, 719727.7 2475976, 719752.8 2475968, 719777.5 2475959, 719801.7 2475949, 719825.3 2475938, 719848.3 2475926, 719870.6 2475912, 719892.2 2475897, 719913 2475881, 719932.9 2475864, 719951.9 2475846, 719969.9 2475827, 719986.9 2475807, 720002.8 2475787, 720017.7 2475765, 720031.3 2475743, 720043.8 2475720, 720055.1 2475696, 720065.1 2475672, 720073.8 2475647, 720081.3 2475622, 720087.4 2475597, 720092.2 2475571, 720095.6 2475545, 720097.6 2475519, 720098.3 2475493))"
22,20260531,Forest,8082.412914188615,48.483721067496745,1.5257279617072197,0,Dai,NA,NA,1,0,0,3452,62.85045749724871,1883.7707256226472,896.16766357421875,8.792095184326172,199.09969703469147,139492.02117919922,3651.3181686401367,0.04952167973790528,1,69,129090.86608886719,0.9254354836756568,10401.1568069458,0.07456452863052214,1,0,-0.944950642388198,-0.3272129023283341,8.997445734928318,3.881228093508158,0.4224716481023428,"POLYGON ((700331.5 2441366, 700330.8 2441340, 700328.7 2441314, 700325.3 2441288, 700320.5 2441262, 700314.4 2441237, 700307 2441212, 700298.2 2441187, 700288.2 2441163, 700277 2441139, 700264.5 2441116, 700250.8 2441094, 700236 2441072, 700220 2441052, 700203 2441032, 700185 2441013, 700166 2440995, 700146.1 2440978, 700125.3 2440962, 700103.8 2440947, 700081.5 2440933, 700058.4 2440921, 700034.8 2440909, 700010.6 2440899, 699986 2440891, 699960.9 2440883, 699935.4 2440877, 699909.7 2440872, 699883.7 2440869, 699857.6 2440867, 699831.5 2440866, 699805.3 2440867, 699779.2 2440869, 699753.2 2440872, 699727.5 2440877, 699702 2440883, 699676.9 2440891, 699652.3 2440899, 699628.1 2440909, 699604.5 2440921, 699581.5 2440933, 699559.1 2440947, 699537.6 2440962, 699516.8 2440978, 699496.9 2440995, 699477.9 2441013, 699459.9 2441032, 699442.9 2441052, 699426.9 2441072, 699412.1 2441094, 699398.4 2441116, 699385.9 2441139, 699374.7 2441163, 699364.7 2441187, 699355.9 2441212, 699348.5 2441237, 699342.4 2441262, 699337.6 2441288, 699334.2 2441314, 699332.1 2441340, 699331.5 2441366, 699332.1 2441392, 699334.2 2441418, 699337.6 2441444, 699342.4 2441470, 699348.5 2441496, 699355.9 2441521, 699364.7 2441545, 699374.7 2441570, 699385.9 2441593, 699398.4 2441616, 699412.1 2441639, 699426.9 2441660, 699442.9 2441681, 699459.9 2441701, 699477.9 2441720, 699496.9 2441738, 699516.8 2441755, 699537.6 2441771, 699559.1 2441786, 699581.5 2441799, 699604.5 2441812, 699628.1 2441823, 699652.3 2441833, 699676.9 2441842, 699702 2441849, 699727.5 2441855, 699753.2 2441860, 699779.2 2441863, 699805.3 2441866, 699831.5 2441866, 699857.6 2441866, 699883.7 2441863, 699909.7 2441860, 699935.4 2441855, 699960.9 2441849, 699986 2441842, 700010.6 2441833, 700034.8 2441823, 700058.4 2441812, 700081.5 2441799, 700103.8 2441786, 700125.3 2441771, 700146.1 2441755, 700166 2441738, 700185 2441720, 700203 2441701, 700220 2441681, 700236 2441660, 700250.8 2441639, 700264.5 2441616, 700277 2441593, 700288.2 2441570, 700298.2 2441545, 700307 2441521, 700314.4 2441496, 700320.5 2441470, 700325.3 2441444, 700328.7 2441418, 700330.8 2441392, 700331.5 2441366))"
22,20260531,Forest,5152.0093185789165,31.010082017237615,3.867597133157299,0,Dai,NA,NA,1,0,0,3552,548.3343473384435,1350.3381234598335,974.87982177734375,7.256258487701416,189.91152526666949,785039.3371582031,0,0.04887591287812294,1,95,0,0,193224.10583496094,0.2461330237723131,1,0,-0.9850747220242878,-0.17212725533387244,8.547142076512934,3.4343123779730202,1.3526334183810655,"POLYGON ((679603.4 2487106, 679602.7 2487080, 679600.6 2487054, 679597.2 2487028, 679592.5 2487002, 679586.3 2486977, 679578.9 2486952, 679570.2 2486927, 679560.2 2486903, 679548.9 2486879, 679536.4 2486856, 679522.7 2486834, 679507.9 2486812, 679492 2486791, 679475 2486772, 679456.9 2486753, 679437.9 2486735, 679418 2486718, 679397.3 2486702, 679375.7 2486687, 679353.4 2486673, 679330.4 2486661, 679306.8 2486649, 679282.6 2486639, 679257.9 2486631, 679232.8 2486623, 679207.3 2486617, 679181.6 2486612, 679155.6 2486609, 679129.6 2486607, 679103.4 2486606, 679077.2 2486607, 679051.1 2486609, 679025.2 2486612, 678999.4 2486617, 678974 2486623, 678948.9 2486631, 678924.2 2486639, 678900 2486649, 678876.4 2486661, 678853.4 2486673, 678831.1 2486687, 678809.5 2486702, 678788.7 2486718, 678768.8 2486735, 678749.8 2486753, 678731.8 2486772, 678714.8 2486791, 678698.9 2486812, 678684 2486834, 678670.4 2486856, 678657.9 2486879, 678646.6 2486903, 678636.6 2486927, 678627.9 2486952, 678620.4 2486977, 678614.3 2487002, 678609.5 2487028, 678606.1 2487054, 678604.1 2487080, 678603.4 2487106, 678604.1 2487132, 678606.1 2487158, 678609.5 2487184, 678614.3 2487210, 678620.4 2487236, 678627.9 2487261, 678636.6 2487285, 678646.6 2487309, 678657.9 2487333, 678670.4 2487356, 678684 2487378, 678698.9 2487400, 678714.8 2487421, 678731.8 2487441, 678749.8 2487460, 678768.8 2487478, 678788.7 2487495, 678809.5 2487511, 678831.1 2487525, 678853.4 2487539, 678876.4 2487552, 678900 2487563, 678924.2 2487573, 678948.9 2487582, 678974 2487589, 678999.4 2487595, 679025.2 2487600, 679051.1 2487603, 679077.2 2487605, 679103.4 2487606, 679129.6 2487605, 679155.6 2487603, 679181.6 2487600, 679207.3 2487595, 679232.8 2487589, 679257.9 2487582, 679282.6 2487573, 679306.8 2487563, 679330.4 2487552, 679353.4 2487539, 679375.7 2487525, 679397.3 2487511, 679418 2487495, 679437.9 2487478, 679456.9 2487460, 679475 2487441, 679492 2487421, 679507.9 2487400, 679522.7 2487378, 679536.4 2487356, 679548.9 2487333, 679560.2 2487309, 679570.2 2487285, 679578.9 2487261, 679586.3 2487236, 679592.5 2487210, 679597.2 2487184, 679600.6 2487158, 679602.7 2487132, 679603.4 2487106))"
22,20260531,Forest,5300,11.357870574345577,3.2247191011235956,0,Dai,NA,NA,1,0,0,3775,779.2405014495239,731.0748431040306,790.2291259765625,7.35094690322876,240.65798459213605,1271.8985795974731,0,0.3824145767156393,1,47,619.5335268974304,0.4870934969465086,0,0,1,0,-0.49002181479109447,-0.8717101703139882,8.575462099540212,2.4299109462807524,1.1708458460274813,"POLYGON ((736802 2362962, 736801.3 2362936, 736799.3 2362910, 736795.9 2362884, 736791.1 2362858, 736785 2362833, 736777.6 2362808, 736768.8 2362783, 736758.8 2362759, 736747.5 2362735, 736735 2362712, 736721.4 2362690, 736706.5 2362668, 736690.6 2362648, 736673.6 2362628, 736655.6 2362609, 736636.6 2362591, 736616.7 2362574, 736595.9 2362558, 736574.3 2362543, 736552 2362529, 736529 2362517, 736505.4 2362505, 736481.2 2362495, 736456.5 2362487, 736431.4 2362479, 736406 2362473, 736380.2 2362468, 736354.3 2362465, 736328.2 2362463, 736302 2362462, 736275.9 2362463, 736249.8 2362465, 736223.8 2362468, 736198.1 2362473, 736172.6 2362479, 736147.5 2362487, 736122.8 2362495, 736098.7 2362505, 736075 2362517, 736052 2362529, 736029.7 2362543, 736008.1 2362558, 735987.4 2362574, 735967.5 2362591, 735948.5 2362609, 735930.5 2362628, 735913.5 2362648, 735897.5 2362668, 735882.7 2362690, 735869 2362712, 735856.5 2362735, 735845.3 2362759, 735835.2 2362783, 735826.5 2362808, 735819.1 2362833, 735813 2362858, 735808.2 2362884, 735804.8 2362910, 735802.7 2362936, 735802 2362962, 735802.7 2362988, 735804.8 2363015, 735808.2 2363040, 735813 2363066, 735819.1 2363092, 735826.5 2363117, 735835.2 2363141, 735845.3 2363166, 735856.5 2363189, 735869 2363212, 735882.7 2363235, 735897.5 2363256, 735913.5 2363277, 735930.5 2363297, 735948.5 2363316, 735967.5 2363334, 735987.4 2363351, 736008.1 2363367, 736029.7 2363382, 736052 2363395, 736075 2363408, 736098.7 2363419, 736122.8 2363429, 736147.5 2363438, 736172.6 2363445, 736198.1 2363451, 736223.8 2363456, 736249.8 2363460, 736275.9 2363462, 736302 2363462, 736328.2 2363462, 736354.3 2363460, 736380.2 2363456, 736406 2363451, 736431.4 2363445, 736456.5 2363438, 736481.2 2363429, 736505.4 2363419, 736529 2363408, 736552 2363395, 736574.3 2363382, 736595.9 2363367, 736616.7 2363351, 736636.6 2363334, 736655.6 2363316, 736673.6 2363297, 736690.6 2363277, 736706.5 2363256, 736721.4 2363235, 736735 2363212, 736747.5 2363189, 736758.8 2363166, 736768.8 2363141, 736777.6 2363117, 736785 2363092, 736791.1 2363066, 736795.9 2363040, 736799.3 2363015, 736801.3 2362988, 736802 2362962))"
22,20260531,Forest,4841,40.475513715159785,0.8751300728407908,0,Dai,NA,NA,1,0,0,3810,509.38373818105487,756.6246219823702,623.5262451171875,8.960394859313965,166.55299847893605,13851.85604095459,19514.455032348633,0.6284987636341286,1,76,1949.6106147766113,0.14074724780652972,0,0,1,0,-0.9725854408611452,0.23254582392494577,8.484876589939695,3.7006971916427536,-0.13338274899734448,"POLYGON ((733690.4 2428458, 733689.7 2428431, 733687.7 2428405, 733684.3 2428379, 733679.5 2428354, 733673.4 2428328, 733666 2428303, 733657.2 2428278, 733647.2 2428254, 733635.9 2428231, 733623.4 2428208, 733609.8 2428185, 733594.9 2428164, 733579 2428143, 733562 2428123, 733544 2428104, 733525 2428086, 733505.1 2428069, 733484.3 2428053, 733462.7 2428038, 733440.4 2428025, 733417.4 2428012, 733393.8 2428001, 733369.6 2427991, 733344.9 2427982, 733319.8 2427975, 733294.4 2427969, 733268.6 2427964, 733242.7 2427960, 733216.6 2427958, 733190.4 2427958, 733164.3 2427958, 733138.2 2427960, 733112.2 2427964, 733086.5 2427969, 733061 2427975, 733035.9 2427982, 733011.2 2427991, 732987.1 2428001, 732963.4 2428012, 732940.4 2428025, 732918.1 2428038, 732896.5 2428053, 732875.8 2428069, 732855.9 2428086, 732836.9 2428104, 732818.9 2428123, 732801.9 2428143, 732785.9 2428164, 732771.1 2428185, 732757.4 2428208, 732744.9 2428231, 732733.7 2428254, 732723.6 2428278, 732714.9 2428303, 732707.5 2428328, 732701.4 2428354, 732696.6 2428379, 732693.2 2428405, 732691.1 2428431, 732690.4 2428458, 732691.1 2428484, 732693.2 2428510, 732696.6 2428536, 732701.4 2428562, 732707.5 2428587, 732714.9 2428612, 732723.6 2428637, 732733.7 2428661, 732744.9 2428685, 732757.4 2428708, 732771.1 2428730, 732785.9 2428751, 732801.9 2428772, 732818.9 2428792, 732836.9 2428811, 732855.9 2428829, 732875.8 2428846, 732896.5 2428862, 732918.1 2428877, 732940.4 2428891, 732963.4 2428903, 732987.1 2428914, 733011.2 2428924, 733035.9 2428933, 733061 2428941, 733086.5 2428947, 733112.2 2428951, 733138.2 2428955, 733164.3 2428957, 733190.4 2428958, 733216.6 2428957, 733242.7 2428955, 733268.6 2428951, 733294.4 2428947, 733319.8 2428941, 733344.9 2428933, 733369.6 2428924, 733393.8 2428914, 733417.4 2428903, 733440.4 2428891, 733462.7 2428877, 733484.3 2428862, 733505.1 2428846, 733525 2428829, 733544 2428811, 733562 2428792, 733579 2428772, 733594.9 2428751, 733609.8 2428730, 733623.4 2428708, 733635.9 2428685, 733647.2 2428661, 733657.2 2428637, 733666 2428612, 733673.4 2428587, 733679.5 2428562, 733684.3 2428536, 733687.7 2428510, 733689.7 2428484, 733690.4 2428458))"
22,20260531,Forest,12077.571669477235,47.050868206321354,1.8036923076923077,0,Dai,NA,NA,1,0,0,3827,165.73732301319006,155.44052885327298,571.9635009765625,14.806093215942383,244.97671197809728,9666.112232208252,55090.956115722656,0.8619379147063349,1,71,900,0.09310878855731973,0,0,1,0,-0.4229865980309349,-0.9061359378626456,9.39910543054279,3.851229318705374,0.5898358459470546,"POLYGON ((696048.6 2426220, 696047.9 2426194, 696045.8 2426167, 696042.4 2426141, 696037.6 2426116, 696031.5 2426090, 696024.1 2426065, 696015.4 2426041, 696005.3 2426016, 695994.1 2425993, 695981.6 2425970, 695967.9 2425947, 695953.1 2425926, 695937.1 2425905, 695920.1 2425885, 695902.1 2425866, 695883.1 2425848, 695863.2 2425831, 695842.5 2425815, 695820.9 2425800, 695798.6 2425787, 695775.6 2425774, 695751.9 2425763, 695727.7 2425753, 695703.1 2425744, 695678 2425737, 695652.5 2425731, 695626.8 2425726, 695600.8 2425722, 695574.7 2425720, 695548.6 2425720, 695522.4 2425720, 695496.3 2425722, 695470.3 2425726, 695444.6 2425731, 695419.2 2425737, 695394.1 2425744, 695369.4 2425753, 695345.2 2425763, 695321.6 2425774, 695298.6 2425787, 695276.2 2425800, 695254.7 2425815, 695233.9 2425831, 695214 2425848, 695195 2425866, 695177 2425885, 695160 2425905, 695144.1 2425926, 695129.2 2425947, 695115.6 2425970, 695103.1 2425993, 695091.8 2426016, 695081.8 2426041, 695073 2426065, 695065.6 2426090, 695059.5 2426116, 695054.7 2426141, 695051.3 2426167, 695049.2 2426194, 695048.6 2426220, 695049.2 2426246, 695051.3 2426272, 695054.7 2426298, 695059.5 2426324, 695065.6 2426349, 695073 2426374, 695081.8 2426399, 695091.8 2426423, 695103.1 2426447, 695115.6 2426470, 695129.2 2426492, 695144.1 2426514, 695160 2426534, 695177 2426554, 695195 2426573, 695214 2426591, 695233.9 2426608, 695254.7 2426624, 695276.2 2426639, 695298.6 2426653, 695321.6 2426665, 695345.2 2426676, 695369.4 2426686, 695394.1 2426695, 695419.2 2426703, 695444.6 2426709, 695470.3 2426714, 695496.3 2426717, 695522.4 2426719, 695548.6 2426720, 695574.7 2426719, 695600.8 2426717, 695626.8 2426714, 695652.5 2426709, 695678 2426703, 695703.1 2426695, 695727.7 2426686, 695751.9 2426676, 695775.6 2426665, 695798.6 2426653, 695820.9 2426639, 695842.5 2426624, 695863.2 2426608, 695883.1 2426591, 695902.1 2426573, 695920.1 2426554, 695937.1 2426534, 695953.1 2426514, 695967.9 2426492, 695981.6 2426470, 695994.1 2426447, 696005.3 2426423, 696015.4 2426399, 696024.1 2426374, 696031.5 2426349, 696037.6 2426324, 696042.4 2426298, 696045.8 2426272, 696047.9 2426246, 696048.6 2426220))"
22,20260531,Forest,5300,11.357870574345577,3.2247191011235956,0,Dai,NA,NA,1,0,0,3830,529.3638501903354,878.0799063428924,742.389404296875,13.728317260742188,280.13756254976056,4500,130501.18103027344,0.1408091361079919,1,88,4500,1,0,0,1,0,0.17601211896548905,-0.9843879997121453,8.575462099540212,2.4299109462807524,1.1708458460274813,"POLYGON ((736392.7 2359001, 736392 2358975, 736390 2358949, 736386.6 2358923, 736381.8 2358897, 736375.7 2358872, 736368.2 2358847, 736359.5 2358822, 736349.5 2358798, 736338.2 2358774, 736325.7 2358751, 736312 2358729, 736297.2 2358707, 736281.3 2358687, 736264.3 2358667, 736246.3 2358648, 736227.3 2358630, 736207.4 2358613, 736186.6 2358597, 736165 2358582, 736142.7 2358568, 736119.7 2358556, 736096.1 2358544, 736071.9 2358534, 736047.2 2358526, 736022.1 2358518, 735996.7 2358512, 735970.9 2358507, 735945 2358504, 735918.9 2358502, 735892.7 2358501, 735866.5 2358502, 735840.4 2358504, 735814.5 2358507, 735788.8 2358512, 735763.3 2358518, 735738.2 2358526, 735713.5 2358534, 735689.3 2358544, 735665.7 2358556, 735642.7 2358568, 735620.4 2358582, 735598.8 2358597, 735578 2358613, 735558.1 2358630, 735539.2 2358648, 735521.1 2358667, 735504.1 2358687, 735488.2 2358707, 735473.4 2358729, 735459.7 2358751, 735447.2 2358774, 735435.9 2358798, 735425.9 2358822, 735417.2 2358847, 735409.7 2358872, 735403.6 2358897, 735398.9 2358923, 735395.4 2358949, 735393.4 2358975, 735392.7 2359001, 735393.4 2359027, 735395.4 2359053, 735398.9 2359079, 735403.6 2359105, 735409.7 2359131, 735417.2 2359156, 735425.9 2359180, 735435.9 2359205, 735447.2 2359228, 735459.7 2359251, 735473.4 2359273, 735488.2 2359295, 735504.1 2359316, 735521.1 2359336, 735539.2 2359355, 735558.1 2359373, 735578 2359390, 735598.8 2359406, 735620.4 2359421, 735642.7 2359434, 735665.7 2359447, 735689.3 2359458, 735713.5 2359468, 735738.2 2359477, 735763.3 2359484, 735788.8 2359490, 735814.5 2359495, 735840.4 2359498, 735866.5 2359500, 735892.7 2359501, 735918.9 2359500, 735945 2359498, 735970.9 2359495, 735996.7 2359490, 736022.1 2359484, 736047.2 2359477, 736071.9 2359468, 736096.1 2359458, 736119.7 2359447, 736142.7 2359434, 736165 2359421, 736186.6 2359406, 736207.4 2359390, 736227.3 2359373, 736246.3 2359355, 736264.3 2359336, 736281.3 2359316, 736297.2 2359295, 736312 2359273, 736325.7 2359251, 736338.2 2359228, 736349.5 2359205, 736359.5 2359180, 736368.2 2359156, 736375.7 2359131, 736381.8 2359105, 736386.6 2359079, 736390 2359053, 736392 2359027, 736392.7 2359001))"
22,20260531,Forest,7781.739130434783,93.74461428755224,2.279844357976654,0,Dai,NA,NA,1,0,0,3943,587.0304002250957,732.5896384920748,1187.609375,0.707064688205719,67.38532776797742,13049.138259887695,0,0.07118959114647341,1,65,0,0,10809.173583984375,0.8283438621545728,1,0,0.3845317245821087,0.9231117769749823,8.9595351308077,4.540574215600901,0.8241071765909261,"POLYGON ((630251.7 2435764, 630251 2435737, 630248.9 2435711, 630245.5 2435685, 630240.7 2435660, 630234.6 2435634, 630227.2 2435609, 630218.4 2435584, 630208.4 2435560, 630197.2 2435537, 630184.7 2435514, 630171 2435491, 630156.2 2435470, 630140.2 2435449, 630123.2 2435429, 630105.2 2435410, 630086.2 2435392, 630066.3 2435375, 630045.6 2435359, 630024 2435344, 630001.7 2435331, 629978.7 2435318, 629955 2435307, 629930.8 2435297, 629906.2 2435288, 629881.1 2435281, 629855.6 2435275, 629829.9 2435270, 629803.9 2435266, 629777.8 2435264, 629751.7 2435264, 629725.5 2435264, 629699.4 2435266, 629673.4 2435270, 629647.7 2435275, 629622.2 2435281, 629597.1 2435288, 629572.5 2435297, 629548.3 2435307, 629524.7 2435318, 629501.7 2435331, 629479.3 2435344, 629457.8 2435359, 629437 2435375, 629417.1 2435392, 629398.1 2435410, 629380.1 2435429, 629363.1 2435449, 629347.1 2435470, 629332.3 2435491, 629318.6 2435514, 629306.2 2435537, 629294.9 2435560, 629284.9 2435584, 629276.1 2435609, 629268.7 2435634, 629262.6 2435660, 629257.8 2435685, 629254.4 2435711, 629252.3 2435737, 629251.7 2435764, 629252.3 2435790, 629254.4 2435816, 629257.8 2435842, 629262.6 2435868, 629268.7 2435893, 629276.1 2435918, 629284.9 2435943, 629294.9 2435967, 629306.2 2435991, 629318.6 2436014, 629332.3 2436036, 629347.1 2436057, 629363.1 2436078, 629380.1 2436098, 629398.1 2436117, 629417.1 2436135, 629437 2436152, 629457.8 2436168, 629479.3 2436183, 629501.7 2436197, 629524.7 2436209, 629548.3 2436220, 629572.5 2436230, 629597.1 2436239, 629622.2 2436247, 629647.7 2436253, 629673.4 2436257, 629699.4 2436261, 629725.5 2436263, 629751.7 2436264, 629777.8 2436263, 629803.9 2436261, 629829.9 2436257, 629855.6 2436253, 629881.1 2436247, 629906.2 2436239, 629930.8 2436230, 629955 2436220, 629978.7 2436209, 630001.7 2436197, 630024 2436183, 630045.6 2436168, 630066.3 2436152, 630086.2 2436135, 630105.2 2436117, 630123.2 2436098, 630140.2 2436078, 630156.2 2436057, 630171 2436036, 630184.7 2436014, 630197.2 2435991, 630208.4 2435967, 630218.4 2435943, 630227.2 2435918, 630234.6 2435893, 630240.7 2435868, 630245.5 2435842, 630248.9 2435816, 630251 2435790, 630251.7 2435764))"
22,20260531,Forest,6109.060402684564,16.49307014828121,2.182649842271293,0,Dai,NA,NA,1,0,0,4033,659.1184014682472,813.1147140410977,893.9390869140625,6.597234725952148,230.7431396392164,94094.78988647461,19489.546966552734,0.2675699301689947,1,21,89594.78988647461,0.9521758855572211,4500,0.04782411444277894,1,0,-0.6327980466142998,-0.7743168809997147,8.717528260092221,2.802940301672347,0.7805396626274846,"POLYGON ((716977.9 2482574, 716977.2 2482548, 716975.2 2482522, 716971.8 2482496, 716967 2482470, 716960.9 2482445, 716953.4 2482420, 716944.7 2482395, 716934.7 2482371, 716923.4 2482347, 716910.9 2482324, 716897.3 2482302, 716882.4 2482281, 716866.5 2482260, 716849.5 2482240, 716831.5 2482221, 716812.5 2482203, 716792.6 2482186, 716771.8 2482170, 716750.2 2482155, 716727.9 2482141, 716704.9 2482129, 716681.3 2482118, 716657.1 2482108, 716632.4 2482099, 716607.3 2482091, 716581.9 2482085, 716556.1 2482081, 716530.2 2482077, 716504.1 2482075, 716477.9 2482074, 716451.7 2482075, 716425.7 2482077, 716399.7 2482081, 716374 2482085, 716348.5 2482091, 716323.4 2482099, 716298.7 2482108, 716274.5 2482118, 716250.9 2482129, 716227.9 2482141, 716205.6 2482155, 716184 2482170, 716163.3 2482186, 716143.4 2482203, 716124.4 2482221, 716106.3 2482240, 716089.3 2482260, 716073.4 2482281, 716058.6 2482302, 716044.9 2482324, 716032.4 2482347, 716021.1 2482371, 716011.1 2482395, 716002.4 2482420, 715995 2482445, 715988.8 2482470, 715984.1 2482496, 715980.7 2482522, 715978.6 2482548, 715977.9 2482574, 715978.6 2482601, 715980.7 2482627, 715984.1 2482653, 715988.8 2482678, 715995 2482704, 716002.4 2482729, 716011.1 2482754, 716021.1 2482778, 716032.4 2482801, 716044.9 2482824, 716058.6 2482847, 716073.4 2482868, 716089.3 2482889, 716106.3 2482909, 716124.4 2482928, 716143.4 2482946, 716163.3 2482963, 716184 2482979, 716205.6 2482994, 716227.9 2483007, 716250.9 2483020, 716274.5 2483031, 716298.7 2483041, 716323.4 2483050, 716348.5 2483057, 716374 2483064, 716399.7 2483068, 716425.7 2483072, 716451.7 2483074, 716477.9 2483074, 716504.1 2483074, 716530.2 2483072, 716556.1 2483068, 716581.9 2483064, 716607.3 2483057, 716632.4 2483050, 716657.1 2483041, 716681.3 2483031, 716704.9 2483020, 716727.9 2483007, 716750.2 2482994, 716771.8 2482979, 716792.6 2482963, 716812.5 2482946, 716831.5 2482928, 716849.5 2482909, 716866.5 2482889, 716882.4 2482868, 716897.3 2482847, 716910.9 2482824, 716923.4 2482801, 716934.7 2482778, 716944.7 2482754, 716953.4 2482729, 716960.9 2482704, 716967 2482678, 716971.8 2482653, 716975.2 2482627, 716977.2 2482601, 716977.9 2482574))"
22,20260531,Forest,10265.598650927488,108.6023937661198,1.2810296769962288,0,Dai,NA,NA,1,0,0,4119,200.69788013231505,1072.1867508256598,580.63983154296875,6.052067279815674,332.22317964515975,35756.69746398926,111464.14031982422,0.7554948941955087,1,5,35756.69746398926,1,0,0,1,0,0.8847695847254419,-0.46602873510629056,9.236553647375256,4.687693449302214,0.24766418970028795,"POLYGON ((707611.1 2422123, 707610.4 2422097, 707608.4 2422070, 707604.9 2422045, 707600.2 2422019, 707594.1 2421993, 707586.6 2421968, 707577.9 2421944, 707567.9 2421919, 707556.6 2421896, 707544.1 2421873, 707530.4 2421850, 707515.6 2421829, 707499.7 2421808, 707482.7 2421788, 707464.6 2421769, 707445.7 2421751, 707425.8 2421734, 707405 2421718, 707383.4 2421703, 707361.1 2421690, 707338.1 2421677, 707314.5 2421666, 707290.3 2421656, 707265.6 2421647, 707240.5 2421640, 707215 2421634, 707189.3 2421629, 707163.4 2421625, 707137.3 2421623, 707111.1 2421623, 707084.9 2421623, 707058.8 2421625, 707032.9 2421629, 707007.1 2421634, 706981.7 2421640, 706956.6 2421647, 706931.9 2421656, 706907.7 2421666, 706884.1 2421677, 706861.1 2421690, 706838.8 2421703, 706817.2 2421718, 706796.4 2421734, 706776.5 2421751, 706757.5 2421769, 706739.5 2421788, 706722.5 2421808, 706706.6 2421829, 706691.8 2421850, 706678.1 2421873, 706665.6 2421896, 706654.3 2421919, 706644.3 2421944, 706635.6 2421968, 706628.1 2421993, 706622 2422019, 706617.2 2422045, 706613.8 2422070, 706611.8 2422097, 706611.1 2422123, 706611.8 2422149, 706613.8 2422175, 706617.2 2422201, 706622 2422227, 706628.1 2422252, 706635.6 2422277, 706644.3 2422302, 706654.3 2422326, 706665.6 2422350, 706678.1 2422373, 706691.8 2422395, 706706.6 2422417, 706722.5 2422437, 706739.5 2422457, 706757.5 2422476, 706776.5 2422494, 706796.4 2422511, 706817.2 2422527, 706838.8 2422542, 706861.1 2422556, 706884.1 2422568, 706907.7 2422580, 706931.9 2422590, 706956.6 2422598, 706981.7 2422606, 707007.1 2422612, 707032.9 2422617, 707058.8 2422620, 707084.9 2422622, 707111.1 2422623, 707137.3 2422622, 707163.4 2422620, 707189.3 2422617, 707215 2422612, 707240.5 2422606, 707265.6 2422598, 707290.3 2422590, 707314.5 2422580, 707338.1 2422568, 707361.1 2422556, 707383.4 2422542, 707405 2422527, 707425.8 2422511, 707445.7 2422494, 707464.6 2422476, 707482.7 2422457, 707499.7 2422437, 707515.6 2422417, 707530.4 2422395, 707544.1 2422373, 707556.6 2422350, 707567.9 2422326, 707577.9 2422302, 707586.6 2422277, 707594.1 2422252, 707600.2 2422227, 707604.9 2422201, 707608.4 2422175, 707610.4 2422149, 707611.1 2422123))"
22,20260531,Forest,10265.598650927488,108.6023937661198,1.2810296769962288,0,Dai,NA,NA,1,0,0,4243,208.96314179791636,1134.1409562719887,585.92095947265625,6.940399169921875,327.45450705452555,13412.256145477295,100186.37924194336,0.678178019161935,1,6,13412.256145477295,1,0,0,1,0,0.8429645632100772,-0.537969093138299,9.236553647375256,4.687693449302214,0.24766418970028795,"POLYGON ((707728.4 2422095, 707727.8 2422069, 707725.7 2422043, 707722.3 2422017, 707717.5 2421991, 707711.4 2421966, 707704 2421941, 707695.2 2421916, 707685.2 2421892, 707673.9 2421868, 707661.5 2421845, 707647.8 2421823, 707633 2421801, 707617 2421781, 707600 2421761, 707582 2421742, 707563 2421724, 707543.1 2421707, 707522.3 2421691, 707500.8 2421676, 707478.4 2421662, 707455.4 2421650, 707431.8 2421639, 707407.6 2421629, 707383 2421620, 707357.9 2421612, 707332.4 2421606, 707306.7 2421601, 707280.7 2421598, 707254.6 2421596, 707228.4 2421595, 707202.3 2421596, 707176.2 2421598, 707150.2 2421601, 707124.5 2421606, 707099 2421612, 707073.9 2421620, 707049.3 2421629, 707025.1 2421639, 707001.4 2421650, 706978.4 2421662, 706956.1 2421676, 706934.6 2421691, 706913.8 2421707, 706893.9 2421724, 706874.9 2421742, 706856.9 2421761, 706839.9 2421781, 706823.9 2421801, 706809.1 2421823, 706795.4 2421845, 706782.9 2421868, 706771.7 2421892, 706761.7 2421916, 706752.9 2421941, 706745.5 2421966, 706739.4 2421991, 706734.6 2422017, 706731.2 2422043, 706729.1 2422069, 706728.4 2422095, 706729.1 2422121, 706731.2 2422148, 706734.6 2422174, 706739.4 2422199, 706745.5 2422225, 706752.9 2422250, 706761.7 2422274, 706771.7 2422299, 706782.9 2422322, 706795.4 2422345, 706809.1 2422368, 706823.9 2422389, 706839.9 2422410, 706856.9 2422430, 706874.9 2422449, 706893.9 2422467, 706913.8 2422484, 706934.6 2422500, 706956.1 2422515, 706978.4 2422528, 707001.4 2422541, 707025.1 2422552, 707049.3 2422562, 707073.9 2422571, 707099 2422578, 707124.5 2422584, 707150.2 2422589, 707176.2 2422593, 707202.3 2422595, 707228.4 2422595, 707254.6 2422595, 707280.7 2422593, 707306.7 2422589, 707332.4 2422584, 707357.9 2422578, 707383 2422571, 707407.6 2422562, 707431.8 2422552, 707455.4 2422541, 707478.4 2422528, 707500.8 2422515, 707522.3 2422500, 707543.1 2422484, 707563 2422467, 707582 2422449, 707600 2422430, 707617 2422410, 707633 2422389, 707647.8 2422368, 707661.5 2422345, 707673.9 2422322, 707685.2 2422299, 707695.2 2422274, 707704 2422250, 707711.4 2422225, 707717.5 2422199, 707722.3 2422174, 707725.7 2422148, 707727.8 2422121, 707728.4 2422095))"
22,20260531,Forest,3582.2736762193963,128.48206221372232,0.9385007278020379,0,Dai,NA,NA,1,0,0,4250,64.05211723139651,958.5010983210357,835.31842041015625,12.701969146728516,162.38919552487883,584542.96875,16288.153266906738,0.16042379729939898,1,92,573179.26025390625,0.980559669513442,0,0,1,0,-0.9531336318471136,0.30254963203073115,8.183752982890077,4.855789300923641,-0.06347164746089516,"POLYGON ((667438.2 2386692, 667437.5 2386666, 667435.4 2386640, 667432 2386614, 667427.3 2386588, 667421.1 2386562, 667413.7 2386537, 667405 2386513, 667395 2386489, 667383.7 2386465, 667371.2 2386442, 667357.5 2386420, 667342.7 2386398, 667326.8 2386377, 667309.8 2386357, 667291.7 2386338, 667272.8 2386320, 667252.8 2386303, 667232.1 2386287, 667210.5 2386273, 667188.2 2386259, 667165.2 2386246, 667141.6 2386235, 667117.4 2386225, 667092.7 2386216, 667067.6 2386209, 667042.1 2386203, 667016.4 2386198, 666990.5 2386195, 666964.4 2386193, 666938.2 2386192, 666912 2386193, 666885.9 2386195, 666860 2386198, 666834.2 2386203, 666808.8 2386209, 666783.7 2386216, 666759 2386225, 666734.8 2386235, 666711.2 2386246, 666688.2 2386259, 666665.9 2386273, 666644.3 2386287, 666623.5 2386303, 666603.6 2386320, 666584.6 2386338, 666566.6 2386357, 666549.6 2386377, 666533.7 2386398, 666518.9 2386420, 666505.2 2386442, 666492.7 2386465, 666481.4 2386489, 666471.4 2386513, 666462.7 2386537, 666455.2 2386562, 666449.1 2386588, 666444.3 2386614, 666440.9 2386640, 666438.9 2386666, 666438.2 2386692, 666438.9 2386718, 666440.9 2386744, 666444.3 2386770, 666449.1 2386796, 666455.2 2386821, 666462.7 2386846, 666471.4 2386871, 666481.4 2386895, 666492.7 2386919, 666505.2 2386942, 666518.9 2386964, 666533.7 2386986, 666549.6 2387007, 666566.6 2387026, 666584.6 2387045, 666603.6 2387063, 666623.5 2387080, 666644.3 2387096, 666665.9 2387111, 666688.2 2387125, 666711.2 2387137, 666734.8 2387149, 666759 2387159, 666783.7 2387167, 666808.8 2387175, 666834.2 2387181, 666860 2387186, 666885.9 2387189, 666912 2387191, 666938.2 2387192, 666964.4 2387191, 666990.5 2387189, 667016.4 2387186, 667042.1 2387181, 667067.6 2387175, 667092.7 2387167, 667117.4 2387159, 667141.6 2387149, 667165.2 2387137, 667188.2 2387125, 667210.5 2387111, 667232.1 2387096, 667252.8 2387080, 667272.8 2387063, 667291.7 2387045, 667309.8 2387026, 667326.8 2387007, 667342.7 2386986, 667357.5 2386964, 667371.2 2386942, 667383.7 2386919, 667395 2386895, 667405 2386871, 667413.7 2386846, 667421.1 2386821, 667427.3 2386796, 667432 2386770, 667435.4 2386744, 667437.5 2386718, 667438.2 2386692))"
22,20260531,Forest,4895.615866388309,145.06059227472352,0.8104849279161206,0,Dai,NA,NA,1,0,0,4474,596.7907596147027,866.0385931860808,759.97705078125,8.756440162658691,241.5470616889518,2700,33300,0.3644780874934194,1,15,2700,1,0,0,1,0,-0.47643675532782315,-0.8792087455051252,8.496095362451602,4.977151532890694,-0.21012253401124478,"POLYGON ((672147.5 2398995, 672146.8 2398969, 672144.8 2398943, 672141.4 2398917, 672136.6 2398891, 672130.5 2398866, 672123 2398841, 672114.3 2398816, 672104.3 2398792, 672093 2398768, 672080.5 2398745, 672066.8 2398723, 672052 2398701, 672036.1 2398681, 672019.1 2398661, 672001.1 2398642, 671982.1 2398624, 671962.2 2398607, 671941.4 2398591, 671919.8 2398576, 671897.5 2398562, 671874.5 2398550, 671850.9 2398539, 671826.7 2398529, 671802 2398520, 671776.9 2398512, 671751.5 2398506, 671725.7 2398502, 671699.8 2398498, 671673.7 2398496, 671647.5 2398495, 671621.3 2398496, 671595.2 2398498, 671569.3 2398502, 671543.6 2398506, 671518.1 2398512, 671493 2398520, 671468.3 2398529, 671444.1 2398539, 671420.5 2398550, 671397.5 2398562, 671375.2 2398576, 671353.6 2398591, 671332.8 2398607, 671312.9 2398624, 671294 2398642, 671275.9 2398661, 671258.9 2398681, 671243 2398701, 671228.2 2398723, 671214.5 2398745, 671202 2398768, 671190.7 2398792, 671180.7 2398816, 671172 2398841, 671164.5 2398866, 671158.4 2398891, 671153.7 2398917, 671150.2 2398943, 671148.2 2398969, 671147.5 2398995, 671148.2 2399022, 671150.2 2399048, 671153.7 2399074, 671158.4 2399099, 671164.5 2399125, 671172 2399150, 671180.7 2399175, 671190.7 2399199, 671202 2399222, 671214.5 2399245, 671228.2 2399268, 671243 2399289, 671258.9 2399310, 671275.9 2399330, 671294 2399349, 671312.9 2399367, 671332.8 2399384, 671353.6 2399400, 671375.2 2399415, 671397.5 2399428, 671420.5 2399441, 671444.1 2399452, 671468.3 2399462, 671493 2399471, 671518.1 2399478, 671543.6 2399484, 671569.3 2399489, 671595.2 2399493, 671621.3 2399495, 671647.5 2399495, 671673.7 2399495, 671699.8 2399493, 671725.7 2399489, 671751.5 2399484, 671776.9 2399478, 671802 2399471, 671826.7 2399462, 671850.9 2399452, 671874.5 2399441, 671897.5 2399428, 671919.8 2399415, 671941.4 2399400, 671962.2 2399384, 671982.1 2399367, 672001.1 2399349, 672019.1 2399330, 672036.1 2399310, 672052 2399289, 672066.8 2399268, 672080.5 2399245, 672093 2399222, 672104.3 2399199, 672114.3 2399175, 672123 2399150, 672130.5 2399125, 672136.6 2399099, 672141.4 2399074, 672144.8 2399048, 672146.8 2399022, 672147.5 2398995))"
22,20260531,Forest,7124.137931034484,51.67247087351391,2.2232954545454544,0,Dai,NA,NA,1,0,0,4513,253.21911416057537,313.2931680540256,1263.3687744140625,9.21963882446289,357.9530194543886,785039.3371582031,0,0.0298546538053678,1,100,0,0,0,0,1,0,0.9993618746826602,-0.035718950583113314,8.871244005681202,3.944925161428895,0.798990534178215,"POLYGON ((643012.2 2455700, 643011.5 2455674, 643009.5 2455648, 643006 2455622, 643001.3 2455596, 642995.2 2455571, 642987.7 2455545, 642979 2455521, 642969 2455497, 642957.7 2455473, 642945.2 2455450, 642931.5 2455428, 642916.7 2455406, 642900.8 2455385, 642883.8 2455365, 642865.8 2455346, 642846.8 2455328, 642826.9 2455311, 642806.1 2455295, 642784.5 2455281, 642762.2 2455267, 642739.2 2455254, 642715.6 2455243, 642691.4 2455233, 642666.7 2455224, 642641.6 2455217, 642616.2 2455211, 642590.4 2455206, 642564.5 2455203, 642538.4 2455201, 642512.2 2455200, 642486 2455201, 642459.9 2455203, 642434 2455206, 642408.2 2455211, 642382.8 2455217, 642357.7 2455224, 642333 2455233, 642308.8 2455243, 642285.2 2455254, 642262.2 2455267, 642239.9 2455281, 642218.3 2455295, 642197.5 2455311, 642177.6 2455328, 642158.6 2455346, 642140.6 2455365, 642123.6 2455385, 642107.7 2455406, 642092.9 2455428, 642079.2 2455450, 642066.7 2455473, 642055.4 2455497, 642045.4 2455521, 642036.7 2455545, 642029.2 2455571, 642023.1 2455596, 642018.4 2455622, 642014.9 2455648, 642012.9 2455674, 642012.2 2455700, 642012.9 2455726, 642014.9 2455752, 642018.4 2455778, 642023.1 2455804, 642029.2 2455829, 642036.7 2455854, 642045.4 2455879, 642055.4 2455903, 642066.7 2455927, 642079.2 2455950, 642092.9 2455972, 642107.7 2455994, 642123.6 2456015, 642140.6 2456035, 642158.6 2456054, 642177.6 2456072, 642197.5 2456089, 642218.3 2456104, 642239.9 2456119, 642262.2 2456133, 642285.2 2456145, 642308.8 2456157, 642333 2456167, 642357.7 2456176, 642382.8 2456183, 642408.2 2456189, 642434 2456194, 642459.9 2456197, 642486 2456199, 642512.2 2456200, 642538.4 2456199, 642564.5 2456197, 642590.4 2456194, 642616.2 2456189, 642641.6 2456183, 642666.7 2456176, 642691.4 2456167, 642715.6 2456157, 642739.2 2456145, 642762.2 2456133, 642784.5 2456119, 642806.1 2456104, 642826.9 2456089, 642846.8 2456072, 642865.8 2456054, 642883.8 2456035, 642900.8 2456015, 642916.7 2455994, 642931.5 2455972, 642945.2 2455950, 642957.7 2455927, 642969 2455903, 642979 2455879, 642987.7 2455854, 642995.2 2455829, 643001.3 2455804, 643006 2455778, 643009.5 2455752, 643011.5 2455726, 643012.2 2455700))"
22,20260531,Forest,9439.29173693086,188.16805012166466,1.9389686684073106,0,Dai,NA,NA,1,0,0,4590,904.5624350990591,940.9637268906583,645.8482666015625,7.799200057983398,200.75882459071377,46021.780014038086,24372.780990600586,0.4208656850070612,1,34,44221.780014038086,0.9608880838713552,0,0,1,0,-0.9350806313399045,-0.35443506160221455,9.152636228457322,5.237335447179777,0.6621562174952594,"POLYGON ((704347 2427553, 704346.3 2427527, 704344.3 2427501, 704340.9 2427475, 704336.1 2427449, 704330 2427424, 704322.6 2427399, 704313.8 2427374, 704303.8 2427350, 704292.5 2427326, 704280 2427303, 704266.4 2427281, 704251.5 2427259, 704235.6 2427239, 704218.6 2427219, 704200.6 2427200, 704181.6 2427182, 704161.7 2427165, 704140.9 2427149, 704119.3 2427134, 704097 2427120, 704074 2427108, 704050.4 2427096, 704026.2 2427086, 704001.5 2427078, 703976.4 2427070, 703951 2427064, 703925.2 2427059, 703899.3 2427056, 703873.2 2427054, 703847 2427053, 703820.9 2427054, 703794.8 2427056, 703768.8 2427059, 703743.1 2427064, 703717.6 2427070, 703692.5 2427078, 703667.8 2427086, 703643.7 2427096, 703620 2427108, 703597 2427120, 703574.7 2427134, 703553.1 2427149, 703532.4 2427165, 703512.5 2427182, 703493.5 2427200, 703475.5 2427219, 703458.5 2427239, 703442.5 2427259, 703427.7 2427281, 703414 2427303, 703401.5 2427326, 703390.3 2427350, 703380.2 2427374, 703371.5 2427399, 703364.1 2427424, 703358 2427449, 703353.2 2427475, 703349.8 2427501, 703347.7 2427527, 703347 2427553, 703347.7 2427579, 703349.8 2427605, 703353.2 2427631, 703358 2427657, 703364.1 2427683, 703371.5 2427708, 703380.2 2427732, 703390.3 2427757, 703401.5 2427780, 703414 2427803, 703427.7 2427826, 703442.5 2427847, 703458.5 2427868, 703475.5 2427888, 703493.5 2427907, 703512.5 2427925, 703532.4 2427942, 703553.1 2427958, 703574.7 2427973, 703597 2427986, 703620 2427999, 703643.7 2428010, 703667.8 2428020, 703692.5 2428029, 703717.6 2428036, 703743.1 2428042, 703768.8 2428047, 703794.8 2428050, 703820.9 2428053, 703847 2428053, 703873.2 2428053, 703899.3 2428050, 703925.2 2428047, 703951 2428042, 703976.4 2428036, 704001.5 2428029, 704026.2 2428020, 704050.4 2428010, 704074 2427999, 704097 2427986, 704119.3 2427973, 704140.9 2427958, 704161.7 2427942, 704181.6 2427925, 704200.6 2427907, 704218.6 2427888, 704235.6 2427868, 704251.5 2427847, 704266.4 2427826, 704280 2427803, 704292.5 2427780, 704303.8 2427757, 704313.8 2427732, 704322.6 2427708, 704330 2427683, 704336.1 2427657, 704340.9 2427631, 704344.3 2427605, 704346.3 2427579, 704347 2427553))"
22,20260531,Forest,3276,13.328938169353023,1.439689756619417,0,Dai,NA,NA,1,0,0,4638,108.97815652259321,1350.3729536133494,720.26116943359375,11.657474517822266,70.65463815965472,65781.33316040039,115778.37524414062,0.09016245385651253,1,97,11000.390625,0.16722662944785238,3600,0.054726771669735004,1,0,0.331261508975493,0.9435389831222022,8.09437844497296,2.5899374738049867,0.3644276435838435,"POLYGON ((746144.9 2399295, 746144.2 2399269, 746142.1 2399243, 746138.7 2399217, 746134 2399191, 746127.8 2399165, 746120.4 2399140, 746111.7 2399116, 746101.7 2399092, 746090.4 2399068, 746077.9 2399045, 746064.2 2399023, 746049.4 2399001, 746033.5 2398980, 746016.5 2398960, 745998.4 2398941, 745979.5 2398923, 745959.5 2398906, 745938.8 2398890, 745917.2 2398876, 745894.9 2398862, 745871.9 2398849, 745848.3 2398838, 745824.1 2398828, 745799.4 2398819, 745774.3 2398812, 745748.8 2398806, 745723.1 2398801, 745697.1 2398798, 745671.1 2398796, 745644.9 2398795, 745618.7 2398796, 745592.6 2398798, 745566.7 2398801, 745540.9 2398806, 745515.5 2398812, 745490.4 2398819, 745465.7 2398828, 745441.5 2398838, 745417.9 2398849, 745394.9 2398862, 745372.6 2398876, 745351 2398890, 745330.2 2398906, 745310.3 2398923, 745291.3 2398941, 745273.3 2398960, 745256.3 2398980, 745240.4 2399001, 745225.5 2399023, 745211.9 2399045, 745199.4 2399068, 745188.1 2399092, 745178.1 2399116, 745169.4 2399140, 745161.9 2399165, 745155.8 2399191, 745151 2399217, 745147.6 2399243, 745145.6 2399269, 745144.9 2399295, 745145.6 2399321, 745147.6 2399347, 745151 2399373, 745155.8 2399399, 745161.9 2399424, 745169.4 2399449, 745178.1 2399474, 745188.1 2399498, 745199.4 2399522, 745211.9 2399545, 745225.5 2399567, 745240.4 2399589, 745256.3 2399610, 745273.3 2399629, 745291.3 2399648, 745310.3 2399666, 745330.2 2399683, 745351 2399699, 745372.6 2399714, 745394.9 2399728, 745417.9 2399740, 745441.5 2399752, 745465.7 2399762, 745490.4 2399770, 745515.5 2399778, 745540.9 2399784, 745566.7 2399789, 745592.6 2399792, 745618.7 2399794, 745644.9 2399795, 745671.1 2399794, 745697.1 2399792, 745723.1 2399789, 745748.8 2399784, 745774.3 2399778, 745799.4 2399770, 745824.1 2399762, 745848.3 2399752, 745871.9 2399740, 745894.9 2399728, 745917.2 2399714, 745938.8 2399699, 745959.5 2399683, 745979.5 2399666, 745998.4 2399648, 746016.5 2399629, 746033.5 2399610, 746049.4 2399589, 746064.2 2399567, 746077.9 2399545, 746090.4 2399522, 746101.7 2399498, 746111.7 2399474, 746120.4 2399449, 746127.8 2399424, 746134 2399399, 746138.7 2399373, 746142.1 2399347, 746144.2 2399321, 746144.9 2399295))"
22,20260531,Forest,3364.0069889341876,13.660357418805527,4.024451939291737,0,Dai,NA,NA,1,0,0,4656,71.40598922509893,736.7628901242468,1029.3231201171875,12.658462524414062,14.194144542572078,785039.3371582031,0,0.03452126624382001,1,81,0,0,127056.7886352539,0.16184767134751757,1,0,0.969470414514234,0.245208310180547,8.120888098657323,2.614498019159453,1.3923887374482258,"POLYGON ((680702.1 2477672, 680701.4 2477646, 680699.4 2477620, 680695.9 2477594, 680691.2 2477568, 680685.1 2477543, 680677.6 2477518, 680668.9 2477493, 680658.9 2477469, 680647.6 2477445, 680635.1 2477422, 680621.4 2477400, 680606.6 2477378, 680590.7 2477357, 680573.7 2477337, 680555.7 2477318, 680536.7 2477300, 680516.8 2477283, 680496 2477268, 680474.4 2477253, 680452.1 2477239, 680429.1 2477227, 680405.5 2477215, 680381.3 2477205, 680356.6 2477197, 680331.5 2477189, 680306.1 2477183, 680280.3 2477178, 680254.4 2477175, 680228.3 2477173, 680202.1 2477172, 680175.9 2477173, 680149.8 2477175, 680123.9 2477178, 680098.1 2477183, 680072.7 2477189, 680047.6 2477197, 680022.9 2477205, 679998.7 2477215, 679975.1 2477227, 679952.1 2477239, 679929.8 2477253, 679908.2 2477268, 679887.4 2477283, 679867.5 2477300, 679848.5 2477318, 679830.5 2477337, 679813.5 2477357, 679797.6 2477378, 679782.8 2477400, 679769.1 2477422, 679756.6 2477445, 679745.3 2477469, 679735.3 2477493, 679726.6 2477518, 679719.1 2477543, 679713 2477568, 679708.3 2477594, 679704.8 2477620, 679702.8 2477646, 679702.1 2477672, 679702.8 2477698, 679704.8 2477724, 679708.3 2477750, 679713 2477776, 679719.1 2477801, 679726.6 2477827, 679735.3 2477851, 679745.3 2477875, 679756.6 2477899, 679769.1 2477922, 679782.8 2477944, 679797.6 2477966, 679813.5 2477987, 679830.5 2478007, 679848.5 2478026, 679867.5 2478044, 679887.4 2478061, 679908.2 2478077, 679929.8 2478091, 679952.1 2478105, 679975.1 2478118, 679998.7 2478129, 680022.9 2478139, 680047.6 2478148, 680072.7 2478155, 680098.1 2478161, 680123.9 2478166, 680149.8 2478169, 680175.9 2478171, 680202.1 2478172, 680228.3 2478171, 680254.4 2478169, 680280.3 2478166, 680306.1 2478161, 680331.5 2478155, 680356.6 2478148, 680381.3 2478139, 680405.5 2478129, 680429.1 2478118, 680452.1 2478105, 680474.4 2478091, 680496 2478077, 680516.8 2478061, 680536.7 2478044, 680555.7 2478026, 680573.7 2478007, 680590.7 2477987, 680606.6 2477966, 680621.4 2477944, 680635.1 2477922, 680647.6 2477899, 680658.9 2477875, 680668.9 2477851, 680677.6 2477827, 680685.1 2477801, 680691.2 2477776, 680695.9 2477750, 680699.4 2477724, 680701.4 2477698, 680702.1 2477672))"
22,20260531,Forest,3582.2736762193963,128.48206221372232,0.9385007278020379,0,Dai,NA,NA,1,0,0,4728,138.64892913189047,724.9586325893193,750.90283203125,8.041126251220703,35.2631851273276,231.4880222082138,0,0.4453891010285143,1,11,231.4880222082138,1,0,0,1,0,0.8165087186465506,0.5773331034802769,8.183752982890077,4.855789300923641,-0.06347164746089516,"POLYGON ((666739.5 2384104, 666738.8 2384078, 666736.8 2384052, 666733.4 2384026, 666728.6 2384000, 666722.5 2383975, 666715.1 2383950, 666706.3 2383925, 666696.3 2383901, 666685 2383877, 666672.5 2383854, 666658.9 2383832, 666644 2383810, 666628.1 2383790, 666611.1 2383770, 666593.1 2383751, 666574.1 2383733, 666554.2 2383716, 666533.4 2383700, 666511.8 2383685, 666489.5 2383671, 666466.5 2383659, 666442.9 2383647, 666418.7 2383637, 666394 2383629, 666368.9 2383621, 666343.5 2383615, 666317.7 2383610, 666291.8 2383607, 666265.7 2383605, 666239.5 2383604, 666213.4 2383605, 666187.3 2383607, 666161.3 2383610, 666135.6 2383615, 666110.1 2383621, 666085 2383629, 666060.3 2383637, 666036.2 2383647, 666012.5 2383659, 665989.5 2383671, 665967.2 2383685, 665945.6 2383700, 665924.9 2383716, 665905 2383733, 665886 2383751, 665868 2383770, 665851 2383790, 665835 2383810, 665820.2 2383832, 665806.5 2383854, 665794 2383877, 665782.8 2383901, 665772.7 2383925, 665764 2383950, 665756.6 2383975, 665750.5 2384000, 665745.7 2384026, 665742.3 2384052, 665740.2 2384078, 665739.5 2384104, 665740.2 2384130, 665742.3 2384156, 665745.7 2384182, 665750.5 2384208, 665756.6 2384234, 665764 2384259, 665772.7 2384283, 665782.8 2384308, 665794 2384331, 665806.5 2384354, 665820.2 2384376, 665835 2384398, 665851 2384419, 665868 2384439, 665886 2384458, 665905 2384476, 665924.9 2384493, 665945.6 2384509, 665967.2 2384524, 665989.5 2384537, 666012.5 2384550, 666036.2 2384561, 666060.3 2384571, 666085 2384580, 666110.1 2384587, 666135.6 2384593, 666161.3 2384598, 666187.3 2384601, 666213.4 2384603, 666239.5 2384604, 666265.7 2384603, 666291.8 2384601, 666317.7 2384598, 666343.5 2384593, 666368.9 2384587, 666394 2384580, 666418.7 2384571, 666442.9 2384561, 666466.5 2384550, 666489.5 2384537, 666511.8 2384524, 666533.4 2384509, 666554.2 2384493, 666574.1 2384476, 666593.1 2384458, 666611.1 2384439, 666628.1 2384419, 666644 2384398, 666658.9 2384376, 666672.5 2384354, 666685 2384331, 666696.3 2384308, 666706.3 2384283, 666715.1 2384259, 666722.5 2384234, 666728.6 2384208, 666733.4 2384182, 666736.8 2384156, 666738.8 2384130, 666739.5 2384104))"
22,20260531,Forest,3364.0069889341876,13.660357418805527,4.024451939291737,0,Dai,NA,NA,1,0,0,4994,582.0852407239214,1072.526433429969,960.50274658203125,16.563148498535156,168.6808891408898,47616.812896728516,8100,0.007505346851336906,1,2,44136.61193847656,0.926912349934049,2939.9418354034424,0.061741676029002546,1,0,-0.9805492466694683,0.19627321482040858,8.120888098657323,2.614498019159453,1.3923887374482258,"POLYGON ((677031 2472960, 677030.3 2472934, 677028.2 2472908, 677024.8 2472882, 677020 2472856, 677013.9 2472831, 677006.5 2472805, 676997.8 2472781, 676987.7 2472757, 676976.5 2472733, 676964 2472710, 676950.3 2472688, 676935.5 2472666, 676919.5 2472645, 676902.5 2472625, 676884.5 2472606, 676865.5 2472588, 676845.6 2472571, 676824.9 2472555, 676803.3 2472541, 676781 2472527, 676758 2472514, 676734.3 2472503, 676710.2 2472493, 676685.5 2472484, 676660.4 2472477, 676634.9 2472471, 676609.2 2472466, 676583.2 2472463, 676557.1 2472461, 676531 2472460, 676504.8 2472461, 676478.7 2472463, 676452.8 2472466, 676427 2472471, 676401.6 2472477, 676376.5 2472484, 676351.8 2472493, 676327.6 2472503, 676304 2472514, 676281 2472527, 676258.6 2472541, 676237.1 2472555, 676216.3 2472571, 676196.4 2472588, 676177.4 2472606, 676159.4 2472625, 676142.4 2472645, 676126.5 2472666, 676111.6 2472688, 676098 2472710, 676085.5 2472733, 676074.2 2472757, 676064.2 2472781, 676055.4 2472805, 676048 2472831, 676041.9 2472856, 676037.1 2472882, 676033.7 2472908, 676031.7 2472934, 676031 2472960, 676031.7 2472986, 676033.7 2473012, 676037.1 2473038, 676041.9 2473064, 676048 2473089, 676055.4 2473114, 676064.2 2473139, 676074.2 2473163, 676085.5 2473187, 676098 2473210, 676111.6 2473232, 676126.5 2473254, 676142.4 2473275, 676159.4 2473295, 676177.4 2473314, 676196.4 2473332, 676216.3 2473349, 676237.1 2473364, 676258.6 2473379, 676281 2473393, 676304 2473405, 676327.6 2473417, 676351.8 2473427, 676376.5 2473435, 676401.6 2473443, 676427 2473449, 676452.8 2473454, 676478.7 2473457, 676504.8 2473459, 676531 2473460, 676557.1 2473459, 676583.2 2473457, 676609.2 2473454, 676634.9 2473449, 676660.4 2473443, 676685.5 2473435, 676710.2 2473427, 676734.3 2473417, 676758 2473405, 676781 2473393, 676803.3 2473379, 676824.9 2473364, 676845.6 2473349, 676865.5 2473332, 676884.5 2473314, 676902.5 2473295, 676919.5 2473275, 676935.5 2473254, 676950.3 2473232, 676964 2473210, 676976.5 2473187, 676987.7 2473163, 676997.8 2473139, 677006.5 2473114, 677013.9 2473089, 677020 2473064, 677024.8 2473038, 677028.2 2473012, 677030.3 2472986, 677031 2472960))"
22,20260531,Forest,7582.608695652175,158.7264442819954,2.4903687396807923,0,Dai,NA,NA,1,0,0,4997,131.66693074552182,341.68549880663085,1218.7266845703125,2.823975086212158,75.80678700944091,67436.13510131836,16877.145767211914,0.18572505368905315,1,86,0,0,8132.00798034668,0.12058828650439223,1,0,0.24519254786819622,0.9694744011421356,8.933612574527867,5.067182244287413,0.9124307877378552,"POLYGON ((626093 2423820, 626092.3 2423794, 626090.3 2423768, 626086.8 2423742, 626082.1 2423716, 626076 2423690, 626068.5 2423665, 626059.8 2423641, 626049.8 2423616, 626038.5 2423593, 626026 2423570, 626012.3 2423547, 625997.5 2423526, 625981.6 2423505, 625964.6 2423485, 625946.5 2423466, 625927.6 2423448, 625907.7 2423431, 625886.9 2423415, 625865.3 2423400, 625843 2423387, 625820 2423374, 625796.4 2423363, 625772.2 2423353, 625747.5 2423344, 625722.4 2423337, 625696.9 2423331, 625671.2 2423326, 625645.3 2423323, 625619.2 2423320, 625593 2423320, 625566.8 2423320, 625540.7 2423323, 625514.8 2423326, 625489 2423331, 625463.6 2423337, 625438.5 2423344, 625413.8 2423353, 625389.6 2423363, 625366 2423374, 625343 2423387, 625320.7 2423400, 625299.1 2423415, 625278.3 2423431, 625258.4 2423448, 625239.4 2423466, 625221.4 2423485, 625204.4 2423505, 625188.5 2423526, 625173.7 2423547, 625160 2423570, 625147.5 2423593, 625136.2 2423616, 625126.2 2423641, 625117.5 2423665, 625110 2423690, 625103.9 2423716, 625099.1 2423742, 625095.7 2423768, 625093.7 2423794, 625093 2423820, 625093.7 2423846, 625095.7 2423872, 625099.1 2423898, 625103.9 2423924, 625110 2423949, 625117.5 2423974, 625126.2 2423999, 625136.2 2424023, 625147.5 2424047, 625160 2424070, 625173.7 2424092, 625188.5 2424114, 625204.4 2424134, 625221.4 2424154, 625239.4 2424173, 625258.4 2424191, 625278.3 2424208, 625299.1 2424224, 625320.7 2424239, 625343 2424253, 625366 2424265, 625389.6 2424277, 625413.8 2424287, 625438.5 2424295, 625463.6 2424303, 625489 2424309, 625514.8 2424314, 625540.7 2424317, 625566.8 2424319, 625593 2424320, 625619.2 2424319, 625645.3 2424317, 625671.2 2424314, 625696.9 2424309, 625722.4 2424303, 625747.5 2424295, 625772.2 2424287, 625796.4 2424277, 625820 2424265, 625843 2424253, 625865.3 2424239, 625886.9 2424224, 625907.7 2424208, 625927.6 2424191, 625946.5 2424173, 625964.6 2424154, 625981.6 2424134, 625997.5 2424114, 626012.3 2424092, 626026 2424070, 626038.5 2424047, 626049.8 2424023, 626059.8 2423999, 626068.5 2423974, 626076 2423949, 626082.1 2423924, 626086.8 2423898, 626090.3 2423872, 626092.3 2423846, 626093 2423820))"
22,20260531,Forest,7140.869565217392,136.6695132063556,2.088718220338983,0,Dai,NA,NA,1,0,0,5068,951.9450070054352,973.7944777416302,1189.27734375,0.4602843225002289,159.4641100867178,3600,0,0.04525636700901529,1,55,0,0,3600,1,1,0,-0.9364526365928342,0.3507940413096113,8.873589835763665,4.917565699152524,0.7365505861325996,"POLYGON ((629702.6 2437177, 629701.9 2437150, 629699.8 2437124, 629696.4 2437098, 629691.6 2437073, 629685.5 2437047, 629678.1 2437022, 629669.4 2436997, 629659.3 2436973, 629648.1 2436950, 629635.6 2436927, 629621.9 2436904, 629607.1 2436883, 629591.1 2436862, 629574.1 2436842, 629556.1 2436823, 629537.1 2436805, 629517.2 2436788, 629496.5 2436772, 629474.9 2436757, 629452.6 2436744, 629429.6 2436731, 629405.9 2436720, 629381.8 2436710, 629357.1 2436701, 629332 2436694, 629306.5 2436687, 629280.8 2436683, 629254.8 2436679, 629228.7 2436677, 629202.6 2436677, 629176.4 2436677, 629150.3 2436679, 629124.4 2436683, 629098.6 2436687, 629073.2 2436694, 629048.1 2436701, 629023.4 2436710, 628999.2 2436720, 628975.6 2436731, 628952.6 2436744, 628930.3 2436757, 628908.7 2436772, 628887.9 2436788, 628868 2436805, 628849 2436823, 628831 2436842, 628814 2436862, 628798.1 2436883, 628783.2 2436904, 628769.6 2436927, 628757.1 2436950, 628745.8 2436973, 628735.8 2436997, 628727 2437022, 628719.6 2437047, 628713.5 2437073, 628708.7 2437098, 628705.3 2437124, 628703.3 2437150, 628702.6 2437177, 628703.3 2437203, 628705.3 2437229, 628708.7 2437255, 628713.5 2437280, 628719.6 2437306, 628727 2437331, 628735.8 2437356, 628745.8 2437380, 628757.1 2437404, 628769.6 2437427, 628783.2 2437449, 628798.1 2437470, 628814 2437491, 628831 2437511, 628849 2437530, 628868 2437548, 628887.9 2437565, 628908.7 2437581, 628930.3 2437596, 628952.6 2437610, 628975.6 2437622, 628999.2 2437633, 629023.4 2437643, 629048.1 2437652, 629073.2 2437660, 629098.6 2437666, 629124.4 2437670, 629150.3 2437674, 629176.4 2437676, 629202.6 2437677, 629228.7 2437676, 629254.8 2437674, 629280.8 2437670, 629306.5 2437666, 629332 2437660, 629357.1 2437652, 629381.8 2437643, 629405.9 2437633, 629429.6 2437622, 629452.6 2437610, 629474.9 2437596, 629496.5 2437581, 629517.2 2437565, 629537.1 2437548, 629556.1 2437530, 629574.1 2437511, 629591.1 2437491, 629607.1 2437470, 629621.9 2437449, 629635.6 2437427, 629648.1 2437404, 629659.3 2437380, 629669.4 2437356, 629678.1 2437331, 629685.5 2437306, 629691.6 2437280, 629696.4 2437255, 629699.8 2437229, 629701.9 2437203, 629702.6 2437177))"
22,20260531,Forest,5152.0093185789165,31.010082017237615,3.867597133157299,0,Dai,NA,NA,1,0,0,5145,257.8876687803775,251.3799645772705,1105.6058349609375,12.072870254516602,286.8129418964261,214761.70349121094,0,0.10169133178273185,1,78,0,0,2700.0613689422607,0.012572359620218602,1,0,0.2892480276567596,-0.9572541869830993,8.547142076512934,3.4343123779730202,1.3526334183810655,"POLYGON ((672896.7 2489963, 672896 2489936, 672893.9 2489910, 672890.5 2489884, 672885.7 2489859, 672879.6 2489833, 672872.2 2489808, 672863.5 2489783, 672853.4 2489759, 672842.2 2489736, 672829.7 2489713, 672816 2489690, 672801.2 2489669, 672785.2 2489648, 672768.2 2489628, 672750.2 2489609, 672731.2 2489591, 672711.3 2489574, 672690.6 2489558, 672669 2489543, 672646.7 2489530, 672623.7 2489517, 672600 2489506, 672575.8 2489496, 672551.2 2489487, 672526.1 2489480, 672500.6 2489474, 672474.9 2489469, 672448.9 2489465, 672422.8 2489463, 672396.7 2489463, 672370.5 2489463, 672344.4 2489465, 672318.4 2489469, 672292.7 2489474, 672267.3 2489480, 672242.2 2489487, 672217.5 2489496, 672193.3 2489506, 672169.7 2489517, 672146.7 2489530, 672124.3 2489543, 672102.8 2489558, 672082 2489574, 672062.1 2489591, 672043.1 2489609, 672025.1 2489628, 672008.1 2489648, 671992.2 2489669, 671977.3 2489690, 671963.7 2489713, 671951.2 2489736, 671939.9 2489759, 671929.9 2489783, 671921.1 2489808, 671913.7 2489833, 671907.6 2489859, 671902.8 2489884, 671899.4 2489910, 671897.3 2489936, 671896.7 2489963, 671897.3 2489989, 671899.4 2490015, 671902.8 2490041, 671907.6 2490067, 671913.7 2490092, 671921.1 2490117, 671929.9 2490142, 671939.9 2490166, 671951.2 2490190, 671963.7 2490213, 671977.3 2490235, 671992.2 2490257, 672008.1 2490277, 672025.1 2490297, 672043.1 2490316, 672062.1 2490334, 672082 2490351, 672102.8 2490367, 672124.3 2490382, 672146.7 2490396, 672169.7 2490408, 672193.3 2490419, 672217.5 2490429, 672242.2 2490438, 672267.3 2490446, 672292.7 2490452, 672318.4 2490456, 672344.4 2490460, 672370.5 2490462, 672396.7 2490463, 672422.8 2490462, 672448.9 2490460, 672474.9 2490456, 672500.6 2490452, 672526.1 2490446, 672551.2 2490438, 672575.8 2490429, 672600 2490419, 672623.7 2490408, 672646.7 2490396, 672669 2490382, 672690.6 2490367, 672711.3 2490351, 672731.2 2490334, 672750.2 2490316, 672768.2 2490297, 672785.2 2490277, 672801.2 2490257, 672816 2490235, 672829.7 2490213, 672842.2 2490190, 672853.4 2490166, 672863.5 2490142, 672872.2 2490117, 672879.6 2490092, 672885.7 2490067, 672890.5 2490041, 672893.9 2490015, 672896 2489989, 672896.7 2489963))"
22,20260531,Forest,7140.869565217392,136.6695132063556,2.088718220338983,0,Dai,NA,NA,1,0,0,5367,780.143028535893,930.9894956263765,1194.3321533203125,0.4107377827167511,255.3847607598009,900,0,0.09469687788605449,1,35,0,0,900,1,1,0,-0.2523267356903274,-0.9676420921269722,8.873589835763665,4.917565699152524,0.7365505861325996,"POLYGON ((630549 2438651, 630548.3 2438624, 630546.2 2438598, 630542.8 2438572, 630538 2438547, 630531.9 2438521, 630524.5 2438496, 630515.8 2438471, 630505.7 2438447, 630494.5 2438424, 630482 2438401, 630468.3 2438378, 630453.5 2438357, 630437.5 2438336, 630420.5 2438316, 630402.5 2438297, 630383.5 2438279, 630363.6 2438262, 630342.9 2438246, 630321.3 2438231, 630299 2438217, 630276 2438205, 630252.3 2438194, 630228.1 2438184, 630203.5 2438175, 630178.4 2438168, 630152.9 2438161, 630127.2 2438157, 630101.2 2438153, 630075.1 2438151, 630049 2438151, 630022.8 2438151, 629996.7 2438153, 629970.7 2438157, 629945 2438161, 629919.6 2438168, 629894.5 2438175, 629869.8 2438184, 629845.6 2438194, 629822 2438205, 629799 2438217, 629776.6 2438231, 629755.1 2438246, 629734.3 2438262, 629714.4 2438279, 629695.4 2438297, 629677.4 2438316, 629660.4 2438336, 629644.5 2438357, 629629.6 2438378, 629615.9 2438401, 629603.5 2438424, 629592.2 2438447, 629582.2 2438471, 629573.4 2438496, 629566 2438521, 629559.9 2438547, 629555.1 2438572, 629551.7 2438598, 629549.6 2438624, 629549 2438651, 629549.6 2438677, 629551.7 2438703, 629555.1 2438729, 629559.9 2438754, 629566 2438780, 629573.4 2438805, 629582.2 2438830, 629592.2 2438854, 629603.5 2438877, 629615.9 2438901, 629629.6 2438923, 629644.5 2438944, 629660.4 2438965, 629677.4 2438985, 629695.4 2439004, 629714.4 2439022, 629734.3 2439039, 629755.1 2439055, 629776.6 2439070, 629799 2439084, 629822 2439096, 629845.6 2439107, 629869.8 2439117, 629894.5 2439126, 629919.6 2439133, 629945 2439140, 629970.7 2439144, 629996.7 2439148, 630022.8 2439150, 630049 2439151, 630075.1 2439150, 630101.2 2439148, 630127.2 2439144, 630152.9 2439140, 630178.4 2439133, 630203.5 2439126, 630228.1 2439117, 630252.3 2439107, 630276 2439096, 630299 2439084, 630321.3 2439070, 630342.9 2439055, 630363.6 2439039, 630383.5 2439022, 630402.5 2439004, 630420.5 2438985, 630437.5 2438965, 630453.5 2438944, 630468.3 2438923, 630482 2438901, 630494.5 2438877, 630505.7 2438854, 630515.8 2438830, 630524.5 2438805, 630531.9 2438780, 630538 2438754, 630542.8 2438729, 630546.2 2438703, 630548.3 2438677, 630549 2438651))"
22,20260531,Forest,7781.739130434783,93.74461428755224,2.279844357976654,0,Dai,NA,NA,1,0,0,5607,371.55172379443525,1013.4440808715326,1193.8250732421875,0.5177755355834961,219.20460811828144,30696.3809967041,0,0.1692215277792962,1,52,0,0,29638.7752532959,0.9655462400104508,1,0,-0.7748936540805967,-0.6320916269542103,8.9595351308077,4.540574215600901,0.8241071765909261,"POLYGON ((631399.9 2436511, 631399.2 2436484, 631397.1 2436458, 631393.7 2436432, 631388.9 2436407, 631382.8 2436381, 631375.4 2436356, 631366.7 2436331, 631356.6 2436307, 631345.4 2436284, 631332.9 2436261, 631319.2 2436238, 631304.4 2436217, 631288.4 2436196, 631271.4 2436176, 631253.4 2436157, 631234.4 2436139, 631214.5 2436122, 631193.8 2436106, 631172.2 2436091, 631149.9 2436078, 631126.9 2436065, 631103.2 2436054, 631079 2436044, 631054.4 2436035, 631029.3 2436028, 631003.8 2436021, 630978.1 2436017, 630952.1 2436013, 630926 2436011, 630899.9 2436011, 630873.7 2436011, 630847.6 2436013, 630821.6 2436017, 630795.9 2436021, 630770.5 2436028, 630745.4 2436035, 630720.7 2436044, 630696.5 2436054, 630672.9 2436065, 630649.9 2436078, 630627.5 2436091, 630606 2436106, 630585.2 2436122, 630565.3 2436139, 630546.3 2436157, 630528.3 2436176, 630511.3 2436196, 630495.4 2436217, 630480.5 2436238, 630466.9 2436261, 630454.4 2436284, 630443.1 2436307, 630433.1 2436331, 630424.3 2436356, 630416.9 2436381, 630410.8 2436407, 630406 2436432, 630402.6 2436458, 630400.5 2436484, 630399.9 2436511, 630400.5 2436537, 630402.6 2436563, 630406 2436589, 630410.8 2436615, 630416.9 2436640, 630424.3 2436665, 630433.1 2436690, 630443.1 2436714, 630454.4 2436738, 630466.9 2436761, 630480.5 2436783, 630495.4 2436804, 630511.3 2436825, 630528.3 2436845, 630546.3 2436864, 630565.3 2436882, 630585.2 2436899, 630606 2436915, 630627.5 2436930, 630649.9 2436944, 630672.9 2436956, 630696.5 2436967, 630720.7 2436977, 630745.4 2436986, 630770.5 2436994, 630795.9 2437000, 630821.6 2437004, 630847.6 2437008, 630873.7 2437010, 630899.9 2437011, 630926 2437010, 630952.1 2437008, 630978.1 2437004, 631003.8 2437000, 631029.3 2436994, 631054.4 2436986, 631079 2436977, 631103.2 2436967, 631126.9 2436956, 631149.9 2436944, 631172.2 2436930, 631193.8 2436915, 631214.5 2436899, 631234.4 2436882, 631253.4 2436864, 631271.4 2436845, 631288.4 2436825, 631304.4 2436804, 631319.2 2436783, 631332.9 2436761, 631345.4 2436738, 631356.6 2436714, 631366.7 2436690, 631375.4 2436665, 631382.8 2436640, 631388.9 2436615, 631393.7 2436589, 631397.1 2436563, 631399.2 2436537, 631399.9 2436511))"
22,20260531,Forest,6519.263617384702,143.3536045654432,0.9216765453005927,0,Dai,NA,NA,1,0,0,5649,401.90687338847425,649.5590270346506,684.9150390625,6.920248508453369,99.90664210659814,202.60026901960373,63956.558990478516,0.5975160318301398,1,103,202.60026901960373,1,0,0,1,0,-0.17204329952765515,0.9850893883742924,8.782516706423346,4.965314337220381,-0.08156093552276016,"POLYGON ((671416.2 2389861, 671415.5 2389835, 671413.4 2389808, 671410 2389782, 671405.3 2389757, 671399.2 2389731, 671391.7 2389706, 671383 2389682, 671373 2389657, 671361.7 2389634, 671349.2 2389611, 671335.5 2389588, 671320.7 2389567, 671304.8 2389546, 671287.8 2389526, 671269.7 2389507, 671250.8 2389489, 671230.8 2389472, 671210.1 2389456, 671188.5 2389441, 671166.2 2389428, 671143.2 2389415, 671119.6 2389404, 671095.4 2389394, 671070.7 2389385, 671045.6 2389378, 671020.1 2389372, 670994.4 2389367, 670968.5 2389363, 670942.4 2389361, 670916.2 2389361, 670890 2389361, 670863.9 2389363, 670838 2389367, 670812.2 2389372, 670786.8 2389378, 670761.7 2389385, 670737 2389394, 670712.8 2389404, 670689.2 2389415, 670666.2 2389428, 670643.9 2389441, 670622.3 2389456, 670601.5 2389472, 670581.6 2389489, 670562.6 2389507, 670544.6 2389526, 670527.6 2389546, 670511.7 2389567, 670496.9 2389588, 670483.2 2389611, 670470.7 2389634, 670459.4 2389657, 670449.4 2389682, 670440.7 2389706, 670433.2 2389731, 670427.1 2389757, 670422.3 2389782, 670418.9 2389808, 670416.9 2389835, 670416.2 2389861, 670416.9 2389887, 670418.9 2389913, 670422.3 2389939, 670427.1 2389965, 670433.2 2389990, 670440.7 2390015, 670449.4 2390040, 670459.4 2390064, 670470.7 2390088, 670483.2 2390111, 670496.9 2390133, 670511.7 2390155, 670527.6 2390175, 670544.6 2390195, 670562.6 2390214, 670581.6 2390232, 670601.5 2390249, 670622.3 2390265, 670643.9 2390280, 670666.2 2390294, 670689.2 2390306, 670712.8 2390317, 670737 2390327, 670761.7 2390336, 670786.8 2390344, 670812.2 2390350, 670838 2390355, 670863.9 2390358, 670890 2390360, 670916.2 2390361, 670942.4 2390360, 670968.5 2390358, 670994.4 2390355, 671020.1 2390350, 671045.6 2390344, 671070.7 2390336, 671095.4 2390327, 671119.6 2390317, 671143.2 2390306, 671166.2 2390294, 671188.5 2390280, 671210.1 2390265, 671230.8 2390249, 671250.8 2390232, 671269.7 2390214, 671287.8 2390195, 671304.8 2390175, 671320.7 2390155, 671335.5 2390133, 671349.2 2390111, 671361.7 2390088, 671373 2390064, 671383 2390040, 671391.7 2390015, 671399.2 2389990, 671405.3 2389965, 671410 2389939, 671413.4 2389913, 671415.5 2389887, 671416.2 2389861))"
22,20260531,Forest,5300,11.357870574345577,3.2247191011235956,0,Dai,NA,NA,1,0,0,5751,43.74715421314734,795.8802757499298,706.799072265625,9.784819602966309,116.4001737299228,36900,0,0.5064389166876269,1,27,35100,0.9512195121951219,1800,0.04878048780487805,1,0,-0.44463789512350393,0.8957104120306629,8.575462099540212,2.4299109462807524,1.1708458460274813,"POLYGON ((735762.1 2351140, 735761.4 2351114, 735759.3 2351088, 735755.9 2351062, 735751.2 2351036, 735745.1 2351011, 735737.6 2350986, 735728.9 2350961, 735718.9 2350937, 735707.6 2350913, 735695.1 2350890, 735681.4 2350868, 735666.6 2350847, 735650.7 2350826, 735633.7 2350806, 735615.6 2350787, 735596.7 2350769, 735576.7 2350752, 735556 2350736, 735534.4 2350721, 735512.1 2350707, 735489.1 2350695, 735465.5 2350684, 735441.3 2350674, 735416.6 2350665, 735391.5 2350657, 735366 2350651, 735340.3 2350647, 735314.4 2350643, 735288.3 2350641, 735262.1 2350640, 735235.9 2350641, 735209.8 2350643, 735183.9 2350647, 735158.1 2350651, 735132.7 2350657, 735107.6 2350665, 735082.9 2350674, 735058.7 2350684, 735035.1 2350695, 735012.1 2350707, 734989.8 2350721, 734968.2 2350736, 734947.4 2350752, 734927.5 2350769, 734908.5 2350787, 734890.5 2350806, 734873.5 2350826, 734857.6 2350847, 734842.8 2350868, 734829.1 2350890, 734816.6 2350913, 734805.3 2350937, 734795.3 2350961, 734786.6 2350986, 734779.1 2351011, 734773 2351036, 734768.2 2351062, 734764.8 2351088, 734762.8 2351114, 734762.1 2351140, 734762.8 2351167, 734764.8 2351193, 734768.2 2351219, 734773 2351244, 734779.1 2351270, 734786.6 2351295, 734795.3 2351320, 734805.3 2351344, 734816.6 2351367, 734829.1 2351390, 734842.8 2351413, 734857.6 2351434, 734873.5 2351455, 734890.5 2351475, 734908.5 2351494, 734927.5 2351512, 734947.4 2351529, 734968.2 2351545, 734989.8 2351560, 735012.1 2351573, 735035.1 2351586, 735058.7 2351597, 735082.9 2351607, 735107.6 2351616, 735132.7 2351623, 735158.1 2351629, 735183.9 2351634, 735209.8 2351638, 735235.9 2351640, 735262.1 2351640, 735288.3 2351640, 735314.4 2351638, 735340.3 2351634, 735366 2351629, 735391.5 2351623, 735416.6 2351616, 735441.3 2351607, 735465.5 2351597, 735489.1 2351586, 735512.1 2351573, 735534.4 2351560, 735556 2351545, 735576.7 2351529, 735596.7 2351512, 735615.6 2351494, 735633.7 2351475, 735650.7 2351455, 735666.6 2351434, 735681.4 2351413, 735695.1 2351390, 735707.6 2351367, 735718.9 2351344, 735728.9 2351320, 735737.6 2351295, 735745.1 2351270, 735751.2 2351244, 735755.9 2351219, 735759.3 2351193, 735761.4 2351167, 735762.1 2351140))"
22,20260531,Forest,7600.000000000001,154.64364176649318,2.9217037269025994,0,Dai,NA,NA,1,0,0,6077,370.16537019008456,333.48955867939065,1206.433349609375,1.218835711479187,73.8670941835849,22394.919204711914,0,0.19058119362985593,1,23,0,0,14775.823402404785,0.6597846264743807,1,0,0.27786639726337015,0.9606197297952375,8.935903526274423,5.041123384587169,1.072166914246179,"POLYGON ((624360.7 2433441, 624360.1 2433415, 624358 2433389, 624354.6 2433363, 624349.8 2433337, 624343.7 2433312, 624336.3 2433287, 624327.5 2433262, 624317.5 2433238, 624306.2 2433214, 624293.8 2433191, 624280.1 2433169, 624265.2 2433147, 624249.3 2433127, 624232.3 2433107, 624214.3 2433088, 624195.3 2433070, 624175.4 2433053, 624154.6 2433037, 624133.1 2433022, 624110.7 2433008, 624087.7 2432996, 624064.1 2432984, 624039.9 2432974, 624015.2 2432966, 623990.2 2432958, 623964.7 2432952, 623939 2432947, 623913 2432944, 623886.9 2432942, 623860.7 2432941, 623834.6 2432942, 623808.5 2432944, 623782.5 2432947, 623756.8 2432952, 623731.3 2432958, 623706.2 2432966, 623681.6 2432974, 623657.4 2432984, 623633.7 2432996, 623610.7 2433008, 623588.4 2433022, 623566.8 2433037, 623546.1 2433053, 623526.2 2433070, 623507.2 2433088, 623489.2 2433107, 623472.2 2433127, 623456.2 2433147, 623441.4 2433169, 623427.7 2433191, 623415.2 2433214, 623404 2433238, 623394 2433262, 623385.2 2433287, 623377.8 2433312, 623371.7 2433337, 623366.9 2433363, 623363.5 2433389, 623361.4 2433415, 623360.7 2433441, 623361.4 2433467, 623363.5 2433493, 623366.9 2433519, 623371.7 2433545, 623377.8 2433571, 623385.2 2433596, 623394 2433620, 623404 2433645, 623415.2 2433668, 623427.7 2433691, 623441.4 2433714, 623456.2 2433735, 623472.2 2433756, 623489.2 2433776, 623507.2 2433795, 623526.2 2433813, 623546.1 2433830, 623566.8 2433846, 623588.4 2433861, 623610.7 2433874, 623633.7 2433887, 623657.4 2433898, 623681.6 2433908, 623706.2 2433917, 623731.3 2433924, 623756.8 2433930, 623782.5 2433935, 623808.5 2433938, 623834.6 2433941, 623860.7 2433941, 623886.9 2433941, 623913 2433938, 623939 2433935, 623964.7 2433930, 623990.2 2433924, 624015.2 2433917, 624039.9 2433908, 624064.1 2433898, 624087.7 2433887, 624110.7 2433874, 624133.1 2433861, 624154.6 2433846, 624175.4 2433830, 624195.3 2433813, 624214.3 2433795, 624232.3 2433776, 624249.3 2433756, 624265.2 2433735, 624280.1 2433714, 624293.8 2433691, 624306.2 2433668, 624317.5 2433645, 624327.5 2433620, 624336.3 2433596, 624343.7 2433571, 624349.8 2433545, 624354.6 2433519, 624358 2433493, 624360.1 2433467, 624360.7 2433441))"
22,20260531,Forest,3364.0069889341876,13.660357418805527,4.024451939291737,0,Dai,NA,NA,1,0,0,6179,285.7942396794402,504.6723387100296,870.1812744140625,14.449908256530762,336.43180016031766,89591.98837280273,0,0.10330494928143044,1,57,87791.98837280273,0.979908917831916,0,0,1,0,0.9165847891298791,-0.399840373568922,8.120888098657323,2.614498019159453,1.3923887374482258,"POLYGON ((678632.6 2470204, 678631.9 2470178, 678629.9 2470152, 678626.4 2470126, 678621.7 2470100, 678615.6 2470074, 678608.1 2470049, 678599.4 2470025, 678589.4 2470000, 678578.1 2469977, 678565.6 2469954, 678551.9 2469932, 678537.1 2469910, 678521.2 2469889, 678504.2 2469869, 678486.2 2469850, 678467.2 2469832, 678447.3 2469815, 678426.5 2469799, 678404.9 2469784, 678382.6 2469771, 678359.6 2469758, 678336 2469747, 678311.8 2469737, 678287.1 2469728, 678262 2469721, 678236.6 2469715, 678210.8 2469710, 678184.9 2469707, 678158.8 2469705, 678132.6 2469704, 678106.4 2469705, 678080.3 2469707, 678054.4 2469710, 678028.6 2469715, 678003.2 2469721, 677978.1 2469728, 677953.4 2469737, 677929.2 2469747, 677905.6 2469758, 677882.6 2469771, 677860.3 2469784, 677838.7 2469799, 677817.9 2469815, 677798 2469832, 677779 2469850, 677761 2469869, 677744 2469889, 677728.1 2469910, 677713.3 2469932, 677699.6 2469954, 677687.1 2469977, 677675.8 2470000, 677665.8 2470025, 677657.1 2470049, 677649.6 2470074, 677643.5 2470100, 677638.8 2470126, 677635.3 2470152, 677633.3 2470178, 677632.6 2470204, 677633.3 2470230, 677635.3 2470256, 677638.8 2470282, 677643.5 2470308, 677649.6 2470333, 677657.1 2470358, 677665.8 2470383, 677675.8 2470407, 677687.1 2470431, 677699.6 2470454, 677713.3 2470476, 677728.1 2470498, 677744 2470518, 677761 2470538, 677779 2470557, 677798 2470575, 677817.9 2470592, 677838.7 2470608, 677860.3 2470623, 677882.6 2470637, 677905.6 2470649, 677929.2 2470661, 677953.4 2470671, 677978.1 2470679, 678003.2 2470687, 678028.6 2470693, 678054.4 2470698, 678080.3 2470701, 678106.4 2470703, 678132.6 2470704, 678158.8 2470703, 678184.9 2470701, 678210.8 2470698, 678236.6 2470693, 678262 2470687, 678287.1 2470679, 678311.8 2470671, 678336 2470661, 678359.6 2470649, 678382.6 2470637, 678404.9 2470623, 678426.5 2470608, 678447.3 2470592, 678467.2 2470575, 678486.2 2470557, 678504.2 2470538, 678521.2 2470518, 678537.1 2470498, 678551.9 2470476, 678565.6 2470454, 678578.1 2470431, 678589.4 2470407, 678599.4 2470383, 678608.1 2470358, 678615.6 2470333, 678621.7 2470308, 678626.4 2470282, 678629.9 2470256, 678631.9 2470230, 678632.6 2470204))"
22,20260531,Forest,4740.827023878858,28.393067437574942,2.9508196721311477,0,Dai,NA,NA,1,0,0,6197,237.95480794246654,1569.2345540128724,952.810302734375,4.954442977905273,317.7890912150137,783376.4465332031,0,0.07601186208981185,1,38,441740.0115966797,0.5638923834786966,35066.989517211914,0.0447639058748821,1,0,0.7406766911458811,-0.6718616220570938,8.463966877081248,3.346145011058112,1.0820829867168993,"POLYGON ((681116.3 2483462, 681115.6 2483436, 681113.5 2483410, 681110.1 2483384, 681105.3 2483358, 681099.2 2483333, 681091.8 2483308, 681083.1 2483283, 681073 2483259, 681061.8 2483235, 681049.3 2483212, 681035.6 2483190, 681020.8 2483168, 681004.8 2483148, 680987.8 2483128, 680969.8 2483109, 680950.8 2483091, 680930.9 2483074, 680910.2 2483058, 680888.6 2483043, 680866.3 2483029, 680843.3 2483017, 680819.6 2483006, 680795.5 2482995, 680770.8 2482987, 680745.7 2482979, 680720.2 2482973, 680694.5 2482968, 680668.5 2482965, 680642.4 2482963, 680616.3 2482962, 680590.1 2482963, 680564 2482965, 680538 2482968, 680512.3 2482973, 680486.9 2482979, 680461.8 2482987, 680437.1 2482995, 680412.9 2483006, 680389.3 2483017, 680366.3 2483029, 680343.9 2483043, 680322.4 2483058, 680301.6 2483074, 680281.7 2483091, 680262.7 2483109, 680244.7 2483128, 680227.7 2483148, 680211.8 2483168, 680196.9 2483190, 680183.3 2483212, 680170.8 2483235, 680159.5 2483259, 680149.5 2483283, 680140.7 2483308, 680133.3 2483333, 680127.2 2483358, 680122.4 2483384, 680119 2483410, 680117 2483436, 680116.3 2483462, 680117 2483488, 680119 2483515, 680122.4 2483540, 680127.2 2483566, 680133.3 2483592, 680140.7 2483617, 680149.5 2483641, 680159.5 2483666, 680170.8 2483689, 680183.3 2483712, 680196.9 2483735, 680211.8 2483756, 680227.7 2483777, 680244.7 2483797, 680262.7 2483816, 680281.7 2483834, 680301.6 2483851, 680322.4 2483867, 680343.9 2483882, 680366.3 2483895, 680389.3 2483908, 680412.9 2483919, 680437.1 2483929, 680461.8 2483938, 680486.9 2483945, 680512.3 2483951, 680538 2483956, 680564 2483960, 680590.1 2483962, 680616.3 2483962, 680642.4 2483962, 680668.5 2483960, 680694.5 2483956, 680720.2 2483951, 680745.7 2483945, 680770.8 2483938, 680795.5 2483929, 680819.6 2483919, 680843.3 2483908, 680866.3 2483895, 680888.6 2483882, 680910.2 2483867, 680930.9 2483851, 680950.8 2483834, 680969.8 2483816, 680987.8 2483797, 681004.8 2483777, 681020.8 2483756, 681035.6 2483735, 681049.3 2483712, 681061.8 2483689, 681073 2483666, 681083.1 2483641, 681091.8 2483617, 681099.2 2483592, 681105.3 2483566, 681110.1 2483540, 681113.5 2483515, 681115.6 2483488, 681116.3 2483462))"
22,20260531,Forest,10265.598650927488,108.6023937661198,1.2810296769962288,0,Dai,NA,NA,1,0,0,6230,56.08640408471116,1500.621642708818,628.38934326171875,7.606561660766602,290.1182988008586,16883.53500366211,117779.9331665039,0.5231549977003771,1,59,16883.53500366211,1,0,0,1,0,0.3439595996459559,-0.938984448120092,9.236553647375256,4.687693449302214,0.24766418970028795,"POLYGON ((707297.7 2426219, 707297 2426193, 707295 2426167, 707291.5 2426141, 707286.8 2426115, 707280.7 2426090, 707273.2 2426065, 707264.5 2426040, 707254.5 2426016, 707243.2 2425992, 707230.7 2425969, 707217 2425947, 707202.2 2425925, 707186.3 2425905, 707169.3 2425885, 707151.3 2425866, 707132.3 2425848, 707112.4 2425831, 707091.6 2425815, 707070 2425800, 707047.7 2425786, 707024.7 2425774, 707001.1 2425762, 706976.9 2425752, 706952.2 2425744, 706927.1 2425736, 706901.7 2425730, 706875.9 2425725, 706850 2425722, 706823.9 2425720, 706797.7 2425719, 706771.5 2425720, 706745.4 2425722, 706719.5 2425725, 706693.7 2425730, 706668.3 2425736, 706643.2 2425744, 706618.5 2425752, 706594.3 2425762, 706570.7 2425774, 706547.7 2425786, 706525.4 2425800, 706503.8 2425815, 706483 2425831, 706463.1 2425848, 706444.2 2425866, 706426.1 2425885, 706409.1 2425905, 706393.2 2425925, 706378.4 2425947, 706364.7 2425969, 706352.2 2425992, 706340.9 2426016, 706330.9 2426040, 706322.2 2426065, 706314.7 2426090, 706308.6 2426115, 706303.9 2426141, 706300.4 2426167, 706298.4 2426193, 706297.7 2426219, 706298.4 2426245, 706300.4 2426271, 706303.9 2426297, 706308.6 2426323, 706314.7 2426349, 706322.2 2426374, 706330.9 2426398, 706340.9 2426423, 706352.2 2426446, 706364.7 2426469, 706378.4 2426492, 706393.2 2426513, 706409.1 2426534, 706426.1 2426554, 706444.2 2426573, 706463.1 2426591, 706483 2426608, 706503.8 2426624, 706525.4 2426639, 706547.7 2426652, 706570.7 2426665, 706594.3 2426676, 706618.5 2426686, 706643.2 2426695, 706668.3 2426702, 706693.7 2426708, 706719.5 2426713, 706745.4 2426716, 706771.5 2426719, 706797.7 2426719, 706823.9 2426719, 706850 2426716, 706875.9 2426713, 706901.7 2426708, 706927.1 2426702, 706952.2 2426695, 706976.9 2426686, 707001.1 2426676, 707024.7 2426665, 707047.7 2426652, 707070 2426639, 707091.6 2426624, 707112.4 2426608, 707132.3 2426591, 707151.3 2426573, 707169.3 2426554, 707186.3 2426534, 707202.2 2426513, 707217 2426492, 707230.7 2426469, 707243.2 2426446, 707254.5 2426423, 707264.5 2426398, 707273.2 2426374, 707280.7 2426349, 707286.8 2426323, 707291.5 2426297, 707295 2426271, 707297 2426245, 707297.7 2426219))"
22,20260531,Forest,6109.060402684564,16.49307014828121,2.182649842271293,0,Dai,NA,NA,1,0,0,6236,409.9214745804626,1013.721388495794,873.86572265625,8.161089897155762,221.80601570397366,781652.4719238281,0,0.22721961410417074,1,79,520309.423828125,0.6656531419231909,190872.67456054688,0.24419122489405673,1,0,-0.7454060137697234,-0.6666107369641828,8.717528260092221,2.802940301672347,0.7805396626274846,"POLYGON ((718326 2476607, 718325.3 2476581, 718323.2 2476555, 718319.8 2476529, 718315 2476503, 718308.9 2476478, 718301.5 2476453, 718292.8 2476428, 718282.7 2476404, 718271.5 2476380, 718259 2476357, 718245.3 2476335, 718230.5 2476313, 718214.5 2476292, 718197.5 2476273, 718179.5 2476254, 718160.5 2476236, 718140.6 2476219, 718119.9 2476203, 718098.3 2476188, 718076 2476174, 718053 2476162, 718029.3 2476150, 718005.1 2476140, 717980.5 2476132, 717955.4 2476124, 717929.9 2476118, 717904.2 2476113, 717878.2 2476110, 717852.1 2476108, 717826 2476107, 717799.8 2476108, 717773.7 2476110, 717747.7 2476113, 717722 2476118, 717696.6 2476124, 717671.5 2476132, 717646.8 2476140, 717622.6 2476150, 717599 2476162, 717576 2476174, 717553.6 2476188, 717532.1 2476203, 717511.3 2476219, 717491.4 2476236, 717472.4 2476254, 717454.4 2476273, 717437.4 2476292, 717421.5 2476313, 717406.6 2476335, 717393 2476357, 717380.5 2476380, 717369.2 2476404, 717359.2 2476428, 717350.4 2476453, 717343 2476478, 717336.9 2476503, 717332.1 2476529, 717328.7 2476555, 717326.7 2476581, 717326 2476607, 717326.7 2476633, 717328.7 2476659, 717332.1 2476685, 717336.9 2476711, 717343 2476737, 717350.4 2476762, 717359.2 2476786, 717369.2 2476810, 717380.5 2476834, 717393 2476857, 717406.6 2476879, 717421.5 2476901, 717437.4 2476922, 717454.4 2476942, 717472.4 2476961, 717491.4 2476979, 717511.3 2476996, 717532.1 2477012, 717553.6 2477026, 717576 2477040, 717599 2477053, 717622.6 2477064, 717646.8 2477074, 717671.5 2477083, 717696.6 2477090, 717722 2477096, 717747.7 2477101, 717773.7 2477104, 717799.8 2477106, 717826 2477107, 717852.1 2477106, 717878.2 2477104, 717904.2 2477101, 717929.9 2477096, 717955.4 2477090, 717980.5 2477083, 718005.1 2477074, 718029.3 2477064, 718053 2477053, 718076 2477040, 718098.3 2477026, 718119.9 2477012, 718140.6 2476996, 718160.5 2476979, 718179.5 2476961, 718197.5 2476942, 718214.5 2476922, 718230.5 2476901, 718245.3 2476879, 718259 2476857, 718271.5 2476834, 718282.7 2476810, 718292.8 2476786, 718301.5 2476762, 718308.9 2476737, 718315 2476711, 718319.8 2476685, 718323.2 2476659, 718325.3 2476633, 718326 2476607))"
22,20260531,Forest,4740.827023878858,28.393067437574942,2.9508196721311477,0,Dai,NA,NA,1,0,0,6472,172.50539455626094,974.8035549548363,917.52276611328125,3.825892210006714,105.206324101831,630208.6853027344,0,0.30816102373190934,1,9,361309.4055175781,0.5733170836006732,246024.61853027344,0.39038595352282424,1,0,-0.26229569208934095,0.9649875490965537,8.463966877081248,3.346145011058112,1.0820829867168993,"POLYGON ((682217.1 2483509, 682216.5 2483483, 682214.4 2483457, 682211 2483431, 682206.2 2483405, 682200.1 2483380, 682192.7 2483355, 682183.9 2483330, 682173.9 2483306, 682162.6 2483282, 682150.1 2483259, 682136.5 2483237, 682121.6 2483215, 682105.7 2483194, 682088.7 2483175, 682070.7 2483156, 682051.7 2483138, 682031.8 2483121, 682011 2483105, 681989.5 2483090, 681967.1 2483076, 681944.1 2483064, 681920.5 2483052, 681896.3 2483042, 681871.6 2483034, 681846.5 2483026, 681821.1 2483020, 681795.4 2483015, 681769.4 2483012, 681743.3 2483010, 681717.1 2483009, 681691 2483010, 681664.9 2483012, 681638.9 2483015, 681613.2 2483020, 681587.7 2483026, 681562.6 2483034, 681538 2483042, 681513.8 2483052, 681490.1 2483064, 681467.1 2483076, 681444.8 2483090, 681423.2 2483105, 681402.5 2483121, 681382.6 2483138, 681363.6 2483156, 681345.6 2483175, 681328.6 2483194, 681312.6 2483215, 681297.8 2483237, 681284.1 2483259, 681271.6 2483282, 681260.4 2483306, 681250.3 2483330, 681241.6 2483355, 681234.2 2483380, 681228.1 2483405, 681223.3 2483431, 681219.9 2483457, 681217.8 2483483, 681217.1 2483509, 681217.8 2483535, 681219.9 2483561, 681223.3 2483587, 681228.1 2483613, 681234.2 2483639, 681241.6 2483664, 681250.3 2483688, 681260.4 2483713, 681271.6 2483736, 681284.1 2483759, 681297.8 2483781, 681312.6 2483803, 681328.6 2483824, 681345.6 2483844, 681363.6 2483863, 681382.6 2483881, 681402.5 2483898, 681423.2 2483914, 681444.8 2483928, 681467.1 2483942, 681490.1 2483955, 681513.8 2483966, 681538 2483976, 681562.6 2483985, 681587.7 2483992, 681613.2 2483998, 681638.9 2484003, 681664.9 2484006, 681691 2484008, 681717.1 2484009, 681743.3 2484008, 681769.4 2484006, 681795.4 2484003, 681821.1 2483998, 681846.5 2483992, 681871.6 2483985, 681896.3 2483976, 681920.5 2483966, 681944.1 2483955, 681967.1 2483942, 681989.5 2483928, 682011 2483914, 682031.8 2483898, 682051.7 2483881, 682070.7 2483863, 682088.7 2483844, 682105.7 2483824, 682121.6 2483803, 682136.5 2483781, 682150.1 2483759, 682162.6 2483736, 682173.9 2483713, 682183.9 2483688, 682192.7 2483664, 682200.1 2483639, 682206.2 2483613, 682211 2483587, 682214.4 2483561, 682216.5 2483535, 682217.1 2483509))"
22,20260531,Forest,6109.060402684564,16.49307014828121,2.182649842271293,0,Dai,NA,NA,1,0,0,6556,322.0830913511634,1196.1587652187095,911.0660400390625,9.09927749633789,325.60789584696585,560558.49609375,111016.39938354492,0.06607990320666265,1,22,56034.10835266113,0.09996121500812963,22187.384033203125,0.039580854072885946,1,0,0.8251913477135304,-0.56485329038497,8.717528260092221,2.802940301672347,0.7805396626274846,"POLYGON ((719287.5 2476681, 719286.9 2476655, 719284.8 2476629, 719281.4 2476603, 719276.6 2476577, 719270.5 2476552, 719263.1 2476527, 719254.3 2476502, 719244.3 2476478, 719233.1 2476454, 719220.6 2476431, 719206.9 2476409, 719192.1 2476387, 719176.1 2476367, 719159.1 2476347, 719141.1 2476328, 719122.1 2476310, 719102.2 2476293, 719081.4 2476277, 719059.9 2476262, 719037.5 2476248, 719014.5 2476236, 718990.9 2476225, 718966.7 2476215, 718942.1 2476206, 718917 2476198, 718891.5 2476192, 718865.8 2476188, 718839.8 2476184, 718813.7 2476182, 718787.5 2476181, 718761.4 2476182, 718735.3 2476184, 718709.3 2476188, 718683.6 2476192, 718658.1 2476198, 718633 2476206, 718608.4 2476215, 718584.2 2476225, 718560.6 2476236, 718537.5 2476248, 718515.2 2476262, 718493.7 2476277, 718472.9 2476293, 718453 2476310, 718434 2476328, 718416 2476347, 718399 2476367, 718383 2476387, 718368.2 2476409, 718354.5 2476431, 718342 2476454, 718330.8 2476478, 718320.8 2476502, 718312 2476527, 718304.6 2476552, 718298.5 2476577, 718293.7 2476603, 718290.3 2476629, 718288.2 2476655, 718287.5 2476681, 718288.2 2476708, 718290.3 2476734, 718293.7 2476760, 718298.5 2476785, 718304.6 2476811, 718312 2476836, 718320.8 2476861, 718330.8 2476885, 718342 2476908, 718354.5 2476931, 718368.2 2476954, 718383 2476975, 718399 2476996, 718416 2477016, 718434 2477035, 718453 2477053, 718472.9 2477070, 718493.7 2477086, 718515.2 2477101, 718537.5 2477114, 718560.6 2477127, 718584.2 2477138, 718608.4 2477148, 718633 2477157, 718658.1 2477164, 718683.6 2477170, 718709.3 2477175, 718735.3 2477179, 718761.4 2477181, 718787.5 2477181, 718813.7 2477181, 718839.8 2477179, 718865.8 2477175, 718891.5 2477170, 718917 2477164, 718942.1 2477157, 718966.7 2477148, 718990.9 2477138, 719014.5 2477127, 719037.5 2477114, 719059.9 2477101, 719081.4 2477086, 719102.2 2477070, 719122.1 2477053, 719141.1 2477035, 719159.1 2477016, 719176.1 2476996, 719192.1 2476975, 719206.9 2476954, 719220.6 2476931, 719233.1 2476908, 719244.3 2476885, 719254.3 2476861, 719263.1 2476836, 719270.5 2476811, 719276.6 2476785, 719281.4 2476760, 719284.8 2476734, 719286.9 2476708, 719287.5 2476681))"
22,20260531,Forest,5300,11.357870574345577,3.2247191011235956,0,Dai,NA,NA,1,0,0,6814,104.50272010459872,376.2250877579618,701.37591552734375,11.326502799987793,120.37363252917797,31549.562072753906,0,0.63563404446963645,1,20,5400,0.17115926958185645,3515.496039390564,0.11142772857777745,1,0,-0.5056367824660267,0.862746454189992,8.575462099540212,2.4299109462807524,1.1708458460274813,"POLYGON ((743786.3 2351972, 743785.6 2351946, 743783.6 2351920, 743780.1 2351894, 743775.4 2351868, 743769.3 2351843, 743761.8 2351817, 743753.1 2351793, 743743.1 2351769, 743731.8 2351745, 743719.3 2351722, 743705.6 2351700, 743690.8 2351678, 743674.9 2351657, 743657.9 2351637, 743639.8 2351618, 743620.9 2351600, 743601 2351583, 743580.2 2351567, 743558.6 2351553, 743536.3 2351539, 743513.3 2351527, 743489.7 2351515, 743465.5 2351505, 743440.8 2351496, 743415.7 2351489, 743390.2 2351483, 743364.5 2351478, 743338.6 2351475, 743312.5 2351473, 743286.3 2351472, 743260.1 2351473, 743234 2351475, 743208.1 2351478, 743182.3 2351483, 743156.9 2351489, 743131.8 2351496, 743107.1 2351505, 743082.9 2351515, 743059.3 2351527, 743036.3 2351539, 743014 2351553, 742992.4 2351567, 742971.6 2351583, 742951.7 2351600, 742932.7 2351618, 742914.7 2351637, 742897.7 2351657, 742881.8 2351678, 742867 2351700, 742853.3 2351722, 742840.8 2351745, 742829.5 2351769, 742819.5 2351793, 742810.8 2351817, 742803.3 2351843, 742797.2 2351868, 742792.4 2351894, 742789 2351920, 742787 2351946, 742786.3 2351972, 742787 2351998, 742789 2352024, 742792.4 2352050, 742797.2 2352076, 742803.3 2352101, 742810.8 2352127, 742819.5 2352151, 742829.5 2352175, 742840.8 2352199, 742853.3 2352222, 742867 2352244, 742881.8 2352266, 742897.7 2352287, 742914.7 2352307, 742932.7 2352326, 742951.7 2352344, 742971.6 2352361, 742992.4 2352377, 743014 2352391, 743036.3 2352405, 743059.3 2352418, 743082.9 2352429, 743107.1 2352439, 743131.8 2352448, 743156.9 2352455, 743182.3 2352461, 743208.1 2352466, 743234 2352469, 743260.1 2352471, 743286.3 2352472, 743312.5 2352471, 743338.6 2352469, 743364.5 2352466, 743390.2 2352461, 743415.7 2352455, 743440.8 2352448, 743465.5 2352439, 743489.7 2352429, 743513.3 2352418, 743536.3 2352405, 743558.6 2352391, 743580.2 2352377, 743601 2352361, 743620.9 2352344, 743639.8 2352326, 743657.9 2352307, 743674.9 2352287, 743690.8 2352266, 743705.6 2352244, 743719.3 2352222, 743731.8 2352199, 743743.1 2352175, 743753.1 2352151, 743761.8 2352127, 743769.3 2352101, 743775.4 2352076, 743780.1 2352050, 743783.6 2352024, 743785.6 2351998, 743786.3 2351972))"
22,20260531,Forest,7194.782608695653,63.517738393158304,3.507178354500276,0,Dai,NA,NA,1,0,0,6818,102.92442719591696,263.4053506108354,1257.046630859375,4.590541362762451,241.77341461820333,116167.46978759766,3523.955726623535,0.30319964664943894,1,33,0,0,68269.31076049805,0.5876801042953133,1,0,-0.4729596409414675,-0.881084092490903,8.881111404646198,4.1513192116633055,1.254811826580102,"POLYGON ((634786.6 2422735, 634785.9 2422709, 634783.8 2422682, 634780.4 2422657, 634775.6 2422631, 634769.5 2422605, 634762.1 2422580, 634753.3 2422556, 634743.3 2422531, 634732.1 2422508, 634719.6 2422485, 634705.9 2422462, 634691.1 2422441, 634675.1 2422420, 634658.1 2422400, 634640.1 2422381, 634621.1 2422363, 634601.2 2422346, 634580.4 2422330, 634558.9 2422315, 634536.6 2422302, 634513.5 2422289, 634489.9 2422278, 634465.7 2422268, 634441.1 2422259, 634416 2422252, 634390.5 2422246, 634364.8 2422241, 634338.8 2422237, 634312.7 2422235, 634286.6 2422235, 634260.4 2422235, 634234.3 2422237, 634208.3 2422241, 634182.6 2422246, 634157.1 2422252, 634132 2422259, 634107.4 2422268, 634083.2 2422278, 634059.6 2422289, 634036.6 2422302, 634014.2 2422315, 633992.7 2422330, 633971.9 2422346, 633952 2422363, 633933 2422381, 633915 2422400, 633898 2422420, 633882 2422441, 633867.2 2422462, 633853.5 2422485, 633841.1 2422508, 633829.8 2422531, 633819.8 2422556, 633811 2422580, 633803.6 2422605, 633797.5 2422631, 633792.7 2422657, 633789.3 2422682, 633787.2 2422709, 633786.6 2422735, 633787.2 2422761, 633789.3 2422787, 633792.7 2422813, 633797.5 2422839, 633803.6 2422864, 633811 2422889, 633819.8 2422914, 633829.8 2422938, 633841.1 2422962, 633853.5 2422985, 633867.2 2423007, 633882 2423029, 633898 2423049, 633915 2423069, 633933 2423088, 633952 2423106, 633971.9 2423123, 633992.7 2423139, 634014.2 2423154, 634036.6 2423168, 634059.6 2423180, 634083.2 2423192, 634107.4 2423202, 634132 2423210, 634157.1 2423218, 634182.6 2423224, 634208.3 2423229, 634234.3 2423232, 634260.4 2423234, 634286.6 2423235, 634312.7 2423234, 634338.8 2423232, 634364.8 2423229, 634390.5 2423224, 634416 2423218, 634441.1 2423210, 634465.7 2423202, 634489.9 2423192, 634513.5 2423180, 634536.6 2423168, 634558.9 2423154, 634580.4 2423139, 634601.2 2423123, 634621.1 2423106, 634640.1 2423088, 634658.1 2423069, 634675.1 2423049, 634691.1 2423029, 634705.9 2423007, 634719.6 2422985, 634732.1 2422962, 634743.3 2422938, 634753.3 2422914, 634762.1 2422889, 634769.5 2422864, 634775.6 2422839, 634780.4 2422813, 634783.8 2422787, 634785.9 2422761, 634786.6 2422735))"
22,20260531,Forest,7708.695652173914,237.2321719678974,3.3891168599464763,0,Dai,NA,NA,1,0,0,6824,450.85022517823256,562.8234895148315,1209.3414306640625,5.707948207855225,336.01437313419007,298284.3292236328,0,0.05053827244361397,1,101,0,0,17476.583862304688,0.058590352057019936,1,0,0.9136474622472855,-0.4065074596229384,8.95010427613315,5.46903929016875,1.2205693741627521,"POLYGON ((629534 2426717, 629533.3 2426691, 629531.3 2426665, 629527.9 2426639, 629523.1 2426613, 629517 2426587, 629509.5 2426562, 629500.8 2426538, 629490.8 2426513, 629479.5 2426490, 629467 2426467, 629453.3 2426444, 629438.5 2426423, 629422.6 2426402, 629405.6 2426382, 629387.6 2426363, 629368.6 2426345, 629348.7 2426328, 629327.9 2426312, 629306.3 2426297, 629284 2426284, 629261 2426271, 629237.4 2426260, 629213.2 2426250, 629188.5 2426241, 629163.4 2426234, 629138 2426228, 629112.2 2426223, 629086.3 2426220, 629060.2 2426217, 629034 2426217, 629007.8 2426217, 628981.7 2426220, 628955.8 2426223, 628930.1 2426228, 628904.6 2426234, 628879.5 2426241, 628854.8 2426250, 628830.6 2426260, 628807 2426271, 628784 2426284, 628761.7 2426297, 628740.1 2426312, 628719.3 2426328, 628699.4 2426345, 628680.5 2426363, 628662.4 2426382, 628645.4 2426402, 628629.5 2426423, 628614.7 2426444, 628601 2426467, 628588.5 2426490, 628577.2 2426513, 628567.2 2426538, 628558.5 2426562, 628551 2426587, 628544.9 2426613, 628540.2 2426639, 628536.7 2426665, 628534.7 2426691, 628534 2426717, 628534.7 2426743, 628536.7 2426769, 628540.2 2426795, 628544.9 2426821, 628551 2426846, 628558.5 2426871, 628567.2 2426896, 628577.2 2426920, 628588.5 2426944, 628601 2426967, 628614.7 2426989, 628629.5 2427011, 628645.4 2427031, 628662.4 2427051, 628680.5 2427070, 628699.4 2427088, 628719.3 2427105, 628740.1 2427121, 628761.7 2427136, 628784 2427150, 628807 2427162, 628830.6 2427174, 628854.8 2427184, 628879.5 2427192, 628904.6 2427200, 628930.1 2427206, 628955.8 2427211, 628981.7 2427214, 629007.8 2427216, 629034 2427217, 629060.2 2427216, 629086.3 2427214, 629112.2 2427211, 629138 2427206, 629163.4 2427200, 629188.5 2427192, 629213.2 2427184, 629237.4 2427174, 629261 2427162, 629284 2427150, 629306.3 2427136, 629327.9 2427121, 629348.7 2427105, 629368.6 2427088, 629387.6 2427070, 629405.6 2427051, 629422.6 2427031, 629438.5 2427011, 629453.3 2426989, 629467 2426967, 629479.5 2426944, 629490.8 2426920, 629500.8 2426896, 629509.5 2426871, 629517 2426846, 629523.1 2426821, 629527.9 2426795, 629531.3 2426769, 629533.3 2426743, 629534 2426717))"
22,20260531,Forest,8082.412914188615,48.483721067496745,1.5257279617072197,0,Dai,NA,NA,1,0,0,6936,472.05196126529086,1751.6132724783845,822.20361328125,8.184895515441895,235.26629195969608,491541.50390625,0,0.0643309299033242,1,77,67781.99157714844,0.1378967819370066,0,0,1,0,-0.5697631056147269,-0.8218089823555481,8.997445734928318,3.881228093508158,0.4224716481023428,"POLYGON ((699619.7 2445935, 699619.1 2445909, 699617 2445883, 699613.6 2445857, 699608.8 2445831, 699602.7 2445806, 699595.3 2445781, 699586.5 2445756, 699576.5 2445732, 699565.3 2445708, 699552.8 2445685, 699539.1 2445663, 699524.3 2445641, 699508.3 2445621, 699491.3 2445601, 699473.3 2445582, 699454.3 2445564, 699434.4 2445547, 699413.6 2445531, 699392.1 2445516, 699369.7 2445502, 699346.7 2445490, 699323.1 2445479, 699298.9 2445469, 699274.3 2445460, 699249.2 2445452, 699223.7 2445446, 699198 2445441, 699172 2445438, 699145.9 2445436, 699119.7 2445435, 699093.6 2445436, 699067.5 2445438, 699041.5 2445441, 699015.8 2445446, 698990.3 2445452, 698965.2 2445460, 698940.6 2445469, 698916.4 2445479, 698892.8 2445490, 698869.7 2445502, 698847.4 2445516, 698825.9 2445531, 698805.1 2445547, 698785.2 2445564, 698766.2 2445582, 698748.2 2445601, 698731.2 2445621, 698715.2 2445641, 698700.4 2445663, 698686.7 2445685, 698674.2 2445708, 698663 2445732, 698653 2445756, 698644.2 2445781, 698636.8 2445806, 698630.7 2445831, 698625.9 2445857, 698622.5 2445883, 698620.4 2445909, 698619.7 2445935, 698620.4 2445961, 698622.5 2445988, 698625.9 2446014, 698630.7 2446039, 698636.8 2446065, 698644.2 2446090, 698653 2446114, 698663 2446139, 698674.2 2446162, 698686.7 2446185, 698700.4 2446208, 698715.2 2446229, 698731.2 2446250, 698748.2 2446270, 698766.2 2446289, 698785.2 2446307, 698805.1 2446324, 698825.9 2446340, 698847.4 2446355, 698869.7 2446368, 698892.8 2446381, 698916.4 2446392, 698940.6 2446402, 698965.2 2446411, 698990.3 2446418, 699015.8 2446424, 699041.5 2446429, 699067.5 2446433, 699093.6 2446435, 699119.7 2446435, 699145.9 2446435, 699172 2446433, 699198 2446429, 699223.7 2446424, 699249.2 2446418, 699274.3 2446411, 699298.9 2446402, 699323.1 2446392, 699346.7 2446381, 699369.7 2446368, 699392.1 2446355, 699413.6 2446340, 699434.4 2446324, 699454.3 2446307, 699473.3 2446289, 699491.3 2446270, 699508.3 2446250, 699524.3 2446229, 699539.1 2446208, 699552.8 2446185, 699565.3 2446162, 699576.5 2446139, 699586.5 2446114, 699595.3 2446090, 699602.7 2446065, 699608.8 2446039, 699613.6 2446014, 699617 2445988, 699619.1 2445961, 699619.7 2445935))"
22,20260531,Forest,3364.0069889341876,13.660357418805527,4.024451939291737,0,Dai,NA,NA,1,0,0,7013,319.67260687463903,339.7068641201947,1075.9781494140625,15.349648475646973,199.8729855632904,167329.33044433594,0,0.049239119127113,1,82,0,0,1800,0.010757229442203446,1,0,-0.9404485083386908,-0.33993617513223184,8.120888098657323,2.614498019159453,1.3923887374482258,"POLYGON ((673341.2 2474764, 673340.5 2474738, 673338.5 2474712, 673335 2474686, 673330.3 2474660, 673324.2 2474635, 673316.7 2474610, 673308 2474585, 673298 2474561, 673286.7 2474537, 673274.2 2474514, 673260.5 2474492, 673245.7 2474470, 673229.8 2474449, 673212.8 2474430, 673194.7 2474411, 673175.8 2474393, 673155.8 2474376, 673135.1 2474360, 673113.5 2474345, 673091.2 2474331, 673068.2 2474319, 673044.6 2474307, 673020.4 2474297, 672995.7 2474289, 672970.6 2474281, 672945.1 2474275, 672919.4 2474270, 672893.5 2474267, 672867.4 2474265, 672841.2 2474264, 672815 2474265, 672788.9 2474267, 672763 2474270, 672737.2 2474275, 672711.8 2474281, 672686.7 2474289, 672662 2474297, 672637.8 2474307, 672614.2 2474319, 672591.2 2474331, 672568.9 2474345, 672547.3 2474360, 672526.5 2474376, 672506.6 2474393, 672487.6 2474411, 672469.6 2474430, 672452.6 2474449, 672436.7 2474470, 672421.9 2474492, 672408.2 2474514, 672395.7 2474537, 672384.4 2474561, 672374.4 2474585, 672365.7 2474610, 672358.2 2474635, 672352.1 2474660, 672347.3 2474686, 672343.9 2474712, 672341.9 2474738, 672341.2 2474764, 672341.9 2474790, 672343.9 2474816, 672347.3 2474842, 672352.1 2474868, 672358.2 2474894, 672365.7 2474919, 672374.4 2474943, 672384.4 2474967, 672395.7 2474991, 672408.2 2475014, 672421.9 2475036, 672436.7 2475058, 672452.6 2475079, 672469.6 2475099, 672487.6 2475118, 672506.6 2475136, 672526.5 2475153, 672547.3 2475169, 672568.9 2475183, 672591.2 2475197, 672614.2 2475210, 672637.8 2475221, 672662 2475231, 672686.7 2475240, 672711.8 2475247, 672737.2 2475253, 672763 2475258, 672788.9 2475261, 672815 2475263, 672841.2 2475264, 672867.4 2475263, 672893.5 2475261, 672919.4 2475258, 672945.1 2475253, 672970.6 2475247, 672995.7 2475240, 673020.4 2475231, 673044.6 2475221, 673068.2 2475210, 673091.2 2475197, 673113.5 2475183, 673135.1 2475169, 673155.8 2475153, 673175.8 2475136, 673194.7 2475118, 673212.8 2475099, 673229.8 2475079, 673245.7 2475058, 673260.5 2475036, 673274.2 2475014, 673286.7 2474991, 673298 2474967, 673308 2474943, 673316.7 2474919, 673324.2 2474894, 673330.3 2474868, 673335 2474842, 673338.5 2474816, 673340.5 2474790, 673341.2 2474764))"
22,20260531,Forest,4895.615866388309,145.06059227472352,0.8104849279161206,0,Dai,NA,NA,1,0,0,7251,47.89941114248712,656.545304264204,716.86712646484375,8.305750846862793,156.82069482115878,28646.862602233887,7671.1761474609375,0.7449978698834778,1,7,28646.862602233887,1,0,0,1,0,-0.9192775682653374,0.39360989886455855,8.496095362451602,4.977151532890694,-0.21012253401124478,"POLYGON ((673261.9 2400684, 673261.2 2400657, 673259.1 2400631, 673255.7 2400605, 673250.9 2400580, 673244.8 2400554, 673237.4 2400529, 673228.6 2400504, 673218.6 2400480, 673207.4 2400457, 673194.9 2400434, 673181.2 2400411, 673166.4 2400390, 673150.4 2400369, 673133.4 2400349, 673115.4 2400330, 673096.4 2400312, 673076.5 2400295, 673055.7 2400279, 673034.2 2400264, 673011.9 2400251, 672988.8 2400238, 672965.2 2400227, 672941 2400217, 672916.4 2400208, 672891.3 2400201, 672865.8 2400194, 672840.1 2400190, 672814.1 2400186, 672788 2400184, 672761.9 2400184, 672735.7 2400184, 672709.6 2400186, 672683.6 2400190, 672657.9 2400194, 672632.4 2400201, 672607.3 2400208, 672582.7 2400217, 672558.5 2400227, 672534.9 2400238, 672511.9 2400251, 672489.5 2400264, 672468 2400279, 672447.2 2400295, 672427.3 2400312, 672408.3 2400330, 672390.3 2400349, 672373.3 2400369, 672357.3 2400390, 672342.5 2400411, 672328.8 2400434, 672316.3 2400457, 672305.1 2400480, 672295.1 2400504, 672286.3 2400529, 672278.9 2400554, 672272.8 2400580, 672268 2400605, 672264.6 2400631, 672262.5 2400657, 672261.9 2400684, 672262.5 2400710, 672264.6 2400736, 672268 2400762, 672272.8 2400787, 672278.9 2400813, 672286.3 2400838, 672295.1 2400863, 672305.1 2400887, 672316.3 2400911, 672328.8 2400934, 672342.5 2400956, 672357.3 2400977, 672373.3 2400998, 672390.3 2401018, 672408.3 2401037, 672427.3 2401055, 672447.2 2401072, 672468 2401088, 672489.5 2401103, 672511.9 2401117, 672534.9 2401129, 672558.5 2401140, 672582.7 2401150, 672607.3 2401159, 672632.4 2401166, 672657.9 2401173, 672683.6 2401177, 672709.6 2401181, 672735.7 2401183, 672761.9 2401184, 672788 2401183, 672814.1 2401181, 672840.1 2401177, 672865.8 2401173, 672891.3 2401166, 672916.4 2401159, 672941 2401150, 672965.2 2401140, 672988.8 2401129, 673011.9 2401117, 673034.2 2401103, 673055.7 2401088, 673076.5 2401072, 673096.4 2401055, 673115.4 2401037, 673133.4 2401018, 673150.4 2400998, 673166.4 2400977, 673181.2 2400956, 673194.9 2400934, 673207.4 2400911, 673218.6 2400887, 673228.6 2400863, 673237.4 2400838, 673244.8 2400813, 673250.9 2400787, 673255.7 2400762, 673259.1 2400736, 673261.2 2400710, 673261.9 2400684))"
22,20260531,Forest,7185.217391304348,124.03782797024019,3.332928679817906,0,Dai,NA,NA,1,0,0,7319,263.5983334148672,863.880507624385,1204.1978759765625,2.318026542663574,231.2218402427976,15433.246994018555,33458.74214172363,0.17423252211295218,1,41,0,0,1800,0.11663132202171221,1,0,-0.6263066945716592,-0.779576759745134,8.879781054326026,4.820586583358523,1.2038514009022103,"POLYGON ((625898.9 2438382, 625898.2 2438355, 625896.2 2438329, 625892.7 2438303, 625888 2438278, 625881.9 2438252, 625874.4 2438227, 625865.7 2438202, 625855.7 2438178, 625844.4 2438155, 625831.9 2438132, 625818.2 2438109, 625803.4 2438088, 625787.5 2438067, 625770.5 2438047, 625752.5 2438028, 625733.5 2438010, 625713.6 2437993, 625692.8 2437977, 625671.2 2437962, 625648.9 2437949, 625625.9 2437936, 625602.3 2437925, 625578.1 2437915, 625553.4 2437906, 625528.3 2437899, 625502.9 2437892, 625477.1 2437888, 625451.2 2437884, 625425.1 2437882, 625398.9 2437882, 625372.7 2437882, 625346.6 2437884, 625320.7 2437888, 625294.9 2437892, 625269.5 2437899, 625244.4 2437906, 625219.7 2437915, 625195.5 2437925, 625171.9 2437936, 625148.9 2437949, 625126.6 2437962, 625105 2437977, 625084.2 2437993, 625064.3 2438010, 625045.3 2438028, 625027.3 2438047, 625010.3 2438067, 624994.4 2438088, 624979.6 2438109, 624965.9 2438132, 624953.4 2438155, 624942.1 2438178, 624932.1 2438202, 624923.4 2438227, 624915.9 2438252, 624909.8 2438278, 624905.1 2438303, 624901.6 2438329, 624899.6 2438355, 624898.9 2438382, 624899.6 2438408, 624901.6 2438434, 624905.1 2438460, 624909.8 2438486, 624915.9 2438511, 624923.4 2438536, 624932.1 2438561, 624942.1 2438585, 624953.4 2438609, 624965.9 2438632, 624979.6 2438654, 624994.4 2438675, 625010.3 2438696, 625027.3 2438716, 625045.3 2438735, 625064.3 2438753, 625084.2 2438770, 625105 2438786, 625126.6 2438801, 625148.9 2438815, 625171.9 2438827, 625195.5 2438838, 625219.7 2438848, 625244.4 2438857, 625269.5 2438865, 625294.9 2438871, 625320.7 2438875, 625346.6 2438879, 625372.7 2438881, 625398.9 2438882, 625425.1 2438881, 625451.2 2438879, 625477.1 2438875, 625502.9 2438871, 625528.3 2438865, 625553.4 2438857, 625578.1 2438848, 625602.3 2438838, 625625.9 2438827, 625648.9 2438815, 625671.2 2438801, 625692.8 2438786, 625713.6 2438770, 625733.5 2438753, 625752.5 2438735, 625770.5 2438716, 625787.5 2438696, 625803.4 2438675, 625818.2 2438654, 625831.9 2438632, 625844.4 2438609, 625855.7 2438585, 625865.7 2438561, 625874.4 2438536, 625881.9 2438511, 625888 2438486, 625892.7 2438460, 625896.2 2438434, 625898.2 2438408, 625898.9 2438382))"
22,20260531,Forest,4740.827023878858,28.393067437574942,2.9508196721311477,0,Dai,NA,NA,1,0,0,7352,610.8528123580853,1381.9808078658468,975.80035400390625,11.615429878234863,91.26989607912573,784139.3371582031,0,0.005261840069478116,1,99,246188.6444091797,0.3139603291698018,41420.046615600586,0.05282230421663431,1,0,-0.02216205316470817,0.999754391538004,8.463966877081248,3.346145011058112,1.0820829867168993,"POLYGON ((684410 2479360, 684409.3 2479334, 684407.3 2479307, 684403.8 2479282, 684399.1 2479256, 684393 2479230, 684385.5 2479205, 684376.8 2479181, 684366.8 2479156, 684355.5 2479133, 684343 2479110, 684329.3 2479087, 684314.5 2479066, 684298.6 2479045, 684281.6 2479025, 684263.5 2479006, 684244.6 2478988, 684224.7 2478971, 684203.9 2478955, 684182.3 2478940, 684160 2478927, 684137 2478914, 684113.4 2478903, 684089.2 2478893, 684064.5 2478884, 684039.4 2478877, 684013.9 2478871, 683988.2 2478866, 683962.3 2478862, 683936.2 2478860, 683910 2478860, 683883.8 2478860, 683857.7 2478862, 683831.8 2478866, 683806 2478871, 683780.6 2478877, 683755.5 2478884, 683730.8 2478893, 683706.6 2478903, 683683 2478914, 683660 2478927, 683637.7 2478940, 683616.1 2478955, 683595.3 2478971, 683575.4 2478988, 683556.4 2479006, 683538.4 2479025, 683521.4 2479045, 683505.5 2479066, 683490.7 2479087, 683477 2479110, 683464.5 2479133, 683453.2 2479156, 683443.2 2479181, 683434.5 2479205, 683427 2479230, 683420.9 2479256, 683416.1 2479282, 683412.7 2479307, 683410.7 2479334, 683410 2479360, 683410.7 2479386, 683412.7 2479412, 683416.1 2479438, 683420.9 2479464, 683427 2479489, 683434.5 2479514, 683443.2 2479539, 683453.2 2479563, 683464.5 2479587, 683477 2479610, 683490.7 2479632, 683505.5 2479654, 683521.4 2479674, 683538.4 2479694, 683556.4 2479713, 683575.4 2479731, 683595.3 2479748, 683616.1 2479764, 683637.7 2479779, 683660 2479793, 683683 2479805, 683706.6 2479817, 683730.8 2479827, 683755.5 2479835, 683780.6 2479843, 683806 2479849, 683831.8 2479854, 683857.7 2479857, 683883.8 2479859, 683910 2479860, 683936.2 2479859, 683962.3 2479857, 683988.2 2479854, 684013.9 2479849, 684039.4 2479843, 684064.5 2479835, 684089.2 2479827, 684113.4 2479817, 684137 2479805, 684160 2479793, 684182.3 2479779, 684203.9 2479764, 684224.7 2479748, 684244.6 2479731, 684263.5 2479713, 684281.6 2479694, 684298.6 2479674, 684314.5 2479654, 684329.3 2479632, 684343 2479610, 684355.5 2479587, 684366.8 2479563, 684376.8 2479539, 684385.5 2479514, 684393 2479489, 684399.1 2479464, 684403.8 2479438, 684407.3 2479412, 684409.3 2479386, 684410 2479360))"
22,20260531,Forest,4895.615866388309,145.06059227472352,0.8104849279161206,0,Dai,NA,NA,1,0,0,7378,165.1559430840515,409.6252998812622,780.753173828125,9.711127281188965,346.5747671957136,46060.31799316406,14013.941287994385,0.5306882886103119,1,63,46060.31799316406,1,0,0,1,0,0.972673723141478,-0.232176287139956,8.496095362451602,4.977151532890694,-0.21012253401124478,"POLYGON ((673240.8 2399717, 673240.1 2399691, 673238.1 2399664, 673234.7 2399639, 673229.9 2399613, 673223.8 2399587, 673216.4 2399562, 673207.6 2399538, 673197.6 2399513, 673186.3 2399490, 673173.8 2399467, 673160.2 2399444, 673145.3 2399423, 673129.4 2399402, 673112.4 2399382, 673094.4 2399363, 673075.4 2399345, 673055.5 2399328, 673034.7 2399312, 673013.2 2399297, 672990.8 2399284, 672967.8 2399271, 672944.2 2399260, 672920 2399250, 672895.3 2399241, 672870.2 2399234, 672844.8 2399228, 672819 2399223, 672793.1 2399219, 672767 2399217, 672740.8 2399217, 672714.7 2399217, 672688.6 2399219, 672662.6 2399223, 672636.9 2399228, 672611.4 2399234, 672586.3 2399241, 672561.6 2399250, 672537.5 2399260, 672513.8 2399271, 672490.8 2399284, 672468.5 2399297, 672446.9 2399312, 672426.2 2399328, 672406.3 2399345, 672387.3 2399363, 672369.3 2399382, 672352.3 2399402, 672336.3 2399423, 672321.5 2399444, 672307.8 2399467, 672295.3 2399490, 672284.1 2399513, 672274 2399538, 672265.3 2399562, 672257.9 2399587, 672251.8 2399613, 672247 2399639, 672243.6 2399664, 672241.5 2399691, 672240.8 2399717, 672241.5 2399743, 672243.6 2399769, 672247 2399795, 672251.8 2399821, 672257.9 2399846, 672265.3 2399871, 672274 2399896, 672284.1 2399920, 672295.3 2399944, 672307.8 2399967, 672321.5 2399989, 672336.3 2400011, 672352.3 2400031, 672369.3 2400051, 672387.3 2400070, 672406.3 2400088, 672426.2 2400105, 672446.9 2400121, 672468.5 2400136, 672490.8 2400150, 672513.8 2400162, 672537.5 2400173, 672561.6 2400184, 672586.3 2400192, 672611.4 2400200, 672636.9 2400206, 672662.6 2400211, 672688.6 2400214, 672714.7 2400216, 672740.8 2400217, 672767 2400216, 672793.1 2400214, 672819 2400211, 672844.8 2400206, 672870.2 2400200, 672895.3 2400192, 672920 2400184, 672944.2 2400173, 672967.8 2400162, 672990.8 2400150, 673013.2 2400136, 673034.7 2400121, 673055.5 2400105, 673075.4 2400088, 673094.4 2400070, 673112.4 2400051, 673129.4 2400031, 673145.3 2400011, 673160.2 2399989, 673173.8 2399967, 673186.3 2399944, 673197.6 2399920, 673207.6 2399896, 673216.4 2399871, 673223.8 2399846, 673229.9 2399821, 673234.7 2399795, 673238.1 2399769, 673240.1 2399743, 673240.8 2399717))"
22,20260531,Forest,7194.782608695653,63.517738393158304,3.507178354500276,0,Dai,NA,NA,1,0,0,7397,518.0070187966999,691.7221226476586,1191.8626708984375,3.0700151920318604,60.723077469720124,170176.53350830078,900,0.04762079229121775,1,56,0,0,33323.73733520508,0.19581863990418885,1,0,0.48903116189324064,0.8722663140906836,8.881111404646198,4.1513192116633055,1.254811826580102,"POLYGON ((631447 2426542, 631446.3 2426515, 631444.3 2426489, 631440.9 2426463, 631436.1 2426438, 631430 2426412, 631422.5 2426387, 631413.8 2426362, 631403.8 2426338, 631392.5 2426315, 631380 2426292, 631366.3 2426269, 631351.5 2426248, 631335.6 2426227, 631318.6 2426207, 631300.6 2426188, 631281.6 2426170, 631261.7 2426153, 631240.9 2426137, 631219.3 2426122, 631197 2426109, 631174 2426096, 631150.4 2426085, 631126.2 2426075, 631101.5 2426066, 631076.4 2426059, 631051 2426052, 631025.2 2426048, 630999.3 2426044, 630973.2 2426042, 630947 2426042, 630920.8 2426042, 630894.7 2426044, 630868.8 2426048, 630843.1 2426052, 630817.6 2426059, 630792.5 2426066, 630767.8 2426075, 630743.6 2426085, 630720 2426096, 630697 2426109, 630674.7 2426122, 630653.1 2426137, 630632.3 2426153, 630612.4 2426170, 630593.5 2426188, 630575.4 2426207, 630558.4 2426227, 630542.5 2426248, 630527.7 2426269, 630514 2426292, 630501.5 2426315, 630490.2 2426338, 630480.2 2426362, 630471.5 2426387, 630464 2426412, 630457.9 2426438, 630453.2 2426463, 630449.7 2426489, 630447.7 2426515, 630447 2426542, 630447.7 2426568, 630449.7 2426594, 630453.2 2426620, 630457.9 2426645, 630464 2426671, 630471.5 2426696, 630480.2 2426721, 630490.2 2426745, 630501.5 2426769, 630514 2426792, 630527.7 2426814, 630542.5 2426835, 630558.4 2426856, 630575.4 2426876, 630593.5 2426895, 630612.4 2426913, 630632.3 2426930, 630653.1 2426946, 630674.7 2426961, 630697 2426975, 630720 2426987, 630743.6 2426998, 630767.8 2427008, 630792.5 2427017, 630817.6 2427024, 630843.1 2427031, 630868.8 2427035, 630894.7 2427039, 630920.8 2427041, 630947 2427042, 630973.2 2427041, 630999.3 2427039, 631025.2 2427035, 631051 2427031, 631076.4 2427024, 631101.5 2427017, 631126.2 2427008, 631150.4 2426998, 631174 2426987, 631197 2426975, 631219.3 2426961, 631240.9 2426946, 631261.7 2426930, 631281.6 2426913, 631300.6 2426895, 631318.6 2426876, 631335.6 2426856, 631351.5 2426835, 631366.3 2426814, 631380 2426792, 631392.5 2426769, 631403.8 2426745, 631413.8 2426721, 631422.5 2426696, 631430 2426671, 631436.1 2426645, 631440.9 2426620, 631444.3 2426594, 631446.3 2426568, 631447 2426542))"
22,20260531,Forest,5300,11.357870574345577,3.2247191011235956,0,Dai,NA,NA,1,0,0,7402,144.25719328251355,498.58841647941125,712.1937255859375,10.722333908081055,128.3613847004715,36900,0,0.585780010002715,1,46,35100,0.9512195121951219,1800,0.04878048780487805,1,0,-0.6206194579769834,0.7841119106226836,8.575462099540212,2.4299109462807524,1.1708458460274813,"POLYGON ((735661.3 2350819, 735660.6 2350793, 735658.5 2350767, 735655.1 2350741, 735650.3 2350715, 735644.2 2350690, 735636.8 2350665, 735628.1 2350640, 735618 2350616, 735606.8 2350592, 735594.3 2350569, 735580.6 2350547, 735565.8 2350525, 735549.8 2350505, 735532.8 2350485, 735514.8 2350466, 735495.8 2350448, 735475.9 2350431, 735455.2 2350415, 735433.6 2350400, 735411.3 2350386, 735388.3 2350374, 735364.6 2350363, 735340.5 2350353, 735315.8 2350344, 735290.7 2350336, 735265.2 2350330, 735239.5 2350325, 735213.5 2350322, 735187.4 2350320, 735161.3 2350319, 735135.1 2350320, 735109 2350322, 735083.1 2350325, 735057.3 2350330, 735031.9 2350336, 735006.8 2350344, 734982.1 2350353, 734957.9 2350363, 734934.3 2350374, 734911.3 2350386, 734889 2350400, 734867.4 2350415, 734846.6 2350431, 734826.7 2350448, 734807.7 2350466, 734789.7 2350485, 734772.7 2350505, 734756.8 2350525, 734741.9 2350547, 734728.3 2350569, 734715.8 2350592, 734704.5 2350616, 734694.5 2350640, 734685.7 2350665, 734678.3 2350690, 734672.2 2350715, 734667.4 2350741, 734664 2350767, 734662 2350793, 734661.3 2350819, 734662 2350845, 734664 2350872, 734667.4 2350898, 734672.2 2350923, 734678.3 2350949, 734685.7 2350974, 734694.5 2350998, 734704.5 2351023, 734715.8 2351046, 734728.3 2351069, 734741.9 2351092, 734756.8 2351113, 734772.7 2351134, 734789.7 2351154, 734807.7 2351173, 734826.7 2351191, 734846.6 2351208, 734867.4 2351224, 734889 2351239, 734911.3 2351252, 734934.3 2351265, 734957.9 2351276, 734982.1 2351286, 735006.8 2351295, 735031.9 2351302, 735057.3 2351308, 735083.1 2351313, 735109 2351317, 735135.1 2351319, 735161.3 2351319, 735187.4 2351319, 735213.5 2351317, 735239.5 2351313, 735265.2 2351308, 735290.7 2351302, 735315.8 2351295, 735340.5 2351286, 735364.6 2351276, 735388.3 2351265, 735411.3 2351252, 735433.6 2351239, 735455.2 2351224, 735475.9 2351208, 735495.8 2351191, 735514.8 2351173, 735532.8 2351154, 735549.8 2351134, 735565.8 2351113, 735580.6 2351092, 735594.3 2351069, 735606.8 2351046, 735618 2351023, 735628.1 2350998, 735636.8 2350974, 735644.2 2350949, 735650.3 2350923, 735655.1 2350898, 735658.5 2350872, 735660.6 2350845, 735661.3 2350819))"
22,20260531,Forest,7204.347826086957,146.16778988586938,2.8947116535056234,0,Dai,NA,NA,1,0,0,7410,358.9850194533003,878.9733878845501,1231.0084228515625,5.119913578033447,186.0200379283279,366243.4753417969,3150.258779525757,0.052106604404624716,1,54,0,0,58365.074157714844,0.15936140323932219,1,0,-0.9944852780371883,-0.10487626884713346,8.882439987485505,4.984755207624541,1.062885504511933,"POLYGON ((623183.2 2435479, 623182.5 2435453, 623180.5 2435427, 623177.1 2435401, 623172.3 2435375, 623166.2 2435350, 623158.8 2435324, 623150 2435300, 623140 2435276, 623128.7 2435252, 623116.2 2435229, 623102.6 2435207, 623087.7 2435185, 623071.8 2435164, 623054.8 2435144, 623036.8 2435125, 623017.8 2435107, 622997.9 2435090, 622977.1 2435074, 622955.5 2435060, 622933.2 2435046, 622910.2 2435033, 622886.6 2435022, 622862.4 2435012, 622837.7 2435003, 622812.6 2434996, 622787.2 2434990, 622761.4 2434985, 622735.5 2434982, 622709.4 2434980, 622683.2 2434979, 622657.1 2434980, 622631 2434982, 622605 2434985, 622579.3 2434990, 622553.8 2434996, 622528.7 2435003, 622504 2435012, 622479.9 2435022, 622456.2 2435033, 622433.2 2435046, 622410.9 2435060, 622389.3 2435074, 622368.6 2435090, 622348.7 2435107, 622329.7 2435125, 622311.7 2435144, 622294.7 2435164, 622278.7 2435185, 622263.9 2435207, 622250.2 2435229, 622237.7 2435252, 622226.5 2435276, 622216.4 2435300, 622207.7 2435324, 622200.3 2435350, 622194.2 2435375, 622189.4 2435401, 622186 2435427, 622183.9 2435453, 622183.2 2435479, 622183.9 2435505, 622186 2435531, 622189.4 2435557, 622194.2 2435583, 622200.3 2435608, 622207.7 2435633, 622216.4 2435658, 622226.5 2435682, 622237.7 2435706, 622250.2 2435729, 622263.9 2435751, 622278.7 2435773, 622294.7 2435794, 622311.7 2435813, 622329.7 2435832, 622348.7 2435851, 622368.6 2435868, 622389.3 2435883, 622410.9 2435898, 622433.2 2435912, 622456.2 2435924, 622479.9 2435936, 622504 2435946, 622528.7 2435954, 622553.8 2435962, 622579.3 2435968, 622605 2435973, 622631 2435976, 622657.1 2435978, 622683.2 2435979, 622709.4 2435978, 622735.5 2435976, 622761.4 2435973, 622787.2 2435968, 622812.6 2435962, 622837.7 2435954, 622862.4 2435946, 622886.6 2435936, 622910.2 2435924, 622933.2 2435912, 622955.5 2435898, 622977.1 2435883, 622997.9 2435868, 623017.8 2435851, 623036.8 2435832, 623054.8 2435813, 623071.8 2435794, 623087.7 2435773, 623102.6 2435751, 623116.2 2435729, 623128.7 2435706, 623140 2435682, 623150 2435658, 623158.8 2435633, 623166.2 2435608, 623172.3 2435583, 623177.1 2435557, 623180.5 2435531, 623182.5 2435505, 623183.2 2435479))"
22,20260531,Forest,9439.29173693086,188.16805012166466,1.9389686684073106,0,Dai,NA,NA,1,0,0,7464,916.7300752654637,953.9655003805399,648.991455078125,8.495782852172852,7.258024127094944,63000,125205.45501708984,0.1750399474410254,1,98,61200,0.9714285714285714,0,0,1,0,0.9919872661093043,0.12633789564888345,9.152636228457322,5.237335447179777,0.6621562174952594,"POLYGON ((705286.9 2427271, 705286.3 2427245, 705284.2 2427219, 705280.8 2427193, 705276 2427167, 705269.9 2427142, 705262.5 2427117, 705253.7 2427092, 705243.7 2427068, 705232.4 2427044, 705219.9 2427021, 705206.3 2426999, 705191.4 2426977, 705175.5 2426957, 705158.5 2426937, 705140.5 2426918, 705121.5 2426900, 705101.6 2426883, 705080.8 2426867, 705059.3 2426852, 705036.9 2426838, 705013.9 2426826, 704990.3 2426815, 704966.1 2426805, 704941.4 2426796, 704916.3 2426788, 704890.9 2426782, 704865.2 2426778, 704839.2 2426774, 704813.1 2426772, 704786.9 2426771, 704760.8 2426772, 704734.7 2426774, 704708.7 2426778, 704683 2426782, 704657.5 2426788, 704632.4 2426796, 704607.8 2426805, 704583.6 2426815, 704559.9 2426826, 704536.9 2426838, 704514.6 2426852, 704493 2426867, 704472.3 2426883, 704452.4 2426900, 704433.4 2426918, 704415.4 2426937, 704398.4 2426957, 704382.4 2426977, 704367.6 2426999, 704353.9 2427021, 704341.4 2427044, 704330.2 2427068, 704320.1 2427092, 704311.4 2427117, 704304 2427142, 704297.9 2427167, 704293.1 2427193, 704289.7 2427219, 704287.6 2427245, 704286.9 2427271, 704287.6 2427298, 704289.7 2427324, 704293.1 2427350, 704297.9 2427375, 704304 2427401, 704311.4 2427426, 704320.1 2427451, 704330.2 2427475, 704341.4 2427498, 704353.9 2427521, 704367.6 2427544, 704382.4 2427565, 704398.4 2427586, 704415.4 2427606, 704433.4 2427625, 704452.4 2427643, 704472.3 2427660, 704493 2427676, 704514.6 2427691, 704536.9 2427704, 704559.9 2427717, 704583.6 2427728, 704607.8 2427738, 704632.4 2427747, 704657.5 2427754, 704683 2427760, 704708.7 2427765, 704734.7 2427769, 704760.8 2427771, 704786.9 2427771, 704813.1 2427771, 704839.2 2427769, 704865.2 2427765, 704890.9 2427760, 704916.3 2427754, 704941.4 2427747, 704966.1 2427738, 704990.3 2427728, 705013.9 2427717, 705036.9 2427704, 705059.3 2427691, 705080.8 2427676, 705101.6 2427660, 705121.5 2427643, 705140.5 2427625, 705158.5 2427606, 705175.5 2427586, 705191.4 2427565, 705206.3 2427544, 705219.9 2427521, 705232.4 2427498, 705243.7 2427475, 705253.7 2427451, 705262.5 2427426, 705269.9 2427401, 705276 2427375, 705280.8 2427350, 705284.2 2427324, 705286.3 2427298, 705286.9 2427271))"
22,20260531,Forest,9620.300751879699,41.51503560607066,0.2980101804720037,1,Hani,土葬,无,0,1,0,87,479.79053989681483,1660.103547396882,699.64697265625,11.487675666809082,85.02310062132375,163712.38403320312,11849.044132232666,0.22893052018401322,1,1,65341.502380371094,0.399123760650379,0,0,0,1,0.0867540880022136,0.9962297567403335,9.171630806360227,3.726055665381232,-1.2106276304025323,"POLYGON ((698143.8 2406922, 698143.1 2406896, 698141 2406870, 698137.6 2406844, 698132.9 2406818, 698126.7 2406792, 698119.3 2406767, 698110.6 2406743, 698100.5 2406719, 698089.3 2406695, 698076.8 2406672, 698063.1 2406650, 698048.3 2406628, 698032.3 2406607, 698015.3 2406587, 697997.3 2406568, 697978.3 2406550, 697958.4 2406533, 697937.7 2406517, 697916.1 2406503, 697893.8 2406489, 697870.8 2406476, 697847.1 2406465, 697823 2406455, 697798.3 2406446, 697773.2 2406439, 697747.7 2406433, 697722 2406428, 697696 2406425, 697669.9 2406423, 697643.8 2406422, 697617.6 2406423, 697591.5 2406425, 697565.6 2406428, 697539.8 2406433, 697514.4 2406439, 697489.3 2406446, 697464.6 2406455, 697440.4 2406465, 697416.8 2406476, 697393.8 2406489, 697371.5 2406503, 697349.9 2406517, 697329.1 2406533, 697309.2 2406550, 697290.2 2406568, 697272.2 2406587, 697255.2 2406607, 697239.3 2406628, 697224.4 2406650, 697210.8 2406672, 697198.3 2406695, 697187 2406719, 697177 2406743, 697168.2 2406767, 697160.8 2406792, 697154.7 2406818, 697149.9 2406844, 697146.5 2406870, 697144.5 2406896, 697143.8 2406922, 697144.5 2406948, 697146.5 2406974, 697149.9 2407000, 697154.7 2407026, 697160.8 2407051, 697168.2 2407076, 697177 2407101, 697187 2407125, 697198.3 2407149, 697210.8 2407172, 697224.4 2407194, 697239.3 2407216, 697255.2 2407237, 697272.2 2407256, 697290.2 2407275, 697309.2 2407293, 697329.1 2407310, 697349.9 2407326, 697371.5 2407341, 697393.8 2407355, 697416.8 2407367, 697440.4 2407379, 697464.6 2407389, 697489.3 2407397, 697514.4 2407405, 697539.8 2407411, 697565.6 2407416, 697591.5 2407419, 697617.6 2407421, 697643.8 2407422, 697669.9 2407421, 697696 2407419, 697722 2407416, 697747.7 2407411, 697773.2 2407405, 697798.3 2407397, 697823 2407389, 697847.1 2407379, 697870.8 2407367, 697893.8 2407355, 697916.1 2407341, 697937.7 2407326, 697958.4 2407310, 697978.3 2407293, 697997.3 2407275, 698015.3 2407256, 698032.3 2407237, 698048.3 2407216, 698063.1 2407194, 698076.8 2407172, 698089.3 2407149, 698100.5 2407125, 698110.6 2407101, 698119.3 2407076, 698126.7 2407051, 698132.9 2407026, 698137.6 2407000, 698141 2406974, 698143.1 2406948, 698143.8 2406922))"
22,20260531,Forest,9620.300751879699,41.51503560607066,0.2980101804720037,1,Hani,土葬,无,0,1,0,88,649.617532588467,2129.797129006253,638.41455078125,7.709012508392334,55.15517947875635,31500,0,0.29489778088179497,1,2,31500,1,0,0,0,1,0.571355749832561,0.8207025083020473,9.171630806360227,3.726055665381232,-1.2106276304025323,"POLYGON ((698223.4 2408651, 698222.7 2408625, 698220.7 2408599, 698217.3 2408573, 698212.5 2408547, 698206.4 2408522, 698198.9 2408497, 698190.2 2408472, 698180.2 2408448, 698168.9 2408424, 698156.4 2408401, 698142.7 2408379, 698127.9 2408357, 698112 2408337, 698095 2408317, 698077 2408298, 698058 2408280, 698038.1 2408263, 698017.3 2408247, 697995.7 2408232, 697973.4 2408218, 697950.4 2408206, 697926.8 2408194, 697902.6 2408184, 697877.9 2408176, 697852.8 2408168, 697827.4 2408162, 697801.6 2408157, 697775.7 2408154, 697749.6 2408152, 697723.4 2408151, 697697.2 2408152, 697671.1 2408154, 697645.2 2408157, 697619.5 2408162, 697594 2408168, 697568.9 2408176, 697544.2 2408184, 697520 2408194, 697496.4 2408206, 697473.4 2408218, 697451.1 2408232, 697429.5 2408247, 697408.8 2408263, 697388.8 2408280, 697369.9 2408298, 697351.8 2408317, 697334.8 2408337, 697318.9 2408357, 697304.1 2408379, 697290.4 2408401, 697277.9 2408424, 697266.6 2408448, 697256.6 2408472, 697247.9 2408497, 697240.4 2408522, 697234.3 2408547, 697229.6 2408573, 697226.1 2408599, 697224.1 2408625, 697223.4 2408651, 697224.1 2408677, 697226.1 2408704, 697229.6 2408729, 697234.3 2408755, 697240.4 2408781, 697247.9 2408806, 697256.6 2408830, 697266.6 2408855, 697277.9 2408878, 697290.4 2408901, 697304.1 2408924, 697318.9 2408945, 697334.8 2408966, 697351.8 2408986, 697369.9 2409005, 697388.8 2409023, 697408.8 2409040, 697429.5 2409056, 697451.1 2409071, 697473.4 2409084, 697496.4 2409097, 697520 2409108, 697544.2 2409118, 697568.9 2409127, 697594 2409134, 697619.5 2409140, 697645.2 2409145, 697671.1 2409149, 697697.2 2409151, 697723.4 2409151, 697749.6 2409151, 697775.7 2409149, 697801.6 2409145, 697827.4 2409140, 697852.8 2409134, 697877.9 2409127, 697902.6 2409118, 697926.8 2409108, 697950.4 2409097, 697973.4 2409084, 697995.7 2409071, 698017.3 2409056, 698038.1 2409040, 698058 2409023, 698077 2409005, 698095 2408986, 698112 2408966, 698127.9 2408945, 698142.7 2408924, 698156.4 2408901, 698168.9 2408878, 698180.2 2408855, 698190.2 2408830, 698198.9 2408806, 698206.4 2408781, 698212.5 2408755, 698217.3 2408729, 698220.7 2408704, 698222.7 2408677, 698223.4 2408651))"
22,20260531,Forest,9725.563909774435,35.4184866616443,0.38167655786350146,1,Hani,土葬,无,0,1,0,89,3152.392075263879,1010.0772659774426,662.83538818359375,8.65718936920166,153.46382659054325,57600,170076.33819580078,0.21682536612506284,1,3,57600,1,0,0,0,1,-0.8946524784603728,0.446762736566863,9.182513152386466,3.5672339059095797,-0.9631817361981481,"POLYGON ((695721.2 2416028, 695720.5 2416002, 695718.5 2415976, 695715.1 2415950, 695710.3 2415925, 695704.2 2415899, 695696.7 2415874, 695688 2415849, 695678 2415825, 695666.7 2415802, 695654.2 2415778, 695640.5 2415756, 695625.7 2415735, 695609.8 2415714, 695592.8 2415694, 695574.8 2415675, 695555.8 2415657, 695535.9 2415640, 695515.1 2415624, 695493.5 2415609, 695471.2 2415595, 695448.2 2415583, 695424.6 2415572, 695400.4 2415562, 695375.7 2415553, 695350.6 2415546, 695325.2 2415539, 695299.4 2415535, 695273.5 2415531, 695247.4 2415529, 695221.2 2415528, 695195 2415529, 695168.9 2415531, 695143 2415535, 695117.3 2415539, 695091.8 2415546, 695066.7 2415553, 695042 2415562, 695017.8 2415572, 694994.2 2415583, 694971.2 2415595, 694948.9 2415609, 694927.3 2415624, 694906.5 2415640, 694886.6 2415657, 694867.7 2415675, 694849.6 2415694, 694832.6 2415714, 694816.7 2415735, 694801.9 2415756, 694788.2 2415778, 694775.7 2415802, 694764.4 2415825, 694754.4 2415849, 694745.7 2415874, 694738.2 2415899, 694732.1 2415925, 694727.4 2415950, 694723.9 2415976, 694721.9 2416002, 694721.2 2416028, 694721.9 2416055, 694723.9 2416081, 694727.4 2416107, 694732.1 2416132, 694738.2 2416158, 694745.7 2416183, 694754.4 2416208, 694764.4 2416232, 694775.7 2416255, 694788.2 2416278, 694801.9 2416301, 694816.7 2416322, 694832.6 2416343, 694849.6 2416363, 694867.7 2416382, 694886.6 2416400, 694906.5 2416417, 694927.3 2416433, 694948.9 2416448, 694971.2 2416462, 694994.2 2416474, 695017.8 2416485, 695042 2416495, 695066.7 2416504, 695091.8 2416511, 695117.3 2416518, 695143 2416522, 695168.9 2416526, 695195 2416528, 695221.2 2416528, 695247.4 2416528, 695273.5 2416526, 695299.4 2416522, 695325.2 2416518, 695350.6 2416511, 695375.7 2416504, 695400.4 2416495, 695424.6 2416485, 695448.2 2416474, 695471.2 2416462, 695493.5 2416448, 695515.1 2416433, 695535.9 2416417, 695555.8 2416400, 695574.8 2416382, 695592.8 2416363, 695609.8 2416343, 695625.7 2416322, 695640.5 2416301, 695654.2 2416278, 695666.7 2416255, 695678 2416232, 695688 2416208, 695696.7 2416183, 695704.2 2416158, 695710.3 2416132, 695715.1 2416107, 695718.5 2416081, 695720.5 2416055, 695721.2 2416028))"
22,20260531,Forest,9725.563909774435,35.4184866616443,0.38167655786350146,1,Hani,土葬,无,0,1,0,90,3690.9097992038473,1019.1319988154358,609.893798828125,6.272632598876953,122.16868917403956,174128.82385253906,28200.65288543701,0.29383292701253927,1,4,34956.01387023926,0.20074800424679687,0,0,0,1,-0.5324137714187529,0.846484244391861,9.182513152386466,3.5672339059095797,-0.9631817361981481,"POLYGON ((695433.3 2414842, 695432.6 2414816, 695430.6 2414790, 695427.2 2414764, 695422.4 2414738, 695416.3 2414712, 695408.9 2414687, 695400.1 2414663, 695390.1 2414638, 695378.8 2414615, 695366.3 2414592, 695352.7 2414569, 695337.8 2414548, 695321.9 2414527, 695304.9 2414507, 695286.9 2414488, 695267.9 2414470, 695248 2414453, 695227.2 2414437, 695205.6 2414422, 695183.3 2414409, 695160.3 2414396, 695136.7 2414385, 695112.5 2414375, 695087.8 2414366, 695062.7 2414359, 695037.3 2414353, 695011.5 2414348, 694985.6 2414345, 694959.5 2414343, 694933.3 2414342, 694907.2 2414343, 694881.1 2414345, 694855.1 2414348, 694829.4 2414353, 694803.9 2414359, 694778.8 2414366, 694754.1 2414375, 694730 2414385, 694706.3 2414396, 694683.3 2414409, 694661 2414422, 694639.4 2414437, 694618.7 2414453, 694598.8 2414470, 694579.8 2414488, 694561.8 2414507, 694544.8 2414527, 694528.8 2414548, 694514 2414569, 694500.3 2414592, 694487.8 2414615, 694476.6 2414638, 694466.5 2414663, 694457.8 2414687, 694450.4 2414712, 694444.3 2414738, 694439.5 2414764, 694436.1 2414790, 694434 2414816, 694433.3 2414842, 694434 2414868, 694436.1 2414894, 694439.5 2414920, 694444.3 2414946, 694450.4 2414971, 694457.8 2414996, 694466.5 2415021, 694476.6 2415045, 694487.8 2415069, 694500.3 2415092, 694514 2415114, 694528.8 2415136, 694544.8 2415156, 694561.8 2415176, 694579.8 2415195, 694598.8 2415213, 694618.7 2415230, 694639.4 2415246, 694661 2415261, 694683.3 2415275, 694706.3 2415287, 694730 2415299, 694754.1 2415309, 694778.8 2415317, 694803.9 2415325, 694829.4 2415331, 694855.1 2415336, 694881.1 2415339, 694907.2 2415341, 694933.3 2415342, 694959.5 2415341, 694985.6 2415339, 695011.5 2415336, 695037.3 2415331, 695062.7 2415325, 695087.8 2415317, 695112.5 2415309, 695136.7 2415299, 695160.3 2415287, 695183.3 2415275, 695205.6 2415261, 695227.2 2415246, 695248 2415230, 695267.9 2415213, 695286.9 2415195, 695304.9 2415176, 695321.9 2415156, 695337.8 2415136, 695352.7 2415114, 695366.3 2415092, 695378.8 2415069, 695390.1 2415045, 695400.1 2415021, 695408.9 2414996, 695416.3 2414971, 695422.4 2414946, 695427.2 2414920, 695430.6 2414894, 695432.6 2414868, 695433.3 2414842))"
22,20260531,Forest,4472,80.2233765191585,1.6158910329171396,1,Hani,土葬,无,0,1,0,128,987.624251648906,2078.422306483125,657.32745361328125,10.943253517150879,28.400615064930825,230594.9249267578,93823.28338623047,0.13097713911398834,1,5,36710.71243286133,0.1592000016675193,1800,0.007805895990866759,0,1,0.8796434670337306,0.47563365198950963,8.405591014834934,4.384814950196063,0.4798865276998581,"POLYGON ((730772.9 2424739, 730772.2 2424712, 730770.1 2424686, 730766.7 2424660, 730761.9 2424635, 730755.8 2424609, 730748.4 2424584, 730739.6 2424559, 730729.6 2424535, 730718.4 2424512, 730705.9 2424489, 730692.2 2424466, 730677.4 2424445, 730661.4 2424424, 730644.4 2424404, 730626.4 2424385, 730607.4 2424367, 730587.5 2424350, 730566.7 2424334, 730545.2 2424319, 730522.9 2424306, 730499.8 2424293, 730476.2 2424282, 730452 2424272, 730427.4 2424263, 730402.3 2424256, 730376.8 2424249, 730351.1 2424245, 730325.1 2424241, 730299 2424239, 730272.9 2424239, 730246.7 2424239, 730220.6 2424241, 730194.6 2424245, 730168.9 2424249, 730143.4 2424256, 730118.3 2424263, 730093.7 2424272, 730069.5 2424282, 730045.9 2424293, 730022.9 2424306, 730000.5 2424319, 729979 2424334, 729958.2 2424350, 729938.3 2424367, 729919.3 2424385, 729901.3 2424404, 729884.3 2424424, 729868.3 2424445, 729853.5 2424466, 729839.8 2424489, 729827.3 2424512, 729816.1 2424535, 729806.1 2424559, 729797.3 2424584, 729789.9 2424609, 729783.8 2424635, 729779 2424660, 729775.6 2424686, 729773.5 2424712, 729772.9 2424739, 729773.5 2424765, 729775.6 2424791, 729779 2424817, 729783.8 2424843, 729789.9 2424868, 729797.3 2424893, 729806.1 2424918, 729816.1 2424942, 729827.3 2424966, 729839.8 2424989, 729853.5 2425011, 729868.3 2425032, 729884.3 2425053, 729901.3 2425073, 729919.3 2425092, 729938.3 2425110, 729958.2 2425127, 729979 2425143, 730000.5 2425158, 730022.9 2425172, 730045.9 2425184, 730069.5 2425195, 730093.7 2425205, 730118.3 2425214, 730143.4 2425222, 730168.9 2425228, 730194.6 2425232, 730220.6 2425236, 730246.7 2425238, 730272.9 2425239, 730299 2425238, 730325.1 2425236, 730351.1 2425232, 730376.8 2425228, 730402.3 2425222, 730427.4 2425214, 730452 2425205, 730476.2 2425195, 730499.8 2425184, 730522.9 2425172, 730545.2 2425158, 730566.7 2425143, 730587.5 2425127, 730607.4 2425110, 730626.4 2425092, 730644.4 2425073, 730661.4 2425053, 730677.4 2425032, 730692.2 2425011, 730705.9 2424989, 730718.4 2424966, 730729.6 2424942, 730739.6 2424918, 730748.4 2424893, 730755.8 2424868, 730761.9 2424843, 730766.7 2424817, 730770.1 2424791, 730772.2 2424765, 730772.9 2424739))"
22,20260531,Forest,4515,22.149829986848378,1.7557289127254998,1,Hani,土葬,无,0,1,0,129,332.45313855117195,772.7447179641796,1065.134033203125,17.14580726623535,123.9624987857196,785039.3371582031,0,0.11145153908915918,1,6,187495.36743164062,0.23883563352425496,0,0,0,1,-0.5586501623391503,0.829403397701288,8.415160465851086,3.0978298209243684,0.5628841055764946,"POLYGON ((726878 2418981, 726877.3 2418955, 726875.2 2418928, 726871.8 2418903, 726867 2418877, 726860.9 2418851, 726853.5 2418826, 726844.8 2418802, 726834.7 2418777, 726823.5 2418754, 726811 2418731, 726797.3 2418708, 726782.5 2418687, 726766.5 2418666, 726749.5 2418646, 726731.5 2418627, 726712.5 2418609, 726692.6 2418592, 726671.9 2418576, 726650.3 2418561, 726628 2418548, 726605 2418535, 726581.3 2418524, 726557.1 2418514, 726532.5 2418505, 726507.4 2418498, 726481.9 2418492, 726456.2 2418487, 726430.2 2418483, 726404.1 2418481, 726378 2418481, 726351.8 2418481, 726325.7 2418483, 726299.7 2418487, 726274 2418492, 726248.6 2418498, 726223.5 2418505, 726198.8 2418514, 726174.6 2418524, 726151 2418535, 726128 2418548, 726105.6 2418561, 726084.1 2418576, 726063.3 2418592, 726043.4 2418609, 726024.4 2418627, 726006.4 2418646, 725989.4 2418666, 725973.5 2418687, 725958.6 2418708, 725945 2418731, 725932.5 2418754, 725921.2 2418777, 725911.2 2418802, 725902.4 2418826, 725895 2418851, 725888.9 2418877, 725884.1 2418903, 725880.7 2418928, 725878.7 2418955, 725878 2418981, 725878.7 2419007, 725880.7 2419033, 725884.1 2419059, 725888.9 2419085, 725895 2419110, 725902.4 2419135, 725911.2 2419160, 725921.2 2419184, 725932.5 2419208, 725945 2419231, 725958.6 2419253, 725973.5 2419275, 725989.4 2419295, 726006.4 2419315, 726024.4 2419334, 726043.4 2419352, 726063.3 2419369, 726084.1 2419385, 726105.6 2419400, 726128 2419414, 726151 2419426, 726174.6 2419438, 726198.8 2419448, 726223.5 2419456, 726248.6 2419464, 726274 2419470, 726299.7 2419475, 726325.7 2419478, 726351.8 2419480, 726378 2419481, 726404.1 2419480, 726430.2 2419478, 726456.2 2419475, 726481.9 2419470, 726507.4 2419464, 726532.5 2419456, 726557.1 2419448, 726581.3 2419438, 726605 2419426, 726628 2419414, 726650.3 2419400, 726671.9 2419385, 726692.6 2419369, 726712.5 2419352, 726731.5 2419334, 726749.5 2419315, 726766.5 2419295, 726782.5 2419275, 726797.3 2419253, 726811 2419231, 726823.5 2419208, 726834.7 2419184, 726844.8 2419160, 726853.5 2419135, 726860.9 2419110, 726867 2419085, 726871.8 2419059, 726875.2 2419033, 726877.3 2419007, 726878 2418981))"
22,20260531,Forest,4515,22.149829986848378,1.7557289127254998,1,Hani,土葬,无,0,1,0,130,322.4118282171956,315.976532437513,647.369140625,10.725285530090332,343.1957298501002,93067.71240234375,296582.7392578125,0.2767082091876689,1,7,2700,0.029011135336899127,0,0,0,1,0.9572979538609645,-0.2891031434170349,8.415160465851086,3.0978298209243684,0.5628841055764946,"POLYGON ((732536.2 2423342, 732535.5 2423316, 732533.4 2423290, 732530 2423264, 732525.2 2423238, 732519.1 2423213, 732511.7 2423188, 732502.9 2423163, 732492.9 2423139, 732481.7 2423115, 732469.2 2423092, 732455.5 2423070, 732440.7 2423048, 732424.7 2423028, 732407.7 2423008, 732389.7 2422989, 732370.7 2422971, 732350.8 2422954, 732330 2422938, 732308.5 2422923, 732286.2 2422909, 732263.1 2422897, 732239.5 2422885, 732215.3 2422875, 732190.7 2422867, 732165.6 2422859, 732140.1 2422853, 732114.4 2422848, 732088.4 2422845, 732062.3 2422843, 732036.2 2422842, 732010 2422843, 731983.9 2422845, 731957.9 2422848, 731932.2 2422853, 731906.7 2422859, 731881.6 2422867, 731857 2422875, 731832.8 2422885, 731809.2 2422897, 731786.2 2422909, 731763.8 2422923, 731742.3 2422938, 731721.5 2422954, 731701.6 2422971, 731682.6 2422989, 731664.6 2423008, 731647.6 2423028, 731631.6 2423048, 731616.8 2423070, 731603.1 2423092, 731590.6 2423115, 731579.4 2423139, 731569.4 2423163, 731560.6 2423188, 731553.2 2423213, 731547.1 2423238, 731542.3 2423264, 731538.9 2423290, 731536.8 2423316, 731536.2 2423342, 731536.8 2423368, 731538.9 2423394, 731542.3 2423420, 731547.1 2423446, 731553.2 2423472, 731560.6 2423497, 731569.4 2423521, 731579.4 2423546, 731590.6 2423569, 731603.1 2423592, 731616.8 2423615, 731631.6 2423636, 731647.6 2423657, 731664.6 2423677, 731682.6 2423696, 731701.6 2423714, 731721.5 2423731, 731742.3 2423747, 731763.8 2423762, 731786.2 2423775, 731809.2 2423788, 731832.8 2423799, 731857 2423809, 731881.6 2423818, 731906.7 2423825, 731932.2 2423831, 731957.9 2423836, 731983.9 2423839, 732010 2423842, 732036.2 2423842, 732062.3 2423842, 732088.4 2423839, 732114.4 2423836, 732140.1 2423831, 732165.6 2423825, 732190.7 2423818, 732215.3 2423809, 732239.5 2423799, 732263.1 2423788, 732286.2 2423775, 732308.5 2423762, 732330 2423747, 732350.8 2423731, 732370.7 2423714, 732389.7 2423696, 732407.7 2423677, 732424.7 2423657, 732440.7 2423636, 732455.5 2423615, 732469.2 2423592, 732481.7 2423569, 732492.9 2423546, 732502.9 2423521, 732511.7 2423497, 732519.1 2423472, 732525.2 2423446, 732530 2423420, 732533.4 2423394, 732535.5 2423368, 732536.2 2423342))"
22,20260531,Forest,4241,9.072886586485563,1.3878819264629725,1,Hani,土葬,无,0,1,0,179,286.48375409382606,360.94990183235063,1256.0445556640625,14.775547981262207,180.6027225451726,785039.3371582031,0,0.15181265024726556,1,12,183577.4642944336,0.23384492420338243,9516.09992980957,0.012121812856228709,0,1,-0.9999446706449069,-0.010519298876293978,8.352554369474591,2.2052904699975566,0.32777879107638785,"POLYGON ((734813.8 2413828, 734813.1 2413802, 734811.1 2413776, 734807.6 2413750, 734802.9 2413724, 734796.8 2413699, 734789.3 2413674, 734780.6 2413649, 734770.6 2413625, 734759.3 2413601, 734746.8 2413578, 734733.1 2413556, 734718.3 2413534, 734702.4 2413514, 734685.4 2413494, 734667.3 2413475, 734648.4 2413457, 734628.5 2413440, 734607.7 2413424, 734586.1 2413409, 734563.8 2413395, 734540.8 2413383, 734517.2 2413372, 734493 2413362, 734468.3 2413353, 734443.2 2413345, 734417.7 2413339, 734392 2413335, 734366.1 2413331, 734340 2413329, 734313.8 2413328, 734287.6 2413329, 734261.5 2413331, 734235.6 2413335, 734209.8 2413339, 734184.4 2413345, 734159.3 2413353, 734134.6 2413362, 734110.4 2413372, 734086.8 2413383, 734063.8 2413395, 734041.5 2413409, 734019.9 2413424, 733999.1 2413440, 733979.2 2413457, 733960.2 2413475, 733942.2 2413494, 733925.2 2413514, 733909.3 2413534, 733894.5 2413556, 733880.8 2413578, 733868.3 2413601, 733857 2413625, 733847 2413649, 733838.3 2413674, 733830.8 2413699, 733824.7 2413724, 733819.9 2413750, 733816.5 2413776, 733814.5 2413802, 733813.8 2413828, 733814.5 2413855, 733816.5 2413881, 733819.9 2413907, 733824.7 2413932, 733830.8 2413958, 733838.3 2413983, 733847 2414008, 733857 2414032, 733868.3 2414055, 733880.8 2414078, 733894.5 2414101, 733909.3 2414122, 733925.2 2414143, 733942.2 2414163, 733960.2 2414182, 733979.2 2414200, 733999.1 2414217, 734019.9 2414233, 734041.5 2414248, 734063.8 2414261, 734086.8 2414274, 734110.4 2414285, 734134.6 2414295, 734159.3 2414304, 734184.4 2414311, 734209.8 2414317, 734235.6 2414322, 734261.5 2414326, 734287.6 2414328, 734313.8 2414328, 734340 2414328, 734366.1 2414326, 734392 2414322, 734417.7 2414317, 734443.2 2414311, 734468.3 2414304, 734493 2414295, 734517.2 2414285, 734540.8 2414274, 734563.8 2414261, 734586.1 2414248, 734607.7 2414233, 734628.5 2414217, 734648.4 2414200, 734667.3 2414182, 734685.4 2414163, 734702.4 2414143, 734718.3 2414122, 734733.1 2414101, 734746.8 2414078, 734759.3 2414055, 734770.6 2414032, 734780.6 2414008, 734789.3 2413983, 734796.8 2413958, 734802.9 2413932, 734807.6 2413907, 734811.1 2413881, 734813.1 2413855, 734813.8 2413828))"
22,20260531,Forest,4967,14.715169008011273,0.38470948012232414,1,Hani,土葬,无,0,1,0,180,100.1865693766016,2648.1056978204597,704.2801513671875,7.321033954620361,303.3870074262204,29283.899688720703,75380.47943115234,0.1714154978829165,1,13,26583.897972106934,0.9077991064948999,2700,0.09220083488538791,0,1,0.5502914131680589,-0.8349726705668281,8.51057131510735,2.688878867043283,-0.9552668266309133,"POLYGON ((770885.3 2388234, 770884.7 2388208, 770882.6 2388182, 770879.2 2388156, 770874.4 2388130, 770868.3 2388105, 770860.9 2388079, 770852.1 2388055, 770842.1 2388031, 770830.8 2388007, 770818.4 2387984, 770804.7 2387962, 770789.9 2387940, 770773.9 2387919, 770756.9 2387899, 770738.9 2387880, 770719.9 2387862, 770700 2387845, 770679.2 2387829, 770657.7 2387815, 770635.3 2387801, 770612.3 2387788, 770588.7 2387777, 770564.5 2387767, 770539.9 2387758, 770514.8 2387751, 770489.3 2387745, 770463.6 2387740, 770437.6 2387737, 770411.5 2387735, 770385.3 2387734, 770359.2 2387735, 770333.1 2387737, 770307.1 2387740, 770281.4 2387745, 770255.9 2387751, 770230.8 2387758, 770206.2 2387767, 770182 2387777, 770158.3 2387788, 770135.3 2387801, 770113 2387815, 770091.5 2387829, 770070.7 2387845, 770050.8 2387862, 770031.8 2387880, 770013.8 2387899, 769996.8 2387919, 769980.8 2387940, 769966 2387962, 769952.3 2387984, 769939.8 2388007, 769928.6 2388031, 769918.6 2388055, 769909.8 2388079, 769902.4 2388105, 769896.3 2388130, 769891.5 2388156, 769888.1 2388182, 769886 2388208, 769885.3 2388234, 769886 2388260, 769888.1 2388286, 769891.5 2388312, 769896.3 2388338, 769902.4 2388363, 769909.8 2388388, 769918.6 2388413, 769928.6 2388437, 769939.8 2388461, 769952.3 2388484, 769966 2388506, 769980.8 2388528, 769996.8 2388549, 770013.8 2388569, 770031.8 2388588, 770050.8 2388606, 770070.7 2388623, 770091.5 2388638, 770113 2388653, 770135.3 2388667, 770158.3 2388679, 770182 2388691, 770206.2 2388701, 770230.8 2388710, 770255.9 2388717, 770281.4 2388723, 770307.1 2388728, 770333.1 2388731, 770359.2 2388733, 770385.3 2388734, 770411.5 2388733, 770437.6 2388731, 770463.6 2388728, 770489.3 2388723, 770514.8 2388717, 770539.9 2388710, 770564.5 2388701, 770588.7 2388691, 770612.3 2388679, 770635.3 2388667, 770657.7 2388653, 770679.2 2388638, 770700 2388623, 770719.9 2388606, 770738.9 2388588, 770756.9 2388569, 770773.9 2388549, 770789.9 2388528, 770804.7 2388506, 770818.4 2388484, 770830.8 2388461, 770842.1 2388437, 770852.1 2388413, 770860.9 2388388, 770868.3 2388363, 770874.4 2388338, 770879.2 2388312, 770882.6 2388286, 770884.7 2388260, 770885.3 2388234))"
22,20260531,Forest,4241,9.072886586485563,1.3878819264629725,1,Hani,土葬,无,0,1,0,181,124.12840082916725,430.1318635587268,1115.98095703125,18.35643768310547,57.80653495594085,785039.3371582031,0,0.08655206396907524,1,14,307300.47912597656,0.3914459627442193,74176.05514526367,0.09448705515035297,0,1,0.5327797587760204,0.846253938625142,8.352554369474591,2.2052904699975566,0.32777879107638785,"POLYGON ((730571.7 2415279, 730571 2415252, 730568.9 2415226, 730565.5 2415200, 730560.8 2415175, 730554.7 2415149, 730547.2 2415124, 730538.5 2415099, 730528.5 2415075, 730517.2 2415052, 730504.7 2415029, 730491 2415006, 730476.2 2414985, 730460.3 2414964, 730443.3 2414944, 730425.2 2414925, 730406.3 2414907, 730386.3 2414890, 730365.6 2414874, 730344 2414859, 730321.7 2414846, 730298.7 2414833, 730275.1 2414822, 730250.9 2414812, 730226.2 2414803, 730201.1 2414796, 730175.6 2414790, 730149.9 2414785, 730124 2414781, 730097.9 2414779, 730071.7 2414779, 730045.5 2414779, 730019.4 2414781, 729993.5 2414785, 729967.7 2414790, 729942.3 2414796, 729917.2 2414803, 729892.5 2414812, 729868.3 2414822, 729844.7 2414833, 729821.7 2414846, 729799.4 2414859, 729777.8 2414874, 729757 2414890, 729737.1 2414907, 729718.1 2414925, 729700.1 2414944, 729683.1 2414964, 729667.2 2414985, 729652.4 2415006, 729638.7 2415029, 729626.2 2415052, 729614.9 2415075, 729604.9 2415099, 729596.2 2415124, 729588.7 2415149, 729582.6 2415175, 729577.8 2415200, 729574.4 2415226, 729572.4 2415252, 729571.7 2415279, 729572.4 2415305, 729574.4 2415331, 729577.8 2415357, 729582.6 2415383, 729588.7 2415408, 729596.2 2415433, 729604.9 2415458, 729614.9 2415482, 729626.2 2415506, 729638.7 2415529, 729652.4 2415551, 729667.2 2415573, 729683.1 2415593, 729700.1 2415613, 729718.1 2415632, 729737.1 2415650, 729757 2415667, 729777.8 2415683, 729799.4 2415698, 729821.7 2415712, 729844.7 2415724, 729868.3 2415735, 729892.5 2415745, 729917.2 2415754, 729942.3 2415762, 729967.7 2415768, 729993.5 2415772, 730019.4 2415776, 730045.5 2415778, 730071.7 2415779, 730097.9 2415778, 730124 2415776, 730149.9 2415772, 730175.6 2415768, 730201.1 2415762, 730226.2 2415754, 730250.9 2415745, 730275.1 2415735, 730298.7 2415724, 730321.7 2415712, 730344 2415698, 730365.6 2415683, 730386.3 2415667, 730406.3 2415650, 730425.2 2415632, 730443.3 2415613, 730460.3 2415593, 730476.2 2415573, 730491 2415551, 730504.7 2415529, 730517.2 2415506, 730528.5 2415482, 730538.5 2415458, 730547.2 2415433, 730554.7 2415408, 730560.8 2415383, 730565.5 2415357, 730568.9 2415331, 730571 2415305, 730571.7 2415279))"
22,20260531,Forest,4241,9.072886586485563,1.3878819264629725,1,Hani,土葬,无,0,1,0,182,28.403953140942804,1249.564221888181,1248.65380859375,14.356022834777832,217.06227819347566,785039.3371582031,0,0.09178666345657899,1,15,168233.84857177734,0.2142998963348437,97333.3740234375,0.12398534623217566,0,1,-0.7979808898160871,-0.6026827519419532,8.352554369474591,2.2052904699975566,0.32777879107638785,"POLYGON ((741848.9 2414218, 741848.2 2414192, 741846.2 2414166, 741842.8 2414140, 741838 2414114, 741831.9 2414088, 741824.5 2414063, 741815.7 2414039, 741805.7 2414014, 741794.4 2413991, 741781.9 2413968, 741768.3 2413946, 741753.4 2413924, 741737.5 2413903, 741720.5 2413883, 741702.5 2413864, 741683.5 2413846, 741663.6 2413829, 741642.8 2413813, 741621.2 2413798, 741598.9 2413785, 741575.9 2413772, 741552.3 2413761, 741528.1 2413751, 741503.4 2413742, 741478.3 2413735, 741452.9 2413729, 741427.1 2413724, 741401.2 2413721, 741375.1 2413719, 741348.9 2413718, 741322.8 2413719, 741296.7 2413721, 741270.7 2413724, 741245 2413729, 741219.5 2413735, 741194.4 2413742, 741169.7 2413751, 741145.6 2413761, 741121.9 2413772, 741098.9 2413785, 741076.6 2413798, 741055 2413813, 741034.3 2413829, 741014.4 2413846, 740995.4 2413864, 740977.4 2413883, 740960.4 2413903, 740944.4 2413924, 740929.6 2413946, 740915.9 2413968, 740903.4 2413991, 740892.2 2414014, 740882.1 2414039, 740873.4 2414063, 740866 2414088, 740859.9 2414114, 740855.1 2414140, 740851.7 2414166, 740849.6 2414192, 740848.9 2414218, 740849.6 2414244, 740851.7 2414270, 740855.1 2414296, 740859.9 2414322, 740866 2414347, 740873.4 2414372, 740882.1 2414397, 740892.2 2414421, 740903.4 2414445, 740915.9 2414468, 740929.6 2414490, 740944.4 2414512, 740960.4 2414532, 740977.4 2414552, 740995.4 2414571, 741014.4 2414589, 741034.3 2414606, 741055 2414622, 741076.6 2414637, 741098.9 2414651, 741121.9 2414663, 741145.6 2414675, 741169.7 2414685, 741194.4 2414693, 741219.5 2414701, 741245 2414707, 741270.7 2414712, 741296.7 2414715, 741322.8 2414717, 741348.9 2414718, 741375.1 2414717, 741401.2 2414715, 741427.1 2414712, 741452.9 2414707, 741478.3 2414701, 741503.4 2414693, 741528.1 2414685, 741552.3 2414675, 741575.9 2414663, 741598.9 2414651, 741621.2 2414637, 741642.8 2414622, 741663.6 2414606, 741683.5 2414589, 741702.5 2414571, 741720.5 2414552, 741737.5 2414532, 741753.4 2414512, 741768.3 2414490, 741781.9 2414468, 741794.4 2414445, 741805.7 2414421, 741815.7 2414397, 741824.5 2414372, 741831.9 2414347, 741838 2414322, 741842.8 2414296, 741846.2 2414270, 741848.2 2414244, 741848.9 2414218))"
22,20260531,Forest,4016,17.382211004373175,1.8414195867026055,1,Hani,土葬,无,0,1,0,188,215.86852665744715,1302.9206369899366,646.4871826171875,11.3733491897583,136.55877676704347,18860.04066467285,434781.62841796875,0.31265383369900385,1,20,8023.773765563965,0.4254377765257669,2770.439314842224,0.14689466285359573,0,1,-0.726080136448918,0.6876100896978756,8.298041661371565,2.8554473271875427,0.6105367886688474,"POLYGON ((736813.5 2400697, 736812.8 2400671, 736810.8 2400645, 736807.3 2400619, 736802.6 2400593, 736796.5 2400567, 736789 2400542, 736780.3 2400518, 736770.3 2400493, 736759 2400470, 736746.5 2400447, 736732.8 2400425, 736718 2400403, 736702.1 2400382, 736685.1 2400362, 736667 2400343, 736648.1 2400325, 736628.2 2400308, 736607.4 2400292, 736585.8 2400278, 736563.5 2400264, 736540.5 2400251, 736516.9 2400240, 736492.7 2400230, 736468 2400221, 736442.9 2400214, 736417.5 2400208, 736391.7 2400203, 736365.8 2400200, 736339.7 2400198, 736313.5 2400197, 736287.3 2400198, 736261.2 2400200, 736235.3 2400203, 736209.5 2400208, 736184.1 2400214, 736159 2400221, 736134.3 2400230, 736110.1 2400240, 736086.5 2400251, 736063.5 2400264, 736041.2 2400278, 736019.6 2400292, 735998.8 2400308, 735978.9 2400325, 735959.9 2400343, 735941.9 2400362, 735924.9 2400382, 735909 2400403, 735894.2 2400425, 735880.5 2400447, 735868 2400470, 735856.7 2400493, 735846.7 2400518, 735838 2400542, 735830.5 2400567, 735824.4 2400593, 735819.7 2400619, 735816.2 2400645, 735814.2 2400671, 735813.5 2400697, 735814.2 2400723, 735816.2 2400749, 735819.7 2400775, 735824.4 2400801, 735830.5 2400826, 735838 2400851, 735846.7 2400876, 735856.7 2400900, 735868 2400924, 735880.5 2400947, 735894.2 2400969, 735909 2400991, 735924.9 2401012, 735941.9 2401031, 735959.9 2401050, 735978.9 2401068, 735998.8 2401085, 736019.6 2401101, 736041.2 2401116, 736063.5 2401130, 736086.5 2401142, 736110.1 2401154, 736134.3 2401164, 736159 2401172, 736184.1 2401180, 736209.5 2401186, 736235.3 2401191, 736261.2 2401194, 736287.3 2401196, 736313.5 2401197, 736339.7 2401196, 736365.8 2401194, 736391.7 2401191, 736417.5 2401186, 736442.9 2401180, 736468 2401172, 736492.7 2401164, 736516.9 2401154, 736540.5 2401142, 736563.5 2401130, 736585.8 2401116, 736607.4 2401101, 736628.2 2401085, 736648.1 2401068, 736667 2401050, 736685.1 2401031, 736702.1 2401012, 736718 2400991, 736732.8 2400969, 736746.5 2400947, 736759 2400924, 736770.3 2400900, 736780.3 2400876, 736789 2400851, 736796.5 2400826, 736802.6 2400801, 736807.3 2400775, 736810.8 2400749, 736812.8 2400723, 736813.5 2400697))"
22,20260531,Forest,4016,17.382211004373175,1.8414195867026055,1,Hani,土葬,无,0,1,0,189,137.21434061685437,2040.6024855791748,694.8902587890625,10.726842880249023,84.32314396167865,422454.8034667969,8100,0.2456455383356753,1,21,258274.12719726562,0.6113651095402087,35244.154357910156,0.08342704135137191,0,1,0.09891780056333861,0.9950956078345997,8.298041661371565,2.8554473271875427,0.6105367886688474,"POLYGON ((738030.8 2403802, 738030.1 2403776, 738028 2403750, 738024.6 2403724, 738019.9 2403698, 738013.7 2403672, 738006.3 2403647, 737997.6 2403623, 737987.5 2403598, 737976.3 2403575, 737963.8 2403552, 737950.1 2403529, 737935.3 2403508, 737919.3 2403487, 737902.3 2403467, 737884.3 2403448, 737865.3 2403430, 737845.4 2403413, 737824.7 2403397, 737803.1 2403382, 737780.8 2403369, 737757.8 2403356, 737734.1 2403345, 737710 2403335, 737685.3 2403326, 737660.2 2403319, 737634.7 2403313, 737609 2403308, 737583 2403305, 737556.9 2403303, 737530.8 2403302, 737504.6 2403303, 737478.5 2403305, 737452.6 2403308, 737426.8 2403313, 737401.4 2403319, 737376.3 2403326, 737351.6 2403335, 737327.4 2403345, 737303.8 2403356, 737280.8 2403369, 737258.5 2403382, 737236.9 2403397, 737216.1 2403413, 737196.2 2403430, 737177.2 2403448, 737159.2 2403467, 737142.2 2403487, 737126.3 2403508, 737111.4 2403529, 737097.8 2403552, 737085.3 2403575, 737074 2403598, 737064 2403623, 737055.2 2403647, 737047.8 2403672, 737041.7 2403698, 737036.9 2403724, 737033.5 2403750, 737031.5 2403776, 737030.8 2403802, 737031.5 2403828, 737033.5 2403854, 737036.9 2403880, 737041.7 2403906, 737047.8 2403931, 737055.2 2403956, 737064 2403981, 737074 2404005, 737085.3 2404029, 737097.8 2404052, 737111.4 2404074, 737126.3 2404096, 737142.2 2404116, 737159.2 2404136, 737177.2 2404155, 737196.2 2404173, 737216.1 2404190, 737236.9 2404206, 737258.5 2404221, 737280.8 2404235, 737303.8 2404247, 737327.4 2404259, 737351.6 2404269, 737376.3 2404277, 737401.4 2404285, 737426.8 2404291, 737452.6 2404296, 737478.5 2404299, 737504.6 2404301, 737530.8 2404302, 737556.9 2404301, 737583 2404299, 737609 2404296, 737634.7 2404291, 737660.2 2404285, 737685.3 2404277, 737710 2404269, 737734.1 2404259, 737757.8 2404247, 737780.8 2404235, 737803.1 2404221, 737824.7 2404206, 737845.4 2404190, 737865.3 2404173, 737884.3 2404155, 737902.3 2404136, 737919.3 2404116, 737935.3 2404096, 737950.1 2404074, 737963.8 2404052, 737976.3 2404029, 737987.5 2404005, 737997.6 2403981, 738006.3 2403956, 738013.7 2403931, 738019.9 2403906, 738024.6 2403880, 738028 2403854, 738030.1 2403828, 738030.8 2403802))"
22,20260531,Forest,4016,17.382211004373175,1.8414195867026055,1,Hani,土葬,无,0,1,0,190,272.6172344052151,3081.2649702185167,715.23291015625,9.811060905456543,164.32962278074228,785039.3371582031,0,0.16764821978014333,1,22,470838.0432128906,0.5997636308484834,18882.854461669922,0.024053386330963693,0,1,-0.9628315222594462,0.27010268370299007,8.298041661371565,2.8554473271875427,0.6105367886688474,"POLYGON ((738021 2405143, 738020.3 2405117, 738018.2 2405091, 738014.8 2405065, 738010 2405039, 738003.9 2405014, 737996.5 2404988, 737987.8 2404964, 737977.7 2404940, 737966.5 2404916, 737954 2404893, 737940.3 2404871, 737925.5 2404849, 737909.5 2404828, 737892.5 2404808, 737874.5 2404789, 737855.5 2404771, 737835.6 2404754, 737814.9 2404738, 737793.3 2404724, 737771 2404710, 737748 2404697, 737724.3 2404686, 737700.2 2404676, 737675.5 2404667, 737650.4 2404660, 737624.9 2404654, 737599.2 2404649, 737573.2 2404646, 737547.1 2404644, 737521 2404643, 737494.8 2404644, 737468.7 2404646, 737442.8 2404649, 737417 2404654, 737391.6 2404660, 737366.5 2404667, 737341.8 2404676, 737317.6 2404686, 737294 2404697, 737271 2404710, 737248.7 2404724, 737227.1 2404738, 737206.3 2404754, 737186.4 2404771, 737167.4 2404789, 737149.4 2404808, 737132.4 2404828, 737116.5 2404849, 737101.6 2404871, 737088 2404893, 737075.5 2404916, 737064.2 2404940, 737054.2 2404964, 737045.4 2404988, 737038 2405014, 737031.9 2405039, 737027.1 2405065, 737023.7 2405091, 737021.7 2405117, 737021 2405143, 737021.7 2405169, 737023.7 2405195, 737027.1 2405221, 737031.9 2405247, 737038 2405272, 737045.4 2405297, 737054.2 2405322, 737064.2 2405346, 737075.5 2405370, 737088 2405393, 737101.6 2405415, 737116.5 2405437, 737132.4 2405458, 737149.4 2405478, 737167.4 2405497, 737186.4 2405515, 737206.3 2405532, 737227.1 2405547, 737248.7 2405562, 737271 2405576, 737294 2405588, 737317.6 2405600, 737341.8 2405610, 737366.5 2405619, 737391.6 2405626, 737417 2405632, 737442.8 2405637, 737468.7 2405640, 737494.8 2405642, 737521 2405643, 737547.1 2405642, 737573.2 2405640, 737599.2 2405637, 737624.9 2405632, 737650.4 2405626, 737675.5 2405619, 737700.2 2405610, 737724.3 2405600, 737748 2405588, 737771 2405576, 737793.3 2405562, 737814.9 2405547, 737835.6 2405532, 737855.5 2405515, 737874.5 2405497, 737892.5 2405478, 737909.5 2405458, 737925.5 2405437, 737940.3 2405415, 737954 2405393, 737966.5 2405370, 737977.7 2405346, 737987.8 2405322, 737996.5 2405297, 738003.9 2405272, 738010 2405247, 738014.8 2405221, 738018.2 2405195, 738020.3 2405169, 738021 2405143))"
22,20260531,Forest,4016,17.382211004373175,1.8414195867026055,1,Hani,土葬,无,0,1,0,191,135.70389098252332,2677.0618490592274,773.4237060546875,12.152076721191406,206.10013013728533,48506.11152648926,154649.30877685547,0.10166601803805386,1,23,48506.11152648926,1,0,0,0,1,-0.8980265765138565,-0.4399412095664631,8.298041661371565,2.8554473271875427,0.6105367886688474,"POLYGON ((731471.1 2400429, 731470.4 2400403, 731468.4 2400377, 731464.9 2400351, 731460.2 2400325, 731454.1 2400300, 731446.6 2400275, 731437.9 2400250, 731427.9 2400226, 731416.6 2400202, 731404.1 2400179, 731390.4 2400157, 731375.6 2400136, 731359.7 2400115, 731342.7 2400095, 731324.6 2400076, 731305.7 2400058, 731285.8 2400041, 731265 2400025, 731243.4 2400010, 731221.1 2399996, 731198.1 2399984, 731174.5 2399973, 731150.3 2399963, 731125.6 2399954, 731100.5 2399946, 731075 2399940, 731049.3 2399936, 731023.4 2399932, 730997.3 2399930, 730971.1 2399929, 730944.9 2399930, 730918.8 2399932, 730892.9 2399936, 730867.1 2399940, 730841.7 2399946, 730816.6 2399954, 730791.9 2399963, 730767.7 2399973, 730744.1 2399984, 730721.1 2399996, 730698.8 2400010, 730677.2 2400025, 730656.4 2400041, 730636.5 2400058, 730617.5 2400076, 730599.5 2400095, 730582.5 2400115, 730566.6 2400136, 730551.8 2400157, 730538.1 2400179, 730525.6 2400202, 730514.3 2400226, 730504.3 2400250, 730495.6 2400275, 730488.1 2400300, 730482 2400325, 730477.2 2400351, 730473.8 2400377, 730471.8 2400403, 730471.1 2400429, 730471.8 2400456, 730473.8 2400482, 730477.2 2400508, 730482 2400533, 730488.1 2400559, 730495.6 2400584, 730504.3 2400609, 730514.3 2400633, 730525.6 2400656, 730538.1 2400679, 730551.8 2400702, 730566.6 2400723, 730582.5 2400744, 730599.5 2400764, 730617.5 2400783, 730636.5 2400801, 730656.4 2400818, 730677.2 2400834, 730698.8 2400849, 730721.1 2400862, 730744.1 2400875, 730767.7 2400886, 730791.9 2400896, 730816.6 2400905, 730841.7 2400912, 730867.1 2400919, 730892.9 2400923, 730918.8 2400927, 730944.9 2400929, 730971.1 2400929, 730997.3 2400929, 731023.4 2400927, 731049.3 2400923, 731075 2400919, 731100.5 2400912, 731125.6 2400905, 731150.3 2400896, 731174.5 2400886, 731198.1 2400875, 731221.1 2400862, 731243.4 2400849, 731265 2400834, 731285.8 2400818, 731305.7 2400801, 731324.6 2400783, 731342.7 2400764, 731359.7 2400744, 731375.6 2400723, 731390.4 2400702, 731404.1 2400679, 731416.6 2400656, 731427.9 2400633, 731437.9 2400609, 731446.6 2400584, 731454.1 2400559, 731460.2 2400533, 731464.9 2400508, 731468.4 2400482, 731470.4 2400456, 731471.1 2400429))"
22,20260531,Forest,4016,17.382211004373175,1.8414195867026055,1,Hani,土葬,无,0,1,0,192,891.46987148349,1898.5515280691554,865.47979736328125,12.16067886352539,193.4561861403811,558724.2736816406,20685.82248687744,0.11623582720416133,1,24,304565.07568359375,0.5451080077060227,90772.66159057617,0.16246414531525824,0,1,-0.9725481508399623,-0.2327017281795945,8.298041661371565,2.8554473271875427,0.6105367886688474,"POLYGON ((732599.4 2401403, 732598.8 2401377, 732596.7 2401351, 732593.3 2401325, 732588.5 2401299, 732582.4 2401274, 732575 2401249, 732566.2 2401224, 732556.2 2401200, 732545 2401176, 732532.5 2401153, 732518.8 2401131, 732504 2401109, 732488 2401089, 732471 2401069, 732453 2401050, 732434 2401032, 732414.1 2401015, 732393.3 2400999, 732371.8 2400984, 732349.4 2400970, 732326.4 2400958, 732302.8 2400947, 732278.6 2400937, 732254 2400928, 732228.9 2400920, 732203.4 2400914, 732177.7 2400909, 732151.7 2400906, 732125.6 2400904, 732099.4 2400903, 732073.3 2400904, 732047.2 2400906, 732021.2 2400909, 731995.5 2400914, 731970 2400920, 731944.9 2400928, 731920.3 2400937, 731896.1 2400947, 731872.5 2400958, 731849.4 2400970, 731827.1 2400984, 731805.6 2400999, 731784.8 2401015, 731764.9 2401032, 731745.9 2401050, 731727.9 2401069, 731710.9 2401089, 731694.9 2401109, 731680.1 2401131, 731666.4 2401153, 731653.9 2401176, 731642.7 2401200, 731632.7 2401224, 731623.9 2401249, 731616.5 2401274, 731610.4 2401299, 731605.6 2401325, 731602.2 2401351, 731600.1 2401377, 731599.4 2401403, 731600.1 2401429, 731602.2 2401456, 731605.6 2401482, 731610.4 2401507, 731616.5 2401533, 731623.9 2401558, 731632.7 2401582, 731642.7 2401607, 731653.9 2401630, 731666.4 2401653, 731680.1 2401676, 731694.9 2401697, 731710.9 2401718, 731727.9 2401738, 731745.9 2401757, 731764.9 2401775, 731784.8 2401792, 731805.6 2401808, 731827.1 2401823, 731849.4 2401836, 731872.5 2401849, 731896.1 2401860, 731920.3 2401870, 731944.9 2401879, 731970 2401886, 731995.5 2401892, 732021.2 2401897, 732047.2 2401901, 732073.3 2401903, 732099.4 2401903, 732125.6 2401903, 732151.7 2401901, 732177.7 2401897, 732203.4 2401892, 732228.9 2401886, 732254 2401879, 732278.6 2401870, 732302.8 2401860, 732326.4 2401849, 732349.4 2401836, 732371.8 2401823, 732393.3 2401808, 732414.1 2401792, 732434 2401775, 732453 2401757, 732471 2401738, 732488 2401718, 732504 2401697, 732518.8 2401676, 732532.5 2401653, 732545 2401630, 732556.2 2401607, 732566.2 2401582, 732575 2401558, 732582.4 2401533, 732588.5 2401507, 732593.3 2401482, 732596.7 2401456, 732598.8 2401429, 732599.4 2401403))"
22,20260531,Forest,3811,10.661592163113635,1.3790983606557377,1,Hani,土葬,无,0,1,0,196,630.0468175154348,1447.6152493561315,722.5592041015625,17.82517433166504,203.69453057730385,63484.90905761719,261727.1026611328,0.05428190035982218,1,25,17471.135330200195,0.27520139178814707,14832.876777648926,0.23364413681662533,0,1,-0.9157009588748635,-0.4018603661916108,8.24564690087386,2.366647766225861,0.3214299237915806,"POLYGON ((728113.4 2400215, 728112.7 2400189, 728110.7 2400163, 728107.3 2400137, 728102.5 2400111, 728096.4 2400086, 728089 2400061, 728080.2 2400036, 728070.2 2400012, 728058.9 2399988, 728046.4 2399965, 728032.8 2399943, 728017.9 2399921, 728002 2399901, 727985 2399881, 727967 2399862, 727948 2399844, 727928.1 2399827, 727907.3 2399811, 727885.8 2399796, 727863.4 2399782, 727840.4 2399770, 727816.8 2399758, 727792.6 2399748, 727767.9 2399740, 727742.8 2399732, 727717.4 2399726, 727691.7 2399721, 727665.7 2399718, 727639.6 2399716, 727613.4 2399715, 727587.3 2399716, 727561.2 2399718, 727535.2 2399721, 727509.5 2399726, 727484 2399732, 727458.9 2399740, 727434.3 2399748, 727410.1 2399758, 727386.4 2399770, 727363.4 2399782, 727341.1 2399796, 727319.5 2399811, 727298.8 2399827, 727278.9 2399844, 727259.9 2399862, 727241.9 2399881, 727224.9 2399901, 727208.9 2399921, 727194.1 2399943, 727180.4 2399965, 727167.9 2399988, 727156.7 2400012, 727146.6 2400036, 727137.9 2400061, 727130.5 2400086, 727124.4 2400111, 727119.6 2400137, 727116.2 2400163, 727114.1 2400189, 727113.4 2400215, 727114.1 2400241, 727116.2 2400268, 727119.6 2400293, 727124.4 2400319, 727130.5 2400345, 727137.9 2400370, 727146.6 2400394, 727156.7 2400419, 727167.9 2400442, 727180.4 2400465, 727194.1 2400488, 727208.9 2400509, 727224.9 2400530, 727241.9 2400550, 727259.9 2400569, 727278.9 2400587, 727298.8 2400604, 727319.5 2400620, 727341.1 2400635, 727363.4 2400648, 727386.4 2400661, 727410.1 2400672, 727434.3 2400682, 727458.9 2400691, 727484 2400698, 727509.5 2400704, 727535.2 2400709, 727561.2 2400713, 727587.3 2400715, 727613.4 2400715, 727639.6 2400715, 727665.7 2400713, 727691.7 2400709, 727717.4 2400704, 727742.8 2400698, 727767.9 2400691, 727792.6 2400682, 727816.8 2400672, 727840.4 2400661, 727863.4 2400648, 727885.8 2400635, 727907.3 2400620, 727928.1 2400604, 727948 2400587, 727967 2400569, 727985 2400550, 728002 2400530, 728017.9 2400509, 728032.8 2400488, 728046.4 2400465, 728058.9 2400442, 728070.2 2400419, 728080.2 2400394, 728089 2400370, 728096.4 2400345, 728102.5 2400319, 728107.3 2400293, 728110.7 2400268, 728112.7 2400241, 728113.4 2400215))"
22,20260531,Forest,3811,10.661592163113635,1.3790983606557377,1,Hani,土葬,无,0,1,0,199,107.99604093965563,1895.1077632908427,676.84393310546875,12.20083236694336,28.197963660265888,13769.408798217773,359272.84240722656,0.1505617665438892,1,27,12869.408798217773,0.9346377166086832,900,0.06536228339131672,0,1,0.8813202463562207,0.4725194423117534,8.24564690087386,2.366647766225861,0.3214299237915806,"POLYGON ((727341 2400129, 727340.4 2400103, 727338.3 2400076, 727334.9 2400050, 727330.1 2400025, 727324 2399999, 727316.6 2399974, 727307.8 2399949, 727297.8 2399925, 727286.5 2399902, 727274.1 2399879, 727260.4 2399856, 727245.6 2399835, 727229.6 2399814, 727212.6 2399794, 727194.6 2399775, 727175.6 2399757, 727155.7 2399740, 727134.9 2399724, 727113.4 2399709, 727091 2399696, 727068 2399683, 727044.4 2399672, 727020.2 2399662, 726995.6 2399653, 726970.5 2399646, 726945 2399640, 726919.3 2399635, 726893.3 2399631, 726867.2 2399629, 726841 2399629, 726814.9 2399629, 726788.8 2399631, 726762.8 2399635, 726737.1 2399640, 726711.6 2399646, 726686.5 2399653, 726661.9 2399662, 726637.7 2399672, 726614.1 2399683, 726591 2399696, 726568.7 2399709, 726547.2 2399724, 726526.4 2399740, 726506.5 2399757, 726487.5 2399775, 726469.5 2399794, 726452.5 2399814, 726436.5 2399835, 726421.7 2399856, 726408 2399879, 726395.5 2399902, 726384.3 2399925, 726374.3 2399949, 726365.5 2399974, 726358.1 2399999, 726352 2400025, 726347.2 2400050, 726343.8 2400076, 726341.7 2400103, 726341 2400129, 726341.7 2400155, 726343.8 2400181, 726347.2 2400207, 726352 2400233, 726358.1 2400258, 726365.5 2400283, 726374.3 2400308, 726384.3 2400332, 726395.5 2400356, 726408 2400379, 726421.7 2400401, 726436.5 2400423, 726452.5 2400443, 726469.5 2400463, 726487.5 2400482, 726506.5 2400500, 726526.4 2400517, 726547.2 2400533, 726568.7 2400548, 726591 2400562, 726614.1 2400574, 726637.7 2400585, 726661.9 2400595, 726686.5 2400604, 726711.6 2400612, 726737.1 2400618, 726762.8 2400623, 726788.8 2400626, 726814.9 2400628, 726841 2400629, 726867.2 2400628, 726893.3 2400626, 726919.3 2400623, 726945 2400618, 726970.5 2400612, 726995.6 2400604, 727020.2 2400595, 727044.4 2400585, 727068 2400574, 727091 2400562, 727113.4 2400548, 727134.9 2400533, 727155.7 2400517, 727175.6 2400500, 727194.6 2400482, 727212.6 2400463, 727229.6 2400443, 727245.6 2400423, 727260.4 2400401, 727274.1 2400379, 727286.5 2400356, 727297.8 2400332, 727307.8 2400308, 727316.6 2400283, 727324 2400258, 727330.1 2400233, 727334.9 2400207, 727338.3 2400181, 727340.4 2400155, 727341 2400129))"
22,20260531,Forest,8886,8.992587088813218,0.5246636771300448,1,Hani,土葬,无,0,1,0,203,102.38964406765164,2246.6993228369256,692.236083984375,12.334798812866211,208.3894243706698,39277.825927734375,323813.80920410156,0.12677536023434507,1,30,11700,0.29787799410095506,10370.301532745361,0.26402432639284173,0,1,-0.8797363483850408,-0.47546183582928525,9.092232283495854,2.1964005811460527,-0.6449978366623628,"POLYGON ((729180.5 2396739, 729179.8 2396713, 729177.8 2396687, 729174.4 2396661, 729169.6 2396635, 729163.5 2396609, 729156 2396584, 729147.3 2396560, 729137.3 2396536, 729126 2396512, 729113.5 2396489, 729099.8 2396467, 729085 2396445, 729069.1 2396424, 729052.1 2396404, 729034.1 2396385, 729015.1 2396367, 728995.2 2396350, 728974.4 2396334, 728952.8 2396320, 728930.5 2396306, 728907.5 2396293, 728883.9 2396282, 728859.7 2396272, 728835 2396263, 728809.9 2396256, 728784.5 2396250, 728758.7 2396245, 728732.8 2396242, 728706.7 2396240, 728680.5 2396239, 728654.3 2396240, 728628.2 2396242, 728602.3 2396245, 728576.6 2396250, 728551.1 2396256, 728526 2396263, 728501.3 2396272, 728477.1 2396282, 728453.5 2396293, 728430.5 2396306, 728408.2 2396320, 728386.6 2396334, 728365.8 2396350, 728345.9 2396367, 728327 2396385, 728308.9 2396404, 728291.9 2396424, 728276 2396445, 728261.2 2396467, 728247.5 2396489, 728235 2396512, 728223.7 2396536, 728213.7 2396560, 728205 2396584, 728197.5 2396609, 728191.4 2396635, 728186.7 2396661, 728183.2 2396687, 728181.2 2396713, 728180.5 2396739, 728181.2 2396765, 728183.2 2396791, 728186.7 2396817, 728191.4 2396843, 728197.5 2396868, 728205 2396893, 728213.7 2396918, 728223.7 2396942, 728235 2396966, 728247.5 2396989, 728261.2 2397011, 728276 2397033, 728291.9 2397054, 728308.9 2397073, 728327 2397092, 728345.9 2397110, 728365.8 2397127, 728386.6 2397143, 728408.2 2397158, 728430.5 2397172, 728453.5 2397184, 728477.1 2397196, 728501.3 2397206, 728526 2397214, 728551.1 2397222, 728576.6 2397228, 728602.3 2397233, 728628.2 2397236, 728654.3 2397238, 728680.5 2397239, 728706.7 2397238, 728732.8 2397236, 728758.7 2397233, 728784.5 2397228, 728809.9 2397222, 728835 2397214, 728859.7 2397206, 728883.9 2397196, 728907.5 2397184, 728930.5 2397172, 728952.8 2397158, 728974.4 2397143, 728995.2 2397127, 729015.1 2397110, 729034.1 2397092, 729052.1 2397073, 729069.1 2397054, 729085 2397033, 729099.8 2397011, 729113.5 2396989, 729126 2396966, 729137.3 2396942, 729147.3 2396918, 729156 2396893, 729163.5 2396868, 729169.6 2396843, 729174.4 2396817, 729177.8 2396791, 729179.8 2396765, 729180.5 2396739))"
22,20260531,Forest,8886,8.992587088813218,0.5246636771300448,1,Hani,土葬,无,0,1,0,204,109.38889013607779,2121.6696573343293,701.19598388671875,11.629351615905762,254.3125383718353,50959.732818603516,385499.2126464844,0.11240930561418377,1,31,21069.083976745605,0.41344573080363684,10800,0.21193203736847926,0,1,-0.2703897680109486,-0.962750940459154,9.092232283495854,2.1964005811460527,-0.6449978366623628,"POLYGON ((729391.1 2396329, 729390.4 2396303, 729388.3 2396277, 729384.9 2396251, 729380.1 2396225, 729374 2396200, 729366.6 2396175, 729357.9 2396150, 729347.8 2396126, 729336.6 2396102, 729324.1 2396079, 729310.4 2396057, 729295.6 2396035, 729279.6 2396015, 729262.6 2395995, 729244.6 2395976, 729225.6 2395958, 729205.7 2395941, 729185 2395925, 729163.4 2395910, 729141.1 2395896, 729118.1 2395884, 729094.4 2395873, 729070.3 2395863, 729045.6 2395854, 729020.5 2395846, 728995 2395840, 728969.3 2395836, 728943.3 2395832, 728917.2 2395830, 728891.1 2395829, 728864.9 2395830, 728838.8 2395832, 728812.8 2395836, 728787.1 2395840, 728761.7 2395846, 728736.6 2395854, 728711.9 2395863, 728687.7 2395873, 728664.1 2395884, 728641.1 2395896, 728618.7 2395910, 728597.2 2395925, 728576.4 2395941, 728556.5 2395958, 728537.5 2395976, 728519.5 2395995, 728502.5 2396015, 728486.6 2396035, 728471.7 2396057, 728458.1 2396079, 728445.6 2396102, 728434.3 2396126, 728424.3 2396150, 728415.5 2396175, 728408.1 2396200, 728402 2396225, 728397.2 2396251, 728393.8 2396277, 728391.8 2396303, 728391.1 2396329, 728391.8 2396356, 728393.8 2396382, 728397.2 2396408, 728402 2396433, 728408.1 2396459, 728415.5 2396484, 728424.3 2396509, 728434.3 2396533, 728445.6 2396556, 728458.1 2396579, 728471.7 2396602, 728486.6 2396623, 728502.5 2396644, 728519.5 2396664, 728537.5 2396683, 728556.5 2396701, 728576.4 2396718, 728597.2 2396734, 728618.7 2396749, 728641.1 2396762, 728664.1 2396775, 728687.7 2396786, 728711.9 2396796, 728736.6 2396805, 728761.7 2396812, 728787.1 2396818, 728812.8 2396823, 728838.8 2396827, 728864.9 2396829, 728891.1 2396829, 728917.2 2396829, 728943.3 2396827, 728969.3 2396823, 728995 2396818, 729020.5 2396812, 729045.6 2396805, 729070.3 2396796, 729094.4 2396786, 729118.1 2396775, 729141.1 2396762, 729163.4 2396749, 729185 2396734, 729205.7 2396718, 729225.6 2396701, 729244.6 2396683, 729262.6 2396664, 729279.6 2396644, 729295.6 2396623, 729310.4 2396602, 729324.1 2396579, 729336.6 2396556, 729347.8 2396533, 729357.9 2396509, 729366.6 2396484, 729374 2396459, 729380.1 2396433, 729384.9 2396408, 729388.3 2396382, 729390.4 2396356, 729391.1 2396329))"
22,20260531,Forest,8886,8.992587088813218,0.5246636771300448,1,Hani,土葬,无,0,1,0,229,319.79822930249657,1215.4223012199905,595.862548828125,12.17822551727295,15.712838902341101,24189.815711975098,93859.1194152832,0.184900554746509,1,32,20589.815711975098,0.8511770390124208,0,0,0,1,0.9626310858069619,0.2708161602233321,9.092232283495854,2.1964005811460527,-0.6449978366623628,"POLYGON ((736942.5 2390537, 736941.9 2390510, 736939.8 2390484, 736936.4 2390458, 736931.6 2390433, 736925.5 2390407, 736918.1 2390382, 736909.3 2390357, 736899.3 2390333, 736888 2390310, 736875.6 2390287, 736861.9 2390264, 736847 2390243, 736831.1 2390222, 736814.1 2390202, 736796.1 2390183, 736777.1 2390165, 736757.2 2390148, 736736.4 2390132, 736714.9 2390117, 736692.5 2390104, 736669.5 2390091, 736645.9 2390080, 736621.7 2390070, 736597 2390061, 736571.9 2390054, 736546.5 2390047, 736520.8 2390043, 736494.8 2390039, 736468.7 2390037, 736442.5 2390037, 736416.4 2390037, 736390.3 2390039, 736364.3 2390043, 736338.6 2390047, 736313.1 2390054, 736288 2390061, 736263.4 2390070, 736239.2 2390080, 736215.5 2390091, 736192.5 2390104, 736170.2 2390117, 736148.6 2390132, 736127.9 2390148, 736108 2390165, 736089 2390183, 736071 2390202, 736054 2390222, 736038 2390243, 736023.2 2390264, 736009.5 2390287, 735997 2390310, 735985.8 2390333, 735975.7 2390357, 735967 2390382, 735959.6 2390407, 735953.5 2390433, 735948.7 2390458, 735945.3 2390484, 735943.2 2390510, 735942.5 2390537, 735943.2 2390563, 735945.3 2390589, 735948.7 2390615, 735953.5 2390640, 735959.6 2390666, 735967 2390691, 735975.7 2390716, 735985.8 2390740, 735997 2390764, 736009.5 2390787, 736023.2 2390809, 736038 2390830, 736054 2390851, 736071 2390871, 736089 2390890, 736108 2390908, 736127.9 2390925, 736148.6 2390941, 736170.2 2390956, 736192.5 2390970, 736215.5 2390982, 736239.2 2390993, 736263.4 2391003, 736288 2391012, 736313.1 2391019, 736338.6 2391026, 736364.3 2391030, 736390.3 2391034, 736416.4 2391036, 736442.5 2391037, 736468.7 2391036, 736494.8 2391034, 736520.8 2391030, 736546.5 2391026, 736571.9 2391019, 736597 2391012, 736621.7 2391003, 736645.9 2390993, 736669.5 2390982, 736692.5 2390970, 736714.9 2390956, 736736.4 2390941, 736757.2 2390925, 736777.1 2390908, 736796.1 2390890, 736814.1 2390871, 736831.1 2390851, 736847 2390830, 736861.9 2390809, 736875.6 2390787, 736888 2390764, 736899.3 2390740, 736909.3 2390716, 736918.1 2390691, 736925.5 2390666, 736931.6 2390640, 736936.4 2390615, 736939.8 2390589, 736941.9 2390563, 736942.5 2390537))"
22,20260531,Forest,8886,8.992587088813218,0.5246636771300448,1,Hani,土葬,无,0,1,0,233,543.5540749903237,1445.3321762817204,614.96875,14.126867294311523,58.25934318665254,900,220912.94860839844,0.14399298940579588,1,36,0,0,900,1,0,1,0.5260752502546779,0.8504380230619266,9.092232283495854,2.1964005811460527,-0.6449978366623628,"POLYGON ((737364.1 2393575, 737363.4 2393549, 737361.3 2393523, 737357.9 2393497, 737353.2 2393471, 737347 2393446, 737339.6 2393421, 737330.9 2393396, 737320.9 2393372, 737309.6 2393348, 737297.1 2393325, 737283.4 2393303, 737268.6 2393281, 737252.7 2393260, 737235.7 2393240, 737217.6 2393221, 737198.7 2393203, 737178.7 2393186, 737158 2393171, 737136.4 2393156, 737114.1 2393142, 737091.1 2393130, 737067.5 2393118, 737043.3 2393108, 737018.6 2393100, 736993.5 2393092, 736968 2393086, 736942.3 2393081, 736916.3 2393078, 736890.3 2393076, 736864.1 2393075, 736837.9 2393076, 736811.8 2393078, 736785.9 2393081, 736760.1 2393086, 736734.7 2393092, 736709.6 2393100, 736684.9 2393108, 736660.7 2393118, 736637.1 2393130, 736614.1 2393142, 736591.8 2393156, 736570.2 2393171, 736549.4 2393186, 736529.5 2393203, 736510.5 2393221, 736492.5 2393240, 736475.5 2393260, 736459.6 2393281, 736444.8 2393303, 736431.1 2393325, 736418.6 2393348, 736407.3 2393372, 736397.3 2393396, 736388.6 2393421, 736381.1 2393446, 736375 2393471, 736370.2 2393497, 736366.8 2393523, 736364.8 2393549, 736364.1 2393575, 736364.8 2393601, 736366.8 2393627, 736370.2 2393653, 736375 2393679, 736381.1 2393704, 736388.6 2393730, 736397.3 2393754, 736407.3 2393778, 736418.6 2393802, 736431.1 2393825, 736444.8 2393847, 736459.6 2393869, 736475.5 2393890, 736492.5 2393910, 736510.5 2393929, 736529.5 2393947, 736549.4 2393964, 736570.2 2393980, 736591.8 2393994, 736614.1 2394008, 736637.1 2394021, 736660.7 2394032, 736684.9 2394042, 736709.6 2394051, 736734.7 2394058, 736760.1 2394064, 736785.9 2394069, 736811.8 2394072, 736837.9 2394074, 736864.1 2394075, 736890.3 2394074, 736916.3 2394072, 736942.3 2394069, 736968 2394064, 736993.5 2394058, 737018.6 2394051, 737043.3 2394042, 737067.5 2394032, 737091.1 2394021, 737114.1 2394008, 737136.4 2393994, 737158 2393980, 737178.7 2393964, 737198.7 2393947, 737217.6 2393929, 737235.7 2393910, 737252.7 2393890, 737268.6 2393869, 737283.4 2393847, 737297.1 2393825, 737309.6 2393802, 737320.9 2393778, 737330.9 2393754, 737339.6 2393730, 737347 2393704, 737353.2 2393679, 737357.9 2393653, 737361.3 2393627, 737363.4 2393601, 737364.1 2393575))"
22,20260531,Forest,5300,11.357870574345577,3.2247191011235956,1,Hani,土葬,无,0,1,0,269,699.3345758808388,1237.9733358890253,670.54644775390625,7.182063102722168,20.004406905501533,11700,0,0.3524604603727055,1,38,9900,0.8461538461538461,0,0,0,1,0.939666311523335,0.3420924187820166,8.575462099540212,2.4299109462807524,1.1708458460274813,"POLYGON ((740181.3 2353215, 740180.6 2353189, 740178.5 2353163, 740175.1 2353137, 740170.3 2353111, 740164.2 2353086, 740156.8 2353061, 740148.1 2353036, 740138 2353012, 740126.8 2352988, 740114.3 2352965, 740100.6 2352943, 740085.8 2352921, 740069.8 2352900, 740052.8 2352881, 740034.8 2352862, 740015.8 2352844, 739995.9 2352827, 739975.2 2352811, 739953.6 2352796, 739931.3 2352782, 739908.3 2352770, 739884.6 2352758, 739860.4 2352748, 739835.8 2352740, 739810.7 2352732, 739785.2 2352726, 739759.5 2352721, 739733.5 2352718, 739707.4 2352716, 739681.3 2352715, 739655.1 2352716, 739629 2352718, 739603 2352721, 739577.3 2352726, 739551.9 2352732, 739526.8 2352740, 739502.1 2352748, 739477.9 2352758, 739454.3 2352770, 739431.3 2352782, 739408.9 2352796, 739387.4 2352811, 739366.6 2352827, 739346.7 2352844, 739327.7 2352862, 739309.7 2352881, 739292.7 2352900, 739276.8 2352921, 739261.9 2352943, 739248.3 2352965, 739235.8 2352988, 739224.5 2353012, 739214.5 2353036, 739205.7 2353061, 739198.3 2353086, 739192.2 2353111, 739187.4 2353137, 739184 2353163, 739182 2353189, 739181.3 2353215, 739182 2353241, 739184 2353267, 739187.4 2353293, 739192.2 2353319, 739198.3 2353345, 739205.7 2353370, 739214.5 2353394, 739224.5 2353418, 739235.8 2353442, 739248.3 2353465, 739261.9 2353487, 739276.8 2353509, 739292.7 2353530, 739309.7 2353550, 739327.7 2353569, 739346.7 2353587, 739366.6 2353604, 739387.4 2353620, 739408.9 2353634, 739431.3 2353648, 739454.3 2353661, 739477.9 2353672, 739502.1 2353682, 739526.8 2353691, 739551.9 2353698, 739577.3 2353704, 739603 2353709, 739629 2353712, 739655.1 2353714, 739681.3 2353715, 739707.4 2353714, 739733.5 2353712, 739759.5 2353709, 739785.2 2353704, 739810.7 2353698, 739835.8 2353691, 739860.4 2353682, 739884.6 2353672, 739908.3 2353661, 739931.3 2353648, 739953.6 2353634, 739975.2 2353620, 739995.9 2353604, 740015.8 2353587, 740034.8 2353569, 740052.8 2353550, 740069.8 2353530, 740085.8 2353509, 740100.6 2353487, 740114.3 2353465, 740126.8 2353442, 740138 2353418, 740148.1 2353394, 740156.8 2353370, 740164.2 2353345, 740170.3 2353319, 740175.1 2353293, 740178.5 2353267, 740180.6 2353241, 740181.3 2353215))"
22,20260531,Forest,7630.691399662732,27.6544837918879,1.344620015048909,1,Hani,土葬,无,0,1,0,317,48.94427126522796,1962.6476947075894,572.821533203125,16.726295471191406,212.1835389085248,57452.000427246094,431285.6689453125,0.06740526700067752,1,40,56552.000427246094,0.9843347491243633,0,0,0,1,-0.8463462266869783,-0.5326331425781856,8.939933736118437,3.3197878772766924,0.2961114564461827,"POLYGON ((711559.2 2416675, 711558.5 2416649, 711556.4 2416623, 711553 2416597, 711548.2 2416571, 711542.1 2416545, 711534.7 2416520, 711526 2416496, 711515.9 2416471, 711504.7 2416448, 711492.2 2416425, 711478.5 2416403, 711463.7 2416381, 711447.7 2416360, 711430.7 2416340, 711412.7 2416321, 711393.7 2416303, 711373.8 2416286, 711353.1 2416270, 711331.5 2416256, 711309.2 2416242, 711286.2 2416229, 711262.5 2416218, 711238.3 2416208, 711213.7 2416199, 711188.6 2416192, 711163.1 2416186, 711137.4 2416181, 711111.4 2416178, 711085.3 2416176, 711059.2 2416175, 711033 2416176, 711006.9 2416178, 710980.9 2416181, 710955.2 2416186, 710929.8 2416192, 710904.7 2416199, 710880 2416208, 710855.8 2416218, 710832.2 2416229, 710809.2 2416242, 710786.8 2416256, 710765.3 2416270, 710744.5 2416286, 710724.6 2416303, 710705.6 2416321, 710687.6 2416340, 710670.6 2416360, 710654.7 2416381, 710639.8 2416403, 710626.1 2416425, 710613.7 2416448, 710602.4 2416471, 710592.4 2416496, 710583.6 2416520, 710576.2 2416545, 710570.1 2416571, 710565.3 2416597, 710561.9 2416623, 710559.8 2416649, 710559.2 2416675, 710559.8 2416701, 710561.9 2416727, 710565.3 2416753, 710570.1 2416779, 710576.2 2416804, 710583.6 2416829, 710592.4 2416854, 710602.4 2416878, 710613.7 2416902, 710626.1 2416925, 710639.8 2416947, 710654.7 2416969, 710670.6 2416990, 710687.6 2417009, 710705.6 2417028, 710724.6 2417046, 710744.5 2417063, 710765.3 2417079, 710786.8 2417094, 710809.2 2417108, 710832.2 2417120, 710855.8 2417132, 710880 2417142, 710904.7 2417150, 710929.8 2417158, 710955.2 2417164, 710980.9 2417169, 711006.9 2417172, 711033 2417174, 711059.2 2417175, 711085.3 2417174, 711111.4 2417172, 711137.4 2417169, 711163.1 2417164, 711188.6 2417158, 711213.7 2417150, 711238.3 2417142, 711262.5 2417132, 711286.2 2417120, 711309.2 2417108, 711331.5 2417094, 711353.1 2417079, 711373.8 2417063, 711393.7 2417046, 711412.7 2417028, 711430.7 2417009, 711447.7 2416990, 711463.7 2416969, 711478.5 2416947, 711492.2 2416925, 711504.7 2416902, 711515.9 2416878, 711526 2416854, 711534.7 2416829, 711542.1 2416804, 711548.2 2416779, 711553 2416753, 711556.4 2416727, 711558.5 2416701, 711559.2 2416675))"
22,20260531,Forest,7763.069139966274,45.20227133608371,0.045004500450045004,1,Hani,土葬,无,0,1,0,319,180.89787814816816,991.6791228965446,713.38067626953125,20.6931095123291,273.59536783865974,340541.4001464844,29700,0.028959844050080202,1,41,310833.02307128906,0.9127613351492176,0,0,0,1,0.06270983238936087,-0.9980318015582962,8.957133042712313,3.8111473363739687,-3.100992784211484,"POLYGON ((713697.8 2413840, 713697.1 2413813, 713695.1 2413787, 713691.6 2413761, 713686.9 2413736, 713680.8 2413710, 713673.3 2413685, 713664.6 2413660, 713654.6 2413636, 713643.3 2413613, 713630.8 2413590, 713617.1 2413567, 713602.3 2413546, 713586.4 2413525, 713569.4 2413505, 713551.4 2413486, 713532.4 2413468, 713512.5 2413451, 713491.7 2413435, 713470.1 2413420, 713447.8 2413407, 713424.8 2413394, 713401.2 2413383, 713377 2413373, 713352.3 2413364, 713327.2 2413357, 713301.8 2413351, 713276 2413346, 713250.1 2413342, 713224 2413340, 713197.8 2413340, 713171.6 2413340, 713145.5 2413342, 713119.6 2413346, 713093.8 2413351, 713068.4 2413357, 713043.3 2413364, 713018.6 2413373, 712994.4 2413383, 712970.8 2413394, 712947.8 2413407, 712925.5 2413420, 712903.9 2413435, 712883.1 2413451, 712863.2 2413468, 712844.2 2413486, 712826.2 2413505, 712809.2 2413525, 712793.3 2413546, 712778.5 2413567, 712764.8 2413590, 712752.3 2413613, 712741 2413636, 712731 2413660, 712722.3 2413685, 712714.8 2413710, 712708.7 2413736, 712704 2413761, 712700.5 2413787, 712698.5 2413813, 712697.8 2413840, 712698.5 2413866, 712700.5 2413892, 712704 2413918, 712708.7 2413944, 712714.8 2413969, 712722.3 2413994, 712731 2414019, 712741 2414043, 712752.3 2414067, 712764.8 2414090, 712778.5 2414112, 712793.3 2414134, 712809.2 2414154, 712826.2 2414174, 712844.2 2414193, 712863.2 2414211, 712883.1 2414228, 712903.9 2414244, 712925.5 2414259, 712947.8 2414273, 712970.8 2414285, 712994.4 2414296, 713018.6 2414306, 713043.3 2414315, 713068.4 2414323, 713093.8 2414329, 713119.6 2414333, 713145.5 2414337, 713171.6 2414339, 713197.8 2414340, 713224 2414339, 713250.1 2414337, 713276 2414333, 713301.8 2414329, 713327.2 2414323, 713352.3 2414315, 713377 2414306, 713401.2 2414296, 713424.8 2414285, 713447.8 2414273, 713470.1 2414259, 713491.7 2414244, 713512.5 2414228, 713532.4 2414211, 713551.4 2414193, 713569.4 2414174, 713586.4 2414154, 713602.3 2414134, 713617.1 2414112, 713630.8 2414090, 713643.3 2414067, 713654.6 2414043, 713664.6 2414019, 713673.3 2413994, 713680.8 2413969, 713686.9 2413944, 713691.6 2413918, 713695.1 2413892, 713697.1 2413866, 713697.8 2413840))"
22,20260531,Forest,7763.069139966274,45.20227133608371,0.045004500450045004,1,Hani,土葬,无,0,1,0,320,256.2297036511869,1111.4894052568168,608.50628662109375,16.638084411621094,208.22537294608117,56093.935775756836,102461.56539916992,0.09729643685494758,1,42,39893.935775756836,0.7111987280628389,0,0,0,1,-0.8810941005903268,-0.47294099621932023,8.957133042712313,3.8111473363739687,-3.100992784211484,"POLYGON ((713344.4 2414298, 713343.7 2414272, 713341.7 2414246, 713338.3 2414220, 713333.5 2414194, 713327.4 2414168, 713320 2414143, 713311.2 2414119, 713301.2 2414094, 713289.9 2414071, 713277.4 2414048, 713263.8 2414025, 713248.9 2414004, 713233 2413983, 713216 2413963, 713198 2413944, 713179 2413926, 713159.1 2413909, 713138.3 2413893, 713116.7 2413878, 713094.4 2413865, 713071.4 2413852, 713047.8 2413841, 713023.6 2413831, 712998.9 2413822, 712973.8 2413815, 712948.4 2413809, 712922.6 2413804, 712896.7 2413801, 712870.6 2413799, 712844.4 2413798, 712818.3 2413799, 712792.2 2413801, 712766.2 2413804, 712740.5 2413809, 712715 2413815, 712689.9 2413822, 712665.2 2413831, 712641.1 2413841, 712617.4 2413852, 712594.4 2413865, 712572.1 2413878, 712550.5 2413893, 712529.8 2413909, 712509.9 2413926, 712490.9 2413944, 712472.9 2413963, 712455.9 2413983, 712439.9 2414004, 712425.1 2414025, 712411.4 2414048, 712398.9 2414071, 712387.7 2414094, 712377.6 2414119, 712368.9 2414143, 712361.5 2414168, 712355.4 2414194, 712350.6 2414220, 712347.2 2414246, 712345.1 2414272, 712344.4 2414298, 712345.1 2414324, 712347.2 2414350, 712350.6 2414376, 712355.4 2414402, 712361.5 2414427, 712368.9 2414452, 712377.6 2414477, 712387.7 2414501, 712398.9 2414525, 712411.4 2414548, 712425.1 2414570, 712439.9 2414592, 712455.9 2414612, 712472.9 2414632, 712490.9 2414651, 712509.9 2414669, 712529.8 2414686, 712550.5 2414702, 712572.1 2414717, 712594.4 2414731, 712617.4 2414743, 712641.1 2414755, 712665.2 2414765, 712689.9 2414773, 712715 2414781, 712740.5 2414787, 712766.2 2414792, 712792.2 2414795, 712818.3 2414797, 712844.4 2414798, 712870.6 2414797, 712896.7 2414795, 712922.6 2414792, 712948.4 2414787, 712973.8 2414781, 712998.9 2414773, 713023.6 2414765, 713047.8 2414755, 713071.4 2414743, 713094.4 2414731, 713116.7 2414717, 713138.3 2414702, 713159.1 2414686, 713179 2414669, 713198 2414651, 713216 2414632, 713233 2414612, 713248.9 2414592, 713263.8 2414570, 713277.4 2414548, 713289.9 2414525, 713301.2 2414501, 713311.2 2414477, 713320 2414452, 713327.4 2414427, 713333.5 2414402, 713338.3 2414376, 713341.7 2414350, 713343.7 2414324, 713344.4 2414298))"
22,20260531,Forest,7630.691399662732,27.6544837918879,1.344620015048909,1,Hani,土葬,无,0,1,0,324,21.40721505018863,136.08228947642854,1143.6904296875,14.275351524353027,30.269577881071132,468624.4079589844,315051.2512207031,0.17769837526779544,1,44,156272.40142822266,0.33347046968560834,20423.417472839355,0.04358163408899283,0,1,0.8636633159730883,0.5040691189136361,8.939933736118437,3.3197878772766924,0.2961114564461827,"POLYGON ((716602.6 2419303, 716601.9 2419276, 716599.9 2419250, 716596.5 2419224, 716591.7 2419199, 716585.6 2419173, 716578.1 2419148, 716569.4 2419123, 716559.4 2419099, 716548.1 2419076, 716535.6 2419053, 716521.9 2419030, 716507.1 2419009, 716491.2 2418988, 716474.2 2418968, 716456.2 2418949, 716437.2 2418931, 716417.3 2418914, 716396.5 2418898, 716374.9 2418883, 716352.6 2418870, 716329.6 2418857, 716306 2418846, 716281.8 2418836, 716257.1 2418827, 716232 2418820, 716206.6 2418814, 716180.8 2418809, 716154.9 2418805, 716128.8 2418803, 716102.6 2418803, 716076.4 2418803, 716050.3 2418805, 716024.4 2418809, 715998.7 2418814, 715973.2 2418820, 715948.1 2418827, 715923.4 2418836, 715899.2 2418846, 715875.6 2418857, 715852.6 2418870, 715830.3 2418883, 715808.7 2418898, 715788 2418914, 715768 2418931, 715749.1 2418949, 715731 2418968, 715714 2418988, 715698.1 2419009, 715683.3 2419030, 715669.6 2419053, 715657.1 2419076, 715645.8 2419099, 715635.8 2419123, 715627.1 2419148, 715619.7 2419173, 715613.5 2419199, 715608.8 2419224, 715605.4 2419250, 715603.3 2419276, 715602.6 2419303, 715603.3 2419329, 715605.4 2419355, 715608.8 2419381, 715613.5 2419407, 715619.7 2419432, 715627.1 2419457, 715635.8 2419482, 715645.8 2419506, 715657.1 2419530, 715669.6 2419553, 715683.3 2419575, 715698.1 2419596, 715714 2419617, 715731 2419637, 715749.1 2419656, 715768 2419674, 715788 2419691, 715808.7 2419707, 715830.3 2419722, 715852.6 2419736, 715875.6 2419748, 715899.2 2419759, 715923.4 2419769, 715948.1 2419778, 715973.2 2419786, 715998.7 2419792, 716024.4 2419796, 716050.3 2419800, 716076.4 2419802, 716102.6 2419803, 716128.8 2419802, 716154.9 2419800, 716180.8 2419796, 716206.6 2419792, 716232 2419786, 716257.1 2419778, 716281.8 2419769, 716306 2419759, 716329.6 2419748, 716352.6 2419736, 716374.9 2419722, 716396.5 2419707, 716417.3 2419691, 716437.2 2419674, 716456.2 2419656, 716474.2 2419637, 716491.2 2419617, 716507.1 2419596, 716521.9 2419575, 716535.6 2419553, 716548.1 2419530, 716559.4 2419506, 716569.4 2419482, 716578.1 2419457, 716585.6 2419432, 716591.7 2419407, 716596.5 2419381, 716599.9 2419355, 716601.9 2419329, 716602.6 2419303))"
22,20260531,Forest,7630.691399662732,27.6544837918879,1.344620015048909,1,Hani,土葬,无,0,1,0,327,1050.3563125604849,1270.353280267141,901.85595703125,8.275550842285156,20.230089176720075,29922.51091003418,234165.83862304688,0.23653554518030373,1,47,8100,0.27069920784233903,0,0,0,1,0.9383115582095595,0.3457910058551965,8.939933736118437,3.3197878772766924,0.2961114564461827,"POLYGON ((717052.6 2420930, 717051.9 2420904, 717049.9 2420878, 717046.5 2420852, 717041.7 2420826, 717035.6 2420801, 717028.1 2420776, 717019.4 2420751, 717009.4 2420727, 716998.1 2420703, 716985.6 2420680, 716971.9 2420658, 716957.1 2420636, 716941.2 2420616, 716924.2 2420596, 716906.2 2420577, 716887.2 2420559, 716867.3 2420542, 716846.5 2420526, 716824.9 2420511, 716802.6 2420497, 716779.6 2420485, 716756 2420474, 716731.8 2420464, 716707.1 2420455, 716682 2420447, 716656.6 2420441, 716630.8 2420437, 716604.9 2420433, 716578.8 2420431, 716552.6 2420430, 716526.4 2420431, 716500.4 2420433, 716474.4 2420437, 716448.7 2420441, 716423.2 2420447, 716398.1 2420455, 716373.4 2420464, 716349.2 2420474, 716325.6 2420485, 716302.6 2420497, 716280.3 2420511, 716258.7 2420526, 716238 2420542, 716218 2420559, 716199.1 2420577, 716181 2420596, 716164 2420616, 716148.1 2420636, 716133.3 2420658, 716119.6 2420680, 716107.1 2420703, 716095.8 2420727, 716085.8 2420751, 716077.1 2420776, 716069.7 2420801, 716063.5 2420826, 716058.8 2420852, 716055.4 2420878, 716053.3 2420904, 716052.6 2420930, 716053.3 2420957, 716055.4 2420983, 716058.8 2421009, 716063.5 2421034, 716069.7 2421060, 716077.1 2421085, 716085.8 2421110, 716095.8 2421134, 716107.1 2421157, 716119.6 2421180, 716133.3 2421203, 716148.1 2421224, 716164 2421245, 716181 2421265, 716199.1 2421284, 716218 2421302, 716238 2421319, 716258.7 2421335, 716280.3 2421350, 716302.6 2421363, 716325.6 2421376, 716349.2 2421387, 716373.4 2421397, 716398.1 2421406, 716423.2 2421413, 716448.7 2421419, 716474.4 2421424, 716500.4 2421428, 716526.4 2421430, 716552.6 2421430, 716578.8 2421430, 716604.9 2421428, 716630.8 2421424, 716656.6 2421419, 716682 2421413, 716707.1 2421406, 716731.8 2421397, 716756 2421387, 716779.6 2421376, 716802.6 2421363, 716824.9 2421350, 716846.5 2421335, 716867.3 2421319, 716887.2 2421302, 716906.2 2421284, 716924.2 2421265, 716941.2 2421245, 716957.1 2421224, 716971.9 2421203, 716985.6 2421180, 716998.1 2421157, 717009.4 2421134, 717019.4 2421110, 717028.1 2421085, 717035.6 2421060, 717041.7 2421034, 717046.5 2421009, 717049.9 2420983, 717051.9 2420957, 717052.6 2420930))"
22,20260531,Forest,7630.691399662732,27.6544837918879,1.344620015048909,1,Hani,土葬,无,0,1,0,328,115.74215757790031,582.7450851750624,1052.7138671875,14.321025848388672,106.60341171955714,20700,331924.96032714844,0.21563202418587446,1,48,20700,1,0,0,0,1,-0.28574543092476373,0.9583055612411008,8.939933736118437,3.3197878772766924,0.2961114564461827,"POLYGON ((713407 2420311, 713406.3 2420285, 713404.3 2420258, 713400.8 2420232, 713396.1 2420207, 713390 2420181, 713382.5 2420156, 713373.8 2420131, 713363.8 2420107, 713352.5 2420084, 713340 2420061, 713326.3 2420038, 713311.5 2420017, 713295.6 2419996, 713278.6 2419976, 713260.6 2419957, 713241.6 2419939, 713221.7 2419922, 713200.9 2419906, 713179.3 2419891, 713157 2419878, 713134 2419865, 713110.4 2419854, 713086.2 2419844, 713061.5 2419835, 713036.4 2419828, 713011 2419822, 712985.2 2419817, 712959.3 2419813, 712933.2 2419811, 712907 2419811, 712880.8 2419811, 712854.7 2419813, 712828.8 2419817, 712803 2419822, 712777.6 2419828, 712752.5 2419835, 712727.8 2419844, 712703.6 2419854, 712680 2419865, 712657 2419878, 712634.7 2419891, 712613.1 2419906, 712592.3 2419922, 712572.4 2419939, 712553.4 2419957, 712535.4 2419976, 712518.4 2419996, 712502.5 2420017, 712487.7 2420038, 712474 2420061, 712461.5 2420084, 712450.2 2420107, 712440.2 2420131, 712431.5 2420156, 712424 2420181, 712417.9 2420207, 712413.2 2420232, 712409.7 2420258, 712407.7 2420285, 712407 2420311, 712407.7 2420337, 712409.7 2420363, 712413.2 2420389, 712417.9 2420415, 712424 2420440, 712431.5 2420465, 712440.2 2420490, 712450.2 2420514, 712461.5 2420538, 712474 2420561, 712487.7 2420583, 712502.5 2420605, 712518.4 2420625, 712535.4 2420645, 712553.4 2420664, 712572.4 2420682, 712592.3 2420699, 712613.1 2420715, 712634.7 2420730, 712657 2420744, 712680 2420756, 712703.6 2420767, 712727.8 2420777, 712752.5 2420786, 712777.6 2420794, 712803 2420800, 712828.8 2420805, 712854.7 2420808, 712880.8 2420810, 712907 2420811, 712933.2 2420810, 712959.3 2420808, 712985.2 2420805, 713011 2420800, 713036.4 2420794, 713061.5 2420786, 713086.2 2420777, 713110.4 2420767, 713134 2420756, 713157 2420744, 713179.3 2420730, 713200.9 2420715, 713221.7 2420699, 713241.6 2420682, 713260.6 2420664, 713278.6 2420645, 713295.6 2420625, 713311.5 2420605, 713326.3 2420583, 713340 2420561, 713352.5 2420538, 713363.8 2420514, 713373.8 2420490, 713382.5 2420465, 713390 2420440, 713396.1 2420415, 713400.8 2420389, 713404.3 2420363, 713406.3 2420337, 713407 2420311))"
22,20260531,Forest,7630.691399662732,27.6544837918879,1.344620015048909,1,Hani,土葬,无,0,1,0,329,375.3977648533822,468.02721279827597,844.88079833984375,11.889787673950195,355.59653343982455,109196.6926574707,40689.66522216797,0.2003047673900082,1,49,58796.6926574707,0.5384475594137705,0,0,0,1,0.9970481086791916,-0.0767793525581386,8.939933736118437,3.3197878772766924,0.2961114564461827,"POLYGON ((714550.6 2422567, 714550 2422540, 714547.9 2422514, 714544.5 2422488, 714539.7 2422463, 714533.6 2422437, 714526.2 2422412, 714517.4 2422387, 714507.4 2422363, 714496.1 2422340, 714483.7 2422317, 714470 2422294, 714455.2 2422273, 714439.2 2422252, 714422.2 2422232, 714404.2 2422213, 714385.2 2422195, 714365.3 2422178, 714344.5 2422162, 714323 2422147, 714300.6 2422134, 714277.6 2422121, 714254 2422110, 714229.8 2422100, 714205.2 2422091, 714180.1 2422084, 714154.6 2422077, 714128.9 2422073, 714102.9 2422069, 714076.8 2422067, 714050.6 2422067, 714024.5 2422067, 713998.4 2422069, 713972.4 2422073, 713946.7 2422077, 713921.2 2422084, 713896.1 2422091, 713871.5 2422100, 713847.3 2422110, 713823.6 2422121, 713800.6 2422134, 713778.3 2422147, 713756.8 2422162, 713736 2422178, 713716.1 2422195, 713697.1 2422213, 713679.1 2422232, 713662.1 2422252, 713646.1 2422273, 713631.3 2422294, 713617.6 2422317, 713605.1 2422340, 713593.9 2422363, 713583.9 2422387, 713575.1 2422412, 713567.7 2422437, 713561.6 2422463, 713556.8 2422488, 713553.4 2422514, 713551.3 2422540, 713550.6 2422567, 713551.3 2422593, 713553.4 2422619, 713556.8 2422645, 713561.6 2422671, 713567.7 2422696, 713575.1 2422721, 713583.9 2422746, 713593.9 2422770, 713605.1 2422794, 713617.6 2422817, 713631.3 2422839, 713646.1 2422860, 713662.1 2422881, 713679.1 2422901, 713697.1 2422920, 713716.1 2422938, 713736 2422955, 713756.8 2422971, 713778.3 2422986, 713800.6 2423000, 713823.6 2423012, 713847.3 2423023, 713871.5 2423033, 713896.1 2423042, 713921.2 2423050, 713946.7 2423056, 713972.4 2423060, 713998.4 2423064, 714024.5 2423066, 714050.6 2423067, 714076.8 2423066, 714102.9 2423064, 714128.9 2423060, 714154.6 2423056, 714180.1 2423050, 714205.2 2423042, 714229.8 2423033, 714254 2423023, 714277.6 2423012, 714300.6 2423000, 714323 2422986, 714344.5 2422971, 714365.3 2422955, 714385.2 2422938, 714404.2 2422920, 714422.2 2422901, 714439.2 2422881, 714455.2 2422860, 714470 2422839, 714483.7 2422817, 714496.1 2422794, 714507.4 2422770, 714517.4 2422746, 714526.2 2422721, 714533.6 2422696, 714539.7 2422671, 714544.5 2422645, 714547.9 2422619, 714550 2422593, 714550.6 2422567))"
22,20260531,Forest,7630.691399662732,27.6544837918879,1.344620015048909,1,Hani,土葬,无,0,1,0,330,93.68070640694182,320.8541424685712,1040.8970947265625,15.823226928710938,270.21611378143274,700250.2624511719,0,0.08925082608125705,1,50,231816.8243408203,0.331048536175286,3600,0.005141019137070336,0,1,0.0037718881010158287,-0.9999928864047751,8.939933736118437,3.3197878772766924,0.2961114564461827,"POLYGON ((718472 2414559, 718471.3 2414533, 718469.3 2414507, 718465.8 2414481, 718461.1 2414455, 718455 2414430, 718447.5 2414405, 718438.8 2414380, 718428.8 2414356, 718417.5 2414332, 718405 2414309, 718391.3 2414287, 718376.5 2414265, 718360.6 2414245, 718343.6 2414225, 718325.6 2414206, 718306.6 2414188, 718286.7 2414171, 718265.9 2414155, 718244.3 2414140, 718222 2414126, 718199 2414114, 718175.4 2414103, 718151.2 2414093, 718126.5 2414084, 718101.4 2414076, 718076 2414070, 718050.2 2414066, 718024.3 2414062, 717998.2 2414060, 717972 2414059, 717945.8 2414060, 717919.7 2414062, 717893.8 2414066, 717868 2414070, 717842.6 2414076, 717817.5 2414084, 717792.8 2414093, 717768.6 2414103, 717745 2414114, 717722 2414126, 717699.7 2414140, 717678.1 2414155, 717657.3 2414171, 717637.4 2414188, 717618.4 2414206, 717600.4 2414225, 717583.4 2414245, 717567.5 2414265, 717552.7 2414287, 717539 2414309, 717526.5 2414332, 717515.2 2414356, 717505.2 2414380, 717496.5 2414405, 717489 2414430, 717482.9 2414455, 717478.2 2414481, 717474.7 2414507, 717472.7 2414533, 717472 2414559, 717472.7 2414586, 717474.7 2414612, 717478.2 2414638, 717482.9 2414663, 717489 2414689, 717496.5 2414714, 717505.2 2414739, 717515.2 2414763, 717526.5 2414786, 717539 2414809, 717552.7 2414832, 717567.5 2414853, 717583.4 2414874, 717600.4 2414894, 717618.4 2414913, 717637.4 2414931, 717657.3 2414948, 717678.1 2414964, 717699.7 2414979, 717722 2414992, 717745 2415005, 717768.6 2415016, 717792.8 2415026, 717817.5 2415035, 717842.6 2415042, 717868 2415048, 717893.8 2415053, 717919.7 2415057, 717945.8 2415059, 717972 2415059, 717998.2 2415059, 718024.3 2415057, 718050.2 2415053, 718076 2415048, 718101.4 2415042, 718126.5 2415035, 718151.2 2415026, 718175.4 2415016, 718199 2415005, 718222 2414992, 718244.3 2414979, 718265.9 2414964, 718286.7 2414948, 718306.6 2414931, 718325.6 2414913, 718343.6 2414894, 718360.6 2414874, 718376.5 2414853, 718391.3 2414832, 718405 2414809, 718417.5 2414786, 718428.8 2414763, 718438.8 2414739, 718447.5 2414714, 718455 2414689, 718461.1 2414663, 718465.8 2414638, 718469.3 2414612, 718471.3 2414586, 718472 2414559))"
22,20260531,Forest,8188.0269814502535,88.83161082476238,1.7932636469221834,1,Hani,土葬,无,0,1,0,361,635.367315599946,1587.307270614649,898.6361083984375,12.239222526550293,240.31074176626282,259026.1688232422,212719.09790039062,0.10193264434902437,1,52,57331.56967163086,0.2213350486249656,1800,0.006949104826656756,0,1,-0.49529580939439727,-0.8687243873613477,9.01042824201882,4.4867425644094086,0.5840372261569906,"POLYGON ((719635.4 2420500, 719634.7 2420474, 719632.6 2420448, 719629.2 2420422, 719624.4 2420396, 719618.3 2420371, 719610.9 2420346, 719602.2 2420321, 719592.1 2420297, 719580.9 2420273, 719568.4 2420250, 719554.7 2420228, 719539.9 2420207, 719523.9 2420186, 719506.9 2420166, 719488.9 2420147, 719469.9 2420129, 719450 2420112, 719429.3 2420096, 719407.7 2420081, 719385.4 2420067, 719362.4 2420055, 719338.7 2420044, 719314.6 2420034, 719289.9 2420025, 719264.8 2420017, 719239.3 2420011, 719213.6 2420007, 719187.6 2420003, 719161.5 2420001, 719135.4 2420000, 719109.2 2420001, 719083.1 2420003, 719057.2 2420007, 719031.4 2420011, 719006 2420017, 718980.9 2420025, 718956.2 2420034, 718932 2420044, 718908.4 2420055, 718885.4 2420067, 718863.1 2420081, 718841.5 2420096, 718820.7 2420112, 718800.8 2420129, 718781.8 2420147, 718763.8 2420166, 718746.8 2420186, 718730.9 2420207, 718716 2420228, 718702.4 2420250, 718689.9 2420273, 718678.6 2420297, 718668.6 2420321, 718659.8 2420346, 718652.4 2420371, 718646.3 2420396, 718641.5 2420422, 718638.1 2420448, 718636.1 2420474, 718635.4 2420500, 718636.1 2420527, 718638.1 2420553, 718641.5 2420579, 718646.3 2420604, 718652.4 2420630, 718659.8 2420655, 718668.6 2420680, 718678.6 2420704, 718689.9 2420727, 718702.4 2420750, 718716 2420773, 718730.9 2420794, 718746.8 2420815, 718763.8 2420835, 718781.8 2420854, 718800.8 2420872, 718820.7 2420889, 718841.5 2420905, 718863.1 2420920, 718885.4 2420933, 718908.4 2420946, 718932 2420957, 718956.2 2420967, 718980.9 2420976, 719006 2420983, 719031.4 2420989, 719057.2 2420994, 719083.1 2420998, 719109.2 2421000, 719135.4 2421000, 719161.5 2421000, 719187.6 2420998, 719213.6 2420994, 719239.3 2420989, 719264.8 2420983, 719289.9 2420976, 719314.6 2420967, 719338.7 2420957, 719362.4 2420946, 719385.4 2420933, 719407.7 2420920, 719429.3 2420905, 719450 2420889, 719469.9 2420872, 719488.9 2420854, 719506.9 2420835, 719523.9 2420815, 719539.9 2420794, 719554.7 2420773, 719568.4 2420750, 719580.9 2420727, 719592.1 2420704, 719602.2 2420680, 719610.9 2420655, 719618.3 2420630, 719624.4 2420604, 719629.2 2420579, 719632.6 2420553, 719634.7 2420527, 719635.4 2420500))"
22,20260531,Forest,8188.0269814502535,88.83161082476238,1.7932636469221834,1,Hani,土葬,无,0,1,0,362,1029.3166832949703,1958.9820195128054,819.9801025390625,6.166589736938477,284.62008079864455,22137.804794311523,55688.92478942871,0.1978453228001809,1,53,3284.7119092941284,0.14837568312727015,900,0.04065443743687097,0,1,0.25240850164520157,-0.9676207667765426,9.01042824201882,4.4867425644094086,0.5840372261569906,"POLYGON ((718314.1 2421733, 718313.4 2421707, 718311.4 2421681, 718308 2421655, 718303.2 2421629, 718297.1 2421604, 718289.6 2421579, 718280.9 2421554, 718270.9 2421530, 718259.6 2421506, 718247.1 2421483, 718233.4 2421461, 718218.6 2421439, 718202.7 2421419, 718185.7 2421399, 718167.7 2421380, 718148.7 2421362, 718128.8 2421345, 718108 2421329, 718086.4 2421314, 718064.1 2421300, 718041.1 2421288, 718017.5 2421277, 717993.3 2421267, 717968.6 2421258, 717943.5 2421250, 717918.1 2421244, 717892.3 2421239, 717866.4 2421236, 717840.3 2421234, 717814.1 2421233, 717787.9 2421234, 717761.8 2421236, 717735.9 2421239, 717710.2 2421244, 717684.7 2421250, 717659.6 2421258, 717634.9 2421267, 717610.7 2421277, 717587.1 2421288, 717564.1 2421300, 717541.8 2421314, 717520.2 2421329, 717499.4 2421345, 717479.5 2421362, 717460.6 2421380, 717442.5 2421399, 717425.5 2421419, 717409.6 2421439, 717394.8 2421461, 717381.1 2421483, 717368.6 2421506, 717357.3 2421530, 717347.3 2421554, 717338.6 2421579, 717331.1 2421604, 717325 2421629, 717320.3 2421655, 717316.8 2421681, 717314.8 2421707, 717314.1 2421733, 717314.8 2421759, 717316.8 2421786, 717320.3 2421812, 717325 2421837, 717331.1 2421863, 717338.6 2421888, 717347.3 2421913, 717357.3 2421937, 717368.6 2421960, 717381.1 2421983, 717394.8 2422006, 717409.6 2422027, 717425.5 2422048, 717442.5 2422068, 717460.6 2422087, 717479.5 2422105, 717499.4 2422122, 717520.2 2422138, 717541.8 2422153, 717564.1 2422166, 717587.1 2422179, 717610.7 2422190, 717634.9 2422200, 717659.6 2422209, 717684.7 2422216, 717710.2 2422222, 717735.9 2422227, 717761.8 2422231, 717787.9 2422233, 717814.1 2422233, 717840.3 2422233, 717866.4 2422231, 717892.3 2422227, 717918.1 2422222, 717943.5 2422216, 717968.6 2422209, 717993.3 2422200, 718017.5 2422190, 718041.1 2422179, 718064.1 2422166, 718086.4 2422153, 718108 2422138, 718128.8 2422122, 718148.7 2422105, 718167.7 2422087, 718185.7 2422068, 718202.7 2422048, 718218.6 2422027, 718233.4 2422006, 718247.1 2421983, 718259.6 2421960, 718270.9 2421937, 718280.9 2421913, 718289.6 2421888, 718297.1 2421863, 718303.2 2421837, 718308 2421812, 718311.4 2421786, 718313.4 2421759, 718314.1 2421733))"
22,20260531,Forest,28221.39534883721,36.32440798387466,1.8620967741935484,1,Hani,土葬,无,0,1,0,364,814.7055180619949,1201.7806774671276,815.42999267578125,12.252863883972168,105.30473453529372,21310.709381103516,25825.05340576172,0.21729301827360376,1,54,16654.331016540527,0.781500545979391,900,0.04223228724605675,0,1,-0.2639527535588417,0.9645356104824255,10.247835669571991,3.59248991156372,0.6217031507554128,"POLYGON ((673874.7 2425443, 673874 2425417, 673872 2425390, 673868.5 2425365, 673863.8 2425339, 673857.7 2425313, 673850.2 2425288, 673841.5 2425264, 673831.5 2425239, 673820.2 2425216, 673807.7 2425193, 673794 2425170, 673779.2 2425149, 673763.3 2425128, 673746.3 2425108, 673728.2 2425089, 673709.3 2425071, 673689.4 2425054, 673668.6 2425038, 673647 2425023, 673624.7 2425010, 673601.7 2424997, 673578.1 2424986, 673553.9 2424976, 673529.2 2424967, 673504.1 2424960, 673478.6 2424954, 673452.9 2424949, 673427 2424945, 673400.9 2424943, 673374.7 2424943, 673348.5 2424943, 673322.4 2424945, 673296.5 2424949, 673270.7 2424954, 673245.3 2424960, 673220.2 2424967, 673195.5 2424976, 673171.3 2424986, 673147.7 2424997, 673124.7 2425010, 673102.4 2425023, 673080.8 2425038, 673060 2425054, 673040.1 2425071, 673021.1 2425089, 673003.1 2425108, 672986.1 2425128, 672970.2 2425149, 672955.4 2425170, 672941.7 2425193, 672929.2 2425216, 672917.9 2425239, 672907.9 2425264, 672899.2 2425288, 672891.7 2425313, 672885.6 2425339, 672880.8 2425365, 672877.4 2425390, 672875.4 2425417, 672874.7 2425443, 672875.4 2425469, 672877.4 2425495, 672880.8 2425521, 672885.6 2425547, 672891.7 2425572, 672899.2 2425597, 672907.9 2425622, 672917.9 2425646, 672929.2 2425670, 672941.7 2425693, 672955.4 2425715, 672970.2 2425737, 672986.1 2425757, 673003.1 2425777, 673021.1 2425796, 673040.1 2425814, 673060 2425831, 673080.8 2425847, 673102.4 2425862, 673124.7 2425876, 673147.7 2425888, 673171.3 2425900, 673195.5 2425910, 673220.2 2425918, 673245.3 2425926, 673270.7 2425932, 673296.5 2425937, 673322.4 2425940, 673348.5 2425942, 673374.7 2425943, 673400.9 2425942, 673427 2425940, 673452.9 2425937, 673478.6 2425932, 673504.1 2425926, 673529.2 2425918, 673553.9 2425910, 673578.1 2425900, 673601.7 2425888, 673624.7 2425876, 673647 2425862, 673668.6 2425847, 673689.4 2425831, 673709.3 2425814, 673728.2 2425796, 673746.3 2425777, 673763.3 2425757, 673779.2 2425737, 673794 2425715, 673807.7 2425693, 673820.2 2425670, 673831.5 2425646, 673841.5 2425622, 673850.2 2425597, 673857.7 2425572, 673863.8 2425547, 673868.5 2425521, 673872 2425495, 673874 2425469, 673874.7 2425443))"
22,20260531,Forest,5282.758620689656,45.034925325073786,2.4836279339321936,1,Hani,土葬,无,0,1,0,377,130.3683802878165,1229.8441697054657,874.8455810546875,9.997734069824219,55.69097117108021,199345.0698852539,35884.35516357422,0.3002341134917163,1,55,52227.373123168945,0.2619948070611018,53778.22036743164,0.26977451912097555,0,1,0.5636562208161179,0.826009482230859,8.572203706302155,3.8074383070812012,0.9097203678008794,"POLYGON ((652888.4 2472352, 652887.8 2472325, 652885.7 2472299, 652882.3 2472273, 652877.5 2472248, 652871.4 2472222, 652864 2472197, 652855.2 2472172, 652845.2 2472148, 652833.9 2472125, 652821.5 2472102, 652807.8 2472079, 652793 2472058, 652777 2472037, 652760 2472017, 652742 2471998, 652723 2471980, 652703.1 2471963, 652682.3 2471947, 652660.8 2471932, 652638.4 2471919, 652615.4 2471906, 652591.8 2471895, 652567.6 2471885, 652543 2471876, 652517.9 2471869, 652492.4 2471862, 652466.7 2471858, 652440.7 2471854, 652414.6 2471852, 652388.4 2471852, 652362.3 2471852, 652336.2 2471854, 652310.2 2471858, 652284.5 2471862, 652259 2471869, 652233.9 2471876, 652209.3 2471885, 652185.1 2471895, 652161.5 2471906, 652138.4 2471919, 652116.1 2471932, 652094.6 2471947, 652073.8 2471963, 652053.9 2471980, 652034.9 2471998, 652016.9 2472017, 651999.9 2472037, 651983.9 2472058, 651969.1 2472079, 651955.4 2472102, 651942.9 2472125, 651931.7 2472148, 651921.7 2472172, 651912.9 2472197, 651905.5 2472222, 651899.4 2472248, 651894.6 2472273, 651891.2 2472299, 651889.1 2472325, 651888.4 2472352, 651889.1 2472378, 651891.2 2472404, 651894.6 2472430, 651899.4 2472456, 651905.5 2472481, 651912.9 2472506, 651921.7 2472531, 651931.7 2472555, 651942.9 2472579, 651955.4 2472602, 651969.1 2472624, 651983.9 2472645, 651999.9 2472666, 652016.9 2472686, 652034.9 2472705, 652053.9 2472723, 652073.8 2472740, 652094.6 2472756, 652116.1 2472771, 652138.4 2472785, 652161.5 2472797, 652185.1 2472808, 652209.3 2472818, 652233.9 2472827, 652259 2472835, 652284.5 2472841, 652310.2 2472845, 652336.2 2472849, 652362.3 2472851, 652388.4 2472852, 652414.6 2472851, 652440.7 2472849, 652466.7 2472845, 652492.4 2472841, 652517.9 2472835, 652543 2472827, 652567.6 2472818, 652591.8 2472808, 652615.4 2472797, 652638.4 2472785, 652660.8 2472771, 652682.3 2472756, 652703.1 2472740, 652723 2472723, 652742 2472705, 652760 2472686, 652777 2472666, 652793 2472645, 652807.8 2472624, 652821.5 2472602, 652833.9 2472579, 652845.2 2472555, 652855.2 2472531, 652864 2472506, 652871.4 2472481, 652877.5 2472456, 652882.3 2472430, 652885.7 2472404, 652887.8 2472378, 652888.4 2472352))"
22,20260531,Forest,5282.758620689656,45.034925325073786,2.4836279339321936,1,Hani,土葬,无,0,1,0,378,435.5505540840779,1560.374205404705,891.5599365234375,9.972146034240723,81.55231172556675,191064.16625976562,47681.412506103516,0.27165402447095094,1,56,62220.29342651367,0.3256512963394751,44979.22554016113,0.23541424025585522,0,1,0.14690636644715452,0.9891504028697022,8.572203706302155,3.8074383070812012,0.9097203678008794,"POLYGON ((652655.5 2472020, 652654.9 2471994, 652652.8 2471968, 652649.4 2471942, 652644.6 2471916, 652638.5 2471891, 652631.1 2471866, 652622.3 2471841, 652612.3 2471817, 652601 2471793, 652588.5 2471770, 652574.9 2471748, 652560 2471726, 652544.1 2471706, 652527.1 2471686, 652509.1 2471667, 652490.1 2471649, 652470.2 2471632, 652449.4 2471616, 652427.9 2471601, 652405.5 2471587, 652382.5 2471575, 652358.9 2471564, 652334.7 2471553, 652310 2471545, 652284.9 2471537, 652259.5 2471531, 652233.8 2471526, 652207.8 2471523, 652181.7 2471521, 652155.5 2471520, 652129.4 2471521, 652103.3 2471523, 652077.3 2471526, 652051.6 2471531, 652026.1 2471537, 652001 2471545, 651976.4 2471553, 651952.2 2471564, 651928.5 2471575, 651905.5 2471587, 651883.2 2471601, 651861.6 2471616, 651840.9 2471632, 651821 2471649, 651802 2471667, 651784 2471686, 651767 2471706, 651751 2471726, 651736.2 2471748, 651722.5 2471770, 651710 2471793, 651698.8 2471817, 651688.7 2471841, 651680 2471866, 651672.6 2471891, 651666.5 2471916, 651661.7 2471942, 651658.3 2471968, 651656.2 2471994, 651655.5 2472020, 651656.2 2472046, 651658.3 2472073, 651661.7 2472099, 651666.5 2472124, 651672.6 2472150, 651680 2472175, 651688.7 2472199, 651698.8 2472224, 651710 2472247, 651722.5 2472270, 651736.2 2472293, 651751 2472314, 651767 2472335, 651784 2472355, 651802 2472374, 651821 2472392, 651840.9 2472409, 651861.6 2472425, 651883.2 2472440, 651905.5 2472453, 651928.5 2472466, 651952.2 2472477, 651976.4 2472487, 652001 2472496, 652026.1 2472503, 652051.6 2472509, 652077.3 2472514, 652103.3 2472518, 652129.4 2472520, 652155.5 2472520, 652181.7 2472520, 652207.8 2472518, 652233.8 2472514, 652259.5 2472509, 652284.9 2472503, 652310 2472496, 652334.7 2472487, 652358.9 2472477, 652382.5 2472466, 652405.5 2472453, 652427.9 2472440, 652449.4 2472425, 652470.2 2472409, 652490.1 2472392, 652509.1 2472374, 652527.1 2472355, 652544.1 2472335, 652560 2472314, 652574.9 2472293, 652588.5 2472270, 652601 2472247, 652612.3 2472224, 652622.3 2472199, 652631.1 2472175, 652638.5 2472150, 652644.6 2472124, 652649.4 2472099, 652652.8 2472073, 652654.9 2472046, 652655.5 2472020))"
22,20260531,Forest,4113.793103448276,31.558234800298017,3.1961620469083156,1,Hani,土葬,无,0,1,0,388,28.70986864877312,802.4277290865205,1232.7445068359375,7.200429439544678,264.67697437397413,785039.3371582031,0,0.2995209013194167,1,58,0,0,339131.9366455078,0.43199355827587665,0,1,-0.09277073483495421,-0.995687496536028,8.322100778099534,3.4518345628639535,1.1619507296563183,"POLYGON ((648084.4 2468401, 648083.7 2468375, 648081.6 2468349, 648078.2 2468323, 648073.5 2468297, 648067.3 2468272, 648059.9 2468247, 648051.2 2468222, 648041.2 2468198, 648029.9 2468174, 648017.4 2468151, 648003.7 2468129, 647988.9 2468107, 647973 2468087, 647956 2468067, 647937.9 2468048, 647918.9 2468030, 647899 2468013, 647878.3 2467997, 647856.7 2467982, 647834.4 2467968, 647811.4 2467956, 647787.7 2467944, 647763.6 2467934, 647738.9 2467926, 647713.8 2467918, 647688.3 2467912, 647662.6 2467907, 647636.6 2467904, 647610.5 2467902, 647584.4 2467901, 647558.2 2467902, 647532.1 2467904, 647506.2 2467907, 647480.4 2467912, 647455 2467918, 647429.9 2467926, 647405.2 2467934, 647381 2467944, 647357.4 2467956, 647334.4 2467968, 647312.1 2467982, 647290.5 2467997, 647269.7 2468013, 647249.8 2468030, 647230.8 2468048, 647212.8 2468067, 647195.8 2468087, 647179.9 2468107, 647165 2468129, 647151.4 2468151, 647138.9 2468174, 647127.6 2468198, 647117.6 2468222, 647108.9 2468247, 647101.4 2468272, 647095.3 2468297, 647090.5 2468323, 647087.1 2468349, 647085.1 2468375, 647084.4 2468401, 647085.1 2468427, 647087.1 2468453, 647090.5 2468479, 647095.3 2468505, 647101.4 2468531, 647108.9 2468556, 647117.6 2468580, 647127.6 2468605, 647138.9 2468628, 647151.4 2468651, 647165 2468674, 647179.9 2468695, 647195.8 2468716, 647212.8 2468736, 647230.8 2468755, 647249.8 2468773, 647269.7 2468790, 647290.5 2468806, 647312.1 2468821, 647334.4 2468834, 647357.4 2468847, 647381 2468858, 647405.2 2468868, 647429.9 2468877, 647455 2468884, 647480.4 2468890, 647506.2 2468895, 647532.1 2468898, 647558.2 2468901, 647584.4 2468901, 647610.5 2468901, 647636.6 2468898, 647662.6 2468895, 647688.3 2468890, 647713.8 2468884, 647738.9 2468877, 647763.6 2468868, 647787.7 2468858, 647811.4 2468847, 647834.4 2468834, 647856.7 2468821, 647878.3 2468806, 647899 2468790, 647918.9 2468773, 647937.9 2468755, 647956 2468736, 647973 2468716, 647988.9 2468695, 648003.7 2468674, 648017.4 2468651, 648029.9 2468628, 648041.2 2468605, 648051.2 2468580, 648059.9 2468556, 648067.3 2468531, 648073.5 2468505, 648078.2 2468479, 648081.6 2468453, 648083.7 2468427, 648084.4 2468401))"
22,20260531,Forest,4113.793103448276,31.558234800298017,3.1961620469083156,1,Hani,土葬,无,0,1,0,390,287.2401910152399,1014.4350748485687,1317.219970703125,8.956334114074707,41.65077423438458,785039.3371582031,0,0.26493218323551787,1,60,0,0,153507.80181884766,0.1955415411086749,0,1,0.7472094404340517,0.6645886337624435,8.322100778099534,3.4518345628639535,1.1619507296563183,"POLYGON ((653544.8 2466139, 653544.1 2466113, 653542 2466087, 653538.6 2466061, 653533.8 2466035, 653527.7 2466010, 653520.3 2465985, 653511.5 2465960, 653501.5 2465936, 653490.3 2465912, 653477.8 2465889, 653464.1 2465867, 653449.3 2465845, 653433.3 2465825, 653416.3 2465805, 653398.3 2465786, 653379.3 2465768, 653359.4 2465751, 653338.6 2465735, 653317.1 2465720, 653294.8 2465706, 653271.7 2465694, 653248.1 2465682, 653223.9 2465672, 653199.3 2465664, 653174.2 2465656, 653148.7 2465650, 653123 2465645, 653097 2465642, 653070.9 2465640, 653044.8 2465639, 653018.6 2465640, 652992.5 2465642, 652966.5 2465645, 652940.8 2465650, 652915.3 2465656, 652890.2 2465664, 652865.6 2465672, 652841.4 2465682, 652817.8 2465694, 652794.8 2465706, 652772.4 2465720, 652750.9 2465735, 652730.1 2465751, 652710.2 2465768, 652691.2 2465786, 652673.2 2465805, 652656.2 2465825, 652640.2 2465845, 652625.4 2465867, 652611.7 2465889, 652599.2 2465912, 652588 2465936, 652578 2465960, 652569.2 2465985, 652561.8 2466010, 652555.7 2466035, 652550.9 2466061, 652547.5 2466087, 652545.4 2466113, 652544.8 2466139, 652545.4 2466165, 652547.5 2466192, 652550.9 2466217, 652555.7 2466243, 652561.8 2466269, 652569.2 2466294, 652578 2466318, 652588 2466343, 652599.2 2466366, 652611.7 2466389, 652625.4 2466412, 652640.2 2466433, 652656.2 2466454, 652673.2 2466474, 652691.2 2466493, 652710.2 2466511, 652730.1 2466528, 652750.9 2466544, 652772.4 2466559, 652794.8 2466572, 652817.8 2466585, 652841.4 2466596, 652865.6 2466606, 652890.2 2466615, 652915.3 2466622, 652940.8 2466628, 652966.5 2466633, 652992.5 2466637, 653018.6 2466639, 653044.8 2466639, 653070.9 2466639, 653097 2466637, 653123 2466633, 653148.7 2466628, 653174.2 2466622, 653199.3 2466615, 653223.9 2466606, 653248.1 2466596, 653271.7 2466585, 653294.8 2466572, 653317.1 2466559, 653338.6 2466544, 653359.4 2466528, 653379.3 2466511, 653398.3 2466493, 653416.3 2466474, 653433.3 2466454, 653449.3 2466433, 653464.1 2466412, 653477.8 2466389, 653490.3 2466366, 653501.5 2466343, 653511.5 2466318, 653520.3 2466294, 653527.7 2466269, 653533.8 2466243, 653538.6 2466217, 653542 2466192, 653544.1 2466165, 653544.8 2466139))"
22,20260531,Forest,2450.16501650165,57.28017654528843,3.139765952748951,1,Hani,土葬,无,0,1,0,397,395.29355021555006,583.1332977343492,1611.177734375,9.163010597229004,55.654555887207685,785039.3371582031,0,0.2706136555581618,1,66,0,0,268657.11364746094,0.3422212122770613,0,1,0.5641810909772789,0.8256510743550737,7.803910654944759,4.047954604793039,1.144148259801018,"POLYGON ((643317.3 2407567, 643316.6 2407541, 643314.5 2407515, 643311.1 2407489, 643306.4 2407463, 643300.2 2407438, 643292.8 2407413, 643284.1 2407388, 643274.1 2407364, 643262.8 2407340, 643250.3 2407317, 643236.6 2407295, 643221.8 2407273, 643205.9 2407253, 643188.9 2407233, 643170.8 2407214, 643151.8 2407196, 643131.9 2407179, 643111.2 2407163, 643089.6 2407148, 643067.3 2407134, 643044.3 2407122, 643020.7 2407110, 642996.5 2407100, 642971.8 2407092, 642946.7 2407084, 642921.2 2407078, 642895.5 2407073, 642869.5 2407070, 642843.5 2407068, 642817.3 2407067, 642791.1 2407068, 642765 2407070, 642739.1 2407073, 642713.3 2407078, 642687.9 2407084, 642662.8 2407092, 642638.1 2407100, 642613.9 2407110, 642590.3 2407122, 642567.3 2407134, 642545 2407148, 642523.4 2407163, 642502.6 2407179, 642482.7 2407196, 642463.7 2407214, 642445.7 2407233, 642428.7 2407253, 642412.8 2407273, 642397.9 2407295, 642384.3 2407317, 642371.8 2407340, 642360.5 2407364, 642350.5 2407388, 642341.8 2407413, 642334.3 2407438, 642328.2 2407463, 642323.4 2407489, 642320 2407515, 642318 2407541, 642317.3 2407567, 642318 2407593, 642320 2407620, 642323.4 2407645, 642328.2 2407671, 642334.3 2407697, 642341.8 2407722, 642350.5 2407746, 642360.5 2407771, 642371.8 2407794, 642384.3 2407817, 642397.9 2407840, 642412.8 2407861, 642428.7 2407882, 642445.7 2407902, 642463.7 2407921, 642482.7 2407939, 642502.6 2407956, 642523.4 2407972, 642545 2407987, 642567.3 2408000, 642590.3 2408013, 642613.9 2408024, 642638.1 2408034, 642662.8 2408043, 642687.9 2408050, 642713.3 2408056, 642739.1 2408061, 642765 2408065, 642791.1 2408067, 642817.3 2408067, 642843.5 2408067, 642869.5 2408065, 642895.5 2408061, 642921.2 2408056, 642946.7 2408050, 642971.8 2408043, 642996.5 2408034, 643020.7 2408024, 643044.3 2408013, 643067.3 2408000, 643089.6 2407987, 643111.2 2407972, 643131.9 2407956, 643151.8 2407939, 643170.8 2407921, 643188.9 2407902, 643205.9 2407882, 643221.8 2407861, 643236.6 2407840, 643250.3 2407817, 643262.8 2407794, 643274.1 2407771, 643284.1 2407746, 643292.8 2407722, 643300.2 2407697, 643306.4 2407671, 643311.1 2407645, 643314.5 2407620, 643316.6 2407593, 643317.3 2407567))"
22,20260531,Forest,2450.16501650165,57.28017654528843,3.139765952748951,1,Hani,土葬,无,0,1,0,398,136.14342044330456,432.67173195185643,1623.660888671875,11.858251571655273,4.815313047371954,768337.53662109375,0,0.14234288021289235,1,67,120577.12097167969,0.15693248764330825,148176.96075439453,0.1928539914970575,0,1,0.9964704596608417,0.08394416610647142,7.803910654944759,4.047954604793039,1.144148259801018,"POLYGON ((645094.5 2408098, 645093.8 2408072, 645091.8 2408045, 645088.4 2408020, 645083.6 2407994, 645077.5 2407968, 645070 2407943, 645061.3 2407919, 645051.3 2407894, 645040 2407871, 645027.5 2407848, 645013.8 2407825, 644999 2407804, 644983.1 2407783, 644966.1 2407763, 644948.1 2407744, 644929.1 2407726, 644909.2 2407709, 644888.4 2407693, 644866.8 2407678, 644844.5 2407665, 644821.5 2407652, 644797.9 2407641, 644773.7 2407631, 644749 2407622, 644723.9 2407615, 644698.5 2407609, 644672.7 2407604, 644646.8 2407600, 644620.7 2407598, 644594.5 2407598, 644568.3 2407598, 644542.2 2407600, 644516.3 2407604, 644490.6 2407609, 644465.1 2407615, 644440 2407622, 644415.3 2407631, 644391.1 2407641, 644367.5 2407652, 644344.5 2407665, 644322.2 2407678, 644300.6 2407693, 644279.8 2407709, 644259.9 2407726, 644241 2407744, 644222.9 2407763, 644205.9 2407783, 644190 2407804, 644175.2 2407825, 644161.5 2407848, 644149 2407871, 644137.7 2407894, 644127.7 2407919, 644119 2407943, 644111.5 2407968, 644105.4 2407994, 644100.7 2408020, 644097.2 2408045, 644095.2 2408072, 644094.5 2408098, 644095.2 2408124, 644097.2 2408150, 644100.7 2408176, 644105.4 2408202, 644111.5 2408227, 644119 2408252, 644127.7 2408277, 644137.7 2408301, 644149 2408325, 644161.5 2408348, 644175.2 2408370, 644190 2408392, 644205.9 2408412, 644222.9 2408432, 644241 2408451, 644259.9 2408469, 644279.8 2408486, 644300.6 2408502, 644322.2 2408517, 644344.5 2408531, 644367.5 2408543, 644391.1 2408555, 644415.3 2408565, 644440 2408573, 644465.1 2408581, 644490.6 2408587, 644516.3 2408592, 644542.2 2408595, 644568.3 2408597, 644594.5 2408598, 644620.7 2408597, 644646.8 2408595, 644672.7 2408592, 644698.5 2408587, 644723.9 2408581, 644749 2408573, 644773.7 2408565, 644797.9 2408555, 644821.5 2408543, 644844.5 2408531, 644866.8 2408517, 644888.4 2408502, 644909.2 2408486, 644929.1 2408469, 644948.1 2408451, 644966.1 2408432, 644983.1 2408412, 644999 2408392, 645013.8 2408370, 645027.5 2408348, 645040 2408325, 645051.3 2408301, 645061.3 2408277, 645070 2408252, 645077.5 2408227, 645083.6 2408202, 645088.4 2408176, 645091.8 2408150, 645093.8 2408124, 645094.5 2408098))"
22,20260531,Forest,4656.765676567657,13.076606278907793,1.9702251270878721,1,Hani,土葬,无,0,1,0,406,118.35945672521225,402.50580733497344,1780.4451904296875,6.401877403259277,159.4865229604571,785039.3371582031,0,0.4576808479548063,1,68,0,0,43341.39747619629,0.055209204717166956,0,1,-0.9365897880074726,0.35042769439660076,8.446076425325582,2.5708248535646967,0.6781478139302769,"POLYGON ((655373.5 2403467, 655372.8 2403441, 655370.7 2403414, 655367.3 2403389, 655362.5 2403363, 655356.4 2403337, 655349 2403312, 655340.2 2403288, 655330.2 2403263, 655319 2403240, 655306.5 2403217, 655292.8 2403194, 655278 2403173, 655262 2403152, 655245 2403132, 655227 2403113, 655208 2403095, 655188.1 2403078, 655167.3 2403062, 655145.8 2403047, 655123.5 2403034, 655100.4 2403021, 655076.8 2403010, 655052.6 2403000, 655028 2402991, 655002.9 2402984, 654977.4 2402978, 654951.7 2402973, 654925.7 2402969, 654899.6 2402967, 654873.5 2402967, 654847.3 2402967, 654821.2 2402969, 654795.2 2402973, 654769.5 2402978, 654744 2402984, 654718.9 2402991, 654694.3 2403000, 654670.1 2403010, 654646.5 2403021, 654623.5 2403034, 654601.1 2403047, 654579.6 2403062, 654558.8 2403078, 654538.9 2403095, 654519.9 2403113, 654501.9 2403132, 654484.9 2403152, 654468.9 2403173, 654454.1 2403194, 654440.4 2403217, 654427.9 2403240, 654416.7 2403263, 654406.7 2403288, 654397.9 2403312, 654390.5 2403337, 654384.4 2403363, 654379.6 2403389, 654376.2 2403414, 654374.1 2403441, 654373.5 2403467, 654374.1 2403493, 654376.2 2403519, 654379.6 2403545, 654384.4 2403571, 654390.5 2403596, 654397.9 2403621, 654406.7 2403646, 654416.7 2403670, 654427.9 2403694, 654440.4 2403717, 654454.1 2403739, 654468.9 2403761, 654484.9 2403781, 654501.9 2403801, 654519.9 2403820, 654538.9 2403838, 654558.8 2403855, 654579.6 2403871, 654601.1 2403886, 654623.5 2403900, 654646.5 2403912, 654670.1 2403924, 654694.3 2403934, 654718.9 2403942, 654744 2403950, 654769.5 2403956, 654795.2 2403961, 654821.2 2403964, 654847.3 2403966, 654873.5 2403967, 654899.6 2403966, 654925.7 2403964, 654951.7 2403961, 654977.4 2403956, 655002.9 2403950, 655028 2403942, 655052.6 2403934, 655076.8 2403924, 655100.4 2403912, 655123.5 2403900, 655145.8 2403886, 655167.3 2403871, 655188.1 2403855, 655208 2403838, 655227 2403820, 655245 2403801, 655262 2403781, 655278 2403761, 655292.8 2403739, 655306.5 2403717, 655319 2403694, 655330.2 2403670, 655340.2 2403646, 655349 2403621, 655356.4 2403596, 655362.5 2403571, 655367.3 2403545, 655370.7 2403519, 655372.8 2403493, 655373.5 2403467))"
22,20260531,Forest,4496.109318656291,53.343051017456666,0.9828130480533146,1,Hani,土葬,无,0,1,0,418,193.2162715840572,2235.4652851057563,732.76934814453125,7.574898719787598,35.98548891576778,149374.58038330078,88925.33798217773,0.28005808705508556,1,71,118622.17254638672,0.7941255616718572,10286.514472961426,0.06886388866543319,0,1,0.8091658345626792,0.5875803367850927,8.410967705925682,3.9767437165454274,-0.01733636201571971,"POLYGON ((669277.3 2378017, 669276.6 2377991, 669274.6 2377965, 669271.1 2377939, 669266.4 2377913, 669260.3 2377888, 669252.8 2377862, 669244.1 2377838, 669234.1 2377814, 669222.8 2377790, 669210.3 2377767, 669196.6 2377745, 669181.8 2377723, 669165.9 2377702, 669148.9 2377682, 669130.9 2377663, 669111.9 2377645, 669092 2377628, 669071.2 2377612, 669049.6 2377598, 669027.3 2377584, 669004.3 2377571, 668980.7 2377560, 668956.5 2377550, 668931.8 2377541, 668906.7 2377534, 668881.3 2377528, 668855.5 2377523, 668829.6 2377520, 668803.5 2377518, 668777.3 2377517, 668751.1 2377518, 668725 2377520, 668699.1 2377523, 668673.3 2377528, 668647.9 2377534, 668622.8 2377541, 668598.1 2377550, 668573.9 2377560, 668550.3 2377571, 668527.3 2377584, 668505 2377598, 668483.4 2377612, 668462.6 2377628, 668442.7 2377645, 668423.8 2377663, 668405.7 2377682, 668388.7 2377702, 668372.8 2377723, 668358 2377745, 668344.3 2377767, 668331.8 2377790, 668320.5 2377814, 668310.5 2377838, 668301.8 2377862, 668294.3 2377888, 668288.2 2377913, 668283.5 2377939, 668280 2377965, 668278 2377991, 668277.3 2378017, 668278 2378043, 668280 2378069, 668283.5 2378095, 668288.2 2378121, 668294.3 2378146, 668301.8 2378171, 668310.5 2378196, 668320.5 2378220, 668331.8 2378244, 668344.3 2378267, 668358 2378289, 668372.8 2378311, 668388.7 2378332, 668405.7 2378352, 668423.8 2378371, 668442.7 2378389, 668462.6 2378406, 668483.4 2378421, 668505 2378436, 668527.3 2378450, 668550.3 2378462, 668573.9 2378474, 668598.1 2378484, 668622.8 2378493, 668647.9 2378500, 668673.3 2378506, 668699.1 2378511, 668725 2378514, 668751.1 2378516, 668777.3 2378517, 668803.5 2378516, 668829.6 2378514, 668855.5 2378511, 668881.3 2378506, 668906.7 2378500, 668931.8 2378493, 668956.5 2378484, 668980.7 2378474, 669004.3 2378462, 669027.3 2378450, 669049.6 2378436, 669071.2 2378421, 669092 2378406, 669111.9 2378389, 669130.9 2378371, 669148.9 2378352, 669165.9 2378332, 669181.8 2378311, 669196.6 2378289, 669210.3 2378267, 669222.8 2378244, 669234.1 2378220, 669244.1 2378196, 669252.8 2378171, 669260.3 2378146, 669266.4 2378121, 669271.1 2378095, 669274.6 2378069, 669276.6 2378043, 669277.3 2378017))"
22,20260531,Forest,4496.109318656291,53.343051017456666,0.9828130480533146,1,Hani,土葬,无,0,1,0,421,202.80818670912447,2052.3756997268697,724.43157958984375,6.9476776123046875,58.87928472701955,85072.6936340332,54937.36381530762,0.3702916383379952,1,72,63494.46716308594,0.7463554338155466,21578.231620788574,0.2536446267190514,0,1,0.5168428782235347,0.8560802761596674,8.410967705925682,3.9767437165454274,-0.01733636201571971,"POLYGON ((672990.8 2380632, 672990.2 2380606, 672988.1 2380580, 672984.7 2380554, 672979.9 2380528, 672973.8 2380503, 672966.4 2380478, 672957.6 2380453, 672947.6 2380429, 672936.3 2380405, 672923.9 2380382, 672910.2 2380360, 672895.3 2380338, 672879.4 2380318, 672862.4 2380298, 672844.4 2380279, 672825.4 2380261, 672805.5 2380244, 672784.7 2380228, 672763.2 2380213, 672740.8 2380199, 672717.8 2380187, 672694.2 2380175, 672670 2380165, 672645.3 2380157, 672620.2 2380149, 672594.8 2380143, 672569.1 2380138, 672543.1 2380135, 672517 2380133, 672490.8 2380132, 672464.7 2380133, 672438.6 2380135, 672412.6 2380138, 672386.9 2380143, 672361.4 2380149, 672336.3 2380157, 672311.7 2380165, 672287.5 2380175, 672263.8 2380187, 672240.8 2380199, 672218.5 2380213, 672196.9 2380228, 672176.2 2380244, 672156.3 2380261, 672137.3 2380279, 672119.3 2380298, 672102.3 2380318, 672086.3 2380338, 672071.5 2380360, 672057.8 2380382, 672045.3 2380405, 672034.1 2380429, 672024.1 2380453, 672015.3 2380478, 672007.9 2380503, 672001.8 2380528, 671997 2380554, 671993.6 2380580, 671991.5 2380606, 671990.8 2380632, 671991.5 2380658, 671993.6 2380684, 671997 2380710, 672001.8 2380736, 672007.9 2380762, 672015.3 2380787, 672024.1 2380811, 672034.1 2380836, 672045.3 2380859, 672057.8 2380882, 672071.5 2380905, 672086.3 2380926, 672102.3 2380947, 672119.3 2380967, 672137.3 2380986, 672156.3 2381004, 672176.2 2381021, 672196.9 2381037, 672218.5 2381052, 672240.8 2381065, 672263.8 2381078, 672287.5 2381089, 672311.7 2381099, 672336.3 2381108, 672361.4 2381115, 672386.9 2381121, 672412.6 2381126, 672438.6 2381129, 672464.7 2381132, 672490.8 2381132, 672517 2381132, 672543.1 2381129, 672569.1 2381126, 672594.8 2381121, 672620.2 2381115, 672645.3 2381108, 672670 2381099, 672694.2 2381089, 672717.8 2381078, 672740.8 2381065, 672763.2 2381052, 672784.7 2381037, 672805.5 2381021, 672825.4 2381004, 672844.4 2380986, 672862.4 2380967, 672879.4 2380947, 672895.3 2380926, 672910.2 2380905, 672923.9 2380882, 672936.3 2380859, 672947.6 2380836, 672957.6 2380811, 672966.4 2380787, 672973.8 2380762, 672979.9 2380736, 672984.7 2380710, 672988.1 2380684, 672990.2 2380658, 672990.8 2380632))"
22,20260531,Forest,3589.865249572974,26.95010593000912,0.75059382422802845,1,Hani,土葬,无,0,1,0,475,194.29025417554558,316.87091862546055,1244.9586181640625,14.651897430419922,36.26634944982148,785039.3371582031,0,0.1411772018739635,1,73,0,0,0,0,0,1,0.8062758402058622,0.5915397446497834,8.18586994583998,3.2939872279598648,-0.2868906200954694,"POLYGON ((665401.6 2389078, 665400.9 2389052, 665398.8 2389026, 665395.4 2389000, 665390.6 2388974, 665384.5 2388948, 665377.1 2388923, 665368.3 2388899, 665358.3 2388874, 665347.1 2388851, 665334.6 2388828, 665320.9 2388806, 665306.1 2388784, 665290.1 2388763, 665273.1 2388743, 665255.1 2388724, 665236.1 2388706, 665216.2 2388689, 665195.4 2388673, 665173.9 2388659, 665151.6 2388645, 665128.6 2388632, 665104.9 2388621, 665080.7 2388611, 665056.1 2388602, 665031 2388595, 665005.5 2388589, 664979.8 2388584, 664953.8 2388581, 664927.7 2388579, 664901.6 2388578, 664875.4 2388579, 664849.3 2388581, 664823.3 2388584, 664797.6 2388589, 664772.1 2388595, 664747 2388602, 664722.4 2388611, 664698.2 2388621, 664674.6 2388632, 664651.6 2388645, 664629.2 2388659, 664607.7 2388673, 664586.9 2388689, 664567 2388706, 664548 2388724, 664530 2388743, 664513 2388763, 664497 2388784, 664482.2 2388806, 664468.5 2388828, 664456.1 2388851, 664444.8 2388874, 664434.8 2388899, 664426 2388923, 664418.6 2388948, 664412.5 2388974, 664407.7 2389000, 664404.3 2389026, 664402.2 2389052, 664401.6 2389078, 664402.2 2389104, 664404.3 2389130, 664407.7 2389156, 664412.5 2389182, 664418.6 2389207, 664426 2389232, 664434.8 2389257, 664444.8 2389281, 664456.1 2389305, 664468.5 2389328, 664482.2 2389350, 664497 2389372, 664513 2389392, 664530 2389412, 664548 2389431, 664567 2389449, 664586.9 2389466, 664607.7 2389482, 664629.2 2389497, 664651.6 2389511, 664674.6 2389523, 664698.2 2389535, 664722.4 2389545, 664747 2389553, 664772.1 2389561, 664797.6 2389567, 664823.3 2389572, 664849.3 2389575, 664875.4 2389577, 664901.6 2389578, 664927.7 2389577, 664953.8 2389575, 664979.8 2389572, 665005.5 2389567, 665031 2389561, 665056.1 2389553, 665080.7 2389545, 665104.9 2389535, 665128.6 2389523, 665151.6 2389511, 665173.9 2389497, 665195.4 2389482, 665216.2 2389466, 665236.1 2389449, 665255.1 2389431, 665273.1 2389412, 665290.1 2389392, 665306.1 2389372, 665320.9 2389350, 665334.6 2389328, 665347.1 2389305, 665358.3 2389281, 665368.3 2389257, 665377.1 2389232, 665384.5 2389207, 665390.6 2389182, 665395.4 2389156, 665398.8 2389130, 665400.9 2389104, 665401.6 2389078))"
22,20260531,Forest,3378.2501423420003,27.32013936280332,2.0710014947683106,1,Hani,土葬,无,0,1,0,479,188.9912594240685,344.0514635065004,1412.9964599609375,15.742851257324219,94.38316074990014,785039.3371582031,0,0.14141346977542055,1,74,0,0,0,0,0,1,-0.07642599065700698,0.9970752569149909,8.125113145053028,3.3076241358170795,0.7280323041748045,"POLYGON ((663128.6 2408446, 663127.9 2408420, 663125.8 2408394, 663122.4 2408368, 663117.7 2408342, 663111.5 2408317, 663104.1 2408292, 663095.4 2408267, 663085.4 2408243, 663074.1 2408219, 663061.6 2408196, 663047.9 2408174, 663033.1 2408152, 663017.2 2408132, 663000.2 2408112, 662982.1 2408093, 662963.1 2408075, 662943.2 2408058, 662922.5 2408042, 662900.9 2408027, 662878.6 2408013, 662855.6 2408001, 662831.9 2407990, 662807.8 2407979, 662783.1 2407971, 662758 2407963, 662732.5 2407957, 662706.8 2407952, 662680.8 2407949, 662654.7 2407947, 662628.6 2407946, 662602.4 2407947, 662576.3 2407949, 662550.4 2407952, 662524.6 2407957, 662499.2 2407963, 662474.1 2407971, 662449.4 2407979, 662425.2 2407990, 662401.6 2408001, 662378.6 2408013, 662356.3 2408027, 662334.7 2408042, 662313.9 2408058, 662294 2408075, 662275 2408093, 662257 2408112, 662240 2408132, 662224.1 2408152, 662209.2 2408174, 662195.6 2408196, 662183.1 2408219, 662171.8 2408243, 662161.8 2408267, 662153.1 2408292, 662145.6 2408317, 662139.5 2408342, 662134.7 2408368, 662131.3 2408394, 662129.3 2408420, 662128.6 2408446, 662129.3 2408472, 662131.3 2408499, 662134.7 2408525, 662139.5 2408550, 662145.6 2408576, 662153.1 2408601, 662161.8 2408625, 662171.8 2408650, 662183.1 2408673, 662195.6 2408696, 662209.2 2408719, 662224.1 2408740, 662240 2408761, 662257 2408781, 662275 2408800, 662294 2408818, 662313.9 2408835, 662334.7 2408851, 662356.3 2408866, 662378.6 2408879, 662401.6 2408892, 662425.2 2408903, 662449.4 2408913, 662474.1 2408922, 662499.2 2408929, 662524.6 2408935, 662550.4 2408940, 662576.3 2408944, 662602.4 2408946, 662628.6 2408946, 662654.7 2408946, 662680.8 2408944, 662706.8 2408940, 662732.5 2408935, 662758 2408929, 662783.1 2408922, 662807.8 2408913, 662831.9 2408903, 662855.6 2408892, 662878.6 2408879, 662900.9 2408866, 662922.5 2408851, 662943.2 2408835, 662963.1 2408818, 662982.1 2408800, 663000.2 2408781, 663017.2 2408761, 663033.1 2408740, 663047.9 2408719, 663061.6 2408696, 663074.1 2408673, 663085.4 2408650, 663095.4 2408625, 663104.1 2408601, 663111.5 2408576, 663117.7 2408550, 663122.4 2408525, 663125.8 2408499, 663127.9 2408472, 663128.6 2408446))"
22,20260531,Forest,2715.8853672423606,19.408732153463,0.688783570300158,1,Hani,土葬,无,0,1,0,481,693.1200311321438,1468.9765778581254,850.31085205078125,10.121733665466309,166.0766108190429,144714.28985595703,319754.36096191406,0.25318259403013205,1,76,87421.53625488281,0.6040974691711427,4453.003835678101,0.03077100291968711,0,1,-0.9706183352366082,0.24062428660157154,7.906873281323348,2.9657230758029596,-0.3728281787951418,"POLYGON ((668970.4 2396529, 668969.7 2396503, 668967.7 2396477, 668964.2 2396451, 668959.5 2396425, 668953.4 2396399, 668945.9 2396374, 668937.2 2396350, 668927.2 2396325, 668915.9 2396302, 668903.4 2396279, 668889.7 2396256, 668874.9 2396235, 668859 2396214, 668842 2396194, 668824 2396175, 668805 2396157, 668785.1 2396140, 668764.3 2396124, 668742.7 2396109, 668720.4 2396096, 668697.4 2396083, 668673.8 2396072, 668649.6 2396062, 668624.9 2396053, 668599.8 2396046, 668574.4 2396040, 668548.6 2396035, 668522.7 2396032, 668496.6 2396029, 668470.4 2396029, 668444.2 2396029, 668418.1 2396032, 668392.2 2396035, 668366.4 2396040, 668341 2396046, 668315.9 2396053, 668291.2 2396062, 668267 2396072, 668243.4 2396083, 668220.4 2396096, 668198.1 2396109, 668176.5 2396124, 668155.7 2396140, 668135.8 2396157, 668116.8 2396175, 668098.8 2396194, 668081.8 2396214, 668065.9 2396235, 668051.1 2396256, 668037.4 2396279, 668024.9 2396302, 668013.6 2396325, 668003.6 2396350, 667994.9 2396374, 667987.4 2396399, 667981.3 2396425, 667976.6 2396451, 667973.1 2396477, 667971.1 2396503, 667970.4 2396529, 667971.1 2396555, 667973.1 2396581, 667976.6 2396607, 667981.3 2396633, 667987.4 2396658, 667994.9 2396683, 668003.6 2396708, 668013.6 2396732, 668024.9 2396756, 668037.4 2396779, 668051.1 2396801, 668065.9 2396823, 668081.8 2396843, 668098.8 2396863, 668116.8 2396882, 668135.8 2396900, 668155.7 2396917, 668176.5 2396933, 668198.1 2396948, 668220.4 2396962, 668243.4 2396974, 668267 2396986, 668291.2 2396996, 668315.9 2397004, 668341 2397012, 668366.4 2397018, 668392.2 2397023, 668418.1 2397026, 668444.2 2397028, 668470.4 2397029, 668496.6 2397028, 668522.7 2397026, 668548.6 2397023, 668574.4 2397018, 668599.8 2397012, 668624.9 2397004, 668649.6 2396996, 668673.8 2396986, 668697.4 2396974, 668720.4 2396962, 668742.7 2396948, 668764.3 2396933, 668785.1 2396917, 668805 2396900, 668824 2396882, 668842 2396863, 668859 2396843, 668874.9 2396823, 668889.7 2396801, 668903.4 2396779, 668915.9 2396756, 668927.2 2396732, 668937.2 2396708, 668945.9 2396683, 668953.4 2396658, 668959.5 2396633, 668964.2 2396607, 668967.7 2396581, 668969.7 2396555, 668970.4 2396529))"
22,20260531,Forest,2427.4055798064146,44.86582602524312,1.2636412749864938,1,Hani,土葬,无,0,1,0,482,212.11273118546268,356.90448981477255,1105.25537109375,16.525306701660156,304.0929233921788,785039.3371582031,0,0.06609334219949502,1,77,45600.746154785156,0.058087211680190716,38239.82734680176,0.04871071491172368,0,1,0.5605367164673037,-0.8281295728882367,7.794578303345739,3.8036763919311,0.23399745401068153,"POLYGON ((686905.5 2391879, 686904.8 2391853, 686902.7 2391827, 686899.3 2391801, 686894.6 2391775, 686888.5 2391750, 686881 2391725, 686872.3 2391700, 686862.3 2391676, 686851 2391652, 686838.5 2391629, 686824.8 2391607, 686810 2391585, 686794.1 2391565, 686777.1 2391545, 686759 2391526, 686740.1 2391508, 686720.1 2391491, 686699.4 2391475, 686677.8 2391460, 686655.5 2391446, 686632.5 2391434, 686608.9 2391422, 686584.7 2391412, 686560 2391404, 686534.9 2391396, 686509.4 2391390, 686483.7 2391385, 686457.8 2391382, 686431.7 2391380, 686405.5 2391379, 686379.3 2391380, 686353.2 2391382, 686327.3 2391385, 686301.5 2391390, 686276.1 2391396, 686251 2391404, 686226.3 2391412, 686202.1 2391422, 686178.5 2391434, 686155.5 2391446, 686133.2 2391460, 686111.6 2391475, 686090.8 2391491, 686070.9 2391508, 686051.9 2391526, 686033.9 2391545, 686016.9 2391565, 686001 2391585, 685986.2 2391607, 685972.5 2391629, 685960 2391652, 685948.7 2391676, 685938.7 2391700, 685930 2391725, 685922.5 2391750, 685916.4 2391775, 685911.6 2391801, 685908.2 2391827, 685906.2 2391853, 685905.5 2391879, 685906.2 2391905, 685908.2 2391931, 685911.6 2391957, 685916.4 2391983, 685922.5 2392009, 685930 2392034, 685938.7 2392058, 685948.7 2392083, 685960 2392106, 685972.5 2392129, 685986.2 2392152, 686001 2392173, 686016.9 2392194, 686033.9 2392214, 686051.9 2392233, 686070.9 2392251, 686090.8 2392268, 686111.6 2392284, 686133.2 2392299, 686155.5 2392312, 686178.5 2392325, 686202.1 2392336, 686226.3 2392346, 686251 2392355, 686276.1 2392362, 686301.5 2392368, 686327.3 2392373, 686353.2 2392376, 686379.3 2392379, 686405.5 2392379, 686431.7 2392379, 686457.8 2392376, 686483.7 2392373, 686509.4 2392368, 686534.9 2392362, 686560 2392355, 686584.7 2392346, 686608.9 2392336, 686632.5 2392325, 686655.5 2392312, 686677.8 2392299, 686699.4 2392284, 686720.1 2392268, 686740.1 2392251, 686759 2392233, 686777.1 2392214, 686794.1 2392194, 686810 2392173, 686824.8 2392152, 686838.5 2392129, 686851 2392106, 686862.3 2392083, 686872.3 2392058, 686881 2392034, 686888.5 2392009, 686894.6 2391983, 686899.3 2391957, 686902.7 2391931, 686904.8 2391905, 686905.5 2391879))"
22,20260531,Forest,5351.11026760296,13.711033575247699,0.13435474366529168,1,Hani,土葬,无,0,1,0,484,244.26627409575812,2017.611503479609,834.15435791015625,11.193350791931152,198.92316487236315,124221.6567993164,38923.849868774414,0.16086353922785077,1,78,100291.91665649414,0.8073625746154599,6093.289661407471,0.049051750060388845,0,1,-0.9459543206279994,-0.32429989714031676,8.585059345014134,2.6182008791533518,-2.0072716362797856,"POLYGON ((674503.2 2409695, 674502.5 2409669, 674500.5 2409643, 674497.1 2409617, 674492.3 2409591, 674486.2 2409566, 674478.8 2409541, 674470 2409516, 674460 2409492, 674448.7 2409468, 674436.2 2409445, 674422.6 2409423, 674407.7 2409401, 674391.8 2409381, 674374.8 2409361, 674356.8 2409342, 674337.8 2409324, 674317.9 2409307, 674297.1 2409291, 674275.6 2409276, 674253.2 2409262, 674230.2 2409250, 674206.6 2409239, 674182.4 2409229, 674157.7 2409220, 674132.6 2409212, 674107.2 2409206, 674081.4 2409202, 674055.5 2409198, 674029.4 2409196, 674003.2 2409195, 673977.1 2409196, 673951 2409198, 673925 2409202, 673899.3 2409206, 673873.8 2409212, 673848.7 2409220, 673824 2409229, 673799.9 2409239, 673776.2 2409250, 673753.2 2409262, 673730.9 2409276, 673709.3 2409291, 673688.6 2409307, 673668.7 2409324, 673649.7 2409342, 673631.7 2409361, 673614.7 2409381, 673598.7 2409401, 673583.9 2409423, 673570.2 2409445, 673557.7 2409468, 673546.5 2409492, 673536.4 2409516, 673527.7 2409541, 673520.3 2409566, 673514.2 2409591, 673509.4 2409617, 673506 2409643, 673503.9 2409669, 673503.2 2409695, 673503.9 2409722, 673506 2409748, 673509.4 2409774, 673514.2 2409799, 673520.3 2409825, 673527.7 2409850, 673536.4 2409875, 673546.5 2409899, 673557.7 2409922, 673570.2 2409945, 673583.9 2409968, 673598.7 2409989, 673614.7 2410010, 673631.7 2410030, 673649.7 2410049, 673668.7 2410067, 673688.6 2410084, 673709.3 2410100, 673730.9 2410115, 673753.2 2410128, 673776.2 2410141, 673799.9 2410152, 673824 2410162, 673848.7 2410171, 673873.8 2410178, 673899.3 2410184, 673925 2410189, 673951 2410193, 673977.1 2410195, 674003.2 2410195, 674029.4 2410195, 674055.5 2410193, 674081.4 2410189, 674107.2 2410184, 674132.6 2410178, 674157.7 2410171, 674182.4 2410162, 674206.6 2410152, 674230.2 2410141, 674253.2 2410128, 674275.6 2410115, 674297.1 2410100, 674317.9 2410084, 674337.8 2410067, 674356.8 2410049, 674374.8 2410030, 674391.8 2410010, 674407.7 2409989, 674422.6 2409968, 674436.2 2409945, 674448.7 2409922, 674460 2409899, 674470 2409875, 674478.8 2409850, 674486.2 2409825, 674492.3 2409799, 674497.1 2409774, 674500.5 2409748, 674502.5 2409722, 674503.2 2409695))"
22,20260531,Forest,3378.2501423420003,27.32013936280332,2.0710014947683106,1,Hani,土葬,无,0,1,0,485,397.03024990065273,397.9180275888343,1002.3419189453125,9.796059608459473,228.65274046110062,785039.3371582031,0,0.2856381466098569,1,79,361374.4445800781,0.46032654349300844,27320.68576812744,0.0348016774127864,0,1,-0.6606211119925158,-0.7507194858199512,8.125113145053028,3.3076241358170795,0.7280323041748045,"POLYGON ((668577.5 2407930, 668576.8 2407904, 668574.7 2407878, 668571.3 2407852, 668566.6 2407826, 668560.4 2407800, 668553 2407775, 668544.3 2407751, 668534.3 2407727, 668523 2407703, 668510.5 2407680, 668496.8 2407658, 668482 2407636, 668466.1 2407615, 668449.1 2407595, 668431 2407576, 668412.1 2407558, 668392.1 2407541, 668371.4 2407525, 668349.8 2407511, 668327.5 2407497, 668304.5 2407484, 668280.9 2407473, 668256.7 2407463, 668232 2407454, 668206.9 2407447, 668181.4 2407441, 668155.7 2407436, 668129.7 2407433, 668103.7 2407431, 668077.5 2407430, 668051.3 2407431, 668025.2 2407433, 667999.3 2407436, 667973.5 2407441, 667948.1 2407447, 667923 2407454, 667898.3 2407463, 667874.1 2407473, 667850.5 2407484, 667827.5 2407497, 667805.2 2407511, 667783.6 2407525, 667762.8 2407541, 667742.9 2407558, 667723.9 2407576, 667705.9 2407595, 667688.9 2407615, 667673 2407636, 667658.1 2407658, 667644.5 2407680, 667632 2407703, 667620.7 2407727, 667610.7 2407751, 667602 2407775, 667594.5 2407800, 667588.4 2407826, 667583.6 2407852, 667580.2 2407878, 667578.2 2407904, 667577.5 2407930, 667578.2 2407956, 667580.2 2407982, 667583.6 2408008, 667588.4 2408034, 667594.5 2408059, 667602 2408084, 667610.7 2408109, 667620.7 2408133, 667632 2408157, 667644.5 2408180, 667658.1 2408202, 667673 2408224, 667688.9 2408245, 667705.9 2408264, 667723.9 2408283, 667742.9 2408301, 667762.8 2408318, 667783.6 2408334, 667805.2 2408349, 667827.5 2408363, 667850.5 2408375, 667874.1 2408387, 667898.3 2408397, 667923 2408405, 667948.1 2408413, 667973.5 2408419, 667999.3 2408424, 668025.2 2408427, 668051.3 2408429, 668077.5 2408430, 668103.7 2408429, 668129.7 2408427, 668155.7 2408424, 668181.4 2408419, 668206.9 2408413, 668232 2408405, 668256.7 2408397, 668280.9 2408387, 668304.5 2408375, 668327.5 2408363, 668349.8 2408349, 668371.4 2408334, 668392.1 2408318, 668412.1 2408301, 668431 2408283, 668449.1 2408264, 668466.1 2408245, 668482 2408224, 668496.8 2408202, 668510.5 2408180, 668523 2408157, 668534.3 2408133, 668544.3 2408109, 668553 2408084, 668560.4 2408059, 668566.6 2408034, 668571.3 2408008, 668574.7 2407982, 668576.8 2407956, 668577.5 2407930))"
22,20260531,Forest,3378.2501423420003,27.32013936280332,2.0710014947683106,1,Hani,土葬,无,0,1,0,489,12.009316383494063,568.7301935158173,1469.5953369140625,9.34376049041748,249.28781697813642,785039.3371582031,0,0.21969413272619728,1,80,0,0,21261.087226867676,0.02708283040163513,0,1,-0.35367374284736336,-0.9353688489683293,8.125113145053028,3.3076241358170795,0.7280323041748045,"POLYGON ((664425.2 2410621, 664424.5 2410595, 664422.5 2410569, 664419.1 2410543, 664414.3 2410517, 664408.2 2410491, 664400.7 2410466, 664392 2410442, 664382 2410417, 664370.7 2410394, 664358.2 2410371, 664344.6 2410349, 664329.7 2410327, 664313.8 2410306, 664296.8 2410286, 664278.8 2410267, 664259.8 2410249, 664239.9 2410232, 664219.1 2410216, 664197.5 2410202, 664175.2 2410188, 664152.2 2410175, 664128.6 2410164, 664104.4 2410154, 664079.7 2410145, 664054.6 2410138, 664029.2 2410132, 664003.4 2410127, 663977.5 2410124, 663951.4 2410122, 663925.2 2410121, 663899.1 2410122, 663873 2410124, 663847 2410127, 663821.3 2410132, 663795.8 2410138, 663770.7 2410145, 663746 2410154, 663721.9 2410164, 663698.2 2410175, 663675.2 2410188, 663652.9 2410202, 663631.3 2410216, 663610.6 2410232, 663590.7 2410249, 663571.7 2410267, 663553.6 2410286, 663536.6 2410306, 663520.7 2410327, 663505.9 2410349, 663492.2 2410371, 663479.7 2410394, 663468.4 2410417, 663458.4 2410442, 663449.7 2410466, 663442.3 2410491, 663436.1 2410517, 663431.4 2410543, 663428 2410569, 663425.9 2410595, 663425.2 2410621, 663425.9 2410647, 663428 2410673, 663431.4 2410699, 663436.1 2410725, 663442.3 2410750, 663449.7 2410775, 663458.4 2410800, 663468.4 2410824, 663479.7 2410848, 663492.2 2410871, 663505.9 2410893, 663520.7 2410915, 663536.6 2410936, 663553.6 2410955, 663571.7 2410974, 663590.7 2410992, 663610.6 2411009, 663631.3 2411025, 663652.9 2411040, 663675.2 2411054, 663698.2 2411066, 663721.9 2411078, 663746 2411088, 663770.7 2411096, 663795.8 2411104, 663821.3 2411110, 663847 2411115, 663873 2411118, 663899.1 2411120, 663925.2 2411121, 663951.4 2411120, 663977.5 2411118, 664003.4 2411115, 664029.2 2411110, 664054.6 2411104, 664079.7 2411096, 664104.4 2411088, 664128.6 2411078, 664152.2 2411066, 664175.2 2411054, 664197.5 2411040, 664219.1 2411025, 664239.9 2411009, 664259.8 2410992, 664278.8 2410974, 664296.8 2410955, 664313.8 2410936, 664329.7 2410915, 664344.6 2410893, 664358.2 2410871, 664370.7 2410848, 664382 2410824, 664392 2410800, 664400.7 2410775, 664408.2 2410750, 664414.3 2410725, 664419.1 2410699, 664422.5 2410673, 664424.5 2410647, 664425.2 2410621))"
22,20260531,Forest,2427.4055798064146,44.86582602524312,1.2636412749864938,1,Hani,土葬,无,0,1,0,495,88.35062869648435,478.1823002868147,759.53582763671875,16.601594924926758,112.12007930086727,446596.76513671875,203983.9096069336,0.1862322008082636,1,82,366496.76513671875,0.820643573234395,74700,0.167264982264553,0,1,-0.3765489419065155,0.9263967262188936,7.794578303345739,3.8036763919311,0.23399745401068153,"POLYGON ((691388.6 2398619, 691387.9 2398593, 691385.8 2398567, 691382.4 2398541, 691377.6 2398515, 691371.5 2398490, 691364.1 2398465, 691355.3 2398440, 691345.3 2398416, 691334.1 2398392, 691321.6 2398369, 691307.9 2398347, 691293.1 2398325, 691277.1 2398305, 691260.1 2398285, 691242.1 2398266, 691223.1 2398248, 691203.2 2398231, 691182.4 2398215, 691160.9 2398200, 691138.6 2398186, 691115.5 2398174, 691091.9 2398162, 691067.7 2398152, 691043.1 2398144, 691018 2398136, 690992.5 2398130, 690966.8 2398125, 690940.8 2398122, 690914.7 2398120, 690888.6 2398119, 690862.4 2398120, 690836.3 2398122, 690810.3 2398125, 690784.6 2398130, 690759.1 2398136, 690734 2398144, 690709.4 2398152, 690685.2 2398162, 690661.6 2398174, 690638.6 2398186, 690616.2 2398200, 690594.7 2398215, 690573.9 2398231, 690554 2398248, 690535 2398266, 690517 2398285, 690500 2398305, 690484 2398325, 690469.2 2398347, 690455.5 2398369, 690443 2398392, 690431.8 2398416, 690421.8 2398440, 690413 2398465, 690405.6 2398490, 690399.5 2398515, 690394.7 2398541, 690391.3 2398567, 690389.2 2398593, 690388.6 2398619, 690389.2 2398645, 690391.3 2398671, 690394.7 2398697, 690399.5 2398723, 690405.6 2398749, 690413 2398774, 690421.8 2398798, 690431.8 2398823, 690443 2398846, 690455.5 2398869, 690469.2 2398892, 690484 2398913, 690500 2398934, 690517 2398954, 690535 2398973, 690554 2398991, 690573.9 2399008, 690594.7 2399024, 690616.2 2399039, 690638.6 2399052, 690661.6 2399065, 690685.2 2399076, 690709.4 2399086, 690734 2399095, 690759.1 2399102, 690784.6 2399108, 690810.3 2399113, 690836.3 2399116, 690862.4 2399119, 690888.6 2399119, 690914.7 2399119, 690940.8 2399116, 690966.8 2399113, 690992.5 2399108, 691018 2399102, 691043.1 2399095, 691067.7 2399086, 691091.9 2399076, 691115.5 2399065, 691138.6 2399052, 691160.9 2399039, 691182.4 2399024, 691203.2 2399008, 691223.1 2398991, 691242.1 2398973, 691260.1 2398954, 691277.1 2398934, 691293.1 2398913, 691307.9 2398892, 691321.6 2398869, 691334.1 2398846, 691345.3 2398823, 691355.3 2398798, 691364.1 2398774, 691371.5 2398749, 691377.6 2398723, 691382.4 2398697, 691385.8 2398671, 691387.9 2398645, 691388.6 2398619))"
22,20260531,Forest,2715.8853672423606,19.408732153463,0.688783570300158,1,Hani,土葬,无,0,1,0,497,595.1535573309174,1527.4124195304137,862.7880859375,11.232484817504883,161.32594159773186,215654.0267944336,313607.94982910156,0.21542647532537282,1,84,95405.62362670898,0.44240130845157755,8100,0.03756016115442679,0,1,-0.9473553434087314,0.32018409285116695,7.906873281323348,2.9657230758029596,-0.3728281787951418,"POLYGON ((669171.5 2396331, 669170.8 2396305, 669168.7 2396279, 669165.3 2396253, 669160.5 2396227, 669154.4 2396202, 669147 2396177, 669138.2 2396152, 669128.2 2396128, 669117 2396104, 669104.5 2396081, 669090.8 2396059, 669076 2396037, 669060 2396017, 669043 2395997, 669025 2395978, 669006 2395960, 668986.1 2395943, 668965.3 2395927, 668943.8 2395912, 668921.5 2395898, 668898.4 2395886, 668874.8 2395875, 668850.6 2395865, 668826 2395856, 668800.9 2395848, 668775.4 2395842, 668749.7 2395838, 668723.7 2395834, 668697.6 2395832, 668671.5 2395831, 668645.3 2395832, 668619.2 2395834, 668593.2 2395838, 668567.5 2395842, 668542 2395848, 668516.9 2395856, 668492.3 2395865, 668468.1 2395875, 668444.5 2395886, 668421.5 2395898, 668399.1 2395912, 668377.6 2395927, 668356.8 2395943, 668336.9 2395960, 668317.9 2395978, 668299.9 2395997, 668282.9 2396017, 668266.9 2396037, 668252.1 2396059, 668238.4 2396081, 668226 2396104, 668214.7 2396128, 668204.7 2396152, 668195.9 2396177, 668188.5 2396202, 668182.4 2396227, 668177.6 2396253, 668174.2 2396279, 668172.1 2396305, 668171.5 2396331, 668172.1 2396358, 668174.2 2396384, 668177.6 2396410, 668182.4 2396435, 668188.5 2396461, 668195.9 2396486, 668204.7 2396511, 668214.7 2396535, 668226 2396558, 668238.4 2396581, 668252.1 2396604, 668266.9 2396625, 668282.9 2396646, 668299.9 2396666, 668317.9 2396685, 668336.9 2396703, 668356.8 2396720, 668377.6 2396736, 668399.1 2396751, 668421.5 2396764, 668444.5 2396777, 668468.1 2396788, 668492.3 2396798, 668516.9 2396807, 668542 2396814, 668567.5 2396820, 668593.2 2396825, 668619.2 2396829, 668645.3 2396831, 668671.5 2396831, 668697.6 2396831, 668723.7 2396829, 668749.7 2396825, 668775.4 2396820, 668800.9 2396814, 668826 2396807, 668850.6 2396798, 668874.8 2396788, 668898.4 2396777, 668921.5 2396764, 668943.8 2396751, 668965.3 2396736, 668986.1 2396720, 669006 2396703, 669025 2396685, 669043 2396666, 669060 2396646, 669076 2396625, 669090.8 2396604, 669104.5 2396581, 669117 2396558, 669128.2 2396535, 669138.2 2396511, 669147 2396486, 669154.4 2396461, 669160.5 2396435, 669165.3 2396410, 669168.7 2396384, 669170.8 2396358, 669171.5 2396331))"
22,20260531,Forest,2715.8853672423606,19.408732153463,0.688783570300158,1,Hani,土葬,无,0,1,0,498,638.3075123049401,1704.9744629260244,872.79327392578125,12.023673057556152,146.9086295369753,130476.4892578125,320620.4406738281,0.1803809187079287,1,85,47110.18867492676,0.3610626630353327,4500,0.0344889721174848,0,1,-0.8378009576281358,0.5459757827938695,7.906873281323348,2.9657230758029596,-0.3728281787951418,"POLYGON ((669432.2 2396181, 669431.5 2396155, 669429.5 2396129, 669426.1 2396103, 669421.3 2396077, 669415.2 2396052, 669407.7 2396027, 669399 2396002, 669389 2395978, 669377.7 2395954, 669365.2 2395931, 669351.5 2395909, 669336.7 2395887, 669320.8 2395866, 669303.8 2395846, 669285.8 2395828, 669266.8 2395809, 669246.9 2395792, 669226.1 2395777, 669204.5 2395762, 669182.2 2395748, 669159.2 2395736, 669135.6 2395724, 669111.4 2395714, 669086.7 2395706, 669061.6 2395698, 669036.2 2395692, 669010.4 2395687, 668984.5 2395684, 668958.4 2395682, 668932.2 2395681, 668906 2395682, 668879.9 2395684, 668854 2395687, 668828.3 2395692, 668802.8 2395698, 668777.7 2395706, 668753 2395714, 668728.8 2395724, 668705.2 2395736, 668682.2 2395748, 668659.9 2395762, 668638.3 2395777, 668617.6 2395792, 668597.6 2395809, 668578.7 2395828, 668560.6 2395846, 668543.6 2395866, 668527.7 2395887, 668512.9 2395909, 668499.2 2395931, 668486.7 2395954, 668475.4 2395978, 668465.4 2396002, 668456.7 2396027, 668449.2 2396052, 668443.1 2396077, 668438.4 2396103, 668435 2396129, 668432.9 2396155, 668432.2 2396181, 668432.9 2396207, 668435 2396233, 668438.4 2396259, 668443.1 2396285, 668449.2 2396310, 668456.7 2396336, 668465.4 2396360, 668475.4 2396384, 668486.7 2396408, 668499.2 2396431, 668512.9 2396453, 668527.7 2396475, 668543.6 2396496, 668560.6 2396516, 668578.7 2396535, 668597.6 2396553, 668617.6 2396570, 668638.3 2396586, 668659.9 2396600, 668682.2 2396614, 668705.2 2396627, 668728.8 2396638, 668753 2396648, 668777.7 2396657, 668802.8 2396664, 668828.3 2396670, 668854 2396675, 668879.9 2396678, 668906 2396680, 668932.2 2396681, 668958.4 2396680, 668984.5 2396678, 669010.4 2396675, 669036.2 2396670, 669061.6 2396664, 669086.7 2396657, 669111.4 2396648, 669135.6 2396638, 669159.2 2396627, 669182.2 2396614, 669204.5 2396600, 669226.1 2396586, 669246.9 2396570, 669266.8 2396553, 669285.8 2396535, 669303.8 2396516, 669320.8 2396496, 669336.7 2396475, 669351.5 2396453, 669365.2 2396431, 669377.7 2396408, 669389 2396384, 669399 2396360, 669407.7 2396336, 669415.2 2396310, 669421.3 2396285, 669426.1 2396259, 669429.5 2396233, 669431.5 2396207, 669432.2 2396181))"
22,20260531,Forest,5944.201935851204,37.11400112648281,1.076555023923445,1,Hani,土葬,无,0,1,0,503,462.3853936814042,670.1725304289762,1306.7593994140625,13.605883598327637,51.26289837577122,785039.3371582031,0,0.14102689432981658,1,86,29460.776138305664,0.03752777057637897,9900,0.012610833026326332,0,1,0.6257478894123515,0.7800253706745618,8.69017155887759,3.613994287274111,0.07376615023960909,"POLYGON ((662409.8 2376835, 662409.1 2376809, 662407 2376783, 662403.6 2376757, 662398.8 2376731, 662392.7 2376706, 662385.3 2376681, 662376.6 2376656, 662366.5 2376632, 662355.3 2376608, 662342.8 2376585, 662329.1 2376563, 662314.3 2376541, 662298.3 2376521, 662281.3 2376501, 662263.3 2376482, 662244.3 2376464, 662224.4 2376447, 662203.7 2376431, 662182.1 2376416, 662159.8 2376402, 662136.8 2376390, 662113.1 2376378, 662088.9 2376368, 662064.3 2376360, 662039.2 2376352, 662013.7 2376346, 661988 2376341, 661962 2376338, 661935.9 2376336, 661909.8 2376335, 661883.6 2376336, 661857.5 2376338, 661831.5 2376341, 661805.8 2376346, 661780.4 2376352, 661755.3 2376360, 661730.6 2376368, 661706.4 2376378, 661682.8 2376390, 661659.8 2376402, 661637.4 2376416, 661615.9 2376431, 661595.1 2376447, 661575.2 2376464, 661556.2 2376482, 661538.2 2376501, 661521.2 2376521, 661505.3 2376541, 661490.4 2376563, 661476.8 2376585, 661464.3 2376608, 661453 2376632, 661443 2376656, 661434.2 2376681, 661426.8 2376706, 661420.7 2376731, 661415.9 2376757, 661412.5 2376783, 661410.4 2376809, 661409.8 2376835, 661410.4 2376861, 661412.5 2376887, 661415.9 2376913, 661420.7 2376939, 661426.8 2376965, 661434.2 2376990, 661443 2377014, 661453 2377039, 661464.3 2377062, 661476.8 2377085, 661490.4 2377108, 661505.3 2377129, 661521.2 2377150, 661538.2 2377170, 661556.2 2377189, 661575.2 2377207, 661595.1 2377224, 661615.9 2377240, 661637.4 2377255, 661659.8 2377268, 661682.8 2377281, 661706.4 2377292, 661730.6 2377302, 661755.3 2377311, 661780.4 2377318, 661805.8 2377324, 661831.5 2377329, 661857.5 2377332, 661883.6 2377335, 661909.8 2377335, 661935.9 2377335, 661962 2377332, 661988 2377329, 662013.7 2377324, 662039.2 2377318, 662064.3 2377311, 662088.9 2377302, 662113.1 2377292, 662136.8 2377281, 662159.8 2377268, 662182.1 2377255, 662203.7 2377240, 662224.4 2377224, 662244.3 2377207, 662263.3 2377189, 662281.3 2377170, 662298.3 2377150, 662314.3 2377129, 662329.1 2377108, 662342.8 2377085, 662355.3 2377062, 662366.5 2377039, 662376.6 2377014, 662385.3 2376990, 662392.7 2376965, 662398.8 2376939, 662403.6 2376913, 662407 2376887, 662409.1 2376861, 662409.8 2376835))"
22,20260531,Forest,11460.428923894477,26.137771089322833,1.935738444193912,1,Hani,土葬,无,0,1,0,504,250.18612045520183,1277.3054147720643,818.19451904296875,15.250861167907715,35.67139517080259,785039.3371582031,0,0.10450751088102485,1,87,538848.52294921875,0.6863968433732495,35065.8805847168,0.044667673229794126,0,1,0.8123747577203316,0.5831357072061635,9.346655417482326,3.2633814363632463,0.6604888785878961,"POLYGON ((662020 2380862, 662019.3 2380835, 662017.3 2380809, 662013.8 2380783, 662009.1 2380758, 662003 2380732, 661995.5 2380707, 661986.8 2380682, 661976.8 2380658, 661965.5 2380635, 661953 2380612, 661939.3 2380589, 661924.5 2380568, 661908.6 2380547, 661891.6 2380527, 661873.6 2380508, 661854.6 2380490, 661834.7 2380473, 661813.9 2380457, 661792.3 2380442, 661770 2380429, 661747 2380416, 661723.4 2380405, 661699.2 2380395, 661674.5 2380386, 661649.4 2380379, 661624 2380372, 661598.2 2380368, 661572.3 2380364, 661546.2 2380362, 661520 2380362, 661493.8 2380362, 661467.7 2380364, 661441.8 2380368, 661416 2380372, 661390.6 2380379, 661365.5 2380386, 661340.8 2380395, 661316.6 2380405, 661293 2380416, 661270 2380429, 661247.7 2380442, 661226.1 2380457, 661205.3 2380473, 661185.4 2380490, 661166.4 2380508, 661148.4 2380527, 661131.4 2380547, 661115.5 2380568, 661100.7 2380589, 661087 2380612, 661074.5 2380635, 661063.2 2380658, 661053.2 2380682, 661044.5 2380707, 661037 2380732, 661030.9 2380758, 661026.2 2380783, 661022.7 2380809, 661020.7 2380835, 661020 2380862, 661020.7 2380888, 661022.7 2380914, 661026.2 2380940, 661030.9 2380965, 661037 2380991, 661044.5 2381016, 661053.2 2381041, 661063.2 2381065, 661074.5 2381089, 661087 2381112, 661100.7 2381134, 661115.5 2381155, 661131.4 2381176, 661148.4 2381196, 661166.4 2381215, 661185.4 2381233, 661205.3 2381250, 661226.1 2381266, 661247.7 2381281, 661270 2381295, 661293 2381307, 661316.6 2381318, 661340.8 2381328, 661365.5 2381337, 661390.6 2381344, 661416 2381351, 661441.8 2381355, 661467.7 2381359, 661493.8 2381361, 661520 2381362, 661546.2 2381361, 661572.3 2381359, 661598.2 2381355, 661624 2381351, 661649.4 2381344, 661674.5 2381337, 661699.2 2381328, 661723.4 2381318, 661747 2381307, 661770 2381295, 661792.3 2381281, 661813.9 2381266, 661834.7 2381250, 661854.6 2381233, 661873.6 2381215, 661891.6 2381196, 661908.6 2381176, 661924.5 2381155, 661939.3 2381134, 661953 2381112, 661965.5 2381089, 661976.8 2381065, 661986.8 2381041, 661995.5 2381016, 662003 2380991, 662009.1 2380965, 662013.8 2380940, 662017.3 2380914, 662019.3 2380888, 662020 2380862))"
22,20260531,Forest,4496.109318656291,53.343051017456666,0.9828130480533146,1,Hani,土葬,无,0,1,0,507,464.21745043148854,1071.6301451021247,668.65777587890625,5.235483169555664,3.7958115698434245,2941.5056705474854,135779.21905517578,0.4654055157222525,1,88,2941.5056705474854,1,0,0,0,1,0.9978063103737987,0.06620095904310076,8.410967705925682,3.9767437165454274,-0.01733636201571971,"POLYGON ((676679 2386168, 676678.3 2386142, 676676.3 2386116, 676672.9 2386090, 676668.1 2386064, 676662 2386039, 676654.6 2386013, 676645.8 2385989, 676635.8 2385965, 676624.5 2385941, 676612 2385918, 676598.4 2385896, 676583.5 2385874, 676567.6 2385853, 676550.6 2385833, 676532.6 2385814, 676513.6 2385796, 676493.7 2385779, 676472.9 2385763, 676451.3 2385749, 676429 2385735, 676406 2385722, 676382.4 2385711, 676358.2 2385701, 676333.5 2385692, 676308.4 2385685, 676283 2385679, 676257.2 2385674, 676231.3 2385671, 676205.2 2385669, 676179 2385668, 676152.9 2385669, 676126.8 2385671, 676100.8 2385674, 676075.1 2385679, 676049.6 2385685, 676024.5 2385692, 675999.8 2385701, 675975.7 2385711, 675952 2385722, 675929 2385735, 675906.7 2385749, 675885.1 2385763, 675864.4 2385779, 675844.5 2385796, 675825.5 2385814, 675807.5 2385833, 675790.5 2385853, 675774.5 2385874, 675759.7 2385896, 675746 2385918, 675733.5 2385941, 675722.3 2385965, 675712.2 2385989, 675703.5 2386013, 675696.1 2386039, 675689.9 2386064, 675685.2 2386090, 675681.8 2386116, 675679.7 2386142, 675679 2386168, 675679.7 2386194, 675681.8 2386220, 675685.2 2386246, 675689.9 2386272, 675696.1 2386297, 675703.5 2386322, 675712.2 2386347, 675722.3 2386371, 675733.5 2386395, 675746 2386418, 675759.7 2386440, 675774.5 2386462, 675790.5 2386483, 675807.5 2386503, 675825.5 2386522, 675844.5 2386540, 675864.4 2386557, 675885.1 2386572, 675906.7 2386587, 675929 2386601, 675952 2386613, 675975.7 2386625, 675999.8 2386635, 676024.5 2386644, 676049.6 2386651, 676075.1 2386657, 676100.8 2386662, 676126.8 2386665, 676152.9 2386667, 676179 2386668, 676205.2 2386667, 676231.3 2386665, 676257.2 2386662, 676283 2386657, 676308.4 2386651, 676333.5 2386644, 676358.2 2386635, 676382.4 2386625, 676406 2386613, 676429 2386601, 676451.3 2386587, 676472.9 2386572, 676493.7 2386557, 676513.6 2386540, 676532.6 2386522, 676550.6 2386503, 676567.6 2386483, 676583.5 2386462, 676598.4 2386440, 676612 2386418, 676624.5 2386395, 676635.8 2386371, 676645.8 2386347, 676654.6 2386322, 676662 2386297, 676668.1 2386272, 676672.9 2386246, 676676.3 2386220, 676678.3 2386194, 676679 2386168))"
22,20260531,Forest,4496.109318656291,53.343051017456666,0.9828130480533146,1,Hani,土葬,无,0,1,0,509,450.57934371756306,468.4836487048066,771.97467041015625,11.681182861328125,16.89331987754553,92361.75155639648,438.3954495191574,0.23976605646051802,1,89,86961.75155639648,0.941534239996491,0,0,0,1,0.9568474705613346,0.29059063660134693,8.410967705925682,3.9767437165454274,-0.01733636201571971,"POLYGON ((675905.7 2383005, 675905 2382979, 675902.9 2382953, 675899.5 2382927, 675894.8 2382901, 675888.6 2382875, 675881.2 2382850, 675872.5 2382826, 675862.4 2382802, 675851.2 2382778, 675838.7 2382755, 675825 2382733, 675810.2 2382711, 675794.2 2382690, 675777.2 2382670, 675759.2 2382651, 675740.2 2382633, 675720.3 2382616, 675699.6 2382600, 675678 2382586, 675655.7 2382572, 675632.7 2382559, 675609 2382548, 675584.9 2382538, 675560.2 2382529, 675535.1 2382522, 675509.6 2382516, 675483.9 2382511, 675457.9 2382508, 675431.8 2382506, 675405.7 2382505, 675379.5 2382506, 675353.4 2382508, 675327.5 2382511, 675301.7 2382516, 675276.3 2382522, 675251.2 2382529, 675226.5 2382538, 675202.3 2382548, 675178.7 2382559, 675155.7 2382572, 675133.4 2382586, 675111.8 2382600, 675091 2382616, 675071.1 2382633, 675052.1 2382651, 675034.1 2382670, 675017.1 2382690, 675001.2 2382711, 674986.3 2382733, 674972.7 2382755, 674960.2 2382778, 674948.9 2382802, 674938.9 2382826, 674930.1 2382850, 674922.7 2382875, 674916.6 2382901, 674911.8 2382927, 674908.4 2382953, 674906.4 2382979, 674905.7 2383005, 674906.4 2383031, 674908.4 2383057, 674911.8 2383083, 674916.6 2383109, 674922.7 2383134, 674930.1 2383159, 674938.9 2383184, 674948.9 2383208, 674960.2 2383232, 674972.7 2383255, 674986.3 2383277, 675001.2 2383299, 675017.1 2383320, 675034.1 2383339, 675052.1 2383358, 675071.1 2383376, 675091 2383393, 675111.8 2383409, 675133.4 2383424, 675155.7 2383438, 675178.7 2383450, 675202.3 2383462, 675226.5 2383472, 675251.2 2383480, 675276.3 2383488, 675301.7 2383494, 675327.5 2383499, 675353.4 2383502, 675379.5 2383504, 675405.7 2383505, 675431.8 2383504, 675457.9 2383502, 675483.9 2383499, 675509.6 2383494, 675535.1 2383488, 675560.2 2383480, 675584.9 2383472, 675609 2383462, 675632.7 2383450, 675655.7 2383438, 675678 2383424, 675699.6 2383409, 675720.3 2383393, 675740.2 2383376, 675759.2 2383358, 675777.2 2383339, 675794.2 2383320, 675810.2 2383299, 675825 2383277, 675838.7 2383255, 675851.2 2383232, 675862.4 2383208, 675872.5 2383184, 675881.2 2383159, 675888.6 2383134, 675894.8 2383109, 675899.5 2383083, 675902.9 2383057, 675905 2383031, 675905.7 2383005))"
22,20260531,Forest,5307.45872081989,36.630721511716736,0.5234012147195427,1,Hani,土葬,无,0,1,0,511,989.6508440065328,2148.903102358881,733.846923828125,7.823856830596924,128.72015857496095,93575.56228637695,284826.708984375,0.2999454852173342,1,90,62315.421295166016,0.6659369152862479,0,0,0,1,-0.625517199197716,0.7802103777237553,8.576868416028539,3.6008872738862983,-0.6474069680642858,"POLYGON ((694013.6 2402859, 694012.9 2402833, 694010.9 2402807, 694007.5 2402781, 694002.7 2402755, 693996.6 2402729, 693989.1 2402704, 693980.4 2402680, 693970.4 2402656, 693959.1 2402632, 693946.6 2402609, 693932.9 2402587, 693918.1 2402565, 693902.2 2402544, 693885.2 2402524, 693867.2 2402505, 693848.2 2402487, 693828.3 2402470, 693807.5 2402454, 693785.9 2402440, 693763.6 2402426, 693740.6 2402413, 693717 2402402, 693692.8 2402392, 693668.1 2402383, 693643 2402376, 693617.6 2402370, 693591.8 2402365, 693565.9 2402362, 693539.8 2402360, 693513.6 2402359, 693487.4 2402360, 693461.3 2402362, 693435.4 2402365, 693409.7 2402370, 693384.2 2402376, 693359.1 2402383, 693334.4 2402392, 693310.2 2402402, 693286.6 2402413, 693263.6 2402426, 693241.3 2402440, 693219.7 2402454, 693199 2402470, 693179 2402487, 693160.1 2402505, 693142 2402524, 693125 2402544, 693109.1 2402565, 693094.3 2402587, 693080.6 2402609, 693068.1 2402632, 693056.8 2402656, 693046.8 2402680, 693038.1 2402704, 693030.6 2402729, 693024.5 2402755, 693019.8 2402781, 693016.4 2402807, 693014.3 2402833, 693013.6 2402859, 693014.3 2402885, 693016.4 2402911, 693019.8 2402937, 693024.5 2402963, 693030.6 2402988, 693038.1 2403013, 693046.8 2403038, 693056.8 2403062, 693068.1 2403086, 693080.6 2403109, 693094.3 2403131, 693109.1 2403153, 693125 2403174, 693142 2403193, 693160.1 2403212, 693179 2403230, 693199 2403247, 693219.7 2403263, 693241.3 2403278, 693263.6 2403292, 693286.6 2403304, 693310.2 2403316, 693334.4 2403326, 693359.1 2403334, 693384.2 2403342, 693409.7 2403348, 693435.4 2403353, 693461.3 2403356, 693487.4 2403358, 693513.6 2403359, 693539.8 2403358, 693565.9 2403356, 693591.8 2403353, 693617.6 2403348, 693643 2403342, 693668.1 2403334, 693692.8 2403326, 693717 2403316, 693740.6 2403304, 693763.6 2403292, 693785.9 2403278, 693807.5 2403263, 693828.3 2403247, 693848.2 2403230, 693867.2 2403212, 693885.2 2403193, 693902.2 2403174, 693918.1 2403153, 693932.9 2403131, 693946.6 2403109, 693959.1 2403086, 693970.4 2403062, 693980.4 2403038, 693989.1 2403013, 693996.6 2402988, 694002.7 2402963, 694007.5 2402937, 694010.9 2402911, 694012.9 2402885, 694013.6 2402859))"
22,20260531,Forest,3589.865249572974,26.95010593000912,0.75059382422802845,1,Hani,土葬,无,0,1,0,514,398.8813036616794,2406.3030288322575,737.10113525390625,10.166383743286133,136.8771649456763,7310.190296173096,105061.18469238281,0.2197446295004918,1,91,7310.190296173096,1,0,0,0,1,-0.7298899020060003,0.6835647233069237,8.18586994583998,3.2939872279598648,-0.2868906200954694,"POLYGON ((671337 2391730, 671336.3 2391704, 671334.3 2391678, 671330.9 2391652, 671326.1 2391626, 671320 2391601, 671312.5 2391575, 671303.8 2391551, 671293.8 2391527, 671282.5 2391503, 671270 2391480, 671256.3 2391458, 671241.5 2391436, 671225.6 2391415, 671208.6 2391395, 671190.6 2391376, 671171.6 2391358, 671151.7 2391341, 671130.9 2391325, 671109.3 2391311, 671087 2391297, 671064 2391284, 671040.4 2391273, 671016.2 2391263, 670991.5 2391254, 670966.4 2391247, 670941 2391241, 670915.2 2391236, 670889.3 2391233, 670863.2 2391231, 670837 2391230, 670810.8 2391231, 670784.7 2391233, 670758.8 2391236, 670733.1 2391241, 670707.6 2391247, 670682.5 2391254, 670657.8 2391263, 670633.6 2391273, 670610 2391284, 670587 2391297, 670564.7 2391311, 670543.1 2391325, 670522.3 2391341, 670502.4 2391358, 670483.5 2391376, 670465.4 2391395, 670448.4 2391415, 670432.5 2391436, 670417.7 2391458, 670404 2391480, 670391.5 2391503, 670380.2 2391527, 670370.2 2391551, 670361.5 2391575, 670354 2391601, 670347.9 2391626, 670343.2 2391652, 670339.7 2391678, 670337.7 2391704, 670337 2391730, 670337.7 2391756, 670339.7 2391782, 670343.2 2391808, 670347.9 2391834, 670354 2391859, 670361.5 2391884, 670370.2 2391909, 670380.2 2391933, 670391.5 2391957, 670404 2391980, 670417.7 2392002, 670432.5 2392024, 670448.4 2392045, 670465.4 2392064, 670483.5 2392083, 670502.4 2392101, 670522.3 2392118, 670543.1 2392134, 670564.7 2392149, 670587 2392163, 670610 2392175, 670633.6 2392187, 670657.8 2392197, 670682.5 2392205, 670707.6 2392213, 670733.1 2392219, 670758.8 2392224, 670784.7 2392227, 670810.8 2392229, 670837 2392230, 670863.2 2392229, 670889.3 2392227, 670915.2 2392224, 670941 2392219, 670966.4 2392213, 670991.5 2392205, 671016.2 2392197, 671040.4 2392187, 671064 2392175, 671087 2392163, 671109.3 2392149, 671130.9 2392134, 671151.7 2392118, 671171.6 2392101, 671190.6 2392083, 671208.6 2392064, 671225.6 2392045, 671241.5 2392024, 671256.3 2392002, 671270 2391980, 671282.5 2391957, 671293.8 2391933, 671303.8 2391909, 671312.5 2391884, 671320 2391859, 671326.1 2391834, 671330.9 2391808, 671334.3 2391782, 671336.3 2391756, 671337 2391730))"
22,20260531,Forest,5944.201935851204,37.11400112648281,1.076555023923445,1,Hani,土葬,无,0,1,0,515,629.1285300526857,2283.725645881505,744.39703369140625,11.385748863220215,166.26697484598574,297184.1857910156,31857.941436767578,0.15679722091525003,1,92,153111.70349121094,0.5152081127186269,6826.447677612305,0.02297042710883938,0,1,-0.9714124456578548,0.23739810534421996,8.69017155887759,3.613994287274111,0.07376615023960909,"POLYGON ((664394.1 2380872, 664393.5 2380846, 664391.4 2380820, 664388 2380794, 664383.2 2380768, 664377.1 2380743, 664369.7 2380718, 664360.9 2380693, 664350.9 2380669, 664339.6 2380645, 664327.2 2380622, 664313.5 2380600, 664298.7 2380578, 664282.7 2380558, 664265.7 2380538, 664247.7 2380519, 664228.7 2380501, 664208.8 2380484, 664188 2380468, 664166.5 2380453, 664144.1 2380439, 664121.1 2380427, 664097.5 2380415, 664073.3 2380405, 664048.7 2380397, 664023.6 2380389, 663998.1 2380383, 663972.4 2380378, 663946.4 2380375, 663920.3 2380373, 663894.1 2380372, 663868 2380373, 663841.9 2380375, 663815.9 2380378, 663790.2 2380383, 663764.7 2380389, 663739.6 2380397, 663715 2380405, 663690.8 2380415, 663667.1 2380427, 663644.1 2380439, 663621.8 2380453, 663600.3 2380468, 663579.5 2380484, 663559.6 2380501, 663540.6 2380519, 663522.6 2380538, 663505.6 2380558, 663489.6 2380578, 663474.8 2380600, 663461.1 2380622, 663448.6 2380645, 663437.4 2380669, 663427.4 2380693, 663418.6 2380718, 663411.2 2380743, 663405.1 2380768, 663400.3 2380794, 663396.9 2380820, 663394.8 2380846, 663394.1 2380872, 663394.8 2380898, 663396.9 2380924, 663400.3 2380950, 663405.1 2380976, 663411.2 2381002, 663418.6 2381027, 663427.4 2381051, 663437.4 2381076, 663448.6 2381099, 663461.1 2381122, 663474.8 2381145, 663489.6 2381166, 663505.6 2381187, 663522.6 2381207, 663540.6 2381226, 663559.6 2381244, 663579.5 2381261, 663600.3 2381277, 663621.8 2381292, 663644.1 2381305, 663667.1 2381318, 663690.8 2381329, 663715 2381339, 663739.6 2381348, 663764.7 2381355, 663790.2 2381361, 663815.9 2381366, 663841.9 2381369, 663868 2381372, 663894.1 2381372, 663920.3 2381372, 663946.4 2381369, 663972.4 2381366, 663998.1 2381361, 664023.6 2381355, 664048.7 2381348, 664073.3 2381339, 664097.5 2381329, 664121.1 2381318, 664144.1 2381305, 664166.5 2381292, 664188 2381277, 664208.8 2381261, 664228.7 2381244, 664247.7 2381226, 664265.7 2381207, 664282.7 2381187, 664298.7 2381166, 664313.5 2381145, 664327.2 2381122, 664339.6 2381099, 664350.9 2381076, 664360.9 2381051, 664369.7 2381027, 664377.1 2381002, 664383.2 2380976, 664388 2380950, 664391.4 2380924, 664393.5 2380898, 664394.1 2380872))"
22,20260531,Forest,5944.201935851204,37.11400112648281,1.076555023923445,1,Hani,土葬,无,0,1,0,517,290.72511194170295,1141.2440697829763,1023.7019653320312,16.07686424255371,324.45700529351603,785039.3371582031,0,0.05206966388182036,1,94,240603.9093017578,0.3064864369379629,54155.63163757324,0.06898460889057291,0,1,0.8136795301563737,-0.5813137037817901,8.69017155887759,3.613994287274111,0.07376615023960909,"POLYGON ((662541.9 2378635, 662541.2 2378609, 662539.1 2378583, 662535.7 2378557, 662530.9 2378531, 662524.8 2378506, 662517.4 2378481, 662508.7 2378456, 662498.6 2378432, 662487.4 2378408, 662474.9 2378385, 662461.2 2378363, 662446.4 2378341, 662430.4 2378321, 662413.4 2378301, 662395.4 2378282, 662376.4 2378264, 662356.5 2378247, 662335.8 2378231, 662314.2 2378216, 662291.9 2378202, 662268.9 2378190, 662245.2 2378179, 662221 2378169, 662196.4 2378160, 662171.3 2378152, 662145.8 2378146, 662120.1 2378141, 662094.1 2378138, 662068 2378136, 662041.9 2378135, 662015.7 2378136, 661989.6 2378138, 661963.6 2378141, 661937.9 2378146, 661912.5 2378152, 661887.4 2378160, 661862.7 2378169, 661838.5 2378179, 661814.9 2378190, 661791.9 2378202, 661769.5 2378216, 661748 2378231, 661727.2 2378247, 661707.3 2378264, 661688.3 2378282, 661670.3 2378301, 661653.3 2378321, 661637.4 2378341, 661622.5 2378363, 661608.9 2378385, 661596.4 2378408, 661585.1 2378432, 661575.1 2378456, 661566.3 2378481, 661558.9 2378506, 661552.8 2378531, 661548 2378557, 661544.6 2378583, 661542.5 2378609, 661541.9 2378635, 661542.5 2378661, 661544.6 2378688, 661548 2378714, 661552.8 2378739, 661558.9 2378765, 661566.3 2378790, 661575.1 2378814, 661585.1 2378839, 661596.4 2378862, 661608.9 2378885, 661622.5 2378908, 661637.4 2378929, 661653.3 2378950, 661670.3 2378970, 661688.3 2378989, 661707.3 2379007, 661727.2 2379024, 661748 2379040, 661769.5 2379055, 661791.9 2379068, 661814.9 2379081, 661838.5 2379092, 661862.7 2379102, 661887.4 2379111, 661912.5 2379118, 661937.9 2379124, 661963.6 2379129, 661989.6 2379133, 662015.7 2379135, 662041.9 2379135, 662068 2379135, 662094.1 2379133, 662120.1 2379129, 662145.8 2379124, 662171.3 2379118, 662196.4 2379111, 662221 2379102, 662245.2 2379092, 662268.9 2379081, 662291.9 2379068, 662314.2 2379055, 662335.8 2379040, 662356.5 2379024, 662376.4 2379007, 662395.4 2378989, 662413.4 2378970, 662430.4 2378950, 662446.4 2378929, 662461.2 2378908, 662474.9 2378885, 662487.4 2378862, 662498.6 2378839, 662508.7 2378814, 662517.4 2378790, 662524.8 2378765, 662530.9 2378739, 662535.7 2378714, 662539.1 2378688, 662541.2 2378661, 662541.9 2378635))"
22,20260531,Forest,11460.428923894477,26.137771089322833,1.935738444193912,1,Hani,土葬,无,0,1,0,522,278.00799217224613,593.1219490368237,1639.39013671875,8.240060806274414,111.69399836117695,637068.1091308594,4500,0.3743964165151523,1,95,0,0,92344.49615478516,0.14495231331037603,0,1,-0.36964943013432433,0.9291712968023546,9.346655417482326,3.2633814363632463,0.6604888785878961,"POLYGON ((655961.4 2378073, 655960.7 2378047, 655958.6 2378021, 655955.2 2377995, 655950.4 2377969, 655944.3 2377944, 655936.9 2377919, 655928.2 2377894, 655918.1 2377870, 655906.9 2377846, 655894.4 2377823, 655880.7 2377801, 655865.9 2377779, 655849.9 2377758, 655832.9 2377739, 655814.9 2377720, 655795.9 2377702, 655776 2377685, 655755.3 2377669, 655733.7 2377654, 655711.4 2377640, 655688.4 2377628, 655664.7 2377616, 655640.5 2377606, 655615.9 2377598, 655590.8 2377590, 655565.3 2377584, 655539.6 2377579, 655513.6 2377576, 655487.5 2377574, 655461.4 2377573, 655435.2 2377574, 655409.1 2377576, 655383.1 2377579, 655357.4 2377584, 655332 2377590, 655306.9 2377598, 655282.2 2377606, 655258 2377616, 655234.4 2377628, 655211.4 2377640, 655189 2377654, 655167.5 2377669, 655146.7 2377685, 655126.8 2377702, 655107.8 2377720, 655089.8 2377739, 655072.8 2377758, 655056.9 2377779, 655042 2377801, 655028.4 2377823, 655015.9 2377846, 655004.6 2377870, 654994.6 2377894, 654985.8 2377919, 654978.4 2377944, 654972.3 2377969, 654967.5 2377995, 654964.1 2378021, 654962 2378047, 654961.4 2378073, 654962 2378099, 654964.1 2378125, 654967.5 2378151, 654972.3 2378177, 654978.4 2378203, 654985.8 2378228, 654994.6 2378252, 655004.6 2378276, 655015.9 2378300, 655028.4 2378323, 655042 2378345, 655056.9 2378367, 655072.8 2378388, 655089.8 2378408, 655107.8 2378427, 655126.8 2378445, 655146.7 2378462, 655167.5 2378478, 655189 2378492, 655211.4 2378506, 655234.4 2378519, 655258 2378530, 655282.2 2378540, 655306.9 2378549, 655332 2378556, 655357.4 2378562, 655383.1 2378567, 655409.1 2378570, 655435.2 2378572, 655461.4 2378573, 655487.5 2378572, 655513.6 2378570, 655539.6 2378567, 655565.3 2378562, 655590.8 2378556, 655615.9 2378549, 655640.5 2378540, 655664.7 2378530, 655688.4 2378519, 655711.4 2378506, 655733.7 2378492, 655755.3 2378478, 655776 2378462, 655795.9 2378445, 655814.9 2378427, 655832.9 2378408, 655849.9 2378388, 655865.9 2378367, 655880.7 2378345, 655894.4 2378323, 655906.9 2378300, 655918.1 2378276, 655928.2 2378252, 655936.9 2378228, 655944.3 2378203, 655950.4 2378177, 655955.2 2378151, 655958.6 2378125, 655960.7 2378099, 655961.4 2378073))"
22,20260531,Forest,11460.428923894477,26.137771089322833,1.935738444193912,1,Hani,土葬,无,0,1,0,523,47.462149673620246,355.0149004416523,1640.82568359375,8.307435989379883,210.82773071550088,627118.505859375,3600,0.313145956072958,1,96,0,0,99934.52453613281,0.15935508775839272,0,1,-0.8587119715368405,-0.5124585348487353,9.346655417482326,3.2633814363632463,0.6604888785878961,"POLYGON ((655649.4 2378009, 655648.7 2377983, 655646.6 2377957, 655643.2 2377931, 655638.5 2377905, 655632.3 2377880, 655624.9 2377855, 655616.2 2377830, 655606.2 2377806, 655594.9 2377782, 655582.4 2377759, 655568.7 2377737, 655553.9 2377715, 655538 2377695, 655521 2377675, 655502.9 2377656, 655483.9 2377638, 655464 2377621, 655443.3 2377605, 655421.7 2377590, 655399.4 2377576, 655376.4 2377564, 655352.8 2377553, 655328.6 2377543, 655303.9 2377534, 655278.8 2377526, 655253.3 2377520, 655227.6 2377516, 655201.6 2377512, 655175.6 2377510, 655149.4 2377509, 655123.2 2377510, 655097.1 2377512, 655071.2 2377516, 655045.4 2377520, 655020 2377526, 654994.9 2377534, 654970.2 2377543, 654946 2377553, 654922.4 2377564, 654899.4 2377576, 654877.1 2377590, 654855.5 2377605, 654834.7 2377621, 654814.8 2377638, 654795.8 2377656, 654777.8 2377675, 654760.8 2377695, 654744.9 2377715, 654730 2377737, 654716.4 2377759, 654703.9 2377782, 654692.6 2377806, 654682.6 2377830, 654673.9 2377855, 654666.4 2377880, 654660.3 2377905, 654655.5 2377931, 654652.1 2377957, 654650.1 2377983, 654649.4 2378009, 654650.1 2378036, 654652.1 2378062, 654655.5 2378088, 654660.3 2378113, 654666.4 2378139, 654673.9 2378164, 654682.6 2378189, 654692.6 2378213, 654703.9 2378236, 654716.4 2378259, 654730 2378282, 654744.9 2378303, 654760.8 2378324, 654777.8 2378344, 654795.8 2378363, 654814.8 2378381, 654834.7 2378398, 654855.5 2378414, 654877.1 2378429, 654899.4 2378442, 654922.4 2378455, 654946 2378466, 654970.2 2378476, 654994.9 2378485, 655020 2378492, 655045.4 2378498, 655071.2 2378503, 655097.1 2378507, 655123.2 2378509, 655149.4 2378509, 655175.6 2378509, 655201.6 2378507, 655227.6 2378503, 655253.3 2378498, 655278.8 2378492, 655303.9 2378485, 655328.6 2378476, 655352.8 2378466, 655376.4 2378455, 655399.4 2378442, 655421.7 2378429, 655443.3 2378414, 655464 2378398, 655483.9 2378381, 655502.9 2378363, 655521 2378344, 655538 2378324, 655553.9 2378303, 655568.7 2378282, 655582.4 2378259, 655594.9 2378236, 655606.2 2378213, 655616.2 2378189, 655624.9 2378164, 655632.3 2378139, 655638.5 2378113, 655643.2 2378088, 655646.6 2378062, 655648.7 2378036, 655649.4 2378009))"
22,20260531,Forest,3589.865249572974,26.95010593000912,0.75059382422802845,1,Hani,土葬,无,0,1,0,525,365.60432466402096,1929.1491227642844,723.77532958984375,11.760836601257324,267.74437884977635,32566.91665649414,134471.76361083984,0.1016745131566804,1,97,0,0,0,0,0,1,-0.039357847511736134,-0.9992251797464088,8.18586994583998,3.2939872279598648,-0.2868906200954694,"POLYGON ((670603.3 2391238, 670602.6 2391212, 670600.5 2391186, 670597.1 2391160, 670592.3 2391134, 670586.2 2391109, 670578.8 2391083, 670570.1 2391059, 670560 2391035, 670548.8 2391011, 670536.3 2390988, 670522.6 2390966, 670507.8 2390944, 670491.8 2390923, 670474.8 2390903, 670456.8 2390884, 670437.8 2390866, 670417.9 2390849, 670397.2 2390833, 670375.6 2390819, 670353.3 2390805, 670330.3 2390792, 670306.6 2390781, 670282.5 2390771, 670257.8 2390762, 670232.7 2390755, 670207.2 2390749, 670181.5 2390744, 670155.5 2390741, 670129.4 2390739, 670103.3 2390738, 670077.1 2390739, 670051 2390741, 670025.1 2390744, 669999.3 2390749, 669973.9 2390755, 669948.8 2390762, 669924.1 2390771, 669899.9 2390781, 669876.3 2390792, 669853.3 2390805, 669831 2390819, 669809.4 2390833, 669788.6 2390849, 669768.7 2390866, 669749.7 2390884, 669731.7 2390903, 669714.7 2390923, 669698.8 2390944, 669683.9 2390966, 669670.3 2390988, 669657.8 2391011, 669646.5 2391035, 669636.5 2391059, 669627.7 2391083, 669620.3 2391109, 669614.2 2391134, 669609.4 2391160, 669606 2391186, 669604 2391212, 669603.3 2391238, 669604 2391264, 669606 2391290, 669609.4 2391316, 669614.2 2391342, 669620.3 2391367, 669627.7 2391392, 669636.5 2391417, 669646.5 2391441, 669657.8 2391465, 669670.3 2391488, 669683.9 2391510, 669698.8 2391532, 669714.7 2391553, 669731.7 2391573, 669749.7 2391592, 669768.7 2391610, 669788.6 2391627, 669809.4 2391642, 669831 2391657, 669853.3 2391671, 669876.3 2391683, 669899.9 2391695, 669924.1 2391705, 669948.8 2391714, 669973.9 2391721, 669999.3 2391727, 670025.1 2391732, 670051 2391735, 670077.1 2391737, 670103.3 2391738, 670129.4 2391737, 670155.5 2391735, 670181.5 2391732, 670207.2 2391727, 670232.7 2391721, 670257.8 2391714, 670282.5 2391705, 670306.6 2391695, 670330.3 2391683, 670353.3 2391671, 670375.6 2391657, 670397.2 2391642, 670417.9 2391627, 670437.8 2391610, 670456.8 2391592, 670474.8 2391573, 670491.8 2391553, 670507.8 2391532, 670522.6 2391510, 670536.3 2391488, 670548.8 2391465, 670560 2391441, 670570.1 2391417, 670578.8 2391392, 670586.2 2391367, 670592.3 2391342, 670597.1 2391316, 670600.5 2391290, 670602.6 2391264, 670603.3 2391238))"
22,20260531,Forest,9566.511627906977,26.327719227924465,0.932825484764543,1,Hani,土葬,无,0,1,0,530,289.1461321918208,750.7473662284248,904.4732666015625,14.713302612304688,136.33960213119082,606410.595703125,375.6365865468979,0.193741645567784,1,98,178126.99584960938,0.29373991337185246,53100,0.08756443303638396,0,1,-0.7234445025181292,0.6903825401734147,9.166023906806155,3.270622347193581,-0.06953714304240752,"POLYGON ((670921.7 2432378, 670921 2432352, 670918.9 2432326, 670915.5 2432300, 670910.7 2432274, 670904.6 2432249, 670897.2 2432223, 670888.5 2432199, 670878.4 2432175, 670867.2 2432151, 670854.7 2432128, 670841 2432106, 670826.2 2432084, 670810.2 2432063, 670793.2 2432043, 670775.2 2432024, 670756.2 2432006, 670736.3 2431989, 670715.6 2431973, 670694 2431959, 670671.7 2431945, 670648.7 2431932, 670625 2431921, 670600.9 2431911, 670576.2 2431902, 670551.1 2431895, 670525.6 2431889, 670499.9 2431884, 670473.9 2431881, 670447.8 2431879, 670421.7 2431878, 670395.5 2431879, 670369.4 2431881, 670343.5 2431884, 670317.7 2431889, 670292.3 2431895, 670267.2 2431902, 670242.5 2431911, 670218.3 2431921, 670194.7 2431932, 670171.7 2431945, 670149.4 2431959, 670127.8 2431973, 670107 2431989, 670087.1 2432006, 670068.1 2432024, 670050.1 2432043, 670033.1 2432063, 670017.2 2432084, 670002.3 2432106, 669988.7 2432128, 669976.2 2432151, 669964.9 2432175, 669954.9 2432199, 669946.1 2432223, 669938.7 2432249, 669932.6 2432274, 669927.8 2432300, 669924.4 2432326, 669922.4 2432352, 669921.7 2432378, 669922.4 2432404, 669924.4 2432430, 669927.8 2432456, 669932.6 2432482, 669938.7 2432507, 669946.1 2432533, 669954.9 2432557, 669964.9 2432581, 669976.2 2432605, 669988.7 2432628, 670002.3 2432650, 670017.2 2432672, 670033.1 2432693, 670050.1 2432713, 670068.1 2432732, 670087.1 2432750, 670107 2432767, 670127.8 2432783, 670149.4 2432797, 670171.7 2432811, 670194.7 2432824, 670218.3 2432835, 670242.5 2432845, 670267.2 2432854, 670292.3 2432861, 670317.7 2432867, 670343.5 2432872, 670369.4 2432875, 670395.5 2432877, 670421.7 2432878, 670447.8 2432877, 670473.9 2432875, 670499.9 2432872, 670525.6 2432867, 670551.1 2432861, 670576.2 2432854, 670600.9 2432845, 670625 2432835, 670648.7 2432824, 670671.7 2432811, 670694 2432797, 670715.6 2432783, 670736.3 2432767, 670756.2 2432750, 670775.2 2432732, 670793.2 2432713, 670810.2 2432693, 670826.2 2432672, 670841 2432650, 670854.7 2432628, 670867.2 2432605, 670878.4 2432581, 670888.5 2432557, 670897.2 2432533, 670904.6 2432507, 670910.7 2432482, 670915.5 2432456, 670918.9 2432430, 670921 2432404, 670921.7 2432378))"
22,20260531,Forest,9566.511627906977,26.327719227924465,0.932825484764543,1,Hani,土葬,无,0,1,0,531,598.3448597932528,1286.6066514317743,846.39599609375,13.323613166809082,133.15719717735809,508117.56591796875,22724.903869628906,0.18395776790945906,1,99,344943.8690185547,0.6788662548900011,18250.278854370117,0.03591743344160723,0,1,-0.6840023388145381,0.7294798150026098,9.166023906806155,3.270622347193581,-0.06953714304240752,"POLYGON ((676003.4 2438117, 676002.7 2438091, 676000.7 2438065, 675997.3 2438039, 675992.5 2438013, 675986.4 2437988, 675978.9 2437963, 675970.2 2437938, 675960.2 2437914, 675948.9 2437890, 675936.4 2437867, 675922.8 2437845, 675907.9 2437823, 675892 2437802, 675875 2437782, 675857 2437763, 675838 2437745, 675818.1 2437728, 675797.3 2437713, 675775.7 2437698, 675753.4 2437684, 675730.4 2437672, 675706.8 2437660, 675682.6 2437650, 675657.9 2437641, 675632.8 2437634, 675607.4 2437628, 675581.6 2437623, 675555.7 2437620, 675529.6 2437618, 675503.4 2437617, 675477.3 2437618, 675451.2 2437620, 675425.2 2437623, 675399.5 2437628, 675374 2437634, 675348.9 2437641, 675324.2 2437650, 675300.1 2437660, 675276.4 2437672, 675253.4 2437684, 675231.1 2437698, 675209.5 2437713, 675188.8 2437728, 675168.9 2437745, 675149.9 2437763, 675131.8 2437782, 675114.8 2437802, 675098.9 2437823, 675084.1 2437845, 675070.4 2437867, 675057.9 2437890, 675046.6 2437914, 675036.6 2437938, 675027.9 2437963, 675020.5 2437988, 675014.3 2438013, 675009.6 2438039, 675006.2 2438065, 675004.1 2438091, 675003.4 2438117, 675004.1 2438143, 675006.2 2438169, 675009.6 2438195, 675014.3 2438221, 675020.5 2438246, 675027.9 2438272, 675036.6 2438296, 675046.6 2438320, 675057.9 2438344, 675070.4 2438367, 675084.1 2438389, 675098.9 2438411, 675114.8 2438432, 675131.8 2438452, 675149.9 2438471, 675168.9 2438489, 675188.8 2438506, 675209.5 2438522, 675231.1 2438536, 675253.4 2438550, 675276.4 2438563, 675300.1 2438574, 675324.2 2438584, 675348.9 2438593, 675374 2438600, 675399.5 2438606, 675425.2 2438611, 675451.2 2438614, 675477.3 2438616, 675503.4 2438617, 675529.6 2438616, 675555.7 2438614, 675581.6 2438611, 675607.4 2438606, 675632.8 2438600, 675657.9 2438593, 675682.6 2438584, 675706.8 2438574, 675730.4 2438563, 675753.4 2438550, 675775.7 2438536, 675797.3 2438522, 675818.1 2438506, 675838 2438489, 675857 2438471, 675875 2438452, 675892 2438432, 675907.9 2438411, 675922.8 2438389, 675936.4 2438367, 675948.9 2438344, 675960.2 2438320, 675970.2 2438296, 675978.9 2438272, 675986.4 2438246, 675992.5 2438221, 675997.3 2438195, 676000.7 2438169, 676002.7 2438143, 676003.4 2438117))"
22,20260531,Forest,6639.069767441861,18.580990665382664,1.670074349442379,1,Hani,土葬,无,0,1,0,537,312.8797493363704,1164.7165690849001,811.6588134765625,14.858323097229004,215.13504783470145,44554.82368469238,169198.51684570312,0.107744426614733,1,102,15455.094337463379,0.3468781393196997,0,0,0,1,-0.8177978336039133,-0.57550560670835,8.80072713739144,2.9221390508761664,0.5128681460618293,"POLYGON ((680537 2414405, 680536.3 2414379, 680534.3 2414353, 680530.9 2414327, 680526.1 2414301, 680520 2414275, 680512.6 2414250, 680503.8 2414226, 680493.8 2414201, 680482.5 2414178, 680470 2414155, 680456.4 2414133, 680441.5 2414111, 680425.6 2414090, 680408.6 2414070, 680390.6 2414051, 680371.6 2414033, 680351.7 2414016, 680330.9 2414000, 680309.3 2413986, 680287 2413972, 680264 2413959, 680240.4 2413948, 680216.2 2413938, 680191.5 2413929, 680166.4 2413922, 680141 2413916, 680115.2 2413911, 680089.3 2413908, 680063.2 2413906, 680037 2413905, 680010.9 2413906, 679984.8 2413908, 679958.8 2413911, 679933.1 2413916, 679907.6 2413922, 679882.5 2413929, 679857.8 2413938, 679833.7 2413948, 679810 2413959, 679787 2413972, 679764.7 2413986, 679743.1 2414000, 679722.4 2414016, 679702.5 2414033, 679683.5 2414051, 679665.5 2414070, 679648.5 2414090, 679632.5 2414111, 679617.7 2414133, 679604 2414155, 679591.5 2414178, 679580.3 2414201, 679570.2 2414226, 679561.5 2414250, 679554.1 2414275, 679548 2414301, 679543.2 2414327, 679539.8 2414353, 679537.7 2414379, 679537 2414405, 679537.7 2414431, 679539.8 2414457, 679543.2 2414483, 679548 2414509, 679554.1 2414534, 679561.5 2414559, 679570.2 2414584, 679580.3 2414608, 679591.5 2414632, 679604 2414655, 679617.7 2414677, 679632.5 2414699, 679648.5 2414719, 679665.5 2414739, 679683.5 2414758, 679702.5 2414776, 679722.4 2414793, 679743.1 2414809, 679764.7 2414824, 679787 2414838, 679810 2414850, 679833.7 2414862, 679857.8 2414872, 679882.5 2414880, 679907.6 2414888, 679933.1 2414894, 679958.8 2414899, 679984.8 2414902, 680010.9 2414904, 680037 2414905, 680063.2 2414904, 680089.3 2414902, 680115.2 2414899, 680141 2414894, 680166.4 2414888, 680191.5 2414880, 680216.2 2414872, 680240.4 2414862, 680264 2414850, 680287 2414838, 680309.3 2414824, 680330.9 2414809, 680351.7 2414793, 680371.6 2414776, 680390.6 2414758, 680408.6 2414739, 680425.6 2414719, 680441.5 2414699, 680456.4 2414677, 680470 2414655, 680482.5 2414632, 680493.8 2414608, 680503.8 2414584, 680512.6 2414559, 680520 2414534, 680526.1 2414509, 680530.9 2414483, 680534.3 2414457, 680536.3 2414431, 680537 2414405))"
22,20260531,Forest,15755.348837209303,49.074946133371625,0.16021765417170497,1,Hani,土葬,无,0,1,0,551,544.9525740878997,1649.924989288482,904.590087890625,10.426631927490234,287.39642530333435,14400,137831.32781982422,0.11745733689443659,1,104,9900,0.6875,0,0,0,1,0.2989812564038073,-0.9542589838818395,9.664935195311495,3.8933486425230353,-1.8312220495974143,"POLYGON ((690573.2 2426684, 690572.6 2426658, 690570.5 2426632, 690567.1 2426606, 690562.3 2426580, 690556.2 2426555, 690548.8 2426530, 690540 2426505, 690530 2426481, 690518.7 2426457, 690506.3 2426434, 690492.6 2426412, 690477.8 2426390, 690461.8 2426369, 690444.8 2426350, 690426.8 2426331, 690407.8 2426313, 690387.9 2426296, 690367.1 2426280, 690345.6 2426265, 690323.2 2426251, 690300.2 2426239, 690276.6 2426227, 690252.4 2426217, 690227.8 2426209, 690202.7 2426201, 690177.2 2426195, 690151.5 2426190, 690125.5 2426187, 690099.4 2426185, 690073.2 2426184, 690047.1 2426185, 690021 2426187, 689995 2426190, 689969.3 2426195, 689943.8 2426201, 689918.7 2426209, 689894.1 2426217, 689869.9 2426227, 689846.3 2426239, 689823.2 2426251, 689800.9 2426265, 689779.4 2426280, 689758.6 2426296, 689738.7 2426313, 689719.7 2426331, 689701.7 2426350, 689684.7 2426369, 689668.7 2426390, 689653.9 2426412, 689640.2 2426434, 689627.7 2426457, 689616.5 2426481, 689606.5 2426505, 689597.7 2426530, 689590.3 2426555, 689584.2 2426580, 689579.4 2426606, 689576 2426632, 689573.9 2426658, 689573.2 2426684, 689573.9 2426710, 689576 2426736, 689579.4 2426762, 689584.2 2426788, 689590.3 2426813, 689597.7 2426839, 689606.5 2426863, 689616.5 2426887, 689627.7 2426911, 689640.2 2426934, 689653.9 2426956, 689668.7 2426978, 689684.7 2426999, 689701.7 2427019, 689719.7 2427038, 689738.7 2427056, 689758.6 2427073, 689779.4 2427089, 689800.9 2427103, 689823.2 2427117, 689846.3 2427130, 689869.9 2427141, 689894.1 2427151, 689918.7 2427160, 689943.8 2427167, 689969.3 2427173, 689995 2427178, 690021 2427181, 690047.1 2427183, 690073.2 2427184, 690099.4 2427183, 690125.5 2427181, 690151.5 2427178, 690177.2 2427173, 690202.7 2427167, 690227.8 2427160, 690252.4 2427151, 690276.6 2427141, 690300.2 2427130, 690323.2 2427117, 690345.6 2427103, 690367.1 2427089, 690387.9 2427073, 690407.8 2427056, 690426.8 2427038, 690444.8 2427019, 690461.8 2426999, 690477.8 2426978, 690492.6 2426956, 690506.3 2426934, 690518.7 2426911, 690530 2426887, 690540 2426863, 690548.8 2426839, 690556.2 2426813, 690562.3 2426788, 690567.1 2426762, 690570.5 2426736, 690572.6 2426710, 690573.2 2426684))"
22,20260531,Forest,8223.255813953489,98.42790778996654,2.042501517911354,1,Hani,土葬,无,0,1,0,562,420.83798585979827,419.84531021692413,1050.12353515625,17.981931686401367,68.91206636250881,784142.9626464844,0,0.09435521879276981,1,107,298610.9802246094,0.38081191115558394,21662.9825592041,0.027626317637400564,0,1,0.359800322218816,0.9330293286554481,9.014721494052063,4.589324379598556,0.7141752909151984,"POLYGON ((672608.7 2445800, 672608 2445774, 672606 2445748, 672602.6 2445722, 672597.8 2445696, 672591.7 2445671, 672584.3 2445646, 672575.5 2445621, 672565.5 2445597, 672554.2 2445573, 672541.7 2445550, 672528.1 2445528, 672513.2 2445506, 672497.3 2445486, 672480.3 2445466, 672462.3 2445447, 672443.3 2445429, 672423.4 2445412, 672402.6 2445396, 672381.1 2445381, 672358.7 2445367, 672335.7 2445355, 672312.1 2445343, 672287.9 2445333, 672263.2 2445325, 672238.1 2445317, 672212.7 2445311, 672186.9 2445306, 672161 2445303, 672134.9 2445301, 672108.7 2445300, 672082.6 2445301, 672056.5 2445303, 672030.5 2445306, 672004.8 2445311, 671979.3 2445317, 671954.2 2445325, 671929.5 2445333, 671905.4 2445343, 671881.7 2445355, 671858.7 2445367, 671836.4 2445381, 671814.8 2445396, 671794.1 2445412, 671774.2 2445429, 671755.2 2445447, 671737.2 2445466, 671720.2 2445486, 671704.2 2445506, 671689.4 2445528, 671675.7 2445550, 671663.2 2445573, 671652 2445597, 671641.9 2445621, 671633.2 2445646, 671625.8 2445671, 671619.7 2445696, 671614.9 2445722, 671611.5 2445748, 671609.4 2445774, 671608.7 2445800, 671609.4 2445826, 671611.5 2445852, 671614.9 2445878, 671619.7 2445904, 671625.8 2445930, 671633.2 2445955, 671641.9 2445979, 671652 2446004, 671663.2 2446027, 671675.7 2446050, 671689.4 2446072, 671704.2 2446094, 671720.2 2446115, 671737.2 2446135, 671755.2 2446154, 671774.2 2446172, 671794.1 2446189, 671814.8 2446205, 671836.4 2446220, 671858.7 2446233, 671881.7 2446246, 671905.4 2446257, 671929.5 2446267, 671954.2 2446276, 671979.3 2446283, 672004.8 2446289, 672030.5 2446294, 672056.5 2446297, 672082.6 2446299, 672108.7 2446300, 672134.9 2446299, 672161 2446297, 672186.9 2446294, 672212.7 2446289, 672238.1 2446283, 672263.2 2446276, 672287.9 2446267, 672312.1 2446257, 672335.7 2446246, 672358.7 2446233, 672381.1 2446220, 672402.6 2446205, 672423.4 2446189, 672443.3 2446172, 672462.3 2446154, 672480.3 2446135, 672497.3 2446115, 672513.2 2446094, 672528.1 2446072, 672541.7 2446050, 672554.2 2446027, 672565.5 2446004, 672575.5 2445979, 672584.3 2445955, 672591.7 2445930, 672597.8 2445904, 672602.6 2445878, 672606 2445852, 672608 2445826, 672608.7 2445800))"
22,20260531,Forest,5261.607142857142,54.165384156118535,4.772027110289587,1,Hani,NA,NA,0,1,0,612,193.54501652544096,291.25490418186155,1686.5648193359375,11.821165084838867,121.2289074335183,536444.0002441406,75566.38870239258,0.24807652827914412,1,109,0,0,4500,0.008388573640402368,0,1,-0.5184585002616503,0.8551027911932227,8.56819179953091,3.9920420357035633,1.5627711853363777,"POLYGON ((621037.5 2424096, 621036.9 2424069, 621034.8 2424043, 621031.4 2424017, 621026.6 2423992, 621020.5 2423966, 621013.1 2423941, 621004.3 2423916, 620994.3 2423892, 620983.1 2423869, 620970.6 2423846, 620956.9 2423823, 620942.1 2423802, 620926.1 2423781, 620909.1 2423761, 620891.1 2423742, 620872.1 2423724, 620852.2 2423707, 620831.4 2423691, 620809.9 2423676, 620787.5 2423663, 620764.5 2423650, 620740.9 2423639, 620716.7 2423629, 620692.1 2423620, 620667 2423613, 620641.5 2423607, 620615.8 2423602, 620589.8 2423598, 620563.7 2423596, 620537.5 2423596, 620511.4 2423596, 620485.3 2423598, 620459.3 2423602, 620433.6 2423607, 620408.1 2423613, 620383 2423620, 620358.4 2423629, 620334.2 2423639, 620310.6 2423650, 620287.5 2423663, 620265.2 2423676, 620243.7 2423691, 620222.9 2423707, 620203 2423724, 620184 2423742, 620166 2423761, 620149 2423781, 620133 2423802, 620118.2 2423823, 620104.5 2423846, 620092 2423869, 620080.8 2423892, 620070.8 2423916, 620062 2423941, 620054.6 2423966, 620048.5 2423992, 620043.7 2424017, 620040.3 2424043, 620038.2 2424069, 620037.5 2424096, 620038.2 2424122, 620040.3 2424148, 620043.7 2424174, 620048.5 2424200, 620054.6 2424225, 620062 2424250, 620070.8 2424275, 620080.8 2424299, 620092 2424323, 620104.5 2424346, 620118.2 2424368, 620133 2424390, 620149 2424410, 620166 2424430, 620184 2424449, 620203 2424467, 620222.9 2424484, 620243.7 2424500, 620265.2 2424515, 620287.5 2424529, 620310.6 2424541, 620334.2 2424552, 620358.4 2424562, 620383 2424571, 620408.1 2424579, 620433.6 2424585, 620459.3 2424590, 620485.3 2424593, 620511.4 2424595, 620537.5 2424596, 620563.7 2424595, 620589.8 2424593, 620615.8 2424590, 620641.5 2424585, 620667 2424579, 620692.1 2424571, 620716.7 2424562, 620740.9 2424552, 620764.5 2424541, 620787.5 2424529, 620809.9 2424515, 620831.4 2424500, 620852.2 2424484, 620872.1 2424467, 620891.1 2424449, 620909.1 2424430, 620926.1 2424410, 620942.1 2424390, 620956.9 2424368, 620970.6 2424346, 620983.1 2424323, 620994.3 2424299, 621004.3 2424275, 621013.1 2424250, 621020.5 2424225, 621026.6 2424200, 621031.4 2424174, 621034.8 2424148, 621036.9 2424122, 621037.5 2424096))"
22,20260531,Forest,5261.607142857142,54.165384156118535,4.772027110289587,1,Hani,NA,NA,0,1,0,613,325.37543415664726,515.7933674387173,1669.9901123046875,9.129117965698242,39.137217818275786,596057.9040527344,2700,0.2506050305615397,1,110,0,0,42098.10562133789,0.07062754362471031,0,1,0.7756365730983921,0.6311797734973631,8.56819179953091,3.9920420357035633,1.5627711853363777,"POLYGON ((621468.7 2423509, 621468 2423483, 621465.9 2423457, 621462.5 2423431, 621457.7 2423405, 621451.6 2423380, 621444.2 2423355, 621435.5 2423330, 621425.4 2423306, 621414.2 2423282, 621401.7 2423259, 621388 2423237, 621373.2 2423215, 621357.2 2423194, 621340.2 2423174, 621322.2 2423155, 621303.2 2423137, 621283.3 2423120, 621262.6 2423105, 621241 2423090, 621218.7 2423076, 621195.7 2423064, 621172 2423052, 621147.8 2423042, 621123.2 2423033, 621098.1 2423026, 621072.6 2423020, 621046.9 2423015, 621020.9 2423012, 620994.8 2423010, 620968.7 2423009, 620942.5 2423010, 620916.4 2423012, 620890.4 2423015, 620864.7 2423020, 620839.3 2423026, 620814.2 2423033, 620789.5 2423042, 620765.3 2423052, 620741.7 2423064, 620718.7 2423076, 620696.3 2423090, 620674.8 2423105, 620654 2423120, 620634.1 2423137, 620615.1 2423155, 620597.1 2423174, 620580.1 2423194, 620564.2 2423215, 620549.3 2423237, 620535.7 2423259, 620523.2 2423282, 620511.9 2423306, 620501.9 2423330, 620493.1 2423355, 620485.7 2423380, 620479.6 2423405, 620474.8 2423431, 620471.4 2423457, 620469.3 2423483, 620468.7 2423509, 620469.3 2423535, 620471.4 2423561, 620474.8 2423587, 620479.6 2423613, 620485.7 2423638, 620493.1 2423664, 620501.9 2423688, 620511.9 2423712, 620523.2 2423736, 620535.7 2423759, 620549.3 2423781, 620564.2 2423803, 620580.1 2423824, 620597.1 2423844, 620615.1 2423863, 620634.1 2423881, 620654 2423898, 620674.8 2423914, 620696.3 2423928, 620718.7 2423942, 620741.7 2423955, 620765.3 2423966, 620789.5 2423976, 620814.2 2423985, 620839.3 2423992, 620864.7 2423998, 620890.4 2424003, 620916.4 2424006, 620942.5 2424008, 620968.7 2424009, 620994.8 2424008, 621020.9 2424006, 621046.9 2424003, 621072.6 2423998, 621098.1 2423992, 621123.2 2423985, 621147.8 2423976, 621172 2423966, 621195.7 2423955, 621218.7 2423942, 621241 2423928, 621262.6 2423914, 621283.3 2423898, 621303.2 2423881, 621322.2 2423863, 621340.2 2423844, 621357.2 2423824, 621373.2 2423803, 621388 2423781, 621401.7 2423759, 621414.2 2423736, 621425.4 2423712, 621435.5 2423688, 621444.2 2423664, 621451.6 2423638, 621457.7 2423613, 621462.5 2423587, 621465.9 2423561, 621468 2423535, 621468.7 2423509))"
22,20260531,Forest,6281.739130434783,272.57944922121186,0.946788790753462,1,Hani,NA,NA,0,1,0,616,205.55164523105805,244.35074431575563,1565.1580810546875,9.964825630187988,347.3397058969377,785039.3371582031,0,0.1986109029825618,1,113,0,0,50913.56620788574,0.06485479618408664,0,1,0.9756866628041612,-0.21917010751030622,8.745402152721663,5.6079301283839715,-0.05467924049829903,"POLYGON ((630541.4 2418659, 630540.8 2418633, 630538.7 2418607, 630535.3 2418581, 630530.5 2418555, 630524.4 2418530, 630517 2418505, 630508.2 2418480, 630498.2 2418456, 630486.9 2418432, 630474.5 2418409, 630460.8 2418387, 630446 2418365, 630430 2418344, 630413 2418325, 630395 2418306, 630376 2418288, 630356.1 2418271, 630335.3 2418255, 630313.8 2418240, 630291.4 2418226, 630268.4 2418214, 630244.8 2418202, 630220.6 2418192, 630196 2418184, 630170.9 2418176, 630145.4 2418170, 630119.7 2418165, 630093.7 2418162, 630067.6 2418160, 630041.4 2418159, 630015.3 2418160, 629989.2 2418162, 629963.2 2418165, 629937.5 2418170, 629912 2418176, 629886.9 2418184, 629862.3 2418192, 629838.1 2418202, 629814.4 2418214, 629791.4 2418226, 629769.1 2418240, 629747.6 2418255, 629726.8 2418271, 629706.9 2418288, 629687.9 2418306, 629669.9 2418325, 629652.9 2418344, 629636.9 2418365, 629622.1 2418387, 629608.4 2418409, 629595.9 2418432, 629584.7 2418456, 629574.7 2418480, 629565.9 2418505, 629558.5 2418530, 629552.4 2418555, 629547.6 2418581, 629544.2 2418607, 629542.1 2418633, 629541.4 2418659, 629542.1 2418685, 629544.2 2418711, 629547.6 2418737, 629552.4 2418763, 629558.5 2418789, 629565.9 2418814, 629574.7 2418838, 629584.7 2418862, 629595.9 2418886, 629608.4 2418909, 629622.1 2418931, 629636.9 2418953, 629652.9 2418974, 629669.9 2418994, 629687.9 2419013, 629706.9 2419031, 629726.8 2419048, 629747.6 2419064, 629769.1 2419078, 629791.4 2419092, 629814.4 2419105, 629838.1 2419116, 629862.3 2419126, 629886.9 2419135, 629912 2419142, 629937.5 2419148, 629963.2 2419153, 629989.2 2419156, 630015.3 2419158, 630041.4 2419159, 630067.6 2419158, 630093.7 2419156, 630119.7 2419153, 630145.4 2419148, 630170.9 2419142, 630196 2419135, 630220.6 2419126, 630244.8 2419116, 630268.4 2419105, 630291.4 2419092, 630313.8 2419078, 630335.3 2419064, 630356.1 2419048, 630376 2419031, 630395 2419013, 630413 2418994, 630430 2418974, 630446 2418953, 630460.8 2418931, 630474.5 2418909, 630486.9 2418886, 630498.2 2418862, 630508.2 2418838, 630517 2418814, 630524.4 2418789, 630530.5 2418763, 630535.3 2418737, 630538.7 2418711, 630540.8 2418685, 630541.4 2418659))"
22,20260531,Forest,6281.739130434783,272.57944922121186,0.946788790753462,1,Hani,NA,NA,0,1,0,617,104.59819790429309,240.02205249100538,1471.7493896484375,8.957930564880371,149.89769990527728,784139.3371582031,900,0.41650754970878445,1,114,0,0,30737.923049926758,0.03919956772137458,0,1,-0.865131287112205,0.5015454675895092,8.745402152721663,5.6079301283839715,-0.05467924049829903,"POLYGON ((630054 2419750, 630053.3 2419724, 630051.3 2419698, 630047.9 2419672, 630043.1 2419646, 630037 2419620, 630029.5 2419595, 630020.8 2419571, 630010.8 2419546, 629999.5 2419523, 629987 2419500, 629973.4 2419477, 629958.5 2419456, 629942.6 2419435, 629925.6 2419415, 629907.6 2419396, 629888.6 2419378, 629868.7 2419361, 629847.9 2419345, 629826.3 2419330, 629804 2419317, 629781 2419304, 629757.4 2419293, 629733.2 2419283, 629708.5 2419274, 629683.4 2419267, 629658 2419261, 629632.2 2419256, 629606.3 2419253, 629580.2 2419250, 629554 2419250, 629527.9 2419250, 629501.8 2419253, 629475.8 2419256, 629450.1 2419261, 629424.6 2419267, 629399.5 2419274, 629374.8 2419283, 629350.7 2419293, 629327 2419304, 629304 2419317, 629281.7 2419330, 629260.1 2419345, 629239.4 2419361, 629219.5 2419378, 629200.5 2419396, 629182.4 2419415, 629165.4 2419435, 629149.5 2419456, 629134.7 2419477, 629121 2419500, 629108.5 2419523, 629097.2 2419546, 629087.2 2419571, 629078.5 2419595, 629071.1 2419620, 629064.9 2419646, 629060.2 2419672, 629056.8 2419698, 629054.7 2419724, 629054 2419750, 629054.7 2419776, 629056.8 2419802, 629060.2 2419828, 629064.9 2419854, 629071.1 2419879, 629078.5 2419904, 629087.2 2419929, 629097.2 2419953, 629108.5 2419977, 629121 2420000, 629134.7 2420022, 629149.5 2420044, 629165.4 2420064, 629182.4 2420084, 629200.5 2420103, 629219.5 2420121, 629239.4 2420138, 629260.1 2420154, 629281.7 2420169, 629304 2420183, 629327 2420195, 629350.7 2420207, 629374.8 2420217, 629399.5 2420225, 629424.6 2420233, 629450.1 2420239, 629475.8 2420244, 629501.8 2420247, 629527.9 2420249, 629554 2420250, 629580.2 2420249, 629606.3 2420247, 629632.2 2420244, 629658 2420239, 629683.4 2420233, 629708.5 2420225, 629733.2 2420217, 629757.4 2420207, 629781 2420195, 629804 2420183, 629826.3 2420169, 629847.9 2420154, 629868.7 2420138, 629888.6 2420121, 629907.6 2420103, 629925.6 2420084, 629942.6 2420064, 629958.5 2420044, 629973.4 2420022, 629987 2420000, 629999.5 2419977, 630010.8 2419953, 630020.8 2419929, 630029.5 2419904, 630037 2419879, 630043.1 2419854, 630047.9 2419828, 630051.3 2419802, 630053.3 2419776, 630054 2419750))"
22,20260531,Forest,4145.535714285714,150.66564554460183,2.5223120694818806,1,Hani,NA,NA,0,1,0,627,203.08474235355794,223.13486127961085,1771.8985595703125,13.582602500915527,235.4606949155072,646439.3371582031,0,0.1004621951487233,1,120,0,0,15886.506843566895,0.024575402408840395,0,1,-0.5669714567558438,-0.8237374382800361,8.32978730271292,5.015063113782317,0.9251759687782185,"POLYGON ((620064.1 2430281, 620063.4 2430255, 620061.4 2430229, 620058 2430203, 620053.2 2430177, 620047.1 2430152, 620039.6 2430127, 620030.9 2430102, 620020.9 2430078, 620009.6 2430054, 619997.1 2430031, 619983.4 2430009, 619968.6 2429987, 619952.7 2429967, 619935.7 2429947, 619917.7 2429928, 619898.7 2429910, 619878.8 2429893, 619858 2429877, 619836.4 2429862, 619814.1 2429848, 619791.1 2429836, 619767.5 2429825, 619743.3 2429815, 619718.6 2429806, 619693.5 2429798, 619668.1 2429792, 619642.3 2429787, 619616.4 2429784, 619590.3 2429782, 619564.1 2429781, 619537.9 2429782, 619511.9 2429784, 619485.9 2429787, 619460.2 2429792, 619434.7 2429798, 619409.6 2429806, 619384.9 2429815, 619360.7 2429825, 619337.1 2429836, 619314.1 2429848, 619291.8 2429862, 619270.2 2429877, 619249.5 2429893, 619229.5 2429910, 619210.6 2429928, 619192.5 2429947, 619175.5 2429967, 619159.6 2429987, 619144.8 2430009, 619131.1 2430031, 619118.6 2430054, 619107.3 2430078, 619097.3 2430102, 619088.6 2430127, 619081.2 2430152, 619075 2430177, 619070.3 2430203, 619066.9 2430229, 619064.8 2430255, 619064.1 2430281, 619064.8 2430308, 619066.9 2430334, 619070.3 2430360, 619075 2430385, 619081.2 2430411, 619088.6 2430436, 619097.3 2430461, 619107.3 2430485, 619118.6 2430508, 619131.1 2430531, 619144.8 2430554, 619159.6 2430575, 619175.5 2430596, 619192.5 2430616, 619210.6 2430635, 619229.5 2430653, 619249.5 2430670, 619270.2 2430686, 619291.8 2430701, 619314.1 2430714, 619337.1 2430727, 619360.7 2430738, 619384.9 2430748, 619409.6 2430757, 619434.7 2430764, 619460.2 2430770, 619485.9 2430775, 619511.9 2430779, 619537.9 2430781, 619564.1 2430781, 619590.3 2430781, 619616.4 2430779, 619642.3 2430775, 619668.1 2430770, 619693.5 2430764, 619718.6 2430757, 619743.3 2430748, 619767.5 2430738, 619791.1 2430727, 619814.1 2430714, 619836.4 2430701, 619858 2430686, 619878.8 2430670, 619898.7 2430653, 619917.7 2430635, 619935.7 2430616, 619952.7 2430596, 619968.6 2430575, 619983.4 2430554, 619997.1 2430531, 620009.6 2430508, 620020.9 2430485, 620030.9 2430461, 620039.6 2430436, 620047.1 2430411, 620053.2 2430385, 620058 2430360, 620061.4 2430334, 620063.4 2430308, 620064.1 2430281))"
22,20260531,Forest,9620.300751879699,41.51503560607066,0.2980101804720037,0,Hani,NA,NA,0,1,0,645,213.3333833393146,646.5674000840446,795.5362548828125,13.500326156616211,253.5642301395775,27216.703605651855,153903.8314819336,0.14436222572851076,1,36,27216.703605651855,1,0,0,0,1,-0.28294030325919256,-0.9591375213135999,9.171630806360227,3.726055665381232,-1.2106276304025323,"POLYGON ((697045.4 2407750, 697044.7 2407724, 697042.6 2407697, 697039.2 2407671, 697034.4 2407646, 697028.3 2407620, 697020.9 2407595, 697012.2 2407571, 697002.1 2407546, 696990.9 2407523, 696978.4 2407500, 696964.7 2407477, 696949.9 2407456, 696933.9 2407435, 696916.9 2407415, 696898.9 2407396, 696879.9 2407378, 696860 2407361, 696839.3 2407345, 696817.7 2407330, 696795.4 2407317, 696772.4 2407304, 696748.7 2407293, 696724.5 2407283, 696699.9 2407274, 696674.8 2407267, 696649.3 2407261, 696623.6 2407256, 696597.6 2407252, 696571.5 2407250, 696545.4 2407250, 696519.2 2407250, 696493.1 2407252, 696467.1 2407256, 696441.4 2407261, 696416 2407267, 696390.9 2407274, 696366.2 2407283, 696342 2407293, 696318.4 2407304, 696295.4 2407317, 696273 2407330, 696251.5 2407345, 696230.7 2407361, 696210.8 2407378, 696191.8 2407396, 696173.8 2407415, 696156.8 2407435, 696140.9 2407456, 696126 2407477, 696112.3 2407500, 696099.9 2407523, 696088.6 2407546, 696078.6 2407571, 696069.8 2407595, 696062.4 2407620, 696056.3 2407646, 696051.5 2407671, 696048.1 2407697, 696046 2407724, 696045.4 2407750, 696046 2407776, 696048.1 2407802, 696051.5 2407828, 696056.3 2407854, 696062.4 2407879, 696069.8 2407904, 696078.6 2407929, 696088.6 2407953, 696099.9 2407977, 696112.3 2408000, 696126 2408022, 696140.9 2408044, 696156.8 2408064, 696173.8 2408084, 696191.8 2408103, 696210.8 2408121, 696230.7 2408138, 696251.5 2408154, 696273 2408169, 696295.4 2408183, 696318.4 2408195, 696342 2408206, 696366.2 2408216, 696390.9 2408225, 696416 2408233, 696441.4 2408239, 696467.1 2408244, 696493.1 2408247, 696519.2 2408249, 696545.4 2408250, 696571.5 2408249, 696597.6 2408247, 696623.6 2408244, 696649.3 2408239, 696674.8 2408233, 696699.9 2408225, 696724.5 2408216, 696748.7 2408206, 696772.4 2408195, 696795.4 2408183, 696817.7 2408169, 696839.3 2408154, 696860 2408138, 696879.9 2408121, 696898.9 2408103, 696916.9 2408084, 696933.9 2408064, 696949.9 2408044, 696964.7 2408022, 696978.4 2408000, 696990.9 2407977, 697002.1 2407953, 697012.2 2407929, 697020.9 2407904, 697028.3 2407879, 697034.4 2407854, 697039.2 2407828, 697042.6 2407802, 697044.7 2407776, 697045.4 2407750))"
22,20260531,Forest,3378.2501423420003,27.32013936280332,2.0710014947683106,0,Hani,NA,NA,0,1,0,721,63.223156136563254,112.32258408627567,1394.061279296875,9.441226959228516,185.40841203849777,785039.3371582031,0,0.37553160703904376,1,95,0,0,1800,0.002292878732059333,0,1,-0.9955481371006658,-0.09425447848985183,8.125113145053028,3.3076241358170795,0.7280323041748045,"POLYGON ((666685.5 2410599, 666684.8 2410573, 666682.7 2410546, 666679.3 2410521, 666674.5 2410495, 666668.4 2410469, 666661 2410444, 666652.3 2410420, 666642.2 2410395, 666631 2410372, 666618.5 2410349, 666604.8 2410326, 666590 2410305, 666574 2410284, 666557 2410264, 666539 2410245, 666520 2410227, 666500.1 2410210, 666479.4 2410194, 666457.8 2410179, 666435.5 2410166, 666412.5 2410153, 666388.8 2410142, 666364.7 2410132, 666340 2410123, 666314.9 2410116, 666289.4 2410110, 666263.7 2410105, 666237.7 2410101, 666211.6 2410099, 666185.5 2410099, 666159.3 2410099, 666133.2 2410101, 666107.3 2410105, 666081.5 2410110, 666056.1 2410116, 666031 2410123, 666006.3 2410132, 665982.1 2410142, 665958.5 2410153, 665935.5 2410166, 665913.2 2410179, 665891.6 2410194, 665870.8 2410210, 665850.9 2410227, 665831.9 2410245, 665813.9 2410264, 665796.9 2410284, 665781 2410305, 665766.1 2410326, 665752.5 2410349, 665740 2410372, 665728.7 2410395, 665718.7 2410420, 665709.9 2410444, 665702.5 2410469, 665696.4 2410495, 665691.6 2410521, 665688.2 2410546, 665686.2 2410573, 665685.5 2410599, 665686.2 2410625, 665688.2 2410651, 665691.6 2410677, 665696.4 2410703, 665702.5 2410728, 665709.9 2410753, 665718.7 2410778, 665728.7 2410802, 665740 2410826, 665752.5 2410849, 665766.1 2410871, 665781 2410893, 665796.9 2410913, 665813.9 2410933, 665831.9 2410952, 665850.9 2410970, 665870.8 2410987, 665891.6 2411003, 665913.2 2411018, 665935.5 2411032, 665958.5 2411044, 665982.1 2411056, 666006.3 2411066, 666031 2411074, 666056.1 2411082, 666081.5 2411088, 666107.3 2411093, 666133.2 2411096, 666159.3 2411098, 666185.5 2411099, 666211.6 2411098, 666237.7 2411096, 666263.7 2411093, 666289.4 2411088, 666314.9 2411082, 666340 2411074, 666364.7 2411066, 666388.8 2411056, 666412.5 2411044, 666435.5 2411032, 666457.8 2411018, 666479.4 2411003, 666500.1 2410987, 666520 2410970, 666539 2410952, 666557 2410933, 666574 2410913, 666590 2410893, 666604.8 2410871, 666618.5 2410849, 666631 2410826, 666642.2 2410802, 666652.3 2410778, 666661 2410753, 666668.4 2410728, 666674.5 2410703, 666679.3 2410677, 666682.7 2410651, 666684.8 2410625, 666685.5 2410599))"
22,20260531,Forest,9611.842105263157,35.375788827246616,0.27491408934707906,0,Hani,NA,NA,0,1,0,971,360.275646846727,970.5411827749227,800.60357666015625,6.547344207763672,251.9328193120781,43200,254357.6934814453,0.3703444563142405,1,72,40500,0.9375,2700,0.0625,0,1,-0.3101319184781789,-0.9506935327123269,9.17075116988656,3.5660276547182206,-1.2912966324976107,"POLYGON ((696359.5 2406415, 696358.8 2406389, 696356.7 2406363, 696353.3 2406337, 696348.5 2406312, 696342.4 2406286, 696335 2406261, 696326.3 2406236, 696316.2 2406212, 696305 2406188, 696292.5 2406165, 696278.8 2406143, 696264 2406122, 696248 2406101, 696231 2406081, 696213 2406062, 696194 2406044, 696174.1 2406027, 696153.4 2406011, 696131.8 2405996, 696109.5 2405982, 696086.5 2405970, 696062.8 2405959, 696038.7 2405949, 696014 2405940, 695988.9 2405933, 695963.4 2405926, 695937.7 2405922, 695911.7 2405918, 695885.6 2405916, 695859.5 2405915, 695833.3 2405916, 695807.2 2405918, 695781.3 2405922, 695755.5 2405926, 695730.1 2405933, 695705 2405940, 695680.3 2405949, 695656.1 2405959, 695632.5 2405970, 695609.5 2405982, 695587.2 2405996, 695565.6 2406011, 695544.8 2406027, 695524.9 2406044, 695505.9 2406062, 695487.9 2406081, 695470.9 2406101, 695455 2406122, 695440.1 2406143, 695426.5 2406165, 695414 2406188, 695402.7 2406212, 695392.7 2406236, 695383.9 2406261, 695376.5 2406286, 695370.4 2406312, 695365.6 2406337, 695362.2 2406363, 695360.2 2406389, 695359.5 2406415, 695360.2 2406442, 695362.2 2406468, 695365.6 2406494, 695370.4 2406519, 695376.5 2406545, 695383.9 2406570, 695392.7 2406595, 695402.7 2406619, 695414 2406642, 695426.5 2406665, 695440.1 2406688, 695455 2406709, 695470.9 2406730, 695487.9 2406750, 695505.9 2406769, 695524.9 2406787, 695544.8 2406804, 695565.6 2406820, 695587.2 2406835, 695609.5 2406848, 695632.5 2406861, 695656.1 2406872, 695680.3 2406882, 695705 2406891, 695730.1 2406898, 695755.5 2406905, 695781.3 2406909, 695807.2 2406913, 695833.3 2406915, 695859.5 2406915, 695885.6 2406915, 695911.7 2406913, 695937.7 2406909, 695963.4 2406905, 695988.9 2406898, 696014 2406891, 696038.7 2406882, 696062.8 2406872, 696086.5 2406861, 696109.5 2406848, 696131.8 2406835, 696153.4 2406820, 696174.1 2406804, 696194 2406787, 696213 2406769, 696231 2406750, 696248 2406730, 696264 2406709, 696278.8 2406688, 696292.5 2406665, 696305 2406642, 696316.2 2406619, 696326.3 2406595, 696335 2406570, 696342.4 2406545, 696348.5 2406519, 696353.3 2406494, 696356.7 2406468, 696358.8 2406442, 696359.5 2406415))"
22,20260531,Forest,6639.069767441861,18.580990665382664,1.670074349442379,0,Hani,NA,NA,0,1,0,1023,92.15974955507062,680.2738562008825,939.21722412109375,16.648128509521484,86.7341342212369,17378.716278076172,458763.3270263672,0.14118691006856124,1,73,17378.716278076172,1,0,0,0,1,0.05696925010144405,0.9983759334754014,8.80072713739144,2.9221390508761664,0.5128681460618293,"POLYGON ((681677.8 2421737, 681677.1 2421711, 681675 2421685, 681671.6 2421659, 681666.9 2421633, 681660.7 2421608, 681653.3 2421583, 681644.6 2421558, 681634.6 2421534, 681623.3 2421510, 681610.8 2421487, 681597.1 2421465, 681582.3 2421443, 681566.4 2421423, 681549.4 2421403, 681531.3 2421384, 681512.3 2421366, 681492.4 2421349, 681471.7 2421333, 681450.1 2421318, 681427.8 2421304, 681404.8 2421292, 681381.2 2421281, 681357 2421271, 681332.3 2421262, 681307.2 2421254, 681281.7 2421248, 681256 2421244, 681230 2421240, 681204 2421238, 681177.8 2421237, 681151.6 2421238, 681125.5 2421240, 681099.6 2421244, 681073.8 2421248, 681048.4 2421254, 681023.3 2421262, 680998.6 2421271, 680974.4 2421281, 680950.8 2421292, 680927.8 2421304, 680905.5 2421318, 680883.9 2421333, 680863.1 2421349, 680843.2 2421366, 680824.2 2421384, 680806.2 2421403, 680789.2 2421423, 680773.3 2421443, 680758.4 2421465, 680744.8 2421487, 680732.3 2421510, 680721 2421534, 680711 2421558, 680702.3 2421583, 680694.8 2421608, 680688.7 2421633, 680683.9 2421659, 680680.5 2421685, 680678.5 2421711, 680677.8 2421737, 680678.5 2421764, 680680.5 2421790, 680683.9 2421816, 680688.7 2421841, 680694.8 2421867, 680702.3 2421892, 680711 2421917, 680721 2421941, 680732.3 2421964, 680744.8 2421987, 680758.4 2422010, 680773.3 2422031, 680789.2 2422052, 680806.2 2422072, 680824.2 2422091, 680843.2 2422109, 680863.1 2422126, 680883.9 2422142, 680905.5 2422157, 680927.8 2422170, 680950.8 2422183, 680974.4 2422194, 680998.6 2422204, 681023.3 2422213, 681048.4 2422220, 681073.8 2422226, 681099.6 2422231, 681125.5 2422235, 681151.6 2422237, 681177.8 2422237, 681204 2422237, 681230 2422235, 681256 2422231, 681281.7 2422226, 681307.2 2422220, 681332.3 2422213, 681357 2422204, 681381.2 2422194, 681404.8 2422183, 681427.8 2422170, 681450.1 2422157, 681471.7 2422142, 681492.4 2422126, 681512.3 2422109, 681531.3 2422091, 681549.4 2422072, 681566.4 2422052, 681582.3 2422031, 681597.1 2422010, 681610.8 2421987, 681623.3 2421964, 681634.6 2421941, 681644.6 2421917, 681653.3 2421892, 681660.7 2421867, 681666.9 2421841, 681671.6 2421816, 681675 2421790, 681677.1 2421764, 681677.8 2421737))"
22,20260531,Forest,11460.428923894477,26.137771089322833,1.935738444193912,0,Hani,NA,NA,0,1,0,1171,1058.00928317721,1190.7301639173893,1596.25146484375,5.989363193511963,61.65386001626308,450788.8732910156,6300,0.2991404326268268,1,90,0,0,218586.88201904297,0.48489857441075285,0,1,0.47479709893480015,0.8800952873655771,9.346655417482326,3.2633814363632463,0.6604888785878961,"POLYGON ((656481.1 2376356, 656480.4 2376330, 656478.4 2376304, 656474.9 2376278, 656470.2 2376252, 656464.1 2376227, 656456.6 2376202, 656447.9 2376177, 656437.9 2376153, 656426.6 2376129, 656414.1 2376106, 656400.4 2376084, 656385.6 2376062, 656369.7 2376042, 656352.7 2376022, 656334.7 2376003, 656315.7 2375985, 656295.8 2375968, 656275 2375952, 656253.4 2375937, 656231.1 2375923, 656208.1 2375911, 656184.5 2375900, 656160.3 2375890, 656135.6 2375881, 656110.5 2375873, 656085.1 2375867, 656059.3 2375863, 656033.4 2375859, 656007.3 2375857, 655981.1 2375856, 655954.9 2375857, 655928.8 2375859, 655902.9 2375863, 655877.1 2375867, 655851.7 2375873, 655826.6 2375881, 655801.9 2375890, 655777.7 2375900, 655754.1 2375911, 655731.1 2375923, 655708.8 2375937, 655687.2 2375952, 655666.4 2375968, 655646.5 2375985, 655627.5 2376003, 655609.5 2376022, 655592.5 2376042, 655576.6 2376062, 655561.8 2376084, 655548.1 2376106, 655535.6 2376129, 655524.3 2376153, 655514.3 2376177, 655505.6 2376202, 655498.1 2376227, 655492 2376252, 655487.3 2376278, 655483.8 2376304, 655481.8 2376330, 655481.1 2376356, 655481.8 2376383, 655483.8 2376409, 655487.3 2376435, 655492 2376460, 655498.1 2376486, 655505.6 2376511, 655514.3 2376536, 655524.3 2376560, 655535.6 2376583, 655548.1 2376606, 655561.8 2376629, 655576.6 2376650, 655592.5 2376671, 655609.5 2376691, 655627.5 2376710, 655646.5 2376728, 655666.4 2376745, 655687.2 2376761, 655708.8 2376776, 655731.1 2376789, 655754.1 2376802, 655777.7 2376813, 655801.9 2376823, 655826.6 2376832, 655851.7 2376839, 655877.1 2376845, 655902.9 2376850, 655928.8 2376854, 655954.9 2376856, 655981.1 2376856, 656007.3 2376856, 656033.4 2376854, 656059.3 2376850, 656085.1 2376845, 656110.5 2376839, 656135.6 2376832, 656160.3 2376823, 656184.5 2376813, 656208.1 2376802, 656231.1 2376789, 656253.4 2376776, 656275 2376761, 656295.8 2376745, 656315.7 2376728, 656334.7 2376710, 656352.7 2376691, 656369.7 2376671, 656385.6 2376650, 656400.4 2376629, 656414.1 2376606, 656426.6 2376583, 656437.9 2376560, 656447.9 2376536, 656456.6 2376511, 656464.1 2376486, 656470.2 2376460, 656474.9 2376435, 656478.4 2376409, 656480.4 2376383, 656481.1 2376356))"
22,20260531,Forest,5307.45872081989,36.630721511716736,0.5234012147195427,0,Hani,NA,NA,0,1,0,1212,600.9196371280678,620.6382077342821,628.1689453125,5.149279594421387,320.1885479632387,2700,110349.66659545898,0.465992839989259,1,88,2700,1,0,0,0,1,0.7681555658430966,-0.640263247941245,8.576868416028539,3.6008872738862983,-0.6474069680642858,"POLYGON ((683080.5 2401846, 683079.8 2401820, 683077.7 2401794, 683074.3 2401768, 683069.6 2401742, 683063.4 2401717, 683056 2401692, 683047.3 2401667, 683037.3 2401643, 683026 2401619, 683013.5 2401596, 682999.8 2401574, 682985 2401552, 682969.1 2401532, 682952.1 2401512, 682934 2401493, 682915 2401475, 682895.1 2401458, 682874.4 2401442, 682852.8 2401427, 682830.5 2401413, 682807.5 2401401, 682783.8 2401389, 682759.7 2401379, 682735 2401371, 682709.9 2401363, 682684.4 2401357, 682658.7 2401352, 682632.7 2401349, 682606.6 2401347, 682580.5 2401346, 682554.3 2401347, 682528.2 2401349, 682502.3 2401352, 682476.5 2401357, 682451.1 2401363, 682426 2401371, 682401.3 2401379, 682377.1 2401389, 682353.5 2401401, 682330.5 2401413, 682308.2 2401427, 682286.6 2401442, 682265.8 2401458, 682245.9 2401475, 682226.9 2401493, 682208.9 2401512, 682191.9 2401532, 682176 2401552, 682161.1 2401574, 682147.5 2401596, 682135 2401619, 682123.7 2401643, 682113.7 2401667, 682105 2401692, 682097.5 2401717, 682091.4 2401742, 682086.6 2401768, 682083.2 2401794, 682081.2 2401820, 682080.5 2401846, 682081.2 2401872, 682083.2 2401898, 682086.6 2401924, 682091.4 2401950, 682097.5 2401976, 682105 2402001, 682113.7 2402025, 682123.7 2402050, 682135 2402073, 682147.5 2402096, 682161.1 2402118, 682176 2402140, 682191.9 2402161, 682208.9 2402181, 682226.9 2402200, 682245.9 2402218, 682265.8 2402235, 682286.6 2402251, 682308.2 2402266, 682330.5 2402279, 682353.5 2402292, 682377.1 2402303, 682401.3 2402313, 682426 2402322, 682451.1 2402329, 682476.5 2402335, 682502.3 2402340, 682528.2 2402343, 682554.3 2402345, 682580.5 2402346, 682606.6 2402345, 682632.7 2402343, 682658.7 2402340, 682684.4 2402335, 682709.9 2402329, 682735 2402322, 682759.7 2402313, 682783.8 2402303, 682807.5 2402292, 682830.5 2402279, 682852.8 2402266, 682874.4 2402251, 682895.1 2402235, 682915 2402218, 682934 2402200, 682952.1 2402181, 682969.1 2402161, 682985 2402140, 682999.8 2402118, 683013.5 2402096, 683026 2402073, 683037.3 2402050, 683047.3 2402025, 683056 2402001, 683063.4 2401976, 683069.6 2401950, 683074.3 2401924, 683077.7 2401898, 683079.8 2401872, 683080.5 2401846))"
22,20260531,Forest,4967,14.715169008011273,0.38470948012232414,0,Hani,NA,NA,0,1,0,1356,480.14214383363395,558.1843001897166,720.80755615234375,12.154580116271973,84.39054898393363,237877.0751953125,263399.74365234375,0.31365703347268586,1,96,95546.612548828125,0.4016638109005593,0,0,0,1,0.09774706253205155,0.9952112900115007,8.51057131510735,2.688878867043283,-0.9552668266309133,"POLYGON ((767453.5 2390942, 767452.8 2390916, 767450.8 2390890, 767447.4 2390864, 767442.6 2390838, 767436.5 2390813, 767429 2390788, 767420.3 2390763, 767410.3 2390739, 767399 2390715, 767386.5 2390692, 767372.9 2390670, 767358 2390648, 767342.1 2390628, 767325.1 2390608, 767307.1 2390589, 767288.1 2390571, 767268.2 2390554, 767247.4 2390538, 767225.8 2390523, 767203.5 2390509, 767180.5 2390497, 767156.9 2390485, 767132.7 2390475, 767108 2390467, 767082.9 2390459, 767057.5 2390453, 767031.7 2390448, 767005.8 2390445, 766979.7 2390443, 766953.5 2390442, 766927.4 2390443, 766901.3 2390445, 766875.3 2390448, 766849.6 2390453, 766824.1 2390459, 766799 2390467, 766774.3 2390475, 766750.2 2390485, 766726.5 2390497, 766703.5 2390509, 766681.2 2390523, 766659.6 2390538, 766638.9 2390554, 766619 2390571, 766600 2390589, 766581.9 2390608, 766564.9 2390628, 766549 2390648, 766534.2 2390670, 766520.5 2390692, 766508 2390715, 766496.7 2390739, 766486.7 2390763, 766478 2390788, 766470.6 2390813, 766464.4 2390838, 766459.7 2390864, 766456.3 2390890, 766454.2 2390916, 766453.5 2390942, 766454.2 2390968, 766456.3 2390994, 766459.7 2391020, 766464.4 2391046, 766470.6 2391072, 766478 2391097, 766486.7 2391121, 766496.7 2391146, 766508 2391169, 766520.5 2391192, 766534.2 2391215, 766549 2391236, 766564.9 2391257, 766581.9 2391277, 766600 2391296, 766619 2391314, 766638.9 2391331, 766659.6 2391347, 766681.2 2391362, 766703.5 2391375, 766726.5 2391388, 766750.2 2391399, 766774.3 2391409, 766799 2391418, 766824.1 2391425, 766849.6 2391431, 766875.3 2391436, 766901.3 2391439, 766927.4 2391442, 766953.5 2391442, 766979.7 2391442, 767005.8 2391439, 767031.7 2391436, 767057.5 2391431, 767082.9 2391425, 767108 2391418, 767132.7 2391409, 767156.9 2391399, 767180.5 2391388, 767203.5 2391375, 767225.8 2391362, 767247.4 2391347, 767268.2 2391331, 767288.1 2391314, 767307.1 2391296, 767325.1 2391277, 767342.1 2391257, 767358 2391236, 767372.9 2391215, 767386.5 2391192, 767399 2391169, 767410.3 2391146, 767420.3 2391121, 767429 2391097, 767436.5 2391072, 767442.6 2391046, 767447.4 2391020, 767450.8 2390994, 767452.8 2390968, 767453.5 2390942))"
22,20260531,Forest,8196.42857142857,29.790644225739026,0.5217557251908397,0,Hani,NA,NA,0,1,0,1613,295.49692616361335,2167.7806029487924,722.07781982421875,9.079643249511719,104.3632723228247,61071.665954589844,723967.6574707031,0.2987931946701635,1,58,58371.665954589844,0.9557896455287859,0,0,0,1,-0.24806895600735657,0.9687423770360313,9.011453798307533,3.3941943920616544,-0.650555760031193,"POLYGON ((701616.1 2404475, 701615.4 2404449, 701613.4 2404423, 701610 2404397, 701605.2 2404371, 701599.1 2404346, 701591.7 2404321, 701582.9 2404296, 701572.9 2404272, 701561.6 2404248, 701549.1 2404225, 701535.5 2404203, 701520.6 2404181, 701504.7 2404161, 701487.7 2404141, 701469.7 2404122, 701450.7 2404104, 701430.8 2404087, 701410 2404071, 701388.4 2404056, 701366.1 2404042, 701343.1 2404030, 701319.5 2404019, 701295.3 2404009, 701270.6 2404000, 701245.5 2403992, 701220.1 2403986, 701194.3 2403981, 701168.4 2403978, 701142.3 2403976, 701116.1 2403975, 701090 2403976, 701063.9 2403978, 701037.9 2403981, 701012.2 2403986, 700986.7 2403992, 700961.6 2404000, 700936.9 2404009, 700912.8 2404019, 700889.1 2404030, 700866.1 2404042, 700843.8 2404056, 700822.2 2404071, 700801.5 2404087, 700781.6 2404104, 700762.6 2404122, 700744.6 2404141, 700727.6 2404161, 700711.6 2404181, 700696.8 2404203, 700683.1 2404225, 700670.6 2404248, 700659.4 2404272, 700649.3 2404296, 700640.6 2404321, 700633.2 2404346, 700627.1 2404371, 700622.3 2404397, 700618.9 2404423, 700616.8 2404449, 700616.1 2404475, 700616.8 2404501, 700618.9 2404528, 700622.3 2404554, 700627.1 2404579, 700633.2 2404605, 700640.6 2404630, 700649.3 2404654, 700659.4 2404679, 700670.6 2404702, 700683.1 2404725, 700696.8 2404748, 700711.6 2404769, 700727.6 2404790, 700744.6 2404810, 700762.6 2404829, 700781.6 2404847, 700801.5 2404864, 700822.2 2404880, 700843.8 2404895, 700866.1 2404908, 700889.1 2404921, 700912.8 2404932, 700936.9 2404942, 700961.6 2404951, 700986.7 2404958, 701012.2 2404964, 701037.9 2404969, 701063.9 2404973, 701090 2404975, 701116.1 2404975, 701142.3 2404975, 701168.4 2404973, 701194.3 2404969, 701220.1 2404964, 701245.5 2404958, 701270.6 2404951, 701295.3 2404942, 701319.5 2404932, 701343.1 2404921, 701366.1 2404908, 701388.4 2404895, 701410 2404880, 701430.8 2404864, 701450.7 2404847, 701469.7 2404829, 701487.7 2404810, 701504.7 2404790, 701520.6 2404769, 701535.5 2404748, 701549.1 2404725, 701561.6 2404702, 701572.9 2404679, 701582.9 2404654, 701591.7 2404630, 701599.1 2404605, 701605.2 2404579, 701610 2404554, 701613.4 2404528, 701615.4 2404501, 701616.1 2404475))"
22,20260531,Forest,9611.842105263157,35.375788827246616,0.27491408934707906,0,Hani,NA,NA,0,1,0,1700,444.6304575359132,1953.4049638401157,691.71661376953125,12.257390975952148,208.17532780915613,45507.23876953125,519134.7106933594,0.13140323036888243,1,5,40107.23876953125,0.8813375597814672,5400,0.1186624402185328,0,1,-0.8815068558908599,-0.47217122214024315,9.17075116988656,3.5660276547182206,-1.2912966324976107,"POLYGON ((699266.6 2402938, 699265.9 2402912, 699263.9 2402886, 699260.5 2402860, 699255.7 2402835, 699249.6 2402809, 699242.2 2402784, 699233.4 2402759, 699223.4 2402735, 699212.1 2402711, 699199.6 2402688, 699186 2402666, 699171.1 2402645, 699155.2 2402624, 699138.2 2402604, 699120.2 2402585, 699101.2 2402567, 699081.3 2402550, 699060.5 2402534, 699039 2402519, 699016.6 2402505, 698993.6 2402493, 698970 2402482, 698945.8 2402472, 698921.1 2402463, 698896 2402456, 698870.6 2402449, 698844.9 2402445, 698818.9 2402441, 698792.8 2402439, 698766.6 2402438, 698740.5 2402439, 698714.4 2402441, 698688.4 2402445, 698662.7 2402449, 698637.2 2402456, 698612.1 2402463, 698587.5 2402472, 698563.3 2402482, 698539.6 2402493, 698516.6 2402505, 698494.3 2402519, 698472.7 2402534, 698452 2402550, 698432.1 2402567, 698413.1 2402585, 698395.1 2402604, 698378.1 2402624, 698362.1 2402645, 698347.3 2402666, 698333.6 2402688, 698321.1 2402711, 698309.9 2402735, 698299.8 2402759, 698291.1 2402784, 698283.7 2402809, 698277.6 2402835, 698272.8 2402860, 698269.4 2402886, 698267.3 2402912, 698266.6 2402938, 698267.3 2402965, 698269.4 2402991, 698272.8 2403017, 698277.6 2403042, 698283.7 2403068, 698291.1 2403093, 698299.8 2403118, 698309.9 2403142, 698321.1 2403165, 698333.6 2403188, 698347.3 2403211, 698362.1 2403232, 698378.1 2403253, 698395.1 2403273, 698413.1 2403292, 698432.1 2403310, 698452 2403327, 698472.7 2403343, 698494.3 2403358, 698516.6 2403371, 698539.6 2403384, 698563.3 2403395, 698587.5 2403405, 698612.1 2403414, 698637.2 2403421, 698662.7 2403428, 698688.4 2403432, 698714.4 2403436, 698740.5 2403438, 698766.6 2403438, 698792.8 2403438, 698818.9 2403436, 698844.9 2403432, 698870.6 2403428, 698896 2403421, 698921.1 2403414, 698945.8 2403405, 698970 2403395, 698993.6 2403384, 699016.6 2403371, 699039 2403358, 699060.5 2403343, 699081.3 2403327, 699101.2 2403310, 699120.2 2403292, 699138.2 2403273, 699155.2 2403253, 699171.1 2403232, 699186 2403211, 699199.6 2403188, 699212.1 2403165, 699223.4 2403142, 699233.4 2403118, 699242.2 2403093, 699249.6 2403068, 699255.7 2403042, 699260.5 2403017, 699263.9 2402991, 699265.9 2402965, 699266.6 2402938))"
22,20260531,Forest,5040.869565217392,26.97585606017254,5.159214830970556,0,Hani,NA,NA,0,1,0,1730,793.8608214592723,911.2157368432618,1520.3795166015625,9.155277252197266,202.6959400018706,755187.6708984375,0,0.19794045346313155,1,113,0,0,341187.01171875,0.4517910247565933,0,1,-0.9225654325715362,-0.3858406699974669,8.525333878964574,3.294942245957513,1.6407844033746832,"POLYGON ((627851.9 2417441, 627851.2 2417415, 627849.2 2417388, 627845.7 2417363, 627841 2417337, 627834.9 2417311, 627827.4 2417286, 627818.7 2417262, 627808.7 2417237, 627797.4 2417214, 627784.9 2417191, 627771.2 2417168, 627756.4 2417147, 627740.5 2417126, 627723.5 2417106, 627705.5 2417087, 627686.5 2417069, 627666.6 2417052, 627645.8 2417036, 627624.2 2417021, 627601.9 2417008, 627578.9 2416995, 627555.3 2416984, 627531.1 2416974, 627506.4 2416965, 627481.3 2416958, 627455.9 2416952, 627430.1 2416947, 627404.2 2416943, 627378.1 2416941, 627351.9 2416941, 627325.7 2416941, 627299.6 2416943, 627273.7 2416947, 627247.9 2416952, 627222.5 2416958, 627197.4 2416965, 627172.7 2416974, 627148.5 2416984, 627124.9 2416995, 627101.9 2417008, 627079.6 2417021, 627058 2417036, 627037.2 2417052, 627017.3 2417069, 626998.3 2417087, 626980.3 2417106, 626963.3 2417126, 626947.4 2417147, 626932.6 2417168, 626918.9 2417191, 626906.4 2417214, 626895.1 2417237, 626885.1 2417262, 626876.4 2417286, 626868.9 2417311, 626862.8 2417337, 626858.1 2417363, 626854.6 2417388, 626852.6 2417415, 626851.9 2417441, 626852.6 2417467, 626854.6 2417493, 626858.1 2417519, 626862.8 2417545, 626868.9 2417570, 626876.4 2417595, 626885.1 2417620, 626895.1 2417644, 626906.4 2417668, 626918.9 2417691, 626932.6 2417713, 626947.4 2417735, 626963.3 2417755, 626980.3 2417775, 626998.3 2417794, 627017.3 2417812, 627037.2 2417829, 627058 2417845, 627079.6 2417860, 627101.9 2417874, 627124.9 2417886, 627148.5 2417898, 627172.7 2417908, 627197.4 2417916, 627222.5 2417924, 627247.9 2417930, 627273.7 2417935, 627299.6 2417938, 627325.7 2417940, 627351.9 2417941, 627378.1 2417940, 627404.2 2417938, 627430.1 2417935, 627455.9 2417930, 627481.3 2417924, 627506.4 2417916, 627531.1 2417908, 627555.3 2417898, 627578.9 2417886, 627601.9 2417874, 627624.2 2417860, 627645.8 2417845, 627666.6 2417829, 627686.5 2417812, 627705.5 2417794, 627723.5 2417775, 627740.5 2417755, 627756.4 2417735, 627771.2 2417713, 627784.9 2417691, 627797.4 2417668, 627808.7 2417644, 627818.7 2417620, 627827.4 2417595, 627834.9 2417570, 627841 2417545, 627845.7 2417519, 627849.2 2417493, 627851.2 2417467, 627851.9 2417441))"
22,20260531,Forest,28221.39534883721,36.32440798387466,1.8620967741935484,0,Hani,NA,NA,0,1,0,1816,190.06150385042324,264.9573667915702,1129.128173828125,18.71302032470703,341.0975636888481,785039.3371582031,0,0.04940971323048367,1,116,0,0,339091.7266845703,0.43194233796240417,0,1,0.9460715844687696,-0.3239576470169392,10.247835669571991,3.59248991156372,0.6217031507554128,"POLYGON ((672351.7 2423696, 672351 2423670, 672349 2423644, 672345.6 2423618, 672340.8 2423592, 672334.7 2423567, 672327.2 2423541, 672318.5 2423517, 672308.5 2423493, 672297.2 2423469, 672284.7 2423446, 672271 2423424, 672256.2 2423402, 672240.3 2423381, 672223.3 2423361, 672205.3 2423342, 672186.3 2423324, 672166.4 2423307, 672145.6 2423291, 672124 2423277, 672101.7 2423263, 672078.7 2423250, 672055.1 2423239, 672030.9 2423229, 672006.2 2423220, 671981.1 2423213, 671955.7 2423207, 671929.9 2423202, 671904 2423199, 671877.9 2423197, 671851.7 2423196, 671825.5 2423197, 671799.4 2423199, 671773.5 2423202, 671747.8 2423207, 671722.3 2423213, 671697.2 2423220, 671672.5 2423229, 671648.3 2423239, 671624.7 2423250, 671601.7 2423263, 671579.4 2423277, 671557.8 2423291, 671537 2423307, 671517.1 2423324, 671498.2 2423342, 671480.1 2423361, 671463.1 2423381, 671447.2 2423402, 671432.4 2423424, 671418.7 2423446, 671406.2 2423469, 671394.9 2423493, 671384.9 2423517, 671376.2 2423541, 671368.7 2423567, 671362.6 2423592, 671357.9 2423618, 671354.4 2423644, 671352.4 2423670, 671351.7 2423696, 671352.4 2423722, 671354.4 2423748, 671357.9 2423774, 671362.6 2423800, 671368.7 2423825, 671376.2 2423850, 671384.9 2423875, 671394.9 2423899, 671406.2 2423923, 671418.7 2423946, 671432.4 2423968, 671447.2 2423990, 671463.1 2424011, 671480.1 2424030, 671498.2 2424049, 671517.1 2424067, 671537 2424084, 671557.8 2424100, 671579.4 2424115, 671601.7 2424129, 671624.7 2424141, 671648.3 2424153, 671672.5 2424163, 671697.2 2424171, 671722.3 2424179, 671747.8 2424185, 671773.5 2424190, 671799.4 2424193, 671825.5 2424195, 671851.7 2424196, 671877.9 2424195, 671904 2424193, 671929.9 2424190, 671955.7 2424185, 671981.1 2424179, 672006.2 2424171, 672030.9 2424163, 672055.1 2424153, 672078.7 2424141, 672101.7 2424129, 672124 2424115, 672145.6 2424100, 672166.4 2424084, 672186.3 2424067, 672205.3 2424049, 672223.3 2424030, 672240.3 2424011, 672256.2 2423990, 672271 2423968, 672284.7 2423946, 672297.2 2423923, 672308.5 2423899, 672318.5 2423875, 672327.2 2423850, 672334.7 2423825, 672340.8 2423800, 672345.6 2423774, 672349 2423748, 672351 2423722, 672351.7 2423696))"
22,20260531,Forest,2427.4055798064146,44.86582602524312,1.2636412749864938,0,Hani,NA,NA,0,1,0,1957,712.4477129451647,1661.8990098297975,650.995849609375,11.729809761047363,207.45486238268995,260.0794315338135,156741.98455810547,0.15597103255606698,1,92,4.252452123910189,0.016350589890294028,0,0,0,1,-0.8873743234636438,-0.4610496828514694,7.794578303345739,3.8036763919311,0.23399745401068153,"POLYGON ((693165.1 2399806, 693164.4 2399780, 693162.4 2399754, 693159 2399728, 693154.2 2399703, 693148.1 2399677, 693140.6 2399652, 693131.9 2399627, 693121.9 2399603, 693110.6 2399579, 693098.1 2399556, 693084.5 2399534, 693069.6 2399513, 693053.7 2399492, 693036.7 2399472, 693018.7 2399453, 692999.7 2399435, 692979.8 2399418, 692959 2399402, 692937.4 2399387, 692915.1 2399373, 692892.1 2399361, 692868.5 2399350, 692844.3 2399340, 692819.6 2399331, 692794.5 2399323, 692769.1 2399317, 692743.3 2399313, 692717.4 2399309, 692691.3 2399307, 692665.1 2399306, 692638.9 2399307, 692612.9 2399309, 692586.9 2399313, 692561.2 2399317, 692535.7 2399323, 692510.6 2399331, 692485.9 2399340, 692461.7 2399350, 692438.1 2399361, 692415.1 2399373, 692392.8 2399387, 692371.2 2399402, 692350.5 2399418, 692330.5 2399435, 692311.6 2399453, 692293.5 2399472, 692276.5 2399492, 692260.6 2399513, 692245.8 2399534, 692232.1 2399556, 692219.6 2399579, 692208.3 2399603, 692198.3 2399627, 692189.6 2399652, 692182.2 2399677, 692176 2399703, 692171.3 2399728, 692167.9 2399754, 692165.8 2399780, 692165.1 2399806, 692165.8 2399833, 692167.9 2399859, 692171.3 2399885, 692176 2399910, 692182.2 2399936, 692189.6 2399961, 692198.3 2399986, 692208.3 2400010, 692219.6 2400033, 692232.1 2400056, 692245.8 2400079, 692260.6 2400100, 692276.5 2400121, 692293.5 2400141, 692311.6 2400160, 692330.5 2400178, 692350.5 2400195, 692371.2 2400211, 692392.8 2400226, 692415.1 2400239, 692438.1 2400252, 692461.7 2400263, 692485.9 2400273, 692510.6 2400282, 692535.7 2400289, 692561.2 2400296, 692586.9 2400300, 692612.9 2400304, 692638.9 2400306, 692665.1 2400306, 692691.3 2400306, 692717.4 2400304, 692743.3 2400300, 692769.1 2400296, 692794.5 2400289, 692819.6 2400282, 692844.3 2400273, 692868.5 2400263, 692892.1 2400252, 692915.1 2400239, 692937.4 2400226, 692959 2400211, 692979.8 2400195, 692999.7 2400178, 693018.7 2400160, 693036.7 2400141, 693053.7 2400121, 693069.6 2400100, 693084.5 2400079, 693098.1 2400056, 693110.6 2400033, 693121.9 2400010, 693131.9 2399986, 693140.6 2399961, 693148.1 2399936, 693154.2 2399910, 693159 2399885, 693162.4 2399859, 693164.4 2399833, 693165.1 2399806))"
22,20260531,Forest,5307.45872081989,36.630721511716736,0.5234012147195427,0,Hani,NA,NA,0,1,0,2019,145.69687019118135,1702.281317121618,689.9013671875,10.514445304870605,154.64857396409465,332264.43786621094,137527.6382446289,0.29106744653686173,1,4,8356.1616897583,0.025149130443875487,116.7473316192627,3.513687241674416e-4,0,1,-0.9036986089375025,0.4281691537283167,8.576868416028539,3.6008872738862983,-0.6474069680642858,"POLYGON ((686124.3 2402488, 686123.7 2402462, 686121.6 2402436, 686118.2 2402410, 686113.4 2402384, 686107.3 2402359, 686099.9 2402334, 686091.1 2402309, 686081.1 2402285, 686069.8 2402261, 686057.3 2402238, 686043.7 2402216, 686028.8 2402194, 686012.9 2402174, 685995.9 2402154, 685977.9 2402135, 685958.9 2402117, 685939 2402100, 685918.2 2402084, 685896.7 2402069, 685874.3 2402055, 685851.3 2402043, 685827.7 2402032, 685803.5 2402022, 685778.8 2402013, 685753.7 2402005, 685728.3 2401999, 685702.6 2401994, 685676.6 2401991, 685650.5 2401989, 685624.3 2401988, 685598.2 2401989, 685572.1 2401991, 685546.1 2401994, 685520.4 2401999, 685494.9 2402005, 685469.8 2402013, 685445.2 2402022, 685421 2402032, 685397.3 2402043, 685374.3 2402055, 685352 2402069, 685330.4 2402084, 685309.7 2402100, 685289.8 2402117, 685270.8 2402135, 685252.8 2402154, 685235.8 2402174, 685219.8 2402194, 685205 2402216, 685191.3 2402238, 685178.8 2402261, 685167.6 2402285, 685157.5 2402309, 685148.8 2402334, 685141.4 2402359, 685135.3 2402384, 685130.5 2402410, 685127.1 2402436, 685125 2402462, 685124.3 2402488, 685125 2402514, 685127.1 2402541, 685130.5 2402567, 685135.3 2402592, 685141.4 2402618, 685148.8 2402643, 685157.5 2402667, 685167.6 2402692, 685178.8 2402715, 685191.3 2402738, 685205 2402761, 685219.8 2402782, 685235.8 2402803, 685252.8 2402823, 685270.8 2402842, 685289.8 2402860, 685309.7 2402877, 685330.4 2402893, 685352 2402908, 685374.3 2402921, 685397.3 2402934, 685421 2402945, 685445.2 2402955, 685469.8 2402964, 685494.9 2402971, 685520.4 2402977, 685546.1 2402982, 685572.1 2402986, 685598.2 2402988, 685624.3 2402988, 685650.5 2402988, 685676.6 2402986, 685702.6 2402982, 685728.3 2402977, 685753.7 2402971, 685778.8 2402964, 685803.5 2402955, 685827.7 2402945, 685851.3 2402934, 685874.3 2402921, 685896.7 2402908, 685918.2 2402893, 685939 2402877, 685958.9 2402860, 685977.9 2402842, 685995.9 2402823, 686012.9 2402803, 686028.8 2402782, 686043.7 2402761, 686057.3 2402738, 686069.8 2402715, 686081.1 2402692, 686091.1 2402667, 686099.9 2402643, 686107.3 2402618, 686113.4 2402592, 686118.2 2402567, 686121.6 2402541, 686123.7 2402514, 686124.3 2402488))"
22,20260531,Forest,8196.42857142857,29.790644225739026,0.5217557251908397,0,Hani,NA,NA,0,1,0,2020,1058.149176550691,1077.3120508700517,816.68988037109375,14.268603324890137,187.62197488893796,491162.7502441406,224125.62561035156,0.11740108878241624,1,104,146362.11547851562,0.29799107404982134,0,0,0,1,-0.9911647425054816,-0.13263654554474213,9.011453798307533,3.3941943920616544,-0.650555760031193,"POLYGON ((706456 2406766, 706455.3 2406740, 706453.3 2406714, 706449.8 2406688, 706445.1 2406662, 706439 2406636, 706431.5 2406611, 706422.8 2406587, 706412.8 2406562, 706401.5 2406539, 706389 2406516, 706375.3 2406493, 706360.5 2406472, 706344.6 2406451, 706327.6 2406431, 706309.5 2406412, 706290.6 2406394, 706270.7 2406377, 706249.9 2406361, 706228.3 2406346, 706206 2406333, 706183 2406320, 706159.4 2406309, 706135.2 2406299, 706110.5 2406290, 706085.4 2406283, 706059.9 2406277, 706034.2 2406272, 706008.3 2406269, 705982.2 2406266, 705956 2406266, 705929.8 2406266, 705903.7 2406269, 705877.8 2406272, 705852 2406277, 705826.6 2406283, 705801.5 2406290, 705776.8 2406299, 705752.6 2406309, 705729 2406320, 705706 2406333, 705683.7 2406346, 705662.1 2406361, 705641.3 2406377, 705621.4 2406394, 705602.4 2406412, 705584.4 2406431, 705567.4 2406451, 705551.5 2406472, 705536.7 2406493, 705523 2406516, 705510.5 2406539, 705499.2 2406562, 705489.2 2406587, 705480.5 2406611, 705473 2406636, 705466.9 2406662, 705462.1 2406688, 705458.7 2406714, 705456.7 2406740, 705456 2406766, 705456.7 2406792, 705458.7 2406818, 705462.1 2406844, 705466.9 2406870, 705473 2406895, 705480.5 2406920, 705489.2 2406945, 705499.2 2406969, 705510.5 2406993, 705523 2407016, 705536.7 2407038, 705551.5 2407060, 705567.4 2407080, 705584.4 2407100, 705602.4 2407119, 705621.4 2407137, 705641.3 2407154, 705662.1 2407170, 705683.7 2407185, 705706 2407199, 705729 2407211, 705752.6 2407223, 705776.8 2407233, 705801.5 2407241, 705826.6 2407249, 705852 2407255, 705877.8 2407260, 705903.7 2407263, 705929.8 2407265, 705956 2407266, 705982.2 2407265, 706008.3 2407263, 706034.2 2407260, 706059.9 2407255, 706085.4 2407249, 706110.5 2407241, 706135.2 2407233, 706159.4 2407223, 706183 2407211, 706206 2407199, 706228.3 2407185, 706249.9 2407170, 706270.7 2407154, 706290.6 2407137, 706309.5 2407119, 706327.6 2407100, 706344.6 2407080, 706360.5 2407060, 706375.3 2407038, 706389 2407016, 706401.5 2406993, 706412.8 2406969, 706422.8 2406945, 706431.5 2406920, 706439 2406895, 706445.1 2406870, 706449.8 2406844, 706453.3 2406818, 706455.3 2406792, 706456 2406766))"
22,20260531,Forest,7221.484152590624,50.11014177252991,0.7464285714285714,0,Hani,NA,NA,0,1,0,2059,418.03596769745826,1804.077475379028,798.15826416015625,13.299717903137207,231.92272384028686,255569.10095214844,900,0.09175569424955399,1,15,227023.64044189453,0.8883062920990648,0,0,0,1,-0.6167237236013549,-0.787179680090435,8.884815772062684,3.9142234181939313,-0.2924553512044386,"POLYGON ((678871.9 2385856, 678871.3 2385830, 678869.2 2385804, 678865.8 2385778, 678861 2385752, 678854.9 2385727, 678847.5 2385701, 678838.7 2385677, 678828.7 2385653, 678817.4 2385629, 678805 2385606, 678791.3 2385584, 678776.5 2385562, 678760.5 2385541, 678743.5 2385521, 678725.5 2385502, 678706.5 2385484, 678686.6 2385467, 678665.8 2385451, 678644.3 2385437, 678621.9 2385423, 678598.9 2385410, 678575.3 2385399, 678551.1 2385389, 678526.5 2385380, 678501.4 2385373, 678475.9 2385367, 678450.2 2385362, 678424.2 2385359, 678398.1 2385357, 678371.9 2385356, 678345.8 2385357, 678319.7 2385359, 678293.7 2385362, 678268 2385367, 678242.5 2385373, 678217.4 2385380, 678192.8 2385389, 678168.6 2385399, 678145 2385410, 678121.9 2385423, 678099.6 2385437, 678078.1 2385451, 678057.3 2385467, 678037.4 2385484, 678018.4 2385502, 678000.4 2385521, 677983.4 2385541, 677967.4 2385562, 677952.6 2385584, 677938.9 2385606, 677926.4 2385629, 677915.2 2385653, 677905.2 2385677, 677896.4 2385701, 677889 2385727, 677882.9 2385752, 677878.1 2385778, 677874.7 2385804, 677872.6 2385830, 677871.9 2385856, 677872.6 2385882, 677874.7 2385908, 677878.1 2385934, 677882.9 2385960, 677889 2385985, 677896.4 2386010, 677905.2 2386035, 677915.2 2386059, 677926.4 2386083, 677938.9 2386106, 677952.6 2386128, 677967.4 2386150, 677983.4 2386171, 678000.4 2386190, 678018.4 2386209, 678037.4 2386227, 678057.3 2386244, 678078.1 2386260, 678099.6 2386275, 678121.9 2386289, 678145 2386301, 678168.6 2386313, 678192.8 2386323, 678217.4 2386331, 678242.5 2386339, 678268 2386345, 678293.7 2386350, 678319.7 2386353, 678345.8 2386355, 678371.9 2386356, 678398.1 2386355, 678424.2 2386353, 678450.2 2386350, 678475.9 2386345, 678501.4 2386339, 678526.5 2386331, 678551.1 2386323, 678575.3 2386313, 678598.9 2386301, 678621.9 2386289, 678644.3 2386275, 678665.8 2386260, 678686.6 2386244, 678706.5 2386227, 678725.5 2386209, 678743.5 2386190, 678760.5 2386171, 678776.5 2386150, 678791.3 2386128, 678805 2386106, 678817.4 2386083, 678828.7 2386059, 678838.7 2386035, 678847.5 2386010, 678854.9 2385985, 678861 2385960, 678865.8 2385934, 678869.2 2385908, 678871.3 2385882, 678871.9 2385856))"
22,20260531,Forest,3378.2501423420003,27.32013936280332,2.0710014947683106,0,Hani,NA,NA,0,1,0,2084,321.61456301748706,1851.6331962984764,959.5565185546875,11.688675880432129,189.81184936210255,785039.3371582031,0,0.15160857023282273,1,12,523716.4489746094,0.6671212819352882,0,0,0,1,-0.9853726763188255,-0.1704132881094519,8.125113145053028,3.3076241358170795,0.7280323041748045,"POLYGON ((665181.9 2405700, 665181.3 2405674, 665179.2 2405648, 665175.8 2405622, 665171 2405596, 665164.9 2405571, 665157.5 2405546, 665148.7 2405521, 665138.7 2405497, 665127.4 2405473, 665115 2405450, 665101.3 2405428, 665086.5 2405406, 665070.5 2405385, 665053.5 2405365, 665035.5 2405346, 665016.5 2405328, 664996.6 2405311, 664975.8 2405296, 664954.3 2405281, 664931.9 2405267, 664908.9 2405255, 664885.3 2405243, 664861.1 2405233, 664836.5 2405224, 664811.4 2405217, 664785.9 2405211, 664760.2 2405206, 664734.2 2405203, 664708.1 2405201, 664681.9 2405200, 664655.8 2405201, 664629.7 2405203, 664603.7 2405206, 664578 2405211, 664552.5 2405217, 664527.4 2405224, 664502.8 2405233, 664478.6 2405243, 664454.9 2405255, 664431.9 2405267, 664409.6 2405281, 664388.1 2405296, 664367.3 2405311, 664347.4 2405328, 664328.4 2405346, 664310.4 2405365, 664293.4 2405385, 664277.4 2405406, 664262.6 2405428, 664248.9 2405450, 664236.4 2405473, 664225.2 2405497, 664215.2 2405521, 664206.4 2405546, 664199 2405571, 664192.9 2405596, 664188.1 2405622, 664184.7 2405648, 664182.6 2405674, 664181.9 2405700, 664182.6 2405726, 664184.7 2405752, 664188.1 2405778, 664192.9 2405804, 664199 2405829, 664206.4 2405855, 664215.2 2405879, 664225.2 2405903, 664236.4 2405927, 664248.9 2405950, 664262.6 2405972, 664277.4 2405994, 664293.4 2406015, 664310.4 2406035, 664328.4 2406054, 664347.4 2406072, 664367.3 2406089, 664388.1 2406105, 664409.6 2406119, 664431.9 2406133, 664454.9 2406146, 664478.6 2406157, 664502.8 2406167, 664527.4 2406176, 664552.5 2406183, 664578 2406189, 664603.7 2406194, 664629.7 2406197, 664655.8 2406199, 664681.9 2406200, 664708.1 2406199, 664734.2 2406197, 664760.2 2406194, 664785.9 2406189, 664811.4 2406183, 664836.5 2406176, 664861.1 2406167, 664885.3 2406157, 664908.9 2406146, 664931.9 2406133, 664954.3 2406119, 664975.8 2406105, 664996.6 2406089, 665016.5 2406072, 665035.5 2406054, 665053.5 2406035, 665070.5 2406015, 665086.5 2405994, 665101.3 2405972, 665115 2405950, 665127.4 2405927, 665138.7 2405903, 665148.7 2405879, 665157.5 2405855, 665164.9 2405829, 665171 2405804, 665175.8 2405778, 665179.2 2405752, 665181.3 2405726, 665181.9 2405700))"
22,20260531,Forest,9611.842105263157,35.375788827246616,0.27491408934707906,0,Hani,NA,NA,0,1,0,2149,421.63624770693707,2256.529620676992,733.6248779296875,8.956378936767578,114.69315967020968,13249.843883514404,771789.4958496094,0.28540447094597277,1,79,13249.843883514404,1,0,0,0,1,-0.41775860741466325,0.9085580586462052,9.17075116988656,3.5660276547182206,-1.2912966324976107,"POLYGON ((701024 2402276, 701023.3 2402250, 701021.3 2402224, 701017.8 2402198, 701013.1 2402172, 701007 2402147, 700999.5 2402122, 700990.8 2402097, 700980.8 2402073, 700969.5 2402049, 700957 2402026, 700943.3 2402004, 700928.5 2401982, 700912.6 2401961, 700895.6 2401942, 700877.5 2401923, 700858.6 2401905, 700838.7 2401888, 700817.9 2401872, 700796.3 2401857, 700774 2401843, 700751 2401831, 700727.4 2401819, 700703.2 2401809, 700678.5 2401801, 700653.4 2401793, 700628 2401787, 700602.2 2401782, 700576.3 2401779, 700550.2 2401777, 700524 2401776, 700497.8 2401777, 700471.7 2401779, 700445.8 2401782, 700420 2401787, 700394.6 2401793, 700369.5 2401801, 700344.8 2401809, 700320.6 2401819, 700297 2401831, 700274 2401843, 700251.7 2401857, 700230.1 2401872, 700209.3 2401888, 700189.4 2401905, 700170.4 2401923, 700152.4 2401942, 700135.4 2401961, 700119.5 2401982, 700104.7 2402004, 700091 2402026, 700078.5 2402049, 700067.2 2402073, 700057.2 2402097, 700048.5 2402122, 700041 2402147, 700034.9 2402172, 700030.2 2402198, 700026.7 2402224, 700024.7 2402250, 700024 2402276, 700024.7 2402302, 700026.7 2402328, 700030.2 2402354, 700034.9 2402380, 700041 2402405, 700048.5 2402431, 700057.2 2402455, 700067.2 2402479, 700078.5 2402503, 700091 2402526, 700104.7 2402548, 700119.5 2402570, 700135.4 2402591, 700152.4 2402611, 700170.4 2402630, 700189.4 2402648, 700209.3 2402665, 700230.1 2402681, 700251.7 2402695, 700274 2402709, 700297 2402722, 700320.6 2402733, 700344.8 2402743, 700369.5 2402752, 700394.6 2402759, 700420 2402765, 700445.8 2402770, 700471.7 2402773, 700497.8 2402775, 700524 2402776, 700550.2 2402775, 700576.3 2402773, 700602.2 2402770, 700628 2402765, 700653.4 2402759, 700678.5 2402752, 700703.2 2402743, 700727.4 2402733, 700751 2402722, 700774 2402709, 700796.3 2402695, 700817.9 2402681, 700838.7 2402665, 700858.6 2402648, 700877.5 2402630, 700895.6 2402611, 700912.6 2402591, 700928.5 2402570, 700943.3 2402548, 700957 2402526, 700969.5 2402503, 700980.8 2402479, 700990.8 2402455, 700999.5 2402431, 701007 2402405, 701013.1 2402380, 701017.8 2402354, 701021.3 2402328, 701023.3 2402302, 701024 2402276))"
22,20260531,Forest,4515,22.149829986848378,1.7557289127254998,0,Hani,NA,NA,0,1,0,2338,471.6764472212832,1091.5795632791082,599.6060791015625,8.108527183532715,188.21445102600214,785039.3371582031,0,0.4195003805225605,1,114,69446.502685546875,0.088462449457551,11160.649394989014,0.014216675352078429,0,1,-0.9897402258442785,-0.14287856853187172,8.415160465851086,3.0978298209243684,0.5628841055764946,"POLYGON ((736267.5 2422923, 736266.8 2422897, 736264.8 2422871, 736261.4 2422845, 736256.6 2422819, 736250.5 2422794, 736243 2422769, 736234.3 2422744, 736224.3 2422720, 736213 2422696, 736200.5 2422673, 736186.9 2422651, 736172 2422629, 736156.1 2422608, 736139.1 2422589, 736121.1 2422570, 736102.1 2422552, 736082.2 2422535, 736061.4 2422519, 736039.8 2422504, 736017.5 2422490, 735994.5 2422478, 735970.9 2422466, 735946.7 2422456, 735922 2422448, 735896.9 2422440, 735871.5 2422434, 735845.7 2422429, 735819.8 2422426, 735793.7 2422424, 735767.5 2422423, 735741.3 2422424, 735715.3 2422426, 735689.3 2422429, 735663.6 2422434, 735638.1 2422440, 735613 2422448, 735588.3 2422456, 735564.1 2422466, 735540.5 2422478, 735517.5 2422490, 735495.2 2422504, 735473.6 2422519, 735452.9 2422535, 735433 2422552, 735414 2422570, 735395.9 2422589, 735378.9 2422608, 735363 2422629, 735348.2 2422651, 735334.5 2422673, 735322 2422696, 735310.7 2422720, 735300.7 2422744, 735292 2422769, 735284.6 2422794, 735278.4 2422819, 735273.7 2422845, 735270.3 2422871, 735268.2 2422897, 735267.5 2422923, 735268.2 2422949, 735270.3 2422975, 735273.7 2423001, 735278.4 2423027, 735284.6 2423053, 735292 2423078, 735300.7 2423102, 735310.7 2423126, 735322 2423150, 735334.5 2423173, 735348.2 2423195, 735363 2423217, 735378.9 2423238, 735395.9 2423258, 735414 2423277, 735433 2423295, 735452.9 2423312, 735473.6 2423328, 735495.2 2423342, 735517.5 2423356, 735540.5 2423369, 735564.1 2423380, 735588.3 2423390, 735613 2423399, 735638.1 2423406, 735663.6 2423412, 735689.3 2423417, 735715.3 2423420, 735741.3 2423422, 735767.5 2423423, 735793.7 2423422, 735819.8 2423420, 735845.7 2423417, 735871.5 2423412, 735896.9 2423406, 735922 2423399, 735946.7 2423390, 735970.9 2423380, 735994.5 2423369, 736017.5 2423356, 736039.8 2423342, 736061.4 2423328, 736082.2 2423312, 736102.1 2423295, 736121.1 2423277, 736139.1 2423258, 736156.1 2423238, 736172 2423217, 736186.9 2423195, 736200.5 2423173, 736213 2423150, 736224.3 2423126, 736234.3 2423102, 736243 2423078, 736250.5 2423053, 736256.6 2423027, 736261.4 2423001, 736264.8 2422975, 736266.8 2422949, 736267.5 2422923))"
22,20260531,Forest,5307.45872081989,36.630721511716736,0.5234012147195427,0,Hani,NA,NA,0,1,0,2431,308.8188880637081,1130.6449806613218,899.1055908203125,17.071796417236328,122.66137201693107,524798.7121582031,222761.37084960938,0.10762362547015214,1,102,217207.0541381836,0.4138864084573162,0,0,0,1,-0.539672863386835,0.8418748128575023,8.576868416028539,3.6008872738862983,-0.6474069680642858,"POLYGON ((693010.8 2403053, 693010.1 2403027, 693008.1 2403001, 693004.7 2402975, 692999.9 2402949, 692993.8 2402923, 692986.4 2402898, 692977.6 2402874, 692967.6 2402849, 692956.3 2402826, 692943.8 2402803, 692930.2 2402780, 692915.3 2402759, 692899.4 2402738, 692882.4 2402718, 692864.4 2402699, 692845.4 2402681, 692825.5 2402664, 692804.7 2402648, 692783.1 2402633, 692760.8 2402620, 692737.8 2402607, 692714.2 2402596, 692690 2402586, 692665.3 2402577, 692640.2 2402570, 692614.8 2402564, 692589 2402559, 692563.1 2402556, 692537 2402553, 692510.8 2402553, 692484.7 2402553, 692458.6 2402556, 692432.6 2402559, 692406.9 2402564, 692381.4 2402570, 692356.3 2402577, 692331.6 2402586, 692307.5 2402596, 692283.8 2402607, 692260.8 2402620, 692238.5 2402633, 692216.9 2402648, 692196.2 2402664, 692176.3 2402681, 692157.3 2402699, 692139.3 2402718, 692122.3 2402738, 692106.3 2402759, 692091.5 2402780, 692077.8 2402803, 692065.3 2402826, 692054.1 2402849, 692044 2402874, 692035.3 2402898, 692027.9 2402923, 692021.8 2402949, 692017 2402975, 692013.6 2403001, 692011.5 2403027, 692010.8 2403053, 692011.5 2403079, 692013.6 2403105, 692017 2403131, 692021.8 2403157, 692027.9 2403182, 692035.3 2403207, 692044 2403232, 692054.1 2403256, 692065.3 2403280, 692077.8 2403303, 692091.5 2403325, 692106.3 2403347, 692122.3 2403367, 692139.3 2403387, 692157.3 2403406, 692176.3 2403424, 692196.2 2403441, 692216.9 2403457, 692238.5 2403472, 692260.8 2403486, 692283.8 2403498, 692307.5 2403510, 692331.6 2403520, 692356.3 2403528, 692381.4 2403536, 692406.9 2403542, 692432.6 2403547, 692458.6 2403550, 692484.7 2403552, 692510.8 2403553, 692537 2403552, 692563.1 2403550, 692589 2403547, 692614.8 2403542, 692640.2 2403536, 692665.3 2403528, 692690 2403520, 692714.2 2403510, 692737.8 2403498, 692760.8 2403486, 692783.1 2403472, 692804.7 2403457, 692825.5 2403441, 692845.4 2403424, 692864.4 2403406, 692882.4 2403387, 692899.4 2403367, 692915.3 2403347, 692930.2 2403325, 692943.8 2403303, 692956.3 2403280, 692967.6 2403256, 692977.6 2403232, 692986.4 2403207, 692993.8 2403182, 692999.9 2403157, 693004.7 2403131, 693008.1 2403105, 693010.1 2403079, 693010.8 2403053))"
22,20260531,Forest,2591.573353577529,41.89499305379046,0.6281028368794326,0,Hani,NA,NA,0,1,0,2432,729.1776894319439,822.1901646842608,832.26361083984375,14.777639389038086,340.7221639518156,173383.73107910156,131653.89404296875,0.0825262674175889,1,75,150883.73107910156,0.8702300391163287,22500,0.12976996088367135,0,1,0.9439287351475426,-0.33014927375773573,7.860020442680657,3.7351663222647935,-0.46505137292726917,"POLYGON ((672369.9 2400557, 672369.2 2400531, 672367.2 2400505, 672363.8 2400479, 672359 2400453, 672352.9 2400428, 672345.5 2400403, 672336.7 2400378, 672326.7 2400354, 672315.4 2400330, 672302.9 2400307, 672289.3 2400285, 672274.4 2400263, 672258.5 2400242, 672241.5 2400223, 672223.5 2400204, 672204.5 2400186, 672184.6 2400169, 672163.8 2400153, 672142.3 2400138, 672119.9 2400124, 672096.9 2400112, 672073.3 2400100, 672049.1 2400090, 672024.4 2400082, 671999.3 2400074, 671973.9 2400068, 671948.2 2400063, 671922.2 2400060, 671896.1 2400058, 671869.9 2400057, 671843.8 2400058, 671817.7 2400060, 671791.7 2400063, 671766 2400068, 671740.5 2400074, 671715.4 2400082, 671690.8 2400090, 671666.6 2400100, 671642.9 2400112, 671619.9 2400124, 671597.6 2400138, 671576 2400153, 671555.3 2400169, 671535.4 2400186, 671516.4 2400204, 671498.4 2400223, 671481.4 2400242, 671465.4 2400263, 671450.6 2400285, 671436.9 2400307, 671424.4 2400330, 671413.2 2400354, 671403.1 2400378, 671394.4 2400403, 671387 2400428, 671380.9 2400453, 671376.1 2400479, 671372.7 2400505, 671370.6 2400531, 671369.9 2400557, 671370.6 2400583, 671372.7 2400609, 671376.1 2400635, 671380.9 2400661, 671387 2400686, 671394.4 2400712, 671403.1 2400736, 671413.2 2400760, 671424.4 2400784, 671436.9 2400807, 671450.6 2400829, 671465.4 2400851, 671481.4 2400872, 671498.4 2400892, 671516.4 2400911, 671535.4 2400929, 671555.3 2400946, 671576 2400962, 671597.6 2400976, 671619.9 2400990, 671642.9 2401003, 671666.6 2401014, 671690.8 2401024, 671715.4 2401033, 671740.5 2401040, 671766 2401046, 671791.7 2401051, 671817.7 2401054, 671843.8 2401056, 671869.9 2401057, 671896.1 2401056, 671922.2 2401054, 671948.2 2401051, 671973.9 2401046, 671999.3 2401040, 672024.4 2401033, 672049.1 2401024, 672073.3 2401014, 672096.9 2401003, 672119.9 2400990, 672142.3 2400976, 672163.8 2400962, 672184.6 2400946, 672204.5 2400929, 672223.5 2400911, 672241.5 2400892, 672258.5 2400872, 672274.4 2400851, 672289.3 2400829, 672302.9 2400807, 672315.4 2400784, 672326.7 2400760, 672336.7 2400736, 672345.5 2400712, 672352.9 2400686, 672359 2400661, 672363.8 2400635, 672367.2 2400609, 672369.2 2400583, 672369.9 2400557))"
22,20260531,Forest,8472.744360902256,27.219660257375487,0.31721384205856257,0,Hani,NA,NA,0,1,0,2517,661.3192091607772,640.4775517445777,579.23114013671875,10.667323112487793,176.64720941754422,8100,153296.35620117188,0.35439394215783543,1,38,2700,0.3333333333333333,0,0,0,1,-0.9982883551270735,0.058483844074086015,9.044609744717965,3.303939515785232,-1.1481791519057138,"POLYGON ((709038.3 2417111, 709037.6 2417085, 709035.5 2417059, 709032.1 2417033, 709027.4 2417007, 709021.2 2416982, 709013.8 2416957, 709005.1 2416932, 708995.1 2416908, 708983.8 2416884, 708971.3 2416861, 708957.6 2416839, 708942.8 2416817, 708926.9 2416797, 708909.9 2416777, 708891.8 2416758, 708872.9 2416740, 708852.9 2416723, 708832.2 2416707, 708810.6 2416692, 708788.3 2416678, 708765.3 2416666, 708741.7 2416655, 708717.5 2416645, 708692.8 2416636, 708667.7 2416628, 708642.2 2416622, 708616.5 2416618, 708590.6 2416614, 708564.5 2416612, 708538.3 2416611, 708512.1 2416612, 708486 2416614, 708460.1 2416618, 708434.3 2416622, 708408.9 2416628, 708383.8 2416636, 708359.1 2416645, 708334.9 2416655, 708311.3 2416666, 708288.3 2416678, 708266 2416692, 708244.4 2416707, 708223.6 2416723, 708203.7 2416740, 708184.7 2416758, 708166.7 2416777, 708149.7 2416797, 708133.8 2416817, 708119 2416839, 708105.3 2416861, 708092.8 2416884, 708081.5 2416908, 708071.5 2416932, 708062.8 2416957, 708055.3 2416982, 708049.2 2417007, 708044.4 2417033, 708041 2417059, 708039 2417085, 708038.3 2417111, 708039 2417138, 708041 2417164, 708044.4 2417190, 708049.2 2417215, 708055.3 2417241, 708062.8 2417266, 708071.5 2417291, 708081.5 2417315, 708092.8 2417338, 708105.3 2417361, 708119 2417384, 708133.8 2417405, 708149.7 2417426, 708166.7 2417446, 708184.7 2417465, 708203.7 2417483, 708223.6 2417500, 708244.4 2417516, 708266 2417531, 708288.3 2417544, 708311.3 2417557, 708334.9 2417568, 708359.1 2417578, 708383.8 2417587, 708408.9 2417594, 708434.3 2417600, 708460.1 2417605, 708486 2417609, 708512.1 2417611, 708538.3 2417611, 708564.5 2417611, 708590.6 2417609, 708616.5 2417605, 708642.2 2417600, 708667.7 2417594, 708692.8 2417587, 708717.5 2417578, 708741.7 2417568, 708765.3 2417557, 708788.3 2417544, 708810.6 2417531, 708832.2 2417516, 708852.9 2417500, 708872.9 2417483, 708891.8 2417465, 708909.9 2417446, 708926.9 2417426, 708942.8 2417405, 708957.6 2417384, 708971.3 2417361, 708983.8 2417338, 708995.1 2417315, 709005.1 2417291, 709013.8 2417266, 709021.2 2417241, 709027.4 2417215, 709032.1 2417190, 709035.5 2417164, 709037.6 2417138, 709038.3 2417111))"
22,20260531,Forest,9611.842105263157,35.375788827246616,0.27491408934707906,0,Hani,NA,NA,0,1,0,2564,536.2194145424822,1350.0143977359744,752.9925537109375,11.1815767288208,103.57295027146003,8100,366020.2606201172,0.2728992111254038,1,56,900,0.1111111111111111,0,0,0,1,-0.2346832174930226,0.9720719044531236,9.17075116988656,3.5660276547182206,-1.2912966324976107,"POLYGON ((700149.8 2405387, 700149.1 2405360, 700147 2405334, 700143.6 2405308, 700138.8 2405283, 700132.7 2405257, 700125.3 2405232, 700116.5 2405207, 700106.5 2405183, 700095.3 2405160, 700082.8 2405137, 700069.1 2405114, 700054.3 2405093, 700038.3 2405072, 700021.3 2405052, 700003.3 2405033, 699984.3 2405015, 699964.4 2404998, 699943.6 2404982, 699922.1 2404967, 699899.8 2404954, 699876.7 2404941, 699853.1 2404930, 699828.9 2404920, 699804.3 2404911, 699779.2 2404904, 699753.7 2404897, 699728 2404893, 699702 2404889, 699675.9 2404887, 699649.8 2404887, 699623.6 2404887, 699597.5 2404889, 699571.5 2404893, 699545.8 2404897, 699520.3 2404904, 699495.2 2404911, 699470.6 2404920, 699446.4 2404930, 699422.8 2404941, 699399.8 2404954, 699377.4 2404967, 699355.9 2404982, 699335.1 2404998, 699315.2 2405015, 699296.2 2405033, 699278.2 2405052, 699261.2 2405072, 699245.2 2405093, 699230.4 2405114, 699216.7 2405137, 699204.3 2405160, 699193 2405183, 699183 2405207, 699174.2 2405232, 699166.8 2405257, 699160.7 2405283, 699155.9 2405308, 699152.5 2405334, 699150.4 2405360, 699149.8 2405387, 699150.4 2405413, 699152.5 2405439, 699155.9 2405465, 699160.7 2405491, 699166.8 2405516, 699174.2 2405541, 699183 2405566, 699193 2405590, 699204.3 2405614, 699216.7 2405637, 699230.4 2405659, 699245.2 2405680, 699261.2 2405701, 699278.2 2405721, 699296.2 2405740, 699315.2 2405758, 699335.1 2405775, 699355.9 2405791, 699377.4 2405806, 699399.8 2405820, 699422.8 2405832, 699446.4 2405843, 699470.6 2405853, 699495.2 2405862, 699520.3 2405870, 699545.8 2405876, 699571.5 2405880, 699597.5 2405884, 699623.6 2405886, 699649.8 2405887, 699675.9 2405886, 699702 2405884, 699728 2405880, 699753.7 2405876, 699779.2 2405870, 699804.3 2405862, 699828.9 2405853, 699853.1 2405843, 699876.7 2405832, 699899.8 2405820, 699922.1 2405806, 699943.6 2405791, 699964.4 2405775, 699984.3 2405758, 700003.3 2405740, 700021.3 2405721, 700038.3 2405701, 700054.3 2405680, 700069.1 2405659, 700082.8 2405637, 700095.3 2405614, 700106.5 2405590, 700116.5 2405566, 700125.3 2405541, 700132.7 2405516, 700138.8 2405491, 700143.6 2405465, 700147 2405439, 700149.1 2405413, 700149.8 2405387))"
22,20260531,Forest,5040.869565217392,26.97585606017254,5.159214830970556,0,Hani,NA,NA,0,1,0,2620,556.6426230070069,780.6022775174681,1539.465087890625,11.68285083770752,168.1359082714756,751851.7272949219,900,0.17792435398277615,1,44,0,0,394379.40673828125,0.5245441254184706,0,1,-0.9786380247115972,0.20559089617145793,8.525333878964574,3.294942245957513,1.6407844033746832,"POLYGON ((626500.2 2417586, 626499.5 2417560, 626497.4 2417534, 626494 2417508, 626489.2 2417482, 626483.1 2417457, 626475.7 2417431, 626467 2417407, 626456.9 2417383, 626445.7 2417359, 626433.2 2417336, 626419.5 2417314, 626404.7 2417292, 626388.7 2417271, 626371.7 2417251, 626353.7 2417232, 626334.7 2417214, 626314.8 2417197, 626294.1 2417181, 626272.5 2417167, 626250.2 2417153, 626227.2 2417140, 626203.5 2417129, 626179.3 2417119, 626154.7 2417110, 626129.6 2417103, 626104.1 2417097, 626078.4 2417092, 626052.4 2417089, 626026.3 2417087, 626000.2 2417086, 625974 2417087, 625947.9 2417089, 625921.9 2417092, 625896.2 2417097, 625870.8 2417103, 625845.7 2417110, 625821 2417119, 625796.8 2417129, 625773.2 2417140, 625750.2 2417153, 625727.8 2417167, 625706.3 2417181, 625685.5 2417197, 625665.6 2417214, 625646.6 2417232, 625628.6 2417251, 625611.6 2417271, 625595.7 2417292, 625580.8 2417314, 625567.1 2417336, 625554.7 2417359, 625543.4 2417383, 625533.4 2417407, 625524.6 2417431, 625517.2 2417457, 625511.1 2417482, 625506.3 2417508, 625502.9 2417534, 625500.8 2417560, 625500.2 2417586, 625500.8 2417612, 625502.9 2417638, 625506.3 2417664, 625511.1 2417690, 625517.2 2417715, 625524.6 2417741, 625533.4 2417765, 625543.4 2417789, 625554.7 2417813, 625567.1 2417836, 625580.8 2417858, 625595.7 2417880, 625611.6 2417901, 625628.6 2417921, 625646.6 2417940, 625665.6 2417958, 625685.5 2417975, 625706.3 2417991, 625727.8 2418005, 625750.2 2418019, 625773.2 2418032, 625796.8 2418043, 625821 2418053, 625845.7 2418062, 625870.8 2418069, 625896.2 2418075, 625921.9 2418080, 625947.9 2418083, 625974 2418085, 626000.2 2418086, 626026.3 2418085, 626052.4 2418083, 626078.4 2418080, 626104.1 2418075, 626129.6 2418069, 626154.7 2418062, 626179.3 2418053, 626203.5 2418043, 626227.2 2418032, 626250.2 2418019, 626272.5 2418005, 626294.1 2417991, 626314.8 2417975, 626334.7 2417958, 626353.7 2417940, 626371.7 2417921, 626388.7 2417901, 626404.7 2417880, 626419.5 2417858, 626433.2 2417836, 626445.7 2417813, 626456.9 2417789, 626467 2417765, 626475.7 2417741, 626483.1 2417715, 626489.2 2417690, 626494 2417664, 626497.4 2417638, 626499.5 2417612, 626500.2 2417586))"
22,20260531,Forest,8472.744360902256,27.219660257375487,0.31721384205856257,0,Hani,NA,NA,0,1,0,2733,163.82961228055186,1225.4164219535407,914.29083251953125,12.993484497070312,282.0337135413946,177425.0244140625,318120.7763671875,0.10169495941328185,1,97,32976.356506347656,0.18586079734383842,53471.48551940918,0.30137510588484434,0,1,0.20848720887134967,-0.9780250936131619,9.044609744717965,3.303939515785232,-1.1481791519057138,"POLYGON ((705708.2 2413339, 705707.5 2413313, 705705.4 2413287, 705702 2413261, 705697.2 2413235, 705691.1 2413210, 705683.7 2413184, 705675 2413160, 705664.9 2413136, 705653.7 2413112, 705641.2 2413089, 705627.5 2413067, 705612.7 2413045, 705596.7 2413024, 705579.7 2413004, 705561.7 2412985, 705542.7 2412967, 705522.8 2412950, 705502.1 2412934, 705480.5 2412920, 705458.2 2412906, 705435.2 2412893, 705411.5 2412882, 705387.4 2412872, 705362.7 2412863, 705337.6 2412856, 705312.1 2412850, 705286.4 2412845, 705260.4 2412842, 705234.3 2412840, 705208.2 2412839, 705182 2412840, 705155.9 2412842, 705130 2412845, 705104.2 2412850, 705078.8 2412856, 705053.7 2412863, 705029 2412872, 705004.8 2412882, 704981.2 2412893, 704958.2 2412906, 704935.8 2412920, 704914.3 2412934, 704893.5 2412950, 704873.6 2412967, 704854.6 2412985, 704836.6 2413004, 704819.6 2413024, 704803.7 2413045, 704788.8 2413067, 704775.2 2413089, 704762.7 2413112, 704751.4 2413136, 704741.4 2413160, 704732.6 2413184, 704725.2 2413210, 704719.1 2413235, 704714.3 2413261, 704710.9 2413287, 704708.9 2413313, 704708.2 2413339, 704708.9 2413365, 704710.9 2413391, 704714.3 2413417, 704719.1 2413443, 704725.2 2413468, 704732.6 2413493, 704741.4 2413518, 704751.4 2413542, 704762.7 2413566, 704775.2 2413589, 704788.8 2413611, 704803.7 2413633, 704819.6 2413654, 704836.6 2413674, 704854.6 2413693, 704873.6 2413711, 704893.5 2413728, 704914.3 2413743, 704935.8 2413758, 704958.2 2413772, 704981.2 2413784, 705004.8 2413796, 705029 2413806, 705053.7 2413815, 705078.8 2413822, 705104.2 2413828, 705130 2413833, 705155.9 2413836, 705182 2413838, 705208.2 2413839, 705234.3 2413838, 705260.4 2413836, 705286.4 2413833, 705312.1 2413828, 705337.6 2413822, 705362.7 2413815, 705387.4 2413806, 705411.5 2413796, 705435.2 2413784, 705458.2 2413772, 705480.5 2413758, 705502.1 2413743, 705522.8 2413728, 705542.7 2413711, 705561.7 2413693, 705579.7 2413674, 705596.7 2413654, 705612.7 2413633, 705627.5 2413611, 705641.2 2413589, 705653.7 2413566, 705664.9 2413542, 705675 2413518, 705683.7 2413493, 705691.1 2413468, 705697.2 2413443, 705702 2413417, 705705.4 2413391, 705707.5 2413365, 705708.2 2413339))"
22,20260531,Forest,5307.45872081989,36.630721511716736,0.5234012147195427,0,Hani,NA,NA,0,1,0,2925,392.9895157470932,383.77026342826383,828.8087158203125,15.643332481384277,286.4007416663166,59318.900299072266,364705.6091308594,0.08924236277574636,1,50,39442.909240722656,0.6649298797155809,0,0,0,1,0.2823538746773602,-0.9593103196852839,8.576868416028539,3.6008872738862983,-0.6474069680642858,"POLYGON ((688704.1 2403796, 688703.4 2403770, 688701.3 2403744, 688697.9 2403718, 688693.2 2403692, 688687 2403666, 688679.6 2403641, 688670.9 2403617, 688660.9 2403592, 688649.6 2403569, 688637.1 2403546, 688623.4 2403523, 688608.6 2403502, 688592.7 2403481, 688575.7 2403461, 688557.6 2403442, 688538.6 2403424, 688518.7 2403407, 688498 2403391, 688476.4 2403376, 688454.1 2403363, 688431.1 2403350, 688407.5 2403339, 688383.3 2403329, 688358.6 2403320, 688333.5 2403313, 688308 2403307, 688282.3 2403302, 688256.3 2403299, 688230.3 2403296, 688204.1 2403296, 688177.9 2403296, 688151.8 2403299, 688125.9 2403302, 688100.1 2403307, 688074.7 2403313, 688049.6 2403320, 688024.9 2403329, 688000.7 2403339, 687977.1 2403350, 687954.1 2403363, 687931.8 2403376, 687910.2 2403391, 687889.4 2403407, 687869.5 2403424, 687850.5 2403442, 687832.5 2403461, 687815.5 2403481, 687799.6 2403502, 687784.7 2403523, 687771.1 2403546, 687758.6 2403569, 687747.3 2403592, 687737.3 2403617, 687728.6 2403641, 687721.1 2403666, 687715 2403692, 687710.2 2403718, 687706.8 2403744, 687704.8 2403770, 687704.1 2403796, 687704.8 2403822, 687706.8 2403848, 687710.2 2403874, 687715 2403900, 687721.1 2403925, 687728.6 2403950, 687737.3 2403975, 687747.3 2403999, 687758.6 2404023, 687771.1 2404046, 687784.7 2404068, 687799.6 2404090, 687815.5 2404110, 687832.5 2404130, 687850.5 2404149, 687869.5 2404167, 687889.4 2404184, 687910.2 2404200, 687931.8 2404215, 687954.1 2404229, 687977.1 2404241, 688000.7 2404253, 688024.9 2404263, 688049.6 2404271, 688074.7 2404279, 688100.1 2404285, 688125.9 2404290, 688151.8 2404293, 688177.9 2404295, 688204.1 2404296, 688230.3 2404295, 688256.3 2404293, 688282.3 2404290, 688308 2404285, 688333.5 2404279, 688358.6 2404271, 688383.3 2404263, 688407.5 2404253, 688431.1 2404241, 688454.1 2404229, 688476.4 2404215, 688498 2404200, 688518.7 2404184, 688538.6 2404167, 688557.6 2404149, 688575.7 2404130, 688592.7 2404110, 688608.6 2404090, 688623.4 2404068, 688637.1 2404046, 688649.6 2404023, 688660.9 2403999, 688670.9 2403975, 688679.6 2403950, 688687 2403925, 688693.2 2403900, 688697.9 2403874, 688701.3 2403848, 688703.4 2403822, 688704.1 2403796))"
22,20260531,Forest,8196.42857142857,29.790644225739026,0.5217557251908397,0,Hani,NA,NA,0,1,0,2967,478.15087496565565,2741.4011032380017,702.93389892578125,10.032225608825684,137.79671979236926,60884.29412841797,621099.755859375,0.19370847814825437,1,98,35684.29069519043,0.5861000970122877,0,0,0,1,-0.7407661387846546,0.6717629995988719,9.011453798307533,3.3941943920616544,-0.650555760031193,"POLYGON ((701778.5 2401836, 701777.8 2401810, 701775.7 2401784, 701772.3 2401758, 701767.5 2401732, 701761.4 2401706, 701754 2401681, 701745.3 2401657, 701735.2 2401632, 701724 2401609, 701711.5 2401586, 701697.8 2401563, 701683 2401542, 701667 2401521, 701650 2401501, 701632 2401482, 701613 2401464, 701593.1 2401447, 701572.4 2401431, 701550.8 2401416, 701528.5 2401403, 701505.5 2401390, 701481.8 2401379, 701457.7 2401369, 701433 2401360, 701407.9 2401353, 701382.4 2401347, 701356.7 2401342, 701330.7 2401339, 701304.6 2401336, 701278.5 2401336, 701252.3 2401336, 701226.2 2401339, 701200.3 2401342, 701174.5 2401347, 701149.1 2401353, 701124 2401360, 701099.3 2401369, 701075.1 2401379, 701051.5 2401390, 701028.5 2401403, 701006.2 2401416, 700984.6 2401431, 700963.8 2401447, 700943.9 2401464, 700924.9 2401482, 700906.9 2401501, 700889.9 2401521, 700874 2401542, 700859.1 2401563, 700845.5 2401586, 700833 2401609, 700821.7 2401632, 700811.7 2401657, 700802.9 2401681, 700795.5 2401706, 700789.4 2401732, 700784.6 2401758, 700781.2 2401784, 700779.2 2401810, 700778.5 2401836, 700779.2 2401862, 700781.2 2401888, 700784.6 2401914, 700789.4 2401940, 700795.5 2401965, 700802.9 2401990, 700811.7 2402015, 700821.7 2402039, 700833 2402063, 700845.5 2402086, 700859.1 2402108, 700874 2402130, 700889.9 2402150, 700906.9 2402170, 700924.9 2402189, 700943.9 2402207, 700963.8 2402224, 700984.6 2402240, 701006.2 2402255, 701028.5 2402269, 701051.5 2402281, 701075.1 2402293, 701099.3 2402303, 701124 2402311, 701149.1 2402319, 701174.5 2402325, 701200.3 2402330, 701226.2 2402333, 701252.3 2402335, 701278.5 2402336, 701304.6 2402335, 701330.7 2402333, 701356.7 2402330, 701382.4 2402325, 701407.9 2402319, 701433 2402311, 701457.7 2402303, 701481.8 2402293, 701505.5 2402281, 701528.5 2402269, 701550.8 2402255, 701572.4 2402240, 701593.1 2402224, 701613 2402207, 701632 2402189, 701650 2402170, 701667 2402150, 701683 2402130, 701697.8 2402108, 701711.5 2402086, 701724 2402063, 701735.2 2402039, 701745.3 2402015, 701754 2401990, 701761.4 2401965, 701767.5 2401940, 701772.3 2401914, 701775.7 2401888, 701777.8 2401862, 701778.5 2401836))"
22,20260531,Forest,7221.484152590624,50.11014177252991,0.7464285714285714,0,Hani,NA,NA,0,1,0,3088,979.6658750567165,1923.355021021982,737.41058349609375,12.89213752746582,266.2725601583937,21604.90779876709,17158.618927001953,0.0652694637199019,1,93,20704.90779876709,0.9583427983871627,0,0,0,1,-0.06501021817348678,-0.9978845983043508,8.884815772062684,3.9142234181939313,-0.2924553512044386,"POLYGON ((680515.7 2390161, 680515 2390135, 680513 2390109, 680509.6 2390083, 680504.8 2390057, 680498.7 2390032, 680491.2 2390006, 680482.5 2389982, 680472.5 2389958, 680461.2 2389934, 680448.7 2389911, 680435 2389889, 680420.2 2389867, 680404.3 2389846, 680387.3 2389826, 680369.3 2389807, 680350.3 2389789, 680330.4 2389772, 680309.6 2389756, 680288 2389742, 680265.7 2389728, 680242.7 2389716, 680219.1 2389704, 680194.9 2389694, 680170.2 2389685, 680145.1 2389678, 680119.7 2389672, 680093.9 2389667, 680068 2389664, 680041.9 2389662, 680015.7 2389661, 679989.5 2389662, 679963.4 2389664, 679937.5 2389667, 679911.8 2389672, 679886.3 2389678, 679861.2 2389685, 679836.5 2389694, 679812.3 2389704, 679788.7 2389716, 679765.7 2389728, 679743.4 2389742, 679721.8 2389756, 679701.1 2389772, 679681.1 2389789, 679662.2 2389807, 679644.1 2389826, 679627.1 2389846, 679611.2 2389867, 679596.4 2389889, 679582.7 2389911, 679570.2 2389934, 679558.9 2389958, 679548.9 2389982, 679540.2 2390006, 679532.8 2390032, 679526.6 2390057, 679521.9 2390083, 679518.5 2390109, 679516.4 2390135, 679515.7 2390161, 679516.4 2390187, 679518.5 2390213, 679521.9 2390239, 679526.6 2390265, 679532.8 2390290, 679540.2 2390316, 679548.9 2390340, 679558.9 2390364, 679570.2 2390388, 679582.7 2390411, 679596.4 2390433, 679611.2 2390455, 679627.1 2390476, 679644.1 2390496, 679662.2 2390515, 679681.1 2390533, 679701.1 2390550, 679721.8 2390566, 679743.4 2390580, 679765.7 2390594, 679788.7 2390607, 679812.3 2390618, 679836.5 2390628, 679861.2 2390637, 679886.3 2390644, 679911.8 2390650, 679937.5 2390655, 679963.4 2390658, 679989.5 2390660, 680015.7 2390661, 680041.9 2390660, 680068 2390658, 680093.9 2390655, 680119.7 2390650, 680145.1 2390644, 680170.2 2390637, 680194.9 2390628, 680219.1 2390618, 680242.7 2390607, 680265.7 2390594, 680288 2390580, 680309.6 2390566, 680330.4 2390550, 680350.3 2390533, 680369.3 2390515, 680387.3 2390496, 680404.3 2390476, 680420.2 2390455, 680435 2390433, 680448.7 2390411, 680461.2 2390388, 680472.5 2390364, 680482.5 2390340, 680491.2 2390316, 680498.7 2390290, 680504.8 2390265, 680509.6 2390239, 680513 2390213, 680515 2390187, 680515.7 2390161))"
22,20260531,Forest,5040.869565217392,26.97585606017254,5.159214830970556,0,Hani,NA,NA,0,1,0,3254,537.0678610298914,816.7396470316701,1499.7354736328125,8.143251419067383,237.78117247407712,711116.4001464844,878.7863552570343,0.214617068346018,1,48,0,0,335377.1942138672,0.47162067158735493,0,1,-0.5331543083311966,-0.846018016065783,8.525333878964574,3.294942245957513,1.6407844033746832,"POLYGON ((627596.1 2417337, 627595.4 2417311, 627593.4 2417285, 627590 2417259, 627585.2 2417233, 627579.1 2417208, 627571.7 2417183, 627562.9 2417158, 627552.9 2417134, 627541.6 2417110, 627529.1 2417087, 627515.5 2417065, 627500.6 2417043, 627484.7 2417022, 627467.7 2417002, 627449.7 2416983, 627430.7 2416965, 627410.8 2416948, 627390 2416933, 627368.5 2416918, 627346.1 2416904, 627323.1 2416892, 627299.5 2416880, 627275.3 2416870, 627250.6 2416861, 627225.5 2416854, 627200.1 2416848, 627174.4 2416843, 627148.4 2416840, 627122.3 2416838, 627096.1 2416837, 627070 2416838, 627043.9 2416840, 627017.9 2416843, 626992.2 2416848, 626966.7 2416854, 626941.6 2416861, 626917 2416870, 626892.8 2416880, 626869.1 2416892, 626846.1 2416904, 626823.8 2416918, 626802.2 2416933, 626781.5 2416948, 626761.6 2416965, 626742.6 2416983, 626724.6 2417002, 626707.6 2417022, 626691.6 2417043, 626676.8 2417065, 626663.1 2417087, 626650.6 2417110, 626639.4 2417134, 626629.3 2417158, 626620.6 2417183, 626613.2 2417208, 626607.1 2417233, 626602.3 2417259, 626598.9 2417285, 626596.8 2417311, 626596.1 2417337, 626596.8 2417363, 626598.9 2417389, 626602.3 2417415, 626607.1 2417441, 626613.2 2417466, 626620.6 2417492, 626629.3 2417516, 626639.4 2417540, 626650.6 2417564, 626663.1 2417587, 626676.8 2417609, 626691.6 2417631, 626707.6 2417652, 626724.6 2417672, 626742.6 2417691, 626761.6 2417709, 626781.5 2417726, 626802.2 2417742, 626823.8 2417756, 626846.1 2417770, 626869.1 2417783, 626892.8 2417794, 626917 2417804, 626941.6 2417813, 626966.7 2417820, 626992.2 2417826, 627017.9 2417831, 627043.9 2417834, 627070 2417836, 627096.1 2417837, 627122.3 2417836, 627148.4 2417834, 627174.4 2417831, 627200.1 2417826, 627225.5 2417820, 627250.6 2417813, 627275.3 2417804, 627299.5 2417794, 627323.1 2417783, 627346.1 2417770, 627368.5 2417756, 627390 2417742, 627410.8 2417726, 627430.7 2417709, 627449.7 2417691, 627467.7 2417672, 627484.7 2417652, 627500.6 2417631, 627515.5 2417609, 627529.1 2417587, 627541.6 2417564, 627552.9 2417540, 627562.9 2417516, 627571.7 2417492, 627579.1 2417466, 627585.2 2417441, 627590 2417415, 627593.4 2417389, 627595.4 2417363, 627596.1 2417337))"
22,20260531,Forest,3378.2501423420003,26.64581295076882,2.071001494768311,0,Hani,NA,NA,0,1,0,3299,216.18982903656294,1453.492373505437,918.504638671875,12.32943058013916,74.50936068177599,460137.60681152344,3147.139263153076,0.1975293893405032,1,53,457411.376953125,0.9940751857313086,0,0,0,1,0.26708093965968777,0.9636741003422776,8.125113145053028,3.2826320257268775,0.7280323041748047,"POLYGON ((675688.3 2407427, 675687.6 2407401, 675685.6 2407375, 675682.2 2407349, 675677.4 2407324, 675671.3 2407298, 675663.9 2407273, 675655.1 2407248, 675645.1 2407224, 675633.8 2407200, 675621.3 2407177, 675607.7 2407155, 675592.8 2407134, 675576.9 2407113, 675559.9 2407093, 675541.9 2407074, 675522.9 2407056, 675503 2407039, 675482.2 2407023, 675460.6 2407008, 675438.3 2406994, 675415.3 2406982, 675391.7 2406971, 675367.5 2406961, 675342.8 2406952, 675317.7 2406945, 675292.3 2406938, 675266.5 2406934, 675240.6 2406930, 675214.5 2406928, 675188.3 2406927, 675162.2 2406928, 675136.1 2406930, 675110.1 2406934, 675084.4 2406938, 675058.9 2406945, 675033.8 2406952, 675009.1 2406961, 674985 2406971, 674961.3 2406982, 674938.3 2406994, 674916 2407008, 674894.4 2407023, 674873.7 2407039, 674853.8 2407056, 674834.8 2407074, 674816.8 2407093, 674799.8 2407113, 674783.8 2407134, 674769 2407155, 674755.3 2407177, 674742.8 2407200, 674731.6 2407224, 674721.5 2407248, 674712.8 2407273, 674705.4 2407298, 674699.3 2407324, 674694.5 2407349, 674691.1 2407375, 674689 2407401, 674688.3 2407427, 674689 2407454, 674691.1 2407480, 674694.5 2407506, 674699.3 2407531, 674705.4 2407557, 674712.8 2407582, 674721.5 2407607, 674731.6 2407631, 674742.8 2407654, 674755.3 2407677, 674769 2407700, 674783.8 2407721, 674799.8 2407742, 674816.8 2407762, 674834.8 2407781, 674853.8 2407799, 674873.7 2407816, 674894.4 2407832, 674916 2407847, 674938.3 2407860, 674961.3 2407873, 674985 2407884, 675009.1 2407894, 675033.8 2407903, 675058.9 2407910, 675084.4 2407917, 675110.1 2407921, 675136.1 2407925, 675162.2 2407927, 675188.3 2407927, 675214.5 2407927, 675240.6 2407925, 675266.5 2407921, 675292.3 2407917, 675317.7 2407910, 675342.8 2407903, 675367.5 2407894, 675391.7 2407884, 675415.3 2407873, 675438.3 2407860, 675460.6 2407847, 675482.2 2407832, 675503 2407816, 675522.9 2407799, 675541.9 2407781, 675559.9 2407762, 675576.9 2407742, 675592.8 2407721, 675607.7 2407700, 675621.3 2407677, 675633.8 2407654, 675645.1 2407631, 675655.1 2407607, 675663.9 2407582, 675671.3 2407557, 675677.4 2407531, 675682.2 2407506, 675685.6 2407480, 675687.6 2407454, 675688.3 2407427))"
22,20260531,Forest,15755.348837209303,49.074946133371625,0.16021765417170497,0,Hani,NA,NA,0,1,0,3664,259.4667719043335,229.4886601782088,795.87945556640625,16.21253776550293,242.7371057256728,68742.40951538086,344201.7150878906,0.111155094801921,1,6,0,0,0,0,0,1,-0.45807397464262645,-0.8889140755748591,9.664935195311495,3.8933486425230353,-1.8312220495974143,"POLYGON ((691402.7 2422397, 691402 2422370, 691400 2422344, 691396.6 2422318, 691391.8 2422293, 691385.7 2422267, 691378.2 2422242, 691369.5 2422217, 691359.5 2422193, 691348.2 2422170, 691335.7 2422147, 691322 2422124, 691307.2 2422103, 691291.3 2422082, 691274.3 2422062, 691256.3 2422043, 691237.3 2422025, 691217.4 2422008, 691196.6 2421992, 691175 2421977, 691152.7 2421964, 691129.7 2421951, 691106.1 2421940, 691081.9 2421930, 691057.2 2421921, 691032.1 2421914, 691006.7 2421908, 690980.9 2421903, 690955 2421899, 690928.9 2421897, 690902.7 2421897, 690876.5 2421897, 690850.4 2421899, 690824.5 2421903, 690798.8 2421908, 690773.3 2421914, 690748.2 2421921, 690723.5 2421930, 690699.3 2421940, 690675.7 2421951, 690652.7 2421964, 690630.4 2421977, 690608.8 2421992, 690588 2422008, 690568.1 2422025, 690549.2 2422043, 690531.1 2422062, 690514.1 2422082, 690498.2 2422103, 690483.4 2422124, 690469.7 2422147, 690457.2 2422170, 690445.9 2422193, 690435.9 2422217, 690427.2 2422242, 690419.7 2422267, 690413.6 2422293, 690408.9 2422318, 690405.4 2422344, 690403.4 2422370, 690402.7 2422397, 690403.4 2422423, 690405.4 2422449, 690408.9 2422475, 690413.6 2422501, 690419.7 2422526, 690427.2 2422551, 690435.9 2422576, 690445.9 2422600, 690457.2 2422624, 690469.7 2422647, 690483.4 2422669, 690498.2 2422690, 690514.1 2422711, 690531.1 2422731, 690549.2 2422750, 690568.1 2422768, 690588 2422785, 690608.8 2422801, 690630.4 2422816, 690652.7 2422830, 690675.7 2422842, 690699.3 2422853, 690723.5 2422863, 690748.2 2422872, 690773.3 2422880, 690798.8 2422886, 690824.5 2422890, 690850.4 2422894, 690876.5 2422896, 690902.7 2422897, 690928.9 2422896, 690955 2422894, 690980.9 2422890, 691006.7 2422886, 691032.1 2422880, 691057.2 2422872, 691081.9 2422863, 691106.1 2422853, 691129.7 2422842, 691152.7 2422830, 691175 2422816, 691196.6 2422801, 691217.4 2422785, 691237.3 2422768, 691256.3 2422750, 691274.3 2422731, 691291.3 2422711, 691307.2 2422690, 691322 2422669, 691335.7 2422647, 691348.2 2422624, 691359.5 2422600, 691369.5 2422576, 691378.2 2422551, 691385.7 2422526, 691391.8 2422501, 691396.6 2422475, 691400 2422449, 691402 2422423, 691402.7 2422397))"
22,20260531,Forest,8472.744360902256,27.219660257375487,0.31721384205856257,0,Hani,NA,NA,0,1,0,4169,148.06362233044408,632.9500998326675,616.36663818359375,12.81404972076416,76.12554297219513,5400,373579.3487548828,0.31098280444638443,1,20,5400,1,0,0,0,1,0.2397952645089663,0.9708234809269267,9.044609744717965,3.303939515785232,-1.1481791519057138,"POLYGON ((709833.8 2416599, 709833.1 2416573, 709831 2416547, 709827.6 2416521, 709822.8 2416495, 709816.7 2416469, 709809.3 2416444, 709800.6 2416420, 709790.5 2416396, 709779.3 2416372, 709766.8 2416349, 709753.1 2416327, 709738.3 2416305, 709722.3 2416284, 709705.3 2416264, 709687.3 2416245, 709668.3 2416227, 709648.4 2416210, 709627.7 2416194, 709606.1 2416180, 709583.8 2416166, 709560.8 2416153, 709537.1 2416142, 709513 2416132, 709488.3 2416123, 709463.2 2416116, 709437.7 2416110, 709412 2416105, 709386 2416102, 709359.9 2416100, 709333.8 2416099, 709307.6 2416100, 709281.5 2416102, 709255.6 2416105, 709229.8 2416110, 709204.4 2416116, 709179.3 2416123, 709154.6 2416132, 709130.4 2416142, 709106.8 2416153, 709083.8 2416166, 709061.4 2416180, 709039.9 2416194, 709019.1 2416210, 708999.2 2416227, 708980.2 2416245, 708962.2 2416264, 708945.2 2416284, 708929.3 2416305, 708914.4 2416327, 708900.8 2416349, 708888.3 2416372, 708877 2416396, 708867 2416420, 708858.2 2416444, 708850.8 2416469, 708844.7 2416495, 708839.9 2416521, 708836.5 2416547, 708834.5 2416573, 708833.8 2416599, 708834.5 2416625, 708836.5 2416651, 708839.9 2416677, 708844.7 2416703, 708850.8 2416728, 708858.2 2416753, 708867 2416778, 708877 2416802, 708888.3 2416826, 708900.8 2416849, 708914.4 2416871, 708929.3 2416893, 708945.2 2416914, 708962.2 2416933, 708980.2 2416952, 708999.2 2416970, 709019.1 2416987, 709039.9 2417003, 709061.4 2417018, 709083.8 2417032, 709106.8 2417044, 709130.4 2417056, 709154.6 2417066, 709179.3 2417074, 709204.4 2417082, 709229.8 2417088, 709255.6 2417093, 709281.5 2417096, 709307.6 2417098, 709333.8 2417099, 709359.9 2417098, 709386 2417096, 709412 2417093, 709437.7 2417088, 709463.2 2417082, 709488.3 2417074, 709513 2417066, 709537.1 2417056, 709560.8 2417044, 709583.8 2417032, 709606.1 2417018, 709627.7 2417003, 709648.4 2416987, 709668.3 2416970, 709687.3 2416952, 709705.3 2416933, 709722.3 2416914, 709738.3 2416893, 709753.1 2416871, 709766.8 2416849, 709779.3 2416826, 709790.5 2416802, 709800.6 2416778, 709809.3 2416753, 709816.7 2416728, 709822.8 2416703, 709827.6 2416677, 709831 2416651, 709833.1 2416625, 709833.8 2416599))"
22,20260531,Forest,8196.42857142857,29.790644225739026,0.5217557251908397,0,Hani,NA,NA,0,1,0,4237,29.049962923875064,679.6600533016697,916.77423095703125,13.207718849182129,111.31627075025797,607579.9255371094,177459.41162109375,0.2766222876043084,1,7,395922.29919433594,0.6516382167240548,16990.842247009277,0.027964785426360373,0,1,-0.3635157957864906,0.9315880346020522,9.011453798307533,3.3941943920616544,-0.650555760031193,"POLYGON ((712296.7 2408310, 712296 2408284, 712293.9 2408258, 712290.5 2408232, 712285.8 2408206, 712279.6 2408181, 712272.2 2408156, 712263.5 2408131, 712253.4 2408107, 712242.2 2408083, 712229.7 2408060, 712216 2408038, 712201.2 2408016, 712185.2 2407996, 712168.2 2407976, 712150.2 2407957, 712131.2 2407939, 712111.3 2407922, 712090.6 2407906, 712069 2407891, 712046.7 2407877, 712023.7 2407865, 712000 2407853, 711975.9 2407843, 711951.2 2407835, 711926.1 2407827, 711900.6 2407821, 711874.9 2407816, 711848.9 2407813, 711822.8 2407811, 711796.7 2407810, 711770.5 2407811, 711744.4 2407813, 711718.5 2407816, 711692.7 2407821, 711667.3 2407827, 711642.2 2407835, 711617.5 2407843, 711593.3 2407853, 711569.7 2407865, 711546.7 2407877, 711524.4 2407891, 711502.8 2407906, 711482 2407922, 711462.1 2407939, 711443.1 2407957, 711425.1 2407976, 711408.1 2407996, 711392.2 2408016, 711377.3 2408038, 711363.7 2408060, 711351.2 2408083, 711339.9 2408107, 711329.9 2408131, 711321.1 2408156, 711313.7 2408181, 711307.6 2408206, 711302.8 2408232, 711299.4 2408258, 711297.4 2408284, 711296.7 2408310, 711297.4 2408336, 711299.4 2408362, 711302.8 2408388, 711307.6 2408414, 711313.7 2408440, 711321.1 2408465, 711329.9 2408489, 711339.9 2408514, 711351.2 2408537, 711363.7 2408560, 711377.3 2408583, 711392.2 2408604, 711408.1 2408625, 711425.1 2408645, 711443.1 2408664, 711462.1 2408682, 711482 2408699, 711502.8 2408715, 711524.4 2408730, 711546.7 2408743, 711569.7 2408756, 711593.3 2408767, 711617.5 2408777, 711642.2 2408786, 711667.3 2408793, 711692.7 2408799, 711718.5 2408804, 711744.4 2408807, 711770.5 2408810, 711796.7 2408810, 711822.8 2408810, 711848.9 2408807, 711874.9 2408804, 711900.6 2408799, 711926.1 2408793, 711951.2 2408786, 711975.9 2408777, 712000 2408767, 712023.7 2408756, 712046.7 2408743, 712069 2408730, 712090.6 2408715, 712111.3 2408699, 712131.2 2408682, 712150.2 2408664, 712168.2 2408645, 712185.2 2408625, 712201.2 2408604, 712216 2408583, 712229.7 2408560, 712242.2 2408537, 712253.4 2408514, 712263.5 2408489, 712272.2 2408465, 712279.6 2408440, 712285.8 2408414, 712290.5 2408388, 712293.9 2408362, 712296 2408336, 712296.7 2408310))"
22,20260531,Forest,3378.2501423420003,26.64581295076882,2.071001494768311,0,Hani,NA,NA,0,1,0,4409,51.48001869011144,1294.087158447023,648.5030517578125,6.862202167510986,202.60476760855693,57235.634994506836,14014.215087890625,0.4611357892897059,1,68,900,0.01572446955618431,0,0,0,1,-0.9231782365236985,-0.3843721420823761,8.125113145053028,3.2826320257268775,0.7280323041748047,"POLYGON ((681672.2 2403397, 681671.5 2403371, 681669.4 2403344, 681666 2403319, 681661.2 2403293, 681655.1 2403267, 681647.7 2403242, 681639 2403218, 681628.9 2403193, 681617.7 2403170, 681605.2 2403147, 681591.5 2403124, 681576.7 2403103, 681560.7 2403082, 681543.7 2403062, 681525.7 2403043, 681506.7 2403025, 681486.8 2403008, 681466.1 2402992, 681444.5 2402977, 681422.2 2402964, 681399.2 2402951, 681375.5 2402940, 681351.3 2402930, 681326.7 2402921, 681301.6 2402914, 681276.1 2402908, 681250.4 2402903, 681224.4 2402899, 681198.3 2402897, 681172.2 2402897, 681146 2402897, 681119.9 2402899, 681093.9 2402903, 681068.2 2402908, 681042.8 2402914, 681017.7 2402921, 680993 2402930, 680968.8 2402940, 680945.2 2402951, 680922.2 2402964, 680899.8 2402977, 680878.3 2402992, 680857.5 2403008, 680837.6 2403025, 680818.6 2403043, 680800.6 2403062, 680783.6 2403082, 680767.7 2403103, 680752.8 2403124, 680739.1 2403147, 680726.7 2403170, 680715.4 2403193, 680705.4 2403218, 680696.6 2403242, 680689.2 2403267, 680683.1 2403293, 680678.3 2403319, 680674.9 2403344, 680672.8 2403371, 680672.2 2403397, 680672.8 2403423, 680674.9 2403449, 680678.3 2403475, 680683.1 2403501, 680689.2 2403526, 680696.6 2403551, 680705.4 2403576, 680715.4 2403600, 680726.7 2403624, 680739.1 2403647, 680752.8 2403669, 680767.7 2403691, 680783.6 2403711, 680800.6 2403731, 680818.6 2403750, 680837.6 2403768, 680857.5 2403785, 680878.3 2403801, 680899.8 2403816, 680922.2 2403830, 680945.2 2403842, 680968.8 2403854, 680993 2403864, 681017.7 2403872, 681042.8 2403880, 681068.2 2403886, 681093.9 2403891, 681119.9 2403894, 681146 2403896, 681172.2 2403897, 681198.3 2403896, 681224.4 2403894, 681250.4 2403891, 681276.1 2403886, 681301.6 2403880, 681326.7 2403872, 681351.3 2403864, 681375.5 2403854, 681399.2 2403842, 681422.2 2403830, 681444.5 2403816, 681466.1 2403801, 681486.8 2403785, 681506.7 2403768, 681525.7 2403750, 681543.7 2403731, 681560.7 2403711, 681576.7 2403691, 681591.5 2403669, 681605.2 2403647, 681617.7 2403624, 681628.9 2403600, 681639 2403576, 681647.7 2403551, 681655.1 2403526, 681661.2 2403501, 681666 2403475, 681669.4 2403449, 681671.5 2403423, 681672.2 2403397))"
22,20260531,Forest,4515,22.149829986848378,1.7557289127254998,0,Hani,NA,NA,0,1,0,4536,45.74081773396514,251.49743043136002,1177.253173828125,16.24664306640625,79.5005693627735,551364.0930175781,233675.244140625,0.15576800179062814,1,59,156896.54846191406,0.28456069310431503,0,0,0,1,0.1822257546283682,0.9832567184363002,8.415160465851086,3.0978298209243684,0.5628841055764946,"POLYGON ((723959.9 2420101, 723959.2 2420075, 723957.2 2420049, 723953.8 2420023, 723949 2419997, 723942.9 2419972, 723935.5 2419946, 723926.7 2419922, 723916.7 2419898, 723905.4 2419874, 723892.9 2419851, 723879.3 2419829, 723864.4 2419807, 723848.5 2419786, 723831.5 2419766, 723813.5 2419747, 723794.5 2419729, 723774.6 2419712, 723753.8 2419696, 723732.2 2419682, 723709.9 2419668, 723686.9 2419655, 723663.3 2419644, 723639.1 2419634, 723614.4 2419625, 723589.3 2419618, 723563.9 2419612, 723538.1 2419607, 723512.2 2419604, 723486.1 2419602, 723459.9 2419601, 723433.8 2419602, 723407.7 2419604, 723381.7 2419607, 723356 2419612, 723330.5 2419618, 723305.4 2419625, 723280.7 2419634, 723256.6 2419644, 723232.9 2419655, 723209.9 2419668, 723187.6 2419682, 723166 2419696, 723145.3 2419712, 723125.4 2419729, 723106.4 2419747, 723088.4 2419766, 723071.4 2419786, 723055.4 2419807, 723040.6 2419829, 723026.9 2419851, 723014.4 2419874, 723003.2 2419898, 722993.1 2419922, 722984.4 2419946, 722977 2419972, 722970.9 2419997, 722966.1 2420023, 722962.7 2420049, 722960.6 2420075, 722959.9 2420101, 722960.6 2420127, 722962.7 2420153, 722966.1 2420179, 722970.9 2420205, 722977 2420230, 722984.4 2420255, 722993.1 2420280, 723003.2 2420304, 723014.4 2420328, 723026.9 2420351, 723040.6 2420373, 723055.4 2420395, 723071.4 2420416, 723088.4 2420435, 723106.4 2420454, 723125.4 2420473, 723145.3 2420490, 723166 2420505, 723187.6 2420520, 723209.9 2420534, 723232.9 2420546, 723256.6 2420558, 723280.7 2420568, 723305.4 2420576, 723330.5 2420584, 723356 2420590, 723381.7 2420595, 723407.7 2420598, 723433.8 2420600, 723459.9 2420601, 723486.1 2420600, 723512.2 2420598, 723538.1 2420595, 723563.9 2420590, 723589.3 2420584, 723614.4 2420576, 723639.1 2420568, 723663.3 2420558, 723686.9 2420546, 723709.9 2420534, 723732.2 2420520, 723753.8 2420505, 723774.6 2420490, 723794.5 2420473, 723813.5 2420454, 723831.5 2420435, 723848.5 2420416, 723864.4 2420395, 723879.3 2420373, 723892.9 2420351, 723905.4 2420328, 723916.7 2420304, 723926.7 2420280, 723935.5 2420255, 723942.9 2420230, 723949 2420205, 723953.8 2420179, 723957.2 2420153, 723959.2 2420127, 723959.9 2420101))"
22,20260531,Forest,8472.744360902256,27.219660257375487,0.31721384205856257,0,Hani,NA,NA,0,1,0,4630,178.65161310106598,559.4022164433451,987.02001953125,13.153594017028809,233.69744052966516,107430.96313476562,469319.12841796875,0.16022634750905956,1,78,85266.57485961914,0.7936871491383485,3600,0.03350989225968326,0,1,-0.5920491799794718,-0.8059018355144968,9.044609744717965,3.303939515785232,-1.1481791519057138,"POLYGON ((706334.4 2413082, 706333.7 2413056, 706331.6 2413030, 706328.2 2413004, 706323.4 2412978, 706317.3 2412953, 706309.9 2412927, 706301.2 2412903, 706291.1 2412879, 706279.9 2412855, 706267.4 2412832, 706253.7 2412810, 706238.9 2412788, 706222.9 2412767, 706205.9 2412747, 706187.9 2412728, 706168.9 2412710, 706149 2412693, 706128.3 2412677, 706106.7 2412663, 706084.4 2412649, 706061.4 2412636, 706037.7 2412625, 706013.5 2412615, 705988.9 2412606, 705963.8 2412599, 705938.3 2412593, 705912.6 2412588, 705886.6 2412585, 705860.5 2412583, 705834.4 2412582, 705808.2 2412583, 705782.1 2412585, 705756.1 2412588, 705730.4 2412593, 705705 2412599, 705679.9 2412606, 705655.2 2412615, 705631 2412625, 705607.4 2412636, 705584.4 2412649, 705562 2412663, 705540.5 2412677, 705519.7 2412693, 705499.8 2412710, 705480.8 2412728, 705462.8 2412747, 705445.8 2412767, 705429.9 2412788, 705415 2412810, 705401.3 2412832, 705388.9 2412855, 705377.6 2412879, 705367.6 2412903, 705358.8 2412927, 705351.4 2412953, 705345.3 2412978, 705340.5 2413004, 705337.1 2413030, 705335 2413056, 705334.4 2413082, 705335 2413108, 705337.1 2413134, 705340.5 2413160, 705345.3 2413186, 705351.4 2413211, 705358.8 2413237, 705367.6 2413261, 705377.6 2413285, 705388.9 2413309, 705401.3 2413332, 705415 2413354, 705429.9 2413376, 705445.8 2413397, 705462.8 2413417, 705480.8 2413436, 705499.8 2413454, 705519.7 2413471, 705540.5 2413487, 705562 2413501, 705584.4 2413515, 705607.4 2413528, 705631 2413539, 705655.2 2413549, 705679.9 2413558, 705705 2413565, 705730.4 2413571, 705756.1 2413576, 705782.1 2413579, 705808.2 2413581, 705834.4 2413582, 705860.5 2413581, 705886.6 2413579, 705912.6 2413576, 705938.3 2413571, 705963.8 2413565, 705988.9 2413558, 706013.5 2413549, 706037.7 2413539, 706061.4 2413528, 706084.4 2413515, 706106.7 2413501, 706128.3 2413487, 706149 2413471, 706168.9 2413454, 706187.9 2413436, 706205.9 2413417, 706222.9 2413397, 706238.9 2413376, 706253.7 2413354, 706267.4 2413332, 706279.9 2413309, 706291.1 2413285, 706301.2 2413261, 706309.9 2413237, 706317.3 2413211, 706323.4 2413186, 706328.2 2413160, 706331.6 2413134, 706333.7 2413108, 706334.4 2413082))"
22,20260531,Forest,9611.842105263157,35.375788827246616,0.27491408934707906,0,Hani,NA,NA,0,1,0,4706,1181.575012099078,2331.5964440240373,768.34228515625,7.181754112243652,260.94925024425197,2743.6979055404663,117292.4560546875,0.14840190775530487,1,46,2743.6979055404663,1,0,0,0,1,-0.15730924883620157,-0.9875493912866282,9.17075116988656,3.5660276547182206,-1.2912966324976107,"POLYGON ((695532.9 2405260, 695532.2 2405234, 695530.2 2405208, 695526.8 2405182, 695522 2405156, 695515.9 2405131, 695508.4 2405106, 695499.7 2405081, 695489.7 2405057, 695478.4 2405033, 695465.9 2405010, 695452.3 2404988, 695437.4 2404966, 695421.5 2404946, 695404.5 2404926, 695386.5 2404907, 695367.5 2404889, 695347.6 2404872, 695326.8 2404856, 695305.2 2404841, 695282.9 2404827, 695259.9 2404815, 695236.3 2404804, 695212.1 2404794, 695187.4 2404785, 695162.3 2404777, 695136.9 2404771, 695111.1 2404766, 695085.2 2404763, 695059.1 2404761, 695032.9 2404760, 695006.7 2404761, 694980.7 2404763, 694954.7 2404766, 694929 2404771, 694903.5 2404777, 694878.4 2404785, 694853.7 2404794, 694829.5 2404804, 694805.9 2404815, 694782.9 2404827, 694760.6 2404841, 694739 2404856, 694718.3 2404872, 694698.4 2404889, 694679.4 2404907, 694661.3 2404926, 694644.3 2404946, 694628.4 2404966, 694613.6 2404988, 694599.9 2405010, 694587.4 2405033, 694576.1 2405057, 694566.1 2405081, 694557.4 2405106, 694550 2405131, 694543.8 2405156, 694539.1 2405182, 694535.7 2405208, 694533.6 2405234, 694532.9 2405260, 694533.6 2405287, 694535.7 2405313, 694539.1 2405339, 694543.8 2405364, 694550 2405390, 694557.4 2405415, 694566.1 2405440, 694576.1 2405464, 694587.4 2405487, 694599.9 2405510, 694613.6 2405533, 694628.4 2405554, 694644.3 2405575, 694661.3 2405595, 694679.4 2405614, 694698.4 2405632, 694718.3 2405649, 694739 2405665, 694760.6 2405680, 694782.9 2405693, 694805.9 2405706, 694829.5 2405717, 694853.7 2405727, 694878.4 2405736, 694903.5 2405743, 694929 2405749, 694954.7 2405754, 694980.7 2405758, 695006.7 2405760, 695032.9 2405760, 695059.1 2405760, 695085.2 2405758, 695111.1 2405754, 695136.9 2405749, 695162.3 2405743, 695187.4 2405736, 695212.1 2405727, 695236.3 2405717, 695259.9 2405706, 695282.9 2405693, 695305.2 2405680, 695326.8 2405665, 695347.6 2405649, 695367.5 2405632, 695386.5 2405614, 695404.5 2405595, 695421.5 2405575, 695437.4 2405554, 695452.3 2405533, 695465.9 2405510, 695478.4 2405487, 695489.7 2405464, 695499.7 2405440, 695508.4 2405415, 695515.9 2405390, 695522 2405364, 695526.8 2405339, 695530.2 2405313, 695532.2 2405287, 695532.9 2405260))"
22,20260531,Forest,9620.300751879699,41.51503560607066,0.2980101804720037,0,Hani,NA,NA,0,1,0,4870,340.2814698558185,582.6416528689134,770.29840087890625,9.959272384643555,312.59492337497915,9264.91985321045,96363.6589050293,0.23865009279434432,1,47,9264.91985321045,1,0,0,0,1,0.6768107460108761,-0.7361570580278378,9.171630806360227,3.726055665381232,-1.2106276304025323,"POLYGON ((696036.2 2407048, 696035.5 2407022, 696033.4 2406996, 696030 2406970, 696025.2 2406944, 696019.1 2406919, 696011.7 2406894, 696002.9 2406869, 695992.9 2406845, 695981.7 2406821, 695969.2 2406798, 695955.5 2406776, 695940.7 2406754, 695924.7 2406734, 695907.7 2406714, 695889.7 2406695, 695870.7 2406677, 695850.8 2406660, 695830 2406644, 695808.5 2406629, 695786.2 2406615, 695763.1 2406603, 695739.5 2406591, 695715.3 2406581, 695690.7 2406573, 695665.6 2406565, 695640.1 2406559, 695614.4 2406554, 695588.4 2406551, 695562.3 2406549, 695536.2 2406548, 695510 2406549, 695483.9 2406551, 695457.9 2406554, 695432.2 2406559, 695406.7 2406565, 695381.6 2406573, 695357 2406581, 695332.8 2406591, 695309.2 2406603, 695286.2 2406615, 695263.8 2406629, 695242.3 2406644, 695221.5 2406660, 695201.6 2406677, 695182.6 2406695, 695164.6 2406714, 695147.6 2406734, 695131.6 2406754, 695116.8 2406776, 695103.1 2406798, 695090.7 2406821, 695079.4 2406845, 695069.4 2406869, 695060.6 2406894, 695053.2 2406919, 695047.1 2406944, 695042.3 2406970, 695038.9 2406996, 695036.8 2407022, 695036.2 2407048, 695036.8 2407074, 695038.9 2407100, 695042.3 2407126, 695047.1 2407152, 695053.2 2407178, 695060.6 2407203, 695069.4 2407227, 695079.4 2407252, 695090.7 2407275, 695103.1 2407298, 695116.8 2407321, 695131.6 2407342, 695147.6 2407363, 695164.6 2407383, 695182.6 2407402, 695201.6 2407420, 695221.5 2407437, 695242.3 2407453, 695263.8 2407468, 695286.2 2407481, 695309.2 2407494, 695332.8 2407505, 695357 2407515, 695381.6 2407524, 695406.7 2407531, 695432.2 2407537, 695457.9 2407542, 695483.9 2407545, 695510 2407548, 695536.2 2407548, 695562.3 2407548, 695588.4 2407545, 695614.4 2407542, 695640.1 2407537, 695665.6 2407531, 695690.7 2407524, 695715.3 2407515, 695739.5 2407505, 695763.1 2407494, 695786.2 2407481, 695808.5 2407468, 695830 2407453, 695850.8 2407437, 695870.7 2407420, 695889.7 2407402, 695907.7 2407383, 695924.7 2407363, 695940.7 2407342, 695955.5 2407321, 695969.2 2407298, 695981.7 2407275, 695992.9 2407252, 696002.9 2407227, 696011.7 2407203, 696019.1 2407178, 696025.2 2407152, 696030 2407126, 696033.4 2407100, 696035.5 2407074, 696036.2 2407048))"
22,20260531,Forest,8196.42857142857,29.790644225739026,0.5217557251908397,0,Hani,NA,NA,0,1,0,5006,141.31109785128558,1210.1251038944122,1004.2930297851562,14.163804054260254,170.1846476437552,148795.5047607422,636243.85986328125,0.1511310963708928,1,119,45594.03419494629,0.30642077708100024,900,0.006048569823713207,0,1,-0.9853622556164152,0.17047353227563067,9.011453798307533,3.3941943920616544,-0.650555760031193,"POLYGON ((708798.8 2408257, 708798.1 2408231, 708796 2408205, 708792.6 2408179, 708787.8 2408153, 708781.7 2408128, 708774.3 2408103, 708765.5 2408078, 708755.5 2408054, 708744.3 2408030, 708731.8 2408007, 708718.1 2407985, 708703.3 2407963, 708687.3 2407943, 708670.3 2407923, 708652.3 2407904, 708633.3 2407886, 708613.4 2407869, 708592.7 2407853, 708571.1 2407838, 708548.8 2407824, 708525.8 2407812, 708502.1 2407800, 708477.9 2407790, 708453.3 2407782, 708428.2 2407774, 708402.7 2407768, 708377 2407763, 708351 2407760, 708324.9 2407758, 708298.8 2407757, 708272.6 2407758, 708246.5 2407760, 708220.5 2407763, 708194.8 2407768, 708169.3 2407774, 708144.3 2407782, 708119.6 2407790, 708095.4 2407800, 708071.8 2407812, 708048.8 2407824, 708026.4 2407838, 708004.9 2407853, 707984.1 2407869, 707964.2 2407886, 707945.2 2407904, 707927.2 2407923, 707910.2 2407943, 707894.3 2407963, 707879.4 2407985, 707865.7 2408007, 707853.3 2408030, 707842 2408054, 707832 2408078, 707823.2 2408103, 707815.8 2408128, 707809.7 2408153, 707804.9 2408179, 707801.5 2408205, 707799.4 2408231, 707798.8 2408257, 707799.4 2408283, 707801.5 2408309, 707804.9 2408335, 707809.7 2408361, 707815.8 2408387, 707823.2 2408412, 707832 2408436, 707842 2408461, 707853.3 2408484, 707865.7 2408507, 707879.4 2408529, 707894.3 2408551, 707910.2 2408572, 707927.2 2408592, 707945.2 2408611, 707964.2 2408629, 707984.1 2408646, 708004.9 2408662, 708026.4 2408677, 708048.8 2408690, 708071.8 2408703, 708095.4 2408714, 708119.6 2408724, 708144.3 2408733, 708169.3 2408740, 708194.8 2408746, 708220.5 2408751, 708246.5 2408754, 708272.6 2408756, 708298.8 2408757, 708324.9 2408756, 708351 2408754, 708377 2408751, 708402.7 2408746, 708428.2 2408740, 708453.3 2408733, 708477.9 2408724, 708502.1 2408714, 708525.8 2408703, 708548.8 2408690, 708571.1 2408677, 708592.7 2408662, 708613.4 2408646, 708633.3 2408629, 708652.3 2408611, 708670.3 2408592, 708687.3 2408572, 708703.3 2408551, 708718.1 2408529, 708731.8 2408507, 708744.3 2408484, 708755.5 2408461, 708765.5 2408436, 708774.3 2408412, 708781.7 2408387, 708787.8 2408361, 708792.6 2408335, 708796 2408309, 708798.1 2408283, 708798.8 2408257))"
22,20260531,Forest,9566.511627906977,26.327719227924465,0.932825484764543,0,Hani,NA,NA,0,1,0,5036,648.911624317532,714.7604369297482,989.68060302734375,14.925180435180664,83.26786566668108,785039.3371582031,0,0.15016387872883927,1,27,711571.39892578125,0.9064149594103507,51283.05015563965,0.06532545278722122,0,1,0.11722773839928084,0.9931050585662071,9.166023906806155,3.270622347193581,-0.06953714304240752,"POLYGON ((671104.2 2430934, 671103.5 2430908, 671101.5 2430882, 671098 2430856, 671093.3 2430830, 671087.2 2430804, 671079.7 2430779, 671071 2430755, 671061 2430730, 671049.7 2430707, 671037.2 2430684, 671023.5 2430662, 671008.7 2430640, 670992.8 2430619, 670975.8 2430599, 670957.8 2430580, 670938.8 2430562, 670918.9 2430545, 670898.1 2430529, 670876.5 2430514, 670854.2 2430501, 670831.2 2430488, 670807.6 2430477, 670783.4 2430467, 670758.7 2430458, 670733.6 2430451, 670708.2 2430445, 670682.4 2430440, 670656.5 2430437, 670630.4 2430435, 670604.2 2430434, 670578 2430435, 670551.9 2430437, 670526 2430440, 670500.2 2430445, 670474.8 2430451, 670449.7 2430458, 670425 2430467, 670400.8 2430477, 670377.2 2430488, 670354.2 2430501, 670331.9 2430514, 670310.3 2430529, 670289.5 2430545, 670269.6 2430562, 670250.6 2430580, 670232.6 2430599, 670215.6 2430619, 670199.7 2430640, 670184.9 2430662, 670171.2 2430684, 670158.7 2430707, 670147.4 2430730, 670137.4 2430755, 670128.7 2430779, 670121.2 2430804, 670115.1 2430830, 670110.4 2430856, 670106.9 2430882, 670104.9 2430908, 670104.2 2430934, 670104.9 2430960, 670106.9 2430986, 670110.4 2431012, 670115.1 2431038, 670121.2 2431063, 670128.7 2431088, 670137.4 2431113, 670147.4 2431137, 670158.7 2431161, 670171.2 2431184, 670184.9 2431206, 670199.7 2431228, 670215.6 2431248, 670232.6 2431268, 670250.6 2431287, 670269.6 2431305, 670289.5 2431322, 670310.3 2431338, 670331.9 2431353, 670354.2 2431367, 670377.2 2431379, 670400.8 2431391, 670425 2431401, 670449.7 2431409, 670474.8 2431417, 670500.2 2431423, 670526 2431428, 670551.9 2431431, 670578 2431433, 670604.2 2431434, 670630.4 2431433, 670656.5 2431431, 670682.4 2431428, 670708.2 2431423, 670733.6 2431417, 670758.7 2431409, 670783.4 2431401, 670807.6 2431391, 670831.2 2431379, 670854.2 2431367, 670876.5 2431353, 670898.1 2431338, 670918.9 2431322, 670938.8 2431305, 670957.8 2431287, 670975.8 2431268, 670992.8 2431248, 671008.7 2431228, 671023.5 2431206, 671037.2 2431184, 671049.7 2431161, 671061 2431137, 671071 2431113, 671079.7 2431088, 671087.2 2431063, 671093.3 2431038, 671098 2431012, 671101.5 2430986, 671103.5 2430960, 671104.2 2430934))"
22,20260531,Forest,5307.45872081989,36.630721511716736,0.5234012147195427,0,Hani,NA,NA,0,1,0,5041,273.3019456147127,356.96701059367655,1017.5086669921875,13.52581787109375,164.50902985069055,785038.95263671875,0.41785233188420534,0.23872281646137028,1,89,10800,0.013757279130832838,0,0,0,1,-0.963672558176374,0.2670865039978681,8.576868416028539,3.6008872738862983,-0.6474069680642858,"POLYGON ((691580.9 2403312, 691580.2 2403286, 691578.1 2403259, 691574.7 2403234, 691569.9 2403208, 691563.8 2403182, 691556.4 2403157, 691547.7 2403133, 691537.6 2403108, 691526.4 2403085, 691513.9 2403062, 691500.2 2403039, 691485.4 2403018, 691469.4 2402997, 691452.4 2402977, 691434.4 2402958, 691415.4 2402940, 691395.5 2402923, 691374.8 2402907, 691353.2 2402892, 691330.9 2402879, 691307.9 2402866, 691284.2 2402855, 691260.1 2402845, 691235.4 2402836, 691210.3 2402829, 691184.8 2402823, 691159.1 2402818, 691133.1 2402814, 691107 2402812, 691080.9 2402812, 691054.7 2402812, 691028.6 2402814, 691002.7 2402818, 690976.9 2402823, 690951.5 2402829, 690926.4 2402836, 690901.7 2402845, 690877.5 2402855, 690853.9 2402866, 690830.9 2402879, 690808.6 2402892, 690787 2402907, 690766.2 2402923, 690746.3 2402940, 690727.3 2402958, 690709.3 2402977, 690692.3 2402997, 690676.4 2403018, 690661.5 2403039, 690647.9 2403062, 690635.4 2403085, 690624.1 2403108, 690614.1 2403133, 690605.3 2403157, 690597.9 2403182, 690591.8 2403208, 690587 2403234, 690583.6 2403259, 690581.6 2403286, 690580.9 2403312, 690581.6 2403338, 690583.6 2403364, 690587 2403390, 690591.8 2403416, 690597.9 2403441, 690605.3 2403466, 690614.1 2403491, 690624.1 2403515, 690635.4 2403539, 690647.9 2403562, 690661.5 2403584, 690676.4 2403606, 690692.3 2403626, 690709.3 2403646, 690727.3 2403665, 690746.3 2403683, 690766.2 2403700, 690787 2403716, 690808.6 2403731, 690830.9 2403745, 690853.9 2403757, 690877.5 2403769, 690901.7 2403779, 690926.4 2403787, 690951.5 2403795, 690976.9 2403801, 691002.7 2403806, 691028.6 2403809, 691054.7 2403811, 691080.9 2403812, 691107 2403811, 691133.1 2403809, 691159.1 2403806, 691184.8 2403801, 691210.3 2403795, 691235.4 2403787, 691260.1 2403779, 691284.2 2403769, 691307.9 2403757, 691330.9 2403745, 691353.2 2403731, 691374.8 2403716, 691395.5 2403700, 691415.4 2403683, 691434.4 2403665, 691452.4 2403646, 691469.4 2403626, 691485.4 2403606, 691500.2 2403584, 691513.9 2403562, 691526.4 2403539, 691537.6 2403515, 691547.7 2403491, 691556.4 2403466, 691563.8 2403441, 691569.9 2403416, 691574.7 2403390, 691578.1 2403364, 691580.2 2403338, 691580.9 2403312))"
22,20260531,Forest,2715.8853672423606,19.408732153463,0.688783570300158,0,Hani,NA,NA,0,1,0,5065,136.73528690441674,747.0351425156607,1531.0435791015625,10.931614875793457,84.7251391627484,467402.1789550781,3101.3196229934692,0.24788978200512263,1,109,0,0,83413.1332397461,0.17846115614228428,0,1,0.09193369324462015,0.9957651309653316,7.906873281323348,2.9657230758029596,-0.3728281787951418,"POLYGON ((661447.2 2398952, 661446.5 2398926, 661444.4 2398900, 661441 2398874, 661436.2 2398848, 661430.1 2398823, 661422.7 2398798, 661414 2398773, 661403.9 2398749, 661392.7 2398725, 661380.2 2398702, 661366.5 2398680, 661351.7 2398658, 661335.7 2398638, 661318.7 2398618, 661300.7 2398599, 661281.7 2398581, 661261.8 2398564, 661241.1 2398548, 661219.5 2398533, 661197.2 2398519, 661174.2 2398507, 661150.5 2398496, 661126.4 2398486, 661101.7 2398477, 661076.6 2398469, 661051.1 2398463, 661025.4 2398459, 660999.4 2398455, 660973.3 2398453, 660947.2 2398452, 660921 2398453, 660894.9 2398455, 660869 2398459, 660843.2 2398463, 660817.8 2398469, 660792.7 2398477, 660768 2398486, 660743.8 2398496, 660720.2 2398507, 660697.2 2398519, 660674.9 2398533, 660653.3 2398548, 660632.5 2398564, 660612.6 2398581, 660593.6 2398599, 660575.6 2398618, 660558.6 2398638, 660542.7 2398658, 660527.8 2398680, 660514.2 2398702, 660501.7 2398725, 660490.4 2398749, 660480.4 2398773, 660471.6 2398798, 660464.2 2398823, 660458.1 2398848, 660453.3 2398874, 660449.9 2398900, 660447.9 2398926, 660447.2 2398952, 660447.9 2398979, 660449.9 2399005, 660453.3 2399031, 660458.1 2399056, 660464.2 2399082, 660471.6 2399107, 660480.4 2399132, 660490.4 2399156, 660501.7 2399179, 660514.2 2399202, 660527.8 2399225, 660542.7 2399246, 660558.6 2399267, 660575.6 2399287, 660593.6 2399306, 660612.6 2399324, 660632.5 2399341, 660653.3 2399357, 660674.9 2399372, 660697.2 2399385, 660720.2 2399398, 660743.8 2399409, 660768 2399419, 660792.7 2399428, 660817.8 2399435, 660843.2 2399441, 660869 2399446, 660894.9 2399450, 660921 2399452, 660947.2 2399452, 660973.3 2399452, 660999.4 2399450, 661025.4 2399446, 661051.1 2399441, 661076.6 2399435, 661101.7 2399428, 661126.4 2399419, 661150.5 2399409, 661174.2 2399398, 661197.2 2399385, 661219.5 2399372, 661241.1 2399357, 661261.8 2399341, 661281.7 2399324, 661300.7 2399306, 661318.7 2399287, 661335.7 2399267, 661351.7 2399246, 661366.5 2399225, 661380.2 2399202, 661392.7 2399179, 661403.9 2399156, 661414 2399132, 661422.7 2399107, 661430.1 2399082, 661436.2 2399056, 661441 2399031, 661444.4 2399005, 661446.5 2398979, 661447.2 2398952))"
22,20260531,Forest,9611.842105263157,35.375788827246616,0.27491408934707906,0,Hani,NA,NA,0,1,0,5110,41.65793837564078,1163.3077639875758,301.647705078125,24.54566764831543,90,28862.192916870117,362332.4249267578,0.03853565315402033,1,122,9000,0.31182661781528903,1862.1944189071655,0.06452019859581433,0,1,6.123233995736766e-17,1,9.17075116988656,3.5660276547182206,-1.2912966324976107,"POLYGON ((699250.8 2399827, 699250.1 2399801, 699248 2399775, 699244.6 2399749, 699239.8 2399723, 699233.7 2399697, 699226.3 2399672, 699217.5 2399648, 699207.5 2399623, 699196.3 2399600, 699183.8 2399577, 699170.1 2399554, 699155.3 2399533, 699139.3 2399512, 699122.3 2399492, 699104.3 2399473, 699085.3 2399455, 699065.4 2399438, 699044.6 2399422, 699023.1 2399407, 699000.8 2399394, 698977.7 2399381, 698954.1 2399370, 698929.9 2399360, 698905.3 2399351, 698880.2 2399344, 698854.7 2399338, 698829 2399333, 698803 2399330, 698776.9 2399327, 698750.8 2399327, 698724.6 2399327, 698698.5 2399330, 698672.5 2399333, 698646.8 2399338, 698621.3 2399344, 698596.2 2399351, 698571.6 2399360, 698547.4 2399370, 698523.8 2399381, 698500.8 2399394, 698478.4 2399407, 698456.9 2399422, 698436.1 2399438, 698416.2 2399455, 698397.2 2399473, 698379.2 2399492, 698362.2 2399512, 698346.2 2399533, 698331.4 2399554, 698317.7 2399577, 698305.2 2399600, 698294 2399623, 698284 2399648, 698275.2 2399672, 698267.8 2399697, 698261.7 2399723, 698256.9 2399749, 698253.5 2399775, 698251.4 2399801, 698250.8 2399827, 698251.4 2399853, 698253.5 2399879, 698256.9 2399905, 698261.7 2399931, 698267.8 2399956, 698275.2 2399981, 698284 2400006, 698294 2400030, 698305.2 2400054, 698317.7 2400077, 698331.4 2400099, 698346.2 2400121, 698362.2 2400141, 698379.2 2400161, 698397.2 2400180, 698416.2 2400198, 698436.1 2400215, 698456.9 2400231, 698478.4 2400246, 698500.8 2400260, 698523.8 2400272, 698547.4 2400284, 698571.6 2400294, 698596.2 2400302, 698621.3 2400310, 698646.8 2400316, 698672.5 2400321, 698698.5 2400324, 698724.6 2400326, 698750.8 2400327, 698776.9 2400326, 698803 2400324, 698829 2400321, 698854.7 2400316, 698880.2 2400310, 698905.3 2400302, 698929.9 2400294, 698954.1 2400284, 698977.7 2400272, 699000.8 2400260, 699023.1 2400246, 699044.6 2400231, 699065.4 2400215, 699085.3 2400198, 699104.3 2400180, 699122.3 2400161, 699139.3 2400141, 699155.3 2400121, 699170.1 2400099, 699183.8 2400077, 699196.3 2400054, 699207.5 2400030, 699217.5 2400006, 699226.3 2399981, 699233.7 2399956, 699239.8 2399931, 699244.6 2399905, 699248 2399879, 699250.1 2399853, 699250.8 2399827))"
22,20260531,Forest,28221.39534883721,36.32440798387466,1.8620967741935484,0,Hani,NA,NA,0,1,0,5431,64.79943925771863,1170.3502119785596,825.18475341796875,8.888975143432617,11.480735981654568,31520.76759338379,89002.95639038086,0.2951524514684901,1,2,1985.4668140411377,0.06298916446621963,2700,0.08565781248825712,0,1,0.9799916808281597,0.19903845233421183,10.247835669571991,3.59248991156372,0.6217031507554128,"POLYGON ((674832.2 2424849, 674831.5 2424823, 674829.5 2424797, 674826 2424771, 674821.3 2424745, 674815.2 2424720, 674807.7 2424695, 674799 2424670, 674789 2424646, 674777.7 2424622, 674765.2 2424599, 674751.5 2424577, 674736.7 2424555, 674720.8 2424535, 674703.8 2424515, 674685.7 2424496, 674666.8 2424478, 674646.9 2424461, 674626.1 2424445, 674604.5 2424430, 674582.2 2424416, 674559.2 2424404, 674535.6 2424392, 674511.4 2424382, 674486.7 2424374, 674461.6 2424366, 674436.2 2424360, 674410.4 2424355, 674384.5 2424352, 674358.4 2424350, 674332.2 2424349, 674306 2424350, 674279.9 2424352, 674254 2424355, 674228.2 2424360, 674202.8 2424366, 674177.7 2424374, 674153 2424382, 674128.8 2424392, 674105.2 2424404, 674082.2 2424416, 674059.9 2424430, 674038.3 2424445, 674017.5 2424461, 673997.6 2424478, 673978.6 2424496, 673960.6 2424515, 673943.6 2424535, 673927.7 2424555, 673912.9 2424577, 673899.2 2424599, 673886.7 2424622, 673875.4 2424646, 673865.4 2424670, 673856.7 2424695, 673849.2 2424720, 673843.1 2424745, 673838.4 2424771, 673834.9 2424797, 673832.9 2424823, 673832.2 2424849, 673832.9 2424875, 673834.9 2424901, 673838.4 2424927, 673843.1 2424953, 673849.2 2424979, 673856.7 2425004, 673865.4 2425028, 673875.4 2425053, 673886.7 2425076, 673899.2 2425099, 673912.9 2425122, 673927.7 2425143, 673943.6 2425164, 673960.6 2425184, 673978.6 2425203, 673997.6 2425221, 674017.5 2425238, 674038.3 2425254, 674059.9 2425269, 674082.2 2425282, 674105.2 2425295, 674128.8 2425306, 674153 2425316, 674177.7 2425325, 674202.8 2425332, 674228.2 2425338, 674254 2425343, 674279.9 2425346, 674306 2425348, 674332.2 2425349, 674358.4 2425348, 674384.5 2425346, 674410.4 2425343, 674436.2 2425338, 674461.6 2425332, 674486.7 2425325, 674511.4 2425316, 674535.6 2425306, 674559.2 2425295, 674582.2 2425282, 674604.5 2425269, 674626.1 2425254, 674646.9 2425238, 674666.8 2425221, 674685.7 2425203, 674703.8 2425184, 674720.8 2425164, 674736.7 2425143, 674751.5 2425122, 674765.2 2425099, 674777.7 2425076, 674789 2425053, 674799 2425028, 674807.7 2425004, 674815.2 2424979, 674821.3 2424953, 674826 2424927, 674829.5 2424901, 674831.5 2424875, 674832.2 2424849))"
22,20260531,Forest,9620.300751879699,41.51503560607066,0.2980101804720037,0,Hani,NA,NA,0,1,0,5434,325.1821972247109,691.3611178556773,774.987548828125,12.957436561584473,199.40589648049445,32203.111267089844,514600.7080078125,0.2135337549836818,1,84,32203.111267089844,1,0,0,0,1,-0.9431884692545828,-0.33225819999692563,9.171630806360227,3.726055665381232,-1.2106276304025323,"POLYGON ((700937.3 2405827, 700936.6 2405801, 700934.5 2405775, 700931.1 2405749, 700926.3 2405723, 700920.2 2405698, 700912.8 2405673, 700904 2405648, 700894 2405624, 700882.8 2405600, 700870.3 2405577, 700856.6 2405555, 700841.8 2405534, 700825.8 2405513, 700808.8 2405493, 700790.8 2405474, 700771.8 2405456, 700751.9 2405439, 700731.2 2405423, 700709.6 2405408, 700687.3 2405394, 700664.3 2405382, 700640.6 2405371, 700616.4 2405361, 700591.8 2405352, 700566.7 2405344, 700541.2 2405338, 700515.5 2405334, 700489.5 2405330, 700463.4 2405328, 700437.3 2405327, 700411.1 2405328, 700385 2405330, 700359 2405334, 700333.3 2405338, 700307.8 2405344, 700282.8 2405352, 700258.1 2405361, 700233.9 2405371, 700210.3 2405382, 700187.3 2405394, 700164.9 2405408, 700143.4 2405423, 700122.6 2405439, 700102.7 2405456, 700083.7 2405474, 700065.7 2405493, 700048.7 2405513, 700032.8 2405534, 700017.9 2405555, 700004.2 2405577, 699991.8 2405600, 699980.5 2405624, 699970.5 2405648, 699961.7 2405673, 699954.3 2405698, 699948.2 2405723, 699943.4 2405749, 699940 2405775, 699937.9 2405801, 699937.3 2405827, 699937.9 2405854, 699940 2405880, 699943.4 2405906, 699948.2 2405931, 699954.3 2405957, 699961.7 2405982, 699970.5 2406007, 699980.5 2406031, 699991.8 2406054, 700004.2 2406077, 700017.9 2406100, 700032.8 2406121, 700048.7 2406142, 700065.7 2406162, 700083.7 2406181, 700102.7 2406199, 700122.6 2406216, 700143.4 2406232, 700164.9 2406247, 700187.3 2406260, 700210.3 2406273, 700233.9 2406284, 700258.1 2406294, 700282.8 2406303, 700307.8 2406310, 700333.3 2406317, 700359 2406321, 700385 2406325, 700411.1 2406327, 700437.3 2406327, 700463.4 2406327, 700489.5 2406325, 700515.5 2406321, 700541.2 2406317, 700566.7 2406310, 700591.8 2406303, 700616.4 2406294, 700640.6 2406284, 700664.3 2406273, 700687.3 2406260, 700709.6 2406247, 700731.2 2406232, 700751.9 2406216, 700771.8 2406199, 700790.8 2406181, 700808.8 2406162, 700825.8 2406142, 700841.8 2406121, 700856.6 2406100, 700870.3 2406077, 700882.8 2406054, 700894 2406031, 700904 2406007, 700912.8 2405982, 700920.2 2405957, 700926.3 2405931, 700931.1 2405906, 700934.5 2405880, 700936.6 2405854, 700937.3 2405827))"
22,20260531,Forest,9566.511627906977,26.327719227924465,0.932825484764543,0,Hani,NA,NA,0,1,0,5770,153.07166300374496,968.8037287659688,931.82928466796875,12.684420585632324,64.7079976427657,92596.00067138672,133685.44464111328,0.22024776494766,1,80,88996.00067138672,0.9611214310132463,3600,0.038878568986753695,0,1,0.42723166268197654,0.9041421936852598,9.166023906806155,3.270622347193581,-0.06953714304240752,"POLYGON ((671932.5 2432143, 671931.8 2432117, 671929.8 2432091, 671926.3 2432065, 671921.6 2432039, 671915.5 2432013, 671908 2431988, 671899.3 2431964, 671889.3 2431939, 671878 2431916, 671865.5 2431893, 671851.8 2431871, 671837 2431849, 671821.1 2431828, 671804.1 2431808, 671786.1 2431789, 671767.1 2431771, 671747.2 2431754, 671726.4 2431738, 671704.8 2431724, 671682.5 2431710, 671659.5 2431697, 671635.9 2431686, 671611.7 2431676, 671587 2431667, 671561.9 2431660, 671536.5 2431654, 671510.7 2431649, 671484.8 2431646, 671458.7 2431644, 671432.5 2431643, 671406.3 2431644, 671380.2 2431646, 671354.3 2431649, 671328.5 2431654, 671303.1 2431660, 671278 2431667, 671253.3 2431676, 671229.1 2431686, 671205.5 2431697, 671182.5 2431710, 671160.2 2431724, 671138.6 2431738, 671117.8 2431754, 671097.9 2431771, 671078.9 2431789, 671060.9 2431808, 671043.9 2431828, 671028 2431849, 671013.2 2431871, 670999.5 2431893, 670987 2431916, 670975.7 2431939, 670965.7 2431964, 670957 2431988, 670949.5 2432013, 670943.4 2432039, 670938.7 2432065, 670935.2 2432091, 670933.2 2432117, 670932.5 2432143, 670933.2 2432169, 670935.2 2432195, 670938.7 2432221, 670943.4 2432247, 670949.5 2432272, 670957 2432297, 670965.7 2432322, 670975.7 2432346, 670987 2432370, 670999.5 2432393, 671013.2 2432415, 671028 2432437, 671043.9 2432458, 671060.9 2432477, 671078.9 2432496, 671097.9 2432514, 671117.8 2432531, 671138.6 2432547, 671160.2 2432562, 671182.5 2432576, 671205.5 2432588, 671229.1 2432600, 671253.3 2432610, 671278 2432618, 671303.1 2432626, 671328.5 2432632, 671354.3 2432637, 671380.2 2432640, 671406.3 2432642, 671432.5 2432643, 671458.7 2432642, 671484.8 2432640, 671510.7 2432637, 671536.5 2432632, 671561.9 2432626, 671587 2432618, 671611.7 2432610, 671635.9 2432600, 671659.5 2432588, 671682.5 2432576, 671704.8 2432562, 671726.4 2432547, 671747.2 2432531, 671767.1 2432514, 671786.1 2432496, 671804.1 2432477, 671821.1 2432458, 671837 2432437, 671851.8 2432415, 671865.5 2432393, 671878 2432370, 671889.3 2432346, 671899.3 2432322, 671908 2432297, 671915.5 2432272, 671921.6 2432247, 671926.3 2432221, 671929.8 2432195, 671931.8 2432169, 671932.5 2432143))"
22,20260531,Forest,2715.8853672423606,19.408732153463,0.688783570300158,0,Hani,NA,NA,0,1,0,5800,76.44477241156326,519.4411544287119,1513.4061279296875,10.535408020019531,190.8397054482975,334052.0782470703,6300,0.25013995218298246,1,110,0,0,130277.3208618164,0.3899910503339578,0,1,-0.98215716134631,-0.18806198556900947,7.906873281323348,2.9657230758029596,-0.3728281787951418,"POLYGON ((661401.7 2399350, 661401 2399324, 661398.9 2399298, 661395.5 2399272, 661390.7 2399246, 661384.6 2399221, 661377.2 2399196, 661368.5 2399171, 661358.4 2399147, 661347.2 2399123, 661334.7 2399100, 661321 2399078, 661306.2 2399056, 661290.2 2399036, 661273.2 2399016, 661255.2 2398997, 661236.2 2398979, 661216.3 2398962, 661195.6 2398946, 661174 2398931, 661151.7 2398917, 661128.7 2398905, 661105 2398893, 661080.8 2398883, 661056.2 2398875, 661031.1 2398867, 661005.6 2398861, 660979.9 2398856, 660953.9 2398853, 660927.8 2398851, 660901.7 2398850, 660875.5 2398851, 660849.4 2398853, 660823.4 2398856, 660797.7 2398861, 660772.3 2398867, 660747.2 2398875, 660722.5 2398883, 660698.3 2398893, 660674.7 2398905, 660651.7 2398917, 660629.3 2398931, 660607.8 2398946, 660587 2398962, 660567.1 2398979, 660548.1 2398997, 660530.1 2399016, 660513.1 2399036, 660497.2 2399056, 660482.3 2399078, 660468.6 2399100, 660456.2 2399123, 660444.9 2399147, 660434.9 2399171, 660426.1 2399196, 660418.7 2399221, 660412.6 2399246, 660407.8 2399272, 660404.4 2399298, 660402.3 2399324, 660401.7 2399350, 660402.3 2399376, 660404.4 2399402, 660407.8 2399428, 660412.6 2399454, 660418.7 2399480, 660426.1 2399505, 660434.9 2399529, 660444.9 2399554, 660456.2 2399577, 660468.6 2399600, 660482.3 2399623, 660497.2 2399644, 660513.1 2399665, 660530.1 2399685, 660548.1 2399704, 660567.1 2399722, 660587 2399739, 660607.8 2399755, 660629.3 2399770, 660651.7 2399783, 660674.7 2399796, 660698.3 2399807, 660722.5 2399817, 660747.2 2399826, 660772.3 2399833, 660797.7 2399839, 660823.4 2399844, 660849.4 2399847, 660875.5 2399850, 660901.7 2399850, 660927.8 2399850, 660953.9 2399847, 660979.9 2399844, 661005.6 2399839, 661031.1 2399833, 661056.2 2399826, 661080.8 2399817, 661105 2399807, 661128.7 2399796, 661151.7 2399783, 661174 2399770, 661195.6 2399755, 661216.3 2399739, 661236.2 2399722, 661255.2 2399704, 661273.2 2399685, 661290.2 2399665, 661306.2 2399644, 661321 2399623, 661334.7 2399600, 661347.2 2399577, 661358.4 2399554, 661368.5 2399529, 661377.2 2399505, 661384.6 2399480, 661390.7 2399454, 661395.5 2399428, 661398.9 2399402, 661401 2399376, 661401.7 2399350))"
22,20260531,Forest,9620.300751879699,41.51503560607066,0.2980101804720037,0,Hani,NA,NA,0,1,0,6270,740.3003789670718,946.1360160812269,663.21783447265625,13.257939338684082,101.84070577969446,2699.1137981414795,217522.08709716797,0.22807336808305018,1,1,2699.1137981414795,1,0,0,0,1,-0.2051914363938564,0.9787218575420833,9.171630806360227,3.726055665381232,-1.2106276304025323,"POLYGON ((702342.2 2412223, 702341.5 2412197, 702339.5 2412170, 702336 2412144, 702331.3 2412119, 702325.2 2412093, 702317.7 2412068, 702309 2412044, 702299 2412019, 702287.7 2411996, 702275.2 2411973, 702261.5 2411950, 702246.7 2411929, 702230.8 2411908, 702213.8 2411888, 702195.8 2411869, 702176.8 2411851, 702156.9 2411834, 702136.1 2411818, 702114.5 2411803, 702092.2 2411790, 702069.2 2411777, 702045.6 2411766, 702021.4 2411756, 701996.7 2411747, 701971.6 2411740, 701946.2 2411734, 701920.4 2411729, 701894.5 2411725, 701868.4 2411723, 701842.2 2411723, 701816 2411723, 701789.9 2411725, 701764 2411729, 701738.2 2411734, 701712.8 2411740, 701687.7 2411747, 701663 2411756, 701638.8 2411766, 701615.2 2411777, 701592.2 2411790, 701569.9 2411803, 701548.3 2411818, 701527.5 2411834, 701507.6 2411851, 701488.6 2411869, 701470.6 2411888, 701453.6 2411908, 701437.7 2411929, 701422.9 2411950, 701409.2 2411973, 701396.7 2411996, 701385.4 2412019, 701375.4 2412044, 701366.7 2412068, 701359.2 2412093, 701353.1 2412119, 701348.4 2412144, 701344.9 2412170, 701342.9 2412197, 701342.2 2412223, 701342.9 2412249, 701344.9 2412275, 701348.4 2412301, 701353.1 2412327, 701359.2 2412352, 701366.7 2412377, 701375.4 2412402, 701385.4 2412426, 701396.7 2412450, 701409.2 2412473, 701422.9 2412495, 701437.7 2412517, 701453.6 2412537, 701470.6 2412557, 701488.6 2412576, 701507.6 2412594, 701527.5 2412611, 701548.3 2412627, 701569.9 2412642, 701592.2 2412656, 701615.2 2412668, 701638.8 2412679, 701663 2412690, 701687.7 2412698, 701712.8 2412706, 701738.2 2412712, 701764 2412717, 701789.9 2412720, 701816 2412722, 701842.2 2412723, 701868.4 2412722, 701894.5 2412720, 701920.4 2412717, 701946.2 2412712, 701971.6 2412706, 701996.7 2412698, 702021.4 2412690, 702045.6 2412679, 702069.2 2412668, 702092.2 2412656, 702114.5 2412642, 702136.1 2412627, 702156.9 2412611, 702176.8 2412594, 702195.8 2412576, 702213.8 2412557, 702230.8 2412537, 702246.7 2412517, 702261.5 2412495, 702275.2 2412473, 702287.7 2412450, 702299 2412426, 702309 2412402, 702317.7 2412377, 702325.2 2412352, 702331.3 2412327, 702336 2412301, 702339.5 2412275, 702341.5 2412249, 702342.2 2412223))"
22,20260531,Forest,7221.484152590624,50.11014177252991,0.7464285714285714,0,Hani,NA,NA,0,1,0,6284,79.9917790921081,172.77060388233807,1050.416748046875,17.38414764404297,226.6442106100599,785039.3371582031,0,0.09101900276417334,1,118,704132.55615234375,0.896939201417935,13502.384376525879,0.017199627760570223,0,1,-0.6865266662512424,-0.7271046255704575,8.884815772062684,3.9142234181939313,-0.2924553512044386,"POLYGON ((681976.1 2387075, 681975.4 2387049, 681973.4 2387023, 681969.9 2386997, 681965.2 2386971, 681959.1 2386945, 681951.6 2386920, 681942.9 2386896, 681932.9 2386871, 681921.6 2386848, 681909.1 2386825, 681895.4 2386803, 681880.6 2386781, 681864.7 2386760, 681847.7 2386740, 681829.7 2386721, 681810.7 2386703, 681790.8 2386686, 681770 2386670, 681748.4 2386655, 681726.1 2386642, 681703.1 2386629, 681679.5 2386618, 681655.3 2386608, 681630.6 2386599, 681605.5 2386592, 681580.1 2386586, 681554.3 2386581, 681528.4 2386578, 681502.3 2386576, 681476.1 2386575, 681449.9 2386576, 681423.8 2386578, 681397.9 2386581, 681372.1 2386586, 681346.7 2386592, 681321.6 2386599, 681296.9 2386608, 681272.7 2386618, 681249.1 2386629, 681226.1 2386642, 681203.8 2386655, 681182.2 2386670, 681161.4 2386686, 681141.5 2386703, 681122.6 2386721, 681104.5 2386740, 681087.5 2386760, 681071.6 2386781, 681056.8 2386803, 681043.1 2386825, 681030.6 2386848, 681019.3 2386871, 681009.3 2386896, 681000.6 2386920, 680993.1 2386945, 680987 2386971, 680982.3 2386997, 680978.8 2387023, 680976.8 2387049, 680976.1 2387075, 680976.8 2387101, 680978.8 2387127, 680982.3 2387153, 680987 2387179, 680993.1 2387204, 681000.6 2387229, 681009.3 2387254, 681019.3 2387278, 681030.6 2387302, 681043.1 2387325, 681056.8 2387347, 681071.6 2387369, 681087.5 2387389, 681104.5 2387409, 681122.6 2387428, 681141.5 2387446, 681161.4 2387463, 681182.2 2387479, 681203.8 2387494, 681226.1 2387508, 681249.1 2387520, 681272.7 2387532, 681296.9 2387542, 681321.6 2387550, 681346.7 2387558, 681372.1 2387564, 681397.9 2387569, 681423.8 2387572, 681449.9 2387574, 681476.1 2387575, 681502.3 2387574, 681528.4 2387572, 681554.3 2387569, 681580.1 2387564, 681605.5 2387558, 681630.6 2387550, 681655.3 2387542, 681679.5 2387532, 681703.1 2387520, 681726.1 2387508, 681748.4 2387494, 681770 2387479, 681790.8 2387463, 681810.7 2387446, 681829.7 2387428, 681847.7 2387409, 681864.7 2387389, 681880.6 2387369, 681895.4 2387347, 681909.1 2387325, 681921.6 2387302, 681932.9 2387278, 681942.9 2387254, 681951.6 2387229, 681959.1 2387204, 681965.2 2387179, 681969.9 2387153, 681973.4 2387127, 681975.4 2387101, 681976.1 2387075))"
22,20260531,Forest,8196.42857142857,29.790644225739026,0.5217557251908397,0,Hani,NA,NA,0,1,0,6293,1037.6600195003898,2405.300531180453,676.66607666015625,9.006662368774414,339.2172693642691,36.055195704102516,785003.3020019531,0.11452021478158848,1,63,36.055195704102516,1,0,0,0,1,0.9349326657504043,-0.3548251830308027,9.011453798307533,3.3941943920616544,-0.650555760031193,"POLYGON ((702383 2404633, 702382.3 2404607, 702380.3 2404581, 702376.9 2404555, 702372.1 2404529, 702366 2404504, 702358.5 2404479, 702349.8 2404454, 702339.8 2404430, 702328.5 2404406, 702316 2404383, 702302.3 2404361, 702287.5 2404339, 702271.6 2404318, 702254.6 2404298, 702236.6 2404279, 702217.6 2404261, 702197.7 2404244, 702176.9 2404229, 702155.3 2404214, 702133 2404200, 702110 2404188, 702086.4 2404176, 702062.2 2404166, 702037.5 2404158, 702012.4 2404150, 701987 2404144, 701961.2 2404139, 701935.3 2404136, 701909.2 2404134, 701883 2404133, 701856.8 2404134, 701830.7 2404136, 701804.8 2404139, 701779.1 2404144, 701753.6 2404150, 701728.5 2404158, 701703.8 2404166, 701679.6 2404176, 701656 2404188, 701633 2404200, 701610.7 2404214, 701589.1 2404229, 701568.4 2404244, 701548.4 2404261, 701529.5 2404279, 701511.4 2404298, 701494.4 2404318, 701478.5 2404339, 701463.7 2404361, 701450 2404383, 701437.5 2404406, 701426.2 2404430, 701416.2 2404454, 701407.5 2404479, 701400 2404504, 701393.9 2404529, 701389.2 2404555, 701385.8 2404581, 701383.7 2404607, 701383 2404633, 701383.7 2404659, 701385.8 2404685, 701389.2 2404711, 701393.9 2404737, 701400 2404762, 701407.5 2404788, 701416.2 2404812, 701426.2 2404836, 701437.5 2404860, 701450 2404883, 701463.7 2404905, 701478.5 2404927, 701494.4 2404948, 701511.4 2404968, 701529.5 2404987, 701548.4 2405005, 701568.4 2405022, 701589.1 2405038, 701610.7 2405052, 701633 2405066, 701656 2405079, 701679.6 2405090, 701703.8 2405100, 701728.5 2405109, 701753.6 2405116, 701779.1 2405122, 701804.8 2405127, 701830.7 2405130, 701856.8 2405132, 701883 2405133, 701909.2 2405132, 701935.3 2405130, 701961.2 2405127, 701987 2405122, 702012.4 2405116, 702037.5 2405109, 702062.2 2405100, 702086.4 2405090, 702110 2405079, 702133 2405066, 702155.3 2405052, 702176.9 2405038, 702197.7 2405022, 702217.6 2405005, 702236.6 2404987, 702254.6 2404968, 702271.6 2404948, 702287.5 2404927, 702302.3 2404905, 702316 2404883, 702328.5 2404860, 702339.8 2404836, 702349.8 2404812, 702358.5 2404788, 702366 2404762, 702372.1 2404737, 702376.9 2404711, 702380.3 2404685, 702382.3 2404659, 702383 2404633))"
22,20260531,Forest,9725.563909774435,35.4184866616443,0.38167655786350146,0,Hani,NA,NA,0,1,0,6308,575.1220757993171,1248.3489249672864,576.94720458984375,15.001547813415527,143.63134404197976,38695.986557006836,20183.156776428223,0.1629426940775174,1,57,14179.714679718018,0.3664388982260084,0,0,0,1,-0.8052183106966722,0.5929784752575743,9.182513152386466,3.5672339059095797,-0.9631817361981481,"POLYGON ((694841.8 2426567, 694841.1 2426541, 694839 2426515, 694835.6 2426489, 694830.8 2426463, 694824.7 2426438, 694817.3 2426413, 694808.5 2426388, 694798.5 2426364, 694787.3 2426340, 694774.8 2426317, 694761.1 2426295, 694746.3 2426273, 694730.3 2426253, 694713.3 2426233, 694695.3 2426214, 694676.3 2426196, 694656.4 2426179, 694635.6 2426163, 694614.1 2426148, 694591.8 2426134, 694568.8 2426122, 694545.1 2426111, 694520.9 2426101, 694496.3 2426092, 694471.2 2426084, 694445.7 2426078, 694420 2426074, 694394 2426070, 694367.9 2426068, 694341.8 2426067, 694315.6 2426068, 694289.5 2426070, 694263.5 2426074, 694237.8 2426078, 694212.3 2426084, 694187.2 2426092, 694162.6 2426101, 694138.4 2426111, 694114.8 2426122, 694091.8 2426134, 694069.4 2426148, 694047.9 2426163, 694027.1 2426179, 694007.2 2426196, 693988.2 2426214, 693970.2 2426233, 693953.2 2426253, 693937.2 2426273, 693922.4 2426295, 693908.7 2426317, 693896.3 2426340, 693885 2426364, 693875 2426388, 693866.2 2426413, 693858.8 2426438, 693852.7 2426463, 693847.9 2426489, 693844.5 2426515, 693842.4 2426541, 693841.8 2426567, 693842.4 2426594, 693844.5 2426620, 693847.9 2426646, 693852.7 2426671, 693858.8 2426697, 693866.2 2426722, 693875 2426747, 693885 2426771, 693896.3 2426794, 693908.7 2426817, 693922.4 2426840, 693937.2 2426861, 693953.2 2426882, 693970.2 2426902, 693988.2 2426921, 694007.2 2426939, 694027.1 2426956, 694047.9 2426972, 694069.4 2426987, 694091.8 2427000, 694114.8 2427013, 694138.4 2427024, 694162.6 2427034, 694187.2 2427043, 694212.3 2427050, 694237.8 2427056, 694263.5 2427061, 694289.5 2427065, 694315.6 2427067, 694341.8 2427067, 694367.9 2427067, 694394 2427065, 694420 2427061, 694445.7 2427056, 694471.2 2427050, 694496.3 2427043, 694520.9 2427034, 694545.1 2427024, 694568.8 2427013, 694591.8 2427000, 694614.1 2426987, 694635.6 2426972, 694656.4 2426956, 694676.3 2426939, 694695.3 2426921, 694713.3 2426902, 694730.3 2426882, 694746.3 2426861, 694761.1 2426840, 694774.8 2426817, 694787.3 2426794, 694798.5 2426771, 694808.5 2426747, 694817.3 2426722, 694824.7 2426697, 694830.8 2426671, 694835.6 2426646, 694839 2426620, 694841.1 2426594, 694841.8 2426567))"
22,20260531,Forest,9566.511627906977,26.327719227924465,0.932825484764543,0,Hani,NA,NA,0,1,0,6318,313.10184194632825,2311.031066086034,810.407470703125,11.833563804626465,116.05002515894405,123141.43981933594,56962.9508972168,0.1718442385301266,1,61,64641.43981933594,0.5249365275749017,5400,0.04385201283923984,0,1,-0.4391557200384921,0.8984109602834738,9.166023906806155,3.270622347193581,-0.06953714304240752,"POLYGON ((672003.5 2433775, 672002.8 2433749, 672000.7 2433723, 671997.3 2433697, 671992.6 2433671, 671986.4 2433646, 671979 2433621, 671970.3 2433596, 671960.3 2433572, 671949 2433548, 671936.5 2433525, 671922.8 2433503, 671908 2433481, 671892.1 2433461, 671875.1 2433441, 671857 2433422, 671838 2433404, 671818.1 2433387, 671797.4 2433371, 671775.8 2433356, 671753.5 2433342, 671730.5 2433330, 671706.8 2433319, 671682.7 2433309, 671658 2433300, 671632.9 2433292, 671607.4 2433286, 671581.7 2433282, 671555.7 2433278, 671529.6 2433276, 671503.5 2433275, 671477.3 2433276, 671451.2 2433278, 671425.3 2433282, 671399.5 2433286, 671374.1 2433292, 671349 2433300, 671324.3 2433309, 671300.1 2433319, 671276.5 2433330, 671253.5 2433342, 671231.2 2433356, 671209.6 2433371, 671188.8 2433387, 671168.9 2433404, 671149.9 2433422, 671131.9 2433441, 671114.9 2433461, 671099 2433481, 671084.1 2433503, 671070.5 2433525, 671058 2433548, 671046.7 2433572, 671036.7 2433596, 671027.9 2433621, 671020.5 2433646, 671014.4 2433671, 671009.6 2433697, 671006.2 2433723, 671004.2 2433749, 671003.5 2433775, 671004.2 2433802, 671006.2 2433828, 671009.6 2433854, 671014.4 2433879, 671020.5 2433905, 671027.9 2433930, 671036.7 2433955, 671046.7 2433979, 671058 2434002, 671070.5 2434025, 671084.1 2434048, 671099 2434069, 671114.9 2434090, 671131.9 2434110, 671149.9 2434129, 671168.9 2434147, 671188.8 2434164, 671209.6 2434180, 671231.2 2434195, 671253.5 2434208, 671276.5 2434221, 671300.1 2434232, 671324.3 2434242, 671349 2434251, 671374.1 2434258, 671399.5 2434264, 671425.3 2434269, 671451.2 2434273, 671477.3 2434275, 671503.5 2434275, 671529.6 2434275, 671555.7 2434273, 671581.7 2434269, 671607.4 2434264, 671632.9 2434258, 671658 2434251, 671682.7 2434242, 671706.8 2434232, 671730.5 2434221, 671753.5 2434208, 671775.8 2434195, 671797.4 2434180, 671818.1 2434164, 671838 2434147, 671857 2434129, 671875.1 2434110, 671892.1 2434090, 671908 2434069, 671922.8 2434048, 671936.5 2434025, 671949 2434002, 671960.3 2433979, 671970.3 2433955, 671979 2433930, 671986.4 2433905, 671992.6 2433879, 671997.3 2433854, 672000.7 2433828, 672002.8 2433802, 672003.5 2433775))"
22,20260531,Forest,3378.2501423420003,27.32013936280332,2.0710014947683106,0,Hani,NA,NA,0,1,0,6382,329.77820152126577,793.934933577283,1443.416259765625,11.155500411987305,66.6655888594295,743639.3371582031,41400,0.21497957733606943,1,3,0,0,0,0,0,1,0.3960970387939459,0.9182086559484545,8.125113145053028,3.3076241358170795,0.7280323041748045,"POLYGON ((666658.3 2411429, 666657.6 2411402, 666655.6 2411376, 666652.1 2411350, 666647.4 2411325, 666641.3 2411299, 666633.8 2411274, 666625.1 2411249, 666615.1 2411225, 666603.8 2411202, 666591.3 2411179, 666577.6 2411156, 666562.8 2411135, 666546.9 2411114, 666529.9 2411094, 666511.9 2411075, 666492.9 2411057, 666473 2411040, 666452.2 2411024, 666430.6 2411009, 666408.3 2410996, 666385.3 2410983, 666361.7 2410972, 666337.5 2410962, 666312.8 2410953, 666287.7 2410946, 666262.3 2410939, 666236.5 2410935, 666210.6 2410931, 666184.5 2410929, 666158.3 2410929, 666132.1 2410929, 666106 2410931, 666080.1 2410935, 666054.3 2410939, 666028.9 2410946, 666003.8 2410953, 665979.1 2410962, 665954.9 2410972, 665931.3 2410983, 665908.3 2410996, 665886 2411009, 665864.4 2411024, 665843.6 2411040, 665823.7 2411057, 665804.7 2411075, 665786.7 2411094, 665769.7 2411114, 665753.8 2411135, 665739 2411156, 665725.3 2411179, 665712.8 2411202, 665701.5 2411225, 665691.5 2411249, 665682.8 2411274, 665675.3 2411299, 665669.2 2411325, 665664.5 2411350, 665661 2411376, 665659 2411402, 665658.3 2411429, 665659 2411455, 665661 2411481, 665664.5 2411507, 665669.2 2411533, 665675.3 2411558, 665682.8 2411583, 665691.5 2411608, 665701.5 2411632, 665712.8 2411656, 665725.3 2411679, 665739 2411701, 665753.8 2411722, 665769.7 2411743, 665786.7 2411763, 665804.7 2411782, 665823.7 2411800, 665843.6 2411817, 665864.4 2411833, 665886 2411848, 665908.3 2411862, 665931.3 2411874, 665954.9 2411885, 665979.1 2411895, 666003.8 2411904, 666028.9 2411912, 666054.3 2411918, 666080.1 2411922, 666106 2411926, 666132.1 2411928, 666158.3 2411929, 666184.5 2411928, 666210.6 2411926, 666236.5 2411922, 666262.3 2411918, 666287.7 2411912, 666312.8 2411904, 666337.5 2411895, 666361.7 2411885, 666385.3 2411874, 666408.3 2411862, 666430.6 2411848, 666452.2 2411833, 666473 2411817, 666492.9 2411800, 666511.9 2411782, 666529.9 2411763, 666546.9 2411743, 666562.8 2411722, 666577.6 2411701, 666591.3 2411679, 666603.8 2411656, 666615.1 2411632, 666625.1 2411608, 666633.8 2411583, 666641.3 2411558, 666647.4 2411533, 666652.1 2411507, 666655.6 2411481, 666657.6 2411455, 666658.3 2411429))"
22,20260531,Forest,8472.744360902256,27.219660257375487,0.31721384205856257,0,Hani,NA,NA,0,1,0,6398,374.14991074383767,1698.6818767140473,597.7939453125,8.20523738861084,237.11180227934614,54340.94696044922,188760.20965576172,0.26444469615969546,1,60,54340.94696044922,1,0,0,0,1,-0.5430014862792579,-0.8397317344834103,9.044609744717965,3.303939515785232,-1.1481791519057138,"POLYGON ((703191.2 2414616, 703190.6 2414590, 703188.5 2414564, 703185.1 2414538, 703180.3 2414512, 703174.2 2414487, 703166.8 2414462, 703158 2414437, 703148 2414413, 703136.7 2414389, 703124.3 2414366, 703110.6 2414344, 703095.7 2414322, 703079.8 2414302, 703062.8 2414282, 703044.8 2414263, 703025.8 2414245, 703005.9 2414228, 702985.1 2414212, 702963.6 2414197, 702941.2 2414183, 702918.2 2414171, 702894.6 2414160, 702870.4 2414150, 702845.7 2414141, 702820.6 2414133, 702795.2 2414127, 702769.5 2414122, 702743.5 2414119, 702717.4 2414117, 702691.2 2414116, 702665.1 2414117, 702639 2414119, 702613 2414122, 702587.3 2414127, 702561.8 2414133, 702536.7 2414141, 702512.1 2414150, 702487.9 2414160, 702464.2 2414171, 702441.2 2414183, 702418.9 2414197, 702397.3 2414212, 702376.6 2414228, 702356.7 2414245, 702337.7 2414263, 702319.7 2414282, 702302.7 2414302, 702286.7 2414322, 702271.9 2414344, 702258.2 2414366, 702245.7 2414389, 702234.5 2414413, 702224.4 2414437, 702215.7 2414462, 702208.3 2414487, 702202.2 2414512, 702197.4 2414538, 702194 2414564, 702191.9 2414590, 702191.2 2414616, 702191.9 2414642, 702194 2414669, 702197.4 2414695, 702202.2 2414720, 702208.3 2414746, 702215.7 2414771, 702224.4 2414795, 702234.5 2414820, 702245.7 2414843, 702258.2 2414866, 702271.9 2414889, 702286.7 2414910, 702302.7 2414931, 702319.7 2414951, 702337.7 2414970, 702356.7 2414988, 702376.6 2415005, 702397.3 2415021, 702418.9 2415036, 702441.2 2415049, 702464.2 2415062, 702487.9 2415073, 702512.1 2415083, 702536.7 2415092, 702561.8 2415099, 702587.3 2415105, 702613 2415110, 702639 2415114, 702665.1 2415116, 702691.2 2415116, 702717.4 2415116, 702743.5 2415114, 702769.5 2415110, 702795.2 2415105, 702820.6 2415099, 702845.7 2415092, 702870.4 2415083, 702894.6 2415073, 702918.2 2415062, 702941.2 2415049, 702963.6 2415036, 702985.1 2415021, 703005.9 2415005, 703025.8 2414988, 703044.8 2414970, 703062.8 2414951, 703079.8 2414931, 703095.7 2414910, 703110.6 2414889, 703124.3 2414866, 703136.7 2414843, 703148 2414820, 703158 2414795, 703166.8 2414771, 703174.2 2414746, 703180.3 2414720, 703185.1 2414695, 703188.5 2414669, 703190.6 2414642, 703191.2 2414616))"
22,20260531,Forest,9620.300751879699,41.51503560607066,0.2980101804720037,0,Hani,NA,NA,0,1,0,6448,1587.3796630939894,1838.7675607497988,691.6861572265625,9.006810188293457,116.85476472474589,22935.700607299805,762103.6193847656,0.24407768891685322,1,21,15173.190307617188,0.661553382101089,7762.511157989502,0.33844665532122037,0,1,-0.4517304902248426,0.8921544508666778,9.171630806360227,3.726055665381232,-1.2106276304025323,"POLYGON ((702923 2406054, 702922.3 2406028, 702920.2 2406001, 702916.8 2405976, 702912 2405950, 702905.9 2405924, 702898.5 2405899, 702889.7 2405875, 702879.7 2405850, 702868.5 2405827, 702856 2405804, 702842.3 2405781, 702827.5 2405760, 702811.5 2405739, 702794.5 2405719, 702776.5 2405700, 702757.5 2405682, 702737.6 2405665, 702716.9 2405649, 702695.3 2405634, 702673 2405621, 702650 2405608, 702626.3 2405597, 702602.1 2405587, 702577.5 2405578, 702552.4 2405571, 702526.9 2405565, 702501.2 2405560, 702475.2 2405556, 702449.1 2405554, 702423 2405554, 702396.8 2405554, 702370.7 2405556, 702344.7 2405560, 702319 2405565, 702293.5 2405571, 702268.4 2405578, 702243.8 2405587, 702219.6 2405597, 702196 2405608, 702173 2405621, 702150.6 2405634, 702129.1 2405649, 702108.3 2405665, 702088.4 2405682, 702069.4 2405700, 702051.4 2405719, 702034.4 2405739, 702018.4 2405760, 702003.6 2405781, 701989.9 2405804, 701977.5 2405827, 701966.2 2405850, 701956.2 2405875, 701947.4 2405899, 701940 2405924, 701933.9 2405950, 701929.1 2405976, 701925.7 2406001, 701923.6 2406028, 701923 2406054, 701923.6 2406080, 701925.7 2406106, 701929.1 2406132, 701933.9 2406158, 701940 2406183, 701947.4 2406208, 701956.2 2406233, 701966.2 2406257, 701977.5 2406281, 701989.9 2406304, 702003.6 2406326, 702018.4 2406348, 702034.4 2406368, 702051.4 2406388, 702069.4 2406407, 702088.4 2406425, 702108.3 2406442, 702129.1 2406458, 702150.6 2406473, 702173 2406487, 702196 2406499, 702219.6 2406511, 702243.8 2406521, 702268.4 2406529, 702293.5 2406537, 702319 2406543, 702344.7 2406548, 702370.7 2406551, 702396.8 2406553, 702423 2406554, 702449.1 2406553, 702475.2 2406551, 702501.2 2406548, 702526.9 2406543, 702552.4 2406537, 702577.5 2406529, 702602.1 2406521, 702626.3 2406511, 702650 2406499, 702673 2406487, 702695.3 2406473, 702716.9 2406458, 702737.6 2406442, 702757.5 2406425, 702776.5 2406407, 702794.5 2406388, 702811.5 2406368, 702827.5 2406348, 702842.3 2406326, 702856 2406304, 702868.5 2406281, 702879.7 2406257, 702889.7 2406233, 702898.5 2406208, 702905.9 2406183, 702912 2406158, 702916.8 2406132, 702920.2 2406106, 702922.3 2406080, 702923 2406054))"
22,20260531,Forest,8196.42857142857,29.790644225739026,0.5217557251908397,0,Hani,NA,NA,0,1,0,6534,217.16718962294038,1637.980090687467,710.09832763671875,17.765640258789062,120.9385177147105,138694.85321044922,306051.1413574219,0.08679797171221237,1,14,137864.7674560547,0.9940150212125392,830.0862371921539,0.00598498226846687,0,1,-0.5141179794930053,0.8577194781290849,9.011453798307533,3.3941943920616544,-0.650555760031193,"POLYGON ((712711.3 2407401, 712710.6 2407375, 712708.6 2407349, 712705.2 2407323, 712700.4 2407297, 712694.3 2407272, 712686.9 2407247, 712678.1 2407222, 712668.1 2407198, 712656.8 2407174, 712644.3 2407151, 712630.7 2407129, 712615.8 2407107, 712599.9 2407087, 712582.9 2407067, 712564.9 2407048, 712545.9 2407030, 712526 2407013, 712505.2 2406997, 712483.7 2406982, 712461.3 2406968, 712438.3 2406956, 712414.7 2406944, 712390.5 2406934, 712365.8 2406926, 712340.7 2406918, 712315.3 2406912, 712289.6 2406907, 712263.6 2406904, 712237.5 2406902, 712211.3 2406901, 712185.2 2406902, 712159.1 2406904, 712133.1 2406907, 712107.4 2406912, 712081.9 2406918, 712056.8 2406926, 712032.1 2406934, 712008 2406944, 711984.3 2406956, 711961.3 2406968, 711939 2406982, 711917.4 2406997, 711896.7 2407013, 711876.8 2407030, 711857.8 2407048, 711839.8 2407067, 711822.8 2407087, 711806.8 2407107, 711792 2407129, 711778.3 2407151, 711765.8 2407174, 711754.6 2407198, 711744.5 2407222, 711735.8 2407247, 711728.4 2407272, 711722.3 2407297, 711717.5 2407323, 711714.1 2407349, 711712 2407375, 711711.3 2407401, 711712 2407427, 711714.1 2407453, 711717.5 2407479, 711722.3 2407505, 711728.4 2407531, 711735.8 2407556, 711744.5 2407580, 711754.6 2407605, 711765.8 2407628, 711778.3 2407651, 711792 2407673, 711806.8 2407695, 711822.8 2407716, 711839.8 2407736, 711857.8 2407755, 711876.8 2407773, 711896.7 2407790, 711917.4 2407806, 711939 2407820, 711961.3 2407834, 711984.3 2407847, 712008 2407858, 712032.1 2407868, 712056.8 2407877, 712081.9 2407884, 712107.4 2407890, 712133.1 2407895, 712159.1 2407898, 712185.2 2407900, 712211.3 2407901, 712237.5 2407900, 712263.6 2407898, 712289.6 2407895, 712315.3 2407890, 712340.7 2407884, 712365.8 2407877, 712390.5 2407868, 712414.7 2407858, 712438.3 2407847, 712461.3 2407834, 712483.7 2407820, 712505.2 2407806, 712526 2407790, 712545.9 2407773, 712564.9 2407755, 712582.9 2407736, 712599.9 2407716, 712615.8 2407695, 712630.7 2407673, 712644.3 2407651, 712656.8 2407628, 712668.1 2407605, 712678.1 2407580, 712686.9 2407556, 712694.3 2407531, 712700.4 2407505, 712705.2 2407479, 712708.6 2407453, 712710.6 2407427, 712711.3 2407401))"
22,20260531,Forest,8196.42857142857,29.790644225739026,0.5217557251908397,0,Hani,NA,NA,0,1,0,6726,416.0448993922511,1584.1703327282144,764.2777099609375,12.056461334228516,294.6409964013843,600492.0959472656,184547.22747802734,0.10175699272774526,1,52,207547.20153808594,0.34562853189713333,2563.8364791870117,0.004269559077447314,0,1,0.4169312642508333,-0.9089380181784684,9.011453798307533,3.3941943920616544,-0.650555760031193,"POLYGON ((704377.6 2404453, 704377 2404427, 704374.9 2404401, 704371.5 2404375, 704366.7 2404349, 704360.6 2404324, 704353.2 2404299, 704344.4 2404274, 704334.4 2404250, 704323.2 2404226, 704310.7 2404203, 704297 2404181, 704282.2 2404159, 704266.2 2404138, 704249.2 2404118, 704231.2 2404099, 704212.2 2404081, 704192.3 2404064, 704171.5 2404049, 704150 2404034, 704127.6 2404020, 704104.6 2404008, 704081 2403996, 704056.8 2403986, 704032.2 2403978, 704007.1 2403970, 703981.6 2403964, 703955.9 2403959, 703929.9 2403956, 703903.8 2403954, 703877.6 2403953, 703851.5 2403954, 703825.4 2403956, 703799.4 2403959, 703773.7 2403964, 703748.2 2403970, 703723.1 2403978, 703698.5 2403986, 703674.3 2403996, 703650.7 2404008, 703627.6 2404020, 703605.3 2404034, 703583.8 2404049, 703563 2404064, 703543.1 2404081, 703524.1 2404099, 703506.1 2404118, 703489.1 2404138, 703473.1 2404159, 703458.3 2404181, 703444.6 2404203, 703432.1 2404226, 703420.9 2404250, 703410.9 2404274, 703402.1 2404299, 703394.7 2404324, 703388.6 2404349, 703383.8 2404375, 703380.4 2404401, 703378.3 2404427, 703377.6 2404453, 703378.3 2404479, 703380.4 2404505, 703383.8 2404531, 703388.6 2404557, 703394.7 2404582, 703402.1 2404608, 703410.9 2404632, 703420.9 2404656, 703432.1 2404680, 703444.6 2404703, 703458.3 2404725, 703473.1 2404747, 703489.1 2404768, 703506.1 2404788, 703524.1 2404807, 703543.1 2404825, 703563 2404842, 703583.8 2404858, 703605.3 2404872, 703627.6 2404886, 703650.7 2404899, 703674.3 2404910, 703698.5 2404920, 703723.1 2404929, 703748.2 2404936, 703773.7 2404942, 703799.4 2404947, 703825.4 2404950, 703851.5 2404952, 703877.6 2404953, 703903.8 2404952, 703929.9 2404950, 703955.9 2404947, 703981.6 2404942, 704007.1 2404936, 704032.2 2404929, 704056.8 2404920, 704081 2404910, 704104.6 2404899, 704127.6 2404886, 704150 2404872, 704171.5 2404858, 704192.3 2404842, 704212.2 2404825, 704231.2 2404807, 704249.2 2404788, 704266.2 2404768, 704282.2 2404747, 704297 2404725, 704310.7 2404703, 704323.2 2404680, 704334.4 2404656, 704344.4 2404632, 704353.2 2404608, 704360.6 2404582, 704366.7 2404557, 704371.5 2404531, 704374.9 2404505, 704377 2404479, 704377.6 2404453))"
22,20260531,Forest,8196.42857142857,29.790644225739026,0.5217557251908397,0,Hani,NA,NA,0,1,0,6823,441.61755005520274,2223.972912225397,712.72698974609375,9.146467208862305,89.28874479510088,90877.23083496094,694162.1337890625,0.2695998436263651,1,66,88177.23083496094,0.9702895876646662,0,0,0,1,0.012413426321327898,0.9999229504551663,9.011453798307533,3.3941943920616544,-0.650555760031193,"POLYGON ((701770 2404476, 701769.3 2404449, 701767.2 2404423, 701763.8 2404397, 701759 2404372, 701752.9 2404346, 701745.5 2404321, 701736.8 2404296, 701726.7 2404272, 701715.5 2404249, 701703 2404226, 701689.3 2404203, 701674.5 2404182, 701658.5 2404161, 701641.5 2404141, 701623.5 2404122, 701604.5 2404104, 701584.6 2404087, 701563.9 2404071, 701542.3 2404056, 701520 2404043, 701497 2404030, 701473.3 2404019, 701449.1 2404009, 701424.5 2404000, 701399.4 2403993, 701373.9 2403986, 701348.2 2403982, 701322.2 2403978, 701296.1 2403976, 701270 2403976, 701243.8 2403976, 701217.7 2403978, 701191.7 2403982, 701166 2403986, 701140.6 2403993, 701115.5 2404000, 701090.8 2404009, 701066.6 2404019, 701043 2404030, 701020 2404043, 700997.6 2404056, 700976.1 2404071, 700955.3 2404087, 700935.4 2404104, 700916.4 2404122, 700898.4 2404141, 700881.4 2404161, 700865.5 2404182, 700850.6 2404203, 700836.9 2404226, 700824.5 2404249, 700813.2 2404272, 700803.2 2404296, 700794.4 2404321, 700787 2404346, 700780.9 2404372, 700776.1 2404397, 700772.7 2404423, 700770.6 2404449, 700770 2404476, 700770.6 2404502, 700772.7 2404528, 700776.1 2404554, 700780.9 2404580, 700787 2404605, 700794.4 2404630, 700803.2 2404655, 700813.2 2404679, 700824.5 2404703, 700836.9 2404726, 700850.6 2404748, 700865.5 2404769, 700881.4 2404790, 700898.4 2404810, 700916.4 2404829, 700935.4 2404847, 700955.3 2404864, 700976.1 2404880, 700997.6 2404895, 701020 2404909, 701043 2404921, 701066.6 2404932, 701090.8 2404942, 701115.5 2404951, 701140.6 2404959, 701166 2404965, 701191.7 2404969, 701217.7 2404973, 701243.8 2404975, 701270 2404976, 701296.1 2404975, 701322.2 2404973, 701348.2 2404969, 701373.9 2404965, 701399.4 2404959, 701424.5 2404951, 701449.1 2404942, 701473.3 2404932, 701497 2404921, 701520 2404909, 701542.3 2404895, 701563.9 2404880, 701584.6 2404864, 701604.5 2404847, 701623.5 2404829, 701641.5 2404810, 701658.5 2404790, 701674.5 2404769, 701689.3 2404748, 701703 2404726, 701715.5 2404703, 701726.7 2404679, 701736.8 2404655, 701745.5 2404630, 701752.9 2404605, 701759 2404580, 701763.8 2404554, 701767.2 2404528, 701769.3 2404502, 701770 2404476))"
22,20260531,Forest,5307.45872081989,36.630721511716736,0.5234012147195427,0,Hani,NA,NA,0,1,0,6845,108.22396299929763,1547.9385316458938,808.52490234375,12.393486022949219,87.91838588674159,20987.527656555176,647428.7658691406,0.21925737687760108,1,91,1265.603220462799,0.06030263503035836,0,0,0,1,0.03632302808044292,0.9993401010822428,8.576868416028539,3.6008872738862983,-0.6474069680642858,"POLYGON ((693075.3 2402344, 693074.6 2402318, 693072.6 2402292, 693069.2 2402266, 693064.4 2402240, 693058.3 2402214, 693050.9 2402189, 693042.1 2402165, 693032.1 2402140, 693020.8 2402117, 693008.3 2402094, 692994.7 2402071, 692979.8 2402050, 692963.9 2402029, 692946.9 2402009, 692928.9 2401990, 692909.9 2401972, 692890 2401955, 692869.2 2401939, 692847.6 2401924, 692825.3 2401911, 692802.3 2401898, 692778.7 2401887, 692754.5 2401877, 692729.8 2401868, 692704.7 2401861, 692679.3 2401855, 692653.5 2401850, 692627.6 2401847, 692601.5 2401844, 692575.3 2401844, 692549.2 2401844, 692523.1 2401847, 692497.1 2401850, 692471.4 2401855, 692445.9 2401861, 692420.8 2401868, 692396.1 2401877, 692372 2401887, 692348.3 2401898, 692325.3 2401911, 692303 2401924, 692281.4 2401939, 692260.7 2401955, 692240.8 2401972, 692221.8 2401990, 692203.8 2402009, 692186.8 2402029, 692170.8 2402050, 692156 2402071, 692142.3 2402094, 692129.8 2402117, 692118.6 2402140, 692108.5 2402165, 692099.8 2402189, 692092.4 2402214, 692086.2 2402240, 692081.5 2402266, 692078.1 2402292, 692076 2402318, 692075.3 2402344, 692076 2402370, 692078.1 2402396, 692081.5 2402422, 692086.2 2402448, 692092.4 2402473, 692099.8 2402498, 692108.5 2402523, 692118.6 2402547, 692129.8 2402571, 692142.3 2402594, 692156 2402616, 692170.8 2402638, 692186.8 2402658, 692203.8 2402678, 692221.8 2402697, 692240.8 2402715, 692260.7 2402732, 692281.4 2402748, 692303 2402763, 692325.3 2402777, 692348.3 2402789, 692372 2402801, 692396.1 2402811, 692420.8 2402819, 692445.9 2402827, 692471.4 2402833, 692497.1 2402838, 692523.1 2402841, 692549.2 2402843, 692575.3 2402844, 692601.5 2402843, 692627.6 2402841, 692653.5 2402838, 692679.3 2402833, 692704.7 2402827, 692729.8 2402819, 692754.5 2402811, 692778.7 2402801, 692802.3 2402789, 692825.3 2402777, 692847.6 2402763, 692869.2 2402748, 692890 2402732, 692909.9 2402715, 692928.9 2402697, 692946.9 2402678, 692963.9 2402658, 692979.8 2402638, 692994.7 2402616, 693008.3 2402594, 693020.8 2402571, 693032.1 2402547, 693042.1 2402523, 693050.9 2402498, 693058.3 2402473, 693064.4 2402448, 693069.2 2402422, 693072.6 2402396, 693074.6 2402370, 693075.3 2402344))"
22,20260531,Forest,3378.2501423420003,26.64581295076882,2.071001494768311,0,Hani,NA,NA,0,1,0,6859,989.0752729533717,1330.0427158073455,654.2398681640625,11.749139785766602,327.3348688745049,10771.240711212158,74654.65393066406,0.11237213646690566,1,31,8071.240711212158,0.7493324982339801,0,0,0,1,0.841839403745096,-0.5397280966395034,8.125113145053028,3.2826320257268775,0.7280323041748047,"POLYGON ((685495.7 2400429, 685495 2400402, 685493 2400376, 685489.5 2400350, 685484.8 2400325, 685478.7 2400299, 685471.2 2400274, 685462.5 2400249, 685452.5 2400225, 685441.2 2400202, 685428.7 2400179, 685415 2400156, 685400.2 2400135, 685384.3 2400114, 685367.3 2400094, 685349.3 2400075, 685330.3 2400057, 685310.4 2400040, 685289.6 2400024, 685268 2400009, 685245.7 2399996, 685222.7 2399983, 685199.1 2399972, 685174.9 2399962, 685150.2 2399953, 685125.1 2399946, 685099.7 2399940, 685073.9 2399935, 685048 2399931, 685021.9 2399929, 684995.7 2399929, 684969.5 2399929, 684943.4 2399931, 684917.5 2399935, 684891.7 2399940, 684866.3 2399946, 684841.2 2399953, 684816.5 2399962, 684792.3 2399972, 684768.7 2399983, 684745.7 2399996, 684723.4 2400009, 684701.8 2400024, 684681 2400040, 684661.1 2400057, 684642.1 2400075, 684624.1 2400094, 684607.1 2400114, 684591.2 2400135, 684576.4 2400156, 684562.7 2400179, 684550.2 2400202, 684538.9 2400225, 684528.9 2400249, 684520.2 2400274, 684512.7 2400299, 684506.6 2400325, 684501.9 2400350, 684498.4 2400376, 684496.4 2400402, 684495.7 2400429, 684496.4 2400455, 684498.4 2400481, 684501.9 2400507, 684506.6 2400533, 684512.7 2400558, 684520.2 2400583, 684528.9 2400608, 684538.9 2400632, 684550.2 2400656, 684562.7 2400679, 684576.4 2400701, 684591.2 2400723, 684607.1 2400743, 684624.1 2400763, 684642.1 2400782, 684661.1 2400800, 684681 2400817, 684701.8 2400833, 684723.4 2400848, 684745.7 2400862, 684768.7 2400874, 684792.3 2400885, 684816.5 2400895, 684841.2 2400904, 684866.3 2400912, 684891.7 2400918, 684917.5 2400922, 684943.4 2400926, 684969.5 2400928, 684995.7 2400929, 685021.9 2400928, 685048 2400926, 685073.9 2400922, 685099.7 2400918, 685125.1 2400912, 685150.2 2400904, 685174.9 2400895, 685199.1 2400885, 685222.7 2400874, 685245.7 2400862, 685268 2400848, 685289.6 2400833, 685310.4 2400817, 685330.3 2400800, 685349.3 2400782, 685367.3 2400763, 685384.3 2400743, 685400.2 2400723, 685415 2400701, 685428.7 2400679, 685441.2 2400656, 685452.5 2400632, 685462.5 2400608, 685471.2 2400583, 685478.7 2400558, 685484.8 2400533, 685489.5 2400507, 685493 2400481, 685495 2400455, 685495.7 2400429))"
22,20260531,Forest,2715.8853672423606,19.408732153463,0.688783570300158,0,Hani,NA,NA,0,1,0,6881,76.66582836931626,582.3618002619692,1556.8743896484375,10.033052444458008,250.36014706618576,663925.1770019531,0,0.1794206831064458,1,85,0,0,81740.45791625977,0.123116972736853,0,1,-0.3361067506588235,-0.9418238965759828,7.906873281323348,2.9657230758029596,-0.3728281787951418,"POLYGON ((661898.8 2398983, 661898.1 2398957, 661896.1 2398931, 661892.7 2398905, 661887.9 2398879, 661881.8 2398854, 661874.3 2398829, 661865.6 2398804, 661855.6 2398780, 661844.3 2398756, 661831.8 2398733, 661818.1 2398711, 661803.3 2398689, 661787.4 2398669, 661770.4 2398649, 661752.4 2398630, 661733.4 2398612, 661713.5 2398595, 661692.7 2398579, 661671.1 2398564, 661648.8 2398550, 661625.8 2398538, 661602.2 2398526, 661578 2398516, 661553.3 2398508, 661528.2 2398500, 661502.8 2398494, 661477 2398489, 661451.1 2398486, 661425 2398484, 661398.8 2398483, 661372.6 2398484, 661346.5 2398486, 661320.6 2398489, 661294.9 2398494, 661269.4 2398500, 661244.3 2398508, 661219.6 2398516, 661195.4 2398526, 661171.8 2398538, 661148.8 2398550, 661126.5 2398564, 661104.9 2398579, 661084.1 2398595, 661064.2 2398612, 661045.3 2398630, 661027.2 2398649, 661010.2 2398669, 660994.3 2398689, 660979.5 2398711, 660965.8 2398733, 660953.3 2398756, 660942 2398780, 660932 2398804, 660923.3 2398829, 660915.8 2398854, 660909.7 2398879, 660905 2398905, 660901.5 2398931, 660899.5 2398957, 660898.8 2398983, 660899.5 2399009, 660901.5 2399035, 660905 2399061, 660909.7 2399087, 660915.8 2399113, 660923.3 2399138, 660932 2399162, 660942 2399187, 660953.3 2399210, 660965.8 2399233, 660979.5 2399255, 660994.3 2399277, 661010.2 2399298, 661027.2 2399318, 661045.3 2399337, 661064.2 2399355, 661084.1 2399372, 661104.9 2399388, 661126.5 2399403, 661148.8 2399416, 661171.8 2399429, 661195.4 2399440, 661219.6 2399450, 661244.3 2399459, 661269.4 2399466, 661294.9 2399472, 661320.6 2399477, 661346.5 2399480, 661372.6 2399482, 661398.8 2399483, 661425 2399482, 661451.1 2399480, 661477 2399477, 661502.8 2399472, 661528.2 2399466, 661553.3 2399459, 661578 2399450, 661602.2 2399440, 661625.8 2399429, 661648.8 2399416, 661671.1 2399403, 661692.7 2399388, 661713.5 2399372, 661733.4 2399355, 661752.4 2399337, 661770.4 2399318, 661787.4 2399298, 661803.3 2399277, 661818.1 2399255, 661831.8 2399233, 661844.3 2399210, 661855.6 2399187, 661865.6 2399162, 661874.3 2399138, 661881.8 2399113, 661887.9 2399087, 661892.7 2399061, 661896.1 2399035, 661898.1 2399009, 661898.8 2398983))"
22,20260531,Forest,7221.484152590624,50.11014177252991,0.7464285714285714,0,Hani,NA,NA,0,1,0,6906,304.6231134265992,1113.2361482540848,781.3349609375,12.503165245056152,205.16042392549886,6885.078191757202,82497.42965698242,0.18573817293771963,1,32,3036.3155364990234,0.4409994268669443,0,0,0,1,-0.9051209363152052,-0.4251541963145681,8.884815772062684,3.9142234181939313,-0.2924553512044386,"POLYGON ((681170.2 2391325, 681169.6 2391299, 681167.5 2391273, 681164.1 2391247, 681159.3 2391222, 681153.2 2391196, 681145.8 2391171, 681137 2391146, 681127 2391122, 681115.7 2391098, 681103.2 2391075, 681089.6 2391053, 681074.7 2391032, 681058.8 2391011, 681041.8 2390991, 681023.8 2390972, 681004.8 2390954, 680984.9 2390937, 680964.1 2390921, 680942.6 2390906, 680920.2 2390892, 680897.2 2390880, 680873.6 2390869, 680849.4 2390859, 680824.7 2390850, 680799.6 2390843, 680774.2 2390836, 680748.5 2390832, 680722.5 2390828, 680696.4 2390826, 680670.2 2390825, 680644.1 2390826, 680618 2390828, 680592 2390832, 680566.3 2390836, 680540.8 2390843, 680515.7 2390850, 680491.1 2390859, 680466.9 2390869, 680443.2 2390880, 680420.2 2390892, 680397.9 2390906, 680376.3 2390921, 680355.6 2390937, 680335.7 2390954, 680316.7 2390972, 680298.7 2390991, 680281.7 2391011, 680265.7 2391032, 680250.9 2391053, 680237.2 2391075, 680224.7 2391098, 680213.5 2391122, 680203.4 2391146, 680194.7 2391171, 680187.3 2391196, 680181.2 2391222, 680176.4 2391247, 680173 2391273, 680170.9 2391299, 680170.2 2391325, 680170.9 2391352, 680173 2391378, 680176.4 2391404, 680181.2 2391429, 680187.3 2391455, 680194.7 2391480, 680203.4 2391505, 680213.5 2391529, 680224.7 2391552, 680237.2 2391575, 680250.9 2391598, 680265.7 2391619, 680281.7 2391640, 680298.7 2391660, 680316.7 2391679, 680335.7 2391697, 680355.6 2391714, 680376.3 2391730, 680397.9 2391745, 680420.2 2391758, 680443.2 2391771, 680466.9 2391782, 680491.1 2391792, 680515.7 2391801, 680540.8 2391808, 680566.3 2391815, 680592 2391819, 680618 2391823, 680644.1 2391825, 680670.2 2391825, 680696.4 2391825, 680722.5 2391823, 680748.5 2391819, 680774.2 2391815, 680799.6 2391808, 680824.7 2391801, 680849.4 2391792, 680873.6 2391782, 680897.2 2391771, 680920.2 2391758, 680942.6 2391745, 680964.1 2391730, 680984.9 2391714, 681004.8 2391697, 681023.8 2391679, 681041.8 2391660, 681058.8 2391640, 681074.7 2391619, 681089.6 2391598, 681103.2 2391575, 681115.7 2391552, 681127 2391529, 681137 2391505, 681145.8 2391480, 681153.2 2391455, 681159.3 2391429, 681164.1 2391404, 681167.5 2391378, 681169.6 2391352, 681170.2 2391325))"
22,20260531,Forest,8472.744360902256,27.219660257375487,0.31721384205856257,0,Hani,NA,NA,0,1,0,6907,327.5379863492459,1932.3244112615102,576.59429931640625,6.294901371002197,279.6501333311166,40983.42590332031,79200.9750366211,0.2816112020893744,1,71,40983.42590332031,1,0,0,0,1,0.16763142110781584,-0.9858497383766829,9.044609744717965,3.303939515785232,-1.1481791519057138,"POLYGON ((703034.9 2414792, 703034.2 2414766, 703032.2 2414740, 703028.7 2414714, 703024 2414688, 703017.9 2414662, 703010.4 2414637, 703001.7 2414613, 702991.7 2414588, 702980.4 2414565, 702967.9 2414542, 702954.2 2414520, 702939.4 2414498, 702923.5 2414477, 702906.5 2414457, 702888.5 2414438, 702869.5 2414420, 702849.6 2414403, 702828.8 2414387, 702807.2 2414372, 702784.9 2414359, 702761.9 2414346, 702738.3 2414335, 702714.1 2414325, 702689.4 2414316, 702664.3 2414309, 702638.9 2414303, 702613.1 2414298, 702587.2 2414295, 702561.1 2414293, 702534.9 2414292, 702508.7 2414293, 702482.6 2414295, 702456.7 2414298, 702430.9 2414303, 702405.5 2414309, 702380.4 2414316, 702355.7 2414325, 702331.5 2414335, 702307.9 2414346, 702284.9 2414359, 702262.6 2414372, 702241 2414387, 702220.2 2414403, 702200.3 2414420, 702181.3 2414438, 702163.3 2414457, 702146.3 2414477, 702130.4 2414498, 702115.6 2414520, 702101.9 2414542, 702089.4 2414565, 702078.1 2414588, 702068.1 2414613, 702059.4 2414637, 702051.9 2414662, 702045.8 2414688, 702041.1 2414714, 702037.6 2414740, 702035.6 2414766, 702034.9 2414792, 702035.6 2414818, 702037.6 2414844, 702041.1 2414870, 702045.8 2414896, 702051.9 2414921, 702059.4 2414946, 702068.1 2414971, 702078.1 2414995, 702089.4 2415019, 702101.9 2415042, 702115.6 2415064, 702130.4 2415086, 702146.3 2415106, 702163.3 2415126, 702181.3 2415145, 702200.3 2415163, 702220.2 2415180, 702241 2415196, 702262.6 2415211, 702284.9 2415225, 702307.9 2415237, 702331.5 2415249, 702355.7 2415259, 702380.4 2415267, 702405.5 2415275, 702430.9 2415281, 702456.7 2415286, 702482.6 2415289, 702508.7 2415291, 702534.9 2415292, 702561.1 2415291, 702587.2 2415289, 702613.1 2415286, 702638.9 2415281, 702664.3 2415275, 702689.4 2415267, 702714.1 2415259, 702738.3 2415249, 702761.9 2415237, 702784.9 2415225, 702807.2 2415211, 702828.8 2415196, 702849.6 2415180, 702869.5 2415163, 702888.5 2415145, 702906.5 2415126, 702923.5 2415106, 702939.4 2415086, 702954.2 2415064, 702967.9 2415042, 702980.4 2415019, 702991.7 2414995, 703001.7 2414971, 703010.4 2414946, 703017.9 2414921, 703024 2414896, 703028.7 2414870, 703032.2 2414844, 703034.2 2414818, 703034.9 2414792))"
22,20260531,Forest,5040.869565217392,26.97585606017254,5.159214830970556,0,Hani,NA,NA,0,1,0,6926,255.90922217150273,585.7445049355084,1519.955322265625,11.053041458129883,17.356643166331953,560253.7353515625,204333.5220336914,0.17118419836814033,1,13,0,0,32643.38150024414,0.058265352715159015,0,1,0.9544663452830633,0.29831861444099034,8.525333878964574,3.294942245957513,1.6407844033746832,"POLYGON ((628057.9 2415551, 628057.2 2415524, 628055.1 2415498, 628051.7 2415472, 628046.9 2415447, 628040.8 2415421, 628033.4 2415396, 628024.6 2415371, 628014.6 2415347, 628003.4 2415324, 627990.9 2415301, 627977.2 2415278, 627962.4 2415257, 627946.4 2415236, 627929.4 2415216, 627911.4 2415197, 627892.4 2415179, 627872.5 2415162, 627851.7 2415146, 627830.2 2415131, 627807.9 2415118, 627784.9 2415105, 627761.2 2415094, 627737 2415084, 627712.4 2415075, 627687.3 2415068, 627661.8 2415062, 627636.1 2415057, 627610.1 2415053, 627584 2415051, 627557.9 2415051, 627531.7 2415051, 627505.6 2415053, 627479.6 2415057, 627453.9 2415062, 627428.4 2415068, 627403.3 2415075, 627378.7 2415084, 627354.5 2415094, 627330.9 2415105, 627307.9 2415118, 627285.5 2415131, 627264 2415146, 627243.2 2415162, 627223.3 2415179, 627204.3 2415197, 627186.3 2415216, 627169.3 2415236, 627153.3 2415257, 627138.5 2415278, 627124.8 2415301, 627112.4 2415324, 627101.1 2415347, 627091.1 2415371, 627082.3 2415396, 627074.9 2415421, 627068.8 2415447, 627064 2415472, 627060.6 2415498, 627058.5 2415524, 627057.9 2415551, 627058.5 2415577, 627060.6 2415603, 627064 2415629, 627068.8 2415655, 627074.9 2415680, 627082.3 2415705, 627091.1 2415730, 627101.1 2415754, 627112.4 2415778, 627124.8 2415801, 627138.5 2415823, 627153.3 2415844, 627169.3 2415865, 627186.3 2415885, 627204.3 2415904, 627223.3 2415922, 627243.2 2415939, 627264 2415955, 627285.5 2415970, 627307.9 2415984, 627330.9 2415996, 627354.5 2416007, 627378.7 2416017, 627403.3 2416026, 627428.4 2416034, 627453.9 2416040, 627479.6 2416044, 627505.6 2416048, 627531.7 2416050, 627557.9 2416051, 627584 2416050, 627610.1 2416048, 627636.1 2416044, 627661.8 2416040, 627687.3 2416034, 627712.4 2416026, 627737 2416017, 627761.2 2416007, 627784.9 2415996, 627807.9 2415984, 627830.2 2415970, 627851.7 2415955, 627872.5 2415939, 627892.4 2415922, 627911.4 2415904, 627929.4 2415885, 627946.4 2415865, 627962.4 2415844, 627977.2 2415823, 627990.9 2415801, 628003.4 2415778, 628014.6 2415754, 628024.6 2415730, 628033.4 2415705, 628040.8 2415680, 628046.9 2415655, 628051.7 2415629, 628055.1 2415603, 628057.2 2415577, 628057.9 2415551))"
22,20260531,Forest,9620.300751879699,41.51503560607066,0.2980101804720037,0,Hani,NA,NA,0,1,0,6929,503.9703610228698,1945.4529453992618,706.10797119140625,8.853048324584961,243.79644103539073,20975.24871826172,331818.42041015625,0.1861983213952233,1,82,20975.24871826172,1,0,0,0,1,-0.4415615857271703,-0.8972309435201768,9.171630806360227,3.726055665381232,-1.2106276304025323,"POLYGON ((700787.7 2404574, 700787 2404548, 700784.9 2404522, 700781.5 2404496, 700776.7 2404470, 700770.6 2404445, 700763.2 2404420, 700754.5 2404395, 700744.4 2404371, 700733.2 2404347, 700720.7 2404324, 700707 2404302, 700692.2 2404280, 700676.2 2404259, 700659.2 2404240, 700641.2 2404221, 700622.2 2404203, 700602.3 2404186, 700581.6 2404170, 700560 2404155, 700537.7 2404141, 700514.7 2404129, 700491 2404117, 700466.9 2404107, 700442.2 2404099, 700417.1 2404091, 700391.6 2404085, 700365.9 2404080, 700339.9 2404077, 700313.8 2404075, 700287.7 2404074, 700261.5 2404075, 700235.4 2404077, 700209.5 2404080, 700183.7 2404085, 700158.3 2404091, 700133.2 2404099, 700108.5 2404107, 700084.3 2404117, 700060.7 2404129, 700037.7 2404141, 700015.4 2404155, 699993.8 2404170, 699973 2404186, 699953.1 2404203, 699934.1 2404221, 699916.1 2404240, 699899.1 2404259, 699883.2 2404280, 699868.3 2404302, 699854.7 2404324, 699842.2 2404347, 699830.9 2404371, 699820.9 2404395, 699812.1 2404420, 699804.7 2404445, 699798.6 2404470, 699793.8 2404496, 699790.4 2404522, 699788.4 2404548, 699787.7 2404574, 699788.4 2404600, 699790.4 2404626, 699793.8 2404652, 699798.6 2404678, 699804.7 2404704, 699812.1 2404729, 699820.9 2404753, 699830.9 2404778, 699842.2 2404801, 699854.7 2404824, 699868.3 2404846, 699883.2 2404868, 699899.1 2404889, 699916.1 2404909, 699934.1 2404928, 699953.1 2404946, 699973 2404963, 699993.8 2404979, 700015.4 2404993, 700037.7 2405007, 700060.7 2405020, 700084.3 2405031, 700108.5 2405041, 700133.2 2405050, 700158.3 2405057, 700183.7 2405063, 700209.5 2405068, 700235.4 2405071, 700261.5 2405073, 700287.7 2405074, 700313.8 2405073, 700339.9 2405071, 700365.9 2405068, 700391.6 2405063, 700417.1 2405057, 700442.2 2405050, 700466.9 2405041, 700491 2405031, 700514.7 2405020, 700537.7 2405007, 700560 2404993, 700581.6 2404979, 700602.3 2404963, 700622.2 2404946, 700641.2 2404928, 700659.2 2404909, 700676.2 2404889, 700692.2 2404868, 700707 2404846, 700720.7 2404824, 700733.2 2404801, 700744.4 2404778, 700754.5 2404753, 700763.2 2404729, 700770.6 2404704, 700776.7 2404678, 700781.5 2404652, 700784.9 2404626, 700787 2404600, 700787.7 2404574))"
22,20260531,Forest,9611.842105263157,35.375788827246616,0.27491408934707906,0,Hani,NA,NA,0,1,0,6950,778.6943609248052,1878.9671201357664,666.383056640625,9.982696533203125,90.30119804743421,14237.642669677734,757404.16259765625,0.2531548280063245,1,76,7699.226474761963,0.5407655363594143,0,0,0,1,-0.005256873415967955,0.9999861825454832,9.17075116988656,3.5660276547182206,-1.2912966324976107,"POLYGON ((699857.7 2402737, 699857.1 2402710, 699855 2402684, 699851.6 2402658, 699846.8 2402633, 699840.7 2402607, 699833.3 2402582, 699824.5 2402557, 699814.5 2402533, 699803.2 2402510, 699790.8 2402487, 699777.1 2402464, 699762.3 2402443, 699746.3 2402422, 699729.3 2402402, 699711.3 2402383, 699692.3 2402365, 699672.4 2402348, 699651.6 2402332, 699630.1 2402317, 699607.7 2402304, 699584.7 2402291, 699561.1 2402280, 699536.9 2402270, 699512.3 2402261, 699487.2 2402254, 699461.7 2402248, 699436 2402243, 699410 2402239, 699383.9 2402237, 699357.7 2402237, 699331.6 2402237, 699305.5 2402239, 699279.5 2402243, 699253.8 2402248, 699228.3 2402254, 699203.2 2402261, 699178.6 2402270, 699154.4 2402280, 699130.7 2402291, 699107.7 2402304, 699085.4 2402317, 699063.9 2402332, 699043.1 2402348, 699023.2 2402365, 699004.2 2402383, 698986.2 2402402, 698969.2 2402422, 698953.2 2402443, 698938.4 2402464, 698924.7 2402487, 698912.2 2402510, 698901 2402533, 698891 2402557, 698882.2 2402582, 698874.8 2402607, 698868.7 2402633, 698863.9 2402658, 698860.5 2402684, 698858.4 2402710, 698857.7 2402737, 698858.4 2402763, 698860.5 2402789, 698863.9 2402815, 698868.7 2402841, 698874.8 2402866, 698882.2 2402891, 698891 2402916, 698901 2402940, 698912.2 2402964, 698924.7 2402987, 698938.4 2403009, 698953.2 2403031, 698969.2 2403051, 698986.2 2403071, 699004.2 2403090, 699023.2 2403108, 699043.1 2403125, 699063.9 2403141, 699085.4 2403156, 699107.7 2403170, 699130.7 2403182, 699154.4 2403193, 699178.6 2403203, 699203.2 2403212, 699228.3 2403220, 699253.8 2403226, 699279.5 2403230, 699305.5 2403234, 699331.6 2403236, 699357.7 2403237, 699383.9 2403236, 699410 2403234, 699436 2403230, 699461.7 2403226, 699487.2 2403220, 699512.3 2403212, 699536.9 2403203, 699561.1 2403193, 699584.7 2403182, 699607.7 2403170, 699630.1 2403156, 699651.6 2403141, 699672.4 2403125, 699692.3 2403108, 699711.3 2403090, 699729.3 2403071, 699746.3 2403051, 699762.3 2403031, 699777.1 2403009, 699790.8 2402987, 699803.2 2402964, 699814.5 2402940, 699824.5 2402916, 699833.3 2402891, 699840.7 2402866, 699846.8 2402841, 699851.6 2402815, 699855 2402789, 699857.1 2402763, 699857.7 2402737))"
22,20260531,Forest,2427.4055798064146,44.86582602524312,1.2636412749864938,0,Hani,NA,NA,0,1,0,7045,542.711171727713,734.5686393544972,952.190673828125,14.688767433166504,227.38103490068036,566358.06884765625,218681.26831054688,0.10485554267478099,1,87,45915.44952392578,0.0810714140920565,310344.95544433594,0.5479659821493867,0,1,-0.6771195832556158,-0.735872998534218,7.794578303345739,3.8036763919311,0.23399745401068153,"POLYGON ((688125.4 2395062, 688124.7 2395036, 688122.7 2395010, 688119.2 2394984, 688114.5 2394958, 688108.4 2394933, 688100.9 2394908, 688092.2 2394883, 688082.2 2394859, 688070.9 2394835, 688058.4 2394812, 688044.7 2394790, 688029.9 2394768, 688014 2394748, 687997 2394728, 687978.9 2394709, 687960 2394691, 687940 2394674, 687919.3 2394658, 687897.7 2394643, 687875.4 2394629, 687852.4 2394617, 687828.8 2394605, 687804.6 2394595, 687779.9 2394587, 687754.8 2394579, 687729.3 2394573, 687703.6 2394568, 687677.7 2394565, 687651.6 2394563, 687625.4 2394562, 687599.2 2394563, 687573.1 2394565, 687547.2 2394568, 687521.4 2394573, 687496 2394579, 687470.9 2394587, 687446.2 2394595, 687422 2394605, 687398.4 2394617, 687375.4 2394629, 687353.1 2394643, 687331.5 2394658, 687310.7 2394674, 687290.8 2394691, 687271.8 2394709, 687253.8 2394728, 687236.8 2394748, 687220.9 2394768, 687206.1 2394790, 687192.4 2394812, 687179.9 2394835, 687168.6 2394859, 687158.6 2394883, 687149.9 2394908, 687142.4 2394933, 687136.3 2394958, 687131.5 2394984, 687128.1 2395010, 687126.1 2395036, 687125.4 2395062, 687126.1 2395088, 687128.1 2395115, 687131.5 2395140, 687136.3 2395166, 687142.4 2395192, 687149.9 2395217, 687158.6 2395241, 687168.6 2395266, 687179.9 2395289, 687192.4 2395312, 687206.1 2395335, 687220.9 2395356, 687236.8 2395377, 687253.8 2395397, 687271.8 2395416, 687290.8 2395434, 687310.7 2395451, 687331.5 2395467, 687353.1 2395482, 687375.4 2395495, 687398.4 2395508, 687422 2395519, 687446.2 2395529, 687470.9 2395538, 687496 2395545, 687521.4 2395551, 687547.2 2395556, 687573.1 2395560, 687599.2 2395562, 687625.4 2395562, 687651.6 2395562, 687677.7 2395560, 687703.6 2395556, 687729.3 2395551, 687754.8 2395545, 687779.9 2395538, 687804.6 2395529, 687828.8 2395519, 687852.4 2395508, 687875.4 2395495, 687897.7 2395482, 687919.3 2395467, 687940 2395451, 687960 2395434, 687978.9 2395416, 687997 2395397, 688014 2395377, 688029.9 2395356, 688044.7 2395335, 688058.4 2395312, 688070.9 2395289, 688082.2 2395266, 688092.2 2395241, 688100.9 2395217, 688108.4 2395192, 688114.5 2395166, 688119.2 2395140, 688122.7 2395115, 688124.7 2395088, 688125.4 2395062))"
22,20260531,Forest,9620.300751879699,41.51503560607066,0.2980101804720037,0,Hani,NA,NA,0,1,0,7063,257.1226007462919,1028.7770355476123,851.21392822265625,10.64631175994873,175.31821621693658,35498.093032836914,207473.88153076172,0.30066105158528467,1,55,33698.093032836914,0.9492930508031815,0,0,0,1,-0.9966633873996787,0.08162164061692173,9.171630806360227,3.726055665381232,-1.2106276304025323,"POLYGON ((703385.3 2410724, 703384.6 2410698, 703382.6 2410672, 703379.1 2410646, 703374.4 2410621, 703368.3 2410595, 703360.8 2410570, 703352.1 2410545, 703342.1 2410521, 703330.8 2410498, 703318.3 2410474, 703304.6 2410452, 703289.8 2410431, 703273.9 2410410, 703256.9 2410390, 703238.9 2410371, 703219.9 2410353, 703200 2410336, 703179.2 2410320, 703157.6 2410305, 703135.3 2410291, 703112.3 2410279, 703088.7 2410268, 703064.5 2410258, 703039.8 2410249, 703014.7 2410242, 702989.3 2410235, 702963.5 2410231, 702937.6 2410227, 702911.5 2410225, 702885.3 2410224, 702859.1 2410225, 702833 2410227, 702807.1 2410231, 702781.3 2410235, 702755.9 2410242, 702730.8 2410249, 702706.1 2410258, 702681.9 2410268, 702658.3 2410279, 702635.3 2410291, 702613 2410305, 702591.4 2410320, 702570.6 2410336, 702550.7 2410353, 702531.8 2410371, 702513.7 2410390, 702496.7 2410410, 702480.8 2410431, 702466 2410452, 702452.3 2410474, 702439.8 2410498, 702428.5 2410521, 702418.5 2410545, 702409.8 2410570, 702402.3 2410595, 702396.2 2410621, 702391.5 2410646, 702388 2410672, 702386 2410698, 702385.3 2410724, 702386 2410751, 702388 2410777, 702391.5 2410803, 702396.2 2410828, 702402.3 2410854, 702409.8 2410879, 702418.5 2410904, 702428.5 2410928, 702439.8 2410951, 702452.3 2410974, 702466 2410997, 702480.8 2411018, 702496.7 2411039, 702513.7 2411059, 702531.8 2411078, 702550.7 2411096, 702570.6 2411113, 702591.4 2411129, 702613 2411144, 702635.3 2411158, 702658.3 2411170, 702681.9 2411181, 702706.1 2411191, 702730.8 2411200, 702755.9 2411207, 702781.3 2411214, 702807.1 2411218, 702833 2411222, 702859.1 2411224, 702885.3 2411224, 702911.5 2411224, 702937.6 2411222, 702963.5 2411218, 702989.3 2411214, 703014.7 2411207, 703039.8 2411200, 703064.5 2411191, 703088.7 2411181, 703112.3 2411170, 703135.3 2411158, 703157.6 2411144, 703179.2 2411129, 703200 2411113, 703219.9 2411096, 703238.9 2411078, 703256.9 2411059, 703273.9 2411039, 703289.8 2411018, 703304.6 2410997, 703318.3 2410974, 703330.8 2410951, 703342.1 2410928, 703352.1 2410904, 703360.8 2410879, 703368.3 2410854, 703374.4 2410828, 703379.1 2410803, 703382.6 2410777, 703384.6 2410751, 703385.3 2410724))"
22,20260531,Forest,28221.39534883721,36.32440798387466,1.8620967741935484,0,Hani,NA,NA,0,1,0,7079,71.65853818210522,387.91048094782576,1108.474365234375,13.614274024963379,61.13677180198543,785039.3371582031,0,0.21797614656250394,1,54,0,0,340204.9987792969,0.4333604479118451,0,1,0.482720420245431,0.8757745120052732,10.247835669571991,3.59248991156372,0.6217031507554128,"POLYGON ((671702.3 2423713, 671701.6 2423686, 671699.5 2423660, 671696.1 2423634, 671691.3 2423609, 671685.2 2423583, 671677.8 2423558, 671669.1 2423533, 671659 2423509, 671647.8 2423486, 671635.3 2423463, 671621.6 2423440, 671606.8 2423419, 671590.8 2423398, 671573.8 2423378, 671555.8 2423359, 671536.8 2423341, 671516.9 2423324, 671496.2 2423308, 671474.6 2423293, 671452.3 2423280, 671429.3 2423267, 671405.6 2423256, 671381.5 2423246, 671356.8 2423237, 671331.7 2423230, 671306.2 2423224, 671280.5 2423219, 671254.5 2423215, 671228.4 2423213, 671202.3 2423213, 671176.1 2423213, 671150 2423215, 671124.1 2423219, 671098.3 2423224, 671072.9 2423230, 671047.8 2423237, 671023.1 2423246, 670998.9 2423256, 670975.3 2423267, 670952.3 2423280, 670930 2423293, 670908.4 2423308, 670887.6 2423324, 670867.7 2423341, 670848.7 2423359, 670830.7 2423378, 670813.7 2423398, 670797.8 2423419, 670782.9 2423440, 670769.3 2423463, 670756.8 2423486, 670745.5 2423509, 670735.5 2423533, 670726.7 2423558, 670719.3 2423583, 670713.2 2423609, 670708.4 2423634, 670705 2423660, 670703 2423686, 670702.3 2423713, 670703 2423739, 670705 2423765, 670708.4 2423791, 670713.2 2423817, 670719.3 2423842, 670726.7 2423867, 670735.5 2423892, 670745.5 2423916, 670756.8 2423940, 670769.3 2423963, 670782.9 2423985, 670797.8 2424006, 670813.7 2424027, 670830.7 2424047, 670848.7 2424066, 670867.7 2424084, 670887.6 2424101, 670908.4 2424117, 670930 2424132, 670952.3 2424146, 670975.3 2424158, 670998.9 2424169, 671023.1 2424179, 671047.8 2424188, 671072.9 2424196, 671098.3 2424202, 671124.1 2424206, 671150 2424210, 671176.1 2424212, 671202.3 2424213, 671228.4 2424212, 671254.5 2424210, 671280.5 2424206, 671306.2 2424202, 671331.7 2424196, 671356.8 2424188, 671381.5 2424179, 671405.6 2424169, 671429.3 2424158, 671452.3 2424146, 671474.6 2424132, 671496.2 2424117, 671516.9 2424101, 671536.8 2424084, 671555.8 2424066, 671573.8 2424047, 671590.8 2424027, 671606.8 2424006, 671621.6 2423985, 671635.3 2423963, 671647.8 2423940, 671659 2423916, 671669.1 2423892, 671677.8 2423867, 671685.2 2423842, 671691.3 2423817, 671696.1 2423791, 671699.5 2423765, 671701.6 2423739, 671702.3 2423713))"
22,20260531,Forest,4496.109318656291,53.343051017456666,0.9828130480533146,0,Hani,NA,NA,0,1,0,7453,502.0592481868725,1071.9995589587745,931.2218017578125,16.126209259033203,57.656282168713055,269950.42419433594,515088.9404296875,0.09649976169872335,1,10,77952.46810913086,0.28876586633186124,0,0,0,1,0.5349971455440135,0.8448538656239656,8.410967705925682,3.9767437165454274,-0.01733636201571971,"POLYGON ((672503.3 2377294, 672502.6 2377268, 672500.6 2377242, 672497.1 2377216, 672492.4 2377190, 672486.3 2377165, 672478.8 2377140, 672470.1 2377115, 672460.1 2377091, 672448.8 2377067, 672436.3 2377044, 672422.6 2377022, 672407.8 2377001, 672391.9 2376980, 672374.9 2376960, 672356.8 2376941, 672337.9 2376923, 672318 2376906, 672297.2 2376890, 672275.6 2376875, 672253.3 2376861, 672230.3 2376849, 672206.7 2376838, 672182.5 2376828, 672157.8 2376819, 672132.7 2376811, 672107.3 2376805, 672081.5 2376801, 672055.6 2376797, 672029.5 2376795, 672003.3 2376794, 671977.1 2376795, 671951 2376797, 671925.1 2376801, 671899.3 2376805, 671873.9 2376811, 671848.8 2376819, 671824.1 2376828, 671799.9 2376838, 671776.3 2376849, 671753.3 2376861, 671731 2376875, 671709.4 2376890, 671688.6 2376906, 671668.7 2376923, 671649.7 2376941, 671631.7 2376960, 671614.7 2376980, 671598.8 2377001, 671584 2377022, 671570.3 2377044, 671557.8 2377067, 671546.5 2377091, 671536.5 2377115, 671527.8 2377140, 671520.3 2377165, 671514.2 2377190, 671509.5 2377216, 671506 2377242, 671504 2377268, 671503.3 2377294, 671504 2377321, 671506 2377347, 671509.5 2377373, 671514.2 2377398, 671520.3 2377424, 671527.8 2377449, 671536.5 2377474, 671546.5 2377498, 671557.8 2377521, 671570.3 2377544, 671584 2377567, 671598.8 2377588, 671614.7 2377609, 671631.7 2377629, 671649.7 2377648, 671668.7 2377666, 671688.6 2377683, 671709.4 2377699, 671731 2377714, 671753.3 2377727, 671776.3 2377740, 671799.9 2377751, 671824.1 2377761, 671848.8 2377770, 671873.9 2377777, 671899.3 2377784, 671925.1 2377788, 671951 2377792, 671977.1 2377794, 672003.3 2377794, 672029.5 2377794, 672055.6 2377792, 672081.5 2377788, 672107.3 2377784, 672132.7 2377777, 672157.8 2377770, 672182.5 2377761, 672206.7 2377751, 672230.3 2377740, 672253.3 2377727, 672275.6 2377714, 672297.2 2377699, 672318 2377683, 672337.9 2377666, 672356.8 2377648, 672374.9 2377629, 672391.9 2377609, 672407.8 2377588, 672422.6 2377567, 672436.3 2377544, 672448.8 2377521, 672460.1 2377498, 672470.1 2377474, 672478.8 2377449, 672486.3 2377424, 672492.4 2377398, 672497.1 2377373, 672500.6 2377347, 672502.6 2377321, 672503.3 2377294))"
22,20260531,Forest,3378.2501423420003,26.64581295076882,2.071001494768311,0,Hani,NA,NA,0,1,0,7527,1235.2919282946607,1399.220388569207,653.58782958984375,11.6386137008667,322.58091052672296,20700,71937.83798217773,0.10031764751345579,1,120,18000,0.8695652173913043,0,0,0,1,0.7942122145112502,-0.6076404844323128,8.125113145053028,3.2826320257268775,0.7280323041748047,"POLYGON ((685585.6 2400663, 685584.9 2400637, 685582.9 2400610, 685579.4 2400584, 685574.7 2400559, 685568.6 2400533, 685561.1 2400508, 685552.4 2400484, 685542.4 2400459, 685531.1 2400436, 685518.6 2400413, 685504.9 2400390, 685490.1 2400369, 685474.2 2400348, 685457.2 2400328, 685439.1 2400309, 685420.2 2400291, 685400.3 2400274, 685379.5 2400258, 685357.9 2400243, 685335.6 2400230, 685312.6 2400217, 685289 2400206, 685264.8 2400196, 685240.1 2400187, 685215 2400180, 685189.5 2400174, 685163.8 2400169, 685137.9 2400165, 685111.8 2400163, 685085.6 2400163, 685059.4 2400163, 685033.3 2400165, 685007.4 2400169, 684981.6 2400174, 684956.2 2400180, 684931.1 2400187, 684906.4 2400196, 684882.2 2400206, 684858.6 2400217, 684835.6 2400230, 684813.3 2400243, 684791.7 2400258, 684770.9 2400274, 684751 2400291, 684732 2400309, 684714 2400328, 684697 2400348, 684681.1 2400369, 684666.3 2400390, 684652.6 2400413, 684640.1 2400436, 684628.8 2400459, 684618.8 2400484, 684610.1 2400508, 684602.6 2400533, 684596.5 2400559, 684591.7 2400584, 684588.3 2400610, 684586.3 2400637, 684585.6 2400663, 684586.3 2400689, 684588.3 2400715, 684591.7 2400741, 684596.5 2400767, 684602.6 2400792, 684610.1 2400817, 684618.8 2400842, 684628.8 2400866, 684640.1 2400890, 684652.6 2400913, 684666.3 2400935, 684681.1 2400957, 684697 2400977, 684714 2400997, 684732 2401016, 684751 2401034, 684770.9 2401051, 684791.7 2401067, 684813.3 2401082, 684835.6 2401096, 684858.6 2401108, 684882.2 2401119, 684906.4 2401129, 684931.1 2401138, 684956.2 2401146, 684981.6 2401152, 685007.4 2401157, 685033.3 2401160, 685059.4 2401162, 685085.6 2401163, 685111.8 2401162, 685137.9 2401160, 685163.8 2401157, 685189.5 2401152, 685215 2401146, 685240.1 2401138, 685264.8 2401129, 685289 2401119, 685312.6 2401108, 685335.6 2401096, 685357.9 2401082, 685379.5 2401067, 685400.3 2401051, 685420.2 2401034, 685439.1 2401016, 685457.2 2400997, 685474.2 2400977, 685490.1 2400957, 685504.9 2400935, 685518.6 2400913, 685531.1 2400890, 685542.4 2400866, 685552.4 2400842, 685561.1 2400817, 685568.6 2400792, 685574.7 2400767, 685579.4 2400741, 685582.9 2400715, 685584.9 2400689, 685585.6 2400663))"
22,20260531,Forest,5351.11026760296,13.711033575247699,0.13435474366529168,0,Hani,NA,NA,0,1,0,7575,421.86236360783914,1111.8492757904376,957.05853271484375,13.154461860656738,76.7304213275854,785039.3371582031,0,0.1837509463376486,1,99,649247.0031738281,0.8270248030169605,50810.026931762695,0.06472290562622256,0,1,0.2295329931964564,0.9733008810405318,8.585059345014134,2.6182008791533518,-2.0072716362797856,"POLYGON ((678085.4 2411375, 678084.7 2411349, 678082.7 2411323, 678079.2 2411297, 678074.5 2411271, 678068.4 2411246, 678060.9 2411221, 678052.2 2411196, 678042.2 2411172, 678030.9 2411148, 678018.4 2411125, 678004.7 2411103, 677989.9 2411081, 677974 2411061, 677957 2411041, 677938.9 2411022, 677920 2411004, 677900.1 2410987, 677879.3 2410971, 677857.7 2410956, 677835.4 2410942, 677812.4 2410930, 677788.8 2410919, 677764.6 2410909, 677739.9 2410900, 677714.8 2410892, 677689.3 2410886, 677663.6 2410881, 677637.7 2410878, 677611.6 2410876, 677585.4 2410875, 677559.2 2410876, 677533.1 2410878, 677507.2 2410881, 677481.4 2410886, 677456 2410892, 677430.9 2410900, 677406.2 2410909, 677382 2410919, 677358.4 2410930, 677335.4 2410942, 677313.1 2410956, 677291.5 2410971, 677270.7 2410987, 677250.8 2411004, 677231.8 2411022, 677213.8 2411041, 677196.8 2411061, 677180.9 2411081, 677166.1 2411103, 677152.4 2411125, 677139.9 2411148, 677128.6 2411172, 677118.6 2411196, 677109.9 2411221, 677102.4 2411246, 677096.3 2411271, 677091.5 2411297, 677088.1 2411323, 677086.1 2411349, 677085.4 2411375, 677086.1 2411401, 677088.1 2411428, 677091.5 2411454, 677096.3 2411479, 677102.4 2411505, 677109.9 2411530, 677118.6 2411554, 677128.6 2411579, 677139.9 2411602, 677152.4 2411625, 677166.1 2411648, 677180.9 2411669, 677196.8 2411690, 677213.8 2411710, 677231.8 2411729, 677250.8 2411747, 677270.7 2411764, 677291.5 2411780, 677313.1 2411795, 677335.4 2411808, 677358.4 2411821, 677382 2411832, 677406.2 2411842, 677430.9 2411851, 677456 2411858, 677481.4 2411864, 677507.2 2411869, 677533.1 2411873, 677559.2 2411875, 677585.4 2411875, 677611.6 2411875, 677637.7 2411873, 677663.6 2411869, 677689.3 2411864, 677714.8 2411858, 677739.9 2411851, 677764.6 2411842, 677788.8 2411832, 677812.4 2411821, 677835.4 2411808, 677857.7 2411795, 677879.3 2411780, 677900.1 2411764, 677920 2411747, 677938.9 2411729, 677957 2411710, 677974 2411690, 677989.9 2411669, 678004.7 2411648, 678018.4 2411625, 678030.9 2411602, 678042.2 2411579, 678052.2 2411554, 678060.9 2411530, 678068.4 2411505, 678074.5 2411479, 678079.2 2411454, 678082.7 2411428, 678084.7 2411401, 678085.4 2411375))"
