draw,draw_seed,sample,net_income_adjusted,popu_density,agri_land_pp,is_sns,ethnicity,burial,temple,dai,hani,bulang,ID,dist_to_road,dist_to_village,mean_elev,mean_slope,mode_aspect,forest_area_02,woody_area_02,distance,weights,subclass,loss_1_34_14,loss_1_34_intensity_14,loss_1_345_14,loss_1_345_intensity_14,dai_eth,hani_eth,aspect_cos,aspect_sin,log_income,log_popu,log_agri,geometry_wkt
32,20260541,Forest,8450.297366185216,73.42593080392646,1.8587749920660108,1,Dai,火葬,无,1,0,0,39,467.88896705455073,973.9420289361556,842.76318359375,9.866257667541504,185.98673812728885,12600,253140.49072265625,0.14057798862914128,1,1,12600,1,0,0,1,0,-0.9945460632347923,-0.10429826510626353,9.041956910996545,4.296277153938979,0.6199176643325077,"POLYGON ((696095.3 2447963, 696094.6 2447937, 696092.5 2447910, 696089.1 2447884, 696084.3 2447859, 696078.2 2447833, 696070.8 2447808, 696062 2447784, 696052 2447759, 696040.8 2447736, 696028.3 2447713, 696014.6 2447690, 695999.8 2447669, 695983.8 2447648, 695966.8 2447628, 695948.8 2447609, 695929.8 2447591, 695909.9 2447574, 695889.1 2447558, 695867.6 2447543, 695845.3 2447530, 695822.2 2447517, 695798.6 2447506, 695774.4 2447496, 695749.8 2447487, 695724.7 2447480, 695699.2 2447474, 695673.5 2447469, 695647.5 2447465, 695621.4 2447463, 695595.3 2447463, 695569.1 2447463, 695543 2447465, 695517 2447469, 695491.3 2447474, 695465.8 2447480, 695440.7 2447487, 695416.1 2447496, 695391.9 2447506, 695368.3 2447517, 695345.3 2447530, 695322.9 2447543, 695301.4 2447558, 695280.6 2447574, 695260.7 2447591, 695241.7 2447609, 695223.7 2447628, 695206.7 2447648, 695190.7 2447669, 695175.9 2447690, 695162.2 2447713, 695149.7 2447736, 695138.5 2447759, 695128.5 2447784, 695119.7 2447808, 695112.3 2447833, 695106.2 2447859, 695101.4 2447884, 695098 2447910, 695095.9 2447937, 695095.3 2447963, 695095.9 2447989, 695098 2448015, 695101.4 2448041, 695106.2 2448067, 695112.3 2448092, 695119.7 2448117, 695128.5 2448142, 695138.5 2448166, 695149.7 2448190, 695162.2 2448213, 695175.9 2448235, 695190.7 2448257, 695206.7 2448277, 695223.7 2448297, 695241.7 2448316, 695260.7 2448334, 695280.6 2448351, 695301.4 2448367, 695322.9 2448382, 695345.3 2448396, 695368.3 2448408, 695391.9 2448419, 695416.1 2448429, 695440.7 2448438, 695465.8 2448446, 695491.3 2448452, 695517 2448457, 695543 2448460, 695569.1 2448462, 695595.3 2448463, 695621.4 2448462, 695647.5 2448460, 695673.5 2448457, 695699.2 2448452, 695724.7 2448446, 695749.8 2448438, 695774.4 2448429, 695798.6 2448419, 695822.2 2448408, 695845.3 2448396, 695867.6 2448382, 695889.1 2448367, 695909.9 2448351, 695929.8 2448334, 695948.8 2448316, 695966.8 2448297, 695983.8 2448277, 695999.8 2448257, 696014.6 2448235, 696028.3 2448213, 696040.8 2448190, 696052 2448166, 696062 2448142, 696070.8 2448117, 696078.2 2448092, 696084.3 2448067, 696089.1 2448041, 696092.5 2448015, 696094.6 2447989, 696095.3 2447963))"
32,20260541,Forest,8450.297366185216,73.42593080392646,1.8587749920660108,1,Dai,火葬,无,1,0,0,40,413.77919748317225,2393.1644568207607,799.55523681640625,9.810006141662598,144.16330623733987,8096.832847595215,28702.542686462402,0.008727305836736617,1,2,0,0,1796.8326330184937,0.22191796061989333,1,0,-0.8106890300140245,0.5854769821392812,9.041956910996545,4.296277153938979,0.6199176643325077,"POLYGON ((697124.2 2445862, 697123.5 2445835, 697121.4 2445809, 697118 2445783, 697113.2 2445758, 697107.1 2445732, 697099.7 2445707, 697091 2445682, 697080.9 2445658, 697069.7 2445635, 697057.2 2445612, 697043.5 2445589, 697028.7 2445568, 697012.7 2445547, 696995.7 2445527, 696977.7 2445508, 696958.7 2445490, 696938.8 2445473, 696918.1 2445457, 696896.5 2445442, 696874.2 2445429, 696851.2 2445416, 696827.5 2445405, 696803.3 2445395, 696778.7 2445386, 696753.6 2445379, 696728.1 2445373, 696702.4 2445368, 696676.4 2445364, 696650.3 2445362, 696624.2 2445362, 696598 2445362, 696571.9 2445364, 696545.9 2445368, 696520.2 2445373, 696494.8 2445379, 696469.7 2445386, 696445 2445395, 696420.8 2445405, 696397.2 2445416, 696374.2 2445429, 696351.8 2445442, 696330.3 2445457, 696309.5 2445473, 696289.6 2445490, 696270.6 2445508, 696252.6 2445527, 696235.6 2445547, 696219.7 2445568, 696204.8 2445589, 696191.2 2445612, 696178.7 2445635, 696167.4 2445658, 696157.4 2445682, 696148.6 2445707, 696141.2 2445732, 696135.1 2445758, 696130.3 2445783, 696126.9 2445809, 696124.9 2445835, 696124.2 2445862, 696124.9 2445888, 696126.9 2445914, 696130.3 2445940, 696135.1 2445966, 696141.2 2445991, 696148.6 2446016, 696157.4 2446041, 696167.4 2446065, 696178.7 2446089, 696191.2 2446112, 696204.8 2446134, 696219.7 2446156, 696235.6 2446176, 696252.6 2446196, 696270.6 2446215, 696289.6 2446233, 696309.5 2446250, 696330.3 2446266, 696351.8 2446281, 696374.2 2446295, 696397.2 2446307, 696420.8 2446318, 696445 2446328, 696469.7 2446337, 696494.8 2446345, 696520.2 2446351, 696545.9 2446355, 696571.9 2446359, 696598 2446361, 696624.2 2446362, 696650.3 2446361, 696676.4 2446359, 696702.4 2446355, 696728.1 2446351, 696753.6 2446345, 696778.7 2446337, 696803.3 2446328, 696827.5 2446318, 696851.2 2446307, 696874.2 2446295, 696896.5 2446281, 696918.1 2446266, 696938.8 2446250, 696958.7 2446233, 696977.7 2446215, 696995.7 2446196, 697012.7 2446176, 697028.7 2446156, 697043.5 2446134, 697057.2 2446112, 697069.7 2446089, 697080.9 2446065, 697091 2446041, 697099.7 2446016, 697107.1 2445991, 697113.2 2445966, 697118 2445940, 697121.4 2445914, 697123.5 2445888, 697124.2 2445862))"
32,20260541,Forest,8450.297366185216,73.42593080392646,1.8587749920660108,1,Dai,火葬,无,1,0,0,41,73.04572707444774,1557.978698080153,766.8189697265625,5.734014511108398,192.6303991768814,6901.325511932373,62168.82247924805,0.3038568212794811,1,3,0,0,1800,0.260819460969897,1,0,-0.9758008852565537,-0.21866099865436903,9.041956910996545,4.296277153938979,0.6199176643325077,"POLYGON ((696459.1 2446369, 696458.4 2446343, 696456.4 2446317, 696452.9 2446291, 696448.2 2446265, 696442.1 2446240, 696434.6 2446215, 696425.9 2446190, 696415.9 2446166, 696404.6 2446142, 696392.1 2446119, 696378.4 2446097, 696363.6 2446076, 696347.7 2446055, 696330.7 2446035, 696312.7 2446016, 696293.7 2445998, 696273.8 2445981, 696253 2445965, 696231.4 2445950, 696209.1 2445936, 696186.1 2445924, 696162.5 2445913, 696138.3 2445903, 696113.6 2445894, 696088.5 2445886, 696063.1 2445880, 696037.3 2445876, 696011.4 2445872, 695985.3 2445870, 695959.1 2445869, 695932.9 2445870, 695906.8 2445872, 695880.9 2445876, 695855.1 2445880, 695829.7 2445886, 695804.6 2445894, 695779.9 2445903, 695755.7 2445913, 695732.1 2445924, 695709.1 2445936, 695686.8 2445950, 695665.2 2445965, 695644.4 2445981, 695624.5 2445998, 695605.5 2446016, 695587.5 2446035, 695570.5 2446055, 695554.6 2446076, 695539.8 2446097, 695526.1 2446119, 695513.6 2446142, 695502.3 2446166, 695492.3 2446190, 695483.6 2446215, 695476.1 2446240, 695470 2446265, 695465.3 2446291, 695461.8 2446317, 695459.8 2446343, 695459.1 2446369, 695459.8 2446396, 695461.8 2446422, 695465.3 2446448, 695470 2446473, 695476.1 2446499, 695483.6 2446524, 695492.3 2446549, 695502.3 2446573, 695513.6 2446596, 695526.1 2446619, 695539.8 2446642, 695554.6 2446663, 695570.5 2446684, 695587.5 2446704, 695605.5 2446723, 695624.5 2446741, 695644.4 2446758, 695665.2 2446774, 695686.8 2446789, 695709.1 2446802, 695732.1 2446815, 695755.7 2446826, 695779.9 2446836, 695804.6 2446845, 695829.7 2446852, 695855.1 2446858, 695880.9 2446863, 695906.8 2446867, 695932.9 2446869, 695959.1 2446869, 695985.3 2446869, 696011.4 2446867, 696037.3 2446863, 696063.1 2446858, 696088.5 2446852, 696113.6 2446845, 696138.3 2446836, 696162.5 2446826, 696186.1 2446815, 696209.1 2446802, 696231.4 2446789, 696253 2446774, 696273.8 2446758, 696293.7 2446741, 696312.7 2446723, 696330.7 2446704, 696347.7 2446684, 696363.6 2446663, 696378.4 2446642, 696392.1 2446619, 696404.6 2446596, 696415.9 2446573, 696425.9 2446549, 696434.6 2446524, 696442.1 2446499, 696448.2 2446473, 696452.9 2446448, 696456.4 2446422, 696458.4 2446396, 696459.1 2446369))"
32,20260541,Forest,8082.412914188615,48.483721067496745,1.5257279617072197,1,Dai,火葬,无,1,0,0,44,6.308072140434634,1658.2344801426814,790.29376220703125,6.178640365600586,207.86454016305572,117.76105910539627,27680.223655700684,0.24570887962238155,1,4,117.76105910539627,1,0,0,1,0,-0.8840550583247369,-0.4673827701685697,8.997445734928318,3.881228093508158,0.4224716481023428,"POLYGON ((697418.3 2444440, 697417.7 2444414, 697415.6 2444388, 697412.2 2444362, 697407.4 2444336, 697401.3 2444310, 697393.9 2444285, 697385.1 2444261, 697375.1 2444237, 697363.8 2444213, 697351.4 2444190, 697337.7 2444168, 697322.9 2444146, 697306.9 2444125, 697289.9 2444105, 697271.9 2444086, 697252.9 2444068, 697233 2444051, 697212.2 2444035, 697190.7 2444021, 697168.3 2444007, 697145.3 2443994, 697121.7 2443983, 697097.5 2443973, 697072.9 2443964, 697047.8 2443957, 697022.3 2443951, 696996.6 2443946, 696970.6 2443943, 696944.5 2443941, 696918.3 2443940, 696892.2 2443941, 696866.1 2443943, 696840.1 2443946, 696814.4 2443951, 696788.9 2443957, 696763.8 2443964, 696739.2 2443973, 696715 2443983, 696691.4 2443994, 696668.3 2444007, 696646 2444021, 696624.5 2444035, 696603.7 2444051, 696583.8 2444068, 696564.8 2444086, 696546.8 2444105, 696529.8 2444125, 696513.8 2444146, 696499 2444168, 696485.3 2444190, 696472.8 2444213, 696461.6 2444237, 696451.6 2444261, 696442.8 2444285, 696435.4 2444310, 696429.3 2444336, 696424.5 2444362, 696421.1 2444388, 696419 2444414, 696418.3 2444440, 696419 2444466, 696421.1 2444492, 696424.5 2444518, 696429.3 2444544, 696435.4 2444569, 696442.8 2444594, 696451.6 2444619, 696461.6 2444643, 696472.8 2444667, 696485.3 2444690, 696499 2444712, 696513.8 2444734, 696529.8 2444755, 696546.8 2444774, 696564.8 2444793, 696583.8 2444811, 696603.7 2444828, 696624.5 2444844, 696646 2444859, 696668.3 2444873, 696691.4 2444885, 696715 2444897, 696739.2 2444907, 696763.8 2444915, 696788.9 2444923, 696814.4 2444929, 696840.1 2444934, 696866.1 2444937, 696892.2 2444939, 696918.3 2444940, 696944.5 2444939, 696970.6 2444937, 696996.6 2444934, 697022.3 2444929, 697047.8 2444923, 697072.9 2444915, 697097.5 2444907, 697121.7 2444897, 697145.3 2444885, 697168.3 2444873, 697190.7 2444859, 697212.2 2444844, 697233 2444828, 697252.9 2444811, 697271.9 2444793, 697289.9 2444774, 697306.9 2444755, 697322.9 2444734, 697337.7 2444712, 697351.4 2444690, 697363.8 2444667, 697375.1 2444643, 697385.1 2444619, 697393.9 2444594, 697401.3 2444569, 697407.4 2444544, 697412.2 2444518, 697415.6 2444492, 697417.7 2444466, 697418.3 2444440))"
32,20260541,Forest,4729.178800232964,28.284346991989317,25.912513445679455,1,Dai,土葬,无,1,0,0,57,124.84205516817002,1042.0384016597382,890.30572509765625,2.465515375137329,240.88831088797627,785039.3371582031,0,0.5501424521712843,1,5,96659.22546386719,0.12312660129079388,29567.110061645508,0.0376632210160025,1,0,-0.48651363162320105,-0.8736729858733211,8.461506851240385,3.3423085418038267,3.2547259966495377,"POLYGON ((685846.8 2476153, 685846.1 2476127, 685844 2476101, 685840.6 2476075, 685835.8 2476049, 685829.7 2476024, 685822.3 2475998, 685813.5 2475974, 685803.5 2475950, 685792.3 2475926, 685779.8 2475903, 685766.1 2475881, 685751.3 2475859, 685735.3 2475838, 685718.3 2475818, 685700.3 2475799, 685681.3 2475781, 685661.4 2475764, 685640.7 2475748, 685619.1 2475734, 685596.8 2475720, 685573.8 2475707, 685550.1 2475696, 685525.9 2475686, 685501.3 2475677, 685476.2 2475670, 685450.7 2475664, 685425 2475659, 685399 2475656, 685372.9 2475654, 685346.8 2475653, 685320.6 2475654, 685294.5 2475656, 685268.5 2475659, 685242.8 2475664, 685217.3 2475670, 685192.2 2475677, 685167.6 2475686, 685143.4 2475696, 685119.8 2475707, 685096.8 2475720, 685074.4 2475734, 685052.9 2475748, 685032.1 2475764, 685012.2 2475781, 684993.2 2475799, 684975.2 2475818, 684958.2 2475838, 684942.2 2475859, 684927.4 2475881, 684913.7 2475903, 684901.3 2475926, 684890 2475950, 684880 2475974, 684871.2 2475998, 684863.8 2476024, 684857.7 2476049, 684852.9 2476075, 684849.5 2476101, 684847.4 2476127, 684846.8 2476153, 684847.4 2476179, 684849.5 2476205, 684852.9 2476231, 684857.7 2476257, 684863.8 2476282, 684871.2 2476307, 684880 2476332, 684890 2476356, 684901.3 2476380, 684913.7 2476403, 684927.4 2476425, 684942.2 2476447, 684958.2 2476468, 684975.2 2476488, 684993.2 2476507, 685012.2 2476525, 685032.1 2476542, 685052.9 2476557, 685074.4 2476572, 685096.8 2476586, 685119.8 2476598, 685143.4 2476610, 685167.6 2476620, 685192.2 2476628, 685217.3 2476636, 685242.8 2476642, 685268.5 2476647, 685294.5 2476650, 685320.6 2476652, 685346.8 2476653, 685372.9 2476652, 685399 2476650, 685425 2476647, 685450.7 2476642, 685476.2 2476636, 685501.3 2476628, 685525.9 2476620, 685550.1 2476610, 685573.8 2476598, 685596.8 2476586, 685619.1 2476572, 685640.7 2476557, 685661.4 2476542, 685681.3 2476525, 685700.3 2476507, 685718.3 2476488, 685735.3 2476468, 685751.3 2476447, 685766.1 2476425, 685779.8 2476403, 685792.3 2476380, 685803.5 2476356, 685813.5 2476332, 685822.3 2476307, 685829.7 2476282, 685835.8 2476257, 685840.6 2476231, 685844 2476205, 685846.1 2476179, 685846.8 2476153))"
32,20260541,Forest,4729.178800232964,28.284346991989317,25.912513445679455,1,Dai,土葬,无,1,0,0,61,259.19581231361184,364.9493328573182,899.66552734375,3.67250394821167,164.73172343231386,785039.3371582031,0,0.6999639253161595,1,6,147711.47003173828,0.18815804895388458,65556.11343383789,0.08350678791606446,1,0,-0.9647033713964239,0.2633389549921801,8.461506851240385,3.3423085418038267,3.2547259966495377,"POLYGON ((684788.4 2475389, 684787.7 2475363, 684785.6 2475337, 684782.2 2475311, 684777.4 2475285, 684771.3 2475260, 684763.9 2475235, 684755.2 2475210, 684745.1 2475186, 684733.9 2475162, 684721.4 2475139, 684707.7 2475117, 684692.9 2475095, 684676.9 2475075, 684659.9 2475055, 684641.9 2475036, 684622.9 2475018, 684603 2475001, 684582.3 2474985, 684560.7 2474970, 684538.4 2474956, 684515.4 2474944, 684491.7 2474932, 684467.5 2474922, 684442.9 2474914, 684417.8 2474906, 684392.3 2474900, 684366.6 2474895, 684340.6 2474892, 684314.5 2474890, 684288.4 2474889, 684262.2 2474890, 684236.1 2474892, 684210.1 2474895, 684184.4 2474900, 684159 2474906, 684133.9 2474914, 684109.2 2474922, 684085 2474932, 684061.4 2474944, 684038.4 2474956, 684016 2474970, 683994.5 2474985, 683973.7 2475001, 683953.8 2475018, 683934.8 2475036, 683916.8 2475055, 683899.8 2475075, 683883.9 2475095, 683869 2475117, 683855.3 2475139, 683842.9 2475162, 683831.6 2475186, 683821.6 2475210, 683812.8 2475235, 683805.4 2475260, 683799.3 2475285, 683794.5 2475311, 683791.1 2475337, 683789 2475363, 683788.4 2475389, 683789 2475415, 683791.1 2475441, 683794.5 2475467, 683799.3 2475493, 683805.4 2475519, 683812.8 2475544, 683821.6 2475568, 683831.6 2475593, 683842.9 2475616, 683855.3 2475639, 683869 2475661, 683883.9 2475683, 683899.8 2475704, 683916.8 2475724, 683934.8 2475743, 683953.8 2475761, 683973.7 2475778, 683994.5 2475794, 684016 2475809, 684038.4 2475822, 684061.4 2475835, 684085 2475846, 684109.2 2475856, 684133.9 2475865, 684159 2475872, 684184.4 2475878, 684210.1 2475883, 684236.1 2475886, 684262.2 2475888, 684288.4 2475889, 684314.5 2475888, 684340.6 2475886, 684366.6 2475883, 684392.3 2475878, 684417.8 2475872, 684442.9 2475865, 684467.5 2475856, 684491.7 2475846, 684515.4 2475835, 684538.4 2475822, 684560.7 2475809, 684582.3 2475794, 684603 2475778, 684622.9 2475761, 684641.9 2475743, 684659.9 2475724, 684676.9 2475704, 684692.9 2475683, 684707.7 2475661, 684721.4 2475639, 684733.9 2475616, 684745.1 2475593, 684755.2 2475568, 684763.9 2475544, 684771.3 2475519, 684777.4 2475493, 684782.2 2475467, 684785.6 2475441, 684787.7 2475415, 684788.4 2475389))"
32,20260541,Forest,4729.178800232964,28.284346991989317,25.912513445679455,1,Dai,土葬,无,1,0,0,64,101.11455315979987,319.5450132537364,897.93365478515625,3.923670530319214,69.22771768163331,609287.8601074219,3663.7953758239746,0.661977807130157,1,8,511449.8291015625,0.8394223200366904,38692.53616333008,0.06350452503108843,1,0,0.3546546851116848,0.9349973552520519,8.461506851240385,3.3423085418038267,3.2547259966495377,"POLYGON ((685091.6 2477815, 685090.9 2477788, 685088.8 2477762, 685085.4 2477736, 685080.6 2477711, 685074.5 2477685, 685067.1 2477660, 685058.3 2477635, 685048.3 2477611, 685037.1 2477588, 685024.6 2477565, 685010.9 2477542, 684996.1 2477521, 684980.1 2477500, 684963.1 2477480, 684945.1 2477461, 684926.1 2477443, 684906.2 2477426, 684885.4 2477410, 684863.9 2477395, 684841.6 2477382, 684818.5 2477369, 684794.9 2477358, 684770.7 2477348, 684746.1 2477339, 684721 2477332, 684695.5 2477326, 684669.8 2477321, 684643.8 2477317, 684617.7 2477315, 684591.6 2477315, 684565.4 2477315, 684539.3 2477317, 684513.3 2477321, 684487.6 2477326, 684462.1 2477332, 684437 2477339, 684412.4 2477348, 684388.2 2477358, 684364.6 2477369, 684341.6 2477382, 684319.2 2477395, 684297.7 2477410, 684276.9 2477426, 684257 2477443, 684238 2477461, 684220 2477480, 684203 2477500, 684187 2477521, 684172.2 2477542, 684158.5 2477565, 684146 2477588, 684134.8 2477611, 684124.8 2477635, 684116 2477660, 684108.6 2477685, 684102.5 2477711, 684097.7 2477736, 684094.3 2477762, 684092.2 2477788, 684091.6 2477815, 684092.2 2477841, 684094.3 2477867, 684097.7 2477893, 684102.5 2477919, 684108.6 2477944, 684116 2477969, 684124.8 2477994, 684134.8 2478018, 684146 2478042, 684158.5 2478065, 684172.2 2478087, 684187 2478109, 684203 2478129, 684220 2478149, 684238 2478168, 684257 2478186, 684276.9 2478203, 684297.7 2478219, 684319.2 2478234, 684341.6 2478248, 684364.6 2478260, 684388.2 2478271, 684412.4 2478281, 684437 2478290, 684462.1 2478298, 684487.6 2478304, 684513.3 2478308, 684539.3 2478312, 684565.4 2478314, 684591.6 2478315, 684617.7 2478314, 684643.8 2478312, 684669.8 2478308, 684695.5 2478304, 684721 2478298, 684746.1 2478290, 684770.7 2478281, 684794.9 2478271, 684818.5 2478260, 684841.6 2478248, 684863.9 2478234, 684885.4 2478219, 684906.2 2478203, 684926.1 2478186, 684945.1 2478168, 684963.1 2478149, 684980.1 2478129, 684996.1 2478109, 685010.9 2478087, 685024.6 2478065, 685037.1 2478042, 685048.3 2478018, 685058.3 2477994, 685067.1 2477969, 685074.5 2477944, 685080.6 2477919, 685085.4 2477893, 685088.8 2477867, 685090.9 2477841, 685091.6 2477815))"
32,20260541,Forest,4729.178800232964,28.284346991989317,25.912513445679455,1,Dai,土葬,无,1,0,0,65,18.378412408454587,288.44851564676645,943.22686767578125,8.567584037780762,258.54979720003536,529385.888671875,0,0.5611249111932355,1,9,257500.634765625,0.48641386231817285,9641.096878051758,0.01821185090943654,1,0,-0.1985161820694964,-0.980097610167758,8.461506851240385,3.3423085418038267,3.2547259966495377,"POLYGON ((686550.7 2480649, 686550 2480623, 686547.9 2480597, 686544.5 2480571, 686539.7 2480545, 686533.6 2480519, 686526.2 2480494, 686517.5 2480470, 686507.4 2480445, 686496.2 2480422, 686483.7 2480399, 686470 2480376, 686455.2 2480355, 686439.2 2480334, 686422.2 2480314, 686404.2 2480295, 686385.2 2480277, 686365.3 2480260, 686344.6 2480244, 686323 2480229, 686300.7 2480216, 686277.7 2480203, 686254 2480192, 686229.9 2480182, 686205.2 2480173, 686180.1 2480166, 686154.6 2480160, 686128.9 2480155, 686102.9 2480152, 686076.8 2480149, 686050.7 2480149, 686024.5 2480149, 685998.4 2480152, 685972.5 2480155, 685946.7 2480160, 685921.3 2480166, 685896.2 2480173, 685871.5 2480182, 685847.3 2480192, 685823.7 2480203, 685800.7 2480216, 685778.4 2480229, 685756.8 2480244, 685736 2480260, 685716.1 2480277, 685697.1 2480295, 685679.1 2480314, 685662.1 2480334, 685646.2 2480355, 685631.3 2480376, 685617.7 2480399, 685605.2 2480422, 685593.9 2480445, 685583.9 2480470, 685575.1 2480494, 685567.7 2480519, 685561.6 2480545, 685556.8 2480571, 685553.4 2480597, 685551.4 2480623, 685550.7 2480649, 685551.4 2480675, 685553.4 2480701, 685556.8 2480727, 685561.6 2480753, 685567.7 2480778, 685575.1 2480803, 685583.9 2480828, 685593.9 2480852, 685605.2 2480876, 685617.7 2480899, 685631.3 2480921, 685646.2 2480943, 685662.1 2480963, 685679.1 2480983, 685697.1 2481002, 685716.1 2481020, 685736 2481037, 685756.8 2481053, 685778.4 2481068, 685800.7 2481082, 685823.7 2481094, 685847.3 2481106, 685871.5 2481116, 685896.2 2481124, 685921.3 2481132, 685946.7 2481138, 685972.5 2481143, 685998.4 2481146, 686024.5 2481148, 686050.7 2481149, 686076.8 2481148, 686102.9 2481146, 686128.9 2481143, 686154.6 2481138, 686180.1 2481132, 686205.2 2481124, 686229.9 2481116, 686254 2481106, 686277.7 2481094, 686300.7 2481082, 686323 2481068, 686344.6 2481053, 686365.3 2481037, 686385.2 2481020, 686404.2 2481002, 686422.2 2480983, 686439.2 2480963, 686455.2 2480943, 686470 2480921, 686483.7 2480899, 686496.2 2480876, 686507.4 2480852, 686517.5 2480828, 686526.2 2480803, 686533.6 2480778, 686539.7 2480753, 686544.5 2480727, 686547.9 2480701, 686550 2480675, 686550.7 2480649))"
32,20260541,Forest,4729.178800232964,28.284346991989317,25.912513445679455,1,Dai,土葬,无,1,0,0,66,420.1459989158449,417.2112056035509,905.5518798828125,3.6864259243011475,239.28434874264798,227396.79107666016,0,0.6459032908555998,1,10,74775.70266723633,0.32883358781447314,6151.743364334106,0.027052903144355395,1,0,-0.5107777812427132,-0.8597127765648077,8.461506851240385,3.3423085418038267,3.2547259966495377,"POLYGON ((686144.8 2480828, 686144.1 2480802, 686142.1 2480776, 686138.6 2480750, 686133.9 2480724, 686127.8 2480699, 686120.3 2480674, 686111.6 2480649, 686101.6 2480625, 686090.3 2480601, 686077.8 2480578, 686064.1 2480556, 686049.3 2480535, 686033.4 2480514, 686016.4 2480494, 685998.3 2480475, 685979.4 2480457, 685959.5 2480440, 685938.7 2480424, 685917.1 2480409, 685894.8 2480395, 685871.8 2480383, 685848.2 2480372, 685824 2480362, 685799.3 2480353, 685774.2 2480345, 685748.8 2480339, 685723 2480335, 685697.1 2480331, 685671 2480329, 685644.8 2480328, 685618.6 2480329, 685592.5 2480331, 685566.6 2480335, 685540.8 2480339, 685515.4 2480345, 685490.3 2480353, 685465.6 2480362, 685441.4 2480372, 685417.8 2480383, 685394.8 2480395, 685372.5 2480409, 685350.9 2480424, 685330.1 2480440, 685310.2 2480457, 685291.2 2480475, 685273.2 2480494, 685256.2 2480514, 685240.3 2480535, 685225.5 2480556, 685211.8 2480578, 685199.3 2480601, 685188 2480625, 685178 2480649, 685169.3 2480674, 685161.8 2480699, 685155.7 2480724, 685151 2480750, 685147.5 2480776, 685145.5 2480802, 685144.8 2480828, 685145.5 2480855, 685147.5 2480881, 685151 2480907, 685155.7 2480932, 685161.8 2480958, 685169.3 2480983, 685178 2481008, 685188 2481032, 685199.3 2481055, 685211.8 2481078, 685225.5 2481101, 685240.3 2481122, 685256.2 2481143, 685273.2 2481163, 685291.2 2481182, 685310.2 2481200, 685330.1 2481217, 685350.9 2481233, 685372.5 2481248, 685394.8 2481261, 685417.8 2481274, 685441.4 2481285, 685465.6 2481295, 685490.3 2481304, 685515.4 2481311, 685540.8 2481317, 685566.6 2481322, 685592.5 2481326, 685618.6 2481328, 685644.8 2481328, 685671 2481328, 685697.1 2481326, 685723 2481322, 685748.8 2481317, 685774.2 2481311, 685799.3 2481304, 685824 2481295, 685848.2 2481285, 685871.8 2481274, 685894.8 2481261, 685917.1 2481248, 685938.7 2481233, 685959.5 2481217, 685979.4 2481200, 685998.3 2481182, 686016.4 2481163, 686033.4 2481143, 686049.3 2481122, 686064.1 2481101, 686077.8 2481078, 686090.3 2481055, 686101.6 2481032, 686111.6 2481008, 686120.3 2480983, 686127.8 2480958, 686133.9 2480932, 686138.6 2480907, 686142.1 2480881, 686144.1 2480855, 686144.8 2480828))"
32,20260541,Forest,4740.827023878858,28.393067437574942,2.9508196721311477,1,Dai,土葬,无,1,0,0,69,18.022673176525558,602.5224871482981,948.857421875,8.154994010925293,153.26754225967903,636699.2980957031,0,0.3481010617376246,1,11,585062.4572753906,0.9188991711240259,12600,0.01978956163087536,1,0,-0.8931167082800273,0.44982501641310324,8.463966877081248,3.346145011058112,1.0820829867168993,"POLYGON ((680559.7 2480962, 680559 2480936, 680557 2480910, 680553.6 2480884, 680548.8 2480858, 680542.7 2480833, 680535.2 2480808, 680526.5 2480783, 680516.5 2480759, 680505.2 2480735, 680492.7 2480712, 680479.1 2480690, 680464.2 2480668, 680448.3 2480647, 680431.3 2480628, 680413.3 2480609, 680394.3 2480591, 680374.4 2480574, 680353.6 2480558, 680332 2480543, 680309.7 2480529, 680286.7 2480517, 680263.1 2480505, 680238.9 2480495, 680214.2 2480487, 680189.1 2480479, 680163.7 2480473, 680137.9 2480468, 680112 2480465, 680085.9 2480463, 680059.7 2480462, 680033.6 2480463, 680007.5 2480465, 679981.5 2480468, 679955.8 2480473, 679930.3 2480479, 679905.2 2480487, 679880.5 2480495, 679856.4 2480505, 679832.7 2480517, 679809.7 2480529, 679787.4 2480543, 679765.8 2480558, 679745.1 2480574, 679725.2 2480591, 679706.2 2480609, 679688.1 2480628, 679671.1 2480647, 679655.2 2480668, 679640.4 2480690, 679626.7 2480712, 679614.2 2480735, 679602.9 2480759, 679592.9 2480783, 679584.2 2480808, 679576.8 2480833, 679570.6 2480858, 679565.9 2480884, 679562.5 2480910, 679560.4 2480936, 679559.7 2480962, 679560.4 2480988, 679562.5 2481014, 679565.9 2481040, 679570.6 2481066, 679576.8 2481092, 679584.2 2481117, 679592.9 2481141, 679602.9 2481165, 679614.2 2481189, 679626.7 2481212, 679640.4 2481234, 679655.2 2481256, 679671.1 2481277, 679688.1 2481297, 679706.2 2481316, 679725.2 2481334, 679745.1 2481351, 679765.8 2481367, 679787.4 2481381, 679809.7 2481395, 679832.7 2481408, 679856.4 2481419, 679880.5 2481429, 679905.2 2481438, 679930.3 2481445, 679955.8 2481451, 679981.5 2481456, 680007.5 2481459, 680033.6 2481461, 680059.7 2481462, 680085.9 2481461, 680112 2481459, 680137.9 2481456, 680163.7 2481451, 680189.1 2481445, 680214.2 2481438, 680238.9 2481429, 680263.1 2481419, 680286.7 2481408, 680309.7 2481395, 680332 2481381, 680353.6 2481367, 680374.4 2481351, 680394.3 2481334, 680413.3 2481316, 680431.3 2481297, 680448.3 2481277, 680464.2 2481256, 680479.1 2481234, 680492.7 2481212, 680505.2 2481189, 680516.5 2481165, 680526.5 2481141, 680535.2 2481117, 680542.7 2481092, 680548.8 2481066, 680553.6 2481040, 680557 2481014, 680559 2480988, 680559.7 2480962))"
32,20260541,Forest,4740.827023878858,28.393067437574942,2.9508196721311477,1,Dai,土葬,无,1,0,0,70,361.8480660508105,643.5207045741159,940.30078125,6.687822341918945,158.049844717533,663738.6291503906,0,0.2772718296751099,1,12,571387.7197265625,0.8608625362937808,23621.12216949463,0.0355879876989087,1,0,-0.9275093943373025,0.37379984405567934,8.463966877081248,3.346145011058112,1.0820829867168993,"POLYGON ((680711.9 2481343, 680711.2 2481317, 680709.1 2481290, 680705.7 2481264, 680700.9 2481239, 680694.8 2481213, 680687.4 2481188, 680678.6 2481164, 680668.6 2481139, 680657.4 2481116, 680644.9 2481093, 680631.2 2481070, 680616.4 2481049, 680600.4 2481028, 680583.4 2481008, 680565.4 2480989, 680546.4 2480971, 680526.5 2480954, 680505.7 2480938, 680484.2 2480923, 680461.9 2480910, 680438.8 2480897, 680415.2 2480886, 680391 2480876, 680366.4 2480867, 680341.3 2480860, 680315.8 2480854, 680290.1 2480849, 680264.1 2480845, 680238 2480843, 680211.9 2480843, 680185.7 2480843, 680159.6 2480845, 680133.6 2480849, 680107.9 2480854, 680082.4 2480860, 680057.3 2480867, 680032.7 2480876, 680008.5 2480886, 679984.9 2480897, 679961.9 2480910, 679939.5 2480923, 679918 2480938, 679897.2 2480954, 679877.3 2480971, 679858.3 2480989, 679840.3 2481008, 679823.3 2481028, 679807.3 2481049, 679792.5 2481070, 679778.8 2481093, 679766.4 2481116, 679755.1 2481139, 679745.1 2481164, 679736.3 2481188, 679728.9 2481213, 679722.8 2481239, 679718 2481264, 679714.6 2481290, 679712.5 2481317, 679711.9 2481343, 679712.5 2481369, 679714.6 2481395, 679718 2481421, 679722.8 2481447, 679728.9 2481472, 679736.3 2481497, 679745.1 2481522, 679755.1 2481546, 679766.4 2481570, 679778.8 2481593, 679792.5 2481615, 679807.3 2481637, 679823.3 2481657, 679840.3 2481677, 679858.3 2481696, 679877.3 2481714, 679897.2 2481731, 679918 2481747, 679939.5 2481762, 679961.9 2481776, 679984.9 2481788, 680008.5 2481799, 680032.7 2481810, 680057.3 2481818, 680082.4 2481826, 680107.9 2481832, 680133.6 2481837, 680159.6 2481840, 680185.7 2481842, 680211.9 2481843, 680238 2481842, 680264.1 2481840, 680290.1 2481837, 680315.8 2481832, 680341.3 2481826, 680366.4 2481818, 680391 2481810, 680415.2 2481799, 680438.8 2481788, 680461.9 2481776, 680484.2 2481762, 680505.7 2481747, 680526.5 2481731, 680546.4 2481714, 680565.4 2481696, 680583.4 2481677, 680600.4 2481657, 680616.4 2481637, 680631.2 2481615, 680644.9 2481593, 680657.4 2481570, 680668.6 2481546, 680678.6 2481522, 680687.4 2481497, 680694.8 2481472, 680700.9 2481447, 680705.7 2481421, 680709.1 2481395, 680711.2 2481369, 680711.9 2481343))"
32,20260541,Forest,4740.827023878858,28.393067437574942,2.9508196721311477,1,Dai,土葬,无,1,0,0,71,198.16814360854698,549.120836962552,931.7093505859375,4.534837245941162,327.33349591262345,663180.46875,0,0.4856589458772685,1,13,577555.33447265625,0.8708871290514106,51457.20748901367,0.07759156053857123,1,0,0.8418264701580599,-0.5397482692341136,8.463966877081248,3.346145011058112,1.0820829867168993,"POLYGON ((680359.3 2481778, 680358.6 2481752, 680356.6 2481726, 680353.2 2481700, 680348.4 2481674, 680342.3 2481649, 680334.9 2481623, 680326.1 2481599, 680316.1 2481575, 680304.8 2481551, 680292.3 2481528, 680278.7 2481506, 680263.8 2481484, 680247.9 2481463, 680230.9 2481443, 680212.9 2481424, 680193.9 2481406, 680174 2481389, 680153.2 2481373, 680131.7 2481359, 680109.3 2481345, 680086.3 2481332, 680062.7 2481321, 680038.5 2481311, 680013.8 2481302, 679988.7 2481295, 679963.3 2481289, 679937.6 2481284, 679911.6 2481281, 679885.5 2481279, 679859.3 2481278, 679833.2 2481279, 679807.1 2481281, 679781.1 2481284, 679755.4 2481289, 679729.9 2481295, 679704.8 2481302, 679680.1 2481311, 679656 2481321, 679632.3 2481332, 679609.3 2481345, 679587 2481359, 679565.4 2481373, 679544.7 2481389, 679524.8 2481406, 679505.8 2481424, 679487.8 2481443, 679470.8 2481463, 679454.8 2481484, 679440 2481506, 679426.3 2481528, 679413.8 2481551, 679402.6 2481575, 679392.5 2481599, 679383.8 2481623, 679376.4 2481649, 679370.3 2481674, 679365.5 2481700, 679362.1 2481726, 679360 2481752, 679359.3 2481778, 679360 2481804, 679362.1 2481830, 679365.5 2481856, 679370.3 2481882, 679376.4 2481907, 679383.8 2481932, 679392.5 2481957, 679402.6 2481981, 679413.8 2482005, 679426.3 2482028, 679440 2482050, 679454.8 2482072, 679470.8 2482093, 679487.8 2482113, 679505.8 2482132, 679524.8 2482150, 679544.7 2482167, 679565.4 2482182, 679587 2482197, 679609.3 2482211, 679632.3 2482223, 679656 2482235, 679680.1 2482245, 679704.8 2482253, 679729.9 2482261, 679755.4 2482267, 679781.1 2482272, 679807.1 2482275, 679833.2 2482277, 679859.3 2482278, 679885.5 2482277, 679911.6 2482275, 679937.6 2482272, 679963.3 2482267, 679988.7 2482261, 680013.8 2482253, 680038.5 2482245, 680062.7 2482235, 680086.3 2482223, 680109.3 2482211, 680131.7 2482197, 680153.2 2482182, 680174 2482167, 680193.9 2482150, 680212.9 2482132, 680230.9 2482113, 680247.9 2482093, 680263.8 2482072, 680278.7 2482050, 680292.3 2482028, 680304.8 2482005, 680316.1 2481981, 680326.1 2481957, 680334.9 2481932, 680342.3 2481907, 680348.4 2481882, 680353.2 2481856, 680356.6 2481830, 680358.6 2481804, 680359.3 2481778))"
32,20260541,Forest,4740.827023878858,28.393067437574942,2.9508196721311477,1,Dai,土葬,无,1,0,0,74,332.6590034726783,413.09745196765294,946.14105224609375,4.738346576690674,90.06715350459356,771315.7653808594,0,0.3981417675228788,1,15,611439.80712890625,0.7927230773339505,36566.032791137695,0.04740734525642966,1,0,-0.001172049491069805,0.9999993131497593,8.463966877081248,3.346145011058112,1.0820829867168993,"POLYGON ((679739.7 2483075, 679739 2483049, 679737 2483023, 679733.6 2482997, 679728.8 2482971, 679722.7 2482946, 679715.3 2482921, 679706.5 2482896, 679696.5 2482872, 679685.2 2482848, 679672.7 2482825, 679659.1 2482803, 679644.2 2482781, 679628.3 2482761, 679611.3 2482741, 679593.3 2482722, 679574.3 2482704, 679554.4 2482687, 679533.6 2482671, 679512.1 2482656, 679489.7 2482642, 679466.7 2482630, 679443.1 2482619, 679418.9 2482609, 679394.2 2482600, 679369.1 2482592, 679343.7 2482586, 679318 2482582, 679292 2482578, 679265.9 2482576, 679239.7 2482575, 679213.6 2482576, 679187.5 2482578, 679161.5 2482582, 679135.8 2482586, 679110.3 2482592, 679085.2 2482600, 679060.6 2482609, 679036.4 2482619, 679012.7 2482630, 678989.7 2482642, 678967.4 2482656, 678945.8 2482671, 678925.1 2482687, 678905.2 2482704, 678886.2 2482722, 678868.2 2482741, 678851.2 2482761, 678835.2 2482781, 678820.4 2482803, 678806.7 2482825, 678794.2 2482848, 678783 2482872, 678772.9 2482896, 678764.2 2482921, 678756.8 2482946, 678750.7 2482971, 678745.9 2482997, 678742.5 2483023, 678740.4 2483049, 678739.7 2483075, 678740.4 2483102, 678742.5 2483128, 678745.9 2483154, 678750.7 2483179, 678756.8 2483205, 678764.2 2483230, 678772.9 2483255, 678783 2483279, 678794.2 2483302, 678806.7 2483325, 678820.4 2483348, 678835.2 2483369, 678851.2 2483390, 678868.2 2483410, 678886.2 2483429, 678905.2 2483447, 678925.1 2483464, 678945.8 2483480, 678967.4 2483495, 678989.7 2483508, 679012.7 2483521, 679036.4 2483532, 679060.6 2483542, 679085.2 2483551, 679110.3 2483558, 679135.8 2483564, 679161.5 2483569, 679187.5 2483573, 679213.6 2483575, 679239.7 2483575, 679265.9 2483575, 679292 2483573, 679318 2483569, 679343.7 2483564, 679369.1 2483558, 679394.2 2483551, 679418.9 2483542, 679443.1 2483532, 679466.7 2483521, 679489.7 2483508, 679512.1 2483495, 679533.6 2483480, 679554.4 2483464, 679574.3 2483447, 679593.3 2483429, 679611.3 2483410, 679628.3 2483390, 679644.2 2483369, 679659.1 2483348, 679672.7 2483325, 679685.2 2483302, 679696.5 2483279, 679706.5 2483255, 679715.3 2483230, 679722.7 2483205, 679728.8 2483179, 679733.6 2483154, 679737 2483128, 679739 2483102, 679739.7 2483075))"
32,20260541,Forest,3542,11.643287154175853,2.4648552864737154,1,Dai,土葬,无,1,0,0,75,303.94161123274114,296.9079397917085,885.16058349609375,8.98266887664795,100.15709206327205,346810.14404296875,65016.993713378906,0.34660477992678984,1,16,0,0,13500.787925720215,0.03892846895518577,1,0,-0.1763476416287714,0.9843279480396614,8.17244681834278,2.454729803996976,0.9021330984584174,"POLYGON ((753441.9 2456107, 753441.3 2456081, 753439.2 2456055, 753435.8 2456029, 753431 2456003, 753424.9 2455978, 753417.5 2455953, 753408.7 2455928, 753398.7 2455904, 753387.4 2455880, 753375 2455857, 753361.3 2455835, 753346.5 2455813, 753330.5 2455793, 753313.5 2455773, 753295.5 2455754, 753276.5 2455736, 753256.6 2455719, 753235.8 2455703, 753214.3 2455688, 753191.9 2455674, 753168.9 2455662, 753145.3 2455651, 753121.1 2455641, 753096.5 2455632, 753071.4 2455624, 753045.9 2455618, 753020.2 2455613, 752994.2 2455610, 752968.1 2455608, 752941.9 2455607, 752915.8 2455608, 752889.7 2455610, 752863.7 2455613, 752838 2455618, 752812.5 2455624, 752787.4 2455632, 752762.8 2455641, 752738.6 2455651, 752715 2455662, 752691.9 2455674, 752669.6 2455688, 752648.1 2455703, 752627.3 2455719, 752607.4 2455736, 752588.4 2455754, 752570.4 2455773, 752553.4 2455793, 752537.4 2455813, 752522.6 2455835, 752508.9 2455857, 752496.4 2455880, 752485.2 2455904, 752475.2 2455928, 752466.4 2455953, 752459 2455978, 752452.9 2456003, 752448.1 2456029, 752444.7 2456055, 752442.6 2456081, 752441.9 2456107, 752442.6 2456133, 752444.7 2456160, 752448.1 2456186, 752452.9 2456211, 752459 2456237, 752466.4 2456262, 752475.2 2456287, 752485.2 2456311, 752496.4 2456334, 752508.9 2456357, 752522.6 2456380, 752537.4 2456401, 752553.4 2456422, 752570.4 2456442, 752588.4 2456461, 752607.4 2456479, 752627.3 2456496, 752648.1 2456512, 752669.6 2456527, 752691.9 2456540, 752715 2456553, 752738.6 2456564, 752762.8 2456574, 752787.4 2456583, 752812.5 2456590, 752838 2456596, 752863.7 2456601, 752889.7 2456605, 752915.8 2456607, 752941.9 2456607, 752968.1 2456607, 752994.2 2456605, 753020.2 2456601, 753045.9 2456596, 753071.4 2456590, 753096.5 2456583, 753121.1 2456574, 753145.3 2456564, 753168.9 2456553, 753191.9 2456540, 753214.3 2456527, 753235.8 2456512, 753256.6 2456496, 753276.5 2456479, 753295.5 2456461, 753313.5 2456442, 753330.5 2456422, 753346.5 2456401, 753361.3 2456380, 753375 2456357, 753387.4 2456334, 753398.7 2456311, 753408.7 2456287, 753417.5 2456262, 753424.9 2456237, 753431 2456211, 753435.8 2456186, 753439.2 2456160, 753441.3 2456133, 753441.9 2456107))"
32,20260541,Forest,3542,11.643287154175853,2.4648552864737154,1,Dai,土葬,无,1,0,0,76,61.93806209382271,164.17777095160355,899.55413818359375,12.304438591003418,353.58003602747567,740244.7814941406,0,0.33098203342026067,1,17,0,0,93982.159423828125,0.12696092127002997,1,0,0.9937290189293425,-0.11181519099713805,8.17244681834278,2.454729803996976,0.9021330984584174,"POLYGON ((752994.3 2454341, 752993.6 2454314, 752991.6 2454288, 752988.1 2454262, 752983.4 2454237, 752977.3 2454211, 752969.8 2454186, 752961.1 2454161, 752951.1 2454137, 752939.8 2454114, 752927.3 2454091, 752913.6 2454068, 752898.8 2454047, 752882.9 2454026, 752865.9 2454006, 752847.9 2453987, 752828.9 2453969, 752809 2453952, 752788.2 2453936, 752766.6 2453921, 752744.3 2453908, 752721.3 2453895, 752697.7 2453884, 752673.5 2453874, 752648.8 2453865, 752623.7 2453858, 752598.3 2453852, 752572.5 2453847, 752546.6 2453843, 752520.5 2453841, 752494.3 2453841, 752468.1 2453841, 752442 2453843, 752416.1 2453847, 752390.3 2453852, 752364.9 2453858, 752339.8 2453865, 752315.1 2453874, 752290.9 2453884, 752267.3 2453895, 752244.3 2453908, 752222 2453921, 752200.4 2453936, 752179.6 2453952, 752159.7 2453969, 752140.8 2453987, 752122.7 2454006, 752105.7 2454026, 752089.8 2454047, 752075 2454068, 752061.3 2454091, 752048.8 2454114, 752037.5 2454137, 752027.5 2454161, 752018.8 2454186, 752011.3 2454211, 752005.2 2454237, 752000.5 2454262, 751997 2454288, 751995 2454314, 751994.3 2454341, 751995 2454367, 751997 2454393, 752000.5 2454419, 752005.2 2454445, 752011.3 2454470, 752018.8 2454495, 752027.5 2454520, 752037.5 2454544, 752048.8 2454568, 752061.3 2454591, 752075 2454613, 752089.8 2454634, 752105.7 2454655, 752122.7 2454675, 752140.8 2454694, 752159.7 2454712, 752179.6 2454729, 752200.4 2454745, 752222 2454760, 752244.3 2454774, 752267.3 2454786, 752290.9 2454797, 752315.1 2454807, 752339.8 2454816, 752364.9 2454824, 752390.3 2454830, 752416.1 2454834, 752442 2454838, 752468.1 2454840, 752494.3 2454841, 752520.5 2454840, 752546.6 2454838, 752572.5 2454834, 752598.3 2454830, 752623.7 2454824, 752648.8 2454816, 752673.5 2454807, 752697.7 2454797, 752721.3 2454786, 752744.3 2454774, 752766.6 2454760, 752788.2 2454745, 752809 2454729, 752828.9 2454712, 752847.9 2454694, 752865.9 2454675, 752882.9 2454655, 752898.8 2454634, 752913.6 2454613, 752927.3 2454591, 752939.8 2454568, 752951.1 2454544, 752961.1 2454520, 752969.8 2454495, 752977.3 2454470, 752983.4 2454445, 752988.1 2454419, 752991.6 2454393, 752993.6 2454367, 752994.3 2454341))"
32,20260541,Forest,3542,11.643287154175853,2.4648552864737154,1,Dai,土葬,无,1,0,0,77,433.7764682224992,416.9824168955499,872.93792724609375,10.330180168151855,267.0567995566353,780053.8513183594,0,0.30693128671340697,1,18,0,0,237211.44104003906,0.3040962372522499,1,0,-0.0513459500074891,-0.9986809267317708,8.17244681834278,2.454729803996976,0.9021330984584174,"POLYGON ((753480.2 2454226, 753479.5 2454200, 753477.4 2454174, 753474 2454148, 753469.3 2454122, 753463.1 2454097, 753455.7 2454072, 753447 2454047, 753437 2454023, 753425.7 2453999, 753413.2 2453976, 753399.5 2453954, 753384.7 2453933, 753368.8 2453912, 753351.7 2453892, 753333.7 2453873, 753314.7 2453855, 753294.8 2453838, 753274.1 2453822, 753252.5 2453807, 753230.2 2453793, 753207.2 2453781, 753183.5 2453770, 753159.4 2453760, 753134.7 2453751, 753109.6 2453743, 753084.1 2453737, 753058.4 2453733, 753032.4 2453729, 753006.3 2453727, 752980.2 2453726, 752954 2453727, 752927.9 2453729, 752902 2453733, 752876.2 2453737, 752850.8 2453743, 752825.7 2453751, 752801 2453760, 752776.8 2453770, 752753.2 2453781, 752730.2 2453793, 752707.9 2453807, 752686.3 2453822, 752665.5 2453838, 752645.6 2453855, 752626.6 2453873, 752608.6 2453892, 752591.6 2453912, 752575.7 2453933, 752560.8 2453954, 752547.2 2453976, 752534.7 2453999, 752523.4 2454023, 752513.4 2454047, 752504.6 2454072, 752497.2 2454097, 752491.1 2454122, 752486.3 2454148, 752482.9 2454174, 752480.9 2454200, 752480.2 2454226, 752480.9 2454253, 752482.9 2454279, 752486.3 2454305, 752491.1 2454330, 752497.2 2454356, 752504.6 2454381, 752513.4 2454406, 752523.4 2454430, 752534.7 2454453, 752547.2 2454476, 752560.8 2454499, 752575.7 2454520, 752591.6 2454541, 752608.6 2454561, 752626.6 2454580, 752645.6 2454598, 752665.5 2454615, 752686.3 2454631, 752707.9 2454646, 752730.2 2454659, 752753.2 2454672, 752776.8 2454683, 752801 2454693, 752825.7 2454702, 752850.8 2454709, 752876.2 2454715, 752902 2454720, 752927.9 2454724, 752954 2454726, 752980.2 2454726, 753006.3 2454726, 753032.4 2454724, 753058.4 2454720, 753084.1 2454715, 753109.6 2454709, 753134.7 2454702, 753159.4 2454693, 753183.5 2454683, 753207.2 2454672, 753230.2 2454659, 753252.5 2454646, 753274.1 2454631, 753294.8 2454615, 753314.7 2454598, 753333.7 2454580, 753351.7 2454561, 753368.8 2454541, 753384.7 2454520, 753399.5 2454499, 753413.2 2454476, 753425.7 2454453, 753437 2454430, 753447 2454406, 753455.7 2454381, 753463.1 2454356, 753469.3 2454330, 753474 2454305, 753477.4 2454279, 753479.5 2454253, 753480.2 2454226))"
32,20260541,Forest,3542,11.643287154175853,2.4648552864737154,1,Dai,土葬,无,1,0,0,78,72.09149067191645,80.32751421141982,904.334716796875,11.073243141174316,234.05103048521045,500664.88037109375,59976.507568359375,0.5786725561155889,1,19,0,0,900,0.0017976096093117583,1,0,-0.5870644682806904,-0.809540184353013,8.17244681834278,2.454729803996976,0.9021330984584174,"POLYGON ((753724.8 2456014, 753724.1 2455988, 753722 2455962, 753718.6 2455936, 753713.9 2455910, 753707.7 2455885, 753700.3 2455860, 753691.6 2455835, 753681.5 2455811, 753670.3 2455787, 753657.8 2455764, 753644.1 2455742, 753629.3 2455720, 753613.4 2455700, 753596.3 2455680, 753578.3 2455661, 753559.3 2455643, 753539.4 2455626, 753518.7 2455610, 753497.1 2455595, 753474.8 2455581, 753451.8 2455569, 753428.1 2455558, 753404 2455548, 753379.3 2455539, 753354.2 2455531, 753328.7 2455525, 753303 2455521, 753277 2455517, 753250.9 2455515, 753224.8 2455514, 753198.6 2455515, 753172.5 2455517, 753146.6 2455521, 753120.8 2455525, 753095.4 2455531, 753070.3 2455539, 753045.6 2455548, 753021.4 2455558, 752997.8 2455569, 752974.8 2455581, 752952.5 2455595, 752930.9 2455610, 752910.1 2455626, 752890.2 2455643, 752871.2 2455661, 752853.2 2455680, 752836.2 2455700, 752820.3 2455720, 752805.4 2455742, 752791.8 2455764, 752779.3 2455787, 752768 2455811, 752758 2455835, 752749.2 2455860, 752741.8 2455885, 752735.7 2455910, 752730.9 2455936, 752727.5 2455962, 752725.5 2455988, 752724.8 2456014, 752725.5 2456041, 752727.5 2456067, 752730.9 2456093, 752735.7 2456118, 752741.8 2456144, 752749.2 2456169, 752758 2456194, 752768 2456218, 752779.3 2456241, 752791.8 2456264, 752805.4 2456287, 752820.3 2456308, 752836.2 2456329, 752853.2 2456349, 752871.2 2456368, 752890.2 2456386, 752910.1 2456403, 752930.9 2456419, 752952.5 2456434, 752974.8 2456447, 752997.8 2456460, 753021.4 2456471, 753045.6 2456481, 753070.3 2456490, 753095.4 2456497, 753120.8 2456503, 753146.6 2456508, 753172.5 2456512, 753198.6 2456514, 753224.8 2456514, 753250.9 2456514, 753277 2456512, 753303 2456508, 753328.7 2456503, 753354.2 2456497, 753379.3 2456490, 753404 2456481, 753428.1 2456471, 753451.8 2456460, 753474.8 2456447, 753497.1 2456434, 753518.7 2456419, 753539.4 2456403, 753559.3 2456386, 753578.3 2456368, 753596.3 2456349, 753613.4 2456329, 753629.3 2456308, 753644.1 2456287, 753657.8 2456264, 753670.3 2456241, 753681.5 2456218, 753691.6 2456194, 753700.3 2456169, 753707.7 2456144, 753713.9 2456118, 753718.6 2456093, 753722 2456067, 753724.1 2456041, 753724.8 2456014))"
32,20260541,Forest,3542,11.643287154175853,2.4648552864737154,1,Dai,土葬,无,1,0,0,80,84.4209693963477,154.1453502531834,857.428466796875,13.916356086730957,263.84553018747454,521767.85888671875,3600,0.43075318801949813,1,20,0,0,29700,0.056921865718923444,1,0,-0.1072093179557504,-0.9942364719439047,8.17244681834278,2.454729803996976,0.9021330984584174,"POLYGON ((754527.1 2452067, 754526.5 2452041, 754524.4 2452015, 754521 2451989, 754516.2 2451963, 754510.1 2451938, 754502.7 2451913, 754493.9 2451888, 754483.9 2451864, 754472.6 2451840, 754460.2 2451817, 754446.5 2451795, 754431.6 2451773, 754415.7 2451752, 754398.7 2451733, 754380.7 2451714, 754361.7 2451696, 754341.8 2451679, 754321 2451663, 754299.5 2451648, 754277.1 2451634, 754254.1 2451622, 754230.5 2451610, 754206.3 2451600, 754181.6 2451592, 754156.6 2451584, 754131.1 2451578, 754105.4 2451573, 754079.4 2451570, 754053.3 2451568, 754027.1 2451567, 754001 2451568, 753974.9 2451570, 753948.9 2451573, 753923.2 2451578, 753897.7 2451584, 753872.6 2451592, 753848 2451600, 753823.8 2451610, 753800.1 2451622, 753777.1 2451634, 753754.8 2451648, 753733.2 2451663, 753712.5 2451679, 753692.6 2451696, 753673.6 2451714, 753655.6 2451733, 753638.6 2451752, 753622.6 2451773, 753607.8 2451795, 753594.1 2451817, 753581.6 2451840, 753570.4 2451864, 753560.4 2451888, 753551.6 2451913, 753544.2 2451938, 753538.1 2451963, 753533.3 2451989, 753529.9 2452015, 753527.8 2452041, 753527.1 2452067, 753527.8 2452093, 753529.9 2452119, 753533.3 2452145, 753538.1 2452171, 753544.2 2452197, 753551.6 2452222, 753560.4 2452246, 753570.4 2452270, 753581.6 2452294, 753594.1 2452317, 753607.8 2452339, 753622.6 2452361, 753638.6 2452382, 753655.6 2452402, 753673.6 2452421, 753692.6 2452439, 753712.5 2452456, 753733.2 2452472, 753754.8 2452486, 753777.1 2452500, 753800.1 2452513, 753823.8 2452524, 753848 2452534, 753872.6 2452543, 753897.7 2452550, 753923.2 2452556, 753948.9 2452561, 753974.9 2452564, 754001 2452566, 754027.1 2452567, 754053.3 2452566, 754079.4 2452564, 754105.4 2452561, 754131.1 2452556, 754156.6 2452550, 754181.6 2452543, 754206.3 2452534, 754230.5 2452524, 754254.1 2452513, 754277.1 2452500, 754299.5 2452486, 754321 2452472, 754341.8 2452456, 754361.7 2452439, 754380.7 2452421, 754398.7 2452402, 754415.7 2452382, 754431.6 2452361, 754446.5 2452339, 754460.2 2452317, 754472.6 2452294, 754483.9 2452270, 754493.9 2452246, 754502.7 2452222, 754510.1 2452197, 754516.2 2452171, 754521 2452145, 754524.4 2452119, 754526.5 2452093, 754527.1 2452067))"
32,20260541,Forest,3542,11.643287154175853,2.4648552864737154,1,Dai,土葬,无,1,0,0,81,420.0890802681609,790.1507147557667,909.49298095703125,13.263842582702637,120.10274814235932,645823.6083984375,0,0.04953859361332073,1,21,0,0,33184.657287597656,0.05138346888539967,1,0,-0.5015522328199188,0.8651273650471091,8.17244681834278,2.454729803996976,0.9021330984584174,"POLYGON ((757228.1 2453011, 757227.4 2452985, 757225.4 2452959, 757222 2452933, 757217.2 2452907, 757211.1 2452882, 757203.6 2452857, 757194.9 2452832, 757184.9 2452808, 757173.6 2452784, 757161.1 2452761, 757147.4 2452739, 757132.6 2452717, 757116.7 2452696, 757099.7 2452676, 757081.7 2452657, 757062.7 2452639, 757042.8 2452622, 757022 2452607, 757000.4 2452592, 756978.1 2452578, 756955.1 2452566, 756931.5 2452554, 756907.3 2452544, 756882.6 2452535, 756857.5 2452528, 756832.1 2452522, 756806.3 2452517, 756780.4 2452514, 756754.3 2452512, 756728.1 2452511, 756701.9 2452512, 756675.8 2452514, 756649.9 2452517, 756624.2 2452522, 756598.7 2452528, 756573.6 2452535, 756548.9 2452544, 756524.7 2452554, 756501.1 2452566, 756478.1 2452578, 756455.8 2452592, 756434.2 2452607, 756413.4 2452622, 756393.5 2452639, 756374.6 2452657, 756356.5 2452676, 756339.5 2452696, 756323.6 2452717, 756308.8 2452739, 756295.1 2452761, 756282.6 2452784, 756271.3 2452808, 756261.3 2452832, 756252.6 2452857, 756245.1 2452882, 756239 2452907, 756234.3 2452933, 756230.8 2452959, 756228.8 2452985, 756228.1 2453011, 756228.8 2453037, 756230.8 2453063, 756234.3 2453089, 756239 2453115, 756245.1 2453140, 756252.6 2453166, 756261.3 2453190, 756271.3 2453214, 756282.6 2453238, 756295.1 2453261, 756308.8 2453283, 756323.6 2453305, 756339.5 2453326, 756356.5 2453346, 756374.6 2453365, 756393.5 2453383, 756413.4 2453400, 756434.2 2453416, 756455.8 2453430, 756478.1 2453444, 756501.1 2453457, 756524.7 2453468, 756548.9 2453478, 756573.6 2453487, 756598.7 2453494, 756624.2 2453500, 756649.9 2453505, 756675.8 2453508, 756701.9 2453510, 756728.1 2453511, 756754.3 2453510, 756780.4 2453508, 756806.3 2453505, 756832.1 2453500, 756857.5 2453494, 756882.6 2453487, 756907.3 2453478, 756931.5 2453468, 756955.1 2453457, 756978.1 2453444, 757000.4 2453430, 757022 2453416, 757042.8 2453400, 757062.7 2453383, 757081.7 2453365, 757099.7 2453346, 757116.7 2453326, 757132.6 2453305, 757147.4 2453283, 757161.1 2453261, 757173.6 2453238, 757184.9 2453214, 757194.9 2453190, 757203.6 2453166, 757211.1 2453140, 757217.2 2453115, 757222 2453089, 757225.4 2453063, 757227.4 2453037, 757228.1 2453011))"
32,20260541,Forest,3542,11.643287154175853,2.4648552864737154,1,Dai,土葬,无,1,0,0,82,125.09308197873946,1680.1614556204274,879.87567138671875,15.403631210327148,141.7866468487795,505463.7634277344,0,0.011425596453131183,1,22,0,0,13161.227130889893,0.02603792414640924,1,0,-0.7857127477667355,0.6185915275824962,8.17244681834278,2.454729803996976,0.9021330984584174,"POLYGON ((756396.1 2452570, 756395.5 2452544, 756393.4 2452518, 756390 2452492, 756385.2 2452466, 756379.1 2452440, 756371.7 2452415, 756362.9 2452391, 756352.9 2452367, 756341.6 2452343, 756329.2 2452320, 756315.5 2452298, 756300.6 2452276, 756284.7 2452255, 756267.7 2452235, 756249.7 2452216, 756230.7 2452198, 756210.8 2452181, 756190 2452165, 756168.5 2452151, 756146.1 2452137, 756123.1 2452124, 756099.5 2452113, 756075.3 2452103, 756050.6 2452094, 756025.5 2452087, 756000.1 2452081, 755974.4 2452076, 755948.4 2452073, 755922.3 2452071, 755896.1 2452070, 755870 2452071, 755843.9 2452073, 755817.9 2452076, 755792.2 2452081, 755766.7 2452087, 755741.6 2452094, 755717 2452103, 755692.8 2452113, 755669.1 2452124, 755646.1 2452137, 755623.8 2452151, 755602.2 2452165, 755581.5 2452181, 755561.6 2452198, 755542.6 2452216, 755524.6 2452235, 755507.6 2452255, 755491.6 2452276, 755476.8 2452298, 755463.1 2452320, 755450.6 2452343, 755439.4 2452367, 755429.3 2452391, 755420.6 2452415, 755413.2 2452440, 755407.1 2452466, 755402.3 2452492, 755398.9 2452518, 755396.8 2452544, 755396.1 2452570, 755396.8 2452596, 755398.9 2452622, 755402.3 2452648, 755407.1 2452674, 755413.2 2452699, 755420.6 2452724, 755429.3 2452749, 755439.4 2452773, 755450.6 2452797, 755463.1 2452820, 755476.8 2452842, 755491.6 2452864, 755507.6 2452885, 755524.6 2452904, 755542.6 2452923, 755561.6 2452941, 755581.5 2452958, 755602.2 2452974, 755623.8 2452989, 755646.1 2453003, 755669.1 2453015, 755692.8 2453027, 755717 2453037, 755741.6 2453045, 755766.7 2453053, 755792.2 2453059, 755817.9 2453064, 755843.9 2453067, 755870 2453069, 755896.1 2453070, 755922.3 2453069, 755948.4 2453067, 755974.4 2453064, 756000.1 2453059, 756025.5 2453053, 756050.6 2453045, 756075.3 2453037, 756099.5 2453027, 756123.1 2453015, 756146.1 2453003, 756168.5 2452989, 756190 2452974, 756210.8 2452958, 756230.7 2452941, 756249.7 2452923, 756267.7 2452904, 756284.7 2452885, 756300.6 2452864, 756315.5 2452842, 756329.2 2452820, 756341.6 2452797, 756352.9 2452773, 756362.9 2452749, 756371.7 2452724, 756379.1 2452699, 756385.2 2452674, 756390 2452648, 756393.4 2452622, 756395.5 2452596, 756396.1 2452570))"
32,20260541,Forest,3967,14.95919111751219,1.9476225854383358,1,Dai,土葬,有,1,0,0,83,306.7455043956261,539.3819347500728,789.94512939453125,5.290195941925049,112.02393552223842,92170.41091918945,478672.8332519531,0.5933813587844186,1,23,43169.54040527344,0.4683665828844183,5400,0.05858713166348426,1,0,-0.37499389517598913,0.9270272803864724,8.28576542051433,2.7053259013994992,0.6666094418079144,"POLYGON ((774605.2 2413620, 774604.5 2413593, 774602.5 2413567, 774599.1 2413541, 774594.3 2413516, 774588.2 2413490, 774580.8 2413465, 774572 2413440, 774562 2413416, 774550.7 2413393, 774538.2 2413370, 774524.6 2413347, 774509.7 2413326, 774493.8 2413305, 774476.8 2413285, 774458.8 2413266, 774439.8 2413248, 774419.9 2413231, 774399.1 2413215, 774377.6 2413200, 774355.2 2413187, 774332.2 2413174, 774308.6 2413163, 774284.4 2413153, 774259.7 2413144, 774234.6 2413137, 774209.2 2413130, 774183.5 2413126, 774157.5 2413122, 774131.4 2413120, 774105.2 2413120, 774079.1 2413120, 774053 2413122, 774027 2413126, 774001.3 2413130, 773975.8 2413137, 773950.7 2413144, 773926.1 2413153, 773901.9 2413163, 773878.2 2413174, 773855.2 2413187, 773832.9 2413200, 773811.3 2413215, 773790.6 2413231, 773770.7 2413248, 773751.7 2413266, 773733.7 2413285, 773716.7 2413305, 773700.7 2413326, 773685.9 2413347, 773672.2 2413370, 773659.7 2413393, 773648.5 2413416, 773638.4 2413440, 773629.7 2413465, 773622.3 2413490, 773616.2 2413516, 773611.4 2413541, 773608 2413567, 773605.9 2413593, 773605.2 2413620, 773605.9 2413646, 773608 2413672, 773611.4 2413698, 773616.2 2413723, 773622.3 2413749, 773629.7 2413774, 773638.4 2413799, 773648.5 2413823, 773659.7 2413847, 773672.2 2413870, 773685.9 2413892, 773700.7 2413913, 773716.7 2413934, 773733.7 2413954, 773751.7 2413973, 773770.7 2413991, 773790.6 2414008, 773811.3 2414024, 773832.9 2414039, 773855.2 2414053, 773878.2 2414065, 773901.9 2414076, 773926.1 2414086, 773950.7 2414095, 773975.8 2414102, 774001.3 2414109, 774027 2414113, 774053 2414117, 774079.1 2414119, 774105.2 2414120, 774131.4 2414119, 774157.5 2414117, 774183.5 2414113, 774209.2 2414109, 774234.6 2414102, 774259.7 2414095, 774284.4 2414086, 774308.6 2414076, 774332.2 2414065, 774355.2 2414053, 774377.6 2414039, 774399.1 2414024, 774419.9 2414008, 774439.8 2413991, 774458.8 2413973, 774476.8 2413954, 774493.8 2413934, 774509.7 2413913, 774524.6 2413892, 774538.2 2413870, 774550.7 2413847, 774562 2413823, 774572 2413799, 774580.8 2413774, 774588.2 2413749, 774594.3 2413723, 774599.1 2413698, 774602.5 2413672, 774604.5 2413646, 774605.2 2413620))"
32,20260541,Forest,8648.496240601504,76.27695533538889,1.5257764969580532,1,Dai,土葬,有,1,0,0,85,1008.8662438904462,1376.8589746386494,572.7021484375,7.6623759269714355,192.8042217746055,76500,7200,0.19429930760747766,1,24,5400,0.07058823529411765,0,0,1,0,-0.9751330271083185,-0.2216203497934416,9.065140739795961,4.33437086561193,0.42250345880522394,"POLYGON ((698156 2413099, 698155.3 2413073, 698153.2 2413047, 698149.8 2413021, 698145.1 2412995, 698139 2412969, 698131.5 2412944, 698122.8 2412920, 698112.8 2412896, 698101.5 2412872, 698089 2412849, 698075.3 2412827, 698060.5 2412805, 698044.6 2412784, 698027.6 2412764, 698009.5 2412745, 697990.6 2412727, 697970.6 2412710, 697949.9 2412694, 697928.3 2412680, 697906 2412666, 697883 2412653, 697859.4 2412642, 697835.2 2412632, 697810.5 2412623, 697785.4 2412616, 697759.9 2412610, 697734.2 2412605, 697708.3 2412602, 697682.2 2412600, 697656 2412599, 697629.8 2412600, 697603.7 2412602, 697577.8 2412605, 697552 2412610, 697526.6 2412616, 697501.5 2412623, 697476.8 2412632, 697452.6 2412642, 697429 2412653, 697406 2412666, 697383.7 2412680, 697362.1 2412694, 697341.3 2412710, 697321.4 2412727, 697302.4 2412745, 697284.4 2412764, 697267.4 2412784, 697251.5 2412805, 697236.7 2412827, 697223 2412849, 697210.5 2412872, 697199.2 2412896, 697189.2 2412920, 697180.5 2412944, 697173 2412969, 697166.9 2412995, 697162.1 2413021, 697158.7 2413047, 697156.7 2413073, 697156 2413099, 697156.7 2413125, 697158.7 2413151, 697162.1 2413177, 697166.9 2413203, 697173 2413228, 697180.5 2413253, 697189.2 2413278, 697199.2 2413302, 697210.5 2413326, 697223 2413349, 697236.7 2413371, 697251.5 2413393, 697267.4 2413414, 697284.4 2413433, 697302.4 2413452, 697321.4 2413470, 697341.3 2413487, 697362.1 2413503, 697383.7 2413518, 697406 2413532, 697429 2413544, 697452.6 2413556, 697476.8 2413566, 697501.5 2413574, 697526.6 2413582, 697552 2413588, 697577.8 2413593, 697603.7 2413596, 697629.8 2413598, 697656 2413599, 697682.2 2413598, 697708.3 2413596, 697734.2 2413593, 697759.9 2413588, 697785.4 2413582, 697810.5 2413574, 697835.2 2413566, 697859.4 2413556, 697883 2413544, 697906 2413532, 697928.3 2413518, 697949.9 2413503, 697970.6 2413487, 697990.6 2413470, 698009.5 2413452, 698027.6 2413433, 698044.6 2413414, 698060.5 2413393, 698075.3 2413371, 698089 2413349, 698101.5 2413326, 698112.8 2413302, 698122.8 2413278, 698131.5 2413253, 698139 2413228, 698145.1 2413203, 698149.8 2413177, 698153.2 2413151, 698155.3 2413125, 698156 2413099))"
32,20260541,Forest,8648.496240601504,76.27695533538889,1.5257764969580532,1,Dai,火葬,有,1,0,0,94,1376.8641246322459,1537.2278027085592,576.19000244140625,6.143325328826904,99.62072776196457,12600,18824.27158355713,0.06172017359156272,1,25,12600,1,0,0,1,0,-0.16712543730681143,0.985935641005541,9.065140739795961,4.33437086561193,0.42250345880522394,"POLYGON ((697636.8 2413759, 697636.1 2413733, 697634 2413707, 697630.6 2413681, 697625.9 2413655, 697619.7 2413630, 697612.3 2413605, 697603.6 2413580, 697593.6 2413556, 697582.3 2413532, 697569.8 2413509, 697556.1 2413487, 697541.3 2413465, 697525.4 2413444, 697508.4 2413425, 697490.3 2413406, 697471.3 2413387, 697451.4 2413370, 697430.7 2413355, 697409.1 2413340, 697386.8 2413326, 697363.8 2413314, 697340.2 2413302, 697316 2413292, 697291.3 2413284, 697266.2 2413276, 697240.7 2413270, 697215 2413265, 697189 2413262, 697163 2413260, 697136.8 2413259, 697110.6 2413260, 697084.5 2413262, 697058.6 2413265, 697032.8 2413270, 697007.4 2413276, 696982.3 2413284, 696957.6 2413292, 696933.4 2413302, 696909.8 2413314, 696886.8 2413326, 696864.5 2413340, 696842.9 2413355, 696822.1 2413370, 696802.2 2413387, 696783.2 2413406, 696765.2 2413425, 696748.2 2413444, 696732.3 2413465, 696717.4 2413487, 696703.8 2413509, 696691.3 2413532, 696680 2413556, 696670 2413580, 696661.3 2413605, 696653.8 2413630, 696647.7 2413655, 696642.9 2413681, 696639.5 2413707, 696637.5 2413733, 696636.8 2413759, 696637.5 2413785, 696639.5 2413811, 696642.9 2413837, 696647.7 2413863, 696653.8 2413888, 696661.3 2413914, 696670 2413938, 696680 2413962, 696691.3 2413986, 696703.8 2414009, 696717.4 2414031, 696732.3 2414053, 696748.2 2414074, 696765.2 2414094, 696783.2 2414113, 696802.2 2414131, 696822.1 2414148, 696842.9 2414164, 696864.5 2414178, 696886.8 2414192, 696909.8 2414205, 696933.4 2414216, 696957.6 2414226, 696982.3 2414235, 697007.4 2414242, 697032.8 2414248, 697058.6 2414253, 697084.5 2414256, 697110.6 2414258, 697136.8 2414259, 697163 2414258, 697189 2414256, 697215 2414253, 697240.7 2414248, 697266.2 2414242, 697291.3 2414235, 697316 2414226, 697340.2 2414216, 697363.8 2414205, 697386.8 2414192, 697409.1 2414178, 697430.7 2414164, 697451.4 2414148, 697471.3 2414131, 697490.3 2414113, 697508.4 2414094, 697525.4 2414074, 697541.3 2414053, 697556.1 2414031, 697569.8 2414009, 697582.3 2413986, 697593.6 2413962, 697603.6 2413938, 697612.3 2413914, 697619.7 2413888, 697625.9 2413863, 697630.6 2413837, 697634 2413811, 697636.1 2413785, 697636.8 2413759))"
32,20260541,Forest,5152.0093185789165,31.010082017237615,3.867597133157299,1,Dai,土葬,无,1,0,0,96,373.91600558889,701.6847889189124,910.01971435546875,3.268373727798462,234.8359952898836,162701.65557861328,0,0.5364247242301895,1,26,110444.56787109375,0.6788164968470758,13219.853782653809,0.08125211593969499,1,0,-0.5759188423433167,-0.8175068727747393,8.547142076512934,3.4343123779730202,1.3526334183810655,"POLYGON ((683077.2 2486081, 683076.5 2486055, 683074.5 2486029, 683071 2486003, 683066.3 2485977, 683060.2 2485952, 683052.7 2485927, 683044 2485902, 683034 2485878, 683022.7 2485854, 683010.2 2485831, 682996.5 2485809, 682981.7 2485787, 682965.8 2485767, 682948.8 2485747, 682930.8 2485728, 682911.8 2485710, 682891.9 2485693, 682871.1 2485677, 682849.5 2485662, 682827.2 2485648, 682804.2 2485636, 682780.6 2485624, 682756.4 2485614, 682731.7 2485606, 682706.6 2485598, 682681.2 2485592, 682655.4 2485587, 682629.5 2485584, 682603.4 2485582, 682577.2 2485581, 682551 2485582, 682524.9 2485584, 682499 2485587, 682473.2 2485592, 682447.8 2485598, 682422.7 2485606, 682398 2485614, 682373.8 2485624, 682350.2 2485636, 682327.2 2485648, 682304.9 2485662, 682283.3 2485677, 682262.5 2485693, 682242.6 2485710, 682223.6 2485728, 682205.6 2485747, 682188.6 2485767, 682172.7 2485787, 682157.9 2485809, 682144.2 2485831, 682131.7 2485854, 682120.4 2485878, 682110.4 2485902, 682101.7 2485927, 682094.2 2485952, 682088.1 2485977, 682083.4 2486003, 682079.9 2486029, 682077.9 2486055, 682077.2 2486081, 682077.9 2486107, 682079.9 2486133, 682083.4 2486159, 682088.1 2486185, 682094.2 2486211, 682101.7 2486236, 682110.4 2486260, 682120.4 2486285, 682131.7 2486308, 682144.2 2486331, 682157.9 2486353, 682172.7 2486375, 682188.6 2486396, 682205.6 2486416, 682223.6 2486435, 682242.6 2486453, 682262.5 2486470, 682283.3 2486486, 682304.9 2486501, 682327.2 2486514, 682350.2 2486527, 682373.8 2486538, 682398 2486548, 682422.7 2486557, 682447.8 2486564, 682473.2 2486570, 682499 2486575, 682524.9 2486578, 682551 2486580, 682577.2 2486581, 682603.4 2486580, 682629.5 2486578, 682655.4 2486575, 682681.2 2486570, 682706.6 2486564, 682731.7 2486557, 682756.4 2486548, 682780.6 2486538, 682804.2 2486527, 682827.2 2486514, 682849.5 2486501, 682871.1 2486486, 682891.9 2486470, 682911.8 2486453, 682930.8 2486435, 682948.8 2486416, 682965.8 2486396, 682981.7 2486375, 682996.5 2486353, 683010.2 2486331, 683022.7 2486308, 683034 2486285, 683044 2486260, 683052.7 2486236, 683060.2 2486211, 683066.3 2486185, 683071 2486159, 683074.5 2486133, 683076.5 2486107, 683077.2 2486081))"
32,20260541,Forest,5152.0093185789165,31.010082017237615,3.867597133157299,1,Dai,土葬,无,1,0,0,97,273.0347680123582,781.2475869501101,903.64532470703125,1.9024945497512817,5.4516346169987315,77360.96420288086,0,0.46422793749213487,1,27,17039.473915100098,0.22025932704785964,12600,0.16287284071274263,1,0,0.9954767504870475,0.09500546952543631,8.547142076512934,3.4343123779730202,1.3526334183810655,"POLYGON ((683749.3 2486001, 683748.6 2485975, 683746.5 2485949, 683743.1 2485923, 683738.3 2485897, 683732.2 2485871, 683724.8 2485846, 683716.1 2485822, 683706 2485797, 683694.8 2485774, 683682.3 2485751, 683668.6 2485728, 683653.8 2485707, 683637.8 2485686, 683620.8 2485666, 683602.8 2485647, 683583.8 2485629, 683563.9 2485612, 683543.2 2485596, 683521.6 2485581, 683499.3 2485568, 683476.3 2485555, 683452.6 2485544, 683428.5 2485534, 683403.8 2485525, 683378.7 2485518, 683353.2 2485512, 683327.5 2485507, 683301.5 2485504, 683275.4 2485501, 683249.3 2485501, 683223.1 2485501, 683197 2485504, 683171.1 2485507, 683145.3 2485512, 683119.9 2485518, 683094.8 2485525, 683070.1 2485534, 683045.9 2485544, 683022.3 2485555, 682999.3 2485568, 682977 2485581, 682955.4 2485596, 682934.6 2485612, 682914.7 2485629, 682895.7 2485647, 682877.7 2485666, 682860.7 2485686, 682844.8 2485707, 682829.9 2485728, 682816.3 2485751, 682803.8 2485774, 682792.5 2485797, 682782.5 2485822, 682773.7 2485846, 682766.3 2485871, 682760.2 2485897, 682755.4 2485923, 682752 2485949, 682750 2485975, 682749.3 2486001, 682750 2486027, 682752 2486053, 682755.4 2486079, 682760.2 2486105, 682766.3 2486130, 682773.7 2486155, 682782.5 2486180, 682792.5 2486204, 682803.8 2486228, 682816.3 2486251, 682829.9 2486273, 682844.8 2486295, 682860.7 2486315, 682877.7 2486335, 682895.7 2486354, 682914.7 2486372, 682934.6 2486389, 682955.4 2486405, 682977 2486420, 682999.3 2486434, 683022.3 2486446, 683045.9 2486458, 683070.1 2486468, 683094.8 2486476, 683119.9 2486484, 683145.3 2486490, 683171.1 2486495, 683197 2486498, 683223.1 2486500, 683249.3 2486501, 683275.4 2486500, 683301.5 2486498, 683327.5 2486495, 683353.2 2486490, 683378.7 2486484, 683403.8 2486476, 683428.5 2486468, 683452.6 2486458, 683476.3 2486446, 683499.3 2486434, 683521.6 2486420, 683543.2 2486405, 683563.9 2486389, 683583.8 2486372, 683602.8 2486354, 683620.8 2486335, 683637.8 2486315, 683653.8 2486295, 683668.6 2486273, 683682.3 2486251, 683694.8 2486228, 683706 2486204, 683716.1 2486180, 683724.8 2486155, 683732.2 2486130, 683738.3 2486105, 683743.1 2486079, 683746.5 2486053, 683748.6 2486027, 683749.3 2486001))"
32,20260541,Forest,5152.0093185789165,31.010082017237615,3.867597133157299,1,Dai,土葬,无,1,0,0,101,228.1249018897569,1119.207198651061,960.791259765625,6.993250370025635,226.22311840602444,657253.67431640625,0,0.15915799740969241,1,28,311686.962890625,0.47422627680979207,78536.57684326172,0.11949203163443053,1,0,-0.6918518928391604,-0.7220394437805119,8.547142076512934,3.4343123779730202,1.3526334183810655,"POLYGON ((685615 2486201, 685614.3 2486175, 685612.2 2486149, 685608.8 2486123, 685604.1 2486098, 685597.9 2486072, 685590.5 2486047, 685581.8 2486022, 685571.7 2485998, 685560.5 2485974, 685548 2485951, 685534.3 2485929, 685519.5 2485908, 685503.5 2485887, 685486.5 2485867, 685468.5 2485848, 685449.5 2485830, 685429.6 2485813, 685408.9 2485797, 685387.3 2485782, 685365 2485768, 685342 2485756, 685318.3 2485745, 685294.2 2485735, 685269.5 2485726, 685244.4 2485719, 685218.9 2485712, 685193.2 2485708, 685167.2 2485704, 685141.1 2485702, 685115 2485701, 685088.8 2485702, 685062.7 2485704, 685036.8 2485708, 685011 2485712, 684985.6 2485719, 684960.5 2485726, 684935.8 2485735, 684911.6 2485745, 684888 2485756, 684865 2485768, 684842.7 2485782, 684821.1 2485797, 684800.3 2485813, 684780.4 2485830, 684761.4 2485848, 684743.4 2485867, 684726.4 2485887, 684710.5 2485908, 684695.6 2485929, 684682 2485951, 684669.5 2485974, 684658.2 2485998, 684648.2 2486022, 684639.4 2486047, 684632 2486072, 684625.9 2486098, 684621.1 2486123, 684617.7 2486149, 684615.7 2486175, 684615 2486201, 684615.7 2486228, 684617.7 2486254, 684621.1 2486280, 684625.9 2486305, 684632 2486331, 684639.4 2486356, 684648.2 2486381, 684658.2 2486405, 684669.5 2486428, 684682 2486451, 684695.6 2486474, 684710.5 2486495, 684726.4 2486516, 684743.4 2486536, 684761.4 2486555, 684780.4 2486573, 684800.3 2486590, 684821.1 2486606, 684842.7 2486621, 684865 2486634, 684888 2486647, 684911.6 2486658, 684935.8 2486668, 684960.5 2486677, 684985.6 2486684, 685011 2486691, 685036.8 2486695, 685062.7 2486699, 685088.8 2486701, 685115 2486701, 685141.1 2486701, 685167.2 2486699, 685193.2 2486695, 685218.9 2486691, 685244.4 2486684, 685269.5 2486677, 685294.2 2486668, 685318.3 2486658, 685342 2486647, 685365 2486634, 685387.3 2486621, 685408.9 2486606, 685429.6 2486590, 685449.5 2486573, 685468.5 2486555, 685486.5 2486536, 685503.5 2486516, 685519.5 2486495, 685534.3 2486474, 685548 2486451, 685560.5 2486428, 685571.7 2486405, 685581.8 2486381, 685590.5 2486356, 685597.9 2486331, 685604.1 2486305, 685608.8 2486280, 685612.2 2486254, 685614.3 2486228, 685615 2486201))"
32,20260541,Forest,5152.0093185789165,31.010082017237615,3.867597133157299,1,Dai,土葬,无,1,0,0,104,369.84839221074515,825.7193840604237,941.459716796875,7.661356449127197,198.17679934876242,599880.3771972656,0,0.19959458389812063,1,30,230155.26580810547,0.38366860220270355,28691.05682373047,0.04782796356463525,1,0,-0.9500984467160521,-0.31195022286856106,8.547142076512934,3.4343123779730202,1.3526334183810655,"POLYGON ((684836.9 2487518, 684836.2 2487492, 684834.2 2487466, 684830.8 2487440, 684826 2487414, 684819.9 2487388, 684812.5 2487363, 684803.7 2487339, 684793.7 2487314, 684782.4 2487291, 684769.9 2487268, 684756.3 2487245, 684741.4 2487224, 684725.5 2487203, 684708.5 2487183, 684690.5 2487164, 684671.5 2487146, 684651.6 2487129, 684630.8 2487113, 684609.3 2487098, 684586.9 2487085, 684563.9 2487072, 684540.3 2487061, 684516.1 2487051, 684491.4 2487042, 684466.3 2487035, 684440.9 2487029, 684415.2 2487024, 684389.2 2487021, 684363.1 2487018, 684336.9 2487018, 684310.8 2487018, 684284.7 2487021, 684258.7 2487024, 684233 2487029, 684207.5 2487035, 684182.4 2487042, 684157.8 2487051, 684133.6 2487061, 684109.9 2487072, 684086.9 2487085, 684064.6 2487098, 684043 2487113, 684022.3 2487129, 684002.4 2487146, 683983.4 2487164, 683965.4 2487183, 683948.4 2487203, 683932.4 2487224, 683917.6 2487245, 683903.9 2487268, 683891.4 2487291, 683880.2 2487314, 683870.1 2487339, 683861.4 2487363, 683854 2487388, 683847.9 2487414, 683843.1 2487440, 683839.7 2487466, 683837.6 2487492, 683836.9 2487518, 683837.6 2487544, 683839.7 2487570, 683843.1 2487596, 683847.9 2487622, 683854 2487647, 683861.4 2487672, 683870.1 2487697, 683880.2 2487721, 683891.4 2487745, 683903.9 2487768, 683917.6 2487790, 683932.4 2487812, 683948.4 2487832, 683965.4 2487852, 683983.4 2487871, 684002.4 2487889, 684022.3 2487906, 684043 2487922, 684064.6 2487937, 684086.9 2487951, 684109.9 2487963, 684133.6 2487975, 684157.8 2487985, 684182.4 2487993, 684207.5 2488001, 684233 2488007, 684258.7 2488012, 684284.7 2488015, 684310.8 2488017, 684336.9 2488018, 684363.1 2488017, 684389.2 2488015, 684415.2 2488012, 684440.9 2488007, 684466.3 2488001, 684491.4 2487993, 684516.1 2487985, 684540.3 2487975, 684563.9 2487963, 684586.9 2487951, 684609.3 2487937, 684630.8 2487922, 684651.6 2487906, 684671.5 2487889, 684690.5 2487871, 684708.5 2487852, 684725.5 2487832, 684741.4 2487812, 684756.3 2487790, 684769.9 2487768, 684782.4 2487745, 684793.7 2487721, 684803.7 2487697, 684812.5 2487672, 684819.9 2487647, 684826 2487622, 684830.8 2487596, 684834.2 2487570, 684836.2 2487544, 684836.9 2487518))"
32,20260541,Forest,5152.0093185789165,31.010082017237615,3.867597133157299,1,Dai,土葬,无,1,0,0,105,659.1089449434361,728.5630109429757,947.1767578125,6.015493392944336,86.6597040627946,580413.1530761719,0,0.1146001139048787,1,31,269119.775390625,0.4636693258316054,22838.9591217041,0.03934948579414219,1,0,0.05826614324971921,0.998301085119516,8.547142076512934,3.4343123779730202,1.3526334183810655,"POLYGON ((683568.5 2487868, 683567.9 2487842, 683565.8 2487816, 683562.4 2487790, 683557.6 2487765, 683551.5 2487739, 683544.1 2487714, 683535.3 2487689, 683525.3 2487665, 683514 2487641, 683501.6 2487618, 683487.9 2487596, 683473 2487575, 683457.1 2487554, 683440.1 2487534, 683422.1 2487515, 683403.1 2487497, 683383.2 2487480, 683362.4 2487464, 683340.9 2487449, 683318.5 2487435, 683295.5 2487423, 683271.9 2487412, 683247.7 2487402, 683223 2487393, 683198 2487386, 683172.5 2487379, 683146.8 2487375, 683120.8 2487371, 683094.7 2487369, 683068.5 2487368, 683042.4 2487369, 683016.3 2487371, 682990.3 2487375, 682964.6 2487379, 682939.1 2487386, 682914 2487393, 682889.4 2487402, 682865.2 2487412, 682841.5 2487423, 682818.5 2487435, 682796.2 2487449, 682774.6 2487464, 682753.9 2487480, 682734 2487497, 682715 2487515, 682697 2487534, 682680 2487554, 682664 2487575, 682649.2 2487596, 682635.5 2487618, 682623 2487641, 682611.8 2487665, 682601.8 2487689, 682593 2487714, 682585.6 2487739, 682579.5 2487765, 682574.7 2487790, 682571.3 2487816, 682569.2 2487842, 682568.5 2487868, 682569.2 2487895, 682571.3 2487921, 682574.7 2487947, 682579.5 2487972, 682585.6 2487998, 682593 2488023, 682601.8 2488048, 682611.8 2488072, 682623 2488095, 682635.5 2488118, 682649.2 2488141, 682664 2488162, 682680 2488183, 682697 2488203, 682715 2488222, 682734 2488240, 682753.9 2488257, 682774.6 2488273, 682796.2 2488288, 682818.5 2488301, 682841.5 2488314, 682865.2 2488325, 682889.4 2488335, 682914 2488344, 682939.1 2488351, 682964.6 2488358, 682990.3 2488362, 683016.3 2488366, 683042.4 2488368, 683068.5 2488368, 683094.7 2488368, 683120.8 2488366, 683146.8 2488362, 683172.5 2488358, 683198 2488351, 683223 2488344, 683247.7 2488335, 683271.9 2488325, 683295.5 2488314, 683318.5 2488301, 683340.9 2488288, 683362.4 2488273, 683383.2 2488257, 683403.1 2488240, 683422.1 2488222, 683440.1 2488203, 683457.1 2488183, 683473 2488162, 683487.9 2488141, 683501.6 2488118, 683514 2488095, 683525.3 2488072, 683535.3 2488048, 683544.1 2488023, 683551.5 2487998, 683557.6 2487972, 683562.4 2487947, 683565.8 2487921, 683567.9 2487895, 683568.5 2487868))"
32,20260541,Forest,5152.0093185789165,31.010082017237615,3.867597133157299,1,Dai,土葬,无,1,0,0,107,45.44081389751818,241.36500505076958,925.16748046875,5.465876579284668,177.75399073461415,329923.1414794922,0,0.735921791704446,1,32,163195.20263671875,0.49464612244201384,18000,0.054558161392625044,1,0,-0.9992317683203595,0.039190217904054,8.547142076512934,3.4343123779730202,1.3526334183810655,"POLYGON ((684280.3 2487866, 684279.6 2487839, 684277.6 2487813, 684274.2 2487787, 684269.4 2487762, 684263.3 2487736, 684255.8 2487711, 684247.1 2487686, 684237.1 2487662, 684225.8 2487639, 684213.3 2487616, 684199.6 2487593, 684184.8 2487572, 684168.9 2487551, 684151.9 2487531, 684133.9 2487512, 684114.9 2487494, 684095 2487477, 684074.2 2487461, 684052.6 2487446, 684030.3 2487433, 684007.3 2487420, 683983.7 2487409, 683959.5 2487399, 683934.8 2487390, 683909.7 2487383, 683884.3 2487377, 683858.5 2487372, 683832.6 2487368, 683806.5 2487366, 683780.3 2487366, 683754.1 2487366, 683728 2487368, 683702.1 2487372, 683676.4 2487377, 683650.9 2487383, 683625.8 2487390, 683601.1 2487399, 683576.9 2487409, 683553.3 2487420, 683530.3 2487433, 683508 2487446, 683486.4 2487461, 683465.6 2487477, 683445.7 2487494, 683426.8 2487512, 683408.7 2487531, 683391.7 2487551, 683375.8 2487572, 683361 2487593, 683347.3 2487616, 683334.8 2487639, 683323.5 2487662, 683313.5 2487686, 683304.8 2487711, 683297.3 2487736, 683291.2 2487762, 683286.5 2487787, 683283 2487813, 683281 2487839, 683280.3 2487866, 683281 2487892, 683283 2487918, 683286.5 2487944, 683291.2 2487970, 683297.3 2487995, 683304.8 2488020, 683313.5 2488045, 683323.5 2488069, 683334.8 2488093, 683347.3 2488116, 683361 2488138, 683375.8 2488160, 683391.7 2488180, 683408.7 2488200, 683426.8 2488219, 683445.7 2488237, 683465.6 2488254, 683486.4 2488270, 683508 2488285, 683530.3 2488299, 683553.3 2488311, 683576.9 2488322, 683601.1 2488332, 683625.8 2488341, 683650.9 2488349, 683676.4 2488355, 683702.1 2488359, 683728 2488363, 683754.1 2488365, 683780.3 2488366, 683806.5 2488365, 683832.6 2488363, 683858.5 2488359, 683884.3 2488355, 683909.7 2488349, 683934.8 2488341, 683959.5 2488332, 683983.7 2488322, 684007.3 2488311, 684030.3 2488299, 684052.6 2488285, 684074.2 2488270, 684095 2488254, 684114.9 2488237, 684133.9 2488219, 684151.9 2488200, 684168.9 2488180, 684184.8 2488160, 684199.6 2488138, 684213.3 2488116, 684225.8 2488093, 684237.1 2488069, 684247.1 2488045, 684255.8 2488020, 684263.3 2487995, 684269.4 2487970, 684274.2 2487944, 684277.6 2487918, 684279.6 2487892, 684280.3 2487866))"
32,20260541,Forest,5152.0093185789165,31.010082017237615,3.867597133157299,1,Dai,土葬,无,1,0,0,109,62.052950401779,852.5163249736709,910.11907958984375,3.4218924045562744,195.24173915675544,365418.9514160156,0,0.5795884873118062,1,33,286820.947265625,0.7849098853635815,53546.18225097656,0.1465336760545193,1,0,-0.9648252373556406,-0.26289210973635513,8.547142076512934,3.4343123779730202,1.3526334183810655,"POLYGON ((684374.6 2484675, 684373.9 2484649, 684371.9 2484622, 684368.5 2484596, 684363.7 2484571, 684357.6 2484545, 684350.2 2484520, 684341.4 2484495, 684331.4 2484471, 684320.1 2484448, 684307.6 2484425, 684294 2484402, 684279.1 2484381, 684263.2 2484360, 684246.2 2484340, 684228.2 2484321, 684209.2 2484303, 684189.3 2484286, 684168.5 2484270, 684147 2484255, 684124.6 2484242, 684101.6 2484229, 684078 2484218, 684053.8 2484208, 684029.1 2484199, 684004 2484192, 683978.6 2484186, 683952.9 2484181, 683926.9 2484177, 683900.8 2484175, 683874.6 2484175, 683848.5 2484175, 683822.4 2484177, 683796.4 2484181, 683770.7 2484186, 683745.2 2484192, 683720.1 2484199, 683695.4 2484208, 683671.3 2484218, 683647.6 2484229, 683624.6 2484242, 683602.3 2484255, 683580.7 2484270, 683560 2484286, 683540.1 2484303, 683521.1 2484321, 683503.1 2484340, 683486.1 2484360, 683470.1 2484381, 683455.3 2484402, 683441.6 2484425, 683429.1 2484448, 683417.9 2484471, 683407.8 2484495, 683399.1 2484520, 683391.7 2484545, 683385.6 2484571, 683380.8 2484596, 683377.4 2484622, 683375.3 2484649, 683374.6 2484675, 683375.3 2484701, 683377.4 2484727, 683380.8 2484753, 683385.6 2484779, 683391.7 2484804, 683399.1 2484829, 683407.8 2484854, 683417.9 2484878, 683429.1 2484902, 683441.6 2484925, 683455.3 2484947, 683470.1 2484969, 683486.1 2484989, 683503.1 2485009, 683521.1 2485028, 683540.1 2485046, 683560 2485063, 683580.7 2485079, 683602.3 2485094, 683624.6 2485108, 683647.6 2485120, 683671.3 2485131, 683695.4 2485141, 683720.1 2485150, 683745.2 2485158, 683770.7 2485164, 683796.4 2485169, 683822.4 2485172, 683848.5 2485174, 683874.6 2485175, 683900.8 2485174, 683926.9 2485172, 683952.9 2485169, 683978.6 2485164, 684004 2485158, 684029.1 2485150, 684053.8 2485141, 684078 2485131, 684101.6 2485120, 684124.6 2485108, 684147 2485094, 684168.5 2485079, 684189.3 2485063, 684209.2 2485046, 684228.2 2485028, 684246.2 2485009, 684263.2 2484989, 684279.1 2484969, 684294 2484947, 684307.6 2484925, 684320.1 2484902, 684331.4 2484878, 684341.4 2484854, 684350.2 2484829, 684357.6 2484804, 684363.7 2484779, 684368.5 2484753, 684371.9 2484727, 684373.9 2484701, 684374.6 2484675))"
32,20260541,Forest,4740.827023878858,28.393067437574942,2.9508196721311477,1,Dai,土葬,无,1,0,0,111,97.68185692327826,662.1403956210609,909.31689453125,4.07542085647583,100.15327871427588,521657.8857421875,0,0.48675155071064186,1,34,127115.81268310547,0.2436765860488273,29440.784454345703,0.05643695851057422,1,0,-0.1762821288039153,0.9843396827642172,8.463966877081248,3.346145011058112,1.0820829867168993,"POLYGON ((683068 2484635, 683067.4 2484608, 683065.3 2484582, 683061.9 2484556, 683057.1 2484531, 683051 2484505, 683043.6 2484480, 683034.8 2484455, 683024.8 2484431, 683013.5 2484408, 683001.1 2484385, 682987.4 2484362, 682972.5 2484341, 682956.6 2484320, 682939.6 2484300, 682921.6 2484281, 682902.6 2484263, 682882.7 2484246, 682861.9 2484230, 682840.4 2484215, 682818 2484202, 682795 2484189, 682771.4 2484178, 682747.2 2484168, 682722.5 2484159, 682697.5 2484152, 682672 2484145, 682646.3 2484141, 682620.3 2484137, 682594.2 2484135, 682568 2484135, 682541.9 2484135, 682515.8 2484137, 682489.8 2484141, 682464.1 2484145, 682438.6 2484152, 682413.5 2484159, 682388.9 2484168, 682364.7 2484178, 682341 2484189, 682318 2484202, 682295.7 2484215, 682274.1 2484230, 682253.4 2484246, 682233.5 2484263, 682214.5 2484281, 682196.5 2484300, 682179.5 2484320, 682163.5 2484341, 682148.7 2484362, 682135 2484385, 682122.5 2484408, 682111.3 2484431, 682101.3 2484455, 682092.5 2484480, 682085.1 2484505, 682079 2484531, 682074.2 2484556, 682070.8 2484582, 682068.7 2484608, 682068 2484635, 682068.7 2484661, 682070.8 2484687, 682074.2 2484713, 682079 2484739, 682085.1 2484764, 682092.5 2484789, 682101.3 2484814, 682111.3 2484838, 682122.5 2484862, 682135 2484885, 682148.7 2484907, 682163.5 2484928, 682179.5 2484949, 682196.5 2484969, 682214.5 2484988, 682233.5 2485006, 682253.4 2485023, 682274.1 2485039, 682295.7 2485054, 682318 2485068, 682341 2485080, 682364.7 2485091, 682388.9 2485101, 682413.5 2485110, 682438.6 2485118, 682464.1 2485124, 682489.8 2485128, 682515.8 2485132, 682541.9 2485134, 682568 2485135, 682594.2 2485134, 682620.3 2485132, 682646.3 2485128, 682672 2485124, 682697.5 2485118, 682722.5 2485110, 682747.2 2485101, 682771.4 2485091, 682795 2485080, 682818 2485068, 682840.4 2485054, 682861.9 2485039, 682882.7 2485023, 682902.6 2485006, 682921.6 2484988, 682939.6 2484969, 682956.6 2484949, 682972.5 2484928, 682987.4 2484907, 683001.1 2484885, 683013.5 2484862, 683024.8 2484838, 683034.8 2484814, 683043.6 2484789, 683051 2484764, 683057.1 2484739, 683061.9 2484713, 683065.3 2484687, 683067.4 2484661, 683068 2484635))"
32,20260541,Forest,3230,21.909102328849816,1.4846071044133478,1,Dai,土葬,无,1,0,0,116,32.728747034729025,1009.6455535861922,714.51983642578125,7.234174728393555,184.22444827676313,785039.3371582031,0,0.5976612612879214,1,35,142913.6444091797,0.18204647543716573,292959.0087890625,0.37317748923201366,1,0,-0.997283135479192,-0.07366374745281075,8.080237416216702,3.0869021819259577,0.3951501610955902,"POLYGON ((752571.7 2425555, 752571 2425528, 752568.9 2425502, 752565.5 2425476, 752560.8 2425451, 752554.6 2425425, 752547.2 2425400, 752538.5 2425375, 752528.5 2425351, 752517.2 2425328, 752504.7 2425305, 752491 2425282, 752476.2 2425261, 752460.3 2425240, 752443.3 2425220, 752425.2 2425201, 752406.2 2425183, 752386.3 2425166, 752365.6 2425150, 752344 2425135, 752321.7 2425122, 752298.7 2425109, 752275 2425098, 752250.9 2425088, 752226.2 2425079, 752201.1 2425072, 752175.6 2425065, 752149.9 2425061, 752123.9 2425057, 752097.8 2425055, 752071.7 2425055, 752045.5 2425055, 752019.4 2425057, 751993.5 2425061, 751967.7 2425065, 751942.3 2425072, 751917.2 2425079, 751892.5 2425088, 751868.3 2425098, 751844.7 2425109, 751821.7 2425122, 751799.4 2425135, 751777.8 2425150, 751757 2425166, 751737.1 2425183, 751718.1 2425201, 751700.1 2425220, 751683.1 2425240, 751667.2 2425261, 751652.3 2425282, 751638.7 2425305, 751626.2 2425328, 751614.9 2425351, 751604.9 2425375, 751596.2 2425400, 751588.7 2425425, 751582.6 2425451, 751577.8 2425476, 751574.4 2425502, 751572.4 2425528, 751571.7 2425555, 751572.4 2425581, 751574.4 2425607, 751577.8 2425633, 751582.6 2425658, 751588.7 2425684, 751596.2 2425709, 751604.9 2425734, 751614.9 2425758, 751626.2 2425782, 751638.7 2425805, 751652.3 2425827, 751667.2 2425848, 751683.1 2425869, 751700.1 2425889, 751718.1 2425908, 751737.1 2425926, 751757 2425943, 751777.8 2425959, 751799.4 2425974, 751821.7 2425988, 751844.7 2426000, 751868.3 2426011, 751892.5 2426021, 751917.2 2426030, 751942.3 2426037, 751967.7 2426044, 751993.5 2426048, 752019.4 2426052, 752045.5 2426054, 752071.7 2426055, 752097.8 2426054, 752123.9 2426052, 752149.9 2426048, 752175.6 2426044, 752201.1 2426037, 752226.2 2426030, 752250.9 2426021, 752275 2426011, 752298.7 2426000, 752321.7 2425988, 752344 2425974, 752365.6 2425959, 752386.3 2425943, 752406.2 2425926, 752425.2 2425908, 752443.3 2425889, 752460.3 2425869, 752476.2 2425848, 752491 2425827, 752504.7 2425805, 752517.2 2425782, 752528.5 2425758, 752538.5 2425734, 752547.2 2425709, 752554.6 2425684, 752560.8 2425658, 752565.5 2425633, 752568.9 2425607, 752571 2425581, 752571.7 2425555))"
32,20260541,Forest,4841,40.475513715159785,0.8751300728407908,1,Dai,火葬,有,1,0,0,120,87.01781677630247,134.89998980451284,628.80938720703125,13.066065788269043,129.83186791106343,127925.09307861328,395275.42419433594,0.7430153937661058,1,36,112915.11154174805,0.8826658540897742,0,0,1,0,-0.6405369197269514,0.7679273757763224,8.484876589939695,3.7006971916427536,-0.13338274899734448,"POLYGON ((743156.6 2431937, 743155.9 2431911, 743153.9 2431885, 743150.4 2431859, 743145.7 2431833, 743139.6 2431808, 743132.1 2431783, 743123.4 2431758, 743113.4 2431734, 743102.1 2431710, 743089.6 2431687, 743075.9 2431665, 743061.1 2431643, 743045.2 2431623, 743028.2 2431603, 743010.1 2431584, 742991.2 2431566, 742971.2 2431549, 742950.5 2431533, 742928.9 2431518, 742906.6 2431504, 742883.6 2431492, 742860 2431481, 742835.8 2431471, 742811.1 2431462, 742786 2431454, 742760.5 2431448, 742734.8 2431443, 742708.9 2431440, 742682.8 2431438, 742656.6 2431437, 742630.4 2431438, 742604.3 2431440, 742578.4 2431443, 742552.6 2431448, 742527.2 2431454, 742502.1 2431462, 742477.4 2431471, 742453.2 2431481, 742429.6 2431492, 742406.6 2431504, 742384.3 2431518, 742362.7 2431533, 742341.9 2431549, 742322 2431566, 742303 2431584, 742285 2431603, 742268 2431623, 742252.1 2431643, 742237.3 2431665, 742223.6 2431687, 742211.1 2431710, 742199.8 2431734, 742189.8 2431758, 742181.1 2431783, 742173.6 2431808, 742167.5 2431833, 742162.7 2431859, 742159.3 2431885, 742157.3 2431911, 742156.6 2431937, 742157.3 2431963, 742159.3 2431990, 742162.7 2432016, 742167.5 2432041, 742173.6 2432067, 742181.1 2432092, 742189.8 2432116, 742199.8 2432141, 742211.1 2432164, 742223.6 2432187, 742237.3 2432210, 742252.1 2432231, 742268 2432252, 742285 2432272, 742303 2432291, 742322 2432309, 742341.9 2432326, 742362.7 2432342, 742384.3 2432357, 742406.6 2432370, 742429.6 2432383, 742453.2 2432394, 742477.4 2432404, 742502.1 2432413, 742527.2 2432420, 742552.6 2432426, 742578.4 2432431, 742604.3 2432435, 742630.4 2432437, 742656.6 2432437, 742682.8 2432437, 742708.9 2432435, 742734.8 2432431, 742760.5 2432426, 742786 2432420, 742811.1 2432413, 742835.8 2432404, 742860 2432394, 742883.6 2432383, 742906.6 2432370, 742928.9 2432357, 742950.5 2432342, 742971.2 2432326, 742991.2 2432309, 743010.1 2432291, 743028.2 2432272, 743045.2 2432252, 743061.1 2432231, 743075.9 2432210, 743089.6 2432187, 743102.1 2432164, 743113.4 2432141, 743123.4 2432116, 743132.1 2432092, 743139.6 2432067, 743145.7 2432041, 743150.4 2432016, 743153.9 2431990, 743155.9 2431963, 743156.6 2431937))"
32,20260541,Forest,4472,80.2233765191585,1.6158910329171396,1,Dai,火葬,有,1,0,0,134,808.8577525310783,851.5891022969463,603.6024169921875,9.75855541229248,225.43141331613054,156811.52801513672,55243.556213378906,0.3763338887638141,1,37,53988.72871398926,0.34429055948474546,3600,0.02295749582678959,1,0,-0.7017625679562555,-0.7124109054579681,8.405591014834934,4.384814950196063,0.4798865276998581,"POLYGON ((731786.3 2425527, 731785.6 2425501, 731783.5 2425475, 731780.1 2425449, 731775.4 2425423, 731769.2 2425398, 731761.8 2425373, 731753.1 2425348, 731743.1 2425324, 731731.8 2425300, 731719.3 2425277, 731705.6 2425255, 731690.8 2425234, 731674.9 2425213, 731657.9 2425193, 731639.8 2425174, 731620.9 2425156, 731600.9 2425139, 731580.2 2425123, 731558.6 2425108, 731536.3 2425094, 731513.3 2425082, 731489.7 2425071, 731465.5 2425061, 731440.8 2425052, 731415.7 2425044, 731390.2 2425038, 731364.5 2425034, 731338.6 2425030, 731312.5 2425028, 731286.3 2425027, 731260.1 2425028, 731234 2425030, 731208.1 2425034, 731182.3 2425038, 731156.9 2425044, 731131.8 2425052, 731107.1 2425061, 731082.9 2425071, 731059.3 2425082, 731036.3 2425094, 731014 2425108, 730992.4 2425123, 730971.6 2425139, 730951.7 2425156, 730932.7 2425174, 730914.7 2425193, 730897.7 2425213, 730881.8 2425234, 730867 2425255, 730853.3 2425277, 730840.8 2425300, 730829.5 2425324, 730819.5 2425348, 730810.8 2425373, 730803.3 2425398, 730797.2 2425423, 730792.4 2425449, 730789 2425475, 730787 2425501, 730786.3 2425527, 730787 2425554, 730789 2425580, 730792.4 2425606, 730797.2 2425631, 730803.3 2425657, 730810.8 2425682, 730819.5 2425707, 730829.5 2425731, 730840.8 2425754, 730853.3 2425777, 730867 2425800, 730881.8 2425821, 730897.7 2425842, 730914.7 2425862, 730932.7 2425881, 730951.7 2425899, 730971.6 2425916, 730992.4 2425932, 731014 2425947, 731036.3 2425960, 731059.3 2425973, 731082.9 2425984, 731107.1 2425994, 731131.8 2426003, 731156.9 2426010, 731182.3 2426016, 731208.1 2426021, 731234 2426025, 731260.1 2426027, 731286.3 2426027, 731312.5 2426027, 731338.6 2426025, 731364.5 2426021, 731390.2 2426016, 731415.7 2426010, 731440.8 2426003, 731465.5 2425994, 731489.7 2425984, 731513.3 2425973, 731536.3 2425960, 731558.6 2425947, 731580.2 2425932, 731600.9 2425916, 731620.9 2425899, 731639.8 2425881, 731657.9 2425862, 731674.9 2425842, 731690.8 2425821, 731705.6 2425800, 731719.3 2425777, 731731.8 2425754, 731743.1 2425731, 731753.1 2425707, 731761.8 2425682, 731769.2 2425657, 731775.4 2425631, 731780.1 2425606, 731783.5 2425580, 731785.6 2425554, 731786.3 2425527))"
32,20260541,Forest,4515,22.149829986848378,1.7557289127254998,1,Dai,土葬,无,1,0,0,138,302.78031119932564,548.8884099544822,589.6767578125,13.987273216247559,314.1546532921039,579605.3283691406,0,0.4746961709175873,1,38,160949.99542236328,0.2776889506437681,22000.41904449463,0.03795758590832509,1,0,0.696597486124487,-0.7174621539322092,8.415160465851086,3.0978298209243684,0.5628841055764946,"POLYGON ((736160.6 2421863, 736159.9 2421837, 736157.8 2421811, 736154.4 2421785, 736149.7 2421760, 736143.5 2421734, 736136.1 2421709, 736127.4 2421684, 736117.4 2421660, 736106.1 2421636, 736093.6 2421613, 736079.9 2421591, 736065.1 2421570, 736049.2 2421549, 736032.2 2421529, 736014.1 2421510, 735995.1 2421492, 735975.2 2421475, 735954.5 2421459, 735932.9 2421444, 735910.6 2421430, 735887.6 2421418, 735863.9 2421407, 735839.8 2421397, 735815.1 2421388, 735790 2421381, 735764.5 2421374, 735738.8 2421370, 735712.8 2421366, 735686.7 2421364, 735660.6 2421363, 735634.4 2421364, 735608.3 2421366, 735582.4 2421370, 735556.6 2421374, 735531.2 2421381, 735506.1 2421388, 735481.4 2421397, 735457.2 2421407, 735433.6 2421418, 735410.6 2421430, 735388.3 2421444, 735366.7 2421459, 735345.9 2421475, 735326 2421492, 735307 2421510, 735289 2421529, 735272 2421549, 735256.1 2421570, 735241.2 2421591, 735227.6 2421613, 735215.1 2421636, 735203.8 2421660, 735193.8 2421684, 735185.1 2421709, 735177.6 2421734, 735171.5 2421760, 735166.7 2421785, 735163.3 2421811, 735161.3 2421837, 735160.6 2421863, 735161.3 2421890, 735163.3 2421916, 735166.7 2421942, 735171.5 2421967, 735177.6 2421993, 735185.1 2422018, 735193.8 2422043, 735203.8 2422067, 735215.1 2422090, 735227.6 2422113, 735241.2 2422136, 735256.1 2422157, 735272 2422178, 735289 2422198, 735307 2422217, 735326 2422235, 735345.9 2422252, 735366.7 2422268, 735388.3 2422283, 735410.6 2422296, 735433.6 2422309, 735457.2 2422320, 735481.4 2422330, 735506.1 2422339, 735531.2 2422346, 735556.6 2422353, 735582.4 2422357, 735608.3 2422361, 735634.4 2422363, 735660.6 2422363, 735686.7 2422363, 735712.8 2422361, 735738.8 2422357, 735764.5 2422353, 735790 2422346, 735815.1 2422339, 735839.8 2422330, 735863.9 2422320, 735887.6 2422309, 735910.6 2422296, 735932.9 2422283, 735954.5 2422268, 735975.2 2422252, 735995.1 2422235, 736014.1 2422217, 736032.2 2422198, 736049.2 2422178, 736065.1 2422157, 736079.9 2422136, 736093.6 2422113, 736106.1 2422090, 736117.4 2422067, 736127.4 2422043, 736136.1 2422018, 736143.5 2421993, 736149.7 2421967, 736154.4 2421942, 736157.8 2421916, 736159.9 2421890, 736160.6 2421863))"
32,20260541,Forest,4515,22.149829986848378,1.7557289127254998,1,Dai,火葬,无,1,0,0,139,167.67092450162374,269.2261178303549,602.754150390625,13.53898811340332,7.925387976143548,104786.75308227539,478960.400390625,0.611493800342951,1,39,35759.76676940918,0.3412622847597128,6901.093769073486,0.06585845601738376,1,0,0.990448463804435,0.13788343101125303,8.415160465851086,3.0978298209243684,0.5628841055764946,"POLYGON ((735125.7 2419255, 735125 2419229, 735122.9 2419203, 735119.5 2419177, 735114.7 2419151, 735108.6 2419125, 735101.2 2419100, 735092.5 2419076, 735082.4 2419051, 735071.2 2419028, 735058.7 2419005, 735045 2418983, 735030.2 2418961, 735014.2 2418940, 734997.2 2418920, 734979.2 2418901, 734960.2 2418883, 734940.3 2418866, 734919.6 2418850, 734898 2418836, 734875.7 2418822, 734852.7 2418809, 734829 2418798, 734804.9 2418788, 734780.2 2418779, 734755.1 2418772, 734729.6 2418766, 734703.9 2418761, 734677.9 2418758, 734651.8 2418756, 734625.7 2418755, 734599.5 2418756, 734573.4 2418758, 734547.5 2418761, 734521.7 2418766, 734496.3 2418772, 734471.2 2418779, 734446.5 2418788, 734422.3 2418798, 734398.7 2418809, 734375.7 2418822, 734353.4 2418836, 734331.8 2418850, 734311 2418866, 734291.1 2418883, 734272.1 2418901, 734254.1 2418920, 734237.1 2418940, 734221.2 2418961, 734206.3 2418983, 734192.7 2419005, 734180.2 2419028, 734168.9 2419051, 734158.9 2419076, 734150.1 2419100, 734142.7 2419125, 734136.6 2419151, 734131.8 2419177, 734128.4 2419203, 734126.4 2419229, 734125.7 2419255, 734126.4 2419281, 734128.4 2419307, 734131.8 2419333, 734136.6 2419359, 734142.7 2419384, 734150.1 2419409, 734158.9 2419434, 734168.9 2419458, 734180.2 2419482, 734192.7 2419505, 734206.3 2419527, 734221.2 2419549, 734237.1 2419570, 734254.1 2419589, 734272.1 2419608, 734291.1 2419626, 734311 2419643, 734331.8 2419659, 734353.4 2419674, 734375.7 2419688, 734398.7 2419700, 734422.3 2419712, 734446.5 2419722, 734471.2 2419730, 734496.3 2419738, 734521.7 2419744, 734547.5 2419749, 734573.4 2419752, 734599.5 2419754, 734625.7 2419755, 734651.8 2419754, 734677.9 2419752, 734703.9 2419749, 734729.6 2419744, 734755.1 2419738, 734780.2 2419730, 734804.9 2419722, 734829 2419712, 734852.7 2419700, 734875.7 2419688, 734898 2419674, 734919.6 2419659, 734940.3 2419643, 734960.2 2419626, 734979.2 2419608, 734997.2 2419589, 735014.2 2419570, 735030.2 2419549, 735045 2419527, 735058.7 2419505, 735071.2 2419482, 735082.4 2419458, 735092.5 2419434, 735101.2 2419409, 735108.6 2419384, 735114.7 2419359, 735119.5 2419333, 735122.9 2419307, 735125 2419281, 735125.7 2419255))"
32,20260541,Forest,4515,22.149829986848378,1.7557289127254998,1,Dai,火葬,有,1,0,0,141,22.225652017067492,1093.9510776347859,571.4715576171875,10.168498039245605,80.03807789757823,100913.68789672852,86589.89181518555,0.4713821248389442,1,40,56127.07328796387,0.5561889021973146,13684.397792816162,0.13560497171424643,1,0,0.17299365121697255,0.984922939441772,8.415160465851086,3.0978298209243684,0.5628841055764946,"POLYGON ((734971.1 2421417, 734970.4 2421391, 734968.3 2421365, 734964.9 2421339, 734960.2 2421313, 734954 2421288, 734946.6 2421263, 734937.9 2421238, 734927.9 2421214, 734916.6 2421190, 734904.1 2421167, 734890.4 2421145, 734875.6 2421124, 734859.7 2421103, 734842.7 2421083, 734824.6 2421064, 734805.6 2421046, 734785.7 2421029, 734765 2421013, 734743.4 2420998, 734721.1 2420984, 734698.1 2420972, 734674.4 2420961, 734650.3 2420951, 734625.6 2420942, 734600.5 2420934, 734575 2420928, 734549.3 2420924, 734523.3 2420920, 734497.2 2420918, 734471.1 2420917, 734444.9 2420918, 734418.8 2420920, 734392.9 2420924, 734367.1 2420928, 734341.7 2420934, 734316.6 2420942, 734291.9 2420951, 734267.7 2420961, 734244.1 2420972, 734221.1 2420984, 734198.8 2420998, 734177.2 2421013, 734156.4 2421029, 734136.5 2421046, 734117.5 2421064, 734099.5 2421083, 734082.5 2421103, 734066.6 2421124, 734051.7 2421145, 734038.1 2421167, 734025.6 2421190, 734014.3 2421214, 734004.3 2421238, 733995.6 2421263, 733988.1 2421288, 733982 2421313, 733977.2 2421339, 733973.8 2421365, 733971.8 2421391, 733971.1 2421417, 733971.8 2421444, 733973.8 2421470, 733977.2 2421496, 733982 2421521, 733988.1 2421547, 733995.6 2421572, 734004.3 2421597, 734014.3 2421621, 734025.6 2421644, 734038.1 2421667, 734051.7 2421690, 734066.6 2421711, 734082.5 2421732, 734099.5 2421752, 734117.5 2421771, 734136.5 2421789, 734156.4 2421806, 734177.2 2421822, 734198.8 2421837, 734221.1 2421850, 734244.1 2421863, 734267.7 2421874, 734291.9 2421884, 734316.6 2421893, 734341.7 2421900, 734367.1 2421907, 734392.9 2421911, 734418.8 2421915, 734444.9 2421917, 734471.1 2421917, 734497.2 2421917, 734523.3 2421915, 734549.3 2421911, 734575 2421907, 734600.5 2421900, 734625.6 2421893, 734650.3 2421884, 734674.4 2421874, 734698.1 2421863, 734721.1 2421850, 734743.4 2421837, 734765 2421822, 734785.7 2421806, 734805.6 2421789, 734824.6 2421771, 734842.7 2421752, 734859.7 2421732, 734875.6 2421711, 734890.4 2421690, 734904.1 2421667, 734916.6 2421644, 734927.9 2421621, 734937.9 2421597, 734946.6 2421572, 734954 2421547, 734960.2 2421521, 734964.9 2421496, 734968.3 2421470, 734970.4 2421444, 734971.1 2421417))"
32,20260541,Forest,3276,13.328938169353023,1.439689756619417,1,Dai,土葬,无,1,0,0,151,208.3192722925006,2347.7771773940217,647.27374267578125,14.103187561035156,266.7269636071464,31396.83494567871,287874.5635986328,0.019056271895512965,1,41,15196.83666229248,0.484024478536939,5400,0.17199185871260014,1,0,-0.057094197226974286,-0.998368795908109,8.09437844497296,2.5899374738049867,0.3644276435838435,"POLYGON ((740498.1 2396033, 740497.4 2396007, 740495.4 2395980, 740491.9 2395954, 740487.2 2395929, 740481.1 2395903, 740473.6 2395878, 740464.9 2395854, 740454.9 2395829, 740443.6 2395806, 740431.1 2395783, 740417.4 2395760, 740402.6 2395739, 740386.7 2395718, 740369.7 2395698, 740351.7 2395679, 740332.7 2395661, 740312.8 2395644, 740292 2395628, 740270.4 2395613, 740248.1 2395600, 740225.1 2395587, 740201.5 2395576, 740177.3 2395566, 740152.6 2395557, 740127.5 2395550, 740102.1 2395544, 740076.3 2395539, 740050.4 2395535, 740024.3 2395533, 739998.1 2395533, 739971.9 2395533, 739945.8 2395535, 739919.9 2395539, 739894.1 2395544, 739868.7 2395550, 739843.6 2395557, 739818.9 2395566, 739794.7 2395576, 739771.1 2395587, 739748.1 2395600, 739725.8 2395613, 739704.2 2395628, 739683.4 2395644, 739663.5 2395661, 739644.6 2395679, 739626.5 2395698, 739609.5 2395718, 739593.6 2395739, 739578.8 2395760, 739565.1 2395783, 739552.6 2395806, 739541.3 2395829, 739531.3 2395854, 739522.6 2395878, 739515.1 2395903, 739509 2395929, 739504.3 2395954, 739500.8 2395980, 739498.8 2396007, 739498.1 2396033, 739498.8 2396059, 739500.8 2396085, 739504.3 2396111, 739509 2396137, 739515.1 2396162, 739522.6 2396187, 739531.3 2396212, 739541.3 2396236, 739552.6 2396260, 739565.1 2396283, 739578.8 2396305, 739593.6 2396327, 739609.5 2396347, 739626.5 2396367, 739644.6 2396386, 739663.5 2396404, 739683.4 2396421, 739704.2 2396437, 739725.8 2396452, 739748.1 2396466, 739771.1 2396478, 739794.7 2396489, 739818.9 2396500, 739843.6 2396508, 739868.7 2396516, 739894.1 2396522, 739919.9 2396527, 739945.8 2396530, 739971.9 2396532, 739998.1 2396533, 740024.3 2396532, 740050.4 2396530, 740076.3 2396527, 740102.1 2396522, 740127.5 2396516, 740152.6 2396508, 740177.3 2396500, 740201.5 2396489, 740225.1 2396478, 740248.1 2396466, 740270.4 2396452, 740292 2396437, 740312.8 2396421, 740332.7 2396404, 740351.7 2396386, 740369.7 2396367, 740386.7 2396347, 740402.6 2396327, 740417.4 2396305, 740431.1 2396283, 740443.6 2396260, 740454.9 2396236, 740464.9 2396212, 740473.6 2396187, 740481.1 2396162, 740487.2 2396137, 740491.9 2396111, 740495.4 2396085, 740497.4 2396059, 740498.1 2396033))"
32,20260541,Forest,3276,13.328938169353023,1.439689756619417,1,Dai,土葬,无,1,0,0,154,541.5490868653997,1250.3934855809732,698.79168701171875,8.339984893798828,264.1931020244001,35100,14907.225036621094,0.2288898520931065,1,42,4500,0.1282051282051282,0,0,1,0,-0.10117607251254772,-0.9948685352100225,8.09437844497296,2.5899374738049867,0.3644276435838435,"POLYGON ((746719.2 2395499, 746718.5 2395473, 746716.4 2395447, 746713 2395421, 746708.2 2395395, 746702.1 2395370, 746694.7 2395345, 746686 2395320, 746675.9 2395296, 746664.7 2395272, 746652.2 2395249, 746638.5 2395227, 746623.7 2395206, 746607.7 2395185, 746590.7 2395165, 746572.7 2395146, 746553.7 2395128, 746533.8 2395111, 746513.1 2395095, 746491.5 2395080, 746469.2 2395066, 746446.2 2395054, 746422.5 2395043, 746398.4 2395033, 746373.7 2395024, 746348.6 2395016, 746323.1 2395010, 746297.4 2395006, 746271.4 2395002, 746245.3 2395000, 746219.2 2394999, 746193 2395000, 746166.9 2395002, 746141 2395006, 746115.2 2395010, 746089.8 2395016, 746064.7 2395024, 746040 2395033, 746015.8 2395043, 745992.2 2395054, 745969.2 2395066, 745946.9 2395080, 745925.3 2395095, 745904.5 2395111, 745884.6 2395128, 745865.6 2395146, 745847.6 2395165, 745830.6 2395185, 745814.7 2395206, 745799.8 2395227, 745786.2 2395249, 745773.7 2395272, 745762.4 2395296, 745752.4 2395320, 745743.6 2395345, 745736.2 2395370, 745730.1 2395395, 745725.3 2395421, 745721.9 2395447, 745719.9 2395473, 745719.2 2395499, 745719.9 2395526, 745721.9 2395552, 745725.3 2395578, 745730.1 2395603, 745736.2 2395629, 745743.6 2395654, 745752.4 2395679, 745762.4 2395703, 745773.7 2395726, 745786.2 2395749, 745799.8 2395772, 745814.7 2395793, 745830.6 2395814, 745847.6 2395834, 745865.6 2395853, 745884.6 2395871, 745904.5 2395888, 745925.3 2395904, 745946.9 2395919, 745969.2 2395932, 745992.2 2395945, 746015.8 2395956, 746040 2395966, 746064.7 2395975, 746089.8 2395982, 746115.2 2395988, 746141 2395993, 746166.9 2395997, 746193 2395999, 746219.2 2395999, 746245.3 2395999, 746271.4 2395997, 746297.4 2395993, 746323.1 2395988, 746348.6 2395982, 746373.7 2395975, 746398.4 2395966, 746422.5 2395956, 746446.2 2395945, 746469.2 2395932, 746491.5 2395919, 746513.1 2395904, 746533.8 2395888, 746553.7 2395871, 746572.7 2395853, 746590.7 2395834, 746607.7 2395814, 746623.7 2395793, 746638.5 2395772, 746652.2 2395749, 746664.7 2395726, 746675.9 2395703, 746686 2395679, 746694.7 2395654, 746702.1 2395629, 746708.2 2395603, 746713 2395578, 746716.4 2395552, 746718.5 2395526, 746719.2 2395499))"
32,20260541,Forest,3276,13.328938169353023,1.439689756619417,1,Dai,土葬,无,1,0,0,155,88.16744270852993,814.2189446753133,714.15655517578125,13.202869415283203,256.6047191338204,22243.058967590332,2700,0.35781251433507155,1,43,2492.674469947815,0.11206527274777328,6748.800086975098,0.30341150903787845,1,0,-0.23166778058424572,-0.9727949626921234,8.09437844497296,2.5899374738049867,0.3644276435838435,"POLYGON ((746666.7 2396109, 746666 2396083, 746663.9 2396057, 746660.5 2396031, 746655.7 2396005, 746649.6 2395979, 746642.2 2395954, 746633.4 2395930, 746623.4 2395905, 746612.2 2395882, 746599.7 2395859, 746586 2395836, 746571.2 2395815, 746555.2 2395794, 746538.2 2395774, 746520.2 2395755, 746501.2 2395737, 746481.3 2395720, 746460.6 2395704, 746439 2395689, 746416.7 2395676, 746393.7 2395663, 746370 2395652, 746345.8 2395642, 746321.2 2395633, 746296.1 2395626, 746270.6 2395620, 746244.9 2395615, 746218.9 2395612, 746192.8 2395609, 746166.7 2395609, 746140.5 2395609, 746114.4 2395612, 746088.4 2395615, 746062.7 2395620, 746037.2 2395626, 746012.1 2395633, 745987.5 2395642, 745963.3 2395652, 745939.7 2395663, 745916.7 2395676, 745894.3 2395689, 745872.8 2395704, 745852 2395720, 745832.1 2395737, 745813.1 2395755, 745795.1 2395774, 745778.1 2395794, 745762.1 2395815, 745747.3 2395836, 745733.6 2395859, 745721.2 2395882, 745709.9 2395905, 745699.9 2395930, 745691.1 2395954, 745683.7 2395979, 745677.6 2396005, 745672.8 2396031, 745669.4 2396057, 745667.3 2396083, 745666.7 2396109, 745667.3 2396135, 745669.4 2396161, 745672.8 2396187, 745677.6 2396213, 745683.7 2396238, 745691.1 2396263, 745699.9 2396288, 745709.9 2396312, 745721.2 2396336, 745733.6 2396359, 745747.3 2396381, 745762.1 2396403, 745778.1 2396423, 745795.1 2396443, 745813.1 2396462, 745832.1 2396480, 745852 2396497, 745872.8 2396513, 745894.3 2396528, 745916.7 2396542, 745939.7 2396554, 745963.3 2396566, 745987.5 2396576, 746012.1 2396584, 746037.2 2396592, 746062.7 2396598, 746088.4 2396603, 746114.4 2396606, 746140.5 2396608, 746166.7 2396609, 746192.8 2396608, 746218.9 2396606, 746244.9 2396603, 746270.6 2396598, 746296.1 2396592, 746321.2 2396584, 746345.8 2396576, 746370 2396566, 746393.7 2396554, 746416.7 2396542, 746439 2396528, 746460.6 2396513, 746481.3 2396497, 746501.2 2396480, 746520.2 2396462, 746538.2 2396443, 746555.2 2396423, 746571.2 2396403, 746586 2396381, 746599.7 2396359, 746612.2 2396336, 746623.4 2396312, 746633.4 2396288, 746642.2 2396263, 746649.6 2396238, 746655.7 2396213, 746660.5 2396187, 746663.9 2396161, 746666 2396135, 746666.7 2396109))"
32,20260541,Forest,6199,88.76182152611432,1.9497753106000528,1,Dai,土葬,有,1,0,0,162,915.299944169136,1659.5004298418696,658.1519775390625,4.5691657066345215,91.80305576235153,11582.906341552734,78711.9255065918,0.09077988137652057,1,46,11582.906341552734,1,0,0,1,0,-0.03146406583095068,0.9995048837106228,8.73214326770192,4.485956619779399,0.6677141406034005,"POLYGON ((769100.4 2385623, 769099.7 2385597, 769097.6 2385571, 769094.2 2385545, 769089.5 2385519, 769083.4 2385494, 769075.9 2385469, 769067.2 2385444, 769057.2 2385420, 769045.9 2385396, 769033.4 2385373, 769019.7 2385351, 769004.9 2385329, 768989 2385308, 768972 2385288, 768953.9 2385269, 768935 2385251, 768915 2385234, 768894.3 2385219, 768872.7 2385204, 768850.4 2385190, 768827.4 2385178, 768803.8 2385166, 768779.6 2385156, 768754.9 2385147, 768729.8 2385140, 768704.3 2385134, 768678.6 2385129, 768652.7 2385126, 768626.6 2385124, 768600.4 2385123, 768574.2 2385124, 768548.1 2385126, 768522.2 2385129, 768496.4 2385134, 768471 2385140, 768445.9 2385147, 768421.2 2385156, 768397 2385166, 768373.4 2385178, 768350.4 2385190, 768328.1 2385204, 768306.5 2385219, 768285.7 2385234, 768265.8 2385251, 768246.8 2385269, 768228.8 2385288, 768211.8 2385308, 768195.9 2385329, 768181.1 2385351, 768167.4 2385373, 768154.9 2385396, 768143.6 2385420, 768133.6 2385444, 768124.9 2385469, 768117.4 2385494, 768111.3 2385519, 768106.5 2385545, 768103.1 2385571, 768101.1 2385597, 768100.4 2385623, 768101.1 2385649, 768103.1 2385675, 768106.5 2385701, 768111.3 2385727, 768117.4 2385752, 768124.9 2385778, 768133.6 2385802, 768143.6 2385826, 768154.9 2385850, 768167.4 2385873, 768181.1 2385895, 768195.9 2385917, 768211.8 2385938, 768228.8 2385958, 768246.8 2385977, 768265.8 2385995, 768285.7 2386012, 768306.5 2386028, 768328.1 2386042, 768350.4 2386056, 768373.4 2386069, 768397 2386080, 768421.2 2386090, 768445.9 2386099, 768471 2386106, 768496.4 2386112, 768522.2 2386117, 768548.1 2386120, 768574.2 2386122, 768600.4 2386123, 768626.6 2386122, 768652.7 2386120, 768678.6 2386117, 768704.3 2386112, 768729.8 2386106, 768754.9 2386099, 768779.6 2386090, 768803.8 2386080, 768827.4 2386069, 768850.4 2386056, 768872.7 2386042, 768894.3 2386028, 768915 2386012, 768935 2385995, 768953.9 2385977, 768972 2385958, 768989 2385938, 769004.9 2385917, 769019.7 2385895, 769033.4 2385873, 769045.9 2385850, 769057.2 2385826, 769067.2 2385802, 769075.9 2385778, 769083.4 2385752, 769089.5 2385727, 769094.2 2385701, 769097.6 2385675, 769099.7 2385649, 769100.4 2385623))"
32,20260541,Forest,6199,88.76182152611432,1.9497753106000528,1,Dai,土葬,有,1,0,0,163,730.5756360097824,1499.3293075936385,650.17303466796875,2.997880697250366,204.2708358142517,21177.366256713867,135782.67974853516,0.3678645499833394,1,47,21177.366256713867,1,0,0,1,0,-0.9116126239195579,-0.41105039096259083,8.73214326770192,4.485956619779399,0.6677141406034005,"POLYGON ((769693.4 2384535, 769692.7 2384509, 769690.6 2384482, 769687.2 2384456, 769682.4 2384431, 769676.3 2384405, 769668.9 2384380, 769660.2 2384355, 769650.1 2384331, 769638.9 2384308, 769626.4 2384285, 769612.7 2384262, 769597.9 2384241, 769581.9 2384220, 769564.9 2384200, 769546.9 2384181, 769527.9 2384163, 769508 2384146, 769487.3 2384130, 769465.7 2384115, 769443.4 2384102, 769420.4 2384089, 769396.7 2384078, 769372.6 2384068, 769347.9 2384059, 769322.8 2384052, 769297.3 2384046, 769271.6 2384041, 769245.6 2384037, 769219.5 2384035, 769193.4 2384035, 769167.2 2384035, 769141.1 2384037, 769115.2 2384041, 769089.4 2384046, 769064 2384052, 769038.9 2384059, 769014.2 2384068, 768990 2384078, 768966.4 2384089, 768943.4 2384102, 768921.1 2384115, 768899.5 2384130, 768878.7 2384146, 768858.8 2384163, 768839.8 2384181, 768821.8 2384200, 768804.8 2384220, 768788.9 2384241, 768774 2384262, 768760.4 2384285, 768747.9 2384308, 768736.6 2384331, 768726.6 2384355, 768717.8 2384380, 768710.4 2384405, 768704.3 2384431, 768699.5 2384456, 768696.1 2384482, 768694.1 2384509, 768693.4 2384535, 768694.1 2384561, 768696.1 2384587, 768699.5 2384613, 768704.3 2384639, 768710.4 2384664, 768717.8 2384689, 768726.6 2384714, 768736.6 2384738, 768747.9 2384762, 768760.4 2384785, 768774 2384807, 768788.9 2384829, 768804.8 2384849, 768821.8 2384869, 768839.8 2384888, 768858.8 2384906, 768878.7 2384923, 768899.5 2384939, 768921.1 2384954, 768943.4 2384968, 768966.4 2384980, 768990 2384991, 769014.2 2385001, 769038.9 2385010, 769064 2385018, 769089.4 2385024, 769115.2 2385029, 769141.1 2385032, 769167.2 2385034, 769193.4 2385035, 769219.5 2385034, 769245.6 2385032, 769271.6 2385029, 769297.3 2385024, 769322.8 2385018, 769347.9 2385010, 769372.6 2385001, 769396.7 2384991, 769420.4 2384980, 769443.4 2384968, 769465.7 2384954, 769487.3 2384939, 769508 2384923, 769527.9 2384906, 769546.9 2384888, 769564.9 2384869, 769581.9 2384849, 769597.9 2384829, 769612.7 2384807, 769626.4 2384785, 769638.9 2384762, 769650.1 2384738, 769660.2 2384714, 769668.9 2384689, 769676.3 2384664, 769682.4 2384639, 769687.2 2384613, 769690.6 2384587, 769692.7 2384561, 769693.4 2384535))"
32,20260541,Forest,4604,4.552080596935946,1.627922077922078,1,Dai,土葬,有,1,0,0,166,818.7852412452561,758.4429859351033,679.52728271484375,3.9243993759155273,301.57755390439314,3609.088611602783,0,0.5632698687653739,1,48,0,0,3609.088611602783,1,1,0,0.5236521946969555,-0.8519321445919633,8.434680769841773,1.515584402496797,0.4873044027506186,"POLYGON ((769903.1 2380681, 769902.4 2380655, 769900.3 2380629, 769896.9 2380603, 769892.1 2380577, 769886 2380552, 769878.6 2380527, 769869.8 2380502, 769859.8 2380478, 769848.6 2380454, 769836.1 2380431, 769822.4 2380409, 769807.6 2380387, 769791.6 2380366, 769774.6 2380347, 769756.6 2380328, 769737.6 2380310, 769717.7 2380293, 769696.9 2380277, 769675.4 2380262, 769653.1 2380248, 769630.1 2380236, 769606.4 2380224, 769582.2 2380214, 769557.6 2380206, 769532.5 2380198, 769507 2380192, 769481.3 2380187, 769455.3 2380184, 769429.2 2380182, 769403.1 2380181, 769376.9 2380182, 769350.8 2380184, 769324.8 2380187, 769299.1 2380192, 769273.6 2380198, 769248.5 2380206, 769223.9 2380214, 769199.7 2380224, 769176.1 2380236, 769153.1 2380248, 769130.7 2380262, 769109.2 2380277, 769088.4 2380293, 769068.5 2380310, 769049.5 2380328, 769031.5 2380347, 769014.5 2380366, 768998.5 2380387, 768983.7 2380409, 768970 2380431, 768957.6 2380454, 768946.3 2380478, 768936.3 2380502, 768927.5 2380527, 768920.1 2380552, 768914 2380577, 768909.2 2380603, 768905.8 2380629, 768903.7 2380655, 768903.1 2380681, 768903.7 2380707, 768905.8 2380733, 768909.2 2380759, 768914 2380785, 768920.1 2380811, 768927.5 2380836, 768936.3 2380860, 768946.3 2380884, 768957.6 2380908, 768970 2380931, 768983.7 2380953, 768998.5 2380975, 769014.5 2380996, 769031.5 2381016, 769049.5 2381035, 769068.5 2381053, 769088.4 2381070, 769109.2 2381086, 769130.7 2381100, 769153.1 2381114, 769176.1 2381127, 769199.7 2381138, 769223.9 2381148, 769248.5 2381157, 769273.6 2381164, 769299.1 2381170, 769324.8 2381175, 769350.8 2381178, 769376.9 2381180, 769403.1 2381181, 769429.2 2381180, 769455.3 2381178, 769481.3 2381175, 769507 2381170, 769532.5 2381164, 769557.6 2381157, 769582.2 2381148, 769606.4 2381138, 769630.1 2381127, 769653.1 2381114, 769675.4 2381100, 769696.9 2381086, 769717.7 2381070, 769737.6 2381053, 769756.6 2381035, 769774.6 2381016, 769791.6 2380996, 769807.6 2380975, 769822.4 2380953, 769836.1 2380931, 769848.6 2380908, 769859.8 2380884, 769869.8 2380860, 769878.6 2380836, 769886 2380811, 769892.1 2380785, 769896.9 2380759, 769900.3 2380733, 769902.4 2380707, 769903.1 2380681))"
32,20260541,Forest,6199,88.76182152611432,1.9497753106000528,1,Dai,土葬,有,1,0,0,174,882.8293187115331,1115.03243079733,643.5526123046875,1.8192187547683716,220.12904623215192,7200,111350.41122436523,0.5847208574992656,1,49,7200,1,0,0,1,0,-0.7645947626285328,-0.644511325704225,8.73214326770192,4.485956619779399,0.6677141406034005,"POLYGON ((769462.4 2383729, 769461.7 2383703, 769459.6 2383677, 769456.2 2383651, 769451.5 2383625, 769445.3 2383599, 769437.9 2383574, 769429.2 2383550, 769419.2 2383525, 769407.9 2383502, 769395.4 2383479, 769381.7 2383456, 769366.9 2383435, 769351 2383414, 769334 2383394, 769315.9 2383375, 769297 2383357, 769277 2383340, 769256.3 2383324, 769234.7 2383309, 769212.4 2383296, 769189.4 2383283, 769165.8 2383272, 769141.6 2383262, 769116.9 2383253, 769091.8 2383246, 769066.3 2383240, 769040.6 2383235, 769014.7 2383232, 768988.6 2383229, 768962.4 2383229, 768936.2 2383229, 768910.1 2383232, 768884.2 2383235, 768858.4 2383240, 768833 2383246, 768807.9 2383253, 768783.2 2383262, 768759 2383272, 768735.4 2383283, 768712.4 2383296, 768690.1 2383309, 768668.5 2383324, 768647.7 2383340, 768627.8 2383357, 768608.8 2383375, 768590.8 2383394, 768573.8 2383414, 768557.9 2383435, 768543.1 2383456, 768529.4 2383479, 768516.9 2383502, 768505.6 2383525, 768495.6 2383550, 768486.9 2383574, 768479.4 2383599, 768473.3 2383625, 768468.5 2383651, 768465.1 2383677, 768463.1 2383703, 768462.4 2383729, 768463.1 2383755, 768465.1 2383781, 768468.5 2383807, 768473.3 2383833, 768479.4 2383858, 768486.9 2383883, 768495.6 2383908, 768505.6 2383932, 768516.9 2383956, 768529.4 2383979, 768543.1 2384001, 768557.9 2384023, 768573.8 2384043, 768590.8 2384063, 768608.8 2384082, 768627.8 2384100, 768647.7 2384117, 768668.5 2384133, 768690.1 2384148, 768712.4 2384162, 768735.4 2384174, 768759 2384186, 768783.2 2384196, 768807.9 2384204, 768833 2384212, 768858.4 2384218, 768884.2 2384223, 768910.1 2384226, 768936.2 2384228, 768962.4 2384229, 768988.6 2384228, 769014.7 2384226, 769040.6 2384223, 769066.3 2384218, 769091.8 2384212, 769116.9 2384204, 769141.6 2384196, 769165.8 2384186, 769189.4 2384174, 769212.4 2384162, 769234.7 2384148, 769256.3 2384133, 769277 2384117, 769297 2384100, 769315.9 2384082, 769334 2384063, 769351 2384043, 769366.9 2384023, 769381.7 2384001, 769395.4 2383979, 769407.9 2383956, 769419.2 2383932, 769429.2 2383908, 769437.9 2383883, 769445.3 2383858, 769451.5 2383833, 769456.2 2383807, 769459.6 2383781, 769461.7 2383755, 769462.4 2383729))"
32,20260541,Forest,6199,88.76182152611432,1.9497753106000528,1,Dai,土葬,无,1,0,0,177,457.74828553262984,1840.683215894791,651.09735107421875,2.9056670665740967,240.5427237011012,12698.959350585938,31773.655700683594,0.33094181251089416,1,50,12698.959350585938,1,0,0,1,0,-0.49177442578278485,-0.8707226390453002,8.73214326770192,4.485956619779399,0.6677141406034005,"POLYGON ((768851.2 2385172, 768850.5 2385146, 768848.4 2385120, 768845 2385094, 768840.2 2385068, 768834.1 2385043, 768826.7 2385018, 768818 2384993, 768807.9 2384969, 768796.7 2384945, 768784.2 2384922, 768770.5 2384900, 768755.7 2384879, 768739.7 2384858, 768722.7 2384838, 768704.7 2384819, 768685.7 2384801, 768665.8 2384784, 768645.1 2384768, 768623.5 2384753, 768601.2 2384739, 768578.2 2384727, 768554.5 2384716, 768530.4 2384706, 768505.7 2384697, 768480.6 2384689, 768455.1 2384683, 768429.4 2384679, 768403.4 2384675, 768377.3 2384673, 768351.2 2384672, 768325 2384673, 768298.9 2384675, 768272.9 2384679, 768247.2 2384683, 768221.8 2384689, 768196.7 2384697, 768172 2384706, 768147.8 2384716, 768124.2 2384727, 768101.2 2384739, 768078.8 2384753, 768057.3 2384768, 768036.5 2384784, 768016.6 2384801, 767997.6 2384819, 767979.6 2384838, 767962.6 2384858, 767946.7 2384879, 767931.8 2384900, 767918.2 2384922, 767905.7 2384945, 767894.4 2384969, 767884.4 2384993, 767875.6 2385018, 767868.2 2385043, 767862.1 2385068, 767857.3 2385094, 767853.9 2385120, 767851.9 2385146, 767851.2 2385172, 767851.9 2385199, 767853.9 2385225, 767857.3 2385251, 767862.1 2385276, 767868.2 2385302, 767875.6 2385327, 767884.4 2385352, 767894.4 2385376, 767905.7 2385399, 767918.2 2385422, 767931.8 2385445, 767946.7 2385466, 767962.6 2385487, 767979.6 2385507, 767997.6 2385526, 768016.6 2385544, 768036.5 2385561, 768057.3 2385577, 768078.8 2385592, 768101.2 2385605, 768124.2 2385618, 768147.8 2385629, 768172 2385639, 768196.7 2385648, 768221.8 2385655, 768247.2 2385662, 768272.9 2385666, 768298.9 2385670, 768325 2385672, 768351.2 2385672, 768377.3 2385672, 768403.4 2385670, 768429.4 2385666, 768455.1 2385662, 768480.6 2385655, 768505.7 2385648, 768530.4 2385639, 768554.5 2385629, 768578.2 2385618, 768601.2 2385605, 768623.5 2385592, 768645.1 2385577, 768665.8 2385561, 768685.7 2385544, 768704.7 2385526, 768722.7 2385507, 768739.7 2385487, 768755.7 2385466, 768770.5 2385445, 768784.2 2385422, 768796.7 2385399, 768807.9 2385376, 768818 2385352, 768826.7 2385327, 768834.1 2385302, 768840.2 2385276, 768845 2385251, 768848.4 2385225, 768850.5 2385199, 768851.2 2385172))"
32,20260541,Forest,4016,17.382211004373175,1.8414195867026055,1,Dai,土葬,有,1,0,0,194,160.58106544039845,2324.588716577777,631.45684814453125,10.328139305114746,215.2902513667261,212153.64532470703,230852.47192382812,0.0595365220429976,1,51,129906.80694580078,0.612324180180712,6665.733575820923,0.031419368569504585,1,0,-0.8162358982841208,-0.577718753678911,8.298041661371565,2.8554473271875427,0.6105367886688474,"POLYGON ((737484.7 2399297, 737484 2399271, 737481.9 2399245, 737478.5 2399219, 737473.8 2399193, 737467.7 2399168, 737460.2 2399143, 737451.5 2399118, 737441.5 2399094, 737430.2 2399070, 737417.7 2399047, 737404 2399025, 737389.2 2399003, 737373.3 2398982, 737356.3 2398962, 737338.2 2398943, 737319.3 2398925, 737299.3 2398908, 737278.6 2398893, 737257 2398878, 737234.7 2398864, 737211.7 2398852, 737188.1 2398840, 737163.9 2398830, 737139.2 2398821, 737114.1 2398814, 737088.6 2398808, 737062.9 2398803, 737037 2398800, 737010.9 2398798, 736984.7 2398797, 736958.5 2398798, 736932.4 2398800, 736906.5 2398803, 736880.7 2398808, 736855.3 2398814, 736830.2 2398821, 736805.5 2398830, 736781.3 2398840, 736757.7 2398852, 736734.7 2398864, 736712.4 2398878, 736690.8 2398893, 736670 2398908, 736650.1 2398925, 736631.1 2398943, 736613.1 2398962, 736596.1 2398982, 736580.2 2399003, 736565.4 2399025, 736551.7 2399047, 736539.2 2399070, 736527.9 2399094, 736517.9 2399118, 736509.2 2399143, 736501.7 2399168, 736495.6 2399193, 736490.8 2399219, 736487.4 2399245, 736485.4 2399271, 736484.7 2399297, 736485.4 2399323, 736487.4 2399349, 736490.8 2399375, 736495.6 2399401, 736501.7 2399426, 736509.2 2399452, 736517.9 2399476, 736527.9 2399500, 736539.2 2399524, 736551.7 2399547, 736565.4 2399569, 736580.2 2399591, 736596.1 2399612, 736613.1 2399632, 736631.1 2399651, 736650.1 2399669, 736670 2399686, 736690.8 2399702, 736712.4 2399716, 736734.7 2399730, 736757.7 2399743, 736781.3 2399754, 736805.5 2399764, 736830.2 2399773, 736855.3 2399780, 736880.7 2399786, 736906.5 2399791, 736932.4 2399794, 736958.5 2399796, 736984.7 2399797, 737010.9 2399796, 737037 2399794, 737062.9 2399791, 737088.6 2399786, 737114.1 2399780, 737139.2 2399773, 737163.9 2399764, 737188.1 2399754, 737211.7 2399743, 737234.7 2399730, 737257 2399716, 737278.6 2399702, 737299.3 2399686, 737319.3 2399669, 737338.2 2399651, 737356.3 2399632, 737373.3 2399612, 737389.2 2399591, 737404 2399569, 737417.7 2399547, 737430.2 2399524, 737441.5 2399500, 737451.5 2399476, 737460.2 2399452, 737467.7 2399426, 737473.8 2399401, 737478.5 2399375, 737481.9 2399349, 737484 2399323, 737484.7 2399297))"
32,20260541,Forest,4016,17.382211004373175,1.8414195867026055,1,Dai,土葬,有,1,0,0,195,56.35253114979233,2282.4477199236167,630.28753662109375,7.121172904968262,215.71847192463272,175599.76959228516,143524.86877441406,0.15190598722039186,1,52,166810.7208251953,0.9499484037621654,1720.2444076538086,0.009796393307621892,1,0,-0.8118953533950738,-0.5838029934279956,8.298041661371565,2.8554473271875427,0.6105367886688474,"POLYGON ((737675.7 2399558, 737675 2399532, 737672.9 2399506, 737669.5 2399480, 737664.8 2399454, 737658.7 2399429, 737651.2 2399404, 737642.5 2399379, 737632.5 2399355, 737621.2 2399331, 737608.7 2399308, 737595 2399286, 737580.2 2399264, 737564.3 2399243, 737547.3 2399224, 737529.2 2399205, 737510.3 2399187, 737490.3 2399170, 737469.6 2399154, 737448 2399139, 737425.7 2399125, 737402.7 2399113, 737379.1 2399101, 737354.9 2399091, 737330.2 2399083, 737305.1 2399075, 737279.6 2399069, 737253.9 2399064, 737228 2399061, 737201.9 2399059, 737175.7 2399058, 737149.5 2399059, 737123.4 2399061, 737097.5 2399064, 737071.7 2399069, 737046.3 2399075, 737021.2 2399083, 736996.5 2399091, 736972.3 2399101, 736948.7 2399113, 736925.7 2399125, 736903.4 2399139, 736881.8 2399154, 736861 2399170, 736841.1 2399187, 736822.1 2399205, 736804.1 2399224, 736787.1 2399243, 736771.2 2399264, 736756.4 2399286, 736742.7 2399308, 736730.2 2399331, 736718.9 2399355, 736708.9 2399379, 736700.2 2399404, 736692.7 2399429, 736686.6 2399454, 736681.8 2399480, 736678.4 2399506, 736676.4 2399532, 736675.7 2399558, 736676.4 2399584, 736678.4 2399610, 736681.8 2399636, 736686.6 2399662, 736692.7 2399688, 736700.2 2399713, 736708.9 2399737, 736718.9 2399762, 736730.2 2399785, 736742.7 2399808, 736756.4 2399830, 736771.2 2399852, 736787.1 2399873, 736804.1 2399893, 736822.1 2399912, 736841.1 2399930, 736861 2399947, 736881.8 2399963, 736903.4 2399977, 736925.7 2399991, 736948.7 2400004, 736972.3 2400015, 736996.5 2400025, 737021.2 2400034, 737046.3 2400041, 737071.7 2400047, 737097.5 2400052, 737123.4 2400055, 737149.5 2400057, 737175.7 2400058, 737201.9 2400057, 737228 2400055, 737253.9 2400052, 737279.6 2400047, 737305.1 2400041, 737330.2 2400034, 737354.9 2400025, 737379.1 2400015, 737402.7 2400004, 737425.7 2399991, 737448 2399977, 737469.6 2399963, 737490.3 2399947, 737510.3 2399930, 737529.2 2399912, 737547.3 2399893, 737564.3 2399873, 737580.2 2399852, 737595 2399830, 737608.7 2399808, 737621.2 2399785, 737632.5 2399762, 737642.5 2399737, 737651.2 2399713, 737658.7 2399688, 737664.8 2399662, 737669.5 2399636, 737672.9 2399610, 737675 2399584, 737675.7 2399558))"
32,20260541,Forest,3811,10.661592163113635,1.3790983606557377,1,Dai,土葬,有,1,0,0,202,38.929999854224924,416.0643893573023,444.84454345703125,27.798574447631836,90,183382.7178955078,900,0.13374197999064125,1,53,56073.906326293945,0.30577530407333736,0,0,1,0,6.123233995736766e-17,1,8.24564690087386,2.366647766225861,0.3214299237915806,"POLYGON ((720354 2400251, 720353.3 2400225, 720351.2 2400199, 720347.8 2400173, 720343.1 2400147, 720336.9 2400121, 720329.5 2400096, 720320.8 2400072, 720310.7 2400047, 720299.5 2400024, 720287 2400001, 720273.3 2399978, 720258.5 2399957, 720242.5 2399936, 720225.5 2399916, 720207.5 2399897, 720188.5 2399879, 720168.6 2399862, 720147.9 2399846, 720126.3 2399831, 720104 2399818, 720081 2399805, 720057.3 2399794, 720033.2 2399784, 720008.5 2399775, 719983.4 2399768, 719957.9 2399762, 719932.2 2399757, 719906.2 2399754, 719880.1 2399751, 719854 2399751, 719827.8 2399751, 719801.7 2399754, 719775.8 2399757, 719750 2399762, 719724.6 2399768, 719699.5 2399775, 719674.8 2399784, 719650.6 2399794, 719627 2399805, 719604 2399818, 719581.7 2399831, 719560.1 2399846, 719539.3 2399862, 719519.4 2399879, 719500.4 2399897, 719482.4 2399916, 719465.4 2399936, 719449.5 2399957, 719434.6 2399978, 719421 2400001, 719408.5 2400024, 719397.2 2400047, 719387.2 2400072, 719378.4 2400096, 719371 2400121, 719364.9 2400147, 719360.1 2400173, 719356.7 2400199, 719354.7 2400225, 719354 2400251, 719354.7 2400277, 719356.7 2400303, 719360.1 2400329, 719364.9 2400355, 719371 2400380, 719378.4 2400405, 719387.2 2400430, 719397.2 2400454, 719408.5 2400478, 719421 2400501, 719434.6 2400523, 719449.5 2400545, 719465.4 2400565, 719482.4 2400585, 719500.4 2400604, 719519.4 2400622, 719539.3 2400639, 719560.1 2400655, 719581.7 2400670, 719604 2400684, 719627 2400696, 719650.6 2400708, 719674.8 2400718, 719699.5 2400726, 719724.6 2400734, 719750 2400740, 719775.8 2400745, 719801.7 2400748, 719827.8 2400750, 719854 2400751, 719880.1 2400750, 719906.2 2400748, 719932.2 2400745, 719957.9 2400740, 719983.4 2400734, 720008.5 2400726, 720033.2 2400718, 720057.3 2400708, 720081 2400696, 720104 2400684, 720126.3 2400670, 720147.9 2400655, 720168.6 2400639, 720188.5 2400622, 720207.5 2400604, 720225.5 2400585, 720242.5 2400565, 720258.5 2400545, 720273.3 2400523, 720287 2400501, 720299.5 2400478, 720310.7 2400454, 720320.8 2400430, 720329.5 2400405, 720336.9 2400380, 720343.1 2400355, 720347.8 2400329, 720351.2 2400303, 720353.3 2400277, 720354 2400251))"
32,20260541,Forest,3811,10.661592163113635,1.3790983606557377,1,Dai,土葬,有,1,0,0,205,27.65794071181076,327.6028257951622,447.0551452636719,26.87339210510254,90,241861.5692138672,900,0.18900022123555746,1,54,89650.16098022461,0.37066724271912355,0,0,1,0,6.123233995736766e-17,1,8.24564690087386,2.366647766225861,0.3214299237915806,"POLYGON ((720269.8 2400291, 720269.1 2400265, 720267 2400239, 720263.6 2400213, 720258.8 2400187, 720252.7 2400162, 720245.3 2400136, 720236.5 2400112, 720226.5 2400088, 720215.3 2400064, 720202.8 2400041, 720189.1 2400019, 720174.3 2399997, 720158.3 2399976, 720141.3 2399956, 720123.3 2399937, 720104.3 2399919, 720084.4 2399902, 720063.6 2399886, 720042.1 2399872, 720019.8 2399858, 719996.7 2399845, 719973.1 2399834, 719948.9 2399824, 719924.3 2399815, 719899.2 2399808, 719873.7 2399802, 719848 2399797, 719822 2399794, 719795.9 2399792, 719769.8 2399791, 719743.6 2399792, 719717.5 2399794, 719691.5 2399797, 719665.8 2399802, 719640.3 2399808, 719615.2 2399815, 719590.6 2399824, 719566.4 2399834, 719542.8 2399845, 719519.8 2399858, 719497.4 2399872, 719475.9 2399886, 719455.1 2399902, 719435.2 2399919, 719416.2 2399937, 719398.2 2399956, 719381.2 2399976, 719365.2 2399997, 719350.4 2400019, 719336.7 2400041, 719324.2 2400064, 719313 2400088, 719303 2400112, 719294.2 2400136, 719286.8 2400162, 719280.7 2400187, 719275.9 2400213, 719272.5 2400239, 719270.4 2400265, 719269.8 2400291, 719270.4 2400317, 719272.5 2400343, 719275.9 2400369, 719280.7 2400395, 719286.8 2400420, 719294.2 2400445, 719303 2400470, 719313 2400494, 719324.2 2400518, 719336.7 2400541, 719350.4 2400563, 719365.2 2400585, 719381.2 2400606, 719398.2 2400626, 719416.2 2400645, 719435.2 2400663, 719455.1 2400680, 719475.9 2400695, 719497.4 2400710, 719519.8 2400724, 719542.8 2400736, 719566.4 2400748, 719590.6 2400758, 719615.2 2400766, 719640.3 2400774, 719665.8 2400780, 719691.5 2400785, 719717.5 2400788, 719743.6 2400790, 719769.8 2400791, 719795.9 2400790, 719822 2400788, 719848 2400785, 719873.7 2400780, 719899.2 2400774, 719924.3 2400766, 719948.9 2400758, 719973.1 2400748, 719996.7 2400736, 720019.8 2400724, 720042.1 2400710, 720063.6 2400695, 720084.4 2400680, 720104.3 2400663, 720123.3 2400645, 720141.3 2400626, 720158.3 2400606, 720174.3 2400585, 720189.1 2400563, 720202.8 2400541, 720215.3 2400518, 720226.5 2400494, 720236.5 2400470, 720245.3 2400445, 720252.7 2400420, 720258.8 2400395, 720263.6 2400369, 720267 2400343, 720269.1 2400317, 720269.8 2400291))"
32,20260541,Forest,6054,20.96777302958274,0.8063792673810117,1,Dai,土葬,有,1,0,0,220,801.0331366094315,898.9614234683821,647.72833251953125,5.447965621948242,275.2577409108229,45149.098205566406,156198.3123779297,0.4986963814930179,1,57,6344.738388061523,0.14052857399661825,3546.8748807907104,0.07855915227014254,1,0,0.09163615543619467,-0.9957925562168426,8.708474489581665,3.0429866413527678,-0.21520109208853438,"POLYGON ((767246.1 2375287, 767245.4 2375260, 767243.4 2375234, 767239.9 2375208, 767235.2 2375183, 767229.1 2375157, 767221.6 2375132, 767212.9 2375107, 767202.9 2375083, 767191.6 2375060, 767179.1 2375037, 767165.4 2375014, 767150.6 2374993, 767134.7 2374972, 767117.7 2374952, 767099.6 2374933, 767080.7 2374915, 767060.8 2374898, 767040 2374882, 767018.4 2374867, 766996.1 2374854, 766973.1 2374841, 766949.5 2374830, 766925.3 2374820, 766900.6 2374811, 766875.5 2374804, 766850 2374798, 766824.3 2374793, 766798.4 2374789, 766772.3 2374787, 766746.1 2374787, 766719.9 2374787, 766693.8 2374789, 766667.9 2374793, 766642.1 2374798, 766616.7 2374804, 766591.6 2374811, 766566.9 2374820, 766542.7 2374830, 766519.1 2374841, 766496.1 2374854, 766473.8 2374867, 766452.2 2374882, 766431.4 2374898, 766411.5 2374915, 766392.5 2374933, 766374.5 2374952, 766357.5 2374972, 766341.6 2374993, 766326.8 2375014, 766313.1 2375037, 766300.6 2375060, 766289.3 2375083, 766279.3 2375107, 766270.6 2375132, 766263.1 2375157, 766257 2375183, 766252.2 2375208, 766248.8 2375234, 766246.8 2375260, 766246.1 2375287, 766246.8 2375313, 766248.8 2375339, 766252.2 2375365, 766257 2375391, 766263.1 2375416, 766270.6 2375441, 766279.3 2375466, 766289.3 2375490, 766300.6 2375514, 766313.1 2375537, 766326.8 2375559, 766341.6 2375581, 766357.5 2375601, 766374.5 2375621, 766392.5 2375640, 766411.5 2375658, 766431.4 2375675, 766452.2 2375691, 766473.8 2375706, 766496.1 2375720, 766519.1 2375732, 766542.7 2375743, 766566.9 2375753, 766591.6 2375762, 766616.7 2375770, 766642.1 2375776, 766667.9 2375780, 766693.8 2375784, 766719.9 2375786, 766746.1 2375787, 766772.3 2375786, 766798.4 2375784, 766824.3 2375780, 766850 2375776, 766875.5 2375770, 766900.6 2375762, 766925.3 2375753, 766949.5 2375743, 766973.1 2375732, 766996.1 2375720, 767018.4 2375706, 767040 2375691, 767060.8 2375675, 767080.7 2375658, 767099.6 2375640, 767117.7 2375621, 767134.7 2375601, 767150.6 2375581, 767165.4 2375559, 767179.1 2375537, 767191.6 2375514, 767202.9 2375490, 767212.9 2375466, 767221.6 2375441, 767229.1 2375416, 767235.2 2375391, 767239.9 2375365, 767243.4 2375339, 767245.4 2375313, 767246.1 2375287))"
32,20260541,Forest,6054,20.96777302958274,0.8063792673810117,1,Dai,土葬,有,1,0,0,221,716.3022888337734,824.9384005143821,635.95721435546875,3.3185629844665527,132.07678910453745,74601.98135375977,115387.48168945312,0.6363159036303203,1,58,21600,0.28953654592059186,24220.110511779785,0.3246577379349878,1,0,-0.6701259846829701,0.7422473742982724,8.708474489581665,3.0429866413527678,-0.21520109208853438,"POLYGON ((767143.9 2375625, 767143.2 2375599, 767141.1 2375573, 767137.7 2375547, 767132.9 2375521, 767126.8 2375496, 767119.4 2375471, 767110.7 2375446, 767100.6 2375422, 767089.4 2375398, 767076.9 2375375, 767063.2 2375353, 767048.4 2375332, 767032.4 2375311, 767015.4 2375291, 766997.4 2375272, 766978.4 2375254, 766958.5 2375237, 766937.8 2375221, 766916.2 2375206, 766893.9 2375192, 766870.9 2375180, 766847.2 2375169, 766823.1 2375159, 766798.4 2375150, 766773.3 2375142, 766747.8 2375136, 766722.1 2375132, 766696.1 2375128, 766670 2375126, 766643.9 2375125, 766617.7 2375126, 766591.6 2375128, 766565.7 2375132, 766539.9 2375136, 766514.5 2375142, 766489.4 2375150, 766464.7 2375159, 766440.5 2375169, 766416.9 2375180, 766393.9 2375192, 766371.6 2375206, 766350 2375221, 766329.2 2375237, 766309.3 2375254, 766290.3 2375272, 766272.3 2375291, 766255.3 2375311, 766239.4 2375332, 766224.5 2375353, 766210.9 2375375, 766198.4 2375398, 766187.1 2375422, 766177.1 2375446, 766168.3 2375471, 766160.9 2375496, 766154.8 2375521, 766150 2375547, 766146.6 2375573, 766144.6 2375599, 766143.9 2375625, 766144.6 2375652, 766146.6 2375678, 766150 2375704, 766154.8 2375729, 766160.9 2375755, 766168.3 2375780, 766177.1 2375805, 766187.1 2375829, 766198.4 2375852, 766210.9 2375875, 766224.5 2375898, 766239.4 2375919, 766255.3 2375940, 766272.3 2375960, 766290.3 2375979, 766309.3 2375997, 766329.2 2376014, 766350 2376030, 766371.6 2376045, 766393.9 2376058, 766416.9 2376071, 766440.5 2376082, 766464.7 2376092, 766489.4 2376101, 766514.5 2376108, 766539.9 2376114, 766565.7 2376119, 766591.6 2376123, 766617.7 2376125, 766643.9 2376125, 766670 2376125, 766696.1 2376123, 766722.1 2376119, 766747.8 2376114, 766773.3 2376108, 766798.4 2376101, 766823.1 2376092, 766847.2 2376082, 766870.9 2376071, 766893.9 2376058, 766916.2 2376045, 766937.8 2376030, 766958.5 2376014, 766978.4 2375997, 766997.4 2375979, 767015.4 2375960, 767032.4 2375940, 767048.4 2375919, 767063.2 2375898, 767076.9 2375875, 767089.4 2375852, 767100.6 2375829, 767110.7 2375805, 767119.4 2375780, 767126.8 2375755, 767132.9 2375729, 767137.7 2375704, 767141.1 2375678, 767143.2 2375652, 767143.9 2375625))"
32,20260541,Forest,6054,20.96777302958274,0.8063792673810117,1,Dai,土葬,有,1,0,0,222,246.06332363151856,338.00069638760544,675.173828125,8.17698860168457,32.792277853645864,239630.0262451172,66114.404296875,0.6960940264722806,1,59,21468.71852874756,0.0895911036907672,18900,0.07887158506867256,1,0,0.8406396056031173,0.5415949164194909,8.708474489581665,3.0429866413527678,-0.21520109208853438,"POLYGON ((767765 2375573, 767764.3 2375547, 767762.2 2375521, 767758.8 2375495, 767754 2375470, 767747.9 2375444, 767740.5 2375419, 767731.8 2375394, 767721.7 2375370, 767710.5 2375346, 767698 2375323, 767684.3 2375301, 767669.5 2375280, 767653.5 2375259, 767636.5 2375239, 767618.5 2375220, 767599.5 2375202, 767579.6 2375185, 767558.9 2375169, 767537.3 2375154, 767515 2375140, 767492 2375128, 767468.3 2375117, 767444.2 2375107, 767419.5 2375098, 767394.4 2375090, 767368.9 2375084, 767343.2 2375080, 767317.2 2375076, 767291.1 2375074, 767265 2375073, 767238.8 2375074, 767212.7 2375076, 767186.7 2375080, 767161 2375084, 767135.6 2375090, 767110.5 2375098, 767085.8 2375107, 767061.6 2375117, 767038 2375128, 767015 2375140, 766992.6 2375154, 766971.1 2375169, 766950.3 2375185, 766930.4 2375202, 766911.4 2375220, 766893.4 2375239, 766876.4 2375259, 766860.5 2375280, 766845.6 2375301, 766832 2375323, 766819.5 2375346, 766808.2 2375370, 766798.2 2375394, 766789.4 2375419, 766782 2375444, 766775.9 2375470, 766771.1 2375495, 766767.7 2375521, 766765.7 2375547, 766765 2375573, 766765.7 2375600, 766767.7 2375626, 766771.1 2375652, 766775.9 2375677, 766782 2375703, 766789.4 2375728, 766798.2 2375753, 766808.2 2375777, 766819.5 2375800, 766832 2375823, 766845.6 2375846, 766860.5 2375867, 766876.4 2375888, 766893.4 2375908, 766911.4 2375927, 766930.4 2375945, 766950.3 2375962, 766971.1 2375978, 766992.6 2375993, 767015 2376006, 767038 2376019, 767061.6 2376030, 767085.8 2376040, 767110.5 2376049, 767135.6 2376056, 767161 2376063, 767186.7 2376067, 767212.7 2376071, 767238.8 2376073, 767265 2376073, 767291.1 2376073, 767317.2 2376071, 767343.2 2376067, 767368.9 2376063, 767394.4 2376056, 767419.5 2376049, 767444.2 2376040, 767468.3 2376030, 767492 2376019, 767515 2376006, 767537.3 2375993, 767558.9 2375978, 767579.6 2375962, 767599.5 2375945, 767618.5 2375927, 767636.5 2375908, 767653.5 2375888, 767669.5 2375867, 767684.3 2375846, 767698 2375823, 767710.5 2375800, 767721.7 2375777, 767731.8 2375753, 767740.5 2375728, 767747.9 2375703, 767754 2375677, 767758.8 2375652, 767762.2 2375626, 767764.3 2375600, 767765 2375573))"
32,20260541,Forest,6132,233.80223404901614,1.5049730036942313,1,Dai,土葬,有,1,0,0,223,964.0537190217418,1017.4423371387262,667.3026123046875,8.417494773864746,308.5195241432233,100800,12918.188095092773,0.16970543724606674,1,60,13500,0.13392857142857142,0,0,1,0,0.6227812825016449,-0.7823959829687308,8.721276239991704,5.454475604377329,0.40877496029525895,"POLYGON ((768423.4 2376913, 768422.7 2376887, 768420.6 2376861, 768417.2 2376835, 768412.5 2376809, 768406.3 2376783, 768398.9 2376758, 768390.2 2376734, 768380.2 2376709, 768368.9 2376686, 768356.4 2376663, 768342.7 2376641, 768327.9 2376619, 768312 2376598, 768295 2376578, 768276.9 2376559, 768258 2376541, 768238 2376524, 768217.3 2376508, 768195.7 2376494, 768173.4 2376480, 768150.4 2376467, 768126.8 2376456, 768102.6 2376446, 768077.9 2376437, 768052.8 2376430, 768027.3 2376424, 768001.6 2376419, 767975.6 2376416, 767949.6 2376414, 767923.4 2376413, 767897.2 2376414, 767871.1 2376416, 767845.2 2376419, 767819.4 2376424, 767794 2376430, 767768.9 2376437, 767744.2 2376446, 767720 2376456, 767696.4 2376467, 767673.4 2376480, 767651.1 2376494, 767629.5 2376508, 767608.7 2376524, 767588.8 2376541, 767569.8 2376559, 767551.8 2376578, 767534.8 2376598, 767518.9 2376619, 767504 2376641, 767490.4 2376663, 767477.9 2376686, 767466.6 2376709, 767456.6 2376734, 767447.9 2376758, 767440.4 2376783, 767434.3 2376809, 767429.5 2376835, 767426.1 2376861, 767424.1 2376887, 767423.4 2376913, 767424.1 2376939, 767426.1 2376965, 767429.5 2376991, 767434.3 2377017, 767440.4 2377042, 767447.9 2377067, 767456.6 2377092, 767466.6 2377116, 767477.9 2377140, 767490.4 2377163, 767504 2377185, 767518.9 2377207, 767534.8 2377228, 767551.8 2377247, 767569.8 2377266, 767588.8 2377284, 767608.7 2377301, 767629.5 2377317, 767651.1 2377332, 767673.4 2377346, 767696.4 2377358, 767720 2377370, 767744.2 2377380, 767768.9 2377388, 767794 2377396, 767819.4 2377402, 767845.2 2377407, 767871.1 2377410, 767897.2 2377412, 767923.4 2377413, 767949.6 2377412, 767975.6 2377410, 768001.6 2377407, 768027.3 2377402, 768052.8 2377396, 768077.9 2377388, 768102.6 2377380, 768126.8 2377370, 768150.4 2377358, 768173.4 2377346, 768195.7 2377332, 768217.3 2377317, 768238 2377301, 768258 2377284, 768276.9 2377266, 768295 2377247, 768312 2377228, 768327.9 2377207, 768342.7 2377185, 768356.4 2377163, 768368.9 2377140, 768380.2 2377116, 768390.2 2377092, 768398.9 2377067, 768406.3 2377042, 768412.5 2377017, 768417.2 2376991, 768420.6 2376965, 768422.7 2376939, 768423.4 2376913))"
32,20260541,Forest,6132,233.80223404901614,1.5049730036942313,1,Dai,土葬,有,1,0,0,225,666.35398839866,830.5069211736323,651.17303466796875,5.775603294372559,204.00805884855382,89185.36376953125,3717.2065258026123,0.5947711239689802,1,61,9173.739337921143,0.10286148926439882,0,0,1,0,-0.9134882396977723,-0.4068651323643565,8.721276239991704,5.454475604377329,0.40877496029525895,"POLYGON ((768161.4 2376762, 768160.7 2376735, 768158.7 2376709, 768155.3 2376683, 768150.5 2376658, 768144.4 2376632, 768137 2376607, 768128.2 2376582, 768118.2 2376558, 768106.9 2376535, 768094.4 2376512, 768080.8 2376489, 768065.9 2376468, 768050 2376447, 768033 2376427, 768015 2376408, 767996 2376390, 767976.1 2376373, 767955.3 2376357, 767933.8 2376342, 767911.4 2376329, 767888.4 2376316, 767864.8 2376305, 767840.6 2376295, 767815.9 2376286, 767790.8 2376279, 767765.4 2376273, 767739.7 2376268, 767713.7 2376264, 767687.6 2376262, 767661.4 2376262, 767635.3 2376262, 767609.2 2376264, 767583.2 2376268, 767557.5 2376273, 767532 2376279, 767506.9 2376286, 767482.3 2376295, 767458.1 2376305, 767434.4 2376316, 767411.4 2376329, 767389.1 2376342, 767367.5 2376357, 767346.8 2376373, 767326.9 2376390, 767307.9 2376408, 767289.9 2376427, 767272.9 2376447, 767256.9 2376468, 767242.1 2376489, 767228.4 2376512, 767215.9 2376535, 767204.7 2376558, 767194.6 2376582, 767185.9 2376607, 767178.5 2376632, 767172.4 2376658, 767167.6 2376683, 767164.2 2376709, 767162.1 2376735, 767161.4 2376762, 767162.1 2376788, 767164.2 2376814, 767167.6 2376840, 767172.4 2376866, 767178.5 2376891, 767185.9 2376916, 767194.6 2376941, 767204.7 2376965, 767215.9 2376989, 767228.4 2377012, 767242.1 2377034, 767256.9 2377056, 767272.9 2377076, 767289.9 2377096, 767307.9 2377115, 767326.9 2377133, 767346.8 2377150, 767367.5 2377166, 767389.1 2377181, 767411.4 2377195, 767434.4 2377207, 767458.1 2377218, 767482.3 2377228, 767506.9 2377237, 767532 2377245, 767557.5 2377251, 767583.2 2377255, 767609.2 2377259, 767635.3 2377261, 767661.4 2377262, 767687.6 2377261, 767713.7 2377259, 767739.7 2377255, 767765.4 2377251, 767790.8 2377245, 767815.9 2377237, 767840.6 2377228, 767864.8 2377218, 767888.4 2377207, 767911.4 2377195, 767933.8 2377181, 767955.3 2377166, 767976.1 2377150, 767996 2377133, 768015 2377115, 768033 2377096, 768050 2377076, 768065.9 2377056, 768080.8 2377034, 768094.4 2377012, 768106.9 2376989, 768118.2 2376965, 768128.2 2376941, 768137 2376916, 768144.4 2376891, 768150.5 2376866, 768155.3 2376840, 768158.7 2376814, 768160.7 2376788, 768161.4 2376762))"
32,20260541,Forest,6132,233.80223404901614,1.5049730036942313,1,Dai,土葬,有,1,0,0,226,258.7067229217865,1888.9634692115658,656.36358642578125,5.062176704406738,241.08075866890832,900,6300,0.2781179035246496,1,62,900,1,0,0,1,0,-0.48357635850472924,-0.8753021795330488,8.721276239991704,5.454475604377329,0.40877496029525895,"POLYGON ((769037.8 2378480, 769037.1 2378453, 769035.1 2378427, 769031.7 2378401, 769026.9 2378376, 769020.8 2378350, 769013.4 2378325, 769004.6 2378300, 768994.6 2378276, 768983.3 2378253, 768970.8 2378230, 768957.2 2378207, 768942.3 2378186, 768926.4 2378165, 768909.4 2378145, 768891.4 2378126, 768872.4 2378108, 768852.5 2378091, 768831.7 2378075, 768810.1 2378060, 768787.8 2378047, 768764.8 2378034, 768741.2 2378023, 768717 2378013, 768692.3 2378004, 768667.2 2377997, 768641.8 2377990, 768616 2377986, 768590.1 2377982, 768564 2377980, 768537.8 2377980, 768511.7 2377980, 768485.6 2377982, 768459.6 2377986, 768433.9 2377990, 768408.4 2377997, 768383.3 2378004, 768358.6 2378013, 768334.5 2378023, 768310.8 2378034, 768287.8 2378047, 768265.5 2378060, 768243.9 2378075, 768223.2 2378091, 768203.3 2378108, 768184.3 2378126, 768166.2 2378145, 768149.2 2378165, 768133.3 2378186, 768118.5 2378207, 768104.8 2378230, 768092.3 2378253, 768081 2378276, 768071 2378300, 768062.3 2378325, 768054.9 2378350, 768048.7 2378376, 768044 2378401, 768040.6 2378427, 768038.5 2378453, 768037.8 2378480, 768038.5 2378506, 768040.6 2378532, 768044 2378558, 768048.7 2378584, 768054.9 2378609, 768062.3 2378634, 768071 2378659, 768081 2378683, 768092.3 2378707, 768104.8 2378730, 768118.5 2378752, 768133.3 2378773, 768149.2 2378794, 768166.2 2378814, 768184.3 2378833, 768203.3 2378851, 768223.2 2378868, 768243.9 2378884, 768265.5 2378899, 768287.8 2378913, 768310.8 2378925, 768334.5 2378936, 768358.6 2378946, 768383.3 2378955, 768408.4 2378963, 768433.9 2378969, 768459.6 2378973, 768485.6 2378977, 768511.7 2378979, 768537.8 2378980, 768564 2378979, 768590.1 2378977, 768616 2378973, 768641.8 2378969, 768667.2 2378963, 768692.3 2378955, 768717 2378946, 768741.2 2378936, 768764.8 2378925, 768787.8 2378913, 768810.1 2378899, 768831.7 2378884, 768852.5 2378868, 768872.4 2378851, 768891.4 2378833, 768909.4 2378814, 768926.4 2378794, 768942.3 2378773, 768957.2 2378752, 768970.8 2378730, 768983.3 2378707, 768994.6 2378683, 769004.6 2378659, 769013.4 2378634, 769020.8 2378609, 769026.9 2378584, 769031.7 2378558, 769035.1 2378532, 769037.1 2378506, 769037.8 2378480))"
32,20260541,Forest,6132,233.80223404901614,1.5049730036942313,1,Dai,土葬,有,1,0,0,228,207.5661965933815,1781.2064139303154,656.56951904296875,5.205219745635986,337.51221410604506,900,6300,0.23902470216002916,1,63,900,1,0,0,1,0,0.9239610905815182,-0.38248647439015615,8.721276239991704,5.454475604377329,0.40877496029525895,"POLYGON ((768844.1 2378268, 768843.4 2378242, 768841.3 2378216, 768837.9 2378190, 768833.1 2378164, 768827 2378138, 768819.6 2378113, 768810.9 2378089, 768800.8 2378064, 768789.6 2378041, 768777.1 2378018, 768763.4 2377996, 768748.6 2377974, 768732.6 2377953, 768715.6 2377933, 768697.6 2377914, 768678.6 2377896, 768658.7 2377879, 768638 2377863, 768616.4 2377849, 768594.1 2377835, 768571.1 2377822, 768547.4 2377811, 768523.2 2377801, 768498.6 2377792, 768473.5 2377785, 768448 2377779, 768422.3 2377774, 768396.3 2377771, 768370.2 2377769, 768344.1 2377768, 768317.9 2377769, 768291.8 2377771, 768265.8 2377774, 768240.1 2377779, 768214.7 2377785, 768189.6 2377792, 768164.9 2377801, 768140.7 2377811, 768117.1 2377822, 768094.1 2377835, 768071.7 2377849, 768050.2 2377863, 768029.4 2377879, 768009.5 2377896, 767990.5 2377914, 767972.5 2377933, 767955.5 2377953, 767939.6 2377974, 767924.7 2377996, 767911.1 2378018, 767898.6 2378041, 767887.3 2378064, 767877.3 2378089, 767868.5 2378113, 767861.1 2378138, 767855 2378164, 767850.2 2378190, 767846.8 2378216, 767844.7 2378242, 767844.1 2378268, 767844.7 2378294, 767846.8 2378320, 767850.2 2378346, 767855 2378372, 767861.1 2378397, 767868.5 2378422, 767877.3 2378447, 767887.3 2378471, 767898.6 2378495, 767911.1 2378518, 767924.7 2378540, 767939.6 2378562, 767955.5 2378583, 767972.5 2378602, 767990.5 2378621, 768009.5 2378639, 768029.4 2378656, 768050.2 2378672, 768071.7 2378687, 768094.1 2378701, 768117.1 2378713, 768140.7 2378725, 768164.9 2378735, 768189.6 2378743, 768214.7 2378751, 768240.1 2378757, 768265.8 2378762, 768291.8 2378765, 768317.9 2378767, 768344.1 2378768, 768370.2 2378767, 768396.3 2378765, 768422.3 2378762, 768448 2378757, 768473.5 2378751, 768498.6 2378743, 768523.2 2378735, 768547.4 2378725, 768571.1 2378713, 768594.1 2378701, 768616.4 2378687, 768638 2378672, 768658.7 2378656, 768678.6 2378639, 768697.6 2378621, 768715.6 2378602, 768732.6 2378583, 768748.6 2378562, 768763.4 2378540, 768777.1 2378518, 768789.6 2378495, 768800.8 2378471, 768810.9 2378447, 768819.6 2378422, 768827 2378397, 768833.1 2378372, 768837.9 2378346, 768841.3 2378320, 768843.4 2378294, 768844.1 2378268))"
32,20260541,Forest,6215.315315315314,26.94583142792417,4.228671328671329,1,Dai,火葬,无,1,0,0,240,16.004955691735216,186.66962644539794,1155.717529296875,5.316523551940918,166.17498542309914,467552.6916503906,0,0.414562043475214,1,65,0,0,96287.28332519531,0.20593889211783958,1,0,-0.9710300468182363,0.23895741916955351,8.734771737221866,3.2938286073920278,1.4418878370192598,"POLYGON ((738127.8 2491174, 738127.1 2491148, 738125.1 2491122, 738121.7 2491096, 738116.9 2491070, 738110.8 2491045, 738103.3 2491020, 738094.6 2490995, 738084.6 2490971, 738073.3 2490947, 738060.8 2490924, 738047.1 2490902, 738032.3 2490880, 738016.4 2490860, 737999.4 2490840, 737981.4 2490821, 737962.4 2490803, 737942.5 2490786, 737921.7 2490770, 737900.1 2490755, 737877.8 2490741, 737854.8 2490729, 737831.2 2490717, 737807 2490707, 737782.3 2490699, 737757.2 2490691, 737731.8 2490685, 737706 2490680, 737680.1 2490677, 737654 2490675, 737627.8 2490674, 737601.6 2490675, 737575.5 2490677, 737549.6 2490680, 737523.9 2490685, 737498.4 2490691, 737473.3 2490699, 737448.6 2490707, 737424.4 2490717, 737400.8 2490729, 737377.8 2490741, 737355.5 2490755, 737333.9 2490770, 737313.1 2490786, 737293.2 2490803, 737274.3 2490821, 737256.2 2490840, 737239.2 2490860, 737223.3 2490880, 737208.5 2490902, 737194.8 2490924, 737182.3 2490947, 737171 2490971, 737161 2490995, 737152.3 2491020, 737144.8 2491045, 737138.7 2491070, 737134 2491096, 737130.5 2491122, 737128.5 2491148, 737127.8 2491174, 737128.5 2491200, 737130.5 2491226, 737134 2491252, 737138.7 2491278, 737144.8 2491304, 737152.3 2491329, 737161 2491353, 737171 2491378, 737182.3 2491401, 737194.8 2491424, 737208.5 2491447, 737223.3 2491468, 737239.2 2491489, 737256.2 2491509, 737274.3 2491528, 737293.2 2491546, 737313.1 2491563, 737333.9 2491579, 737355.5 2491594, 737377.8 2491607, 737400.8 2491620, 737424.4 2491631, 737448.6 2491641, 737473.3 2491650, 737498.4 2491657, 737523.9 2491663, 737549.6 2491668, 737575.5 2491671, 737601.6 2491674, 737627.8 2491674, 737654 2491674, 737680.1 2491671, 737706 2491668, 737731.8 2491663, 737757.2 2491657, 737782.3 2491650, 737807 2491641, 737831.2 2491631, 737854.8 2491620, 737877.8 2491607, 737900.1 2491594, 737921.7 2491579, 737942.5 2491563, 737962.4 2491546, 737981.4 2491528, 737999.4 2491509, 738016.4 2491489, 738032.3 2491468, 738047.1 2491447, 738060.8 2491424, 738073.3 2491401, 738084.6 2491378, 738094.6 2491353, 738103.3 2491329, 738110.8 2491304, 738116.9 2491278, 738121.7 2491252, 738125.1 2491226, 738127.1 2491200, 738127.8 2491174))"
32,20260541,Forest,6215.315315315314,26.94583142792417,4.228671328671329,1,Dai,火葬,无,1,0,0,241,71.7399050593063,605.4780499761498,1144.9384765625,4.1127495765686035,241.81143381399454,308323.05908203125,0,0.3094741999097102,1,66,0,0,66967.31414794922,0.21719852659522346,1,0,-0.47237488457083177,-0.881397735660067,8.734771737221866,3.2938286073920278,1.4418878370192598,"POLYGON ((737730.6 2491310, 737730 2491284, 737727.9 2491258, 737724.5 2491232, 737719.7 2491206, 737713.6 2491181, 737706.2 2491156, 737697.4 2491131, 737687.4 2491107, 737676.2 2491083, 737663.7 2491060, 737650 2491038, 737635.2 2491016, 737619.2 2490996, 737602.2 2490976, 737584.2 2490957, 737565.2 2490939, 737545.3 2490922, 737524.5 2490906, 737503 2490891, 737480.6 2490877, 737457.6 2490865, 737434 2490854, 737409.8 2490844, 737385.2 2490835, 737360.1 2490827, 737334.6 2490821, 737308.9 2490817, 737282.9 2490813, 737256.8 2490811, 737230.6 2490810, 737204.5 2490811, 737178.4 2490813, 737152.4 2490817, 737126.7 2490821, 737101.2 2490827, 737076.1 2490835, 737051.5 2490844, 737027.3 2490854, 737003.7 2490865, 736980.6 2490877, 736958.3 2490891, 736936.8 2490906, 736916 2490922, 736896.1 2490939, 736877.1 2490957, 736859.1 2490976, 736842.1 2490996, 736826.1 2491016, 736811.3 2491038, 736797.6 2491060, 736785.1 2491083, 736773.9 2491107, 736763.9 2491131, 736755.1 2491156, 736747.7 2491181, 736741.6 2491206, 736736.8 2491232, 736733.4 2491258, 736731.3 2491284, 736730.6 2491310, 736731.3 2491337, 736733.4 2491363, 736736.8 2491389, 736741.6 2491414, 736747.7 2491440, 736755.1 2491465, 736763.9 2491490, 736773.9 2491514, 736785.1 2491537, 736797.6 2491560, 736811.3 2491583, 736826.1 2491604, 736842.1 2491625, 736859.1 2491645, 736877.1 2491664, 736896.1 2491682, 736916 2491699, 736936.8 2491715, 736958.3 2491730, 736980.6 2491743, 737003.7 2491756, 737027.3 2491767, 737051.5 2491777, 737076.1 2491786, 737101.2 2491793, 737126.7 2491799, 737152.4 2491804, 737178.4 2491808, 737204.5 2491810, 737230.6 2491810, 737256.8 2491810, 737282.9 2491808, 737308.9 2491804, 737334.6 2491799, 737360.1 2491793, 737385.2 2491786, 737409.8 2491777, 737434 2491767, 737457.6 2491756, 737480.6 2491743, 737503 2491730, 737524.5 2491715, 737545.3 2491699, 737565.2 2491682, 737584.2 2491664, 737602.2 2491645, 737619.2 2491625, 737635.2 2491604, 737650 2491583, 737663.7 2491560, 737676.2 2491537, 737687.4 2491514, 737697.4 2491490, 737706.2 2491465, 737713.6 2491440, 737719.7 2491414, 737724.5 2491389, 737727.9 2491363, 737730 2491337, 737730.6 2491310))"
32,20260541,Forest,6215.315315315314,26.94583142792417,4.228671328671329,1,Dai,火葬,无,1,0,0,242,52.747110192108835,227.03368478908453,1149.7767333984375,4.494739532470703,150.8876895798024,286780.18798828125,0,0.4075298176394922,1,67,0,0,91106.81076049805,0.3176886499712489,1,0,-0.8736677101297721,0.48652310559376366,8.734771737221866,3.2938286073920278,1.4418878370192598,"POLYGON ((738297 2490865, 738296.3 2490839, 738294.3 2490812, 738290.9 2490786, 738286.1 2490761, 738280 2490735, 738272.5 2490710, 738263.8 2490686, 738253.8 2490661, 738242.5 2490638, 738230 2490615, 738216.4 2490592, 738201.5 2490571, 738185.6 2490550, 738168.6 2490530, 738150.6 2490511, 738131.6 2490493, 738111.7 2490476, 738090.9 2490460, 738069.3 2490445, 738047 2490432, 738024 2490419, 738000.4 2490408, 737976.2 2490398, 737951.5 2490389, 737926.4 2490382, 737901 2490376, 737875.2 2490371, 737849.3 2490367, 737823.2 2490365, 737797 2490365, 737770.8 2490365, 737744.8 2490367, 737718.8 2490371, 737693.1 2490376, 737667.6 2490382, 737642.5 2490389, 737617.8 2490398, 737593.6 2490408, 737570 2490419, 737547 2490432, 737524.7 2490445, 737503.1 2490460, 737482.4 2490476, 737462.5 2490493, 737443.5 2490511, 737425.4 2490530, 737408.4 2490550, 737392.5 2490571, 737377.7 2490592, 737364 2490615, 737351.5 2490638, 737340.2 2490661, 737330.2 2490686, 737321.5 2490710, 737314.1 2490735, 737307.9 2490761, 737303.2 2490786, 737299.8 2490812, 737297.7 2490839, 737297 2490865, 737297.7 2490891, 737299.8 2490917, 737303.2 2490943, 737307.9 2490969, 737314.1 2490994, 737321.5 2491019, 737330.2 2491044, 737340.2 2491068, 737351.5 2491092, 737364 2491115, 737377.7 2491137, 737392.5 2491159, 737408.4 2491179, 737425.4 2491199, 737443.5 2491218, 737462.5 2491236, 737482.4 2491253, 737503.1 2491269, 737524.7 2491284, 737547 2491298, 737570 2491310, 737593.6 2491321, 737617.8 2491331, 737642.5 2491340, 737667.6 2491348, 737693.1 2491354, 737718.8 2491359, 737744.8 2491362, 737770.8 2491364, 737797 2491365, 737823.2 2491364, 737849.3 2491362, 737875.2 2491359, 737901 2491354, 737926.4 2491348, 737951.5 2491340, 737976.2 2491331, 738000.4 2491321, 738024 2491310, 738047 2491298, 738069.3 2491284, 738090.9 2491269, 738111.7 2491253, 738131.6 2491236, 738150.6 2491218, 738168.6 2491199, 738185.6 2491179, 738201.5 2491159, 738216.4 2491137, 738230 2491115, 738242.5 2491092, 738253.8 2491068, 738263.8 2491044, 738272.5 2491019, 738280 2490994, 738286.1 2490969, 738290.9 2490943, 738294.3 2490917, 738296.3 2490891, 738297 2490865))"
32,20260541,Forest,6215.315315315314,26.94583142792417,4.228671328671329,1,Dai,火葬,无,1,0,0,243,75.92420921611043,553.427004004312,1139.578857421875,2.506574869155884,231.79934018902884,124571.5576171875,0,0.4292544718818636,1,68,0,0,68664.19372558594,0.5512028189981638,1,0,-0.6184174451454244,-0.7858497716102016,8.734771737221866,3.2938286073920278,1.4418878370192598,"POLYGON ((738142.3 2490560, 738141.6 2490534, 738139.5 2490508, 738136.1 2490482, 738131.4 2490456, 738125.2 2490430, 738117.8 2490405, 738109.1 2490381, 738099.1 2490356, 738087.8 2490333, 738075.3 2490310, 738061.6 2490288, 738046.8 2490266, 738030.9 2490245, 738013.9 2490225, 737995.8 2490206, 737976.9 2490188, 737956.9 2490171, 737936.2 2490155, 737914.6 2490141, 737892.3 2490127, 737869.3 2490114, 737845.7 2490103, 737821.5 2490093, 737796.8 2490084, 737771.7 2490077, 737746.2 2490071, 737720.5 2490066, 737694.6 2490063, 737668.5 2490061, 737642.3 2490060, 737616.1 2490061, 737590 2490063, 737564.1 2490066, 737538.3 2490071, 737512.9 2490077, 737487.8 2490084, 737463.1 2490093, 737438.9 2490103, 737415.3 2490114, 737392.3 2490127, 737370 2490141, 737348.4 2490155, 737327.6 2490171, 737307.7 2490188, 737288.7 2490206, 737270.7 2490225, 737253.7 2490245, 737237.8 2490266, 737223 2490288, 737209.3 2490310, 737196.8 2490333, 737185.5 2490356, 737175.5 2490381, 737166.8 2490405, 737159.3 2490430, 737153.2 2490456, 737148.4 2490482, 737145 2490508, 737143 2490534, 737142.3 2490560, 737143 2490586, 737145 2490612, 737148.4 2490638, 737153.2 2490664, 737159.3 2490689, 737166.8 2490714, 737175.5 2490739, 737185.5 2490763, 737196.8 2490787, 737209.3 2490810, 737223 2490832, 737237.8 2490854, 737253.7 2490875, 737270.7 2490894, 737288.7 2490913, 737307.7 2490931, 737327.6 2490948, 737348.4 2490964, 737370 2490979, 737392.3 2490993, 737415.3 2491005, 737438.9 2491017, 737463.1 2491027, 737487.8 2491035, 737512.9 2491043, 737538.3 2491049, 737564.1 2491054, 737590 2491057, 737616.1 2491059, 737642.3 2491060, 737668.5 2491059, 737694.6 2491057, 737720.5 2491054, 737746.2 2491049, 737771.7 2491043, 737796.8 2491035, 737821.5 2491027, 737845.7 2491017, 737869.3 2491005, 737892.3 2490993, 737914.6 2490979, 737936.2 2490964, 737956.9 2490948, 737976.9 2490931, 737995.8 2490913, 738013.9 2490894, 738030.9 2490875, 738046.8 2490854, 738061.6 2490832, 738075.3 2490810, 738087.8 2490787, 738099.1 2490763, 738109.1 2490739, 738117.8 2490714, 738125.2 2490689, 738131.4 2490664, 738136.1 2490638, 738139.5 2490612, 738141.6 2490586, 738142.3 2490560))"
32,20260541,Forest,6109.060402684564,16.49307014828121,2.182649842271293,1,Dai,火葬,无,1,0,0,250,571.8095909667991,690.7170416910553,870.3758544921875,11.08084774017334,256.54987472412,424005.77087402344,40407.6358795166,0.14273574545573198,1,69,92422.74627685547,0.21797520841836662,253220.74584960938,0.59721061184529,1,0,-0.23259884874941203,-0.9725727610623527,8.717528260092221,2.802940301672347,0.7805396626274846,"POLYGON ((719551.1 2474519, 719550.4 2474493, 719548.4 2474467, 719544.9 2474441, 719540.2 2474415, 719534.1 2474390, 719526.6 2474365, 719517.9 2474340, 719507.9 2474316, 719496.6 2474292, 719484.1 2474269, 719470.4 2474247, 719455.6 2474225, 719439.7 2474205, 719422.7 2474185, 719404.7 2474166, 719385.7 2474148, 719365.8 2474131, 719345 2474115, 719323.4 2474100, 719301.1 2474086, 719278.1 2474074, 719254.5 2474062, 719230.3 2474052, 719205.6 2474044, 719180.5 2474036, 719155.1 2474030, 719129.3 2474025, 719103.4 2474022, 719077.3 2474020, 719051.1 2474019, 719024.9 2474020, 718998.8 2474022, 718972.9 2474025, 718947.1 2474030, 718921.7 2474036, 718896.6 2474044, 718871.9 2474052, 718847.7 2474062, 718824.1 2474074, 718801.1 2474086, 718778.8 2474100, 718757.2 2474115, 718736.4 2474131, 718716.5 2474148, 718697.5 2474166, 718679.5 2474185, 718662.5 2474205, 718646.6 2474225, 718631.8 2474247, 718618.1 2474269, 718605.6 2474292, 718594.3 2474316, 718584.3 2474340, 718575.6 2474365, 718568.1 2474390, 718562 2474415, 718557.3 2474441, 718553.8 2474467, 718551.8 2474493, 718551.1 2474519, 718551.8 2474545, 718553.8 2474571, 718557.3 2474597, 718562 2474623, 718568.1 2474649, 718575.6 2474674, 718584.3 2474698, 718594.3 2474723, 718605.6 2474746, 718618.1 2474769, 718631.8 2474792, 718646.6 2474813, 718662.5 2474834, 718679.5 2474854, 718697.5 2474873, 718716.5 2474891, 718736.4 2474908, 718757.2 2474924, 718778.8 2474939, 718801.1 2474952, 718824.1 2474965, 718847.7 2474976, 718871.9 2474986, 718896.6 2474995, 718921.7 2475002, 718947.1 2475008, 718972.9 2475013, 718998.8 2475016, 719024.9 2475018, 719051.1 2475019, 719077.3 2475018, 719103.4 2475016, 719129.3 2475013, 719155.1 2475008, 719180.5 2475002, 719205.6 2474995, 719230.3 2474986, 719254.5 2474976, 719278.1 2474965, 719301.1 2474952, 719323.4 2474939, 719345 2474924, 719365.8 2474908, 719385.7 2474891, 719404.7 2474873, 719422.7 2474854, 719439.7 2474834, 719455.6 2474813, 719470.4 2474792, 719484.1 2474769, 719496.6 2474746, 719507.9 2474723, 719517.9 2474698, 719526.6 2474674, 719534.1 2474649, 719540.2 2474623, 719544.9 2474597, 719548.4 2474571, 719550.4 2474545, 719551.1 2474519))"
32,20260541,Forest,6074.664429530201,13.119310196178745,1.7788079470198674,1,Dai,火葬,无,1,0,0,251,420.15143532974935,318.46741840406634,887.5546875,4.8407368659973145,72.47301897378661,35276.536560058594,272655.0109863281,0.4800869267222517,1,70,12532.87353515625,0.35527505694383943,21228.51963043213,0.6017744852670103,1,0,0.3011548788430312,0.9535752403187906,8.711882028745663,2.5740852056229833,0.5759434472742128,"POLYGON ((713332.3 2485393, 713331.6 2485367, 713329.5 2485341, 713326.1 2485315, 713321.4 2485289, 713315.2 2485263, 713307.8 2485238, 713299.1 2485214, 713289.1 2485189, 713277.8 2485166, 713265.3 2485143, 713251.6 2485121, 713236.8 2485099, 713220.9 2485078, 713203.9 2485058, 713185.8 2485039, 713166.8 2485021, 713146.9 2485004, 713126.2 2484988, 713104.6 2484974, 713082.3 2484960, 713059.3 2484947, 713035.7 2484936, 713011.5 2484926, 712986.8 2484917, 712961.7 2484910, 712936.2 2484904, 712910.5 2484899, 712884.5 2484896, 712858.5 2484894, 712832.3 2484893, 712806.1 2484894, 712780 2484896, 712754.1 2484899, 712728.3 2484904, 712702.9 2484910, 712677.8 2484917, 712653.1 2484926, 712628.9 2484936, 712605.3 2484947, 712582.3 2484960, 712560 2484974, 712538.4 2484988, 712517.6 2485004, 712497.7 2485021, 712478.7 2485039, 712460.7 2485058, 712443.7 2485078, 712427.8 2485099, 712412.9 2485121, 712399.3 2485143, 712386.8 2485166, 712375.5 2485189, 712365.5 2485214, 712356.8 2485238, 712349.3 2485263, 712343.2 2485289, 712338.4 2485315, 712335 2485341, 712333 2485367, 712332.3 2485393, 712333 2485419, 712335 2485445, 712338.4 2485471, 712343.2 2485497, 712349.3 2485522, 712356.8 2485547, 712365.5 2485572, 712375.5 2485596, 712386.8 2485620, 712399.3 2485643, 712412.9 2485665, 712427.8 2485687, 712443.7 2485708, 712460.7 2485727, 712478.7 2485746, 712497.7 2485764, 712517.6 2485781, 712538.4 2485797, 712560 2485812, 712582.3 2485826, 712605.3 2485838, 712628.9 2485850, 712653.1 2485860, 712677.8 2485868, 712702.9 2485876, 712728.3 2485882, 712754.1 2485887, 712780 2485890, 712806.1 2485892, 712832.3 2485893, 712858.5 2485892, 712884.5 2485890, 712910.5 2485887, 712936.2 2485882, 712961.7 2485876, 712986.8 2485868, 713011.5 2485860, 713035.7 2485850, 713059.3 2485838, 713082.3 2485826, 713104.6 2485812, 713126.2 2485797, 713146.9 2485781, 713166.8 2485764, 713185.8 2485746, 713203.9 2485727, 713220.9 2485708, 713236.8 2485687, 713251.6 2485665, 713265.3 2485643, 713277.8 2485620, 713289.1 2485596, 713299.1 2485572, 713307.8 2485547, 713315.2 2485522, 713321.4 2485497, 713326.1 2485471, 713329.5 2485445, 713331.6 2485419, 713332.3 2485393))"
32,20260541,Forest,6074.664429530201,13.119310196178745,1.7788079470198674,1,Dai,火葬,无,1,0,0,252,135.0089220692,183.2503499289924,877.42523193359375,4.852931499481201,94.3234362611959,67500,288059.0515136719,0.7133780200133579,1,71,11700,0.17333333333333334,54900,0.8133333333333334,1,0,-0.07538660907193263,0.9971543808120363,8.711882028745663,2.5740852056229833,0.5759434472742128,"POLYGON ((713644.9 2485427, 713644.2 2485401, 713642.2 2485375, 713638.8 2485349, 713634 2485323, 713627.9 2485298, 713620.4 2485272, 713611.7 2485248, 713601.7 2485224, 713590.4 2485200, 713577.9 2485177, 713564.3 2485155, 713549.4 2485133, 713533.5 2485112, 713516.5 2485092, 713498.5 2485073, 713479.5 2485055, 713459.6 2485038, 713438.8 2485022, 713417.2 2485008, 713394.9 2484994, 713371.9 2484981, 713348.3 2484970, 713324.1 2484960, 713299.4 2484951, 713274.3 2484944, 713248.9 2484938, 713223.1 2484933, 713197.2 2484930, 713171.1 2484928, 713144.9 2484927, 713118.8 2484928, 713092.7 2484930, 713066.7 2484933, 713041 2484938, 713015.5 2484944, 712990.4 2484951, 712965.7 2484960, 712941.6 2484970, 712917.9 2484981, 712894.9 2484994, 712872.6 2485008, 712851 2485022, 712830.3 2485038, 712810.4 2485055, 712791.4 2485073, 712773.3 2485092, 712756.3 2485112, 712740.4 2485133, 712725.6 2485155, 712711.9 2485177, 712699.4 2485200, 712688.1 2485224, 712678.1 2485248, 712669.4 2485272, 712662 2485298, 712655.8 2485323, 712651.1 2485349, 712647.7 2485375, 712645.6 2485401, 712644.9 2485427, 712645.6 2485453, 712647.7 2485479, 712651.1 2485505, 712655.8 2485531, 712662 2485556, 712669.4 2485581, 712678.1 2485606, 712688.1 2485630, 712699.4 2485654, 712711.9 2485677, 712725.6 2485699, 712740.4 2485721, 712756.3 2485742, 712773.3 2485762, 712791.4 2485781, 712810.4 2485799, 712830.3 2485816, 712851 2485831, 712872.6 2485846, 712894.9 2485860, 712917.9 2485872, 712941.6 2485884, 712965.7 2485894, 712990.4 2485902, 713015.5 2485910, 713041 2485916, 713066.7 2485921, 713092.7 2485924, 713118.8 2485926, 713144.9 2485927, 713171.1 2485926, 713197.2 2485924, 713223.1 2485921, 713248.9 2485916, 713274.3 2485910, 713299.4 2485902, 713324.1 2485894, 713348.3 2485884, 713371.9 2485872, 713394.9 2485860, 713417.2 2485846, 713438.8 2485831, 713459.6 2485816, 713479.5 2485799, 713498.5 2485781, 713516.5 2485762, 713533.5 2485742, 713549.4 2485721, 713564.3 2485699, 713577.9 2485677, 713590.4 2485654, 713601.7 2485630, 713611.7 2485606, 713620.4 2485581, 713627.9 2485556, 713634 2485531, 713638.8 2485505, 713642.2 2485479, 713644.2 2485453, 713644.9 2485427))"
32,20260541,Forest,6175.335570469799,21.769282139453722,3.3278787878787877,1,Dai,火葬,无,1,0,0,259,201.7882874807375,844.8506438640595,903.98590087890625,6.9688897132873535,133.2807772130688,12237.792778015137,92309.326171875,0.2541958810260289,1,72,9331.69355392456,0.7625307703108599,2906.0994386672974,0.23746924722307983,1,0,-0.6855741459016129,0.7280028093841905,8.728318503415547,3.0804998999418083,1.2023351003842462,"POLYGON ((712546.9 2494900, 712546.2 2494874, 712544.1 2494848, 712540.7 2494822, 712536 2494796, 712529.8 2494771, 712522.4 2494746, 712513.7 2494721, 712503.7 2494697, 712492.4 2494673, 712479.9 2494650, 712466.2 2494628, 712451.4 2494606, 712435.5 2494586, 712418.5 2494566, 712400.4 2494547, 712381.4 2494529, 712361.5 2494512, 712340.8 2494496, 712319.2 2494481, 712296.9 2494467, 712273.9 2494455, 712250.2 2494443, 712226.1 2494433, 712201.4 2494425, 712176.3 2494417, 712150.8 2494411, 712125.1 2494406, 712099.1 2494403, 712073 2494401, 712046.9 2494400, 712020.7 2494401, 711994.6 2494403, 711968.7 2494406, 711942.9 2494411, 711917.5 2494417, 711892.4 2494425, 711867.7 2494433, 711843.5 2494443, 711819.9 2494455, 711796.9 2494467, 711774.6 2494481, 711753 2494496, 711732.2 2494512, 711712.3 2494529, 711693.3 2494547, 711675.3 2494566, 711658.3 2494586, 711642.4 2494606, 711627.5 2494628, 711613.9 2494650, 711601.4 2494673, 711590.1 2494697, 711580.1 2494721, 711571.3 2494746, 711563.9 2494771, 711557.8 2494796, 711553 2494822, 711549.6 2494848, 711547.6 2494874, 711546.9 2494900, 711547.6 2494926, 711549.6 2494953, 711553 2494978, 711557.8 2495004, 711563.9 2495030, 711571.3 2495055, 711580.1 2495079, 711590.1 2495104, 711601.4 2495127, 711613.9 2495150, 711627.5 2495173, 711642.4 2495194, 711658.3 2495215, 711675.3 2495235, 711693.3 2495254, 711712.3 2495272, 711732.2 2495289, 711753 2495305, 711774.6 2495320, 711796.9 2495333, 711819.9 2495346, 711843.5 2495357, 711867.7 2495367, 711892.4 2495376, 711917.5 2495383, 711942.9 2495389, 711968.7 2495394, 711994.6 2495398, 712020.7 2495400, 712046.9 2495400, 712073 2495400, 712099.1 2495398, 712125.1 2495394, 712150.8 2495389, 712176.3 2495383, 712201.4 2495376, 712226.1 2495367, 712250.2 2495357, 712273.9 2495346, 712296.9 2495333, 712319.2 2495320, 712340.8 2495305, 712361.5 2495289, 712381.4 2495272, 712400.4 2495254, 712418.5 2495235, 712435.5 2495215, 712451.4 2495194, 712466.2 2495173, 712479.9 2495150, 712492.4 2495127, 712503.7 2495104, 712513.7 2495079, 712522.4 2495055, 712529.8 2495030, 712536 2495004, 712540.7 2494978, 712544.1 2494953, 712546.2 2494926, 712546.9 2494900))"
32,20260541,Forest,7630.691399662732,27.6544837918879,1.344620015048909,1,Dai,火葬,无,1,0,0,318,439.51684637399654,1564.8097481804343,579.0496826171875,17.47246551513672,189.5360036458489,26100,474641.7297363281,0.04574113549570406,1,74,9900,0.3793103448275862,0,0,1,0,-0.9861816938481208,-0.16566733751361865,8.939933736118437,3.3197878772766924,0.2961114564461827,"POLYGON ((712883.7 2414857, 712883 2414831, 712880.9 2414805, 712877.5 2414779, 712872.7 2414753, 712866.6 2414728, 712859.2 2414703, 712850.5 2414678, 712840.4 2414654, 712829.2 2414630, 712816.7 2414607, 712803 2414585, 712788.2 2414563, 712772.2 2414542, 712755.2 2414522, 712737.2 2414503, 712718.2 2414485, 712698.3 2414468, 712677.6 2414453, 712656 2414438, 712633.7 2414424, 712610.7 2414412, 712587 2414400, 712562.8 2414390, 712538.2 2414381, 712513.1 2414374, 712487.6 2414368, 712461.9 2414363, 712435.9 2414360, 712409.8 2414358, 712383.7 2414357, 712357.5 2414358, 712331.4 2414360, 712305.4 2414363, 712279.7 2414368, 712254.3 2414374, 712229.2 2414381, 712204.5 2414390, 712180.3 2414400, 712156.7 2414412, 712133.7 2414424, 712111.3 2414438, 712089.8 2414453, 712069 2414468, 712049.1 2414485, 712030.1 2414503, 712012.1 2414522, 711995.1 2414542, 711979.2 2414563, 711964.3 2414585, 711950.6 2414607, 711938.2 2414630, 711926.9 2414654, 711916.9 2414678, 711908.1 2414703, 711900.7 2414728, 711894.6 2414753, 711889.8 2414779, 711886.4 2414805, 711884.3 2414831, 711883.7 2414857, 711884.3 2414883, 711886.4 2414909, 711889.8 2414935, 711894.6 2414961, 711900.7 2414986, 711908.1 2415012, 711916.9 2415036, 711926.9 2415060, 711938.2 2415084, 711950.6 2415107, 711964.3 2415129, 711979.2 2415151, 711995.1 2415172, 712012.1 2415192, 712030.1 2415211, 712049.1 2415229, 712069 2415246, 712089.8 2415262, 712111.3 2415276, 712133.7 2415290, 712156.7 2415303, 712180.3 2415314, 712204.5 2415324, 712229.2 2415333, 712254.3 2415340, 712279.7 2415346, 712305.4 2415351, 712331.4 2415354, 712357.5 2415356, 712383.7 2415357, 712409.8 2415356, 712435.9 2415354, 712461.9 2415351, 712487.6 2415346, 712513.1 2415340, 712538.2 2415333, 712562.8 2415324, 712587 2415314, 712610.7 2415303, 712633.7 2415290, 712656 2415276, 712677.6 2415262, 712698.3 2415246, 712718.2 2415229, 712737.2 2415211, 712755.2 2415192, 712772.2 2415172, 712788.2 2415151, 712803 2415129, 712816.7 2415107, 712829.2 2415084, 712840.4 2415060, 712850.5 2415036, 712859.2 2415012, 712866.6 2414986, 712872.7 2414961, 712877.5 2414935, 712880.9 2414909, 712883 2414883, 712883.7 2414857))"
32,20260541,Forest,7630.691399662732,27.6544837918879,1.344620015048909,1,Dai,火葬,有,1,0,0,321,90.82509645872813,257.3323728060716,983.46197509765625,17.320606231689453,97.60261837448417,84227.508544921875,117528.22265625,0.062245754427984176,1,75,84227.508544921875,1,0,0,1,0,-0.13230168793152902,0.9912094951978963,8.939933736118437,3.3197878772766924,0.2961114564461827,"POLYGON ((714961.3 2417246, 714960.6 2417220, 714958.6 2417194, 714955.2 2417168, 714950.4 2417142, 714944.3 2417117, 714936.9 2417091, 714928.1 2417067, 714918.1 2417043, 714906.8 2417019, 714894.3 2416996, 714880.7 2416974, 714865.8 2416952, 714849.9 2416931, 714832.9 2416911, 714814.9 2416892, 714795.9 2416874, 714776 2416857, 714755.2 2416841, 714733.6 2416827, 714711.3 2416813, 714688.3 2416800, 714664.7 2416789, 714640.5 2416779, 714615.8 2416770, 714590.7 2416763, 714565.3 2416757, 714539.5 2416752, 714513.6 2416749, 714487.5 2416747, 714461.3 2416746, 714435.2 2416747, 714409.1 2416749, 714383.1 2416752, 714357.4 2416757, 714331.9 2416763, 714306.8 2416770, 714282.1 2416779, 714258 2416789, 714234.3 2416800, 714211.3 2416813, 714189 2416827, 714167.4 2416841, 714146.7 2416857, 714126.8 2416874, 714107.8 2416892, 714089.8 2416911, 714072.8 2416931, 714056.8 2416952, 714042 2416974, 714028.3 2416996, 714015.8 2417019, 714004.6 2417043, 713994.5 2417067, 713985.8 2417091, 713978.4 2417117, 713972.3 2417142, 713967.5 2417168, 713964.1 2417194, 713962 2417220, 713961.3 2417246, 713962 2417272, 713964.1 2417298, 713967.5 2417324, 713972.3 2417350, 713978.4 2417375, 713985.8 2417400, 713994.5 2417425, 714004.6 2417449, 714015.8 2417473, 714028.3 2417496, 714042 2417518, 714056.8 2417540, 714072.8 2417561, 714089.8 2417581, 714107.8 2417600, 714126.8 2417618, 714146.7 2417635, 714167.4 2417650, 714189 2417665, 714211.3 2417679, 714234.3 2417691, 714258 2417703, 714282.1 2417713, 714306.8 2417721, 714331.9 2417729, 714357.4 2417735, 714383.1 2417740, 714409.1 2417743, 714435.2 2417745, 714461.3 2417746, 714487.5 2417745, 714513.6 2417743, 714539.5 2417740, 714565.3 2417735, 714590.7 2417729, 714615.8 2417721, 714640.5 2417713, 714664.7 2417703, 714688.3 2417691, 714711.3 2417679, 714733.6 2417665, 714755.2 2417650, 714776 2417635, 714795.9 2417618, 714814.9 2417600, 714832.9 2417581, 714849.9 2417561, 714865.8 2417540, 714880.7 2417518, 714894.3 2417496, 714906.8 2417473, 714918.1 2417449, 714928.1 2417425, 714936.9 2417400, 714944.3 2417375, 714950.4 2417350, 714955.2 2417324, 714958.6 2417298, 714960.6 2417272, 714961.3 2417246))"
32,20260541,Forest,7630.691399662732,27.6544837918879,1.344620015048909,1,Dai,火葬,有,1,0,0,322,26.005140311125437,188.97747462443573,1008.5733642578125,17.069568634033203,21.937184031210283,128013.78021240234,152107.82775878906,0.06733013962090487,1,76,114459.96780395508,0.8941222391373914,13553.815841674805,0.1058777876818114,1,0,0.9275939955041993,0.37358985465956573,8.939933736118437,3.3197878772766924,0.2961114564461827,"POLYGON ((714910.1 2417356, 714909.4 2417330, 714907.4 2417304, 714904 2417278, 714899.2 2417252, 714893.1 2417227, 714885.7 2417202, 714876.9 2417177, 714866.9 2417153, 714855.6 2417129, 714843.1 2417106, 714829.5 2417084, 714814.6 2417062, 714798.7 2417042, 714781.7 2417022, 714763.7 2417003, 714744.7 2416985, 714724.8 2416968, 714704 2416952, 714682.4 2416937, 714660.1 2416923, 714637.1 2416911, 714613.5 2416900, 714589.3 2416890, 714564.6 2416881, 714539.5 2416873, 714514.1 2416867, 714488.3 2416863, 714462.4 2416859, 714436.3 2416857, 714410.1 2416856, 714384 2416857, 714357.9 2416859, 714331.9 2416863, 714306.2 2416867, 714280.7 2416873, 714255.6 2416881, 714230.9 2416890, 714206.8 2416900, 714183.1 2416911, 714160.1 2416923, 714137.8 2416937, 714116.2 2416952, 714095.5 2416968, 714075.6 2416985, 714056.6 2417003, 714038.6 2417022, 714021.6 2417042, 714005.6 2417062, 713990.8 2417084, 713977.1 2417106, 713964.6 2417129, 713953.4 2417153, 713943.3 2417177, 713934.6 2417202, 713927.2 2417227, 713921.1 2417252, 713916.3 2417278, 713912.9 2417304, 713910.8 2417330, 713910.1 2417356, 713910.8 2417383, 713912.9 2417409, 713916.3 2417435, 713921.1 2417460, 713927.2 2417486, 713934.6 2417511, 713943.3 2417536, 713953.4 2417560, 713964.6 2417583, 713977.1 2417606, 713990.8 2417629, 714005.6 2417650, 714021.6 2417671, 714038.6 2417691, 714056.6 2417710, 714075.6 2417728, 714095.5 2417745, 714116.2 2417761, 714137.8 2417776, 714160.1 2417789, 714183.1 2417802, 714206.8 2417813, 714230.9 2417823, 714255.6 2417832, 714280.7 2417839, 714306.2 2417845, 714331.9 2417850, 714357.9 2417854, 714384 2417856, 714410.1 2417856, 714436.3 2417856, 714462.4 2417854, 714488.3 2417850, 714514.1 2417845, 714539.5 2417839, 714564.6 2417832, 714589.3 2417823, 714613.5 2417813, 714637.1 2417802, 714660.1 2417789, 714682.4 2417776, 714704 2417761, 714724.8 2417745, 714744.7 2417728, 714763.7 2417710, 714781.7 2417691, 714798.7 2417671, 714814.6 2417650, 714829.5 2417629, 714843.1 2417606, 714855.6 2417583, 714866.9 2417560, 714876.9 2417536, 714885.7 2417511, 714893.1 2417486, 714899.2 2417460, 714904 2417435, 714907.4 2417409, 714909.4 2417383, 714910.1 2417356))"
32,20260541,Forest,7124.137931034484,51.67247087351391,2.2232954545454544,1,Dai,火葬,无,1,0,0,365,31.03788091482125,1649.59586800577,1080.351318359375,2.5733065605163574,269.3848377328124,46537.60185241699,0,0.0923155213755019,1,77,0,0,27263.057327270508,0.5858285825240598,1,0,-0.010736400721067872,-0.9999423631887773,8.871244005681202,3.944925161428895,0.798990534178215,"POLYGON ((639679.7 2450694, 639679 2450667, 639676.9 2450641, 639673.5 2450615, 639668.7 2450590, 639662.6 2450564, 639655.2 2450539, 639646.5 2450514, 639636.4 2450490, 639625.2 2450467, 639612.7 2450444, 639599 2450421, 639584.2 2450400, 639568.2 2450379, 639551.2 2450359, 639533.2 2450340, 639514.2 2450322, 639494.3 2450305, 639473.6 2450289, 639452 2450274, 639429.7 2450261, 639406.7 2450248, 639383 2450237, 639358.8 2450227, 639334.2 2450218, 639309.1 2450211, 639283.6 2450205, 639257.9 2450200, 639231.9 2450196, 639205.8 2450194, 639179.7 2450194, 639153.5 2450194, 639127.4 2450196, 639101.4 2450200, 639075.7 2450205, 639050.3 2450211, 639025.2 2450218, 639000.5 2450227, 638976.3 2450237, 638952.7 2450248, 638929.7 2450261, 638907.3 2450274, 638885.8 2450289, 638865 2450305, 638845.1 2450322, 638826.1 2450340, 638808.1 2450359, 638791.1 2450379, 638775.2 2450400, 638760.3 2450421, 638746.7 2450444, 638734.2 2450467, 638722.9 2450490, 638712.9 2450514, 638704.1 2450539, 638696.7 2450564, 638690.6 2450590, 638685.8 2450615, 638682.4 2450641, 638680.3 2450667, 638679.7 2450694, 638680.3 2450720, 638682.4 2450746, 638685.8 2450772, 638690.6 2450798, 638696.7 2450823, 638704.1 2450848, 638712.9 2450873, 638722.9 2450897, 638734.2 2450921, 638746.7 2450944, 638760.3 2450966, 638775.2 2450988, 638791.1 2451008, 638808.1 2451028, 638826.1 2451047, 638845.1 2451065, 638865 2451082, 638885.8 2451098, 638907.3 2451113, 638929.7 2451127, 638952.7 2451139, 638976.3 2451150, 639000.5 2451160, 639025.2 2451169, 639050.3 2451177, 639075.7 2451183, 639101.4 2451188, 639127.4 2451191, 639153.5 2451193, 639179.7 2451194, 639205.8 2451193, 639231.9 2451191, 639257.9 2451188, 639283.6 2451183, 639309.1 2451177, 639334.2 2451169, 639358.8 2451160, 639383 2451150, 639406.7 2451139, 639429.7 2451127, 639452 2451113, 639473.6 2451098, 639494.3 2451082, 639514.2 2451065, 639533.2 2451047, 639551.2 2451028, 639568.2 2451008, 639584.2 2450988, 639599 2450966, 639612.7 2450944, 639625.2 2450921, 639636.4 2450897, 639646.5 2450873, 639655.2 2450848, 639662.6 2450823, 639668.7 2450798, 639673.5 2450772, 639676.9 2450746, 639679 2450720, 639679.7 2450694))"
32,20260541,Forest,7124.137931034484,51.67247087351391,2.2232954545454544,1,Dai,火葬,有,1,0,0,367,696.8669523772945,504.1778299764359,1075.818603515625,4.011298179626465,160.74234304087773,164943.81408691406,0,0.17327688112072992,1,78,0,0,70020.73745727539,0.4245126611439897,1,0,-0.9440449523857432,0.3298168095701006,8.871244005681202,3.944925161428895,0.798990534178215,"POLYGON ((638562.8 2453257, 638562.1 2453231, 638560 2453205, 638556.6 2453179, 638551.8 2453154, 638545.7 2453128, 638538.3 2453103, 638529.6 2453078, 638519.5 2453054, 638508.3 2453030, 638495.8 2453007, 638482.1 2452985, 638467.3 2452964, 638451.3 2452943, 638434.3 2452923, 638416.3 2452904, 638397.3 2452886, 638377.4 2452869, 638356.7 2452853, 638335.1 2452838, 638312.8 2452824, 638289.8 2452812, 638266.1 2452801, 638242 2452791, 638217.3 2452782, 638192.2 2452775, 638166.7 2452768, 638141 2452764, 638115 2452760, 638088.9 2452758, 638062.8 2452757, 638036.6 2452758, 638010.5 2452760, 637984.6 2452764, 637958.8 2452768, 637933.4 2452775, 637908.3 2452782, 637883.6 2452791, 637859.4 2452801, 637835.8 2452812, 637812.8 2452824, 637790.5 2452838, 637768.9 2452853, 637748.1 2452869, 637728.2 2452886, 637709.2 2452904, 637691.2 2452923, 637674.2 2452943, 637658.3 2452964, 637643.4 2452985, 637629.8 2453007, 637617.3 2453030, 637606 2453054, 637596 2453078, 637587.2 2453103, 637579.8 2453128, 637573.7 2453154, 637568.9 2453179, 637565.5 2453205, 637563.5 2453231, 637562.8 2453257, 637563.5 2453284, 637565.5 2453310, 637568.9 2453336, 637573.7 2453361, 637579.8 2453387, 637587.2 2453412, 637596 2453437, 637606 2453461, 637617.3 2453484, 637629.8 2453507, 637643.4 2453530, 637658.3 2453551, 637674.2 2453572, 637691.2 2453592, 637709.2 2453611, 637728.2 2453629, 637748.1 2453646, 637768.9 2453662, 637790.5 2453677, 637812.8 2453690, 637835.8 2453703, 637859.4 2453714, 637883.6 2453724, 637908.3 2453733, 637933.4 2453740, 637958.8 2453747, 637984.6 2453751, 638010.5 2453755, 638036.6 2453757, 638062.8 2453757, 638088.9 2453757, 638115 2453755, 638141 2453751, 638166.7 2453747, 638192.2 2453740, 638217.3 2453733, 638242 2453724, 638266.1 2453714, 638289.8 2453703, 638312.8 2453690, 638335.1 2453677, 638356.7 2453662, 638377.4 2453646, 638397.3 2453629, 638416.3 2453611, 638434.3 2453592, 638451.3 2453572, 638467.3 2453551, 638482.1 2453530, 638495.8 2453507, 638508.3 2453484, 638519.5 2453461, 638529.6 2453437, 638538.3 2453412, 638545.7 2453387, 638551.8 2453361, 638556.6 2453336, 638560 2453310, 638562.1 2453284, 638562.8 2453257))"
32,20260541,Forest,5138.793103448276,33.26277154901823,2.497802636835797,1,Dai,火葬,无,1,0,0,371,51.254423608818236,912.2386038484025,797.70654296875,5.329923629760742,101.64949248992902,6149.246549606323,198785.1104736328,0.4868916560579824,1,79,0,0,4349.246549606323,0.7072812115306653,1,0,-0.20192400988620832,0.979401191663291,8.544573526101653,3.5044388000891455,0.915411400109593,"POLYGON ((650682.6 2478782, 650681.9 2478756, 650679.8 2478730, 650676.4 2478704, 650671.6 2478678, 650665.5 2478653, 650658.1 2478627, 650649.4 2478603, 650639.3 2478579, 650628.1 2478555, 650615.6 2478532, 650601.9 2478510, 650587.1 2478488, 650571.1 2478467, 650554.1 2478447, 650536.1 2478428, 650517.1 2478410, 650497.2 2478393, 650476.5 2478377, 650454.9 2478363, 650432.6 2478349, 650409.6 2478336, 650385.9 2478325, 650361.7 2478315, 650337.1 2478306, 650312 2478299, 650286.5 2478293, 650260.8 2478288, 650234.8 2478285, 650208.7 2478283, 650182.6 2478282, 650156.4 2478283, 650130.3 2478285, 650104.3 2478288, 650078.6 2478293, 650053.2 2478299, 650028.1 2478306, 650003.4 2478315, 649979.2 2478325, 649955.6 2478336, 649932.6 2478349, 649910.2 2478363, 649888.7 2478377, 649867.9 2478393, 649848 2478410, 649829 2478428, 649811 2478447, 649794 2478467, 649778.1 2478488, 649763.2 2478510, 649749.5 2478532, 649737.1 2478555, 649725.8 2478579, 649715.8 2478603, 649707 2478627, 649699.6 2478653, 649693.5 2478678, 649688.7 2478704, 649685.3 2478730, 649683.2 2478756, 649682.6 2478782, 649683.2 2478808, 649685.3 2478834, 649688.7 2478860, 649693.5 2478886, 649699.6 2478911, 649707 2478936, 649715.8 2478961, 649725.8 2478985, 649737.1 2479009, 649749.5 2479032, 649763.2 2479054, 649778.1 2479076, 649794 2479097, 649811 2479117, 649829 2479136, 649848 2479154, 649867.9 2479171, 649888.7 2479186, 649910.2 2479201, 649932.6 2479215, 649955.6 2479227, 649979.2 2479239, 650003.4 2479249, 650028.1 2479257, 650053.2 2479265, 650078.6 2479271, 650104.3 2479276, 650130.3 2479279, 650156.4 2479281, 650182.6 2479282, 650208.7 2479281, 650234.8 2479279, 650260.8 2479276, 650286.5 2479271, 650312 2479265, 650337.1 2479257, 650361.7 2479249, 650385.9 2479239, 650409.6 2479227, 650432.6 2479215, 650454.9 2479201, 650476.5 2479186, 650497.2 2479171, 650517.1 2479154, 650536.1 2479136, 650554.1 2479117, 650571.1 2479097, 650587.1 2479076, 650601.9 2479054, 650615.6 2479032, 650628.1 2479009, 650639.3 2478985, 650649.4 2478961, 650658.1 2478936, 650665.5 2478911, 650671.6 2478886, 650676.4 2478860, 650679.8 2478834, 650681.9 2478808, 650682.6 2478782))"
32,20260541,Forest,5041.379310344828,62.39110124860256,1.6771919932337187,1,Dai,火葬,无,1,0,0,372,231.89630666347338,1053.7498428259887,792.2310791015625,5.128676414489746,148.946017126002,9662.96911239624,100150.94833374023,0.41989216074406804,1,80,0,0,7862.96911239624,0.8137218510104879,1,0,-0.8566816623175546,0.5158454511274007,8.525434996311342,4.133422657010395,0.5171209624142838,"POLYGON ((650676.3 2478096, 650675.7 2478070, 650673.6 2478044, 650670.2 2478018, 650665.4 2477992, 650659.3 2477967, 650651.9 2477942, 650643.1 2477917, 650633.1 2477893, 650621.8 2477869, 650609.4 2477846, 650595.7 2477824, 650580.9 2477802, 650564.9 2477782, 650547.9 2477762, 650529.9 2477743, 650510.9 2477725, 650491 2477708, 650470.2 2477692, 650448.7 2477677, 650426.3 2477663, 650403.3 2477651, 650379.7 2477640, 650355.5 2477629, 650330.9 2477621, 650305.8 2477613, 650280.3 2477607, 650254.6 2477602, 650228.6 2477599, 650202.5 2477597, 650176.3 2477596, 650150.2 2477597, 650124.1 2477599, 650098.1 2477602, 650072.4 2477607, 650046.9 2477613, 650021.8 2477621, 649997.2 2477629, 649973 2477640, 649949.3 2477651, 649926.3 2477663, 649904 2477677, 649882.5 2477692, 649861.7 2477708, 649841.8 2477725, 649822.8 2477743, 649804.8 2477762, 649787.8 2477782, 649771.8 2477802, 649757 2477824, 649743.3 2477846, 649730.8 2477869, 649719.6 2477893, 649709.6 2477917, 649700.8 2477942, 649693.4 2477967, 649687.3 2477992, 649682.5 2478018, 649679.1 2478044, 649677 2478070, 649676.3 2478096, 649677 2478122, 649679.1 2478149, 649682.5 2478174, 649687.3 2478200, 649693.4 2478226, 649700.8 2478251, 649709.6 2478275, 649719.6 2478300, 649730.8 2478323, 649743.3 2478346, 649757 2478369, 649771.8 2478390, 649787.8 2478411, 649804.8 2478431, 649822.8 2478450, 649841.8 2478468, 649861.7 2478485, 649882.5 2478501, 649904 2478516, 649926.3 2478529, 649949.3 2478542, 649973 2478553, 649997.2 2478563, 650021.8 2478572, 650046.9 2478579, 650072.4 2478585, 650098.1 2478590, 650124.1 2478594, 650150.2 2478596, 650176.3 2478596, 650202.5 2478596, 650228.6 2478594, 650254.6 2478590, 650280.3 2478585, 650305.8 2478579, 650330.9 2478572, 650355.5 2478563, 650379.7 2478553, 650403.3 2478542, 650426.3 2478529, 650448.7 2478516, 650470.2 2478501, 650491 2478485, 650510.9 2478468, 650529.9 2478450, 650547.9 2478431, 650564.9 2478411, 650580.9 2478390, 650595.7 2478369, 650609.4 2478346, 650621.8 2478323, 650633.1 2478300, 650643.1 2478275, 650651.9 2478251, 650659.3 2478226, 650665.4 2478200, 650670.2 2478174, 650673.6 2478149, 650675.7 2478122, 650676.3 2478096))"
32,20260541,Forest,5041.379310344828,62.39110124860256,1.6771919932337187,1,Dai,火葬,无,1,0,0,374,206.88160862220096,412.70200861563836,830.9930419921875,9.462969779968262,284.1631638101235,462085.1806640625,10059.433937072754,0.5066468951419261,1,81,302122.7325439453,0.6538247604256964,11673.45085144043,0.02526255188418836,1,0,0.2446840664027799,-0.9696028607881683,8.525434996311342,4.133422657010395,0.5171209624142838,"POLYGON ((652106.7 2476600, 652106 2476573, 652104 2476547, 652100.6 2476521, 652095.8 2476496, 652089.7 2476470, 652082.2 2476445, 652073.5 2476420, 652063.5 2476396, 652052.2 2476373, 652039.7 2476350, 652026 2476327, 652011.2 2476306, 651995.3 2476285, 651978.3 2476265, 651960.3 2476246, 651941.3 2476228, 651921.4 2476211, 651900.6 2476195, 651879 2476180, 651856.7 2476167, 651833.7 2476154, 651810.1 2476143, 651785.9 2476133, 651761.2 2476124, 651736.1 2476117, 651710.7 2476111, 651684.9 2476106, 651659 2476102, 651632.9 2476100, 651606.7 2476100, 651580.5 2476100, 651554.4 2476102, 651528.5 2476106, 651502.8 2476111, 651477.3 2476117, 651452.2 2476124, 651427.5 2476133, 651403.3 2476143, 651379.7 2476154, 651356.7 2476167, 651334.4 2476180, 651312.8 2476195, 651292.1 2476211, 651272.1 2476228, 651253.2 2476246, 651235.1 2476265, 651218.1 2476285, 651202.2 2476306, 651187.4 2476327, 651173.7 2476350, 651161.2 2476373, 651149.9 2476396, 651139.9 2476420, 651131.2 2476445, 651123.7 2476470, 651117.6 2476496, 651112.9 2476521, 651109.5 2476547, 651107.4 2476573, 651106.7 2476600, 651107.4 2476626, 651109.5 2476652, 651112.9 2476678, 651117.6 2476704, 651123.7 2476729, 651131.2 2476754, 651139.9 2476779, 651149.9 2476803, 651161.2 2476827, 651173.7 2476850, 651187.4 2476872, 651202.2 2476894, 651218.1 2476914, 651235.1 2476934, 651253.2 2476953, 651272.1 2476971, 651292.1 2476988, 651312.8 2477004, 651334.4 2477019, 651356.7 2477033, 651379.7 2477045, 651403.3 2477056, 651427.5 2477066, 651452.2 2477075, 651477.3 2477083, 651502.8 2477089, 651528.5 2477093, 651554.4 2477097, 651580.5 2477099, 651606.7 2477100, 651632.9 2477099, 651659 2477097, 651684.9 2477093, 651710.7 2477089, 651736.1 2477083, 651761.2 2477075, 651785.9 2477066, 651810.1 2477056, 651833.7 2477045, 651856.7 2477033, 651879 2477019, 651900.6 2477004, 651921.4 2476988, 651941.3 2476971, 651960.3 2476953, 651978.3 2476934, 651995.3 2476914, 652011.2 2476894, 652026 2476872, 652039.7 2476850, 652052.2 2476827, 652063.5 2476803, 652073.5 2476779, 652082.2 2476754, 652089.7 2476729, 652095.8 2476704, 652100.6 2476678, 652104 2476652, 652106 2476626, 652106.7 2476600))"
32,20260541,Forest,5282.758620689656,45.034925325073786,2.4836279339321936,1,Dai,火葬,无,1,0,0,384,601.7419325778624,211.7312937243765,799.54437255859375,5.2730712890625,131.78461846315923,200260.2310180664,9000,0.6417904034044711,1,82,146353.82080078125,0.7308181961878292,25807.703590393066,0.12887083700639912,1,0,-0.6663323168931276,0.7456549090992673,8.572203706302155,3.8074383070812012,0.9097203678008794,"POLYGON ((651103.1 2475763, 651102.4 2475736, 651100.4 2475710, 651097 2475684, 651092.2 2475659, 651086.1 2475633, 651078.6 2475608, 651069.9 2475583, 651059.9 2475559, 651048.6 2475536, 651036.1 2475513, 651022.5 2475490, 651007.6 2475469, 650991.7 2475448, 650974.7 2475428, 650956.7 2475409, 650937.7 2475391, 650917.8 2475374, 650897 2475358, 650875.4 2475343, 650853.1 2475330, 650830.1 2475317, 650806.5 2475306, 650782.3 2475296, 650757.6 2475287, 650732.5 2475280, 650707.1 2475273, 650681.3 2475269, 650655.4 2475265, 650629.3 2475263, 650603.1 2475263, 650577 2475263, 650550.9 2475265, 650524.9 2475269, 650499.2 2475273, 650473.7 2475280, 650448.6 2475287, 650423.9 2475296, 650399.8 2475306, 650376.1 2475317, 650353.1 2475330, 650330.8 2475343, 650309.2 2475358, 650288.5 2475374, 650268.6 2475391, 650249.6 2475409, 650231.5 2475428, 650214.5 2475448, 650198.6 2475469, 650183.8 2475490, 650170.1 2475513, 650157.6 2475536, 650146.3 2475559, 650136.3 2475583, 650127.6 2475608, 650120.2 2475633, 650114 2475659, 650109.3 2475684, 650105.9 2475710, 650103.8 2475736, 650103.1 2475763, 650103.8 2475789, 650105.9 2475815, 650109.3 2475841, 650114 2475867, 650120.2 2475892, 650127.6 2475917, 650136.3 2475942, 650146.3 2475966, 650157.6 2475990, 650170.1 2476013, 650183.8 2476035, 650198.6 2476056, 650214.5 2476077, 650231.5 2476097, 650249.6 2476116, 650268.6 2476134, 650288.5 2476151, 650309.2 2476167, 650330.8 2476182, 650353.1 2476196, 650376.1 2476208, 650399.8 2476219, 650423.9 2476229, 650448.6 2476238, 650473.7 2476246, 650499.2 2476252, 650524.9 2476256, 650550.9 2476260, 650577 2476262, 650603.1 2476263, 650629.3 2476262, 650655.4 2476260, 650681.3 2476256, 650707.1 2476252, 650732.5 2476246, 650757.6 2476238, 650782.3 2476229, 650806.5 2476219, 650830.1 2476208, 650853.1 2476196, 650875.4 2476182, 650897 2476167, 650917.8 2476151, 650937.7 2476134, 650956.7 2476116, 650974.7 2476097, 650991.7 2476077, 651007.6 2476056, 651022.5 2476035, 651036.1 2476013, 651048.6 2475990, 651059.9 2475966, 651069.9 2475942, 651078.6 2475917, 651086.1 2475892, 651092.2 2475867, 651097 2475841, 651100.4 2475815, 651102.4 2475789, 651103.1 2475763))"
32,20260541,Forest,5282.758620689656,45.034925325073786,2.4836279339321936,1,Dai,火葬,无,1,0,0,385,72.39559036416064,1029.2131023698134,833.9482421875,8.714137077331543,305.53262783082215,341604.0802001953,0,0.26406524274819565,1,83,144787.44506835938,0.4238457719343031,26794.062995910645,0.078436015694567,1,0,0.5811664702553301,-0.8137846974789834,8.572203706302155,3.8074383070812012,0.9097203678008794,"POLYGON ((652247.2 2475284, 652246.5 2475258, 652244.5 2475232, 652241.1 2475206, 652236.3 2475180, 652230.2 2475155, 652222.8 2475130, 652214 2475105, 652204 2475081, 652192.7 2475057, 652180.2 2475034, 652166.6 2475012, 652151.7 2474990, 652135.8 2474970, 652118.8 2474950, 652100.8 2474931, 652081.8 2474913, 652061.9 2474896, 652041.1 2474880, 652019.6 2474865, 651997.2 2474851, 651974.2 2474839, 651950.6 2474827, 651926.4 2474817, 651901.7 2474809, 651876.6 2474801, 651851.2 2474795, 651825.5 2474790, 651799.5 2474787, 651773.4 2474785, 651747.2 2474784, 651721.1 2474785, 651695 2474787, 651669 2474790, 651643.3 2474795, 651617.8 2474801, 651592.7 2474809, 651568 2474817, 651543.9 2474827, 651520.2 2474839, 651497.2 2474851, 651474.9 2474865, 651453.3 2474880, 651432.6 2474896, 651412.7 2474913, 651393.7 2474931, 651375.7 2474950, 651358.7 2474970, 651342.7 2474990, 651327.9 2475012, 651314.2 2475034, 651301.7 2475057, 651290.5 2475081, 651280.4 2475105, 651271.7 2475130, 651264.3 2475155, 651258.2 2475180, 651253.4 2475206, 651250 2475232, 651247.9 2475258, 651247.2 2475284, 651247.9 2475310, 651250 2475336, 651253.4 2475362, 651258.2 2475388, 651264.3 2475414, 651271.7 2475439, 651280.4 2475463, 651290.5 2475488, 651301.7 2475511, 651314.2 2475534, 651327.9 2475557, 651342.7 2475578, 651358.7 2475599, 651375.7 2475619, 651393.7 2475638, 651412.7 2475656, 651432.6 2475673, 651453.3 2475689, 651474.9 2475704, 651497.2 2475717, 651520.2 2475730, 651543.9 2475741, 651568 2475751, 651592.7 2475760, 651617.8 2475767, 651643.3 2475773, 651669 2475778, 651695 2475781, 651721.1 2475784, 651747.2 2475784, 651773.4 2475784, 651799.5 2475781, 651825.5 2475778, 651851.2 2475773, 651876.6 2475767, 651901.7 2475760, 651926.4 2475751, 651950.6 2475741, 651974.2 2475730, 651997.2 2475717, 652019.6 2475704, 652041.1 2475689, 652061.9 2475673, 652081.8 2475656, 652100.8 2475638, 652118.8 2475619, 652135.8 2475599, 652151.7 2475578, 652166.6 2475557, 652180.2 2475534, 652192.7 2475511, 652204 2475488, 652214 2475463, 652222.8 2475439, 652230.2 2475414, 652236.3 2475388, 652241.1 2475362, 652244.5 2475336, 652246.5 2475310, 652247.2 2475284))"
32,20260541,Forest,4379.310344827587,12.81155322983162,2.304106548279689,1,Dai,火葬,无,1,0,0,386,345.262009282469,311.1739031533394,1231.5745849609375,9.024701118469238,187.39800866431153,419530.59997558594,0,0.0765785195211568,1,84,0,0,240194.69604492188,0.5725320061490144,1,0,-0.9916756381220284,-0.12876113060729022,8.384646535454255,2.5503473599112674,0.8346929866774413,"POLYGON ((658441.2 2471115, 658440.5 2471089, 658438.5 2471063, 658435 2471037, 658430.3 2471011, 658424.2 2470986, 658416.7 2470961, 658408 2470936, 658398 2470912, 658386.7 2470888, 658374.2 2470865, 658360.5 2470843, 658345.7 2470821, 658329.8 2470801, 658312.8 2470781, 658294.7 2470762, 658275.8 2470744, 658255.9 2470727, 658235.1 2470711, 658213.5 2470696, 658191.2 2470682, 658168.2 2470670, 658144.6 2470658, 658120.4 2470648, 658095.7 2470640, 658070.6 2470632, 658045.1 2470626, 658019.4 2470621, 657993.5 2470618, 657967.4 2470616, 657941.2 2470615, 657915 2470616, 657888.9 2470618, 657863 2470621, 657837.2 2470626, 657811.8 2470632, 657786.7 2470640, 657762 2470648, 657737.8 2470658, 657714.2 2470670, 657691.2 2470682, 657668.9 2470696, 657647.3 2470711, 657626.5 2470727, 657606.6 2470744, 657587.6 2470762, 657569.6 2470781, 657552.6 2470801, 657536.7 2470821, 657521.9 2470843, 657508.2 2470865, 657495.7 2470888, 657484.4 2470912, 657474.4 2470936, 657465.7 2470961, 657458.2 2470986, 657452.1 2471011, 657447.3 2471037, 657443.9 2471063, 657441.9 2471089, 657441.2 2471115, 657441.9 2471141, 657443.9 2471167, 657447.3 2471193, 657452.1 2471219, 657458.2 2471245, 657465.7 2471270, 657474.4 2471294, 657484.4 2471319, 657495.7 2471342, 657508.2 2471365, 657521.9 2471388, 657536.7 2471409, 657552.6 2471430, 657569.6 2471450, 657587.6 2471469, 657606.6 2471487, 657626.5 2471504, 657647.3 2471520, 657668.9 2471535, 657691.2 2471548, 657714.2 2471561, 657737.8 2471572, 657762 2471582, 657786.7 2471591, 657811.8 2471598, 657837.2 2471604, 657863 2471609, 657888.9 2471612, 657915 2471615, 657941.2 2471615, 657967.4 2471615, 657993.5 2471612, 658019.4 2471609, 658045.1 2471604, 658070.6 2471598, 658095.7 2471591, 658120.4 2471582, 658144.6 2471572, 658168.2 2471561, 658191.2 2471548, 658213.5 2471535, 658235.1 2471520, 658255.9 2471504, 658275.8 2471487, 658294.7 2471469, 658312.8 2471450, 658329.8 2471430, 658345.7 2471409, 658360.5 2471388, 658374.2 2471365, 658386.7 2471342, 658398 2471319, 658408 2471294, 658416.7 2471270, 658424.2 2471245, 658430.3 2471219, 658435 2471193, 658438.5 2471167, 658440.5 2471141, 658441.2 2471115))"
32,20260541,Forest,3582.2736762193963,128.48206221372232,0.9385007278020379,1,Dai,火葬,有,1,0,0,407,521.9291789614742,891.3449100651519,704.26080322265625,9.04515266418457,354.3817655775202,346116.8243408203,30495.063400268555,0.24186616145447234,1,85,5417.19446182251,0.015651346831057865,2168.17524433136,0.00626428734997396,1,0,0.9951962937552109,-0.09789962663816386,8.183752982890077,4.855789300923641,-0.06347164746089516,"POLYGON ((668679.4 2380323, 668678.7 2380297, 668676.6 2380271, 668673.2 2380245, 668668.4 2380219, 668662.3 2380194, 668654.9 2380169, 668646.2 2380144, 668636.1 2380120, 668624.9 2380096, 668612.4 2380073, 668598.7 2380051, 668583.9 2380029, 668567.9 2380008, 668550.9 2379989, 668532.9 2379970, 668513.9 2379951, 668494 2379934, 668473.3 2379919, 668451.7 2379904, 668429.4 2379890, 668406.4 2379878, 668382.7 2379866, 668358.5 2379856, 668333.9 2379848, 668308.8 2379840, 668283.3 2379834, 668257.6 2379829, 668231.6 2379826, 668205.5 2379824, 668179.4 2379823, 668153.2 2379824, 668127.1 2379826, 668101.1 2379829, 668075.4 2379834, 668050 2379840, 668024.9 2379848, 668000.2 2379856, 667976 2379866, 667952.4 2379878, 667929.4 2379890, 667907 2379904, 667885.5 2379919, 667864.7 2379934, 667844.8 2379951, 667825.8 2379970, 667807.8 2379989, 667790.8 2380008, 667774.9 2380029, 667760 2380051, 667746.3 2380073, 667733.9 2380096, 667722.6 2380120, 667712.6 2380144, 667703.8 2380169, 667696.4 2380194, 667690.3 2380219, 667685.5 2380245, 667682.1 2380271, 667680 2380297, 667679.4 2380323, 667680 2380349, 667682.1 2380375, 667685.5 2380401, 667690.3 2380427, 667696.4 2380452, 667703.8 2380478, 667712.6 2380502, 667722.6 2380526, 667733.9 2380550, 667746.3 2380573, 667760 2380595, 667774.9 2380617, 667790.8 2380638, 667807.8 2380658, 667825.8 2380677, 667844.8 2380695, 667864.7 2380712, 667885.5 2380728, 667907 2380742, 667929.4 2380756, 667952.4 2380769, 667976 2380780, 668000.2 2380790, 668024.9 2380799, 668050 2380806, 668075.4 2380812, 668101.1 2380817, 668127.1 2380820, 668153.2 2380822, 668179.4 2380823, 668205.5 2380822, 668231.6 2380820, 668257.6 2380817, 668283.3 2380812, 668308.8 2380806, 668333.9 2380799, 668358.5 2380790, 668382.7 2380780, 668406.4 2380769, 668429.4 2380756, 668451.7 2380742, 668473.3 2380728, 668494 2380712, 668513.9 2380695, 668532.9 2380677, 668550.9 2380658, 668567.9 2380638, 668583.9 2380617, 668598.7 2380595, 668612.4 2380573, 668624.9 2380550, 668636.1 2380526, 668646.2 2380502, 668654.9 2380478, 668662.3 2380452, 668668.4 2380427, 668673.2 2380401, 668676.6 2380375, 668678.7 2380349, 668679.4 2380323))"
32,20260541,Forest,10271.398747390396,199.1808959632561,0.9636983553951063,1,Dai,火葬,有,1,0,0,424,626.2163533541432,984.1095254424614,664.91864013671875,2.753854990005493,302.91159370601844,1245.7276225090027,268044.9279785156,0.621627437580793,1,87,0,0,1245.7276225090027,1,1,0,0.5433443345173559,-0.839509936896456,9.237118491057576,5.2942134367525195,-0.036976942679110336,"POLYGON ((672886.9 2382215, 672886.2 2382189, 672884.2 2382162, 672880.8 2382137, 672876 2382111, 672869.9 2382085, 672862.4 2382060, 672853.7 2382036, 672843.7 2382011, 672832.4 2381988, 672819.9 2381965, 672806.2 2381942, 672791.4 2381921, 672775.5 2381900, 672758.5 2381880, 672740.5 2381861, 672721.5 2381843, 672701.6 2381826, 672680.8 2381810, 672659.2 2381795, 672636.9 2381782, 672613.9 2381769, 672590.3 2381758, 672566.1 2381748, 672541.4 2381739, 672516.3 2381732, 672490.9 2381726, 672465.1 2381721, 672439.2 2381717, 672413.1 2381715, 672386.9 2381715, 672360.7 2381715, 672334.7 2381717, 672308.7 2381721, 672283 2381726, 672257.5 2381732, 672232.4 2381739, 672207.7 2381748, 672183.5 2381758, 672159.9 2381769, 672136.9 2381782, 672114.6 2381795, 672093 2381810, 672072.3 2381826, 672052.3 2381843, 672033.4 2381861, 672015.3 2381880, 671998.3 2381900, 671982.4 2381921, 671967.6 2381942, 671953.9 2381965, 671941.4 2381988, 671930.1 2382011, 671920.1 2382036, 671911.4 2382060, 671904 2382085, 671897.8 2382111, 671893.1 2382137, 671889.7 2382162, 671887.6 2382189, 671886.9 2382215, 671887.6 2382241, 671889.7 2382267, 671893.1 2382293, 671897.8 2382319, 671904 2382344, 671911.4 2382369, 671920.1 2382394, 671930.1 2382418, 671941.4 2382442, 671953.9 2382465, 671967.6 2382487, 671982.4 2382509, 671998.3 2382529, 672015.3 2382549, 672033.4 2382568, 672052.3 2382586, 672072.3 2382603, 672093 2382619, 672114.6 2382634, 672136.9 2382648, 672159.9 2382660, 672183.5 2382672, 672207.7 2382682, 672232.4 2382690, 672257.5 2382698, 672283 2382704, 672308.7 2382709, 672334.7 2382712, 672360.7 2382714, 672386.9 2382715, 672413.1 2382714, 672439.2 2382712, 672465.1 2382709, 672490.9 2382704, 672516.3 2382698, 672541.4 2382690, 672566.1 2382682, 672590.3 2382672, 672613.9 2382660, 672636.9 2382648, 672659.2 2382634, 672680.8 2382619, 672701.6 2382603, 672721.5 2382586, 672740.5 2382568, 672758.5 2382549, 672775.5 2382529, 672791.4 2382509, 672806.2 2382487, 672819.9 2382465, 672832.4 2382442, 672843.7 2382418, 672853.7 2382394, 672862.4 2382369, 672869.9 2382344, 672876 2382319, 672880.8 2382293, 672884.2 2382267, 672886.2 2382241, 672886.9 2382215))"
32,20260541,Forest,3582.2736762193963,128.48206221372232,0.9385007278020379,1,Dai,火葬,有,1,0,0,425,1082.7074436254888,1510.588386029367,751.45245361328125,8.388432502746582,257.3808903989037,111752.95028686523,47750.997161865234,0.04067544154657598,1,88,46682.5080871582,0.4177295361538655,270.43852508068085,0.0024199676553189535,1,0,-0.21846872234233636,-0.975843951335513,8.183752982890077,4.855789300923641,-0.06347164746089516,"POLYGON ((667336 2385604, 667335.3 2385577, 667333.2 2385551, 667329.8 2385525, 667325 2385500, 667318.9 2385474, 667311.5 2385449, 667302.8 2385424, 667292.7 2385400, 667281.5 2385377, 667269 2385354, 667255.3 2385331, 667240.5 2385310, 667224.5 2385289, 667207.5 2385269, 667189.5 2385250, 667170.5 2385232, 667150.6 2385215, 667129.9 2385199, 667108.3 2385184, 667086 2385171, 667063 2385158, 667039.3 2385147, 667015.1 2385137, 666990.5 2385128, 666965.4 2385121, 666939.9 2385114, 666914.2 2385110, 666888.2 2385106, 666862.1 2385104, 666836 2385104, 666809.8 2385104, 666783.7 2385106, 666757.7 2385110, 666732 2385114, 666706.6 2385121, 666681.5 2385128, 666656.8 2385137, 666632.6 2385147, 666609 2385158, 666586 2385171, 666563.6 2385184, 666542.1 2385199, 666521.3 2385215, 666501.4 2385232, 666482.4 2385250, 666464.4 2385269, 666447.4 2385289, 666431.5 2385310, 666416.6 2385331, 666403 2385354, 666390.5 2385377, 666379.2 2385400, 666369.2 2385424, 666360.4 2385449, 666353 2385474, 666346.9 2385500, 666342.1 2385525, 666338.7 2385551, 666336.7 2385577, 666336 2385604, 666336.7 2385630, 666338.7 2385656, 666342.1 2385682, 666346.9 2385708, 666353 2385733, 666360.4 2385758, 666369.2 2385783, 666379.2 2385807, 666390.5 2385831, 666403 2385854, 666416.6 2385876, 666431.5 2385897, 666447.4 2385918, 666464.4 2385938, 666482.4 2385957, 666501.4 2385975, 666521.3 2385992, 666542.1 2386008, 666563.6 2386023, 666586 2386037, 666609 2386049, 666632.6 2386060, 666656.8 2386070, 666681.5 2386079, 666706.6 2386087, 666732 2386093, 666757.7 2386097, 666783.7 2386101, 666809.8 2386103, 666836 2386104, 666862.1 2386103, 666888.2 2386101, 666914.2 2386097, 666939.9 2386093, 666965.4 2386087, 666990.5 2386079, 667015.1 2386070, 667039.3 2386060, 667063 2386049, 667086 2386037, 667108.3 2386023, 667129.9 2386008, 667150.6 2385992, 667170.5 2385975, 667189.5 2385957, 667207.5 2385938, 667224.5 2385918, 667240.5 2385897, 667255.3 2385876, 667269 2385854, 667281.5 2385831, 667292.7 2385807, 667302.8 2385783, 667311.5 2385758, 667318.9 2385733, 667325 2385708, 667329.8 2385682, 667333.2 2385656, 667335.3 2385630, 667336 2385604))"
32,20260541,Forest,3582.2736762193963,128.48206221372232,0.9385007278020379,1,Dai,火葬,有,1,0,0,426,82.92726935966712,433.5838551575159,721.61199951171875,9.991607666015625,93.4057898478569,6609.1020584106445,43328.45420837402,0.5760481321487828,1,89,6609.1020584106445,1,0,0,1,0,-0.059407247312531816,0.9982338298047946,8.183752982890077,4.855789300923641,-0.06347164746089516,"POLYGON ((667659.2 2383711, 667658.5 2383685, 667656.5 2383659, 667653.1 2383633, 667648.3 2383607, 667642.2 2383582, 667634.7 2383557, 667626 2383532, 667616 2383508, 667604.7 2383484, 667592.2 2383461, 667578.6 2383439, 667563.7 2383417, 667547.8 2383396, 667530.8 2383376, 667512.8 2383358, 667493.8 2383339, 667473.9 2383322, 667453.1 2383307, 667431.5 2383292, 667409.2 2383278, 667386.2 2383266, 667362.6 2383254, 667338.4 2383244, 667313.7 2383236, 667288.6 2383228, 667263.2 2383222, 667237.4 2383217, 667211.5 2383214, 667185.4 2383212, 667159.2 2383211, 667133.1 2383212, 667107 2383214, 667081 2383217, 667055.3 2383222, 667029.8 2383228, 667004.7 2383236, 666980 2383244, 666955.8 2383254, 666932.2 2383266, 666909.2 2383278, 666886.9 2383292, 666865.3 2383307, 666844.6 2383322, 666824.7 2383339, 666805.7 2383358, 666787.6 2383376, 666770.6 2383396, 666754.7 2383417, 666739.9 2383439, 666726.2 2383461, 666713.7 2383484, 666702.4 2383508, 666692.4 2383532, 666683.7 2383557, 666676.3 2383582, 666670.1 2383607, 666665.4 2383633, 666662 2383659, 666659.9 2383685, 666659.2 2383711, 666659.9 2383737, 666662 2383763, 666665.4 2383789, 666670.1 2383815, 666676.3 2383840, 666683.7 2383866, 666692.4 2383890, 666702.4 2383914, 666713.7 2383938, 666726.2 2383961, 666739.9 2383983, 666754.7 2384005, 666770.6 2384026, 666787.6 2384046, 666805.7 2384065, 666824.7 2384083, 666844.6 2384100, 666865.3 2384116, 666886.9 2384130, 666909.2 2384144, 666932.2 2384157, 666955.8 2384168, 666980 2384178, 667004.7 2384187, 667029.8 2384194, 667055.3 2384200, 667081 2384205, 667107 2384208, 667133.1 2384210, 667159.2 2384211, 667185.4 2384210, 667211.5 2384208, 667237.4 2384205, 667263.2 2384200, 667288.6 2384194, 667313.7 2384187, 667338.4 2384178, 667362.6 2384168, 667386.2 2384157, 667409.2 2384144, 667431.5 2384130, 667453.1 2384116, 667473.9 2384100, 667493.8 2384083, 667512.8 2384065, 667530.8 2384046, 667547.8 2384026, 667563.7 2384005, 667578.6 2383983, 667592.2 2383961, 667604.7 2383938, 667616 2383914, 667626 2383890, 667634.7 2383866, 667642.2 2383840, 667648.3 2383815, 667653.1 2383789, 667656.5 2383763, 667658.5 2383737, 667659.2 2383711))"
32,20260541,Forest,10271.398747390396,199.1808959632561,0.9636983553951063,1,Dai,火葬,有,1,0,0,428,435.170622924725,1137.3727963708122,687.51141357421875,6.766674518585205,324.7073938478091,157500,77100.88348388672,0.3354813901245668,1,90,13500,0.08571428571428572,0,0,1,0,0.816212154070633,-0.5777522994738984,9.237118491057576,5.2942134367525195,-0.036976942679110336,"POLYGON ((670764.1 2383117, 670763.4 2383091, 670761.4 2383065, 670758 2383039, 670753.2 2383013, 670747.1 2382988, 670739.6 2382963, 670730.9 2382938, 670720.9 2382914, 670709.6 2382890, 670697.1 2382867, 670683.5 2382845, 670668.6 2382823, 670652.7 2382803, 670635.7 2382783, 670617.7 2382764, 670598.7 2382746, 670578.8 2382729, 670558 2382713, 670536.4 2382698, 670514.1 2382684, 670491.1 2382672, 670467.5 2382660, 670443.3 2382650, 670418.6 2382642, 670393.5 2382634, 670368.1 2382628, 670342.3 2382623, 670316.4 2382620, 670290.3 2382618, 670264.1 2382617, 670238 2382618, 670211.9 2382620, 670185.9 2382623, 670160.2 2382628, 670134.7 2382634, 670109.6 2382642, 670084.9 2382650, 670060.8 2382660, 670037.1 2382672, 670014.1 2382684, 669991.8 2382698, 669970.2 2382713, 669949.5 2382729, 669929.6 2382746, 669910.6 2382764, 669892.5 2382783, 669875.5 2382803, 669859.6 2382823, 669844.8 2382845, 669831.1 2382867, 669818.6 2382890, 669807.3 2382914, 669797.3 2382938, 669788.6 2382963, 669781.2 2382988, 669775 2383013, 669770.3 2383039, 669766.9 2383065, 669764.8 2383091, 669764.1 2383117, 669764.8 2383143, 669766.9 2383169, 669770.3 2383195, 669775 2383221, 669781.2 2383247, 669788.6 2383272, 669797.3 2383296, 669807.3 2383321, 669818.6 2383344, 669831.1 2383367, 669844.8 2383390, 669859.6 2383411, 669875.5 2383432, 669892.5 2383452, 669910.6 2383471, 669929.6 2383489, 669949.5 2383506, 669970.2 2383522, 669991.8 2383537, 670014.1 2383550, 670037.1 2383563, 670060.8 2383574, 670084.9 2383584, 670109.6 2383593, 670134.7 2383600, 670160.2 2383606, 670185.9 2383611, 670211.9 2383614, 670238 2383617, 670264.1 2383617, 670290.3 2383617, 670316.4 2383614, 670342.3 2383611, 670368.1 2383606, 670393.5 2383600, 670418.6 2383593, 670443.3 2383584, 670467.5 2383574, 670491.1 2383563, 670514.1 2383550, 670536.4 2383537, 670558 2383522, 670578.8 2383506, 670598.7 2383489, 670617.7 2383471, 670635.7 2383452, 670652.7 2383432, 670668.6 2383411, 670683.5 2383390, 670697.1 2383367, 670709.6 2383344, 670720.9 2383321, 670730.9 2383296, 670739.6 2383272, 670747.1 2383247, 670753.2 2383221, 670758 2383195, 670761.4 2383169, 670763.4 2383143, 670764.1 2383117))"
32,20260541,Forest,4740.827023878858,28.393067437574942,2.9508196721311477,1,Dai,土葬,无,1,0,0,528,510.69855275861715,1274.1316832842142,923.431640625,4.928971767425537,219.11762647943425,680263.65966796875,0,0.13778860069490628,1,93,299571.4599609375,0.44037551573334954,51170.69778442383,0.07522186002027484,1,0,-0.7758523491766329,-0.630914520578739,8.463966877081248,3.346145011058112,1.0820829867168993,"POLYGON ((682642.6 2481539, 682641.9 2481513, 682639.9 2481487, 682636.5 2481461, 682631.7 2481435, 682625.6 2481410, 682618.1 2481385, 682609.4 2481360, 682599.4 2481336, 682588.1 2481312, 682575.6 2481289, 682561.9 2481267, 682547.1 2481245, 682531.2 2481225, 682514.2 2481205, 682496.2 2481186, 682477.2 2481168, 682457.3 2481151, 682436.5 2481135, 682414.9 2481120, 682392.6 2481106, 682369.6 2481094, 682346 2481083, 682321.8 2481073, 682297.1 2481064, 682272 2481056, 682246.6 2481050, 682220.8 2481046, 682194.9 2481042, 682168.8 2481040, 682142.6 2481039, 682116.4 2481040, 682090.3 2481042, 682064.4 2481046, 682038.7 2481050, 682013.2 2481056, 681988.1 2481064, 681963.4 2481073, 681939.2 2481083, 681915.6 2481094, 681892.6 2481106, 681870.3 2481120, 681848.7 2481135, 681828 2481151, 681808 2481168, 681789.1 2481186, 681771 2481205, 681754 2481225, 681738.1 2481245, 681723.3 2481267, 681709.6 2481289, 681697.1 2481312, 681685.8 2481336, 681675.8 2481360, 681667.1 2481385, 681659.7 2481410, 681653.5 2481435, 681648.8 2481461, 681645.4 2481487, 681643.3 2481513, 681642.6 2481539, 681643.3 2481566, 681645.4 2481592, 681648.8 2481618, 681653.5 2481643, 681659.7 2481669, 681667.1 2481694, 681675.8 2481719, 681685.8 2481743, 681697.1 2481766, 681709.6 2481789, 681723.3 2481812, 681738.1 2481833, 681754 2481854, 681771 2481874, 681789.1 2481893, 681808 2481911, 681828 2481928, 681848.7 2481944, 681870.3 2481959, 681892.6 2481972, 681915.6 2481985, 681939.2 2481996, 681963.4 2482006, 681988.1 2482015, 682013.2 2482022, 682038.7 2482028, 682064.4 2482033, 682090.3 2482037, 682116.4 2482039, 682142.6 2482039, 682168.8 2482039, 682194.9 2482037, 682220.8 2482033, 682246.6 2482028, 682272 2482022, 682297.1 2482015, 682321.8 2482006, 682346 2481996, 682369.6 2481985, 682392.6 2481972, 682414.9 2481959, 682436.5 2481944, 682457.3 2481928, 682477.2 2481911, 682496.2 2481893, 682514.2 2481874, 682531.2 2481854, 682547.1 2481833, 682561.9 2481812, 682575.6 2481789, 682588.1 2481766, 682599.4 2481743, 682609.4 2481719, 682618.1 2481694, 682625.6 2481669, 682631.7 2481643, 682636.5 2481618, 682639.9 2481592, 682641.9 2481566, 682642.6 2481539))"
32,20260541,Forest,4740.827023878858,28.393067437574942,2.9508196721311477,1,Dai,土葬,无,1,0,0,529,797.6793763930077,1196.2928219107973,947.7213134765625,7.426086902618408,20.226614988682698,785039.3371582031,0,0.024583537054423746,1,94,338804.18701171875,0.4315760637399016,47274.478912353516,0.060219248481846004,1,0,0.9383325238749654,0.3457341097410517,8.463966877081248,3.346145011058112,1.0820829867168993,"POLYGON ((682872.7 2481105, 682872 2481079, 682869.9 2481053, 682866.5 2481027, 682861.8 2481001, 682855.7 2480975, 682848.2 2480950, 682839.5 2480926, 682829.5 2480901, 682818.2 2480878, 682805.7 2480855, 682792 2480833, 682777.2 2480811, 682761.3 2480790, 682744.3 2480770, 682726.2 2480751, 682707.3 2480733, 682687.3 2480716, 682666.6 2480700, 682645 2480686, 682622.7 2480672, 682599.7 2480659, 682576.1 2480648, 682551.9 2480638, 682527.2 2480629, 682502.1 2480622, 682476.6 2480616, 682450.9 2480611, 682425 2480608, 682398.9 2480606, 682372.7 2480605, 682346.5 2480606, 682320.4 2480608, 682294.5 2480611, 682268.7 2480616, 682243.3 2480622, 682218.2 2480629, 682193.5 2480638, 682169.3 2480648, 682145.7 2480659, 682122.7 2480672, 682100.4 2480686, 682078.8 2480700, 682058 2480716, 682038.1 2480733, 682019.1 2480751, 682001.1 2480770, 681984.1 2480790, 681968.2 2480811, 681953.4 2480833, 681939.7 2480855, 681927.2 2480878, 681915.9 2480901, 681905.9 2480926, 681897.2 2480950, 681889.7 2480975, 681883.6 2481001, 681878.8 2481027, 681875.4 2481053, 681873.4 2481079, 681872.7 2481105, 681873.4 2481131, 681875.4 2481157, 681878.8 2481183, 681883.6 2481209, 681889.7 2481234, 681897.2 2481259, 681905.9 2481284, 681915.9 2481308, 681927.2 2481332, 681939.7 2481355, 681953.4 2481377, 681968.2 2481399, 681984.1 2481420, 682001.1 2481439, 682019.1 2481458, 682038.1 2481476, 682058 2481493, 682078.8 2481509, 682100.4 2481524, 682122.7 2481538, 682145.7 2481550, 682169.3 2481562, 682193.5 2481572, 682218.2 2481580, 682243.3 2481588, 682268.7 2481594, 682294.5 2481599, 682320.4 2481602, 682346.5 2481604, 682372.7 2481605, 682398.9 2481604, 682425 2481602, 682450.9 2481599, 682476.6 2481594, 682502.1 2481588, 682527.2 2481580, 682551.9 2481572, 682576.1 2481562, 682599.7 2481550, 682622.7 2481538, 682645 2481524, 682666.6 2481509, 682687.3 2481493, 682707.3 2481476, 682726.2 2481458, 682744.3 2481439, 682761.3 2481420, 682777.2 2481399, 682792 2481377, 682805.7 2481355, 682818.2 2481332, 682829.5 2481308, 682839.5 2481284, 682848.2 2481259, 682855.7 2481234, 682861.8 2481209, 682866.5 2481183, 682869.9 2481157, 682872 2481131, 682872.7 2481105))"
32,20260541,Forest,5152.0093185789165,31.010082017237615,3.867597133157299,1,Dai,土葬,无,1,0,0,575,319.2239345713028,1104.307997649653,912.3970947265625,2.266026496887207,234.5615453738787,281296.6094970703,0,0.4003899509741265,1,95,179273.583984375,0.6373115705336723,68303.9794921875,0.24281835324751358,1,0,-0.5798281228710974,-0.8147388219102976,8.547142076512934,3.4343123779730202,1.3526334183810655,"POLYGON ((684791.6 2486383, 684791 2486357, 684788.9 2486331, 684785.5 2486305, 684780.7 2486279, 684774.6 2486254, 684767.2 2486229, 684758.4 2486204, 684748.4 2486180, 684737.1 2486156, 684724.7 2486133, 684711 2486111, 684696.1 2486089, 684680.2 2486069, 684663.2 2486049, 684645.2 2486030, 684626.2 2486012, 684606.3 2485995, 684585.5 2485979, 684564 2485964, 684541.6 2485950, 684518.6 2485938, 684495 2485927, 684470.8 2485917, 684446.1 2485908, 684421 2485900, 684395.6 2485894, 684369.9 2485889, 684343.9 2485886, 684317.8 2485884, 684291.6 2485883, 684265.5 2485884, 684239.4 2485886, 684213.4 2485889, 684187.7 2485894, 684162.2 2485900, 684137.1 2485908, 684112.5 2485917, 684088.3 2485927, 684064.6 2485938, 684041.6 2485950, 684019.3 2485964, 683997.7 2485979, 683977 2485995, 683957.1 2486012, 683938.1 2486030, 683920.1 2486049, 683903.1 2486069, 683887.1 2486089, 683872.3 2486111, 683858.6 2486133, 683846.1 2486156, 683834.9 2486180, 683824.8 2486204, 683816.1 2486229, 683808.7 2486254, 683802.6 2486279, 683797.8 2486305, 683794.4 2486331, 683792.3 2486357, 683791.6 2486383, 683792.3 2486409, 683794.4 2486436, 683797.8 2486462, 683802.6 2486487, 683808.7 2486513, 683816.1 2486538, 683824.8 2486562, 683834.9 2486587, 683846.1 2486610, 683858.6 2486633, 683872.3 2486656, 683887.1 2486677, 683903.1 2486698, 683920.1 2486718, 683938.1 2486737, 683957.1 2486755, 683977 2486772, 683997.7 2486788, 684019.3 2486803, 684041.6 2486816, 684064.6 2486829, 684088.3 2486840, 684112.5 2486850, 684137.1 2486859, 684162.2 2486866, 684187.7 2486872, 684213.4 2486877, 684239.4 2486881, 684265.5 2486883, 684291.6 2486883, 684317.8 2486883, 684343.9 2486881, 684369.9 2486877, 684395.6 2486872, 684421 2486866, 684446.1 2486859, 684470.8 2486850, 684495 2486840, 684518.6 2486829, 684541.6 2486816, 684564 2486803, 684585.5 2486788, 684606.3 2486772, 684626.2 2486755, 684645.2 2486737, 684663.2 2486718, 684680.2 2486698, 684696.1 2486677, 684711 2486656, 684724.7 2486633, 684737.1 2486610, 684748.4 2486587, 684758.4 2486562, 684767.2 2486538, 684774.6 2486513, 684780.7 2486487, 684785.5 2486462, 684788.9 2486436, 684791 2486409, 684791.6 2486383))"
32,20260541,Forest,5152.0093185789165,31.010082017237615,3.867597133157299,1,Dai,土葬,无,1,0,0,576,415.7715179605235,1114.7538874093789,916.0458984375,2.742849349975586,281.88493263826757,330061.04736328125,0,0.28972156545623506,1,96,205408.3282470703,0.6223343526538225,74064.09072875977,0.22439512726638483,1,0,0.2059468547988445,-0.9785631778267889,8.547142076512934,3.4343123779730202,1.3526334183810655,"POLYGON ((684886.1 2486404, 684885.4 2486378, 684883.3 2486352, 684879.9 2486326, 684875.2 2486300, 684869 2486275, 684861.6 2486250, 684852.9 2486225, 684842.9 2486201, 684831.6 2486177, 684819.1 2486154, 684805.4 2486132, 684790.6 2486111, 684774.7 2486090, 684757.7 2486070, 684739.6 2486051, 684720.6 2486033, 684700.7 2486016, 684680 2486000, 684658.4 2485985, 684636.1 2485971, 684613.1 2485959, 684589.4 2485948, 684565.3 2485938, 684540.6 2485929, 684515.5 2485921, 684490 2485915, 684464.3 2485911, 684438.3 2485907, 684412.2 2485905, 684386.1 2485904, 684359.9 2485905, 684333.8 2485907, 684307.9 2485911, 684282.1 2485915, 684256.7 2485921, 684231.6 2485929, 684206.9 2485938, 684182.7 2485948, 684159.1 2485959, 684136.1 2485971, 684113.8 2485985, 684092.2 2486000, 684071.4 2486016, 684051.5 2486033, 684032.5 2486051, 684014.5 2486070, 683997.5 2486090, 683981.6 2486111, 683966.7 2486132, 683953.1 2486154, 683940.6 2486177, 683929.3 2486201, 683919.3 2486225, 683910.6 2486250, 683903.1 2486275, 683897 2486300, 683892.2 2486326, 683888.8 2486352, 683886.8 2486378, 683886.1 2486404, 683886.8 2486431, 683888.8 2486457, 683892.2 2486483, 683897 2486508, 683903.1 2486534, 683910.6 2486559, 683919.3 2486584, 683929.3 2486608, 683940.6 2486631, 683953.1 2486654, 683966.7 2486677, 683981.6 2486698, 683997.5 2486719, 684014.5 2486739, 684032.5 2486758, 684051.5 2486776, 684071.4 2486793, 684092.2 2486809, 684113.8 2486824, 684136.1 2486837, 684159.1 2486850, 684182.7 2486861, 684206.9 2486871, 684231.6 2486880, 684256.7 2486887, 684282.1 2486893, 684307.9 2486898, 684333.8 2486902, 684359.9 2486904, 684386.1 2486904, 684412.2 2486904, 684438.3 2486902, 684464.3 2486898, 684490 2486893, 684515.5 2486887, 684540.6 2486880, 684565.3 2486871, 684589.4 2486861, 684613.1 2486850, 684636.1 2486837, 684658.4 2486824, 684680 2486809, 684700.7 2486793, 684720.6 2486776, 684739.6 2486758, 684757.7 2486739, 684774.7 2486719, 684790.6 2486698, 684805.4 2486677, 684819.1 2486654, 684831.6 2486631, 684842.9 2486608, 684852.9 2486584, 684861.6 2486559, 684869 2486534, 684875.2 2486508, 684879.9 2486483, 684883.3 2486457, 684885.4 2486431, 684886.1 2486404))"
32,20260541,Forest,5152.0093185789165,31.010082017237615,3.867597133157299,1,Dai,土葬,无,1,0,0,577,292.82012770960716,272.05918673542163,945.54620361328125,4.955063819885254,150.05618933608386,497642.98095703125,0,0.5723110632960153,1,97,309724.7772216797,0.6223834939378412,7710.007667541504,0.015493050163621661,1,0,-0.8665153317151669,0.4991504581812525,8.547142076512934,3.4343123779730202,1.3526334183810655,"POLYGON ((682300.5 2486571, 682299.8 2486545, 682297.8 2486519, 682294.3 2486493, 682289.6 2486467, 682283.5 2486442, 682276 2486417, 682267.3 2486392, 682257.3 2486368, 682246 2486344, 682233.5 2486321, 682219.8 2486299, 682205 2486277, 682189.1 2486256, 682172.1 2486237, 682154 2486218, 682135.1 2486200, 682115.2 2486183, 682094.4 2486167, 682072.8 2486152, 682050.5 2486138, 682027.5 2486126, 682003.9 2486114, 681979.7 2486104, 681955 2486096, 681929.9 2486088, 681904.4 2486082, 681878.7 2486077, 681852.8 2486074, 681826.7 2486072, 681800.5 2486071, 681774.3 2486072, 681748.2 2486074, 681722.3 2486077, 681696.5 2486082, 681671.1 2486088, 681646 2486096, 681621.3 2486104, 681597.1 2486114, 681573.5 2486126, 681550.5 2486138, 681528.2 2486152, 681506.6 2486167, 681485.8 2486183, 681465.9 2486200, 681446.9 2486218, 681428.9 2486237, 681411.9 2486256, 681396 2486277, 681381.2 2486299, 681367.5 2486321, 681355 2486344, 681343.7 2486368, 681333.7 2486392, 681325 2486417, 681317.5 2486442, 681311.4 2486467, 681306.6 2486493, 681303.2 2486519, 681301.2 2486545, 681300.5 2486571, 681301.2 2486597, 681303.2 2486623, 681306.6 2486649, 681311.4 2486675, 681317.5 2486701, 681325 2486726, 681333.7 2486750, 681343.7 2486775, 681355 2486798, 681367.5 2486821, 681381.2 2486843, 681396 2486865, 681411.9 2486886, 681428.9 2486906, 681446.9 2486925, 681465.9 2486943, 681485.8 2486960, 681506.6 2486976, 681528.2 2486990, 681550.5 2487004, 681573.5 2487017, 681597.1 2487028, 681621.3 2487038, 681646 2487047, 681671.1 2487054, 681696.5 2487060, 681722.3 2487065, 681748.2 2487068, 681774.3 2487070, 681800.5 2487071, 681826.7 2487070, 681852.8 2487068, 681878.7 2487065, 681904.4 2487060, 681929.9 2487054, 681955 2487047, 681979.7 2487038, 682003.9 2487028, 682027.5 2487017, 682050.5 2487004, 682072.8 2486990, 682094.4 2486976, 682115.2 2486960, 682135.1 2486943, 682154 2486925, 682172.1 2486906, 682189.1 2486886, 682205 2486865, 682219.8 2486843, 682233.5 2486821, 682246 2486798, 682257.3 2486775, 682267.3 2486750, 682276 2486726, 682283.5 2486701, 682289.6 2486675, 682294.3 2486649, 682297.8 2486623, 682299.8 2486597, 682300.5 2486571))"
32,20260541,Forest,7228.991849999999,125.94885561236832,2.2268100633762242,1,Dai,火葬,有,1,0,0,578,41.47840460310257,711.607629931342,1190.8331298828125,5.41815710067749,50.512658022185924,133323.84338378906,0,0.08715270377656037,1,98,0,0,12600,0.0945067264804942,1,0,0.6359077342405046,0.77176508960506085,8.885854865596148,4.835875916710245,0.8005700965267329,"POLYGON ((647979.1 2430418, 647978.4 2430392, 647976.4 2430366, 647973 2430340, 647968.2 2430314, 647962.1 2430288, 647954.7 2430263, 647945.9 2430239, 647935.9 2430215, 647924.6 2430191, 647912.1 2430168, 647898.5 2430146, 647883.6 2430124, 647867.7 2430103, 647850.7 2430083, 647832.7 2430064, 647813.7 2430046, 647793.8 2430029, 647773 2430013, 647751.4 2429999, 647729.1 2429985, 647706.1 2429972, 647682.5 2429961, 647658.3 2429951, 647633.6 2429942, 647608.5 2429935, 647583.1 2429929, 647557.3 2429924, 647531.4 2429921, 647505.3 2429919, 647479.1 2429918, 647453 2429919, 647426.9 2429921, 647400.9 2429924, 647375.2 2429929, 647349.7 2429935, 647324.6 2429942, 647299.9 2429951, 647275.8 2429961, 647252.1 2429972, 647229.1 2429985, 647206.8 2429999, 647185.2 2430013, 647164.5 2430029, 647144.6 2430046, 647125.6 2430064, 647107.6 2430083, 647090.6 2430103, 647074.6 2430124, 647059.8 2430146, 647046.1 2430168, 647033.6 2430191, 647022.4 2430215, 647012.3 2430239, 647003.6 2430263, 646996.2 2430288, 646990.1 2430314, 646985.3 2430340, 646981.9 2430366, 646979.8 2430392, 646979.1 2430418, 646979.8 2430444, 646981.9 2430470, 646985.3 2430496, 646990.1 2430522, 646996.2 2430547, 647003.6 2430572, 647012.3 2430597, 647022.4 2430621, 647033.6 2430645, 647046.1 2430668, 647059.8 2430690, 647074.6 2430712, 647090.6 2430733, 647107.6 2430752, 647125.6 2430771, 647144.6 2430789, 647164.5 2430806, 647185.2 2430822, 647206.8 2430837, 647229.1 2430851, 647252.1 2430863, 647275.8 2430875, 647299.9 2430885, 647324.6 2430893, 647349.7 2430901, 647375.2 2430907, 647400.9 2430912, 647426.9 2430915, 647453 2430917, 647479.1 2430918, 647505.3 2430917, 647531.4 2430915, 647557.3 2430912, 647583.1 2430907, 647608.5 2430901, 647633.6 2430893, 647658.3 2430885, 647682.5 2430875, 647706.1 2430863, 647729.1 2430851, 647751.4 2430837, 647773 2430822, 647793.8 2430806, 647813.7 2430789, 647832.7 2430771, 647850.7 2430752, 647867.7 2430733, 647883.6 2430712, 647898.5 2430690, 647912.1 2430668, 647924.6 2430645, 647935.9 2430621, 647945.9 2430597, 647954.7 2430572, 647962.1 2430547, 647968.2 2430522, 647973 2430496, 647976.4 2430470, 647978.4 2430444, 647979.1 2430418))"
32,20260541,Forest,7049.3814250000005,62.13958925543634,2.551398109032388,1,Dai,火葬,有,1,0,0,579,92.60869326501532,888.6677688071637,1137.699951171875,6.999038219451904,279.8993390886093,618537.2497558594,0,0.09936886672184052,1,99,0,0,103767.0295715332,0.16776197328857836,1,0,0.17191773695325105,-0.9851113093051327,8.860695150822083,4.129383293956514,0.936641486972757,"POLYGON ((645087.5 2445375, 645086.8 2445349, 645084.7 2445323, 645081.3 2445297, 645076.6 2445271, 645070.4 2445246, 645063 2445220, 645054.3 2445196, 645044.3 2445172, 645033 2445148, 645020.5 2445125, 645006.8 2445103, 644992 2445081, 644976.1 2445060, 644959.1 2445040, 644941 2445021, 644922 2445003, 644902.1 2444986, 644881.4 2444970, 644859.8 2444956, 644837.5 2444942, 644814.5 2444929, 644790.9 2444918, 644766.7 2444908, 644742 2444899, 644716.9 2444892, 644691.4 2444886, 644665.7 2444881, 644639.7 2444878, 644613.7 2444876, 644587.5 2444875, 644561.3 2444876, 644535.2 2444878, 644509.3 2444881, 644483.5 2444886, 644458.1 2444892, 644433 2444899, 644408.3 2444908, 644384.1 2444918, 644360.5 2444929, 644337.5 2444942, 644315.2 2444956, 644293.6 2444970, 644272.8 2444986, 644252.9 2445003, 644233.9 2445021, 644215.9 2445040, 644198.9 2445060, 644183 2445081, 644168.1 2445103, 644154.5 2445125, 644142 2445148, 644130.7 2445172, 644120.7 2445196, 644112 2445220, 644104.5 2445246, 644098.4 2445271, 644093.6 2445297, 644090.2 2445323, 644088.2 2445349, 644087.5 2445375, 644088.2 2445401, 644090.2 2445427, 644093.6 2445453, 644098.4 2445479, 644104.5 2445504, 644112 2445529, 644120.7 2445554, 644130.7 2445578, 644142 2445602, 644154.5 2445625, 644168.1 2445647, 644183 2445669, 644198.9 2445690, 644215.9 2445710, 644233.9 2445729, 644252.9 2445747, 644272.8 2445764, 644293.6 2445779, 644315.2 2445794, 644337.5 2445808, 644360.5 2445820, 644384.1 2445832, 644408.3 2445842, 644433 2445851, 644458.1 2445858, 644483.5 2445864, 644509.3 2445869, 644535.2 2445872, 644561.3 2445874, 644587.5 2445875, 644613.7 2445874, 644639.7 2445872, 644665.7 2445869, 644691.4 2445864, 644716.9 2445858, 644742 2445851, 644766.7 2445842, 644790.9 2445832, 644814.5 2445820, 644837.5 2445808, 644859.8 2445794, 644881.4 2445779, 644902.1 2445764, 644922 2445747, 644941 2445729, 644959.1 2445710, 644976.1 2445690, 644992 2445669, 645006.8 2445647, 645020.5 2445625, 645033 2445602, 645044.3 2445578, 645054.3 2445554, 645063 2445529, 645070.4 2445504, 645076.6 2445479, 645081.3 2445453, 645084.7 2445427, 645086.8 2445401, 645087.5 2445375))"
32,20260541,Forest,7049.3814250000005,62.13958925543634,2.551398109032388,1,Dai,火葬,有,1,0,0,580,221.3452171030917,469.74629276517123,1183.573974609375,5.149966239929199,264.253832871748,339914.8498535156,0,0.2056337783469513,1,100,0,0,36907.8483581543,0.10857968804263633,1,0,-0.10012150174331032,-0.9949752182284061,8.860695150822083,4.129383293956514,0.936641486972757,"POLYGON ((646774.8 2441410, 646774.1 2441384, 646772.1 2441358, 646768.7 2441332, 646763.9 2441306, 646757.8 2441280, 646750.4 2441255, 646741.6 2441231, 646731.6 2441206, 646720.3 2441183, 646707.8 2441160, 646694.2 2441137, 646679.3 2441116, 646663.4 2441095, 646646.4 2441075, 646628.4 2441056, 646609.4 2441038, 646589.5 2441021, 646568.7 2441005, 646547.1 2440990, 646524.8 2440977, 646501.8 2440964, 646478.2 2440953, 646454 2440943, 646429.3 2440934, 646404.2 2440927, 646378.8 2440921, 646353 2440916, 646327.1 2440913, 646301 2440910, 646274.8 2440910, 646248.7 2440910, 646222.6 2440913, 646196.6 2440916, 646170.9 2440921, 646145.4 2440927, 646120.3 2440934, 646095.6 2440943, 646071.5 2440953, 646047.8 2440964, 646024.8 2440977, 646002.5 2440990, 645980.9 2441005, 645960.2 2441021, 645940.3 2441038, 645921.3 2441056, 645903.2 2441075, 645886.2 2441095, 645870.3 2441116, 645855.5 2441137, 645841.8 2441160, 645829.3 2441183, 645818 2441206, 645808 2441231, 645799.3 2441255, 645791.9 2441280, 645785.7 2441306, 645781 2441332, 645777.6 2441358, 645775.5 2441384, 645774.8 2441410, 645775.5 2441436, 645777.6 2441462, 645781 2441488, 645785.7 2441514, 645791.9 2441539, 645799.3 2441564, 645808 2441589, 645818 2441613, 645829.3 2441637, 645841.8 2441660, 645855.5 2441682, 645870.3 2441704, 645886.2 2441724, 645903.2 2441744, 645921.3 2441763, 645940.3 2441781, 645960.2 2441798, 645980.9 2441814, 646002.5 2441829, 646024.8 2441843, 646047.8 2441855, 646071.5 2441867, 646095.6 2441877, 646120.3 2441885, 646145.4 2441893, 646170.9 2441899, 646196.6 2441904, 646222.6 2441907, 646248.7 2441909, 646274.8 2441910, 646301 2441909, 646327.1 2441907, 646353 2441904, 646378.8 2441899, 646404.2 2441893, 646429.3 2441885, 646454 2441877, 646478.2 2441867, 646501.8 2441855, 646524.8 2441843, 646547.1 2441829, 646568.7 2441814, 646589.5 2441798, 646609.4 2441781, 646628.4 2441763, 646646.4 2441744, 646663.4 2441724, 646679.3 2441704, 646694.2 2441682, 646707.8 2441660, 646720.3 2441637, 646731.6 2441613, 646741.6 2441589, 646750.4 2441564, 646757.8 2441539, 646763.9 2441514, 646768.7 2441488, 646772.1 2441462, 646774.1 2441436, 646774.8 2441410))"
32,20260541,Forest,7049.3814250000005,62.13958925543634,2.551398109032388,1,Dai,火葬,有,1,0,0,581,10.396902742597273,212.58218364289513,1129.99169921875,6.696994781494141,30.01633911593537,441786.31896972656,0,0.2533717347426019,1,101,0,0,20714.75944519043,0.04688863949770683,1,0,0.8658827828876363,0.5002469453167729,8.860695150822083,4.129383293956514,0.936641486972757,"POLYGON ((644172.6 2439105, 644171.9 2439079, 644169.9 2439053, 644166.5 2439027, 644161.7 2439001, 644155.6 2438976, 644148.1 2438951, 644139.4 2438926, 644129.4 2438902, 644118.1 2438878, 644105.6 2438855, 644091.9 2438833, 644077.1 2438811, 644061.2 2438790, 644044.2 2438771, 644026.2 2438752, 644007.2 2438734, 643987.3 2438717, 643966.5 2438701, 643944.9 2438686, 643922.6 2438672, 643899.6 2438660, 643876 2438648, 643851.8 2438638, 643827.1 2438630, 643802 2438622, 643776.6 2438616, 643750.8 2438611, 643724.9 2438608, 643698.8 2438606, 643672.6 2438605, 643646.4 2438606, 643620.3 2438608, 643594.4 2438611, 643568.7 2438616, 643543.2 2438622, 643518.1 2438630, 643493.4 2438638, 643469.2 2438648, 643445.6 2438660, 643422.6 2438672, 643400.3 2438686, 643378.7 2438701, 643357.9 2438717, 643338 2438734, 643319.1 2438752, 643301 2438771, 643284 2438790, 643268.1 2438811, 643253.3 2438833, 643239.6 2438855, 643227.1 2438878, 643215.8 2438902, 643205.8 2438926, 643197.1 2438951, 643189.6 2438976, 643183.5 2439001, 643178.8 2439027, 643175.3 2439053, 643173.3 2439079, 643172.6 2439105, 643173.3 2439131, 643175.3 2439157, 643178.8 2439183, 643183.5 2439209, 643189.6 2439235, 643197.1 2439260, 643205.8 2439284, 643215.8 2439309, 643227.1 2439332, 643239.6 2439355, 643253.3 2439377, 643268.1 2439399, 643284 2439420, 643301 2439440, 643319.1 2439459, 643338 2439477, 643357.9 2439494, 643378.7 2439510, 643400.3 2439524, 643422.6 2439538, 643445.6 2439551, 643469.2 2439562, 643493.4 2439572, 643518.1 2439581, 643543.2 2439588, 643568.7 2439594, 643594.4 2439599, 643620.3 2439602, 643646.4 2439604, 643672.6 2439605, 643698.8 2439604, 643724.9 2439602, 643750.8 2439599, 643776.6 2439594, 643802 2439588, 643827.1 2439581, 643851.8 2439572, 643876 2439562, 643899.6 2439551, 643922.6 2439538, 643944.9 2439524, 643966.5 2439510, 643987.3 2439494, 644007.2 2439477, 644026.2 2439459, 644044.2 2439440, 644061.2 2439420, 644077.1 2439399, 644091.9 2439377, 644105.6 2439355, 644118.1 2439332, 644129.4 2439309, 644139.4 2439284, 644148.1 2439260, 644155.6 2439235, 644161.7 2439209, 644166.5 2439183, 644169.9 2439157, 644171.9 2439131, 644172.6 2439105))"
32,20260541,Forest,7472.8425,44.82738108566082,3.0142299107142856,1,Dai,火葬,有,1,0,0,582,580.0382761591869,880.5790161633657,1205.963134765625,5.910378456115723,192.08582702257323,272315.56091308594,0,0.03654794699173198,1,102,0,0,116149.49340820312,0.4265253627767316,1,0,-0.9778350591641997,-0.20937668702447804,8.919030727835047,3.8028191376712726,1.1033443782221637,"POLYGON ((639527 2433785, 639526.3 2433758, 639524.3 2433732, 639520.9 2433706, 639516.1 2433681, 639510 2433655, 639502.5 2433630, 639493.8 2433605, 639483.8 2433581, 639472.5 2433558, 639460 2433535, 639446.4 2433512, 639431.5 2433491, 639415.6 2433470, 639398.6 2433450, 639380.6 2433431, 639361.6 2433413, 639341.7 2433396, 639320.9 2433380, 639299.3 2433365, 639277 2433352, 639254 2433339, 639230.4 2433328, 639206.2 2433318, 639181.5 2433309, 639156.4 2433302, 639131 2433296, 639105.2 2433291, 639079.3 2433287, 639053.2 2433285, 639027 2433285, 639000.8 2433285, 638974.8 2433287, 638948.8 2433291, 638923.1 2433296, 638897.6 2433302, 638872.5 2433309, 638847.8 2433318, 638823.6 2433328, 638800 2433339, 638777 2433352, 638754.7 2433365, 638733.1 2433380, 638712.4 2433396, 638692.4 2433413, 638673.5 2433431, 638655.4 2433450, 638638.4 2433470, 638622.5 2433491, 638607.7 2433512, 638594 2433535, 638581.5 2433558, 638570.2 2433581, 638560.2 2433605, 638551.5 2433630, 638544.1 2433655, 638537.9 2433681, 638533.2 2433706, 638529.8 2433732, 638527.7 2433758, 638527 2433785, 638527.7 2433811, 638529.8 2433837, 638533.2 2433863, 638537.9 2433889, 638544.1 2433914, 638551.5 2433939, 638560.2 2433964, 638570.2 2433988, 638581.5 2434012, 638594 2434035, 638607.7 2434057, 638622.5 2434079, 638638.4 2434099, 638655.4 2434119, 638673.5 2434138, 638692.4 2434156, 638712.4 2434173, 638733.1 2434189, 638754.7 2434204, 638777 2434218, 638800 2434230, 638823.6 2434241, 638847.8 2434251, 638872.5 2434260, 638897.6 2434268, 638923.1 2434274, 638948.8 2434278, 638974.8 2434282, 639000.8 2434284, 639027 2434285, 639053.2 2434284, 639079.3 2434282, 639105.2 2434278, 639131 2434274, 639156.4 2434268, 639181.5 2434260, 639206.2 2434251, 639230.4 2434241, 639254 2434230, 639277 2434218, 639299.3 2434204, 639320.9 2434189, 639341.7 2434173, 639361.6 2434156, 639380.6 2434138, 639398.6 2434119, 639415.6 2434099, 639431.5 2434079, 639446.4 2434057, 639460 2434035, 639472.5 2434012, 639483.8 2433988, 639493.8 2433964, 639502.5 2433939, 639510 2433914, 639516.1 2433889, 639520.9 2433863, 639524.3 2433837, 639526.3 2433811, 639527 2433785))"
32,20260541,Forest,7668.695652173914,133.19513203141992,2.0375399361022364,1,Dai,火葬,有,1,0,0,583,87.7649466651277,1033.8904126160248,1203.2183837890625,7.499274730682373,214.9241456795712,348785.5682373047,2272.1052646636963,0.050816062925228514,1,103,0,0,91365.80657958984,0.26195409128117053,1,0,-0.8199106884186239,-0.572491452352695,8.944901821513023,4.891815211127795,0.7117431664817675,"POLYGON ((644075.5 2427919, 644074.8 2427892, 644072.7 2427866, 644069.3 2427840, 644064.6 2427815, 644058.4 2427789, 644051 2427764, 644042.3 2427739, 644032.3 2427715, 644021 2427692, 644008.5 2427669, 643994.8 2427646, 643980 2427625, 643964.1 2427604, 643947.1 2427584, 643929 2427565, 643910 2427547, 643890.1 2427530, 643869.4 2427514, 643847.8 2427499, 643825.5 2427486, 643802.5 2427473, 643778.8 2427462, 643754.7 2427452, 643730 2427443, 643704.9 2427436, 643679.4 2427430, 643653.7 2427425, 643627.7 2427421, 643601.6 2427419, 643575.5 2427419, 643549.3 2427419, 643523.2 2427421, 643497.3 2427425, 643471.5 2427430, 643446.1 2427436, 643421 2427443, 643396.3 2427452, 643372.1 2427462, 643348.5 2427473, 643325.5 2427486, 643303.2 2427499, 643281.6 2427514, 643260.8 2427530, 643240.9 2427547, 643221.9 2427565, 643203.9 2427584, 643186.9 2427604, 643171 2427625, 643156.1 2427646, 643142.5 2427669, 643130 2427692, 643118.7 2427715, 643108.7 2427739, 643100 2427764, 643092.5 2427789, 643086.4 2427815, 643081.6 2427840, 643078.2 2427866, 643076.2 2427892, 643075.5 2427919, 643076.2 2427945, 643078.2 2427971, 643081.6 2427997, 643086.4 2428023, 643092.5 2428048, 643100 2428073, 643108.7 2428098, 643118.7 2428122, 643130 2428146, 643142.5 2428169, 643156.1 2428191, 643171 2428213, 643186.9 2428233, 643203.9 2428253, 643221.9 2428272, 643240.9 2428290, 643260.8 2428307, 643281.6 2428323, 643303.2 2428338, 643325.5 2428352, 643348.5 2428364, 643372.1 2428375, 643396.3 2428385, 643421 2428394, 643446.1 2428402, 643471.5 2428408, 643497.3 2428413, 643523.2 2428416, 643549.3 2428418, 643575.5 2428419, 643601.6 2428418, 643627.7 2428416, 643653.7 2428413, 643679.4 2428408, 643704.9 2428402, 643730 2428394, 643754.7 2428385, 643778.8 2428375, 643802.5 2428364, 643825.5 2428352, 643847.8 2428338, 643869.4 2428323, 643890.1 2428307, 643910 2428290, 643929 2428272, 643947.1 2428253, 643964.1 2428233, 643980 2428213, 643994.8 2428191, 644008.5 2428169, 644021 2428146, 644032.3 2428122, 644042.3 2428098, 644051 2428073, 644058.4 2428048, 644064.6 2428023, 644069.3 2427997, 644072.7 2427971, 644074.8 2427945, 644075.5 2427919))"
32,20260541,Forest,7228.991849999999,125.94885561236832,2.2268100633762242,1,Dai,火葬,有,1,0,0,584,185.02977737865342,500.3519307863354,1184.4986572265625,3.1361913681030273,261.54511701472734,61519.96994018555,0,0.2932532497304142,1,104,0,0,3600,0.058517583859358145,1,0,-0.14703057428245808,-0.9891319478341454,8.885854865596148,4.835875916710245,0.8005700965267329,"POLYGON ((645501.9 2433734, 645501.2 2433708, 645499.2 2433682, 645495.7 2433656, 645491 2433630, 645484.9 2433605, 645477.4 2433580, 645468.7 2433555, 645458.7 2433531, 645447.4 2433507, 645434.9 2433484, 645421.2 2433462, 645406.4 2433440, 645390.5 2433420, 645373.5 2433400, 645355.5 2433381, 645336.5 2433363, 645316.6 2433346, 645295.8 2433330, 645274.2 2433315, 645251.9 2433301, 645228.9 2433289, 645205.3 2433278, 645181.1 2433268, 645156.4 2433259, 645131.3 2433251, 645105.9 2433245, 645080.1 2433240, 645054.2 2433237, 645028.1 2433235, 645001.9 2433234, 644975.7 2433235, 644949.6 2433237, 644923.7 2433240, 644897.9 2433245, 644872.5 2433251, 644847.4 2433259, 644822.7 2433268, 644798.5 2433278, 644774.9 2433289, 644751.9 2433301, 644729.6 2433315, 644708 2433330, 644687.2 2433346, 644667.3 2433363, 644648.3 2433381, 644630.3 2433400, 644613.3 2433420, 644597.4 2433440, 644582.6 2433462, 644568.9 2433484, 644556.4 2433507, 644545.1 2433531, 644535.1 2433555, 644526.4 2433580, 644518.9 2433605, 644512.8 2433630, 644508.1 2433656, 644504.6 2433682, 644502.6 2433708, 644501.9 2433734, 644502.6 2433760, 644504.6 2433787, 644508.1 2433813, 644512.8 2433838, 644518.9 2433864, 644526.4 2433889, 644535.1 2433913, 644545.1 2433938, 644556.4 2433961, 644568.9 2433984, 644582.6 2434007, 644597.4 2434028, 644613.3 2434049, 644630.3 2434069, 644648.3 2434088, 644667.3 2434106, 644687.2 2434123, 644708 2434139, 644729.6 2434154, 644751.9 2434167, 644774.9 2434180, 644798.5 2434191, 644822.7 2434201, 644847.4 2434210, 644872.5 2434217, 644897.9 2434223, 644923.7 2434228, 644949.6 2434232, 644975.7 2434234, 645001.9 2434234, 645028.1 2434234, 645054.2 2434232, 645080.1 2434228, 645105.9 2434223, 645131.3 2434217, 645156.4 2434210, 645181.1 2434201, 645205.3 2434191, 645228.9 2434180, 645251.9 2434167, 645274.2 2434154, 645295.8 2434139, 645316.6 2434123, 645336.5 2434106, 645355.5 2434088, 645373.5 2434069, 645390.5 2434049, 645406.4 2434028, 645421.2 2434007, 645434.9 2433984, 645447.4 2433961, 645458.7 2433938, 645468.7 2433913, 645477.4 2433889, 645484.9 2433864, 645491 2433838, 645495.7 2433813, 645499.2 2433787, 645501.2 2433760, 645501.9 2433734))"
32,20260541,Forest,7049.3814250000005,62.13958925543634,2.551398109032388,1,Dai,火葬,有,1,0,0,585,5.035152082355086,429.4694428700016,1174.6080322265625,6.283308982849121,86.09328853148492,361031.0119628906,0,0.15647882278494532,1,105,0,0,53069.42710876465,0.14699409566017976,1,0,0.06813215616444272,0.9976763048686603,8.860695150822083,4.129383293956514,0.936641486972757,"POLYGON ((647011.7 2440202, 647011.1 2440175, 647009 2440149, 647005.6 2440123, 647000.8 2440098, 646994.7 2440072, 646987.3 2440047, 646978.5 2440022, 646968.5 2439998, 646957.3 2439975, 646944.8 2439952, 646931.1 2439929, 646916.3 2439908, 646900.3 2439887, 646883.3 2439867, 646865.3 2439848, 646846.3 2439830, 646826.4 2439813, 646805.6 2439797, 646784.1 2439782, 646761.7 2439768, 646738.7 2439756, 646715.1 2439745, 646690.9 2439735, 646666.3 2439726, 646641.2 2439719, 646615.7 2439712, 646590 2439708, 646564 2439704, 646537.9 2439702, 646511.7 2439702, 646485.6 2439702, 646459.5 2439704, 646433.5 2439708, 646407.8 2439712, 646382.3 2439719, 646357.2 2439726, 646332.6 2439735, 646308.4 2439745, 646284.8 2439756, 646261.7 2439768, 646239.4 2439782, 646217.9 2439797, 646197.1 2439813, 646177.2 2439830, 646158.2 2439848, 646140.2 2439867, 646123.2 2439887, 646107.2 2439908, 646092.4 2439929, 646078.7 2439952, 646066.2 2439975, 646055 2439998, 646045 2440022, 646036.2 2440047, 646028.8 2440072, 646022.7 2440098, 646017.9 2440123, 646014.5 2440149, 646012.4 2440175, 646011.7 2440202, 646012.4 2440228, 646014.5 2440254, 646017.9 2440280, 646022.7 2440305, 646028.8 2440331, 646036.2 2440356, 646045 2440381, 646055 2440405, 646066.2 2440428, 646078.7 2440452, 646092.4 2440474, 646107.2 2440495, 646123.2 2440516, 646140.2 2440536, 646158.2 2440555, 646177.2 2440573, 646197.1 2440590, 646217.9 2440606, 646239.4 2440621, 646261.7 2440635, 646284.8 2440647, 646308.4 2440658, 646332.6 2440668, 646357.2 2440677, 646382.3 2440684, 646407.8 2440691, 646433.5 2440695, 646459.5 2440699, 646485.6 2440701, 646511.7 2440702, 646537.9 2440701, 646564 2440699, 646590 2440695, 646615.7 2440691, 646641.2 2440684, 646666.3 2440677, 646690.9 2440668, 646715.1 2440658, 646738.7 2440647, 646761.7 2440635, 646784.1 2440621, 646805.6 2440606, 646826.4 2440590, 646846.3 2440573, 646865.3 2440555, 646883.3 2440536, 646900.3 2440516, 646916.3 2440495, 646931.1 2440474, 646944.8 2440452, 646957.3 2440428, 646968.5 2440405, 646978.5 2440381, 646987.3 2440356, 646994.7 2440331, 647000.8 2440305, 647005.6 2440280, 647009 2440254, 647011.1 2440228, 647011.7 2440202))"
32,20260541,Forest,7049.3814250000005,62.13958925543634,2.551398109032388,1,Dai,火葬,有,1,0,0,586,221.10172517800828,307.92204722502055,1173.0074462890625,4.01411771774292,206.3846175345885,223817.04711914062,0,0.34663186873278123,1,106,0,0,48731.65397644043,0.2177298583985873,1,0,-0.8958311012394702,-0.4443946872455589,8.860695150822083,4.129383293956514,0.936641486972757,"POLYGON ((646889.9 2440793, 646889.2 2440767, 646887.1 2440741, 646883.7 2440715, 646878.9 2440689, 646872.8 2440664, 646865.4 2440639, 646856.6 2440614, 646846.6 2440590, 646835.4 2440566, 646822.9 2440543, 646809.2 2440521, 646794.4 2440499, 646778.4 2440478, 646761.4 2440459, 646743.4 2440440, 646724.4 2440422, 646704.5 2440405, 646683.7 2440389, 646662.2 2440374, 646639.9 2440360, 646616.9 2440348, 646593.2 2440336, 646569 2440326, 646544.4 2440318, 646519.3 2440310, 646493.8 2440304, 646468.1 2440299, 646442.1 2440296, 646416 2440294, 646389.9 2440293, 646363.7 2440294, 646337.6 2440296, 646311.6 2440299, 646285.9 2440304, 646260.4 2440310, 646235.3 2440318, 646210.7 2440326, 646186.5 2440336, 646162.9 2440348, 646139.9 2440360, 646117.5 2440374, 646096 2440389, 646075.2 2440405, 646055.3 2440422, 646036.3 2440440, 646018.3 2440459, 646001.3 2440478, 645985.3 2440499, 645970.5 2440521, 645956.8 2440543, 645944.4 2440566, 645933.1 2440590, 645923.1 2440614, 645914.3 2440639, 645906.9 2440664, 645900.8 2440689, 645896 2440715, 645892.6 2440741, 645890.5 2440767, 645889.9 2440793, 645890.5 2440819, 645892.6 2440845, 645896 2440871, 645900.8 2440897, 645906.9 2440923, 645914.3 2440948, 645923.1 2440972, 645933.1 2440997, 645944.4 2441020, 645956.8 2441043, 645970.5 2441065, 645985.3 2441087, 646001.3 2441108, 646018.3 2441128, 646036.3 2441147, 646055.3 2441165, 646075.2 2441182, 646096 2441198, 646117.5 2441212, 646139.9 2441226, 646162.9 2441239, 646186.5 2441250, 646210.7 2441260, 646235.3 2441269, 646260.4 2441276, 646285.9 2441282, 646311.6 2441287, 646337.6 2441290, 646363.7 2441292, 646389.9 2441293, 646416 2441292, 646442.1 2441290, 646468.1 2441287, 646493.8 2441282, 646519.3 2441276, 646544.4 2441269, 646569 2441260, 646593.2 2441250, 646616.9 2441239, 646639.9 2441226, 646662.2 2441212, 646683.7 2441198, 646704.5 2441182, 646724.4 2441165, 646743.4 2441147, 646761.4 2441128, 646778.4 2441108, 646794.4 2441087, 646809.2 2441065, 646822.9 2441043, 646835.4 2441020, 646846.6 2440997, 646856.6 2440972, 646865.4 2440948, 646872.8 2440923, 646878.9 2440897, 646883.7 2440871, 646887.1 2440845, 646889.2 2440819, 646889.9 2440793))"
32,20260541,Forest,7228.991849999999,125.94885561236832,2.2268100633762242,1,Dai,火葬,有,1,0,0,587,106.82259468866417,497.4933314574327,1172.58203125,1.3982335329055786,202.76634054785953,53620.35026550293,0,0.4432657849392549,1,107,0,0,10800,0.20141606585043634,1,0,-0.922090645608134,-0.38697395426820996,8.885854865596148,4.835875916710245,0.8005700965267329,"POLYGON ((648454.9 2432687, 648454.2 2432661, 648452.2 2432635, 648448.8 2432609, 648444 2432583, 648437.9 2432558, 648430.5 2432533, 648421.7 2432508, 648411.7 2432484, 648400.4 2432460, 648387.9 2432437, 648374.3 2432415, 648359.4 2432393, 648343.5 2432372, 648326.5 2432352, 648308.5 2432333, 648289.5 2432315, 648269.6 2432298, 648248.8 2432283, 648227.3 2432268, 648204.9 2432254, 648181.9 2432242, 648158.3 2432230, 648134.1 2432220, 648109.4 2432212, 648084.3 2432204, 648058.9 2432198, 648033.1 2432193, 648007.2 2432190, 647981.1 2432188, 647954.9 2432187, 647928.8 2432188, 647902.7 2432190, 647876.7 2432193, 647851 2432198, 647825.5 2432204, 647800.4 2432212, 647775.7 2432220, 647751.6 2432230, 647727.9 2432242, 647704.9 2432254, 647682.6 2432268, 647661 2432283, 647640.3 2432298, 647620.4 2432315, 647601.4 2432333, 647583.4 2432352, 647566.4 2432372, 647550.4 2432393, 647535.6 2432415, 647521.9 2432437, 647509.4 2432460, 647498.2 2432484, 647488.1 2432508, 647479.4 2432533, 647472 2432558, 647465.9 2432583, 647461.1 2432609, 647457.7 2432635, 647455.6 2432661, 647454.9 2432687, 647455.6 2432713, 647457.7 2432739, 647461.1 2432765, 647465.9 2432791, 647472 2432816, 647479.4 2432842, 647488.1 2432866, 647498.2 2432890, 647509.4 2432914, 647521.9 2432937, 647535.6 2432959, 647550.4 2432981, 647566.4 2433002, 647583.4 2433022, 647601.4 2433041, 647620.4 2433059, 647640.3 2433076, 647661 2433092, 647682.6 2433106, 647704.9 2433120, 647727.9 2433133, 647751.6 2433144, 647775.7 2433154, 647800.4 2433163, 647825.5 2433170, 647851 2433176, 647876.7 2433181, 647902.7 2433184, 647928.8 2433186, 647954.9 2433187, 647981.1 2433186, 648007.2 2433184, 648033.1 2433181, 648058.9 2433176, 648084.3 2433170, 648109.4 2433163, 648134.1 2433154, 648158.3 2433144, 648181.9 2433133, 648204.9 2433120, 648227.3 2433106, 648248.8 2433092, 648269.6 2433076, 648289.5 2433059, 648308.5 2433041, 648326.5 2433022, 648343.5 2433002, 648359.4 2432981, 648374.3 2432959, 648387.9 2432937, 648400.4 2432914, 648411.7 2432890, 648421.7 2432866, 648430.5 2432842, 648437.9 2432816, 648444 2432791, 648448.8 2432765, 648452.2 2432739, 648454.2 2432713, 648454.9 2432687))"
32,20260541,Forest,7228.991849999999,125.94885561236832,2.2268100633762242,1,Dai,火葬,有,1,0,0,588,163.2039759918787,803.8243917104655,1173.0335693359375,1.7144948244094849,135.89587288898733,39910.79292297363,0,0.18982923647434846,1,108,0,0,9945.574378967285,0.24919510865549274,1,0,-0.7180761681352847,0.695964522627516,8.885854865596148,4.835875916710245,0.8005700965267329,"POLYGON ((648628.4 2432940, 648627.7 2432913, 648625.6 2432887, 648622.2 2432861, 648617.5 2432836, 648611.3 2432810, 648603.9 2432785, 648595.2 2432760, 648585.2 2432736, 648573.9 2432713, 648561.4 2432690, 648547.7 2432667, 648532.9 2432646, 648517 2432625, 648500 2432605, 648481.9 2432586, 648462.9 2432568, 648443 2432551, 648422.3 2432535, 648400.7 2432520, 648378.4 2432507, 648355.4 2432494, 648331.7 2432483, 648307.6 2432473, 648282.9 2432464, 648257.8 2432457, 648232.3 2432451, 648206.6 2432446, 648180.6 2432442, 648154.5 2432440, 648128.4 2432440, 648102.2 2432440, 648076.1 2432442, 648050.2 2432446, 648024.4 2432451, 647999 2432457, 647973.9 2432464, 647949.2 2432473, 647925 2432483, 647901.4 2432494, 647878.4 2432507, 647856.1 2432520, 647834.5 2432535, 647813.7 2432551, 647793.8 2432568, 647774.8 2432586, 647756.8 2432605, 647739.8 2432625, 647723.9 2432646, 647709 2432667, 647695.4 2432690, 647682.9 2432713, 647671.6 2432736, 647661.6 2432760, 647652.9 2432785, 647645.4 2432810, 647639.3 2432836, 647634.5 2432861, 647631.1 2432887, 647629.1 2432913, 647628.4 2432940, 647629.1 2432966, 647631.1 2432992, 647634.5 2433018, 647639.3 2433044, 647645.4 2433069, 647652.9 2433094, 647661.6 2433119, 647671.6 2433143, 647682.9 2433167, 647695.4 2433190, 647709 2433212, 647723.9 2433234, 647739.8 2433254, 647756.8 2433274, 647774.8 2433293, 647793.8 2433311, 647813.7 2433328, 647834.5 2433344, 647856.1 2433359, 647878.4 2433373, 647901.4 2433385, 647925 2433396, 647949.2 2433406, 647973.9 2433415, 647999 2433423, 648024.4 2433429, 648050.2 2433433, 648076.1 2433437, 648102.2 2433439, 648128.4 2433440, 648154.5 2433439, 648180.6 2433437, 648206.6 2433433, 648232.3 2433429, 648257.8 2433423, 648282.9 2433415, 648307.6 2433406, 648331.7 2433396, 648355.4 2433385, 648378.4 2433373, 648400.7 2433359, 648422.3 2433344, 648443 2433328, 648462.9 2433311, 648481.9 2433293, 648500 2433274, 648517 2433254, 648532.9 2433234, 648547.7 2433212, 648561.4 2433190, 648573.9 2433167, 648585.2 2433143, 648595.2 2433119, 648603.9 2433094, 648611.3 2433069, 648617.5 2433044, 648622.2 2433018, 648625.6 2432992, 648627.7 2432966, 648628.4 2432940))"
32,20260541,Forest,7833.374375,115.3172411408328,2.1823284446858593,1,Dai,火葬,有,1,0,0,589,278.9453943657747,478.92857496437114,1172.040283203125,2.039224147796631,250.46117598918337,48454.45861816406,0,0.3434525420160586,1,109,0,0,7200,0.14859313684088804,1,0,-0.3344455228519156,-0.9424150848985328,8.966148650812118,4.747686948974081,0.7803924006871561,"POLYGON ((653994.5 2433233, 653993.8 2433207, 653991.7 2433181, 653988.3 2433155, 653983.6 2433130, 653977.5 2433104, 653970 2433079, 653961.3 2433054, 653951.3 2433030, 653940 2433006, 653927.5 2432983, 653913.8 2432961, 653899 2432940, 653883.1 2432919, 653866.1 2432899, 653848 2432880, 653829.1 2432862, 653809.1 2432845, 653788.4 2432829, 653766.8 2432814, 653744.5 2432800, 653721.5 2432788, 653697.9 2432777, 653673.7 2432767, 653649 2432758, 653623.9 2432751, 653598.4 2432744, 653572.7 2432740, 653546.8 2432736, 653520.7 2432734, 653494.5 2432733, 653468.3 2432734, 653442.2 2432736, 653416.3 2432740, 653390.5 2432744, 653365.1 2432751, 653340 2432758, 653315.3 2432767, 653291.1 2432777, 653267.5 2432788, 653244.5 2432800, 653222.2 2432814, 653200.6 2432829, 653179.8 2432845, 653159.9 2432862, 653140.9 2432880, 653122.9 2432899, 653105.9 2432919, 653090 2432940, 653075.2 2432961, 653061.5 2432983, 653049 2433006, 653037.7 2433030, 653027.7 2433054, 653019 2433079, 653011.5 2433104, 653005.4 2433130, 653000.6 2433155, 652997.2 2433181, 652995.2 2433207, 652994.5 2433233, 652995.2 2433260, 652997.2 2433286, 653000.6 2433312, 653005.4 2433337, 653011.5 2433363, 653019 2433388, 653027.7 2433413, 653037.7 2433437, 653049 2433460, 653061.5 2433483, 653075.2 2433506, 653090 2433527, 653105.9 2433548, 653122.9 2433568, 653140.9 2433587, 653159.9 2433605, 653179.8 2433622, 653200.6 2433638, 653222.2 2433653, 653244.5 2433667, 653267.5 2433679, 653291.1 2433690, 653315.3 2433700, 653340 2433709, 653365.1 2433716, 653390.5 2433723, 653416.3 2433727, 653442.2 2433731, 653468.3 2433733, 653494.5 2433733, 653520.7 2433733, 653546.8 2433731, 653572.7 2433727, 653598.4 2433723, 653623.9 2433716, 653649 2433709, 653673.7 2433700, 653697.9 2433690, 653721.5 2433679, 653744.5 2433667, 653766.8 2433653, 653788.4 2433638, 653809.1 2433622, 653829.1 2433605, 653848 2433587, 653866.1 2433568, 653883.1 2433548, 653899 2433527, 653913.8 2433506, 653927.5 2433483, 653940 2433460, 653951.3 2433437, 653961.3 2433413, 653970 2433388, 653977.5 2433363, 653983.6 2433337, 653988.3 2433312, 653991.7 2433286, 653993.8 2433260, 653994.5 2433233))"
32,20260541,Forest,9919.21515,122.74373955556506,2.1520049735778675,1,Dai,火葬,有,1,0,0,590,301.14864673906413,304.94024925634085,1189.4105224609375,5.093732833862305,116.45555503088269,91657.4592590332,0,0.16070768660662654,1,110,0,0,40130.94177246094,0.4378360702651255,1,0,-0.44550346846398625,0.8952802128867576,9.202229079205381,4.8100987637900134,0.766399953438999,"POLYGON ((655781.9 2433399, 655781.2 2433373, 655779.2 2433347, 655775.7 2433321, 655771 2433295, 655764.9 2433269, 655757.4 2433244, 655748.7 2433220, 655738.7 2433195, 655727.4 2433172, 655714.9 2433149, 655701.2 2433127, 655686.4 2433105, 655670.5 2433084, 655653.5 2433064, 655635.5 2433045, 655616.5 2433027, 655596.6 2433010, 655575.8 2432994, 655554.2 2432979, 655531.9 2432966, 655508.9 2432953, 655485.3 2432942, 655461.1 2432932, 655436.4 2432923, 655411.3 2432916, 655385.9 2432910, 655360.1 2432905, 655334.2 2432902, 655308.1 2432900, 655281.9 2432899, 655255.7 2432900, 655229.6 2432902, 655203.7 2432905, 655177.9 2432910, 655152.5 2432916, 655127.4 2432923, 655102.7 2432932, 655078.5 2432942, 655054.9 2432953, 655031.9 2432966, 655009.6 2432979, 654988 2432994, 654967.2 2433010, 654947.3 2433027, 654928.4 2433045, 654910.3 2433064, 654893.3 2433084, 654877.4 2433105, 654862.6 2433127, 654848.9 2433149, 654836.4 2433172, 654825.1 2433195, 654815.1 2433220, 654806.4 2433244, 654798.9 2433269, 654792.8 2433295, 654788.1 2433321, 654784.6 2433347, 654782.6 2433373, 654781.9 2433399, 654782.6 2433425, 654784.6 2433451, 654788.1 2433477, 654792.8 2433503, 654798.9 2433528, 654806.4 2433553, 654815.1 2433578, 654825.1 2433602, 654836.4 2433626, 654848.9 2433649, 654862.6 2433671, 654877.4 2433693, 654893.3 2433713, 654910.3 2433733, 654928.4 2433752, 654947.3 2433770, 654967.2 2433787, 654988 2433803, 655009.6 2433818, 655031.9 2433832, 655054.9 2433844, 655078.5 2433856, 655102.7 2433866, 655127.4 2433874, 655152.5 2433882, 655177.9 2433888, 655203.7 2433893, 655229.6 2433896, 655255.7 2433898, 655281.9 2433899, 655308.1 2433898, 655334.2 2433896, 655360.1 2433893, 655385.9 2433888, 655411.3 2433882, 655436.4 2433874, 655461.1 2433866, 655485.3 2433856, 655508.9 2433844, 655531.9 2433832, 655554.2 2433818, 655575.8 2433803, 655596.6 2433787, 655616.5 2433770, 655635.5 2433752, 655653.5 2433733, 655670.5 2433713, 655686.4 2433693, 655701.2 2433671, 655714.9 2433649, 655727.4 2433626, 655738.7 2433602, 655748.7 2433578, 655757.4 2433553, 655764.9 2433528, 655771 2433503, 655775.7 2433477, 655779.2 2433451, 655781.2 2433425, 655781.9 2433399))"
32,20260541,Forest,9919.21515,122.74373955556506,2.1520049735778675,1,Dai,火葬,有,1,0,0,591,355.80344587774965,374.752055591421,1188.30078125,5.261242389678955,262.27872254495634,267253.93981933594,0,0.18907606592071646,1,111,0,0,66152.56805419922,0.24752700782977588,1,0,-0.13435418932400411,-0.9909333740525089,9.202229079205381,4.8100987637900134,0.766399953438999,"POLYGON ((655916.5 2432971, 655915.8 2432945, 655913.8 2432919, 655910.4 2432893, 655905.6 2432867, 655899.5 2432841, 655892 2432816, 655883.3 2432792, 655873.3 2432768, 655862 2432744, 655849.5 2432721, 655835.9 2432699, 655821 2432677, 655805.1 2432656, 655788.1 2432636, 655770.1 2432617, 655751.1 2432599, 655731.2 2432582, 655710.4 2432566, 655688.8 2432552, 655666.5 2432538, 655643.5 2432525, 655619.9 2432514, 655595.7 2432504, 655571 2432495, 655545.9 2432488, 655520.5 2432482, 655494.7 2432477, 655468.8 2432474, 655442.7 2432472, 655416.5 2432471, 655390.4 2432472, 655364.3 2432474, 655338.3 2432477, 655312.6 2432482, 655287.1 2432488, 655262 2432495, 655237.3 2432504, 655213.2 2432514, 655189.5 2432525, 655166.5 2432538, 655144.2 2432552, 655122.6 2432566, 655101.9 2432582, 655082 2432599, 655063 2432617, 655044.9 2432636, 655027.9 2432656, 655012 2432677, 654997.2 2432699, 654983.5 2432721, 654971 2432744, 654959.7 2432768, 654949.7 2432792, 654941 2432816, 654933.6 2432841, 654927.4 2432867, 654922.7 2432893, 654919.3 2432919, 654917.2 2432945, 654916.5 2432971, 654917.2 2432997, 654919.3 2433023, 654922.7 2433049, 654927.4 2433075, 654933.6 2433100, 654941 2433125, 654949.7 2433150, 654959.7 2433174, 654971 2433198, 654983.5 2433221, 654997.2 2433243, 655012 2433265, 655027.9 2433286, 655044.9 2433305, 655063 2433324, 655082 2433342, 655101.9 2433359, 655122.6 2433375, 655144.2 2433390, 655166.5 2433404, 655189.5 2433416, 655213.2 2433428, 655237.3 2433438, 655262 2433446, 655287.1 2433454, 655312.6 2433460, 655338.3 2433465, 655364.3 2433468, 655390.4 2433470, 655416.5 2433471, 655442.7 2433470, 655468.8 2433468, 655494.7 2433465, 655520.5 2433460, 655545.9 2433454, 655571 2433446, 655595.7 2433438, 655619.9 2433428, 655643.5 2433416, 655666.5 2433404, 655688.8 2433390, 655710.4 2433375, 655731.2 2433359, 655751.1 2433342, 655770.1 2433324, 655788.1 2433305, 655805.1 2433286, 655821 2433265, 655835.9 2433243, 655849.5 2433221, 655862 2433198, 655873.3 2433174, 655883.3 2433150, 655892 2433125, 655899.5 2433100, 655905.6 2433075, 655910.4 2433049, 655913.8 2433023, 655915.8 2432997, 655916.5 2432971))"
32,20260541,Forest,9919.21515,122.74373955556506,2.1520049735778675,1,Dai,火葬,有,1,0,0,592,324.6316624142457,840.6614945425165,1207.5272216796875,9.651277542114258,291.18971772938187,217523.35052490234,0,0.0245311830120062,1,112,0,0,55507.69844055176,0.25518041307568573,1,0,0.36145724991816625,-0.9323886831582612,9.202229079205381,4.8100987637900134,0.766399953438999,"POLYGON ((656629.2 2433942, 656628.5 2433916, 656626.4 2433890, 656623 2433864, 656618.3 2433838, 656612.1 2433813, 656604.7 2433788, 656596 2433763, 656586 2433739, 656574.7 2433715, 656562.2 2433692, 656548.5 2433670, 656533.7 2433648, 656517.8 2433627, 656500.8 2433608, 656482.7 2433589, 656463.7 2433571, 656443.8 2433554, 656423.1 2433538, 656401.5 2433523, 656379.2 2433509, 656356.2 2433497, 656332.5 2433485, 656308.4 2433475, 656283.7 2433467, 656258.6 2433459, 656233.1 2433453, 656207.4 2433448, 656181.4 2433445, 656155.3 2433443, 656129.2 2433442, 656103 2433443, 656076.9 2433445, 656051 2433448, 656025.2 2433453, 655999.8 2433459, 655974.7 2433467, 655950 2433475, 655925.8 2433485, 655902.2 2433497, 655879.2 2433509, 655856.9 2433523, 655835.3 2433538, 655814.5 2433554, 655794.6 2433571, 655775.6 2433589, 655757.6 2433608, 655740.6 2433627, 655724.7 2433648, 655709.8 2433670, 655696.2 2433692, 655683.7 2433715, 655672.4 2433739, 655662.4 2433763, 655653.7 2433788, 655646.2 2433813, 655640.1 2433838, 655635.3 2433864, 655631.9 2433890, 655629.9 2433916, 655629.2 2433942, 655629.9 2433968, 655631.9 2433994, 655635.3 2434020, 655640.1 2434046, 655646.2 2434072, 655653.7 2434097, 655662.4 2434121, 655672.4 2434146, 655683.7 2434169, 655696.2 2434192, 655709.8 2434214, 655724.7 2434236, 655740.6 2434257, 655757.6 2434277, 655775.6 2434296, 655794.6 2434314, 655814.5 2434331, 655835.3 2434347, 655856.9 2434361, 655879.2 2434375, 655902.2 2434388, 655925.8 2434399, 655950 2434409, 655974.7 2434418, 655999.8 2434425, 656025.2 2434431, 656051 2434436, 656076.9 2434439, 656103 2434441, 656129.2 2434442, 656155.3 2434441, 656181.4 2434439, 656207.4 2434436, 656233.1 2434431, 656258.6 2434425, 656283.7 2434418, 656308.4 2434409, 656332.5 2434399, 656356.2 2434388, 656379.2 2434375, 656401.5 2434361, 656423.1 2434347, 656443.8 2434331, 656463.7 2434314, 656482.7 2434296, 656500.8 2434277, 656517.8 2434257, 656533.7 2434236, 656548.5 2434214, 656562.2 2434192, 656574.7 2434169, 656586 2434146, 656596 2434121, 656604.7 2434097, 656612.1 2434072, 656618.3 2434046, 656623 2434020, 656626.4 2433994, 656628.5 2433968, 656629.2 2433942))"
32,20260541,Forest,9919.21515,122.74373955556506,2.1520049735778675,1,Dai,火葬,有,1,0,0,593,718.0651856612362,458.53149255781665,1191.773681640625,6.217772006988525,16.466282544750978,80558.60366821289,0,0.03768814735640202,1,113,0,0,4491.705751419067,0.05575699611078812,1,0,0.9589867063575498,0.28345104873593,9.202229079205381,4.8100987637900134,0.766399953438999,"POLYGON ((654591 2432212, 654590.3 2432185, 654588.3 2432159, 654584.9 2432133, 654580.1 2432108, 654574 2432082, 654566.5 2432057, 654557.8 2432032, 654547.8 2432008, 654536.5 2431985, 654524 2431962, 654510.4 2431939, 654495.5 2431918, 654479.6 2431897, 654462.6 2431877, 654444.6 2431858, 654425.6 2431840, 654405.7 2431823, 654384.9 2431807, 654363.3 2431792, 654341 2431779, 654318 2431766, 654294.4 2431755, 654270.2 2431745, 654245.5 2431736, 654220.4 2431729, 654195 2431723, 654169.2 2431718, 654143.3 2431714, 654117.2 2431712, 654091 2431712, 654064.9 2431712, 654038.8 2431714, 654012.8 2431718, 653987.1 2431723, 653961.6 2431729, 653936.5 2431736, 653911.8 2431745, 653887.7 2431755, 653864 2431766, 653841 2431779, 653818.7 2431792, 653797.1 2431807, 653776.4 2431823, 653756.5 2431840, 653737.5 2431858, 653719.4 2431877, 653702.4 2431897, 653686.5 2431918, 653671.7 2431939, 653658 2431962, 653645.5 2431985, 653634.2 2432008, 653624.2 2432032, 653615.5 2432057, 653608.1 2432082, 653601.9 2432108, 653597.2 2432133, 653593.8 2432159, 653591.7 2432185, 653591 2432212, 653591.7 2432238, 653593.8 2432264, 653597.2 2432290, 653601.9 2432316, 653608.1 2432341, 653615.5 2432366, 653624.2 2432391, 653634.2 2432415, 653645.5 2432439, 653658 2432462, 653671.7 2432484, 653686.5 2432505, 653702.4 2432526, 653719.4 2432546, 653737.5 2432565, 653756.5 2432583, 653776.4 2432600, 653797.1 2432616, 653818.7 2432631, 653841 2432645, 653864 2432657, 653887.7 2432668, 653911.8 2432678, 653936.5 2432687, 653961.6 2432695, 653987.1 2432701, 654012.8 2432705, 654038.8 2432709, 654064.9 2432711, 654091 2432712, 654117.2 2432711, 654143.3 2432709, 654169.2 2432705, 654195 2432701, 654220.4 2432695, 654245.5 2432687, 654270.2 2432678, 654294.4 2432668, 654318 2432657, 654341 2432645, 654363.3 2432631, 654384.9 2432616, 654405.7 2432600, 654425.6 2432583, 654444.6 2432565, 654462.6 2432546, 654479.6 2432526, 654495.5 2432505, 654510.4 2432484, 654524 2432462, 654536.5 2432439, 654547.8 2432415, 654557.8 2432391, 654566.5 2432366, 654574 2432341, 654580.1 2432316, 654584.9 2432290, 654588.3 2432264, 654590.3 2432238, 654591 2432212))"
32,20260541,Forest,9919.21515,122.74373955556506,2.1520049735778675,1,Dai,火葬,有,1,0,0,594,5.625274139359995,853.9034958327421,1173.6851806640625,2.8487331867218018,128.06304564678308,58294.15740966797,1800,0.1719331591130672,1,114,0,0,8533.570289611816,0.14638808876919354,1,0,-0.6165281933113936,0.7873328310518931,9.202229079205381,4.8100987637900134,0.766399953438999,"POLYGON ((652582.9 2432409, 652582.2 2432383, 652580.1 2432356, 652576.7 2432331, 652572 2432305, 652565.8 2432279, 652558.4 2432254, 652549.7 2432230, 652539.7 2432205, 652528.4 2432182, 652515.9 2432159, 652502.2 2432136, 652487.4 2432115, 652471.5 2432094, 652454.5 2432074, 652436.4 2432055, 652417.5 2432037, 652397.5 2432020, 652376.8 2432004, 652355.2 2431989, 652332.9 2431976, 652309.9 2431963, 652286.3 2431952, 652262.1 2431942, 652237.4 2431933, 652212.3 2431926, 652186.8 2431920, 652161.1 2431915, 652135.1 2431911, 652109.1 2431909, 652082.9 2431909, 652056.7 2431909, 652030.6 2431911, 652004.7 2431915, 651978.9 2431920, 651953.5 2431926, 651928.4 2431933, 651903.7 2431942, 651879.5 2431952, 651855.9 2431963, 651832.9 2431976, 651810.6 2431989, 651789 2432004, 651768.2 2432020, 651748.3 2432037, 651729.3 2432055, 651711.3 2432074, 651694.3 2432094, 651678.4 2432115, 651663.6 2432136, 651649.9 2432159, 651637.4 2432182, 651626.1 2432205, 651616.1 2432230, 651607.4 2432254, 651599.9 2432279, 651593.8 2432305, 651589 2432331, 651585.6 2432356, 651583.6 2432383, 651582.9 2432409, 651583.6 2432435, 651585.6 2432461, 651589 2432487, 651593.8 2432513, 651599.9 2432538, 651607.4 2432563, 651616.1 2432588, 651626.1 2432612, 651637.4 2432636, 651649.9 2432659, 651663.6 2432681, 651678.4 2432703, 651694.3 2432723, 651711.3 2432743, 651729.3 2432762, 651748.3 2432780, 651768.2 2432797, 651789 2432813, 651810.6 2432828, 651832.9 2432842, 651855.9 2432854, 651879.5 2432866, 651903.7 2432876, 651928.4 2432884, 651953.5 2432892, 651978.9 2432898, 652004.7 2432903, 652030.6 2432906, 652056.7 2432908, 652082.9 2432909, 652109.1 2432908, 652135.1 2432906, 652161.1 2432903, 652186.8 2432898, 652212.3 2432892, 652237.4 2432884, 652262.1 2432876, 652286.3 2432866, 652309.9 2432854, 652332.9 2432842, 652355.2 2432828, 652376.8 2432813, 652397.5 2432797, 652417.5 2432780, 652436.4 2432762, 652454.5 2432743, 652471.5 2432723, 652487.4 2432703, 652502.2 2432681, 652515.9 2432659, 652528.4 2432636, 652539.7 2432612, 652549.7 2432588, 652558.4 2432563, 652565.8 2432538, 652572 2432513, 652576.7 2432487, 652580.1 2432461, 652582.2 2432435, 652582.9 2432409))"
32,20260541,Forest,11480.645924999999,197.10260251095193,1.7151607963246553,1,Dai,火葬,有,1,0,0,595,249.689826251221,412.1989162034064,1187.7845458984375,5.1845269203186035,277.9559811818571,163514.5477294922,0,0.20116018507335962,1,115,0,0,5400,0.03302458450934536,1,0,0.13841226343547963,-0.9903746994600919,9.34841793353463,5.28372441808445,0.5395068350127091,"POLYGON ((650189.4 2431623, 650188.7 2431597, 650186.7 2431571, 650183.3 2431545, 650178.5 2431519, 650172.4 2431494, 650165 2431469, 650156.2 2431444, 650146.2 2431420, 650134.9 2431396, 650122.4 2431373, 650108.8 2431351, 650093.9 2431330, 650078 2431309, 650061 2431289, 650043 2431270, 650024 2431252, 650004.1 2431235, 649983.3 2431219, 649961.7 2431204, 649939.4 2431190, 649916.4 2431178, 649892.8 2431167, 649868.6 2431157, 649843.9 2431148, 649818.8 2431140, 649793.4 2431134, 649767.6 2431130, 649741.7 2431126, 649715.6 2431124, 649689.4 2431123, 649663.3 2431124, 649637.2 2431126, 649611.2 2431130, 649585.5 2431134, 649560 2431140, 649534.9 2431148, 649510.2 2431157, 649486.1 2431167, 649462.4 2431178, 649439.4 2431190, 649417.1 2431204, 649395.5 2431219, 649374.8 2431235, 649354.9 2431252, 649335.9 2431270, 649317.9 2431289, 649300.9 2431309, 649284.9 2431330, 649270.1 2431351, 649256.4 2431373, 649243.9 2431396, 649232.7 2431420, 649222.6 2431444, 649213.9 2431469, 649206.5 2431494, 649200.4 2431519, 649195.6 2431545, 649192.2 2431571, 649190.1 2431597, 649189.4 2431623, 649190.1 2431650, 649192.2 2431676, 649195.6 2431702, 649200.4 2431727, 649206.5 2431753, 649213.9 2431778, 649222.6 2431803, 649232.7 2431827, 649243.9 2431850, 649256.4 2431873, 649270.1 2431896, 649284.9 2431917, 649300.9 2431938, 649317.9 2431958, 649335.9 2431977, 649354.9 2431995, 649374.8 2432012, 649395.5 2432028, 649417.1 2432043, 649439.4 2432056, 649462.4 2432069, 649486.1 2432080, 649510.2 2432090, 649534.9 2432099, 649560 2432106, 649585.5 2432113, 649611.2 2432117, 649637.2 2432121, 649663.3 2432123, 649689.4 2432123, 649715.6 2432123, 649741.7 2432121, 649767.6 2432117, 649793.4 2432113, 649818.8 2432106, 649843.9 2432099, 649868.6 2432090, 649892.8 2432080, 649916.4 2432069, 649939.4 2432056, 649961.7 2432043, 649983.3 2432028, 650004.1 2432012, 650024 2431995, 650043 2431977, 650061 2431958, 650078 2431938, 650093.9 2431917, 650108.8 2431896, 650122.4 2431873, 650134.9 2431850, 650146.2 2431827, 650156.2 2431803, 650165 2431778, 650172.4 2431753, 650178.5 2431727, 650183.3 2431702, 650186.7 2431676, 650188.7 2431650, 650189.4 2431623))"
32,20260541,Forest,11480.645924999999,197.10260251095193,1.7151607963246553,1,Dai,火葬,有,1,0,0,596,219.99356063921158,478.9931867171715,1185.5638427734375,4.8368144035339355,83.31742652260215,146354.5623779297,0,0.12360505873308472,1,116,0,0,5400,0.03689669739202009,1,0,0.11636865865924534,0.9932060890277747,9.34841793353463,5.28372441808445,0.5395068350127091,"POLYGON ((650134.4 2431563, 650133.7 2431537, 650131.7 2431511, 650128.3 2431485, 650123.5 2431459, 650117.4 2431434, 650110 2431409, 650101.2 2431384, 650091.2 2431360, 650079.9 2431336, 650067.4 2431313, 650053.8 2431291, 650038.9 2431270, 650023 2431249, 650006 2431229, 649988 2431210, 649969 2431192, 649949.1 2431175, 649928.3 2431159, 649906.8 2431144, 649884.4 2431130, 649861.4 2431118, 649837.8 2431107, 649813.6 2431097, 649788.9 2431088, 649763.8 2431080, 649738.4 2431074, 649712.7 2431070, 649686.7 2431066, 649660.6 2431064, 649634.4 2431063, 649608.3 2431064, 649582.2 2431066, 649556.2 2431070, 649530.5 2431074, 649505 2431080, 649479.9 2431088, 649455.2 2431097, 649431.1 2431107, 649407.4 2431118, 649384.4 2431130, 649362.1 2431144, 649340.5 2431159, 649319.8 2431175, 649299.9 2431192, 649280.9 2431210, 649262.9 2431229, 649245.9 2431249, 649229.9 2431270, 649215.1 2431291, 649201.4 2431313, 649188.9 2431336, 649177.7 2431360, 649167.6 2431384, 649158.9 2431409, 649151.5 2431434, 649145.4 2431459, 649140.6 2431485, 649137.2 2431511, 649135.1 2431537, 649134.4 2431563, 649135.1 2431590, 649137.2 2431616, 649140.6 2431642, 649145.4 2431667, 649151.5 2431693, 649158.9 2431718, 649167.6 2431743, 649177.7 2431767, 649188.9 2431790, 649201.4 2431813, 649215.1 2431836, 649229.9 2431857, 649245.9 2431878, 649262.9 2431898, 649280.9 2431917, 649299.9 2431935, 649319.8 2431952, 649340.5 2431968, 649362.1 2431983, 649384.4 2431996, 649407.4 2432009, 649431.1 2432020, 649455.2 2432030, 649479.9 2432039, 649505 2432046, 649530.5 2432052, 649556.2 2432057, 649582.2 2432061, 649608.3 2432063, 649634.4 2432063, 649660.6 2432063, 649686.7 2432061, 649712.7 2432057, 649738.4 2432052, 649763.8 2432046, 649788.9 2432039, 649813.6 2432030, 649837.8 2432020, 649861.4 2432009, 649884.4 2431996, 649906.8 2431983, 649928.3 2431968, 649949.1 2431952, 649969 2431935, 649988 2431917, 650006 2431898, 650023 2431878, 650038.9 2431857, 650053.8 2431836, 650067.4 2431813, 650079.9 2431790, 650091.2 2431767, 650101.2 2431743, 650110 2431718, 650117.4 2431693, 650123.5 2431667, 650128.3 2431642, 650131.7 2431616, 650133.7 2431590, 650134.4 2431563))"
32,20260541,Forest,10452.802325,124.13642428963009,1.6224724264705883,1,Dai,火葬,有,1,0,0,597,300.78110038711105,805.6942566229682,1186.747802734375,4.088342189788818,20.54961533309902,73269.49081420898,0,0.06459869973262128,1,117,0,0,2700,0.03685026291292849,1,0,0.9363685756899546,0.3510183619988644,9.2546253865149,4.821381156717196,0.48395117498056833,"POLYGON ((648466.6 2427734, 648465.9 2427708, 648463.9 2427682, 648460.5 2427656, 648455.7 2427630, 648449.6 2427605, 648442.2 2427580, 648433.4 2427555, 648423.4 2427531, 648412.1 2427507, 648399.6 2427484, 648386 2427462, 648371.1 2427440, 648355.2 2427420, 648338.2 2427400, 648320.2 2427381, 648301.2 2427363, 648281.3 2427346, 648260.5 2427330, 648239 2427315, 648216.6 2427301, 648193.6 2427289, 648170 2427277, 648145.8 2427267, 648121.1 2427259, 648096 2427251, 648070.6 2427245, 648044.9 2427240, 648018.9 2427237, 647992.8 2427235, 647966.6 2427234, 647940.5 2427235, 647914.4 2427237, 647888.4 2427240, 647862.7 2427245, 647837.2 2427251, 647812.1 2427259, 647787.5 2427267, 647763.3 2427277, 647739.6 2427289, 647716.6 2427301, 647694.3 2427315, 647672.7 2427330, 647652 2427346, 647632.1 2427363, 647613.1 2427381, 647595.1 2427400, 647578.1 2427420, 647562.1 2427440, 647547.3 2427462, 647533.6 2427484, 647521.1 2427507, 647509.9 2427531, 647499.8 2427555, 647491.1 2427580, 647483.7 2427605, 647477.6 2427630, 647472.8 2427656, 647469.4 2427682, 647467.3 2427708, 647466.6 2427734, 647467.3 2427760, 647469.4 2427787, 647472.8 2427812, 647477.6 2427838, 647483.7 2427864, 647491.1 2427889, 647499.8 2427913, 647509.9 2427938, 647521.1 2427961, 647533.6 2427984, 647547.3 2428007, 647562.1 2428028, 647578.1 2428049, 647595.1 2428069, 647613.1 2428088, 647632.1 2428106, 647652 2428123, 647672.7 2428139, 647694.3 2428154, 647716.6 2428167, 647739.6 2428180, 647763.3 2428191, 647787.5 2428201, 647812.1 2428210, 647837.2 2428217, 647862.7 2428223, 647888.4 2428228, 647914.4 2428232, 647940.5 2428234, 647966.6 2428234, 647992.8 2428234, 648018.9 2428232, 648044.9 2428228, 648070.6 2428223, 648096 2428217, 648121.1 2428210, 648145.8 2428201, 648170 2428191, 648193.6 2428180, 648216.6 2428167, 648239 2428154, 648260.5 2428139, 648281.3 2428123, 648301.2 2428106, 648320.2 2428088, 648338.2 2428069, 648355.2 2428049, 648371.1 2428028, 648386 2428007, 648399.6 2427984, 648412.1 2427961, 648423.4 2427938, 648433.4 2427913, 648442.2 2427889, 648449.6 2427864, 648455.7 2427838, 648460.5 2427812, 648463.9 2427787, 648465.9 2427760, 648466.6 2427734))"
32,20260541,Forest,7228.991849999999,125.94885561236832,2.2268100633762242,1,Dai,火葬,有,1,0,0,598,56.405607388466166,544.244586060227,1190.66162109375,5.630478858947754,12.392746434032015,102917.3469543457,0,0.12101111706075816,1,118,0,0,3198.9277839660645,0.031082493657605785,1,0,0.9766994557010783,0.21461168009504358,8.885854865596148,4.835875916710245,0.8005700965267329,"POLYGON ((647928.5 2430598, 647927.8 2430572, 647925.7 2430546, 647922.3 2430520, 647917.6 2430494, 647911.5 2430469, 647904 2430444, 647895.3 2430419, 647885.3 2430395, 647874 2430371, 647861.5 2430348, 647847.8 2430326, 647833 2430304, 647817.1 2430283, 647800.1 2430263, 647782 2430244, 647763.1 2430226, 647743.1 2430209, 647722.4 2430194, 647700.8 2430179, 647678.5 2430165, 647655.5 2430153, 647631.9 2430141, 647607.7 2430131, 647583 2430123, 647557.9 2430115, 647532.4 2430109, 647506.7 2430104, 647480.8 2430101, 647454.7 2430099, 647428.5 2430098, 647402.3 2430099, 647376.2 2430101, 647350.3 2430104, 647324.5 2430109, 647299.1 2430115, 647274 2430123, 647249.3 2430131, 647225.1 2430141, 647201.5 2430153, 647178.5 2430165, 647156.2 2430179, 647134.6 2430194, 647113.8 2430209, 647093.9 2430226, 647074.9 2430244, 647056.9 2430263, 647039.9 2430283, 647024 2430304, 647009.2 2430326, 646995.5 2430348, 646983 2430371, 646971.7 2430395, 646961.7 2430419, 646953 2430444, 646945.5 2430469, 646939.4 2430494, 646934.6 2430520, 646931.2 2430546, 646929.2 2430572, 646928.5 2430598, 646929.2 2430624, 646931.2 2430650, 646934.6 2430676, 646939.4 2430702, 646945.5 2430727, 646953 2430753, 646961.7 2430777, 646971.7 2430801, 646983 2430825, 646995.5 2430848, 647009.2 2430870, 647024 2430892, 647039.9 2430913, 647056.9 2430933, 647074.9 2430952, 647093.9 2430970, 647113.8 2430987, 647134.6 2431003, 647156.2 2431017, 647178.5 2431031, 647201.5 2431044, 647225.1 2431055, 647249.3 2431065, 647274 2431074, 647299.1 2431081, 647324.5 2431087, 647350.3 2431092, 647376.2 2431095, 647402.3 2431097, 647428.5 2431098, 647454.7 2431097, 647480.8 2431095, 647506.7 2431092, 647532.4 2431087, 647557.9 2431081, 647583 2431074, 647607.7 2431065, 647631.9 2431055, 647655.5 2431044, 647678.5 2431031, 647700.8 2431017, 647722.4 2431003, 647743.1 2430987, 647763.1 2430970, 647782 2430952, 647800.1 2430933, 647817.1 2430913, 647833 2430892, 647847.8 2430870, 647861.5 2430848, 647874 2430825, 647885.3 2430801, 647895.3 2430777, 647904 2430753, 647911.5 2430727, 647917.6 2430702, 647922.3 2430676, 647925.7 2430650, 647927.8 2430624, 647928.5 2430598))"
32,20260541,Forest,9919.21515,122.74373955556506,2.1520049735778675,1,Dai,火葬,有,1,0,0,599,356.56915568311376,385.7978848122744,1192.546875,4.720492362976074,20.771729869381172,207719.08264160156,3600,0.1133712194546767,1,119,0,0,28361.0652923584,0.13653567564272645,1,0,0.9350007748081242,0.35464566980044665,9.202229079205381,4.8100987637900134,0.766399953438999,"POLYGON ((651871.3 2432194, 651870.6 2432168, 651868.5 2432141, 651865.1 2432115, 651860.3 2432090, 651854.2 2432064, 651846.8 2432039, 651838 2432015, 651828 2431990, 651816.8 2431967, 651804.3 2431944, 651790.6 2431921, 651775.8 2431900, 651759.8 2431879, 651742.8 2431859, 651724.8 2431840, 651705.8 2431822, 651685.9 2431805, 651665.1 2431789, 651643.6 2431774, 651621.3 2431761, 651598.2 2431748, 651574.6 2431737, 651550.4 2431727, 651525.8 2431718, 651500.7 2431711, 651475.2 2431705, 651449.5 2431700, 651423.5 2431696, 651397.4 2431694, 651371.3 2431694, 651345.1 2431694, 651319 2431696, 651293 2431700, 651267.3 2431705, 651241.8 2431711, 651216.7 2431718, 651192.1 2431727, 651167.9 2431737, 651144.3 2431748, 651121.3 2431761, 651098.9 2431774, 651077.4 2431789, 651056.6 2431805, 651036.7 2431822, 651017.7 2431840, 650999.7 2431859, 650982.7 2431879, 650966.7 2431900, 650951.9 2431921, 650938.2 2431944, 650925.7 2431967, 650914.5 2431990, 650904.5 2432015, 650895.7 2432039, 650888.3 2432064, 650882.2 2432090, 650877.4 2432115, 650874 2432141, 650871.9 2432168, 650871.3 2432194, 650871.9 2432220, 650874 2432246, 650877.4 2432272, 650882.2 2432298, 650888.3 2432323, 650895.7 2432348, 650904.5 2432373, 650914.5 2432397, 650925.7 2432421, 650938.2 2432444, 650951.9 2432466, 650966.7 2432488, 650982.7 2432508, 650999.7 2432528, 651017.7 2432547, 651036.7 2432565, 651056.6 2432582, 651077.4 2432598, 651098.9 2432613, 651121.3 2432627, 651144.3 2432639, 651167.9 2432650, 651192.1 2432660, 651216.7 2432669, 651241.8 2432677, 651267.3 2432683, 651293 2432688, 651319 2432691, 651345.1 2432693, 651371.3 2432694, 651397.4 2432693, 651423.5 2432691, 651449.5 2432688, 651475.2 2432683, 651500.7 2432677, 651525.8 2432669, 651550.4 2432660, 651574.6 2432650, 651598.2 2432639, 651621.3 2432627, 651643.6 2432613, 651665.1 2432598, 651685.9 2432582, 651705.8 2432565, 651724.8 2432547, 651742.8 2432528, 651759.8 2432508, 651775.8 2432488, 651790.6 2432466, 651804.3 2432444, 651816.8 2432421, 651828 2432397, 651838 2432373, 651846.8 2432348, 651854.2 2432323, 651860.3 2432298, 651865.1 2432272, 651868.5 2432246, 651870.6 2432220, 651871.3 2432194))"
32,20260541,Forest,9919.21515,122.74373955556506,2.1520049735778675,1,Dai,火葬,有,1,0,0,600,72.06187960154215,564.25736992889,1180.826416015625,4.7612714767456055,139.71328347025644,215665.9881591797,11700,0.1850791002494436,1,120,0,0,18491.71199798584,0.08574236557104868,1,0,-0.7628182611290507,0.646612944881288,9.202229079205381,4.8100987637900134,0.766399953438999,"POLYGON ((651185.3 2432465, 651184.6 2432439, 651182.5 2432413, 651179.1 2432387, 651174.3 2432361, 651168.2 2432336, 651160.8 2432311, 651152 2432286, 651142 2432262, 651130.8 2432238, 651118.3 2432215, 651104.6 2432193, 651089.8 2432171, 651073.8 2432151, 651056.8 2432131, 651038.8 2432112, 651019.8 2432094, 650999.9 2432077, 650979.1 2432061, 650957.6 2432046, 650935.3 2432032, 650912.3 2432020, 650888.6 2432009, 650864.4 2431999, 650839.8 2431990, 650814.7 2431982, 650789.2 2431976, 650763.5 2431971, 650737.5 2431968, 650711.4 2431966, 650685.3 2431965, 650659.1 2431966, 650633 2431968, 650607 2431971, 650581.3 2431976, 650555.8 2431982, 650530.7 2431990, 650506.1 2431999, 650481.9 2432009, 650458.3 2432020, 650435.3 2432032, 650412.9 2432046, 650391.4 2432061, 650370.6 2432077, 650350.7 2432094, 650331.7 2432112, 650313.7 2432131, 650296.7 2432151, 650280.7 2432171, 650265.9 2432193, 650252.2 2432215, 650239.8 2432238, 650228.5 2432262, 650218.5 2432286, 650209.7 2432311, 650202.3 2432336, 650196.2 2432361, 650191.4 2432387, 650188 2432413, 650185.9 2432439, 650185.3 2432465, 650185.9 2432491, 650188 2432518, 650191.4 2432544, 650196.2 2432569, 650202.3 2432595, 650209.7 2432620, 650218.5 2432644, 650228.5 2432669, 650239.8 2432692, 650252.2 2432715, 650265.9 2432738, 650280.7 2432759, 650296.7 2432780, 650313.7 2432800, 650331.7 2432819, 650350.7 2432837, 650370.6 2432854, 650391.4 2432870, 650412.9 2432885, 650435.3 2432898, 650458.3 2432911, 650481.9 2432922, 650506.1 2432932, 650530.7 2432941, 650555.8 2432948, 650581.3 2432954, 650607 2432959, 650633 2432963, 650659.1 2432965, 650685.3 2432965, 650711.4 2432965, 650737.5 2432963, 650763.5 2432959, 650789.2 2432954, 650814.7 2432948, 650839.8 2432941, 650864.4 2432932, 650888.6 2432922, 650912.3 2432911, 650935.3 2432898, 650957.6 2432885, 650979.1 2432870, 650999.9 2432854, 651019.8 2432837, 651038.8 2432819, 651056.8 2432800, 651073.8 2432780, 651089.8 2432759, 651104.6 2432738, 651118.3 2432715, 651130.8 2432692, 651142 2432669, 651152 2432644, 651160.8 2432620, 651168.2 2432595, 651174.3 2432569, 651179.1 2432544, 651182.5 2432518, 651184.6 2432491, 651185.3 2432465))"
32,20260541,Forest,7228.991849999999,125.94885561236832,2.2268100633762242,1,Dai,火葬,有,1,0,0,601,157.44264652027633,1741.355100601926,1193.6031494140625,5.257259368896484,73.71592792771719,250519.86694335938,0,0.008578671184082527,1,121,0,0,67764.66751098633,0.2704961819507409,1,0,0.28039987721650644,0.959883278767251,8.885854865596148,4.835875916710245,0.8005700965267329,"POLYGON ((644195.2 2433204, 644194.5 2433178, 644192.5 2433152, 644189.1 2433126, 644184.3 2433100, 644178.2 2433075, 644170.7 2433050, 644162 2433025, 644152 2433001, 644140.7 2432977, 644128.2 2432954, 644114.5 2432932, 644099.7 2432910, 644083.8 2432889, 644066.8 2432869, 644048.8 2432850, 644029.8 2432832, 644009.9 2432815, 643989.1 2432800, 643967.5 2432785, 643945.2 2432771, 643922.2 2432759, 643898.6 2432747, 643874.4 2432737, 643849.7 2432729, 643824.6 2432721, 643799.2 2432715, 643773.4 2432710, 643747.5 2432707, 643721.4 2432705, 643695.2 2432704, 643669 2432705, 643642.9 2432707, 643617 2432710, 643591.3 2432715, 643565.8 2432721, 643540.7 2432729, 643516 2432737, 643491.8 2432747, 643468.2 2432759, 643445.2 2432771, 643422.9 2432785, 643401.3 2432800, 643380.6 2432815, 643360.6 2432832, 643341.7 2432850, 643323.6 2432869, 643306.6 2432889, 643290.7 2432910, 643275.9 2432932, 643262.2 2432954, 643249.7 2432977, 643238.4 2433001, 643228.4 2433025, 643219.7 2433050, 643212.2 2433075, 643206.1 2433100, 643201.4 2433126, 643198 2433152, 643195.9 2433178, 643195.2 2433204, 643195.9 2433230, 643198 2433256, 643201.4 2433282, 643206.1 2433308, 643212.2 2433333, 643219.7 2433359, 643228.4 2433383, 643238.4 2433407, 643249.7 2433431, 643262.2 2433454, 643275.9 2433476, 643290.7 2433498, 643306.6 2433519, 643323.6 2433539, 643341.7 2433558, 643360.6 2433576, 643380.6 2433593, 643401.3 2433609, 643422.9 2433623, 643445.2 2433637, 643468.2 2433650, 643491.8 2433661, 643516 2433671, 643540.7 2433680, 643565.8 2433687, 643591.3 2433693, 643617 2433698, 643642.9 2433701, 643669 2433703, 643695.2 2433704, 643721.4 2433703, 643747.5 2433701, 643773.4 2433698, 643799.2 2433693, 643824.6 2433687, 643849.7 2433680, 643874.4 2433671, 643898.6 2433661, 643922.2 2433650, 643945.2 2433637, 643967.5 2433623, 643989.1 2433609, 644009.9 2433593, 644029.8 2433576, 644048.8 2433558, 644066.8 2433539, 644083.8 2433519, 644099.7 2433498, 644114.5 2433476, 644128.2 2433454, 644140.7 2433431, 644152 2433407, 644162 2433383, 644170.7 2433359, 644178.2 2433333, 644184.3 2433308, 644189.1 2433282, 644192.5 2433256, 644194.5 2433230, 644195.2 2433204))"
32,20260541,Forest,7228.991849999999,125.94885561236832,2.2268100633762242,1,Dai,火葬,有,1,0,0,602,56.48700842592292,1417.7136525914934,1193.99853515625,4.522947311401367,316.63108471792043,137185.4278564453,0,0.03530985366603533,1,122,0,0,37978.17077636719,0.27683822815429504,1,0,0.7269473300737269,-0.686693220658745,8.885854865596148,4.835875916710245,0.8005700965267329,"POLYGON ((644523.4 2433309, 644522.7 2433283, 644520.7 2433257, 644517.3 2433231, 644512.5 2433205, 644506.4 2433180, 644499 2433155, 644490.2 2433130, 644480.2 2433106, 644468.9 2433082, 644456.4 2433059, 644442.8 2433037, 644427.9 2433015, 644412 2432995, 644395 2432975, 644377 2432956, 644358 2432938, 644338.1 2432921, 644317.3 2432905, 644295.7 2432890, 644273.4 2432876, 644250.4 2432864, 644226.8 2432852, 644202.6 2432842, 644177.9 2432834, 644152.8 2432826, 644127.4 2432820, 644101.6 2432815, 644075.7 2432812, 644049.6 2432810, 644023.4 2432809, 643997.3 2432810, 643971.2 2432812, 643945.2 2432815, 643919.5 2432820, 643894 2432826, 643868.9 2432834, 643844.2 2432842, 643820.1 2432852, 643796.4 2432864, 643773.4 2432876, 643751.1 2432890, 643729.5 2432905, 643708.8 2432921, 643688.9 2432938, 643669.9 2432956, 643651.9 2432975, 643634.8 2432995, 643618.9 2433015, 643604.1 2433037, 643590.4 2433059, 643577.9 2433082, 643566.6 2433106, 643556.6 2433130, 643547.9 2433155, 643540.5 2433180, 643534.3 2433205, 643529.6 2433231, 643526.2 2433257, 643524.1 2433283, 643523.4 2433309, 643524.1 2433335, 643526.2 2433362, 643529.6 2433387, 643534.3 2433413, 643540.5 2433439, 643547.9 2433464, 643556.6 2433488, 643566.6 2433513, 643577.9 2433536, 643590.4 2433559, 643604.1 2433582, 643618.9 2433603, 643634.8 2433624, 643651.9 2433644, 643669.9 2433663, 643688.9 2433681, 643708.8 2433698, 643729.5 2433714, 643751.1 2433729, 643773.4 2433742, 643796.4 2433755, 643820.1 2433766, 643844.2 2433776, 643868.9 2433785, 643894 2433792, 643919.5 2433798, 643945.2 2433803, 643971.2 2433807, 643997.3 2433809, 644023.4 2433809, 644049.6 2433809, 644075.7 2433807, 644101.6 2433803, 644127.4 2433798, 644152.8 2433792, 644177.9 2433785, 644202.6 2433776, 644226.8 2433766, 644250.4 2433755, 644273.4 2433742, 644295.7 2433729, 644317.3 2433714, 644338.1 2433698, 644358 2433681, 644377 2433663, 644395 2433644, 644412 2433624, 644427.9 2433603, 644442.8 2433582, 644456.4 2433559, 644468.9 2433536, 644480.2 2433513, 644490.2 2433488, 644499 2433464, 644506.4 2433439, 644512.5 2433413, 644517.3 2433387, 644520.7 2433362, 644522.7 2433335, 644523.4 2433309))"
32,20260541,Forest,7472.8425,44.82738108566082,3.0142299107142856,1,Dai,火葬,有,1,0,0,603,436.3702522226037,427.5748014049998,1201.47509765625,5.674787521362305,30.000323484533432,216471.2173461914,0,0.0687322017311485,1,123,0,0,61243.31359863281,0.28291665908031316,1,0,0.8660225808355422,0.50000488945904,8.919030727835047,3.8028191376712726,1.1033443782221637,"POLYGON ((642770.2 2433026, 642769.6 2432999, 642767.5 2432973, 642764.1 2432947, 642759.3 2432922, 642753.2 2432896, 642745.8 2432871, 642737 2432846, 642727 2432822, 642715.7 2432799, 642703.3 2432776, 642689.6 2432753, 642674.7 2432732, 642658.8 2432711, 642641.8 2432691, 642623.8 2432672, 642604.8 2432654, 642584.9 2432637, 642564.1 2432621, 642542.6 2432606, 642520.2 2432593, 642497.2 2432580, 642473.6 2432569, 642449.4 2432559, 642424.7 2432550, 642399.6 2432543, 642374.2 2432536, 642348.5 2432532, 642322.5 2432528, 642296.4 2432526, 642270.2 2432526, 642244.1 2432526, 642218 2432528, 642192 2432532, 642166.3 2432536, 642140.8 2432543, 642115.7 2432550, 642091.1 2432559, 642066.9 2432569, 642043.2 2432580, 642020.2 2432593, 641997.9 2432606, 641976.3 2432621, 641955.6 2432637, 641935.7 2432654, 641916.7 2432672, 641898.7 2432691, 641881.7 2432711, 641865.7 2432732, 641850.9 2432753, 641837.2 2432776, 641824.7 2432799, 641813.5 2432822, 641803.4 2432846, 641794.7 2432871, 641787.3 2432896, 641781.2 2432922, 641776.4 2432947, 641773 2432973, 641770.9 2432999, 641770.2 2433026, 641770.9 2433052, 641773 2433078, 641776.4 2433104, 641781.2 2433129, 641787.3 2433155, 641794.7 2433180, 641803.4 2433205, 641813.5 2433229, 641824.7 2433253, 641837.2 2433276, 641850.9 2433298, 641865.7 2433319, 641881.7 2433340, 641898.7 2433360, 641916.7 2433379, 641935.7 2433397, 641955.6 2433414, 641976.3 2433430, 641997.9 2433445, 642020.2 2433459, 642043.2 2433471, 642066.9 2433482, 642091.1 2433492, 642115.7 2433501, 642140.8 2433508, 642166.3 2433515, 642192 2433519, 642218 2433523, 642244.1 2433525, 642270.2 2433526, 642296.4 2433525, 642322.5 2433523, 642348.5 2433519, 642374.2 2433515, 642399.6 2433508, 642424.7 2433501, 642449.4 2433492, 642473.6 2433482, 642497.2 2433471, 642520.2 2433459, 642542.6 2433445, 642564.1 2433430, 642584.9 2433414, 642604.8 2433397, 642623.8 2433379, 642641.8 2433360, 642658.8 2433340, 642674.7 2433319, 642689.6 2433298, 642703.3 2433276, 642715.7 2433253, 642727 2433229, 642737 2433205, 642745.8 2433180, 642753.2 2433155, 642759.3 2433129, 642764.1 2433104, 642767.5 2433078, 642769.6 2433052, 642770.2 2433026))"
32,20260541,Forest,7833.374375,115.3172411408328,2.1823284446858593,1,Dai,火葬,有,1,0,0,604,0.05312147077963102,465.7567133806201,1170.796630859375,1.7886792421340942,156.05622046006891,3600,0,0.43308933886735174,1,124,0,0,1800,0.5,1,0,-0.9139441208550155,0.40584004725329015,8.966148650812118,4.747686948974081,0.7803924006871561,"POLYGON ((649745.2 2434183, 649744.5 2434157, 649742.4 2434130, 649739 2434104, 649734.3 2434079, 649728.1 2434053, 649720.7 2434028, 649712 2434004, 649702 2433979, 649690.7 2433956, 649678.2 2433933, 649664.5 2433910, 649649.7 2433889, 649633.8 2433868, 649616.8 2433848, 649598.7 2433829, 649579.7 2433811, 649559.8 2433794, 649539.1 2433778, 649517.5 2433763, 649495.2 2433750, 649472.2 2433737, 649448.5 2433726, 649424.4 2433716, 649399.7 2433707, 649374.6 2433700, 649349.1 2433694, 649323.4 2433689, 649297.4 2433685, 649271.3 2433683, 649245.2 2433683, 649219 2433683, 649192.9 2433685, 649167 2433689, 649141.2 2433694, 649115.8 2433700, 649090.7 2433707, 649066 2433716, 649041.8 2433726, 649018.2 2433737, 648995.2 2433750, 648972.9 2433763, 648951.3 2433778, 648930.5 2433794, 648910.6 2433811, 648891.6 2433829, 648873.6 2433848, 648856.6 2433868, 648840.7 2433889, 648825.8 2433910, 648812.2 2433933, 648799.7 2433956, 648788.4 2433979, 648778.4 2434004, 648769.7 2434028, 648762.2 2434053, 648756.1 2434079, 648751.3 2434104, 648747.9 2434130, 648745.9 2434157, 648745.2 2434183, 648745.9 2434209, 648747.9 2434235, 648751.3 2434261, 648756.1 2434287, 648762.2 2434312, 648769.7 2434337, 648778.4 2434362, 648788.4 2434386, 648799.7 2434410, 648812.2 2434433, 648825.8 2434455, 648840.7 2434477, 648856.6 2434497, 648873.6 2434517, 648891.6 2434536, 648910.6 2434554, 648930.5 2434571, 648951.3 2434587, 648972.9 2434602, 648995.2 2434616, 649018.2 2434628, 649041.8 2434639, 649066 2434649, 649090.7 2434658, 649115.8 2434666, 649141.2 2434672, 649167 2434677, 649192.9 2434680, 649219 2434682, 649245.2 2434683, 649271.3 2434682, 649297.4 2434680, 649323.4 2434677, 649349.1 2434672, 649374.6 2434666, 649399.7 2434658, 649424.4 2434649, 649448.5 2434639, 649472.2 2434628, 649495.2 2434616, 649517.5 2434602, 649539.1 2434587, 649559.8 2434571, 649579.7 2434554, 649598.7 2434536, 649616.8 2434517, 649633.8 2434497, 649649.7 2434477, 649664.5 2434455, 649678.2 2434433, 649690.7 2434410, 649702 2434386, 649712 2434362, 649720.7 2434337, 649728.1 2434312, 649734.3 2434287, 649739 2434261, 649742.4 2434235, 649744.5 2434209, 649745.2 2434183))"
32,20260541,Forest,7833.374375,115.3172411408328,2.1823284446858593,1,Dai,火葬,有,1,0,0,607,162.94360407935898,532.626679078843,1170.2646484375,2.029796838760376,187.82418063673654,13002.049827575684,0,0.3541846330116389,1,126,0,0,7200,0.5537588376818647,1,0,-0.9906904759643932,-0.13613368735711256,8.966148650812118,4.747686948974081,0.7803924006871561,"POLYGON ((652793.7 2433876, 652793 2433850, 652790.9 2433824, 652787.5 2433798, 652782.7 2433772, 652776.6 2433747, 652769.2 2433722, 652760.4 2433697, 652750.4 2433673, 652739.2 2433649, 652726.7 2433626, 652713 2433604, 652698.2 2433582, 652682.2 2433562, 652665.2 2433542, 652647.2 2433523, 652628.2 2433505, 652608.3 2433488, 652587.5 2433472, 652566 2433457, 652543.7 2433443, 652520.6 2433431, 652497 2433420, 652472.8 2433410, 652448.2 2433401, 652423.1 2433393, 652397.6 2433387, 652371.9 2433383, 652345.9 2433379, 652319.8 2433377, 652293.7 2433376, 652267.5 2433377, 652241.4 2433379, 652215.4 2433383, 652189.7 2433387, 652164.2 2433393, 652139.1 2433401, 652114.5 2433410, 652090.3 2433420, 652066.7 2433431, 652043.7 2433443, 652021.3 2433457, 651999.8 2433472, 651979 2433488, 651959.1 2433505, 651940.1 2433523, 651922.1 2433542, 651905.1 2433562, 651889.1 2433582, 651874.3 2433604, 651860.6 2433626, 651848.2 2433649, 651836.9 2433673, 651826.9 2433697, 651818.1 2433722, 651810.7 2433747, 651804.6 2433772, 651799.8 2433798, 651796.4 2433824, 651794.3 2433850, 651793.7 2433876, 651794.3 2433903, 651796.4 2433929, 651799.8 2433955, 651804.6 2433980, 651810.7 2434006, 651818.1 2434031, 651826.9 2434056, 651836.9 2434080, 651848.2 2434103, 651860.6 2434126, 651874.3 2434149, 651889.1 2434170, 651905.1 2434191, 651922.1 2434211, 651940.1 2434230, 651959.1 2434248, 651979 2434265, 651999.8 2434281, 652021.3 2434296, 652043.7 2434309, 652066.7 2434322, 652090.3 2434333, 652114.5 2434343, 652139.1 2434352, 652164.2 2434359, 652189.7 2434365, 652215.4 2434370, 652241.4 2434374, 652267.5 2434376, 652293.7 2434376, 652319.8 2434376, 652345.9 2434374, 652371.9 2434370, 652397.6 2434365, 652423.1 2434359, 652448.2 2434352, 652472.8 2434343, 652497 2434333, 652520.6 2434322, 652543.7 2434309, 652566 2434296, 652587.5 2434281, 652608.3 2434265, 652628.2 2434248, 652647.2 2434230, 652665.2 2434211, 652682.2 2434191, 652698.2 2434170, 652713 2434149, 652726.7 2434126, 652739.2 2434103, 652750.4 2434080, 652760.4 2434056, 652769.2 2434031, 652776.6 2434006, 652782.7 2433980, 652787.5 2433955, 652790.9 2433929, 652793 2433903, 652793.7 2433876))"
32,20260541,Forest,7540.000000000001,112.29978884729138,4.332196162046908,0,Dai,NA,NA,1,0,0,646,459.96719666067287,658.6712311305467,1197.6871337890625,0.6994684338569641,123.5551017445369,17993.99528503418,0,0.15137826246469094,1,52,0,0,11693.99528503418,0.6498832026904117,1,0,-0.5527386836710367,0.8333546349385773,8.927977461002001,4.721171981486988,1.4660746102111653,"POLYGON ((626088.5 2429550, 626087.8 2429524, 626085.7 2429497, 626082.3 2429471, 626077.6 2429446, 626071.4 2429420, 626064 2429395, 626055.3 2429371, 626045.3 2429346, 626034 2429323, 626021.5 2429300, 626007.8 2429277, 625993 2429256, 625977.1 2429235, 625960.1 2429215, 625942 2429196, 625923 2429178, 625903.1 2429161, 625882.4 2429145, 625860.8 2429130, 625838.5 2429117, 625815.5 2429104, 625791.8 2429093, 625767.7 2429083, 625743 2429074, 625717.9 2429067, 625692.4 2429061, 625666.7 2429056, 625640.7 2429052, 625614.6 2429050, 625588.5 2429050, 625562.3 2429050, 625536.2 2429052, 625510.3 2429056, 625484.5 2429061, 625459.1 2429067, 625434 2429074, 625409.3 2429083, 625385.1 2429093, 625361.5 2429104, 625338.5 2429117, 625316.2 2429130, 625294.6 2429145, 625273.8 2429161, 625253.9 2429178, 625234.9 2429196, 625216.9 2429215, 625199.9 2429235, 625184 2429256, 625169.1 2429277, 625155.5 2429300, 625143 2429323, 625131.7 2429346, 625121.7 2429371, 625113 2429395, 625105.5 2429420, 625099.4 2429446, 625094.6 2429471, 625091.2 2429497, 625089.2 2429524, 625088.5 2429550, 625089.2 2429576, 625091.2 2429602, 625094.6 2429628, 625099.4 2429654, 625105.5 2429679, 625113 2429704, 625121.7 2429729, 625131.7 2429753, 625143 2429777, 625155.5 2429800, 625169.1 2429822, 625184 2429844, 625199.9 2429864, 625216.9 2429884, 625234.9 2429903, 625253.9 2429921, 625273.8 2429938, 625294.6 2429954, 625316.2 2429969, 625338.5 2429983, 625361.5 2429995, 625385.1 2430006, 625409.3 2430016, 625434 2430025, 625459.1 2430033, 625484.5 2430039, 625510.3 2430044, 625536.2 2430047, 625562.3 2430049, 625588.5 2430050, 625614.6 2430049, 625640.7 2430047, 625666.7 2430044, 625692.4 2430039, 625717.9 2430033, 625743 2430025, 625767.7 2430016, 625791.8 2430006, 625815.5 2429995, 625838.5 2429983, 625860.8 2429969, 625882.4 2429954, 625903.1 2429938, 625923 2429921, 625942 2429903, 625960.1 2429884, 625977.1 2429864, 625993 2429844, 626007.8 2429822, 626021.5 2429800, 626034 2429777, 626045.3 2429753, 626055.3 2429729, 626064 2429704, 626071.4 2429679, 626077.6 2429654, 626082.3 2429628, 626085.7 2429602, 626087.8 2429576, 626088.5 2429550))"
32,20260541,Forest,5300,11.357870574345577,3.2247191011235956,0,Dai,NA,NA,1,0,0,689,111.01562983664554,1013.974415950555,692.297119140625,7.394829750061035,114.0477291289125,35981.639099121094,0,0.47490647447681006,1,70,25842.157745361328,0.7182040171703173,10139.48221206665,0.2817960066837067,1,0,-0.4074975130448599,0.9132063167008068,8.575462099540212,2.4299109462807524,1.1708458460274813,"POLYGON ((736004.6 2351344, 736003.9 2351318, 736001.9 2351291, 735998.4 2351265, 735993.7 2351240, 735987.6 2351214, 735980.1 2351189, 735971.4 2351164, 735961.4 2351140, 735950.1 2351117, 735937.6 2351094, 735923.9 2351071, 735909.1 2351050, 735893.2 2351029, 735876.2 2351009, 735858.1 2350990, 735839.2 2350972, 735819.3 2350955, 735798.5 2350939, 735776.9 2350924, 735754.6 2350911, 735731.6 2350898, 735708 2350887, 735683.8 2350877, 735659.1 2350868, 735634 2350861, 735608.6 2350855, 735582.8 2350850, 735556.9 2350846, 735530.8 2350844, 735504.6 2350844, 735478.4 2350844, 735452.3 2350846, 735426.4 2350850, 735400.6 2350855, 735375.2 2350861, 735350.1 2350868, 735325.4 2350877, 735301.2 2350887, 735277.6 2350898, 735254.6 2350911, 735232.3 2350924, 735210.7 2350939, 735189.9 2350955, 735170 2350972, 735151 2350990, 735133 2351009, 735116 2351029, 735100.1 2351050, 735085.3 2351071, 735071.6 2351094, 735059.1 2351117, 735047.8 2351140, 735037.8 2351164, 735029.1 2351189, 735021.6 2351214, 735015.5 2351240, 735010.8 2351265, 735007.3 2351291, 735005.3 2351318, 735004.6 2351344, 735005.3 2351370, 735007.3 2351396, 735010.8 2351422, 735015.5 2351448, 735021.6 2351473, 735029.1 2351498, 735037.8 2351523, 735047.8 2351547, 735059.1 2351571, 735071.6 2351594, 735085.3 2351616, 735100.1 2351638, 735116 2351658, 735133 2351678, 735151 2351697, 735170 2351715, 735189.9 2351732, 735210.7 2351748, 735232.3 2351763, 735254.6 2351777, 735277.6 2351789, 735301.2 2351800, 735325.4 2351810, 735350.1 2351819, 735375.2 2351827, 735400.6 2351833, 735426.4 2351838, 735452.3 2351841, 735478.4 2351843, 735504.6 2351844, 735530.8 2351843, 735556.9 2351841, 735582.8 2351838, 735608.6 2351833, 735634 2351827, 735659.1 2351819, 735683.8 2351810, 735708 2351800, 735731.6 2351789, 735754.6 2351777, 735776.9 2351763, 735798.5 2351748, 735819.3 2351732, 735839.2 2351715, 735858.1 2351697, 735876.2 2351678, 735893.2 2351658, 735909.1 2351638, 735923.9 2351616, 735937.6 2351594, 735950.1 2351571, 735961.4 2351547, 735971.4 2351523, 735980.1 2351498, 735987.6 2351473, 735993.7 2351448, 735998.4 2351422, 736001.9 2351396, 736003.9 2351370, 736004.6 2351344))"
32,20260541,Forest,4841,40.475513715159785,0.8751300728407908,0,Dai,NA,NA,1,0,0,777,661.6622781458826,792.1763003452708,615.563232421875,8.469239234924316,137.50437828307167,11700,53680.4386138916,0.43080604442473774,1,20,11700,1,0,0,1,0,-0.7373289601907076,0.6755338662599307,8.484876589939695,3.7006971916427536,-0.13338274899734448,"POLYGON ((733017.7 2428341, 733017.1 2428315, 733015 2428289, 733011.6 2428263, 733006.8 2428237, 733000.7 2428212, 732993.3 2428186, 732984.5 2428162, 732974.5 2428138, 732963.2 2428114, 732950.8 2428091, 732937.1 2428069, 732922.3 2428047, 732906.3 2428026, 732889.3 2428006, 732871.3 2427987, 732852.3 2427969, 732832.4 2427952, 732811.6 2427936, 732790.1 2427922, 732767.7 2427908, 732744.7 2427895, 732721.1 2427884, 732696.9 2427874, 732672.3 2427865, 732647.2 2427858, 732621.7 2427852, 732596 2427847, 732570 2427844, 732543.9 2427842, 732517.7 2427841, 732491.6 2427842, 732465.5 2427844, 732439.5 2427847, 732413.8 2427852, 732388.3 2427858, 732363.2 2427865, 732338.6 2427874, 732314.4 2427884, 732290.7 2427895, 732267.7 2427908, 732245.4 2427922, 732223.9 2427936, 732203.1 2427952, 732183.2 2427969, 732164.2 2427987, 732146.2 2428006, 732129.2 2428026, 732113.2 2428047, 732098.4 2428069, 732084.7 2428091, 732072.2 2428114, 732061 2428138, 732051 2428162, 732042.2 2428186, 732034.8 2428212, 732028.7 2428237, 732023.9 2428263, 732020.5 2428289, 732018.4 2428315, 732017.7 2428341, 732018.4 2428367, 732020.5 2428393, 732023.9 2428419, 732028.7 2428445, 732034.8 2428470, 732042.2 2428495, 732051 2428520, 732061 2428544, 732072.2 2428568, 732084.7 2428591, 732098.4 2428613, 732113.2 2428635, 732129.2 2428656, 732146.2 2428676, 732164.2 2428695, 732183.2 2428713, 732203.1 2428730, 732223.9 2428745, 732245.4 2428760, 732267.7 2428774, 732290.7 2428786, 732314.4 2428798, 732338.6 2428808, 732363.2 2428817, 732388.3 2428824, 732413.8 2428830, 732439.5 2428835, 732465.5 2428838, 732491.6 2428840, 732517.7 2428841, 732543.9 2428840, 732570 2428838, 732596 2428835, 732621.7 2428830, 732647.2 2428824, 732672.3 2428817, 732696.9 2428808, 732721.1 2428798, 732744.7 2428786, 732767.7 2428774, 732790.1 2428760, 732811.6 2428745, 732832.4 2428730, 732852.3 2428713, 732871.3 2428695, 732889.3 2428676, 732906.3 2428656, 732922.3 2428635, 732937.1 2428613, 732950.8 2428591, 732963.2 2428568, 732974.5 2428544, 732984.5 2428520, 732993.3 2428495, 733000.7 2428470, 733006.8 2428445, 733011.6 2428419, 733015 2428393, 733017.1 2428367, 733017.7 2428341))"
32,20260541,Forest,7140.869565217392,136.6695132063556,2.088718220338983,0,Dai,NA,NA,1,0,0,878,625.1709370110195,1399.745456669738,1226.851806640625,5.552217960357666,236.23872451673822,371233.65783691406,0,0.011452071461096544,1,22,0,0,68243.14956665039,0.18382802347256497,1,0,-0.5557338507471875,-0.8313602631433035,8.873589835763665,4.917565699152524,0.7365505861325996,"POLYGON ((631794 2440391, 631793.3 2440365, 631791.3 2440339, 631787.9 2440313, 631783.1 2440287, 631777 2440262, 631769.6 2440237, 631760.8 2440212, 631750.8 2440188, 631739.5 2440164, 631727 2440141, 631713.4 2440119, 631698.5 2440097, 631682.6 2440076, 631665.6 2440056, 631647.6 2440037, 631628.6 2440019, 631608.7 2440002, 631587.9 2439987, 631566.3 2439972, 631544 2439958, 631521 2439946, 631497.4 2439934, 631473.2 2439924, 631448.5 2439915, 631423.4 2439908, 631398 2439902, 631372.2 2439897, 631346.3 2439894, 631320.2 2439892, 631294 2439891, 631267.9 2439892, 631241.8 2439894, 631215.8 2439897, 631190.1 2439902, 631164.6 2439908, 631139.5 2439915, 631114.8 2439924, 631090.7 2439934, 631067 2439946, 631044 2439958, 631021.7 2439972, 631000.1 2439987, 630979.4 2440002, 630959.5 2440019, 630940.5 2440037, 630922.4 2440056, 630905.4 2440076, 630889.5 2440097, 630874.7 2440119, 630861 2440141, 630848.5 2440164, 630837.2 2440188, 630827.2 2440212, 630818.5 2440237, 630811.1 2440262, 630804.9 2440287, 630800.2 2440313, 630796.8 2440339, 630794.7 2440365, 630794 2440391, 630794.7 2440417, 630796.8 2440443, 630800.2 2440469, 630804.9 2440495, 630811.1 2440520, 630818.5 2440546, 630827.2 2440570, 630837.2 2440594, 630848.5 2440618, 630861 2440641, 630874.7 2440663, 630889.5 2440685, 630905.4 2440706, 630922.4 2440726, 630940.5 2440745, 630959.5 2440763, 630979.4 2440780, 631000.1 2440796, 631021.7 2440810, 631044 2440824, 631067 2440837, 631090.7 2440848, 631114.8 2440858, 631139.5 2440867, 631164.6 2440874, 631190.1 2440880, 631215.8 2440885, 631241.8 2440888, 631267.9 2440890, 631294 2440891, 631320.2 2440890, 631346.3 2440888, 631372.2 2440885, 631398 2440880, 631423.4 2440874, 631448.5 2440867, 631473.2 2440858, 631497.4 2440848, 631521 2440837, 631544 2440824, 631566.3 2440810, 631587.9 2440796, 631608.7 2440780, 631628.6 2440763, 631647.6 2440745, 631665.6 2440726, 631682.6 2440706, 631698.5 2440685, 631713.4 2440663, 631727 2440641, 631739.5 2440618, 631750.8 2440594, 631760.8 2440570, 631769.6 2440546, 631777 2440520, 631783.1 2440495, 631787.9 2440469, 631791.3 2440443, 631793.3 2440417, 631794 2440391))"
32,20260541,Forest,4468,96.47661604022574,2.467409608717187,0,Dai,NA,NA,1,0,0,914,440.516391617389,643.1363917866421,655.897705078125,8.503825187683105,309.73323684864374,50400,151446.1212158203,0.5707728967072466,1,97,50400,1,0,0,1,0,0.6392140328821934,-0.769028881230401,8.404696160189092,4.5693006581538285,0.9031688589157757,"POLYGON ((741629.5 2364740, 741628.8 2364714, 741626.8 2364688, 741623.3 2364662, 741618.6 2364636, 741612.5 2364610, 741605 2364585, 741596.3 2364561, 741586.3 2364536, 741575 2364513, 741562.5 2364490, 741548.8 2364467, 741534 2364446, 741518.1 2364425, 741501.1 2364405, 741483.1 2364386, 741464.1 2364368, 741444.2 2364351, 741423.4 2364335, 741401.8 2364320, 741379.5 2364307, 741356.5 2364294, 741332.9 2364283, 741308.7 2364273, 741284 2364264, 741258.9 2364257, 741233.5 2364251, 741207.7 2364246, 741181.8 2364243, 741155.7 2364240, 741129.5 2364240, 741103.3 2364240, 741077.2 2364243, 741051.3 2364246, 741025.5 2364251, 741000.1 2364257, 740975 2364264, 740950.3 2364273, 740926.1 2364283, 740902.5 2364294, 740879.5 2364307, 740857.2 2364320, 740835.6 2364335, 740814.8 2364351, 740794.9 2364368, 740776 2364386, 740757.9 2364405, 740740.9 2364425, 740725 2364446, 740710.2 2364467, 740696.5 2364490, 740684 2364513, 740672.7 2364536, 740662.7 2364561, 740654 2364585, 740646.5 2364610, 740640.4 2364636, 740635.7 2364662, 740632.2 2364688, 740630.2 2364714, 740629.5 2364740, 740630.2 2364766, 740632.2 2364792, 740635.7 2364818, 740640.4 2364844, 740646.5 2364869, 740654 2364894, 740662.7 2364919, 740672.7 2364943, 740684 2364967, 740696.5 2364990, 740710.2 2365012, 740725 2365034, 740740.9 2365054, 740757.9 2365074, 740776 2365093, 740794.9 2365111, 740814.8 2365128, 740835.6 2365144, 740857.2 2365159, 740879.5 2365173, 740902.5 2365185, 740926.1 2365197, 740950.3 2365207, 740975 2365215, 741000.1 2365223, 741025.5 2365229, 741051.3 2365234, 741077.2 2365237, 741103.3 2365239, 741129.5 2365240, 741155.7 2365239, 741181.8 2365237, 741207.7 2365234, 741233.5 2365229, 741258.9 2365223, 741284 2365215, 741308.7 2365207, 741332.9 2365197, 741356.5 2365185, 741379.5 2365173, 741401.8 2365159, 741423.4 2365144, 741444.2 2365128, 741464.1 2365111, 741483.1 2365093, 741501.1 2365074, 741518.1 2365054, 741534 2365034, 741548.8 2365012, 741562.5 2364990, 741575 2364967, 741586.3 2364943, 741596.3 2364919, 741605 2364894, 741612.5 2364869, 741618.6 2364844, 741623.3 2364818, 741626.8 2364792, 741628.8 2364766, 741629.5 2364740))"
32,20260541,Forest,6109.060402684564,16.49307014828121,2.182649842271293,0,Dai,NA,NA,1,0,0,928,324.3171754107226,886.7159318829924,860.099365234375,1.9545533657073975,210.8134364629911,27620.097541809082,42592.624282836914,0.611110484349313,1,39,0,0,27620.097541809082,1,1,0,-0.8588397938744369,-0.5122442859200235,8.717528260092221,2.802940301672347,0.7805396626274846,"POLYGON ((715717.1 2486140, 715716.4 2486114, 715714.4 2486088, 715710.9 2486062, 715706.2 2486036, 715700.1 2486011, 715692.6 2485986, 715683.9 2485961, 715673.9 2485937, 715662.6 2485913, 715650.1 2485890, 715636.4 2485868, 715621.6 2485846, 715605.7 2485825, 715588.7 2485805, 715570.7 2485786, 715551.7 2485768, 715531.8 2485751, 715511 2485736, 715489.4 2485721, 715467.1 2485707, 715444.1 2485695, 715420.5 2485683, 715396.3 2485673, 715371.6 2485664, 715346.5 2485657, 715321.1 2485651, 715295.3 2485646, 715269.4 2485643, 715243.3 2485641, 715217.1 2485640, 715190.9 2485641, 715164.8 2485643, 715138.9 2485646, 715113.1 2485651, 715087.7 2485657, 715062.6 2485664, 715037.9 2485673, 715013.7 2485683, 714990.1 2485695, 714967.1 2485707, 714944.8 2485721, 714923.2 2485736, 714902.4 2485751, 714882.5 2485768, 714863.6 2485786, 714845.5 2485805, 714828.5 2485825, 714812.6 2485846, 714797.8 2485868, 714784.1 2485890, 714771.6 2485913, 714760.3 2485937, 714750.3 2485961, 714741.6 2485986, 714734.1 2486011, 714728 2486036, 714723.3 2486062, 714719.8 2486088, 714717.8 2486114, 714717.1 2486140, 714717.8 2486166, 714719.8 2486192, 714723.3 2486218, 714728 2486244, 714734.1 2486269, 714741.6 2486295, 714750.3 2486319, 714760.3 2486343, 714771.6 2486367, 714784.1 2486390, 714797.8 2486412, 714812.6 2486434, 714828.5 2486455, 714845.5 2486475, 714863.6 2486494, 714882.5 2486512, 714902.4 2486529, 714923.2 2486545, 714944.8 2486559, 714967.1 2486573, 714990.1 2486586, 715013.7 2486597, 715037.9 2486607, 715062.6 2486616, 715087.7 2486623, 715113.1 2486629, 715138.9 2486634, 715164.8 2486637, 715190.9 2486639, 715217.1 2486640, 715243.3 2486639, 715269.4 2486637, 715295.3 2486634, 715321.1 2486629, 715346.5 2486623, 715371.6 2486616, 715396.3 2486607, 715420.5 2486597, 715444.1 2486586, 715467.1 2486573, 715489.4 2486559, 715511 2486545, 715531.8 2486529, 715551.7 2486512, 715570.7 2486494, 715588.7 2486475, 715605.7 2486455, 715621.6 2486434, 715636.4 2486412, 715650.1 2486390, 715662.6 2486367, 715673.9 2486343, 715683.9 2486319, 715692.6 2486295, 715700.1 2486269, 715706.2 2486244, 715710.9 2486218, 715714.4 2486192, 715716.4 2486166, 715717.1 2486140))"
32,20260541,Forest,8258.682862023154,130.8393029610749,1.0638297872340425,0,Dai,NA,NA,1,0,0,1012,60.372602267338976,314.64804308896265,652.58563232421875,6.0430121421813965,79.45119191248544,10800,194523.8296508789,0.8713542711107433,1,92,900,0.08333333333333333,900,0.08333333333333333,1,0,0.1830730565932173,0.9830993113361521,9.019020393996465,4.873969875241402,0.06187540371808745,"POLYGON ((676880.8 2394621, 676880.1 2394595, 676878.1 2394569, 676874.6 2394543, 676869.9 2394517, 676863.8 2394492, 676856.3 2394467, 676847.6 2394442, 676837.6 2394418, 676826.3 2394394, 676813.8 2394371, 676800.1 2394349, 676785.3 2394327, 676769.4 2394306, 676752.4 2394287, 676734.3 2394268, 676715.4 2394250, 676695.4 2394233, 676674.7 2394217, 676653.1 2394202, 676630.8 2394188, 676607.8 2394176, 676584.2 2394164, 676560 2394154, 676535.3 2394146, 676510.2 2394138, 676484.7 2394132, 676459 2394127, 676433.1 2394124, 676407 2394122, 676380.8 2394121, 676354.6 2394122, 676328.5 2394124, 676302.6 2394127, 676276.8 2394132, 676251.4 2394138, 676226.3 2394146, 676201.6 2394154, 676177.4 2394164, 676153.8 2394176, 676130.8 2394188, 676108.5 2394202, 676086.9 2394217, 676066.1 2394233, 676046.2 2394250, 676027.2 2394268, 676009.2 2394287, 675992.2 2394306, 675976.3 2394327, 675961.5 2394349, 675947.8 2394371, 675935.3 2394394, 675924 2394418, 675914 2394442, 675905.3 2394467, 675897.8 2394492, 675891.7 2394517, 675886.9 2394543, 675883.5 2394569, 675881.5 2394595, 675880.8 2394621, 675881.5 2394647, 675883.5 2394673, 675886.9 2394699, 675891.7 2394725, 675897.8 2394750, 675905.3 2394776, 675914 2394800, 675924 2394824, 675935.3 2394848, 675947.8 2394871, 675961.5 2394893, 675976.3 2394915, 675992.2 2394936, 676009.2 2394956, 676027.2 2394975, 676046.2 2394993, 676066.1 2395010, 676086.9 2395026, 676108.5 2395040, 676130.8 2395054, 676153.8 2395067, 676177.4 2395078, 676201.6 2395088, 676226.3 2395097, 676251.4 2395104, 676276.8 2395110, 676302.6 2395115, 676328.5 2395118, 676354.6 2395120, 676380.8 2395121, 676407 2395120, 676433.1 2395118, 676459 2395115, 676484.7 2395110, 676510.2 2395104, 676535.3 2395097, 676560 2395088, 676584.2 2395078, 676607.8 2395067, 676630.8 2395054, 676653.1 2395040, 676674.7 2395026, 676695.4 2395010, 676715.4 2394993, 676734.3 2394975, 676752.4 2394956, 676769.4 2394936, 676785.3 2394915, 676800.1 2394893, 676813.8 2394871, 676826.3 2394848, 676837.6 2394824, 676847.6 2394800, 676856.3 2394776, 676863.8 2394750, 676869.9 2394725, 676874.6 2394699, 676878.1 2394673, 676880.1 2394647, 676880.8 2394621))"
32,20260541,Forest,7763.069139966274,45.20227133608371,0.045004500450045004,0,Dai,NA,NA,1,0,0,1034,696.6516325289472,721.2025325734044,594.9654541015625,17.104167938232422,178.10354727838467,417943.65234375,18123.038291931152,0.14341422122237396,1,69,363731.1492919922,0.870287530991931,26461.616706848145,0.06331383802207866,1,0,-0.9994522667193176,0.03309330067578464,8.957133042712313,3.8111473363739687,-3.100992784211484,"POLYGON ((718107.8 2411095, 718107.1 2411069, 718105.1 2411043, 718101.6 2411017, 718096.9 2410991, 718090.8 2410966, 718083.3 2410941, 718074.6 2410916, 718064.6 2410892, 718053.3 2410868, 718040.8 2410845, 718027.1 2410823, 718012.3 2410802, 717996.4 2410781, 717979.4 2410761, 717961.4 2410742, 717942.4 2410724, 717922.5 2410707, 717901.7 2410691, 717880.1 2410676, 717857.8 2410662, 717834.8 2410650, 717811.2 2410639, 717787 2410629, 717762.3 2410620, 717737.2 2410612, 717711.8 2410606, 717686 2410602, 717660.1 2410598, 717634 2410596, 717607.8 2410595, 717581.6 2410596, 717555.5 2410598, 717529.6 2410602, 717503.8 2410606, 717478.4 2410612, 717453.3 2410620, 717428.6 2410629, 717404.4 2410639, 717380.8 2410650, 717357.8 2410662, 717335.5 2410676, 717313.9 2410691, 717293.1 2410707, 717273.2 2410724, 717254.2 2410742, 717236.2 2410761, 717219.2 2410781, 717203.3 2410802, 717188.5 2410823, 717174.8 2410845, 717162.3 2410868, 717151 2410892, 717141 2410916, 717132.3 2410941, 717124.8 2410966, 717118.7 2410991, 717114 2411017, 717110.5 2411043, 717108.5 2411069, 717107.8 2411095, 717108.5 2411122, 717110.5 2411148, 717114 2411174, 717118.7 2411199, 717124.8 2411225, 717132.3 2411250, 717141 2411275, 717151 2411299, 717162.3 2411322, 717174.8 2411345, 717188.5 2411368, 717203.3 2411389, 717219.2 2411410, 717236.2 2411430, 717254.2 2411449, 717273.2 2411467, 717293.1 2411484, 717313.9 2411500, 717335.5 2411515, 717357.8 2411528, 717380.8 2411541, 717404.4 2411552, 717428.6 2411562, 717453.3 2411571, 717478.4 2411578, 717503.8 2411584, 717529.6 2411589, 717555.5 2411593, 717581.6 2411595, 717607.8 2411595, 717634 2411595, 717660.1 2411593, 717686 2411589, 717711.8 2411584, 717737.2 2411578, 717762.3 2411571, 717787 2411562, 717811.2 2411552, 717834.8 2411541, 717857.8 2411528, 717880.1 2411515, 717901.7 2411500, 717922.5 2411484, 717942.4 2411467, 717961.4 2411449, 717979.4 2411430, 717996.4 2411410, 718012.3 2411389, 718027.1 2411368, 718040.8 2411345, 718053.3 2411322, 718064.6 2411299, 718074.6 2411275, 718083.3 2411250, 718090.8 2411225, 718096.9 2411199, 718101.6 2411174, 718105.1 2411148, 718107.1 2411122, 718107.8 2411095))"
32,20260541,Forest,6199,88.76182152611432,1.9497753106000528,0,Dai,NA,NA,1,0,0,1091,911.6409938726123,1682.3459533626526,765.2716064453125,9.911404609680176,267.90798756663304,28062.499809265137,3600,0.024591834273178955,1,94,28062.499809265137,1,0,0,1,0,-0.036504392642132025,-0.9993334925428193,8.73214326770192,4.485956619779399,0.6677141406034005,"POLYGON ((767301.2 2385171, 767300.5 2385145, 767298.4 2385118, 767295 2385093, 767290.3 2385067, 767284.1 2385041, 767276.7 2385016, 767268 2384992, 767258 2384967, 767246.7 2384944, 767234.2 2384921, 767220.5 2384898, 767205.7 2384877, 767189.8 2384856, 767172.8 2384836, 767154.7 2384817, 767135.8 2384799, 767115.8 2384782, 767095.1 2384766, 767073.5 2384751, 767051.2 2384738, 767028.2 2384725, 767004.6 2384714, 766980.4 2384704, 766955.7 2384695, 766930.6 2384688, 766905.1 2384682, 766879.4 2384677, 766853.4 2384673, 766827.4 2384671, 766801.2 2384671, 766775 2384671, 766748.9 2384673, 766723 2384677, 766697.2 2384682, 766671.8 2384688, 766646.7 2384695, 766622 2384704, 766597.8 2384714, 766574.2 2384725, 766551.2 2384738, 766528.9 2384751, 766507.3 2384766, 766486.5 2384782, 766466.6 2384799, 766447.6 2384817, 766429.6 2384836, 766412.6 2384856, 766396.7 2384877, 766381.8 2384898, 766368.2 2384921, 766355.7 2384944, 766344.4 2384967, 766334.4 2384992, 766325.7 2385016, 766318.2 2385041, 766312.1 2385067, 766307.3 2385093, 766303.9 2385118, 766301.9 2385145, 766301.2 2385171, 766301.9 2385197, 766303.9 2385223, 766307.3 2385249, 766312.1 2385275, 766318.2 2385300, 766325.7 2385325, 766334.4 2385350, 766344.4 2385374, 766355.7 2385398, 766368.2 2385421, 766381.8 2385443, 766396.7 2385465, 766412.6 2385485, 766429.6 2385505, 766447.6 2385524, 766466.6 2385542, 766486.5 2385559, 766507.3 2385575, 766528.9 2385590, 766551.2 2385604, 766574.2 2385616, 766597.8 2385628, 766622 2385638, 766646.7 2385646, 766671.8 2385654, 766697.2 2385660, 766723 2385665, 766748.9 2385668, 766775 2385670, 766801.2 2385671, 766827.4 2385670, 766853.4 2385668, 766879.4 2385665, 766905.1 2385660, 766930.6 2385654, 766955.7 2385646, 766980.4 2385638, 767004.6 2385628, 767028.2 2385616, 767051.2 2385604, 767073.5 2385590, 767095.1 2385575, 767115.8 2385559, 767135.8 2385542, 767154.7 2385524, 767172.8 2385505, 767189.8 2385485, 767205.7 2385465, 767220.5 2385443, 767234.2 2385421, 767246.7 2385398, 767258 2385374, 767268 2385350, 767276.7 2385325, 767284.1 2385300, 767290.3 2385275, 767295 2385249, 767298.4 2385223, 767300.5 2385197, 767301.2 2385171))"
32,20260541,Forest,4895.615866388309,145.06059227472352,0.8104849279161206,0,Dai,NA,NA,1,0,0,1154,552.3302967886555,593.752680595447,677.5677490234375,8.051405906677246,18.27142320366029,19785.764122009277,3600,0.43411741659907505,1,124,19785.764122009277,1,0,0,1,0,0.9495819661672137,0.3135188822543367,8.496095362451602,4.977151532890694,-0.21012253401124478,"POLYGON ((675511.1 2396642, 675510.5 2396615, 675508.4 2396589, 675505 2396563, 675500.2 2396538, 675494.1 2396512, 675486.7 2396487, 675477.9 2396462, 675467.9 2396438, 675456.6 2396415, 675444.2 2396392, 675430.5 2396369, 675415.6 2396348, 675399.7 2396327, 675382.7 2396307, 675364.7 2396288, 675345.7 2396270, 675325.8 2396253, 675305 2396237, 675283.5 2396222, 675261.1 2396209, 675238.1 2396196, 675214.5 2396185, 675190.3 2396175, 675165.6 2396166, 675140.6 2396159, 675115.1 2396152, 675089.4 2396148, 675063.4 2396144, 675037.3 2396142, 675011.1 2396142, 674985 2396142, 674958.9 2396144, 674932.9 2396148, 674907.2 2396152, 674881.7 2396159, 674856.6 2396166, 674832 2396175, 674807.8 2396185, 674784.1 2396196, 674761.1 2396209, 674738.8 2396222, 674717.2 2396237, 674696.5 2396253, 674676.6 2396270, 674657.6 2396288, 674639.6 2396307, 674622.6 2396327, 674606.6 2396348, 674591.8 2396369, 674578.1 2396392, 674565.6 2396415, 674554.4 2396438, 674544.4 2396462, 674535.6 2396487, 674528.2 2396512, 674522.1 2396538, 674517.3 2396563, 674513.9 2396589, 674511.8 2396615, 674511.1 2396642, 674511.8 2396668, 674513.9 2396694, 674517.3 2396720, 674522.1 2396746, 674528.2 2396771, 674535.6 2396796, 674544.4 2396821, 674554.4 2396845, 674565.6 2396869, 674578.1 2396892, 674591.8 2396914, 674606.6 2396935, 674622.6 2396956, 674639.6 2396976, 674657.6 2396995, 674676.6 2397013, 674696.5 2397030, 674717.2 2397046, 674738.8 2397061, 674761.1 2397075, 674784.1 2397087, 674807.8 2397098, 674832 2397108, 674856.6 2397117, 674881.7 2397125, 674907.2 2397131, 674932.9 2397135, 674958.9 2397139, 674985 2397141, 675011.1 2397142, 675037.3 2397141, 675063.4 2397139, 675089.4 2397135, 675115.1 2397131, 675140.6 2397125, 675165.6 2397117, 675190.3 2397108, 675214.5 2397098, 675238.1 2397087, 675261.1 2397075, 675283.5 2397061, 675305 2397046, 675325.8 2397030, 675345.7 2397013, 675364.7 2396995, 675382.7 2396976, 675399.7 2396956, 675415.6 2396935, 675430.5 2396914, 675444.2 2396892, 675456.6 2396869, 675467.9 2396845, 675477.9 2396821, 675486.7 2396796, 675494.1 2396771, 675500.2 2396746, 675505 2396720, 675508.4 2396694, 675510.5 2396668, 675511.1 2396642))"
32,20260541,Forest,4740.827023878858,28.393067437574942,2.9508196721311477,0,Dai,NA,NA,1,0,0,1198,134.9392178228933,1132.172217137763,943.7027587890625,7.62083101272583,70.10831661126355,629978.1921386719,0,0.09101539687235678,1,46,433114.15100097656,0.6875065778556962,36175.4035949707,0.05742326329132313,1,0,0.34024306169127966,0.9403375239619782,8.463966877081248,3.346145011058112,1.0820829867168993,"POLYGON ((679645.1 2480262, 679644.4 2480236, 679642.3 2480210, 679638.9 2480184, 679634.2 2480158, 679628 2480133, 679620.6 2480108, 679611.9 2480083, 679601.9 2480059, 679590.6 2480035, 679578.1 2480012, 679564.4 2479990, 679549.6 2479968, 679533.7 2479947, 679516.7 2479927, 679498.6 2479908, 679479.6 2479890, 679459.7 2479873, 679439 2479858, 679417.4 2479843, 679395.1 2479829, 679372.1 2479817, 679348.4 2479805, 679324.3 2479795, 679299.6 2479787, 679274.5 2479779, 679249 2479773, 679223.3 2479768, 679197.3 2479765, 679171.2 2479763, 679145.1 2479762, 679118.9 2479763, 679092.8 2479765, 679066.9 2479768, 679041.1 2479773, 679015.7 2479779, 678990.6 2479787, 678965.9 2479795, 678941.7 2479805, 678918.1 2479817, 678895.1 2479829, 678872.8 2479843, 678851.2 2479858, 678830.4 2479873, 678810.5 2479890, 678791.5 2479908, 678773.5 2479927, 678756.5 2479947, 678740.6 2479968, 678725.7 2479990, 678712.1 2480012, 678699.6 2480035, 678688.3 2480059, 678678.3 2480083, 678669.6 2480108, 678662.1 2480133, 678656 2480158, 678651.2 2480184, 678647.8 2480210, 678645.8 2480236, 678645.1 2480262, 678645.8 2480288, 678647.8 2480314, 678651.2 2480340, 678656 2480366, 678662.1 2480391, 678669.6 2480417, 678678.3 2480441, 678688.3 2480465, 678699.6 2480489, 678712.1 2480512, 678725.7 2480534, 678740.6 2480556, 678756.5 2480577, 678773.5 2480597, 678791.5 2480616, 678810.5 2480634, 678830.4 2480651, 678851.2 2480667, 678872.8 2480681, 678895.1 2480695, 678918.1 2480708, 678941.7 2480719, 678965.9 2480729, 678990.6 2480738, 679015.7 2480745, 679041.1 2480751, 679066.9 2480756, 679092.8 2480759, 679118.9 2480761, 679145.1 2480762, 679171.2 2480761, 679197.3 2480759, 679223.3 2480756, 679249 2480751, 679274.5 2480745, 679299.6 2480738, 679324.3 2480729, 679348.4 2480719, 679372.1 2480708, 679395.1 2480695, 679417.4 2480681, 679439 2480667, 679459.7 2480651, 679479.6 2480634, 679498.6 2480616, 679516.7 2480597, 679533.7 2480577, 679549.6 2480556, 679564.4 2480534, 679578.1 2480512, 679590.6 2480489, 679601.9 2480465, 679611.9 2480441, 679620.6 2480417, 679628 2480391, 679634.2 2480366, 679638.9 2480340, 679642.3 2480314, 679644.4 2480288, 679645.1 2480262))"
32,20260541,Forest,5152.0093185789165,31.010082017237615,3.867597133157299,0,Dai,NA,NA,1,0,0,1312,80.0494037782521,216.83901696722893,1190.892822265625,9.849912643432617,270.4022446614653,785039.3371582031,0,0.15637599603634245,1,105,0,0,20280.03387451172,0.025833143531283752,1,0,0.007020436071046534,-0.9999753564350335,8.547142076512934,3.4343123779730202,1.3526334183810655,"POLYGON ((672264 2486930, 672263.3 2486903, 672261.3 2486877, 672257.9 2486851, 672253.1 2486826, 672247 2486800, 672239.6 2486775, 672230.8 2486750, 672220.8 2486726, 672209.5 2486703, 672197 2486680, 672183.4 2486657, 672168.5 2486636, 672152.6 2486615, 672135.6 2486595, 672117.6 2486576, 672098.6 2486558, 672078.7 2486541, 672057.9 2486525, 672036.4 2486510, 672014 2486497, 671991 2486484, 671967.4 2486473, 671943.2 2486463, 671918.5 2486454, 671893.4 2486447, 671868 2486441, 671842.3 2486436, 671816.3 2486432, 671790.2 2486430, 671764 2486430, 671737.9 2486430, 671711.8 2486432, 671685.8 2486436, 671660.1 2486441, 671634.6 2486447, 671609.5 2486454, 671584.8 2486463, 671560.7 2486473, 671537 2486484, 671514 2486497, 671491.7 2486510, 671470.1 2486525, 671449.4 2486541, 671429.5 2486558, 671410.5 2486576, 671392.5 2486595, 671375.5 2486615, 671359.5 2486636, 671344.7 2486657, 671331 2486680, 671318.5 2486703, 671307.3 2486726, 671297.2 2486750, 671288.5 2486775, 671281.1 2486800, 671275 2486826, 671270.2 2486851, 671266.8 2486877, 671264.7 2486903, 671264 2486930, 671264.7 2486956, 671266.8 2486982, 671270.2 2487008, 671275 2487034, 671281.1 2487059, 671288.5 2487084, 671297.2 2487109, 671307.3 2487133, 671318.5 2487157, 671331 2487180, 671344.7 2487202, 671359.5 2487224, 671375.5 2487244, 671392.5 2487264, 671410.5 2487283, 671429.5 2487301, 671449.4 2487318, 671470.1 2487334, 671491.7 2487349, 671514 2487363, 671537 2487375, 671560.7 2487386, 671584.8 2487396, 671609.5 2487405, 671634.6 2487413, 671660.1 2487419, 671685.8 2487423, 671711.8 2487427, 671737.9 2487429, 671764 2487430, 671790.2 2487429, 671816.3 2487427, 671842.3 2487423, 671868 2487419, 671893.4 2487413, 671918.5 2487405, 671943.2 2487396, 671967.4 2487386, 671991 2487375, 672014 2487363, 672036.4 2487349, 672057.9 2487334, 672078.7 2487318, 672098.6 2487301, 672117.6 2487283, 672135.6 2487264, 672152.6 2487244, 672168.5 2487224, 672183.4 2487202, 672197 2487180, 672209.5 2487157, 672220.8 2487133, 672230.8 2487109, 672239.6 2487084, 672247 2487059, 672253.1 2487034, 672257.9 2487008, 672261.3 2486982, 672263.3 2486956, 672264 2486930))"
32,20260541,Forest,4468,96.47661604022574,2.467409608717187,0,Dai,NA,NA,1,0,0,1388,713.6168986386946,938.7488136135504,819.335693359375,14.931665420532227,182.46596749142978,604315.3381347656,7590.4927253723145,0.037665531241983824,1,113,496402.0202636719,0.8214287954295999,43270.075607299805,0.0716018159341346,1,0,-0.999073954356881,-0.04302596571496141,8.404696160189092,4.5693006581538285,0.9031688589157757,"POLYGON ((745180.9 2363607, 745180.3 2363581, 745178.2 2363555, 745174.8 2363529, 745170 2363503, 745163.9 2363478, 745156.5 2363453, 745147.7 2363428, 745137.7 2363404, 745126.4 2363380, 745113.9 2363357, 745100.3 2363335, 745085.4 2363314, 745069.5 2363293, 745052.5 2363273, 745034.5 2363254, 745015.5 2363236, 744995.6 2363219, 744974.8 2363203, 744953.3 2363188, 744930.9 2363174, 744907.9 2363162, 744884.3 2363151, 744860.1 2363141, 744835.4 2363132, 744810.3 2363124, 744784.9 2363118, 744759.2 2363114, 744733.2 2363110, 744707.1 2363108, 744680.9 2363107, 744654.8 2363108, 744628.7 2363110, 744602.7 2363114, 744577 2363118, 744551.5 2363124, 744526.4 2363132, 744501.8 2363141, 744477.6 2363151, 744453.9 2363162, 744430.9 2363174, 744408.6 2363188, 744387 2363203, 744366.3 2363219, 744346.4 2363236, 744327.4 2363254, 744309.4 2363273, 744292.4 2363293, 744276.4 2363314, 744261.6 2363335, 744247.9 2363357, 744235.4 2363380, 744224.2 2363404, 744214.1 2363428, 744205.4 2363453, 744198 2363478, 744191.9 2363503, 744187.1 2363529, 744183.7 2363555, 744181.6 2363581, 744180.9 2363607, 744181.6 2363634, 744183.7 2363660, 744187.1 2363686, 744191.9 2363711, 744198 2363737, 744205.4 2363762, 744214.1 2363787, 744224.2 2363811, 744235.4 2363834, 744247.9 2363857, 744261.6 2363880, 744276.4 2363901, 744292.4 2363922, 744309.4 2363942, 744327.4 2363961, 744346.4 2363979, 744366.3 2363996, 744387 2364012, 744408.6 2364027, 744430.9 2364040, 744453.9 2364053, 744477.6 2364064, 744501.8 2364074, 744526.4 2364083, 744551.5 2364090, 744577 2364097, 744602.7 2364101, 744628.7 2364105, 744654.8 2364107, 744680.9 2364107, 744707.1 2364107, 744733.2 2364105, 744759.2 2364101, 744784.9 2364097, 744810.3 2364090, 744835.4 2364083, 744860.1 2364074, 744884.3 2364064, 744907.9 2364053, 744930.9 2364040, 744953.3 2364027, 744974.8 2364012, 744995.6 2363996, 745015.5 2363979, 745034.5 2363961, 745052.5 2363942, 745069.5 2363922, 745085.4 2363901, 745100.3 2363880, 745113.9 2363857, 745126.4 2363834, 745137.7 2363811, 745147.7 2363787, 745156.5 2363762, 745163.9 2363737, 745170 2363711, 745174.8 2363686, 745178.2 2363660, 745180.3 2363634, 745180.9 2363607))"
32,20260541,Forest,7124.137931034484,51.67247087351391,2.2232954545454544,0,Dai,NA,NA,1,0,0,1427,156.50118654693594,891.2943908617575,1068.8184814453125,0.7996975779533386,120.37573233506926,9900,0,0.3023150092089101,1,3,0,0,9900,1,1,0,-0.5056684005127067,0.8627279227676133,8.871244005681202,3.944925161428895,0.798990534178215,"POLYGON ((638219.5 2450852, 638218.9 2450826, 638216.8 2450800, 638213.4 2450774, 638208.6 2450748, 638202.5 2450723, 638195.1 2450697, 638186.3 2450673, 638176.3 2450649, 638165 2450625, 638152.6 2450602, 638138.9 2450580, 638124 2450558, 638108.1 2450537, 638091.1 2450517, 638073.1 2450498, 638054.1 2450480, 638034.2 2450463, 638013.4 2450447, 637991.9 2450433, 637969.5 2450419, 637946.5 2450406, 637922.9 2450395, 637898.7 2450385, 637874 2450376, 637848.9 2450369, 637823.5 2450363, 637797.8 2450358, 637771.8 2450355, 637745.7 2450353, 637719.5 2450352, 637693.4 2450353, 637667.3 2450355, 637641.3 2450358, 637615.6 2450363, 637590.1 2450369, 637565 2450376, 637540.4 2450385, 637516.2 2450395, 637492.5 2450406, 637469.5 2450419, 637447.2 2450433, 637425.6 2450447, 637404.9 2450463, 637385 2450480, 637366 2450498, 637348 2450517, 637331 2450537, 637315 2450558, 637300.2 2450580, 637286.5 2450602, 637274 2450625, 637262.8 2450649, 637252.7 2450673, 637244 2450697, 637236.6 2450723, 637230.5 2450748, 637225.7 2450774, 637222.3 2450800, 637220.2 2450826, 637219.5 2450852, 637220.2 2450878, 637222.3 2450904, 637225.7 2450930, 637230.5 2450956, 637236.6 2450981, 637244 2451006, 637252.7 2451031, 637262.8 2451055, 637274 2451079, 637286.5 2451102, 637300.2 2451124, 637315 2451146, 637331 2451167, 637348 2451187, 637366 2451206, 637385 2451224, 637404.9 2451241, 637425.6 2451256, 637447.2 2451271, 637469.5 2451285, 637492.5 2451297, 637516.2 2451309, 637540.4 2451319, 637565 2451327, 637590.1 2451335, 637615.6 2451341, 637641.3 2451346, 637667.3 2451349, 637693.4 2451351, 637719.5 2451352, 637745.7 2451351, 637771.8 2451349, 637797.8 2451346, 637823.5 2451341, 637848.9 2451335, 637874 2451327, 637898.7 2451319, 637922.9 2451309, 637946.5 2451297, 637969.5 2451285, 637991.9 2451271, 638013.4 2451256, 638034.2 2451241, 638054.1 2451224, 638073.1 2451206, 638091.1 2451187, 638108.1 2451167, 638124 2451146, 638138.9 2451124, 638152.6 2451102, 638165 2451079, 638176.3 2451055, 638186.3 2451031, 638195.1 2451006, 638202.5 2450981, 638208.6 2450956, 638213.4 2450930, 638216.8 2450904, 638218.9 2450878, 638219.5 2450852))"
32,20260541,Forest,5300,11.357870574345577,3.2247191011235956,0,Dai,NA,NA,1,0,0,1507,102.3500448191962,171.87292285246474,731.31414794921875,13.79173469543457,158.1430875353825,224686.46392822266,0,0.5751740928626501,1,19,64769.26574707031,0.28826509890583,17418.373489379883,0.07752302112397959,1,0,-0.9281164855445955,0.3722899263482008,8.575462099540212,2.4299109462807524,1.1708458460274813,"POLYGON ((744030.1 2351521, 744029.4 2351495, 744027.4 2351469, 744024 2351443, 744019.2 2351417, 744013.1 2351392, 744005.6 2351367, 743996.9 2351342, 743986.9 2351318, 743975.6 2351294, 743963.1 2351271, 743949.4 2351249, 743934.6 2351227, 743918.7 2351207, 743901.7 2351187, 743883.7 2351168, 743864.7 2351150, 743844.8 2351133, 743824 2351117, 743802.4 2351102, 743780.1 2351088, 743757.1 2351076, 743733.5 2351064, 743709.3 2351054, 743684.6 2351046, 743659.5 2351038, 743634.1 2351032, 743608.3 2351027, 743582.4 2351024, 743556.3 2351022, 743530.1 2351021, 743503.9 2351022, 743477.8 2351024, 743451.9 2351027, 743426.2 2351032, 743400.7 2351038, 743375.6 2351046, 743350.9 2351054, 743326.7 2351064, 743303.1 2351076, 743280.1 2351088, 743257.8 2351102, 743236.2 2351117, 743215.4 2351133, 743195.5 2351150, 743176.6 2351168, 743158.5 2351187, 743141.5 2351207, 743125.6 2351227, 743110.8 2351249, 743097.1 2351271, 743084.6 2351294, 743073.3 2351318, 743063.3 2351342, 743054.6 2351367, 743047.1 2351392, 743041 2351417, 743036.3 2351443, 743032.8 2351469, 743030.8 2351495, 743030.1 2351521, 743030.8 2351547, 743032.8 2351573, 743036.3 2351599, 743041 2351625, 743047.1 2351651, 743054.6 2351676, 743063.3 2351700, 743073.3 2351725, 743084.6 2351748, 743097.1 2351771, 743110.8 2351793, 743125.6 2351815, 743141.5 2351836, 743158.5 2351856, 743176.6 2351875, 743195.5 2351893, 743215.4 2351910, 743236.2 2351926, 743257.8 2351941, 743280.1 2351954, 743303.1 2351967, 743326.7 2351978, 743350.9 2351988, 743375.6 2351997, 743400.7 2352004, 743426.2 2352010, 743451.9 2352015, 743477.8 2352018, 743503.9 2352020, 743530.1 2352021, 743556.3 2352020, 743582.4 2352018, 743608.3 2352015, 743634.1 2352010, 743659.5 2352004, 743684.6 2351997, 743709.3 2351988, 743733.5 2351978, 743757.1 2351967, 743780.1 2351954, 743802.4 2351941, 743824 2351926, 743844.8 2351910, 743864.7 2351893, 743883.7 2351875, 743901.7 2351856, 743918.7 2351836, 743934.6 2351815, 743949.4 2351793, 743963.1 2351771, 743975.6 2351748, 743986.9 2351725, 743996.9 2351700, 744005.6 2351676, 744013.1 2351651, 744019.2 2351625, 744024 2351599, 744027.4 2351573, 744029.4 2351547, 744030.1 2351521))"
32,20260541,Forest,7204.347826086957,146.16778988586938,2.8947116535056234,0,Dai,NA,NA,1,0,0,1538,149.80435483380612,700.7716623450167,1202.6636962890625,2.214967966079712,148.93359975917517,157085.63690185547,0,0.19418137426176277,1,24,0,0,51521.323013305664,0.32798239246720784,1,0,-0.8565698461432691,0.5160311024328826,8.882439987485505,4.984755207624541,1.062885504511933,"POLYGON ((623202.5 2437871, 623201.8 2437844, 623199.7 2437818, 623196.3 2437792, 623191.6 2437767, 623185.4 2437741, 623178 2437716, 623169.3 2437691, 623159.3 2437667, 623148 2437644, 623135.5 2437621, 623121.8 2437598, 623107 2437577, 623091.1 2437556, 623074.1 2437536, 623056 2437517, 623037 2437499, 623017.1 2437482, 622996.4 2437466, 622974.8 2437451, 622952.5 2437438, 622929.5 2437425, 622905.9 2437414, 622881.7 2437404, 622857 2437395, 622831.9 2437388, 622806.4 2437382, 622780.7 2437377, 622754.7 2437373, 622728.7 2437371, 622702.5 2437371, 622676.3 2437371, 622650.2 2437373, 622624.3 2437377, 622598.5 2437382, 622573.1 2437388, 622548 2437395, 622523.3 2437404, 622499.1 2437414, 622475.5 2437425, 622452.5 2437438, 622430.2 2437451, 622408.6 2437466, 622387.8 2437482, 622367.9 2437499, 622348.9 2437517, 622330.9 2437536, 622313.9 2437556, 622298 2437577, 622283.1 2437598, 622269.5 2437621, 622257 2437644, 622245.7 2437667, 622235.7 2437691, 622227 2437716, 622219.5 2437741, 622213.4 2437767, 622208.6 2437792, 622205.2 2437818, 622203.2 2437844, 622202.5 2437871, 622203.2 2437897, 622205.2 2437923, 622208.6 2437949, 622213.4 2437975, 622219.5 2438000, 622227 2438025, 622235.7 2438050, 622245.7 2438074, 622257 2438098, 622269.5 2438121, 622283.1 2438143, 622298 2438165, 622313.9 2438185, 622330.9 2438205, 622348.9 2438224, 622367.9 2438242, 622387.8 2438259, 622408.6 2438275, 622430.2 2438290, 622452.5 2438304, 622475.5 2438316, 622499.1 2438327, 622523.3 2438337, 622548 2438346, 622573.1 2438354, 622598.5 2438360, 622624.3 2438365, 622650.2 2438368, 622676.3 2438370, 622702.5 2438371, 622728.7 2438370, 622754.7 2438368, 622780.7 2438365, 622806.4 2438360, 622831.9 2438354, 622857 2438346, 622881.7 2438337, 622905.9 2438327, 622929.5 2438316, 622952.5 2438304, 622974.8 2438290, 622996.4 2438275, 623017.1 2438259, 623037 2438242, 623056 2438224, 623074.1 2438205, 623091.1 2438185, 623107 2438165, 623121.8 2438143, 623135.5 2438121, 623148 2438098, 623159.3 2438074, 623169.3 2438050, 623178 2438025, 623185.4 2438000, 623191.6 2437975, 623196.3 2437949, 623199.7 2437923, 623201.8 2437897, 623202.5 2437871))"
32,20260541,Forest,7708.695652173914,237.2321719678974,3.3891168599464763,0,Dai,NA,NA,1,0,0,1606,123.18155715597406,285.0983401833831,1212.73974609375,5.435665607452393,327.42204502356344,257172.69287109375,0,0.19895288857448482,1,115,0,0,31809.354400634766,0.12368869356039683,1,0,0.8426596311457896,-0.5384466046296902,8.95010427613315,5.46903929016875,1.2205693741627521,"POLYGON ((628959.9 2426171, 628959.2 2426145, 628957.1 2426119, 628953.7 2426093, 628949 2426068, 628942.8 2426042, 628935.4 2426017, 628926.7 2425992, 628916.7 2425968, 628905.4 2425944, 628892.9 2425921, 628879.2 2425899, 628864.4 2425878, 628848.5 2425857, 628831.5 2425837, 628813.4 2425818, 628794.4 2425800, 628774.5 2425783, 628753.8 2425767, 628732.2 2425752, 628709.9 2425738, 628686.9 2425726, 628663.2 2425715, 628639.1 2425705, 628614.4 2425696, 628589.3 2425688, 628563.8 2425682, 628538.1 2425678, 628512.1 2425674, 628486 2425672, 628459.9 2425671, 628433.7 2425672, 628407.6 2425674, 628381.7 2425678, 628355.9 2425682, 628330.5 2425688, 628305.4 2425696, 628280.7 2425705, 628256.5 2425715, 628232.9 2425726, 628209.9 2425738, 628187.6 2425752, 628166 2425767, 628145.2 2425783, 628125.3 2425800, 628106.3 2425818, 628088.3 2425837, 628071.3 2425857, 628055.4 2425878, 628040.5 2425899, 628026.9 2425921, 628014.4 2425944, 628003.1 2425968, 627993.1 2425992, 627984.4 2426017, 627976.9 2426042, 627970.8 2426068, 627966 2426093, 627962.6 2426119, 627960.6 2426145, 627959.9 2426171, 627960.6 2426198, 627962.6 2426224, 627966 2426250, 627970.8 2426275, 627976.9 2426301, 627984.4 2426326, 627993.1 2426351, 628003.1 2426375, 628014.4 2426398, 628026.9 2426421, 628040.5 2426444, 628055.4 2426465, 628071.3 2426486, 628088.3 2426506, 628106.3 2426525, 628125.3 2426543, 628145.2 2426560, 628166 2426576, 628187.6 2426591, 628209.9 2426604, 628232.9 2426617, 628256.5 2426628, 628280.7 2426638, 628305.4 2426647, 628330.5 2426654, 628355.9 2426661, 628381.7 2426665, 628407.6 2426669, 628433.7 2426671, 628459.9 2426671, 628486 2426671, 628512.1 2426669, 628538.1 2426665, 628563.8 2426661, 628589.3 2426654, 628614.4 2426647, 628639.1 2426638, 628663.2 2426628, 628686.9 2426617, 628709.9 2426604, 628732.2 2426591, 628753.8 2426576, 628774.5 2426560, 628794.4 2426543, 628813.4 2426525, 628831.5 2426506, 628848.5 2426486, 628864.4 2426465, 628879.2 2426444, 628892.9 2426421, 628905.4 2426398, 628916.7 2426375, 628926.7 2426351, 628935.4 2426326, 628942.8 2426301, 628949 2426275, 628953.7 2426250, 628957.1 2426224, 628959.2 2426198, 628959.9 2426171))"
32,20260541,Forest,6109.060402684564,16.49307014828121,2.182649842271293,0,Dai,NA,NA,1,0,0,1651,381.7224004581719,754.7933637693264,871.02001953125,3.799966812133789,241.9099094303714,36997.51052856445,6756.095266342163,0.535517194040158,1,26,25323.474311828613,0.6844642774620543,11674.035358428955,0.31553569933890147,1,0,-0.4708593084049387,-0.8822083153589195,8.717528260092221,2.802940301672347,0.7805396626274846,"POLYGON ((716577.6 2482492, 716576.9 2482466, 716574.9 2482439, 716571.5 2482413, 716566.7 2482388, 716560.6 2482362, 716553.2 2482337, 716544.4 2482313, 716534.4 2482288, 716523.1 2482265, 716510.6 2482242, 716497 2482219, 716482.1 2482198, 716466.2 2482177, 716449.2 2482157, 716431.2 2482138, 716412.2 2482120, 716392.3 2482103, 716371.5 2482087, 716349.9 2482072, 716327.6 2482059, 716304.6 2482046, 716281 2482035, 716256.8 2482025, 716232.1 2482016, 716207 2482009, 716181.6 2482003, 716155.8 2481998, 716129.9 2481994, 716103.8 2481992, 716077.6 2481992, 716051.5 2481992, 716025.4 2481994, 715999.4 2481998, 715973.7 2482003, 715948.2 2482009, 715923.1 2482016, 715898.4 2482025, 715874.3 2482035, 715850.6 2482046, 715827.6 2482059, 715805.3 2482072, 715783.7 2482087, 715763 2482103, 715743.1 2482120, 715724.1 2482138, 715706.1 2482157, 715689.1 2482177, 715673.1 2482198, 715658.3 2482219, 715644.6 2482242, 715632.1 2482265, 715620.9 2482288, 715610.8 2482313, 715602.1 2482337, 715594.7 2482362, 715588.6 2482388, 715583.8 2482413, 715580.4 2482439, 715578.3 2482466, 715577.6 2482492, 715578.3 2482518, 715580.4 2482544, 715583.8 2482570, 715588.6 2482596, 715594.7 2482621, 715602.1 2482646, 715610.8 2482671, 715620.9 2482695, 715632.1 2482719, 715644.6 2482742, 715658.3 2482764, 715673.1 2482786, 715689.1 2482806, 715706.1 2482826, 715724.1 2482845, 715743.1 2482863, 715763 2482880, 715783.7 2482896, 715805.3 2482911, 715827.6 2482925, 715850.6 2482937, 715874.3 2482948, 715898.4 2482958, 715923.1 2482967, 715948.2 2482975, 715973.7 2482981, 715999.4 2482986, 716025.4 2482989, 716051.5 2482991, 716077.6 2482992, 716103.8 2482991, 716129.9 2482989, 716155.8 2482986, 716181.6 2482981, 716207 2482975, 716232.1 2482967, 716256.8 2482958, 716281 2482948, 716304.6 2482937, 716327.6 2482925, 716349.9 2482911, 716371.5 2482896, 716392.3 2482880, 716412.2 2482863, 716431.2 2482845, 716449.2 2482826, 716466.2 2482806, 716482.1 2482786, 716497 2482764, 716510.6 2482742, 716523.1 2482719, 716534.4 2482695, 716544.4 2482671, 716553.2 2482646, 716560.6 2482621, 716566.7 2482596, 716571.5 2482570, 716574.9 2482544, 716576.9 2482518, 716577.6 2482492))"
32,20260541,Forest,7140.869565217392,136.6695132063556,2.088718220338983,0,Dai,NA,NA,1,0,0,1674,692.5727500012833,709.0863224873438,1196.1492919921875,0.8304612636566162,126.52571903307198,3732.2672367095947,0,0.09239302476733971,1,77,0,0,3732.2672367095947,1,1,0,-0.5951835635329459,0.8035897745119855,8.873589835763665,4.917565699152524,0.7365505861325996,"POLYGON ((630151.7 2439077, 630151 2439051, 630148.9 2439025, 630145.5 2438999, 630140.7 2438973, 630134.6 2438948, 630127.2 2438923, 630118.5 2438898, 630108.4 2438874, 630097.2 2438850, 630084.7 2438827, 630071 2438805, 630056.2 2438783, 630040.2 2438763, 630023.2 2438743, 630005.2 2438724, 629986.2 2438706, 629966.3 2438689, 629945.6 2438673, 629924 2438658, 629901.7 2438644, 629878.7 2438632, 629855 2438621, 629830.9 2438611, 629806.2 2438602, 629781.1 2438594, 629755.6 2438588, 629729.9 2438584, 629703.9 2438580, 629677.8 2438578, 629651.7 2438577, 629625.5 2438578, 629599.4 2438580, 629573.5 2438584, 629547.7 2438588, 629522.3 2438594, 629497.2 2438602, 629472.5 2438611, 629448.3 2438621, 629424.7 2438632, 629401.7 2438644, 629379.4 2438658, 629357.8 2438673, 629337 2438689, 629317.1 2438706, 629298.1 2438724, 629280.1 2438743, 629263.1 2438763, 629247.2 2438783, 629232.3 2438805, 629218.7 2438827, 629206.2 2438850, 629194.9 2438874, 629184.9 2438898, 629176.1 2438923, 629168.7 2438948, 629162.6 2438973, 629157.8 2438999, 629154.4 2439025, 629152.4 2439051, 629151.7 2439077, 629152.4 2439104, 629154.4 2439130, 629157.8 2439156, 629162.6 2439181, 629168.7 2439207, 629176.1 2439232, 629184.9 2439257, 629194.9 2439281, 629206.2 2439304, 629218.7 2439327, 629232.3 2439350, 629247.2 2439371, 629263.1 2439392, 629280.1 2439412, 629298.1 2439431, 629317.1 2439449, 629337 2439466, 629357.8 2439482, 629379.4 2439497, 629401.7 2439510, 629424.7 2439523, 629448.3 2439534, 629472.5 2439544, 629497.2 2439553, 629522.3 2439560, 629547.7 2439566, 629573.5 2439571, 629599.4 2439575, 629625.5 2439577, 629651.7 2439577, 629677.8 2439577, 629703.9 2439575, 629729.9 2439571, 629755.6 2439566, 629781.1 2439560, 629806.2 2439553, 629830.9 2439544, 629855 2439534, 629878.7 2439523, 629901.7 2439510, 629924 2439497, 629945.6 2439482, 629966.3 2439466, 629986.2 2439449, 630005.2 2439431, 630023.2 2439412, 630040.2 2439392, 630056.2 2439371, 630071 2439350, 630084.7 2439327, 630097.2 2439304, 630108.4 2439281, 630118.5 2439257, 630127.2 2439232, 630134.6 2439207, 630140.7 2439181, 630145.5 2439156, 630148.9 2439130, 630151 2439104, 630151.7 2439077))"
32,20260541,Forest,7194.782608695653,63.517738393158304,3.507178354500276,0,Dai,NA,NA,1,0,0,1720,119.28343347916957,584.0660386554823,1249.662353515625,3.0300464630126953,308.1322632831308,94547.8042602539,5400,0.1694119436608077,1,114,0,0,77589.21203613281,0.8206347322732045,1,0,0.6174789008103941,-0.7865874439971614,8.881111404646198,4.1513192116633055,1.254811826580102,"POLYGON ((634519 2422513, 634518.4 2422487, 634516.3 2422460, 634512.9 2422434, 634508.1 2422409, 634502 2422383, 634494.6 2422358, 634485.8 2422334, 634475.8 2422309, 634464.5 2422286, 634452.1 2422263, 634438.4 2422240, 634423.5 2422219, 634407.6 2422198, 634390.6 2422178, 634372.6 2422159, 634353.6 2422141, 634333.7 2422124, 634312.9 2422108, 634291.4 2422093, 634269 2422080, 634246 2422067, 634222.4 2422056, 634198.2 2422046, 634173.5 2422037, 634148.4 2422030, 634123 2422024, 634097.3 2422019, 634071.3 2422015, 634045.2 2422013, 634019 2422013, 633992.9 2422013, 633966.8 2422015, 633940.8 2422019, 633915.1 2422024, 633889.6 2422030, 633864.5 2422037, 633839.9 2422046, 633815.7 2422056, 633792 2422067, 633769 2422080, 633746.7 2422093, 633725.1 2422108, 633704.4 2422124, 633684.5 2422141, 633665.5 2422159, 633647.5 2422178, 633630.5 2422198, 633614.5 2422219, 633599.7 2422240, 633586 2422263, 633573.5 2422286, 633562.3 2422309, 633552.2 2422334, 633543.5 2422358, 633536.1 2422383, 633530 2422409, 633525.2 2422434, 633521.8 2422460, 633519.7 2422487, 633519 2422513, 633519.7 2422539, 633521.8 2422565, 633525.2 2422591, 633530 2422617, 633536.1 2422642, 633543.5 2422667, 633552.2 2422692, 633562.3 2422716, 633573.5 2422740, 633586 2422763, 633599.7 2422785, 633614.5 2422807, 633630.5 2422827, 633647.5 2422847, 633665.5 2422866, 633684.5 2422884, 633704.4 2422901, 633725.1 2422917, 633746.7 2422932, 633769 2422946, 633792 2422958, 633815.7 2422969, 633839.9 2422979, 633864.5 2422988, 633889.6 2422996, 633915.1 2423002, 633940.8 2423007, 633966.8 2423010, 633992.9 2423012, 634019 2423013, 634045.2 2423012, 634071.3 2423010, 634097.3 2423007, 634123 2423002, 634148.4 2422996, 634173.5 2422988, 634198.2 2422979, 634222.4 2422969, 634246 2422958, 634269 2422946, 634291.4 2422932, 634312.9 2422917, 634333.7 2422901, 634353.6 2422884, 634372.6 2422866, 634390.6 2422847, 634407.6 2422827, 634423.5 2422807, 634438.4 2422785, 634452.1 2422763, 634464.5 2422740, 634475.8 2422716, 634485.8 2422692, 634494.6 2422667, 634502 2422642, 634508.1 2422617, 634512.9 2422591, 634516.3 2422565, 634518.4 2422539, 634519 2422513))"
32,20260541,Forest,7540.000000000001,112.29978884729138,4.332196162046908,0,Dai,NA,NA,1,0,0,1782,388.19231295642743,598.5463053431329,1195.5341796875,0.5751023292541504,70.42660079155502,8100,803.3474564552307,0.1586699735664883,1,28,0,0,8100,1,1,0,0.33501416328404854,0.9422130918211065,8.927977461002001,4.721171981486988,1.4660746102111653,"POLYGON ((626416.2 2428758, 626415.5 2428732, 626413.4 2428706, 626410 2428680, 626405.2 2428654, 626399.1 2428629, 626391.7 2428604, 626382.9 2428579, 626372.9 2428555, 626361.7 2428531, 626349.2 2428508, 626335.5 2428486, 626320.7 2428465, 626304.7 2428444, 626287.7 2428424, 626269.7 2428405, 626250.7 2428387, 626230.8 2428370, 626210 2428354, 626188.5 2428339, 626166.2 2428325, 626143.1 2428313, 626119.5 2428302, 626095.3 2428292, 626070.7 2428283, 626045.6 2428275, 626020.1 2428269, 625994.4 2428265, 625968.4 2428261, 625942.3 2428259, 625916.2 2428258, 625890 2428259, 625863.9 2428261, 625837.9 2428265, 625812.2 2428269, 625786.7 2428275, 625761.6 2428283, 625737 2428292, 625712.8 2428302, 625689.2 2428313, 625666.2 2428325, 625643.8 2428339, 625622.3 2428354, 625601.5 2428370, 625581.6 2428387, 625562.6 2428405, 625544.6 2428424, 625527.6 2428444, 625511.6 2428465, 625496.8 2428486, 625483.1 2428508, 625470.6 2428531, 625459.4 2428555, 625449.4 2428579, 625440.6 2428604, 625433.2 2428629, 625427.1 2428654, 625422.3 2428680, 625418.9 2428706, 625416.8 2428732, 625416.2 2428758, 625416.8 2428785, 625418.9 2428811, 625422.3 2428837, 625427.1 2428862, 625433.2 2428888, 625440.6 2428913, 625449.4 2428938, 625459.4 2428962, 625470.6 2428985, 625483.1 2429008, 625496.8 2429031, 625511.6 2429052, 625527.6 2429073, 625544.6 2429093, 625562.6 2429112, 625581.6 2429130, 625601.5 2429147, 625622.3 2429163, 625643.8 2429178, 625666.2 2429191, 625689.2 2429204, 625712.8 2429215, 625737 2429225, 625761.6 2429234, 625786.7 2429241, 625812.2 2429247, 625837.9 2429252, 625863.9 2429256, 625890 2429258, 625916.2 2429258, 625942.3 2429258, 625968.4 2429256, 625994.4 2429252, 626020.1 2429247, 626045.6 2429241, 626070.7 2429234, 626095.3 2429225, 626119.5 2429215, 626143.1 2429204, 626166.2 2429191, 626188.5 2429178, 626210 2429163, 626230.8 2429147, 626250.7 2429130, 626269.7 2429112, 626287.7 2429093, 626304.7 2429073, 626320.7 2429052, 626335.5 2429031, 626349.2 2429008, 626361.7 2428985, 626372.9 2428962, 626382.9 2428938, 626391.7 2428913, 626399.1 2428888, 626405.2 2428862, 626410 2428837, 626413.4 2428811, 626415.5 2428785, 626416.2 2428758))"
32,20260541,Forest,7668.695652173914,133.19513203141992,2.0375399361022364,0,Dai,NA,NA,1,0,0,1800,21.433687844581474,709.6546778712758,1173.8565673828125,0.414760947227478,194.72716688409062,4200.280952453613,0,0.4178509448897996,1,80,0,0,4200.280952453613,1,1,0,-0.967147324320891,-0.25421654757104484,8.944901821513023,4.891815211127795,0.7117431664817675,"POLYGON ((640660.3 2428320, 640659.6 2428294, 640657.5 2428268, 640654.1 2428242, 640649.3 2428216, 640643.2 2428191, 640635.8 2428165, 640627.1 2428141, 640617 2428117, 640605.8 2428093, 640593.3 2428070, 640579.6 2428048, 640564.8 2428026, 640548.8 2428005, 640531.8 2427985, 640513.8 2427966, 640494.8 2427948, 640474.9 2427931, 640454.2 2427915, 640432.6 2427901, 640410.3 2427887, 640387.3 2427874, 640363.6 2427863, 640339.5 2427853, 640314.8 2427844, 640289.7 2427837, 640264.2 2427831, 640238.5 2427826, 640212.5 2427823, 640186.4 2427821, 640160.3 2427820, 640134.1 2427821, 640108 2427823, 640082.1 2427826, 640056.3 2427831, 640030.9 2427837, 640005.8 2427844, 639981.1 2427853, 639956.9 2427863, 639933.3 2427874, 639910.3 2427887, 639888 2427901, 639866.4 2427915, 639845.6 2427931, 639825.7 2427948, 639806.7 2427966, 639788.7 2427985, 639771.7 2428005, 639755.8 2428026, 639740.9 2428048, 639727.3 2428070, 639714.8 2428093, 639703.5 2428117, 639693.5 2428141, 639684.7 2428165, 639677.3 2428191, 639671.2 2428216, 639666.4 2428242, 639663 2428268, 639661 2428294, 639660.3 2428320, 639661 2428346, 639663 2428372, 639666.4 2428398, 639671.2 2428424, 639677.3 2428449, 639684.7 2428474, 639693.5 2428499, 639703.5 2428523, 639714.8 2428547, 639727.3 2428570, 639740.9 2428592, 639755.8 2428614, 639771.7 2428635, 639788.7 2428655, 639806.7 2428674, 639825.7 2428692, 639845.6 2428709, 639866.4 2428724, 639888 2428739, 639910.3 2428753, 639933.3 2428765, 639956.9 2428777, 639981.1 2428787, 640005.8 2428796, 640030.9 2428803, 640056.3 2428809, 640082.1 2428814, 640108 2428817, 640134.1 2428819, 640160.3 2428820, 640186.4 2428819, 640212.5 2428817, 640238.5 2428814, 640264.2 2428809, 640289.7 2428803, 640314.8 2428796, 640339.5 2428787, 640363.6 2428777, 640387.3 2428765, 640410.3 2428753, 640432.6 2428739, 640454.2 2428724, 640474.9 2428709, 640494.8 2428692, 640513.8 2428674, 640531.8 2428655, 640548.8 2428635, 640564.8 2428614, 640579.6 2428592, 640593.3 2428570, 640605.8 2428547, 640617 2428523, 640627.1 2428499, 640635.8 2428474, 640643.2 2428449, 640649.3 2428424, 640654.1 2428398, 640657.5 2428372, 640659.6 2428346, 640660.3 2428320))"
32,20260541,Forest,4740.827023878858,28.393067437574942,2.9508196721311477,0,Dai,NA,NA,1,0,0,1854,378.9561655374745,591.9911533817906,914.92840576171875,4.34002685546875,141.56613313353074,653921.52099609375,0,0.4296629136278887,1,68,192752.81982421875,0.29476445358550935,450466.2872314453,0.6888690351485407,1,0,-0.7833261672392908,0.6216109037960986,8.463966877081248,3.346145011058112,1.0820829867168993,"POLYGON ((682762.4 2483413, 682761.7 2483386, 682759.7 2483360, 682756.3 2483334, 682751.5 2483309, 682745.4 2483283, 682737.9 2483258, 682729.2 2483233, 682719.2 2483209, 682707.9 2483186, 682695.4 2483163, 682681.8 2483140, 682666.9 2483119, 682651 2483098, 682634 2483078, 682616 2483059, 682597 2483041, 682577.1 2483024, 682556.3 2483008, 682534.7 2482993, 682512.4 2482980, 682489.4 2482967, 682465.8 2482956, 682441.6 2482946, 682416.9 2482937, 682391.8 2482930, 682366.4 2482923, 682340.6 2482919, 682314.7 2482915, 682288.6 2482913, 682262.4 2482913, 682236.3 2482913, 682210.2 2482915, 682184.2 2482919, 682158.5 2482923, 682133 2482930, 682107.9 2482937, 682083.2 2482946, 682059.1 2482956, 682035.4 2482967, 682012.4 2482980, 681990.1 2482993, 681968.5 2483008, 681947.8 2483024, 681927.9 2483041, 681908.9 2483059, 681890.8 2483078, 681873.8 2483098, 681857.9 2483119, 681843.1 2483140, 681829.4 2483163, 681816.9 2483186, 681805.6 2483209, 681795.6 2483233, 681786.9 2483258, 681779.5 2483283, 681773.3 2483309, 681768.6 2483334, 681765.2 2483360, 681763.1 2483386, 681762.4 2483413, 681763.1 2483439, 681765.2 2483465, 681768.6 2483491, 681773.3 2483516, 681779.5 2483542, 681786.9 2483567, 681795.6 2483592, 681805.6 2483616, 681816.9 2483640, 681829.4 2483663, 681843.1 2483685, 681857.9 2483706, 681873.8 2483727, 681890.8 2483747, 681908.9 2483766, 681927.9 2483784, 681947.8 2483801, 681968.5 2483817, 681990.1 2483832, 682012.4 2483846, 682035.4 2483858, 682059.1 2483869, 682083.2 2483879, 682107.9 2483888, 682133 2483895, 682158.5 2483902, 682184.2 2483906, 682210.2 2483910, 682236.3 2483912, 682262.4 2483913, 682288.6 2483912, 682314.7 2483910, 682340.6 2483906, 682366.4 2483902, 682391.8 2483895, 682416.9 2483888, 682441.6 2483879, 682465.8 2483869, 682489.4 2483858, 682512.4 2483846, 682534.7 2483832, 682556.3 2483817, 682577.1 2483801, 682597 2483784, 682616 2483766, 682634 2483747, 682651 2483727, 682666.9 2483706, 682681.8 2483685, 682695.4 2483663, 682707.9 2483640, 682719.2 2483616, 682729.2 2483592, 682737.9 2483567, 682745.4 2483542, 682751.5 2483516, 682756.3 2483491, 682759.7 2483465, 682761.7 2483439, 682762.4 2483413))"
32,20260541,Forest,3364.0069889341876,13.660357418805527,4.024451939291737,0,Dai,NA,NA,1,0,0,1999,616.0946085895638,928.1125620058476,1065.1326904296875,10.916247367858887,315.47401300294416,758617.05322265625,0,0.01884956153489042,1,41,0,0,111650.37231445312,0.14717619626418207,1,0,0.7129324723341305,-0.7012326931137369,8.120888098657323,2.614498019159453,1.3923887374482258,"POLYGON ((677602.7 2479097, 677602 2479071, 677599.9 2479045, 677596.5 2479019, 677591.7 2478993, 677585.6 2478968, 677578.2 2478943, 677569.4 2478918, 677559.4 2478894, 677548.2 2478870, 677535.7 2478847, 677522 2478825, 677507.2 2478803, 677491.2 2478782, 677474.2 2478762, 677456.2 2478743, 677437.2 2478725, 677417.3 2478708, 677396.5 2478693, 677375 2478678, 677352.7 2478664, 677329.6 2478652, 677306 2478640, 677281.8 2478630, 677257.2 2478622, 677232.1 2478614, 677206.6 2478608, 677180.9 2478603, 677154.9 2478600, 677128.8 2478598, 677102.7 2478597, 677076.5 2478598, 677050.4 2478600, 677024.4 2478603, 676998.7 2478608, 676973.2 2478614, 676948.1 2478622, 676923.5 2478630, 676899.3 2478640, 676875.7 2478652, 676852.7 2478664, 676830.3 2478678, 676808.8 2478693, 676788 2478708, 676768.1 2478725, 676749.1 2478743, 676731.1 2478762, 676714.1 2478782, 676698.1 2478803, 676683.3 2478825, 676669.6 2478847, 676657.1 2478870, 676645.9 2478894, 676635.9 2478918, 676627.1 2478943, 676619.7 2478968, 676613.6 2478993, 676608.8 2479019, 676605.4 2479045, 676603.3 2479071, 676602.7 2479097, 676603.3 2479123, 676605.4 2479149, 676608.8 2479175, 676613.6 2479201, 676619.7 2479226, 676627.1 2479252, 676635.9 2479276, 676645.9 2479300, 676657.1 2479324, 676669.6 2479347, 676683.3 2479369, 676698.1 2479391, 676714.1 2479412, 676731.1 2479432, 676749.1 2479451, 676768.1 2479469, 676788 2479486, 676808.8 2479502, 676830.3 2479516, 676852.7 2479530, 676875.7 2479543, 676899.3 2479554, 676923.5 2479564, 676948.1 2479573, 676973.2 2479580, 676998.7 2479586, 677024.4 2479591, 677050.4 2479594, 677076.5 2479596, 677102.7 2479597, 677128.8 2479596, 677154.9 2479594, 677180.9 2479591, 677206.6 2479586, 677232.1 2479580, 677257.2 2479573, 677281.8 2479564, 677306 2479554, 677329.6 2479543, 677352.7 2479530, 677375 2479516, 677396.5 2479502, 677417.3 2479486, 677437.2 2479469, 677456.2 2479451, 677474.2 2479432, 677491.2 2479412, 677507.2 2479391, 677522 2479369, 677535.7 2479347, 677548.2 2479324, 677559.4 2479300, 677569.4 2479276, 677578.2 2479252, 677585.6 2479226, 677591.7 2479201, 677596.5 2479175, 677599.9 2479149, 677602 2479123, 677602.7 2479097))"
32,20260541,Forest,5300,11.357870574345577,3.2247191011235956,0,Dai,NA,NA,1,0,0,2218,69.06026028673932,988.1185662690464,807.4776611328125,9.622661590576172,342.4826807669692,71752.75955200195,0,0.22931268503745345,1,42,22597.251319885254,0.3149321567696385,16191.216087341309,0.2256528694984465,1,0,0.953626010538707,-0.3009940730712648,8.575462099540212,2.4299109462807524,1.1708458460274813,"POLYGON ((735343 2363692, 735342.3 2363666, 735340.2 2363640, 735336.8 2363614, 735332 2363588, 735325.9 2363563, 735318.5 2363538, 735309.7 2363513, 735299.7 2363489, 735288.5 2363465, 735276 2363442, 735262.3 2363420, 735247.5 2363398, 735231.5 2363378, 735214.5 2363358, 735196.5 2363339, 735177.5 2363321, 735157.6 2363304, 735136.9 2363288, 735115.3 2363273, 735093 2363259, 735070 2363247, 735046.3 2363235, 735022.1 2363225, 734997.5 2363217, 734972.4 2363209, 734946.9 2363203, 734921.2 2363198, 734895.2 2363195, 734869.1 2363193, 734843 2363192, 734816.8 2363193, 734790.7 2363195, 734764.7 2363198, 734739 2363203, 734713.5 2363209, 734688.5 2363217, 734663.8 2363225, 734639.6 2363235, 734616 2363247, 734593 2363259, 734570.6 2363273, 734549.1 2363288, 734528.3 2363304, 734508.4 2363321, 734489.4 2363339, 734471.4 2363358, 734454.4 2363378, 734438.5 2363398, 734423.6 2363420, 734409.9 2363442, 734397.5 2363465, 734386.2 2363489, 734376.2 2363513, 734367.4 2363538, 734360 2363563, 734353.9 2363588, 734349.1 2363614, 734345.7 2363640, 734343.6 2363666, 734343 2363692, 734343.6 2363718, 734345.7 2363745, 734349.1 2363770, 734353.9 2363796, 734360 2363822, 734367.4 2363847, 734376.2 2363871, 734386.2 2363896, 734397.5 2363919, 734409.9 2363942, 734423.6 2363965, 734438.5 2363986, 734454.4 2364007, 734471.4 2364027, 734489.4 2364046, 734508.4 2364064, 734528.3 2364081, 734549.1 2364097, 734570.6 2364112, 734593 2364125, 734616 2364138, 734639.6 2364149, 734663.8 2364159, 734688.5 2364168, 734713.5 2364175, 734739 2364181, 734764.7 2364186, 734790.7 2364190, 734816.8 2364192, 734843 2364192, 734869.1 2364192, 734895.2 2364190, 734921.2 2364186, 734946.9 2364181, 734972.4 2364175, 734997.5 2364168, 735022.1 2364159, 735046.3 2364149, 735070 2364138, 735093 2364125, 735115.3 2364112, 735136.9 2364097, 735157.6 2364081, 735177.5 2364064, 735196.5 2364046, 735214.5 2364027, 735231.5 2364007, 735247.5 2363986, 735262.3 2363965, 735276 2363942, 735288.5 2363919, 735299.7 2363896, 735309.7 2363871, 735318.5 2363847, 735325.9 2363822, 735332 2363796, 735336.8 2363770, 735340.2 2363745, 735342.3 2363718, 735343 2363692))"
32,20260541,Forest,6109.060402684564,16.49307014828121,2.182649842271293,0,Dai,NA,NA,1,0,0,2227,70.39033157694037,355.2368851619834,909.0296630859375,5.964470863342285,92.92953328417755,527077.0568847656,25135.18238067627,0.548652795619332,1,125,298938.3728027344,0.5671625598154066,125246.74987792969,0.23762512187152982,1,0,-0.05110772626943424,0.9986931462243889,8.717528260092221,2.802940301672347,0.7805396626274846,"POLYGON ((716424.6 2479324, 716423.9 2479298, 716421.8 2479272, 716418.4 2479246, 716413.7 2479220, 716407.5 2479195, 716400.1 2479170, 716391.4 2479145, 716381.4 2479121, 716370.1 2479097, 716357.6 2479074, 716343.9 2479052, 716329.1 2479031, 716313.2 2479010, 716296.2 2478990, 716278.1 2478971, 716259.1 2478953, 716239.2 2478936, 716218.5 2478920, 716196.9 2478905, 716174.6 2478891, 716151.6 2478879, 716128 2478868, 716103.8 2478858, 716079.1 2478849, 716054 2478841, 716028.5 2478835, 716002.8 2478831, 715976.8 2478827, 715950.8 2478825, 715924.6 2478824, 715898.4 2478825, 715872.3 2478827, 715846.4 2478831, 715820.6 2478835, 715795.2 2478841, 715770.1 2478849, 715745.4 2478858, 715721.2 2478868, 715697.6 2478879, 715674.6 2478891, 715652.3 2478905, 715630.7 2478920, 715609.9 2478936, 715590 2478953, 715571 2478971, 715553 2478990, 715536 2479010, 715520.1 2479031, 715505.2 2479052, 715491.6 2479074, 715479.1 2479097, 715467.8 2479121, 715457.8 2479145, 715449.1 2479170, 715441.6 2479195, 715435.5 2479220, 715430.7 2479246, 715427.3 2479272, 715425.3 2479298, 715424.6 2479324, 715425.3 2479351, 715427.3 2479377, 715430.7 2479403, 715435.5 2479428, 715441.6 2479454, 715449.1 2479479, 715457.8 2479504, 715467.8 2479528, 715479.1 2479551, 715491.6 2479574, 715505.2 2479597, 715520.1 2479618, 715536 2479639, 715553 2479659, 715571 2479678, 715590 2479696, 715609.9 2479713, 715630.7 2479729, 715652.3 2479744, 715674.6 2479757, 715697.6 2479770, 715721.2 2479781, 715745.4 2479791, 715770.1 2479800, 715795.2 2479807, 715820.6 2479814, 715846.4 2479818, 715872.3 2479822, 715898.4 2479824, 715924.6 2479824, 715950.8 2479824, 715976.8 2479822, 716002.8 2479818, 716028.5 2479814, 716054 2479807, 716079.1 2479800, 716103.8 2479791, 716128 2479781, 716151.6 2479770, 716174.6 2479757, 716196.9 2479744, 716218.5 2479729, 716239.2 2479713, 716259.1 2479696, 716278.1 2479678, 716296.2 2479659, 716313.2 2479639, 716329.1 2479618, 716343.9 2479597, 716357.6 2479574, 716370.1 2479551, 716381.4 2479528, 716391.4 2479504, 716400.1 2479479, 716407.5 2479454, 716413.7 2479428, 716418.4 2479403, 716421.8 2479377, 716423.9 2479351, 716424.6 2479324))"
32,20260541,Forest,8188.0269814502535,88.83161082476238,1.7932636469221834,0,Dai,NA,NA,1,0,0,2245,197.536549878178,499.47421980608067,1010.372802734375,15.998319625854492,258.38510851542696,583935.3698730469,108172.85614013672,0.062434948688366486,1,75,0,0,0,0,1,0,-0.20133251128425284,-0.9795229552695415,9.01042824201882,4.4867425644094086,0.5840372261569906,"POLYGON ((720727.4 2421784, 720726.8 2421758, 720724.7 2421731, 720721.3 2421706, 720716.5 2421680, 720710.4 2421654, 720703 2421629, 720694.2 2421605, 720684.2 2421580, 720672.9 2421557, 720660.5 2421534, 720646.8 2421511, 720632 2421490, 720616 2421469, 720599 2421449, 720581 2421430, 720562 2421412, 720542.1 2421395, 720521.3 2421379, 720499.8 2421364, 720477.4 2421351, 720454.4 2421338, 720430.8 2421327, 720406.6 2421317, 720382 2421308, 720356.9 2421301, 720331.4 2421295, 720305.7 2421290, 720279.7 2421286, 720253.6 2421284, 720227.4 2421284, 720201.3 2421284, 720175.2 2421286, 720149.2 2421290, 720123.5 2421295, 720098 2421301, 720072.9 2421308, 720048.3 2421317, 720024.1 2421327, 720000.4 2421338, 719977.4 2421351, 719955.1 2421364, 719933.5 2421379, 719912.8 2421395, 719892.9 2421412, 719873.9 2421430, 719855.9 2421449, 719838.9 2421469, 719822.9 2421490, 719808.1 2421511, 719794.4 2421534, 719781.9 2421557, 719770.7 2421580, 719760.7 2421605, 719751.9 2421629, 719744.5 2421654, 719738.4 2421680, 719733.6 2421706, 719730.2 2421731, 719728.1 2421758, 719727.4 2421784, 719728.1 2421810, 719730.2 2421836, 719733.6 2421862, 719738.4 2421888, 719744.5 2421913, 719751.9 2421938, 719760.7 2421963, 719770.7 2421987, 719781.9 2422011, 719794.4 2422034, 719808.1 2422056, 719822.9 2422078, 719838.9 2422098, 719855.9 2422118, 719873.9 2422137, 719892.9 2422155, 719912.8 2422172, 719933.5 2422188, 719955.1 2422203, 719977.4 2422217, 720000.4 2422229, 720024.1 2422240, 720048.3 2422251, 720072.9 2422259, 720098 2422267, 720123.5 2422273, 720149.2 2422278, 720175.2 2422281, 720201.3 2422283, 720227.4 2422284, 720253.6 2422283, 720279.7 2422281, 720305.7 2422278, 720331.4 2422273, 720356.9 2422267, 720382 2422259, 720406.6 2422251, 720430.8 2422240, 720454.4 2422229, 720477.4 2422217, 720499.8 2422203, 720521.3 2422188, 720542.1 2422172, 720562 2422155, 720581 2422137, 720599 2422118, 720616 2422098, 720632 2422078, 720646.8 2422056, 720660.5 2422034, 720672.9 2422011, 720684.2 2421987, 720694.2 2421963, 720703 2421938, 720710.4 2421913, 720716.5 2421888, 720721.3 2421862, 720724.7 2421836, 720726.8 2421810, 720727.4 2421784))"
32,20260541,Forest,4468,96.47661604022574,2.467409608717187,0,Dai,NA,NA,1,0,0,2359,63.051245361957086,470.63624166842993,648.45794677734375,7.697659492492676,340.7644259117182,50598.74267578125,119874.92980957031,0.8048411201152852,1,29,49698.74267578125,0.9822129967583013,900,0.017787003241698712,1,0,0.9441719998652,-0.32945293240544826,8.404696160189092,4.5693006581538285,0.9031688589157757,"POLYGON ((741625.3 2364323, 741624.6 2364296, 741622.5 2364270, 741619.1 2364244, 741614.3 2364219, 741608.2 2364193, 741600.8 2364168, 741592 2364143, 741582 2364119, 741570.8 2364096, 741558.3 2364073, 741544.6 2364050, 741529.8 2364029, 741513.8 2364008, 741496.8 2363988, 741478.8 2363969, 741459.8 2363951, 741439.9 2363934, 741419.1 2363918, 741397.6 2363903, 741375.3 2363890, 741352.2 2363877, 741328.6 2363866, 741304.4 2363856, 741279.8 2363847, 741254.7 2363840, 741229.2 2363834, 741203.5 2363829, 741177.5 2363825, 741151.4 2363823, 741125.3 2363823, 741099.1 2363823, 741073 2363825, 741047 2363829, 741021.3 2363834, 740995.8 2363840, 740970.7 2363847, 740946.1 2363856, 740921.9 2363866, 740898.3 2363877, 740875.3 2363890, 740852.9 2363903, 740831.4 2363918, 740810.6 2363934, 740790.7 2363951, 740771.7 2363969, 740753.7 2363988, 740736.7 2364008, 740720.7 2364029, 740705.9 2364050, 740692.2 2364073, 740679.7 2364096, 740668.5 2364119, 740658.5 2364143, 740649.7 2364168, 740642.3 2364193, 740636.2 2364219, 740631.4 2364244, 740628 2364270, 740625.9 2364296, 740625.3 2364323, 740625.9 2364349, 740628 2364375, 740631.4 2364401, 740636.2 2364427, 740642.3 2364452, 740649.7 2364477, 740658.5 2364502, 740668.5 2364526, 740679.7 2364550, 740692.2 2364573, 740705.9 2364595, 740720.7 2364616, 740736.7 2364637, 740753.7 2364657, 740771.7 2364676, 740790.7 2364694, 740810.6 2364711, 740831.4 2364727, 740852.9 2364742, 740875.3 2364756, 740898.3 2364768, 740921.9 2364779, 740946.1 2364789, 740970.7 2364798, 740995.8 2364806, 741021.3 2364812, 741047 2364816, 741073 2364820, 741099.1 2364822, 741125.3 2364823, 741151.4 2364822, 741177.5 2364820, 741203.5 2364816, 741229.2 2364812, 741254.7 2364806, 741279.8 2364798, 741304.4 2364789, 741328.6 2364779, 741352.2 2364768, 741375.3 2364756, 741397.6 2364742, 741419.1 2364727, 741439.9 2364711, 741459.8 2364694, 741478.8 2364676, 741496.8 2364657, 741513.8 2364637, 741529.8 2364616, 741544.6 2364595, 741558.3 2364573, 741570.8 2364550, 741582 2364526, 741592 2364502, 741600.8 2364477, 741608.2 2364452, 741614.3 2364427, 741619.1 2364401, 741622.5 2364375, 741624.6 2364349, 741625.3 2364323))"
32,20260541,Forest,9030.17650408047,281.6806482633849,1.1805929919137466,0,Dai,NA,NA,1,0,0,2424,321.8398106689484,1320.7838923389072,733.2593994140625,9.260619163513184,286.3718803145669,5663.717365264893,28158.46538543701,0.18454109246965272,1,120,5663.717365264893,1,0,0,1,0,0.2818706096952481,-0.9594524268508726,9.1083271926298,5.640773976262016,0.16601684776901093,"POLYGON ((674631 2382129, 674630.3 2382103, 674628.3 2382077, 674624.8 2382051, 674620.1 2382025, 674614 2382000, 674606.5 2381975, 674597.8 2381950, 674587.8 2381926, 674576.5 2381902, 674564 2381879, 674550.3 2381857, 674535.5 2381836, 674519.6 2381815, 674502.6 2381795, 674484.5 2381776, 674465.6 2381758, 674445.7 2381741, 674424.9 2381725, 674403.3 2381710, 674381 2381696, 674358 2381684, 674334.4 2381673, 674310.2 2381663, 674285.5 2381654, 674260.4 2381646, 674234.9 2381640, 674209.2 2381636, 674183.3 2381632, 674157.2 2381630, 674131 2381629, 674104.8 2381630, 674078.7 2381632, 674052.8 2381636, 674027 2381640, 674001.6 2381646, 673976.5 2381654, 673951.8 2381663, 673927.6 2381673, 673904 2381684, 673881 2381696, 673858.7 2381710, 673837.1 2381725, 673816.3 2381741, 673796.4 2381758, 673777.4 2381776, 673759.4 2381795, 673742.4 2381815, 673726.5 2381836, 673711.7 2381857, 673698 2381879, 673685.5 2381902, 673674.2 2381926, 673664.2 2381950, 673655.5 2381975, 673648 2382000, 673641.9 2382025, 673637.1 2382051, 673633.7 2382077, 673631.7 2382103, 673631 2382129, 673631.7 2382156, 673633.7 2382182, 673637.1 2382208, 673641.9 2382233, 673648 2382259, 673655.5 2382284, 673664.2 2382309, 673674.2 2382333, 673685.5 2382356, 673698 2382379, 673711.7 2382402, 673726.5 2382423, 673742.4 2382444, 673759.4 2382464, 673777.4 2382483, 673796.4 2382501, 673816.3 2382518, 673837.1 2382534, 673858.7 2382549, 673881 2382562, 673904 2382575, 673927.6 2382586, 673951.8 2382596, 673976.5 2382605, 674001.6 2382612, 674027 2382618, 674052.8 2382623, 674078.7 2382627, 674104.8 2382629, 674131 2382629, 674157.2 2382629, 674183.3 2382627, 674209.2 2382623, 674234.9 2382618, 674260.4 2382612, 674285.5 2382605, 674310.2 2382596, 674334.4 2382586, 674358 2382575, 674381 2382562, 674403.3 2382549, 674424.9 2382534, 674445.7 2382518, 674465.6 2382501, 674484.5 2382483, 674502.6 2382464, 674519.6 2382444, 674535.5 2382423, 674550.3 2382402, 674564 2382379, 674576.5 2382356, 674587.8 2382333, 674597.8 2382309, 674606.5 2382284, 674614 2382259, 674620.1 2382233, 674624.8 2382208, 674628.3 2382182, 674630.3 2382156, 674631 2382129))"
32,20260541,Forest,4468,96.47661604022574,2.467409608717187,0,Dai,NA,NA,1,0,0,2547,903.0322582503361,971.4102878254935,593.8006591796875,3.882521390914917,196.49508192828966,20825.93593597412,149137.46795654297,0.6002550820636418,1,35,20825.93593597412,1,0,0,1,0,-0.9588441102316009,-0.283933041885177,8.404696160189092,4.5693006581538285,0.9031688589157757,"POLYGON ((740237.6 2364625, 740236.9 2364599, 740234.9 2364573, 740231.5 2364547, 740226.7 2364521, 740220.6 2364496, 740213.2 2364471, 740204.4 2364446, 740194.4 2364422, 740183.1 2364398, 740170.6 2364375, 740157 2364353, 740142.1 2364332, 740126.2 2364311, 740109.2 2364291, 740091.2 2364272, 740072.2 2364254, 740052.3 2364237, 740031.5 2364221, 740009.9 2364206, 739987.6 2364192, 739964.6 2364180, 739941 2364169, 739916.8 2364159, 739892.1 2364150, 739867 2364142, 739841.6 2364136, 739815.8 2364132, 739789.9 2364128, 739763.8 2364126, 739737.6 2364125, 739711.5 2364126, 739685.4 2364128, 739659.4 2364132, 739633.7 2364136, 739608.2 2364142, 739583.1 2364150, 739558.4 2364159, 739534.3 2364169, 739510.6 2364180, 739487.6 2364192, 739465.3 2364206, 739443.7 2364221, 739423 2364237, 739403.1 2364254, 739384.1 2364272, 739366.1 2364291, 739349 2364311, 739333.1 2364332, 739318.3 2364353, 739304.6 2364375, 739292.1 2364398, 739280.8 2364422, 739270.8 2364446, 739262.1 2364471, 739254.7 2364496, 739248.5 2364521, 739243.8 2364547, 739240.4 2364573, 739238.3 2364599, 739237.6 2364625, 739238.3 2364652, 739240.4 2364678, 739243.8 2364704, 739248.5 2364729, 739254.7 2364755, 739262.1 2364780, 739270.8 2364805, 739280.8 2364829, 739292.1 2364852, 739304.6 2364875, 739318.3 2364898, 739333.1 2364919, 739349 2364940, 739366.1 2364960, 739384.1 2364979, 739403.1 2364997, 739423 2365014, 739443.7 2365030, 739465.3 2365045, 739487.6 2365058, 739510.6 2365071, 739534.3 2365082, 739558.4 2365092, 739583.1 2365101, 739608.2 2365108, 739633.7 2365115, 739659.4 2365119, 739685.4 2365123, 739711.5 2365125, 739737.6 2365125, 739763.8 2365125, 739789.9 2365123, 739815.8 2365119, 739841.6 2365115, 739867 2365108, 739892.1 2365101, 739916.8 2365092, 739941 2365082, 739964.6 2365071, 739987.6 2365058, 740009.9 2365045, 740031.5 2365030, 740052.3 2365014, 740072.2 2364997, 740091.2 2364979, 740109.2 2364960, 740126.2 2364940, 740142.1 2364919, 740157 2364898, 740170.6 2364875, 740183.1 2364852, 740194.4 2364829, 740204.4 2364805, 740213.2 2364780, 740220.6 2364755, 740226.7 2364729, 740231.5 2364704, 740234.9 2364678, 740236.9 2364652, 740237.6 2364625))"
32,20260541,Forest,4740.827023878858,28.393067437574942,2.9508196721311477,0,Dai,NA,NA,1,0,0,2550,137.74040765762007,1906.02503089396,922.43206787109375,4.887375354766846,123.59583104243256,480469.04296875,0,0.049503591087541134,1,21,331916.63818359375,0.6908179476719831,65142.87643432617,0.13558183901259815,1,0,-0.5533309427332418,0.8329615044009788,8.463966877081248,3.346145011058112,1.0820829867168993,"POLYGON ((681737.7 2482233, 681737 2482207, 681734.9 2482181, 681731.5 2482155, 681726.8 2482129, 681720.6 2482104, 681713.2 2482079, 681704.5 2482054, 681694.5 2482030, 681683.2 2482006, 681670.7 2481983, 681657 2481961, 681642.2 2481939, 681626.3 2481918, 681609.3 2481899, 681591.2 2481880, 681572.2 2481861, 681552.3 2481844, 681531.6 2481829, 681510 2481814, 681487.7 2481800, 681464.7 2481788, 681441 2481776, 681416.9 2481766, 681392.2 2481758, 681367.1 2481750, 681341.6 2481744, 681315.9 2481739, 681289.9 2481736, 681263.8 2481734, 681237.7 2481733, 681211.5 2481734, 681185.4 2481736, 681159.5 2481739, 681133.7 2481744, 681108.3 2481750, 681083.2 2481758, 681058.5 2481766, 681034.3 2481776, 681010.7 2481788, 680987.7 2481800, 680965.4 2481814, 680943.8 2481829, 680923 2481844, 680903.1 2481861, 680884.1 2481880, 680866.1 2481899, 680849.1 2481918, 680833.2 2481939, 680818.3 2481961, 680804.7 2481983, 680792.2 2482006, 680780.9 2482030, 680770.9 2482054, 680762.2 2482079, 680754.7 2482104, 680748.6 2482129, 680743.8 2482155, 680740.4 2482181, 680738.4 2482207, 680737.7 2482233, 680738.4 2482259, 680740.4 2482285, 680743.8 2482311, 680748.6 2482337, 680754.7 2482362, 680762.2 2482388, 680770.9 2482412, 680780.9 2482436, 680792.2 2482460, 680804.7 2482483, 680818.3 2482505, 680833.2 2482527, 680849.1 2482548, 680866.1 2482568, 680884.1 2482587, 680903.1 2482605, 680923 2482622, 680943.8 2482638, 680965.4 2482652, 680987.7 2482666, 681010.7 2482679, 681034.3 2482690, 681058.5 2482700, 681083.2 2482709, 681108.3 2482716, 681133.7 2482722, 681159.5 2482727, 681185.4 2482730, 681211.5 2482732, 681237.7 2482733, 681263.8 2482732, 681289.9 2482730, 681315.9 2482727, 681341.6 2482722, 681367.1 2482716, 681392.2 2482709, 681416.9 2482700, 681441 2482690, 681464.7 2482679, 681487.7 2482666, 681510 2482652, 681531.6 2482638, 681552.3 2482622, 681572.2 2482605, 681591.2 2482587, 681609.3 2482568, 681626.3 2482548, 681642.2 2482527, 681657 2482505, 681670.7 2482483, 681683.2 2482460, 681694.5 2482436, 681704.5 2482412, 681713.2 2482388, 681720.6 2482362, 681726.8 2482337, 681731.5 2482311, 681734.9 2482285, 681737 2482259, 681737.7 2482233))"
32,20260541,Forest,7582.608695652175,158.7264442819954,2.4903687396807923,0,Dai,NA,NA,1,0,0,2603,45.19732521922722,235.76617256980225,1202.49365234375,1.5387367010116577,99.8733992048772,38715.46325683594,0,0.40850656799050883,1,67,0,0,27179.501152038574,0.7020321821214299,1,0,-0.17147172362267799,0.9851890417568945,8.933612574527867,5.067182244287413,0.9124307877378552,"POLYGON ((626924.3 2426038, 626923.6 2426012, 626921.6 2425986, 626918.1 2425960, 626913.4 2425934, 626907.3 2425909, 626899.8 2425884, 626891.1 2425859, 626881.1 2425835, 626869.8 2425811, 626857.3 2425788, 626843.6 2425766, 626828.8 2425744, 626812.9 2425724, 626795.9 2425704, 626777.9 2425685, 626758.9 2425667, 626739 2425650, 626718.2 2425634, 626696.6 2425619, 626674.3 2425605, 626651.3 2425593, 626627.7 2425582, 626603.5 2425572, 626578.8 2425563, 626553.7 2425555, 626528.3 2425549, 626502.5 2425545, 626476.6 2425541, 626450.5 2425539, 626424.3 2425538, 626398.1 2425539, 626372 2425541, 626346.1 2425545, 626320.3 2425549, 626294.9 2425555, 626269.8 2425563, 626245.1 2425572, 626220.9 2425582, 626197.3 2425593, 626174.3 2425605, 626152 2425619, 626130.4 2425634, 626109.6 2425650, 626089.7 2425667, 626070.7 2425685, 626052.7 2425704, 626035.7 2425724, 626019.8 2425744, 626005 2425766, 625991.3 2425788, 625978.8 2425811, 625967.5 2425835, 625957.5 2425859, 625948.8 2425884, 625941.3 2425909, 625935.2 2425934, 625930.5 2425960, 625927 2425986, 625925 2426012, 625924.3 2426038, 625925 2426065, 625927 2426091, 625930.5 2426117, 625935.2 2426142, 625941.3 2426168, 625948.8 2426193, 625957.5 2426218, 625967.5 2426242, 625978.8 2426265, 625991.3 2426288, 626005 2426311, 626019.8 2426332, 626035.7 2426353, 626052.7 2426373, 626070.7 2426392, 626089.7 2426410, 626109.6 2426427, 626130.4 2426443, 626152 2426458, 626174.3 2426471, 626197.3 2426484, 626220.9 2426495, 626245.1 2426505, 626269.8 2426514, 626294.9 2426521, 626320.3 2426527, 626346.1 2426532, 626372 2426536, 626398.1 2426538, 626424.3 2426538, 626450.5 2426538, 626476.6 2426536, 626502.5 2426532, 626528.3 2426527, 626553.7 2426521, 626578.8 2426514, 626603.5 2426505, 626627.7 2426495, 626651.3 2426484, 626674.3 2426471, 626696.6 2426458, 626718.2 2426443, 626739 2426427, 626758.9 2426410, 626777.9 2426392, 626795.9 2426373, 626812.9 2426353, 626828.8 2426332, 626843.6 2426311, 626857.3 2426288, 626869.8 2426265, 626881.1 2426242, 626891.1 2426218, 626899.8 2426193, 626907.3 2426168, 626913.4 2426142, 626918.1 2426117, 626921.6 2426091, 626923.6 2426065, 626924.3 2426038))"
32,20260541,Forest,4468,96.47661604022574,2.467409608717187,0,Dai,NA,NA,1,0,0,2641,345.2045166388999,803.1338299931438,649.8775634765625,8.627941131591797,270.78453816025257,39829.86831665039,86458.20693969727,0.5893998790345062,1,23,39829.86831665039,1,0,0,1,0,0.013692346126889755,-0.999906255434749,8.404696160189092,4.5693006581538285,0.9031688589157757,"POLYGON ((741588 2364982, 741587.3 2364956, 741585.2 2364930, 741581.8 2364904, 741577 2364878, 741570.9 2364853, 741563.5 2364828, 741554.8 2364803, 741544.7 2364779, 741533.5 2364755, 741521 2364732, 741507.3 2364710, 741492.5 2364688, 741476.5 2364667, 741459.5 2364648, 741441.5 2364629, 741422.5 2364611, 741402.6 2364594, 741381.9 2364578, 741360.3 2364563, 741338 2364549, 741315 2364537, 741291.3 2364525, 741267.1 2364515, 741242.5 2364507, 741217.4 2364499, 741191.9 2364493, 741166.2 2364488, 741140.2 2364485, 741114.1 2364483, 741088 2364482, 741061.8 2364483, 741035.7 2364485, 741009.7 2364488, 740984 2364493, 740958.6 2364499, 740933.5 2364507, 740908.8 2364515, 740884.6 2364525, 740861 2364537, 740838 2364549, 740815.6 2364563, 740794.1 2364578, 740773.3 2364594, 740753.4 2364611, 740734.4 2364629, 740716.4 2364648, 740699.4 2364667, 740683.5 2364688, 740668.6 2364710, 740654.9 2364732, 740642.5 2364755, 740631.2 2364779, 740621.2 2364803, 740612.4 2364828, 740605 2364853, 740598.9 2364878, 740594.1 2364904, 740590.7 2364930, 740588.6 2364956, 740588 2364982, 740588.6 2365008, 740590.7 2365034, 740594.1 2365060, 740598.9 2365086, 740605 2365112, 740612.4 2365137, 740621.2 2365161, 740631.2 2365185, 740642.5 2365209, 740654.9 2365232, 740668.6 2365254, 740683.5 2365276, 740699.4 2365297, 740716.4 2365317, 740734.4 2365336, 740753.4 2365354, 740773.3 2365371, 740794.1 2365387, 740815.6 2365401, 740838 2365415, 740861 2365428, 740884.6 2365439, 740908.8 2365449, 740933.5 2365458, 740958.6 2365465, 740984 2365471, 741009.7 2365476, 741035.7 2365479, 741061.8 2365481, 741088 2365482, 741114.1 2365481, 741140.2 2365479, 741166.2 2365476, 741191.9 2365471, 741217.4 2365465, 741242.5 2365458, 741267.1 2365449, 741291.3 2365439, 741315 2365428, 741338 2365415, 741360.3 2365401, 741381.9 2365387, 741402.6 2365371, 741422.5 2365354, 741441.5 2365336, 741459.5 2365317, 741476.5 2365297, 741492.5 2365276, 741507.3 2365254, 741521 2365232, 741533.5 2365209, 741544.7 2365185, 741554.8 2365161, 741563.5 2365137, 741570.9 2365112, 741577 2365086, 741581.8 2365060, 741585.2 2365034, 741587.3 2365008, 741588 2364982))"
32,20260541,Forest,4604,4.552080596935946,1.627922077922078,0,Dai,NA,NA,1,0,0,2708,113.58556323174571,1373.1186670929037,672.53753662109375,9.014820098876953,253.8336766329535,11700,264512.65869140625,0.3547359453940162,1,126,9000,0.7692307692307693,1800,0.15384615384615385,1,0,-0.27842662785994676,-0.9604575018700925,8.434680769841773,1.515584402496797,0.4873044027506186,"POLYGON ((768549.5 2370106, 768548.8 2370080, 768546.8 2370054, 768543.3 2370028, 768538.6 2370002, 768532.5 2369977, 768525 2369952, 768516.3 2369927, 768506.3 2369903, 768495 2369879, 768482.5 2369856, 768468.8 2369834, 768454 2369812, 768438.1 2369791, 768421.1 2369772, 768403.1 2369753, 768384.1 2369735, 768364.2 2369718, 768343.4 2369702, 768321.8 2369687, 768299.5 2369673, 768276.5 2369661, 768252.9 2369649, 768228.7 2369639, 768204 2369631, 768178.9 2369623, 768153.5 2369617, 768127.7 2369612, 768101.8 2369609, 768075.7 2369607, 768049.5 2369606, 768023.3 2369607, 767997.2 2369609, 767971.3 2369612, 767945.5 2369617, 767920.1 2369623, 767895 2369631, 767870.3 2369639, 767846.1 2369649, 767822.5 2369661, 767799.5 2369673, 767777.2 2369687, 767755.6 2369702, 767734.8 2369718, 767714.9 2369735, 767696 2369753, 767677.9 2369772, 767660.9 2369791, 767645 2369812, 767630.2 2369834, 767616.5 2369856, 767604 2369879, 767592.7 2369903, 767582.7 2369927, 767574 2369952, 767566.5 2369977, 767560.4 2370002, 767555.7 2370028, 767552.2 2370054, 767550.2 2370080, 767549.5 2370106, 767550.2 2370132, 767552.2 2370158, 767555.7 2370184, 767560.4 2370210, 767566.5 2370236, 767574 2370261, 767582.7 2370285, 767592.7 2370309, 767604 2370333, 767616.5 2370356, 767630.2 2370378, 767645 2370400, 767660.9 2370421, 767677.9 2370441, 767696 2370460, 767714.9 2370478, 767734.8 2370495, 767755.6 2370511, 767777.2 2370525, 767799.5 2370539, 767822.5 2370552, 767846.1 2370563, 767870.3 2370573, 767895 2370582, 767920.1 2370589, 767945.5 2370595, 767971.3 2370600, 767997.2 2370603, 768023.3 2370605, 768049.5 2370606, 768075.7 2370605, 768101.8 2370603, 768127.7 2370600, 768153.5 2370595, 768178.9 2370589, 768204 2370582, 768228.7 2370573, 768252.9 2370563, 768276.5 2370552, 768299.5 2370539, 768321.8 2370525, 768343.4 2370511, 768364.2 2370495, 768384.1 2370478, 768403.1 2370460, 768421.1 2370441, 768438.1 2370421, 768454 2370400, 768468.8 2370378, 768482.5 2370356, 768495 2370333, 768506.3 2370309, 768516.3 2370285, 768525 2370261, 768532.5 2370236, 768538.6 2370210, 768543.3 2370184, 768546.8 2370158, 768548.8 2370132, 768549.5 2370106))"
32,20260541,Forest,6109.060402684564,16.49307014828121,2.182649842271293,0,Dai,NA,NA,1,0,0,2715,605.669161074973,559.6374408105422,909.64739990234375,5.311426162719727,295.12251032376895,603438.0798339844,16351.379585266113,0.33395968342941434,1,50,508310.3210449219,0.8423570504280511,35034.837341308594,0.058058711427272286,1,0,0.42455516920235187,-0.9054020699686756,8.717528260092221,2.802940301672347,0.7805396626274846,"POLYGON ((717062.6 2479200, 717061.9 2479174, 717059.8 2479148, 717056.4 2479122, 717051.7 2479096, 717045.5 2479070, 717038.1 2479045, 717029.4 2479021, 717019.4 2478996, 717008.1 2478973, 716995.6 2478950, 716981.9 2478927, 716967.1 2478906, 716951.2 2478885, 716934.2 2478865, 716916.1 2478846, 716897.2 2478828, 716877.2 2478811, 716856.5 2478795, 716834.9 2478780, 716812.6 2478767, 716789.6 2478754, 716766 2478743, 716741.8 2478733, 716717.1 2478724, 716692 2478717, 716666.5 2478711, 716640.8 2478706, 716614.9 2478703, 716588.8 2478700, 716562.6 2478700, 716536.4 2478700, 716510.3 2478703, 716484.4 2478706, 716458.6 2478711, 716433.2 2478717, 716408.1 2478724, 716383.4 2478733, 716359.2 2478743, 716335.6 2478754, 716312.6 2478767, 716290.3 2478780, 716268.7 2478795, 716247.9 2478811, 716228 2478828, 716209 2478846, 716191 2478865, 716174 2478885, 716158.1 2478906, 716143.3 2478927, 716129.6 2478950, 716117.1 2478973, 716105.8 2478996, 716095.8 2479021, 716087.1 2479045, 716079.6 2479070, 716073.5 2479096, 716068.7 2479122, 716065.3 2479148, 716063.3 2479174, 716062.6 2479200, 716063.3 2479226, 716065.3 2479252, 716068.7 2479278, 716073.5 2479304, 716079.6 2479329, 716087.1 2479354, 716095.8 2479379, 716105.8 2479403, 716117.1 2479427, 716129.6 2479450, 716143.3 2479472, 716158.1 2479494, 716174 2479514, 716191 2479534, 716209 2479553, 716228 2479571, 716247.9 2479588, 716268.7 2479604, 716290.3 2479619, 716312.6 2479633, 716335.6 2479645, 716359.2 2479657, 716383.4 2479667, 716408.1 2479675, 716433.2 2479683, 716458.6 2479689, 716484.4 2479694, 716510.3 2479697, 716536.4 2479699, 716562.6 2479700, 716588.8 2479699, 716614.9 2479697, 716640.8 2479694, 716666.5 2479689, 716692 2479683, 716717.1 2479675, 716741.8 2479667, 716766 2479657, 716789.6 2479645, 716812.6 2479633, 716834.9 2479619, 716856.5 2479604, 716877.2 2479588, 716897.2 2479571, 716916.1 2479553, 716934.2 2479534, 716951.2 2479514, 716967.1 2479494, 716981.9 2479472, 716995.6 2479450, 717008.1 2479427, 717019.4 2479403, 717029.4 2479379, 717038.1 2479354, 717045.5 2479329, 717051.7 2479304, 717056.4 2479278, 717059.8 2479252, 717061.9 2479226, 717062.6 2479200))"
32,20260541,Forest,4729.178800232964,28.284346991989317,25.912513445679455,0,Dai,NA,NA,1,0,0,2807,88.33492924225703,322.75200058154365,1270.3912353515625,10.307232856750488,87.99053289757663,785039.3371582031,0,0.04060448717983012,1,88,0,0,0,0,1,0,0.03506462767831836,0.9993850468592078,8.461506851240385,3.3423085418038267,3.2547259966495377,"POLYGON ((692410.8 2484240, 692410.1 2484214, 692408 2484188, 692404.6 2484162, 692399.9 2484136, 692393.7 2484111, 692386.3 2484086, 692377.6 2484061, 692367.6 2484037, 692356.3 2484013, 692343.8 2483990, 692330.1 2483968, 692315.3 2483946, 692299.4 2483925, 692282.4 2483906, 692264.3 2483887, 692245.3 2483869, 692225.4 2483852, 692204.7 2483836, 692183.1 2483821, 692160.8 2483807, 692137.8 2483795, 692114.1 2483783, 692090 2483773, 692065.3 2483765, 692040.2 2483757, 692014.7 2483751, 691989 2483746, 691963 2483743, 691936.9 2483741, 691910.8 2483740, 691884.6 2483741, 691858.5 2483743, 691832.6 2483746, 691806.8 2483751, 691781.4 2483757, 691756.3 2483765, 691731.6 2483773, 691707.4 2483783, 691683.8 2483795, 691660.8 2483807, 691638.5 2483821, 691616.9 2483836, 691596.1 2483852, 691576.2 2483869, 691557.2 2483887, 691539.2 2483906, 691522.2 2483925, 691506.3 2483946, 691491.4 2483968, 691477.8 2483990, 691465.3 2484013, 691454 2484037, 691444 2484061, 691435.3 2484086, 691427.8 2484111, 691421.7 2484136, 691416.9 2484162, 691413.5 2484188, 691411.5 2484214, 691410.8 2484240, 691411.5 2484266, 691413.5 2484292, 691416.9 2484318, 691421.7 2484344, 691427.8 2484369, 691435.3 2484395, 691444 2484419, 691454 2484443, 691465.3 2484467, 691477.8 2484490, 691491.4 2484512, 691506.3 2484534, 691522.2 2484555, 691539.2 2484575, 691557.2 2484594, 691576.2 2484612, 691596.1 2484629, 691616.9 2484645, 691638.5 2484659, 691660.8 2484673, 691683.8 2484686, 691707.4 2484697, 691731.6 2484707, 691756.3 2484716, 691781.4 2484723, 691806.8 2484729, 691832.6 2484734, 691858.5 2484737, 691884.6 2484739, 691910.8 2484740, 691936.9 2484739, 691963 2484737, 691989 2484734, 692014.7 2484729, 692040.2 2484723, 692065.3 2484716, 692090 2484707, 692114.1 2484697, 692137.8 2484686, 692160.8 2484673, 692183.1 2484659, 692204.7 2484645, 692225.4 2484629, 692245.3 2484612, 692264.3 2484594, 692282.4 2484575, 692299.4 2484555, 692315.3 2484534, 692330.1 2484512, 692343.8 2484490, 692356.3 2484467, 692367.6 2484443, 692377.6 2484419, 692386.3 2484395, 692393.7 2484369, 692399.9 2484344, 692404.6 2484318, 692408 2484292, 692410.1 2484266, 692410.8 2484240))"
32,20260541,Forest,7668.695652173914,133.19513203141992,2.0375399361022364,0,Dai,NA,NA,1,0,0,2944,342.5574066050756,564.8677724350898,1177.205810546875,1.8633146286010742,207.06298025757857,27769.168281555176,0,0.27763924855248184,1,62,0,0,8869.168281555176,0.3193890501735427,1,0,-0.8905069538062256,-0.45496963109943594,8.944901821513023,4.891815211127795,0.7117431664817675,"POLYGON ((641080.1 2428911, 641079.4 2428885, 641077.3 2428859, 641073.9 2428833, 641069.1 2428807, 641063 2428782, 641055.6 2428757, 641046.8 2428732, 641036.8 2428708, 641025.6 2428684, 641013.1 2428661, 640999.4 2428639, 640984.6 2428617, 640968.6 2428596, 640951.6 2428576, 640933.6 2428557, 640914.6 2428539, 640894.7 2428522, 640873.9 2428507, 640852.4 2428492, 640830.1 2428478, 640807 2428466, 640783.4 2428454, 640759.2 2428444, 640734.6 2428436, 640709.5 2428428, 640684 2428422, 640658.3 2428417, 640632.3 2428414, 640606.2 2428412, 640580.1 2428411, 640553.9 2428412, 640527.8 2428414, 640501.8 2428417, 640476.1 2428422, 640450.6 2428428, 640425.5 2428436, 640400.9 2428444, 640376.7 2428454, 640353.1 2428466, 640330.1 2428478, 640307.7 2428492, 640286.2 2428507, 640265.4 2428522, 640245.5 2428539, 640226.5 2428557, 640208.5 2428576, 640191.5 2428596, 640175.5 2428617, 640160.7 2428639, 640147 2428661, 640134.5 2428684, 640123.3 2428708, 640113.3 2428732, 640104.5 2428757, 640097.1 2428782, 640091 2428807, 640086.2 2428833, 640082.8 2428859, 640080.7 2428885, 640080.1 2428911, 640080.7 2428937, 640082.8 2428963, 640086.2 2428989, 640091 2429015, 640097.1 2429040, 640104.5 2429066, 640113.3 2429090, 640123.3 2429114, 640134.5 2429138, 640147 2429161, 640160.7 2429183, 640175.5 2429205, 640191.5 2429226, 640208.5 2429246, 640226.5 2429265, 640245.5 2429283, 640265.4 2429300, 640286.2 2429316, 640307.7 2429330, 640330.1 2429344, 640353.1 2429357, 640376.7 2429368, 640400.9 2429378, 640425.5 2429387, 640450.6 2429394, 640476.1 2429400, 640501.8 2429405, 640527.8 2429408, 640553.9 2429410, 640580.1 2429411, 640606.2 2429410, 640632.3 2429408, 640658.3 2429405, 640684 2429400, 640709.5 2429394, 640734.6 2429387, 640759.2 2429378, 640783.4 2429368, 640807 2429357, 640830.1 2429344, 640852.4 2429330, 640873.9 2429316, 640894.7 2429300, 640914.6 2429283, 640933.6 2429265, 640951.6 2429246, 640968.6 2429226, 640984.6 2429205, 640999.4 2429183, 641013.1 2429161, 641025.6 2429138, 641036.8 2429114, 641046.8 2429090, 641055.6 2429066, 641063 2429040, 641069.1 2429015, 641073.9 2428989, 641077.3 2428963, 641079.4 2428937, 641080.1 2428911))"
32,20260541,Forest,4895.615866388309,145.06059227472352,0.8104849279161206,0,Dai,NA,NA,1,0,0,2962,251.0382749878142,535.1637234173975,709.196533203125,7.932615756988525,78.3404184395742,11917.236614227295,0,0.5635684877106528,1,9,11917.236614227295,1,0,0,1,0,0.20209646706080786,0.9793656201856076,8.496095362451602,4.977151532890694,-0.21012253401124478,"POLYGON ((673442.5 2400411, 673441.8 2400385, 673439.8 2400359, 673436.4 2400333, 673431.6 2400307, 673425.5 2400282, 673418 2400257, 673409.3 2400232, 673399.3 2400208, 673388 2400184, 673375.5 2400161, 673361.8 2400139, 673347 2400117, 673331.1 2400097, 673314.1 2400077, 673296.1 2400058, 673277.1 2400040, 673257.2 2400023, 673236.4 2400007, 673214.8 2399992, 673192.5 2399978, 673169.5 2399966, 673145.9 2399955, 673121.7 2399945, 673097 2399936, 673071.9 2399928, 673046.5 2399922, 673020.7 2399918, 672994.8 2399914, 672968.7 2399912, 672942.5 2399911, 672916.3 2399912, 672890.2 2399914, 672864.3 2399918, 672838.6 2399922, 672813.1 2399928, 672788 2399936, 672763.3 2399945, 672739.1 2399955, 672715.5 2399966, 672692.5 2399978, 672670.2 2399992, 672648.6 2400007, 672627.8 2400023, 672607.9 2400040, 672589 2400058, 672570.9 2400077, 672553.9 2400097, 672538 2400117, 672523.2 2400139, 672509.5 2400161, 672497 2400184, 672485.7 2400208, 672475.7 2400232, 672467 2400257, 672459.5 2400282, 672453.4 2400307, 672448.7 2400333, 672445.2 2400359, 672443.2 2400385, 672442.5 2400411, 672443.2 2400438, 672445.2 2400464, 672448.7 2400490, 672453.4 2400515, 672459.5 2400541, 672467 2400566, 672475.7 2400591, 672485.7 2400615, 672497 2400638, 672509.5 2400661, 672523.2 2400684, 672538 2400705, 672553.9 2400726, 672570.9 2400746, 672589 2400765, 672607.9 2400783, 672627.8 2400800, 672648.6 2400816, 672670.2 2400831, 672692.5 2400844, 672715.5 2400857, 672739.1 2400868, 672763.3 2400878, 672788 2400887, 672813.1 2400894, 672838.6 2400900, 672864.3 2400905, 672890.2 2400909, 672916.3 2400911, 672942.5 2400911, 672968.7 2400911, 672994.8 2400909, 673020.7 2400905, 673046.5 2400900, 673071.9 2400894, 673097 2400887, 673121.7 2400878, 673145.9 2400868, 673169.5 2400857, 673192.5 2400844, 673214.8 2400831, 673236.4 2400816, 673257.2 2400800, 673277.1 2400783, 673296.1 2400765, 673314.1 2400746, 673331.1 2400726, 673347 2400705, 673361.8 2400684, 673375.5 2400661, 673388 2400638, 673399.3 2400615, 673409.3 2400591, 673418 2400566, 673425.5 2400541, 673431.6 2400515, 673436.4 2400490, 673439.8 2400464, 673441.8 2400438, 673442.5 2400411))"
32,20260541,Forest,8351.627906976744,73.38822921595784,0.5081440205743678,0,Dai,NA,NA,1,0,0,2996,710.9215785299222,867.798235218794,888.3670654296875,11.998347282409668,208.05408489825277,136614.53704833984,40719.668197631836,0.059448393077669345,1,51,136497.13439941406,0.9991406284319198,0,0,1,0,-0.8825040373800914,-0.4703048203110809,9.03021175776225,4.295763557855437,-0.6769903665159698,"POLYGON ((673862.4 2434872, 673861.7 2434846, 673859.6 2434820, 673856.2 2434794, 673851.4 2434768, 673845.3 2434743, 673837.9 2434718, 673829.2 2434693, 673819.1 2434669, 673807.9 2434645, 673795.4 2434622, 673781.7 2434600, 673766.9 2434578, 673750.9 2434558, 673733.9 2434538, 673715.9 2434519, 673696.9 2434501, 673677 2434484, 673656.3 2434468, 673634.7 2434453, 673612.4 2434439, 673589.4 2434427, 673565.7 2434416, 673541.6 2434406, 673516.9 2434397, 673491.8 2434389, 673466.3 2434383, 673440.6 2434378, 673414.6 2434375, 673388.5 2434373, 673362.4 2434372, 673336.2 2434373, 673310.1 2434375, 673284.1 2434378, 673258.4 2434383, 673233 2434389, 673207.9 2434397, 673183.2 2434406, 673159 2434416, 673135.4 2434427, 673112.4 2434439, 673090 2434453, 673068.5 2434468, 673047.7 2434484, 673027.8 2434501, 673008.8 2434519, 672990.8 2434538, 672973.8 2434558, 672957.9 2434578, 672943 2434600, 672929.4 2434622, 672916.9 2434645, 672905.6 2434669, 672895.6 2434693, 672886.8 2434718, 672879.4 2434743, 672873.3 2434768, 672868.5 2434794, 672865.1 2434820, 672863.1 2434846, 672862.4 2434872, 672863.1 2434898, 672865.1 2434925, 672868.5 2434951, 672873.3 2434976, 672879.4 2435002, 672886.8 2435027, 672895.6 2435051, 672905.6 2435076, 672916.9 2435099, 672929.4 2435122, 672943 2435145, 672957.9 2435166, 672973.8 2435187, 672990.8 2435207, 673008.8 2435226, 673027.8 2435244, 673047.7 2435261, 673068.5 2435277, 673090 2435292, 673112.4 2435305, 673135.4 2435318, 673159 2435329, 673183.2 2435339, 673207.9 2435348, 673233 2435355, 673258.4 2435361, 673284.1 2435366, 673310.1 2435370, 673336.2 2435372, 673362.4 2435372, 673388.5 2435372, 673414.6 2435370, 673440.6 2435366, 673466.3 2435361, 673491.8 2435355, 673516.9 2435348, 673541.6 2435339, 673565.7 2435329, 673589.4 2435318, 673612.4 2435305, 673634.7 2435292, 673656.3 2435277, 673677 2435261, 673696.9 2435244, 673715.9 2435226, 673733.9 2435207, 673750.9 2435187, 673766.9 2435166, 673781.7 2435145, 673795.4 2435122, 673807.9 2435099, 673819.1 2435076, 673829.2 2435051, 673837.9 2435027, 673845.3 2435002, 673851.4 2434976, 673856.2 2434951, 673859.6 2434925, 673861.7 2434898, 673862.4 2434872))"
32,20260541,Forest,5300,11.357870574345577,3.2247191011235956,0,Dai,NA,NA,1,0,0,3166,166.35821426792947,862.3468306789275,732.43780517578125,12.839164733886719,62.46520956645265,33056.66313171387,0,0.1668812878630698,1,60,33056.66313171387,1,0,0,1,0,0.4622871278095813,0.8867302924010028,8.575462099540212,2.4299109462807524,1.1708458460274813,"POLYGON ((735488.7 2351143, 735488 2351117, 735486 2351091, 735482.5 2351065, 735477.8 2351039, 735471.7 2351013, 735464.2 2350988, 735455.5 2350964, 735445.5 2350939, 735434.2 2350916, 735421.7 2350893, 735408 2350870, 735393.2 2350849, 735377.3 2350828, 735360.3 2350808, 735342.2 2350789, 735323.3 2350771, 735303.4 2350754, 735282.6 2350738, 735261 2350723, 735238.7 2350710, 735215.7 2350697, 735192.1 2350686, 735167.9 2350676, 735143.2 2350667, 735118.1 2350660, 735092.6 2350654, 735066.9 2350649, 735041 2350646, 735014.9 2350643, 734988.7 2350643, 734962.5 2350643, 734936.4 2350646, 734910.5 2350649, 734884.7 2350654, 734859.3 2350660, 734834.2 2350667, 734809.5 2350676, 734785.3 2350686, 734761.7 2350697, 734738.7 2350710, 734716.4 2350723, 734694.8 2350738, 734674 2350754, 734654.1 2350771, 734635.1 2350789, 734617.1 2350808, 734600.1 2350828, 734584.2 2350849, 734569.4 2350870, 734555.7 2350893, 734543.2 2350916, 734531.9 2350939, 734521.9 2350964, 734513.2 2350988, 734505.7 2351013, 734499.6 2351039, 734494.8 2351065, 734491.4 2351091, 734489.4 2351117, 734488.7 2351143, 734489.4 2351169, 734491.4 2351195, 734494.8 2351221, 734499.6 2351247, 734505.7 2351272, 734513.2 2351297, 734521.9 2351322, 734531.9 2351346, 734543.2 2351370, 734555.7 2351393, 734569.4 2351415, 734584.2 2351437, 734600.1 2351457, 734617.1 2351477, 734635.1 2351496, 734654.1 2351514, 734674 2351531, 734694.8 2351547, 734716.4 2351562, 734738.7 2351576, 734761.7 2351588, 734785.3 2351600, 734809.5 2351610, 734834.2 2351618, 734859.3 2351626, 734884.7 2351632, 734910.5 2351637, 734936.4 2351640, 734962.5 2351642, 734988.7 2351643, 735014.9 2351642, 735041 2351640, 735066.9 2351637, 735092.6 2351632, 735118.1 2351626, 735143.2 2351618, 735167.9 2351610, 735192.1 2351600, 735215.7 2351588, 735238.7 2351576, 735261 2351562, 735282.6 2351547, 735303.4 2351531, 735323.3 2351514, 735342.2 2351496, 735360.3 2351477, 735377.3 2351457, 735393.2 2351437, 735408 2351415, 735421.7 2351393, 735434.2 2351370, 735445.5 2351346, 735455.5 2351322, 735464.2 2351297, 735471.7 2351272, 735477.8 2351247, 735482.5 2351221, 735486 2351195, 735488 2351169, 735488.7 2351143))"
32,20260541,Forest,8258.682862023154,130.8393029610749,1.0638297872340425,0,Dai,NA,NA,1,0,0,3209,36.06909591340695,835.0350255961318,708.42230224609375,9.901445388793945,276.99817266059466,464.5391821861267,0,0.5462441500026283,1,5,304.74754571914673,0.6560211870288343,0,0,1,0,0.12183768798024763,-0.9925500379263646,9.019020393996465,4.873969875241402,0.06187540371808745,"POLYGON ((676388.7 2394907, 676388.1 2394881, 676386 2394855, 676382.6 2394829, 676377.8 2394803, 676371.7 2394778, 676364.3 2394753, 676355.5 2394728, 676345.5 2394704, 676334.2 2394680, 676321.8 2394657, 676308.1 2394635, 676293.3 2394613, 676277.3 2394593, 676260.3 2394573, 676242.3 2394554, 676223.3 2394536, 676203.4 2394519, 676182.6 2394503, 676161.1 2394488, 676138.7 2394474, 676115.7 2394462, 676092.1 2394451, 676067.9 2394441, 676043.3 2394432, 676018.2 2394424, 675992.7 2394418, 675967 2394414, 675941 2394410, 675914.9 2394408, 675888.7 2394407, 675862.6 2394408, 675836.5 2394410, 675810.5 2394414, 675784.8 2394418, 675759.3 2394424, 675734.2 2394432, 675709.6 2394441, 675685.4 2394451, 675661.7 2394462, 675638.7 2394474, 675616.4 2394488, 675594.9 2394503, 675574.1 2394519, 675554.2 2394536, 675535.2 2394554, 675517.2 2394573, 675500.2 2394593, 675484.2 2394613, 675469.4 2394635, 675455.7 2394657, 675443.2 2394680, 675432 2394704, 675422 2394728, 675413.2 2394753, 675405.8 2394778, 675399.7 2394803, 675394.9 2394829, 675391.5 2394855, 675389.4 2394881, 675388.7 2394907, 675389.4 2394934, 675391.5 2394960, 675394.9 2394986, 675399.7 2395011, 675405.8 2395037, 675413.2 2395062, 675422 2395087, 675432 2395111, 675443.2 2395134, 675455.7 2395157, 675469.4 2395180, 675484.2 2395201, 675500.2 2395222, 675517.2 2395242, 675535.2 2395261, 675554.2 2395279, 675574.1 2395296, 675594.9 2395312, 675616.4 2395327, 675638.7 2395340, 675661.7 2395353, 675685.4 2395364, 675709.6 2395374, 675734.2 2395383, 675759.3 2395390, 675784.8 2395396, 675810.5 2395401, 675836.5 2395405, 675862.6 2395407, 675888.7 2395407, 675914.9 2395407, 675941 2395405, 675967 2395401, 675992.7 2395396, 676018.2 2395390, 676043.3 2395383, 676067.9 2395374, 676092.1 2395364, 676115.7 2395353, 676138.7 2395340, 676161.1 2395327, 676182.6 2395312, 676203.4 2395296, 676223.3 2395279, 676242.3 2395261, 676260.3 2395242, 676277.3 2395222, 676293.3 2395201, 676308.1 2395180, 676321.8 2395157, 676334.2 2395134, 676345.5 2395111, 676355.5 2395087, 676364.3 2395062, 676371.7 2395037, 676377.8 2395011, 676382.6 2394986, 676386 2394960, 676388.1 2394934, 676388.7 2394907))"
32,20260541,Forest,4895.615866388309,145.06059227472352,0.8104849279161206,0,Dai,NA,NA,1,0,0,3333,264.0822340129972,303.88275838803713,729.43548583984375,9.08877944946289,212.3547688246922,63627.49099731445,16.194318048655987,0.740510312299826,1,36,63627.49099731445,1,0,0,1,0,-0.8447506616823702,-0.5351600878122337,8.496095362451602,4.977151532890694,-0.21012253401124478,"POLYGON ((673301.8 2400207, 673301.1 2400181, 673299.1 2400155, 673295.7 2400129, 673290.9 2400103, 673284.8 2400078, 673277.3 2400053, 673268.6 2400028, 673258.6 2400004, 673247.3 2399980, 673234.8 2399957, 673221.1 2399935, 673206.3 2399914, 673190.4 2399893, 673173.4 2399873, 673155.4 2399854, 673136.4 2399836, 673116.5 2399819, 673095.7 2399803, 673074.1 2399788, 673051.8 2399774, 673028.8 2399762, 673005.2 2399751, 672981 2399741, 672956.3 2399732, 672931.2 2399724, 672905.8 2399718, 672880 2399714, 672854.1 2399710, 672828 2399708, 672801.8 2399707, 672775.6 2399708, 672749.5 2399710, 672723.6 2399714, 672697.9 2399718, 672672.4 2399724, 672647.3 2399732, 672622.6 2399741, 672598.4 2399751, 672574.8 2399762, 672551.8 2399774, 672529.5 2399788, 672507.9 2399803, 672487.2 2399819, 672467.2 2399836, 672448.3 2399854, 672430.2 2399873, 672413.2 2399893, 672397.3 2399914, 672382.5 2399935, 672368.8 2399957, 672356.3 2399980, 672345 2400004, 672335 2400028, 672326.3 2400053, 672318.8 2400078, 672312.7 2400103, 672308 2400129, 672304.6 2400155, 672302.5 2400181, 672301.8 2400207, 672302.5 2400234, 672304.6 2400260, 672308 2400286, 672312.7 2400311, 672318.8 2400337, 672326.3 2400362, 672335 2400387, 672345 2400411, 672356.3 2400434, 672368.8 2400457, 672382.5 2400480, 672397.3 2400501, 672413.2 2400522, 672430.2 2400542, 672448.3 2400561, 672467.2 2400579, 672487.2 2400596, 672507.9 2400612, 672529.5 2400627, 672551.8 2400640, 672574.8 2400653, 672598.4 2400664, 672622.6 2400674, 672647.3 2400683, 672672.4 2400690, 672697.9 2400696, 672723.6 2400701, 672749.5 2400705, 672775.6 2400707, 672801.8 2400707, 672828 2400707, 672854.1 2400705, 672880 2400701, 672905.8 2400696, 672931.2 2400690, 672956.3 2400683, 672981 2400674, 673005.2 2400664, 673028.8 2400653, 673051.8 2400640, 673074.1 2400627, 673095.7 2400612, 673116.5 2400596, 673136.4 2400579, 673155.4 2400561, 673173.4 2400542, 673190.4 2400522, 673206.3 2400501, 673221.1 2400480, 673234.8 2400457, 673247.3 2400434, 673258.6 2400411, 673268.6 2400387, 673277.3 2400362, 673284.8 2400337, 673290.9 2400311, 673295.7 2400286, 673299.1 2400260, 673301.1 2400234, 673301.8 2400207))"
32,20260541,Forest,4468,96.47661604022574,2.467409608717187,0,Dai,NA,NA,1,0,0,3351,454.27758682988656,533.8730612733904,638.6732177734375,8.392955780029297,275.94584173487306,6300,134400.42114257812,0.6975865053725196,1,6,5400,0.8571428571428571,900,0.14285714285714285,1,0,0.10358835479089169,-0.9946202555506882,8.404696160189092,4.5693006581538285,0.9031688589157757,"POLYGON ((741376.7 2363820, 741376 2363794, 741374 2363768, 741370.6 2363742, 741365.8 2363716, 741359.7 2363691, 741352.3 2363666, 741343.5 2363641, 741333.5 2363617, 741322.2 2363593, 741309.7 2363570, 741296.1 2363548, 741281.2 2363526, 741265.3 2363505, 741248.3 2363486, 741230.3 2363467, 741211.3 2363449, 741191.4 2363432, 741170.6 2363416, 741149.1 2363401, 741126.7 2363387, 741103.7 2363375, 741080.1 2363363, 741055.9 2363353, 741031.2 2363345, 741006.1 2363337, 740980.7 2363331, 740954.9 2363326, 740929 2363323, 740902.9 2363321, 740876.7 2363320, 740850.6 2363321, 740824.5 2363323, 740798.5 2363326, 740772.8 2363331, 740747.3 2363337, 740722.2 2363345, 740697.5 2363353, 740673.4 2363363, 740649.7 2363375, 740626.7 2363387, 740604.4 2363401, 740582.8 2363416, 740562.1 2363432, 740542.2 2363449, 740523.2 2363467, 740505.2 2363486, 740488.2 2363505, 740472.2 2363526, 740457.4 2363548, 740443.7 2363570, 740431.2 2363593, 740420 2363617, 740409.9 2363641, 740401.2 2363666, 740393.8 2363691, 740387.7 2363716, 740382.9 2363742, 740379.5 2363768, 740377.4 2363794, 740376.7 2363820, 740377.4 2363846, 740379.5 2363872, 740382.9 2363898, 740387.7 2363924, 740393.8 2363950, 740401.2 2363975, 740409.9 2363999, 740420 2364023, 740431.2 2364047, 740443.7 2364070, 740457.4 2364092, 740472.2 2364114, 740488.2 2364135, 740505.2 2364155, 740523.2 2364174, 740542.2 2364192, 740562.1 2364209, 740582.8 2364225, 740604.4 2364239, 740626.7 2364253, 740649.7 2364266, 740673.4 2364277, 740697.5 2364287, 740722.2 2364296, 740747.3 2364303, 740772.8 2364309, 740798.5 2364314, 740824.5 2364317, 740850.6 2364319, 740876.7 2364320, 740902.9 2364319, 740929 2364317, 740954.9 2364314, 740980.7 2364309, 741006.1 2364303, 741031.2 2364296, 741055.9 2364287, 741080.1 2364277, 741103.7 2364266, 741126.7 2364253, 741149.1 2364239, 741170.6 2364225, 741191.4 2364209, 741211.3 2364192, 741230.3 2364174, 741248.3 2364155, 741265.3 2364135, 741281.2 2364114, 741296.1 2364092, 741309.7 2364070, 741322.2 2364047, 741333.5 2364023, 741343.5 2363999, 741352.3 2363975, 741359.7 2363950, 741365.8 2363924, 741370.6 2363898, 741374 2363872, 741376 2363846, 741376.7 2363820))"
32,20260541,Forest,7781.739130434783,93.74461428755224,2.279844357976654,0,Dai,NA,NA,1,0,0,3390,158.21069996462478,152.41048899226,1191.8880615234375,3.389752149581909,221.85309682424835,42785.104751586914,14016.385746002197,0.4682948779443328,1,40,0,0,9722.081565856934,0.22723051917960627,1,0,-0.7448579944221506,-0.6672230272895349,8.9595351308077,4.540574215600901,0.8241071765909261,"POLYGON ((630955.8 2432004, 630955.2 2431977, 630953.1 2431951, 630949.7 2431925, 630944.9 2431900, 630938.8 2431874, 630931.4 2431849, 630922.6 2431824, 630912.6 2431800, 630901.3 2431777, 630888.9 2431754, 630875.2 2431731, 630860.4 2431710, 630844.4 2431689, 630827.4 2431669, 630809.4 2431650, 630790.4 2431632, 630770.5 2431615, 630749.7 2431599, 630728.2 2431584, 630705.8 2431571, 630682.8 2431558, 630659.2 2431547, 630635 2431537, 630610.4 2431528, 630585.3 2431521, 630559.8 2431515, 630534.1 2431510, 630508.1 2431506, 630482 2431504, 630455.8 2431504, 630429.7 2431504, 630403.6 2431506, 630377.6 2431510, 630351.9 2431515, 630326.4 2431521, 630301.3 2431528, 630276.7 2431537, 630252.5 2431547, 630228.8 2431558, 630205.8 2431571, 630183.5 2431584, 630162 2431599, 630141.2 2431615, 630121.3 2431632, 630102.3 2431650, 630084.3 2431669, 630067.3 2431689, 630051.3 2431710, 630036.5 2431731, 630022.8 2431754, 630010.3 2431777, 629999.1 2431800, 629989.1 2431824, 629980.3 2431849, 629972.9 2431874, 629966.8 2431900, 629962 2431925, 629958.6 2431951, 629956.5 2431977, 629955.8 2432004, 629956.5 2432030, 629958.6 2432056, 629962 2432082, 629966.8 2432108, 629972.9 2432133, 629980.3 2432158, 629989.1 2432183, 629999.1 2432207, 630010.3 2432231, 630022.8 2432254, 630036.5 2432276, 630051.3 2432298, 630067.3 2432318, 630084.3 2432338, 630102.3 2432357, 630121.3 2432375, 630141.2 2432392, 630162 2432408, 630183.5 2432423, 630205.8 2432437, 630228.8 2432449, 630252.5 2432460, 630276.7 2432470, 630301.3 2432479, 630326.4 2432487, 630351.9 2432493, 630377.6 2432497, 630403.6 2432501, 630429.7 2432503, 630455.8 2432504, 630482 2432503, 630508.1 2432501, 630534.1 2432497, 630559.8 2432493, 630585.3 2432487, 630610.4 2432479, 630635 2432470, 630659.2 2432460, 630682.8 2432449, 630705.8 2432437, 630728.2 2432423, 630749.7 2432408, 630770.5 2432392, 630790.4 2432375, 630809.4 2432357, 630827.4 2432338, 630844.4 2432318, 630860.4 2432298, 630875.2 2432276, 630888.9 2432254, 630901.3 2432231, 630912.6 2432207, 630922.6 2432183, 630931.4 2432158, 630938.8 2432133, 630944.9 2432108, 630949.7 2432082, 630953.1 2432056, 630955.2 2432030, 630955.8 2432004))"
32,20260541,Forest,5300,11.357870574345577,3.2247191011235956,0,Dai,NA,NA,1,0,0,3407,874.8375445100261,1142.4972002763595,734.9027099609375,10.558453559875488,258.34816969921945,153305.419921875,66606.7497253418,0.08668999486075028,1,98,21544.04010772705,0.1405301920747875,0,0,1,0,-0.2019639717319521,-0.9793929518442815,8.575462099540212,2.4299109462807524,1.1708458460274813,"POLYGON ((733294 2359407, 733293.3 2359381, 733291.3 2359355, 733287.9 2359329, 733283.1 2359303, 733277 2359277, 733269.6 2359252, 733260.8 2359228, 733250.8 2359203, 733239.5 2359180, 733227 2359157, 733213.4 2359134, 733198.5 2359113, 733182.6 2359092, 733165.6 2359072, 733147.6 2359053, 733128.6 2359035, 733108.7 2359018, 733087.9 2359002, 733066.4 2358987, 733044 2358974, 733021 2358961, 732997.4 2358950, 732973.2 2358940, 732948.5 2358931, 732923.4 2358924, 732898 2358918, 732872.3 2358913, 732846.3 2358910, 732820.2 2358907, 732794 2358907, 732767.9 2358907, 732741.8 2358910, 732715.8 2358913, 732690.1 2358918, 732664.6 2358924, 732639.5 2358931, 732614.8 2358940, 732590.7 2358950, 732567 2358961, 732544 2358974, 732521.7 2358987, 732500.1 2359002, 732479.4 2359018, 732459.5 2359035, 732440.5 2359053, 732422.5 2359072, 732405.5 2359092, 732389.5 2359113, 732374.7 2359134, 732361 2359157, 732348.5 2359180, 732337.3 2359203, 732327.2 2359228, 732318.5 2359252, 732311.1 2359277, 732305 2359303, 732300.2 2359329, 732296.8 2359355, 732294.7 2359381, 732294 2359407, 732294.7 2359433, 732296.8 2359459, 732300.2 2359485, 732305 2359511, 732311.1 2359536, 732318.5 2359561, 732327.2 2359586, 732337.3 2359610, 732348.5 2359634, 732361 2359657, 732374.7 2359679, 732389.5 2359701, 732405.5 2359721, 732422.5 2359741, 732440.5 2359760, 732459.5 2359778, 732479.4 2359795, 732500.1 2359811, 732521.7 2359826, 732544 2359840, 732567 2359852, 732590.7 2359864, 732614.8 2359874, 732639.5 2359882, 732664.6 2359890, 732690.1 2359896, 732715.8 2359901, 732741.8 2359904, 732767.9 2359906, 732794 2359907, 732820.2 2359906, 732846.3 2359904, 732872.3 2359901, 732898 2359896, 732923.4 2359890, 732948.5 2359882, 732973.2 2359874, 732997.4 2359864, 733021 2359852, 733044 2359840, 733066.4 2359826, 733087.9 2359811, 733108.7 2359795, 733128.6 2359778, 733147.6 2359760, 733165.6 2359741, 733182.6 2359721, 733198.5 2359701, 733213.4 2359679, 733227 2359657, 733239.5 2359634, 733250.8 2359610, 733260.8 2359586, 733269.6 2359561, 733277 2359536, 733283.1 2359511, 733287.9 2359485, 733291.3 2359459, 733293.3 2359433, 733294 2359407))"
32,20260541,Forest,7708.695652173914,237.2321719678974,3.3891168599464763,0,Dai,NA,NA,1,0,0,3512,153.43382139645215,571.2808078360913,1191.841064453125,0.6130642294883728,69.62683512237653,40667.376708984375,0,0.24232289931406065,1,85,0,0,16453.916358947754,0.4045974363355652,1,0,0.34813302255065715,0.937445144320319,8.95010427613315,5.46903929016875,1.2205693741627521,"POLYGON ((626924.4 2429585, 626923.7 2429559, 626921.7 2429533, 626918.2 2429507, 626913.5 2429481, 626907.4 2429455, 626899.9 2429430, 626891.2 2429406, 626881.2 2429381, 626869.9 2429358, 626857.4 2429335, 626843.7 2429313, 626828.9 2429291, 626813 2429270, 626796 2429250, 626778 2429231, 626759 2429213, 626739.1 2429196, 626718.3 2429180, 626696.7 2429166, 626674.4 2429152, 626651.4 2429139, 626627.8 2429128, 626603.6 2429118, 626578.9 2429109, 626553.8 2429102, 626528.4 2429096, 626502.6 2429091, 626476.7 2429088, 626450.6 2429086, 626424.4 2429085, 626398.2 2429086, 626372.1 2429088, 626346.2 2429091, 626320.4 2429096, 626295 2429102, 626269.9 2429109, 626245.2 2429118, 626221 2429128, 626197.4 2429139, 626174.4 2429152, 626152.1 2429166, 626130.5 2429180, 626109.7 2429196, 626089.8 2429213, 626070.9 2429231, 626052.8 2429250, 626035.8 2429270, 626019.9 2429291, 626005.1 2429313, 625991.4 2429335, 625978.9 2429358, 625967.6 2429381, 625957.6 2429406, 625948.9 2429430, 625941.4 2429455, 625935.3 2429481, 625930.6 2429507, 625927.1 2429533, 625925.1 2429559, 625924.4 2429585, 625925.1 2429611, 625927.1 2429637, 625930.6 2429663, 625935.3 2429689, 625941.4 2429714, 625948.9 2429739, 625957.6 2429764, 625967.6 2429788, 625978.9 2429812, 625991.4 2429835, 626005.1 2429857, 626019.9 2429879, 626035.8 2429900, 626052.8 2429919, 626070.9 2429938, 626089.8 2429956, 626109.7 2429973, 626130.5 2429989, 626152.1 2430004, 626174.4 2430018, 626197.4 2430030, 626221 2430042, 626245.2 2430052, 626269.9 2430060, 626295 2430068, 626320.4 2430074, 626346.2 2430079, 626372.1 2430082, 626398.2 2430084, 626424.4 2430085, 626450.6 2430084, 626476.7 2430082, 626502.6 2430079, 626528.4 2430074, 626553.8 2430068, 626578.9 2430060, 626603.6 2430052, 626627.8 2430042, 626651.4 2430030, 626674.4 2430018, 626696.7 2430004, 626718.3 2429989, 626739.1 2429973, 626759 2429956, 626778 2429938, 626796 2429919, 626813 2429900, 626828.9 2429879, 626843.7 2429857, 626857.4 2429835, 626869.9 2429812, 626881.2 2429788, 626891.2 2429764, 626899.9 2429739, 626907.4 2429714, 626913.5 2429689, 626918.2 2429663, 626921.7 2429637, 626923.7 2429611, 626924.4 2429585))"
32,20260541,Forest,5300,11.357870574345577,3.2247191011235956,0,Dai,NA,NA,1,0,0,3590,102.55350111999519,360.6065368492284,739.54266357421875,9.285189628601074,150.47396309345478,54872.005462646484,0,0.6957009363660571,1,59,44719.88639831543,0.8149854560857631,7584.9626541137695,0.13823009729938063,1,0,-0.8701318341671304,0.49281902476359973,8.575462099540212,2.4299109462807524,1.1708458460274813,"POLYGON ((733085.5 2360471, 733084.8 2360445, 733082.8 2360419, 733079.3 2360393, 733074.6 2360367, 733068.5 2360342, 733061 2360316, 733052.3 2360292, 733042.3 2360268, 733031 2360244, 733018.5 2360221, 733004.8 2360199, 732990 2360177, 732974.1 2360156, 732957.1 2360136, 732939.1 2360117, 732920.1 2360099, 732900.2 2360082, 732879.4 2360066, 732857.8 2360052, 732835.5 2360038, 732812.5 2360025, 732788.9 2360014, 732764.7 2360004, 732740 2359995, 732714.9 2359988, 732689.5 2359982, 732663.7 2359977, 732637.8 2359974, 732611.7 2359972, 732585.5 2359971, 732559.3 2359972, 732533.2 2359974, 732507.3 2359977, 732481.5 2359982, 732456.1 2359988, 732431 2359995, 732406.3 2360004, 732382.1 2360014, 732358.5 2360025, 732335.5 2360038, 732313.2 2360052, 732291.6 2360066, 732270.8 2360082, 732250.9 2360099, 732231.9 2360117, 732213.9 2360136, 732196.9 2360156, 732181 2360177, 732166.2 2360199, 732152.5 2360221, 732140 2360244, 732128.7 2360268, 732118.7 2360292, 732110 2360316, 732102.5 2360342, 732096.4 2360367, 732091.7 2360393, 732088.2 2360419, 732086.2 2360445, 732085.5 2360471, 732086.2 2360497, 732088.2 2360523, 732091.7 2360549, 732096.4 2360575, 732102.5 2360600, 732110 2360626, 732118.7 2360650, 732128.7 2360674, 732140 2360698, 732152.5 2360721, 732166.2 2360743, 732181 2360765, 732196.9 2360786, 732213.9 2360806, 732231.9 2360825, 732250.9 2360843, 732270.8 2360860, 732291.6 2360876, 732313.2 2360890, 732335.5 2360904, 732358.5 2360917, 732382.1 2360928, 732406.3 2360938, 732431 2360947, 732456.1 2360954, 732481.5 2360960, 732507.3 2360965, 732533.2 2360968, 732559.3 2360970, 732585.5 2360971, 732611.7 2360970, 732637.8 2360968, 732663.7 2360965, 732689.5 2360960, 732714.9 2360954, 732740 2360947, 732764.7 2360938, 732788.9 2360928, 732812.5 2360917, 732835.5 2360904, 732857.8 2360890, 732879.4 2360876, 732900.2 2360860, 732920.1 2360843, 732939.1 2360825, 732957.1 2360806, 732974.1 2360786, 732990 2360765, 733004.8 2360743, 733018.5 2360721, 733031 2360698, 733042.3 2360674, 733052.3 2360650, 733061 2360626, 733068.5 2360600, 733074.6 2360575, 733079.3 2360549, 733082.8 2360523, 733084.8 2360497, 733085.5 2360471))"
32,20260541,Forest,7668.695652173914,133.19513203141992,2.0375399361022364,0,Dai,NA,NA,1,0,0,3788,40.0291882956805,303.8837110191275,1188.169677734375,3.7697510719299316,162.53075223772834,83100.39367675781,0,0.37169610250266205,1,37,0,0,12828.765392303467,0.15437671020193397,1,0,-0.9538782105310801,0.3001938698141992,8.944901821513023,4.891815211127795,0.7117431664817675,"POLYGON ((640716.1 2429253, 640715.4 2429227, 640713.3 2429201, 640709.9 2429175, 640705.2 2429149, 640699 2429124, 640691.6 2429099, 640682.9 2429074, 640672.9 2429050, 640661.6 2429026, 640649.1 2429003, 640635.4 2428981, 640620.6 2428959, 640604.7 2428938, 640587.7 2428918, 640569.6 2428900, 640550.6 2428881, 640530.7 2428864, 640510 2428849, 640488.4 2428834, 640466.1 2428820, 640443.1 2428808, 640419.4 2428796, 640395.3 2428786, 640370.6 2428778, 640345.5 2428770, 640320 2428764, 640294.3 2428759, 640268.3 2428756, 640242.2 2428754, 640216.1 2428753, 640189.9 2428754, 640163.8 2428756, 640137.9 2428759, 640112.1 2428764, 640086.7 2428770, 640061.6 2428778, 640036.9 2428786, 640012.7 2428796, 639989.1 2428808, 639966.1 2428820, 639943.8 2428834, 639922.2 2428849, 639901.4 2428864, 639881.5 2428881, 639862.5 2428900, 639844.5 2428918, 639827.5 2428938, 639811.6 2428959, 639796.7 2428981, 639783.1 2429003, 639770.6 2429026, 639759.3 2429050, 639749.3 2429074, 639740.6 2429099, 639733.1 2429124, 639727 2429149, 639722.2 2429175, 639718.8 2429201, 639716.8 2429227, 639716.1 2429253, 639716.8 2429279, 639718.8 2429305, 639722.2 2429331, 639727 2429357, 639733.1 2429382, 639740.6 2429408, 639749.3 2429432, 639759.3 2429456, 639770.6 2429480, 639783.1 2429503, 639796.7 2429525, 639811.6 2429547, 639827.5 2429568, 639844.5 2429588, 639862.5 2429607, 639881.5 2429625, 639901.4 2429642, 639922.2 2429658, 639943.8 2429672, 639966.1 2429686, 639989.1 2429699, 640012.7 2429710, 640036.9 2429720, 640061.6 2429729, 640086.7 2429736, 640112.1 2429742, 640137.9 2429747, 640163.8 2429750, 640189.9 2429752, 640216.1 2429753, 640242.2 2429752, 640268.3 2429750, 640294.3 2429747, 640320 2429742, 640345.5 2429736, 640370.6 2429729, 640395.3 2429720, 640419.4 2429710, 640443.1 2429699, 640466.1 2429686, 640488.4 2429672, 640510 2429658, 640530.7 2429642, 640550.6 2429625, 640569.6 2429607, 640587.7 2429588, 640604.7 2429568, 640620.6 2429547, 640635.4 2429525, 640649.1 2429503, 640661.6 2429480, 640672.9 2429456, 640682.9 2429432, 640691.6 2429408, 640699 2429382, 640705.2 2429357, 640709.9 2429331, 640713.3 2429305, 640715.4 2429279, 640716.1 2429253))"
32,20260541,Forest,9698.14502529511,122.46956021056933,2.0331046823739936,0,Dai,NA,NA,1,0,0,3923,118.08866697961226,351.18172522394343,661.18780517578125,14.930513381958008,271.0373232701134,3.0688534257933497,463536.0900878906,0.563166953430679,1,48,3.0688534257933497,1,0,0,1,0,0.018103717425932593,-0.9998361142784161,9.179689911698166,4.807862511029519,0.7095640248965568,"POLYGON ((708218.1 2419227, 708217.4 2419201, 708215.4 2419175, 708212 2419149, 708207.2 2419123, 708201.1 2419098, 708193.6 2419073, 708184.9 2419048, 708174.9 2419024, 708163.6 2419000, 708151.1 2418977, 708137.5 2418955, 708122.6 2418933, 708106.7 2418913, 708089.7 2418893, 708071.7 2418874, 708052.7 2418856, 708032.8 2418839, 708012 2418823, 707990.4 2418808, 707968.1 2418794, 707945.1 2418782, 707921.5 2418771, 707897.3 2418761, 707872.6 2418752, 707847.5 2418744, 707822.1 2418738, 707796.3 2418733, 707770.4 2418730, 707744.3 2418728, 707718.1 2418727, 707691.9 2418728, 707665.9 2418730, 707639.9 2418733, 707614.2 2418738, 707588.7 2418744, 707563.6 2418752, 707538.9 2418761, 707514.7 2418771, 707491.1 2418782, 707468.1 2418794, 707445.8 2418808, 707424.2 2418823, 707403.5 2418839, 707383.6 2418856, 707364.6 2418874, 707346.5 2418893, 707329.5 2418913, 707313.6 2418933, 707298.8 2418955, 707285.1 2418977, 707272.6 2419000, 707261.3 2419024, 707251.3 2419048, 707242.6 2419073, 707235.2 2419098, 707229 2419123, 707224.3 2419149, 707220.9 2419175, 707218.8 2419201, 707218.1 2419227, 707218.8 2419253, 707220.9 2419280, 707224.3 2419306, 707229 2419331, 707235.2 2419357, 707242.6 2419382, 707251.3 2419407, 707261.3 2419431, 707272.6 2419454, 707285.1 2419477, 707298.8 2419500, 707313.6 2419521, 707329.5 2419542, 707346.5 2419562, 707364.6 2419581, 707383.6 2419599, 707403.5 2419616, 707424.2 2419632, 707445.8 2419647, 707468.1 2419660, 707491.1 2419673, 707514.7 2419684, 707538.9 2419694, 707563.6 2419703, 707588.7 2419710, 707614.2 2419716, 707639.9 2419721, 707665.9 2419725, 707691.9 2419727, 707718.1 2419727, 707744.3 2419727, 707770.4 2419725, 707796.3 2419721, 707822.1 2419716, 707847.5 2419710, 707872.6 2419703, 707897.3 2419694, 707921.5 2419684, 707945.1 2419673, 707968.1 2419660, 707990.4 2419647, 708012 2419632, 708032.8 2419616, 708052.7 2419599, 708071.7 2419581, 708089.7 2419562, 708106.7 2419542, 708122.6 2419521, 708137.5 2419500, 708151.1 2419477, 708163.6 2419454, 708174.9 2419431, 708184.9 2419407, 708193.6 2419382, 708201.1 2419357, 708207.2 2419331, 708212 2419306, 708215.4 2419280, 708217.4 2419253, 708218.1 2419227))"
32,20260541,Forest,6074.664429530201,13.119310196178745,1.7788079470198674,0,Dai,NA,NA,1,0,0,3942,202.20259861253808,1260.3711702090166,846.8455810546875,0.503747820854187,216.0932624621396,10800,4500,0.5772570069020823,1,33,0,0,10800,1,1,0,-0.8080591632186286,-0.5891013399563862,8.711882028745663,2.5740852056229833,0.5759434472742128,"POLYGON ((714640.1 2484921, 714639.4 2484894, 714637.4 2484868, 714633.9 2484842, 714629.2 2484817, 714623.1 2484791, 714615.6 2484766, 714606.9 2484741, 714596.9 2484717, 714585.6 2484694, 714573.1 2484671, 714559.4 2484648, 714544.6 2484627, 714528.7 2484606, 714511.7 2484586, 714493.7 2484567, 714474.7 2484549, 714454.8 2484532, 714434 2484516, 714412.4 2484501, 714390.1 2484488, 714367.1 2484475, 714343.5 2484464, 714319.3 2484454, 714294.6 2484445, 714269.5 2484438, 714244.1 2484431, 714218.3 2484427, 714192.4 2484423, 714166.3 2484421, 714140.1 2484421, 714113.9 2484421, 714087.8 2484423, 714061.9 2484427, 714036.1 2484431, 714010.7 2484438, 713985.6 2484445, 713960.9 2484454, 713936.7 2484464, 713913.1 2484475, 713890.1 2484488, 713867.8 2484501, 713846.2 2484516, 713825.4 2484532, 713805.5 2484549, 713786.6 2484567, 713768.5 2484586, 713751.5 2484606, 713735.6 2484627, 713720.8 2484648, 713707.1 2484671, 713694.6 2484694, 713683.3 2484717, 713673.3 2484741, 713664.6 2484766, 713657.1 2484791, 713651 2484817, 713646.3 2484842, 713642.8 2484868, 713640.8 2484894, 713640.1 2484921, 713640.8 2484947, 713642.8 2484973, 713646.3 2484999, 713651 2485024, 713657.1 2485050, 713664.6 2485075, 713673.3 2485100, 713683.3 2485124, 713694.6 2485148, 713707.1 2485171, 713720.8 2485193, 713735.6 2485214, 713751.5 2485235, 713768.5 2485255, 713786.6 2485274, 713805.5 2485292, 713825.4 2485309, 713846.2 2485325, 713867.8 2485340, 713890.1 2485354, 713913.1 2485366, 713936.7 2485377, 713960.9 2485387, 713985.6 2485396, 714010.7 2485403, 714036.1 2485410, 714061.9 2485414, 714087.8 2485418, 714113.9 2485420, 714140.1 2485421, 714166.3 2485420, 714192.4 2485418, 714218.3 2485414, 714244.1 2485410, 714269.5 2485403, 714294.6 2485396, 714319.3 2485387, 714343.5 2485377, 714367.1 2485366, 714390.1 2485354, 714412.4 2485340, 714434 2485325, 714454.8 2485309, 714474.7 2485292, 714493.7 2485274, 714511.7 2485255, 714528.7 2485235, 714544.6 2485214, 714559.4 2485193, 714573.1 2485171, 714585.6 2485148, 714596.9 2485124, 714606.9 2485100, 714615.6 2485075, 714623.1 2485050, 714629.2 2485024, 714633.9 2484999, 714637.4 2484973, 714639.4 2484947, 714640.1 2484921))"
32,20260541,Forest,5300,11.357870574345577,3.2247191011235956,0,Dai,NA,NA,1,0,0,3996,19.235316939934833,373.95888602564156,738.493896484375,9.083036422729492,172.62960705030738,102452.83813476562,0,0.7600139894903547,1,7,55387.80326843262,0.5406175590331227,10723.751449584961,0.10467012573608772,1,0,-0.9917375838839589,0.12828314274294733,8.575462099540212,2.4299109462807524,1.1708458460274813,"POLYGON ((733105.3 2360386, 733104.6 2360359, 733102.6 2360333, 733099.2 2360307, 733094.4 2360282, 733088.3 2360256, 733080.8 2360231, 733072.1 2360206, 733062.1 2360182, 733050.8 2360159, 733038.3 2360136, 733024.6 2360113, 733009.8 2360092, 732993.9 2360071, 732976.9 2360051, 732958.9 2360032, 732939.9 2360014, 732920 2359997, 732899.2 2359981, 732877.6 2359966, 732855.3 2359953, 732832.3 2359940, 732808.7 2359929, 732784.5 2359919, 732759.8 2359910, 732734.7 2359903, 732709.3 2359896, 732683.5 2359892, 732657.6 2359888, 732631.5 2359886, 732605.3 2359886, 732579.1 2359886, 732553 2359888, 732527.1 2359892, 732501.4 2359896, 732475.9 2359903, 732450.8 2359910, 732426.1 2359919, 732401.9 2359929, 732378.3 2359940, 732355.3 2359953, 732333 2359966, 732311.4 2359981, 732290.7 2359997, 732270.7 2360014, 732251.8 2360032, 732233.7 2360051, 732216.7 2360071, 732200.8 2360092, 732186 2360113, 732172.3 2360136, 732159.8 2360159, 732148.5 2360182, 732138.5 2360206, 732129.8 2360231, 732122.3 2360256, 732116.2 2360282, 732111.5 2360307, 732108.1 2360333, 732106 2360359, 732105.3 2360386, 732106 2360412, 732108.1 2360438, 732111.5 2360464, 732116.2 2360490, 732122.3 2360515, 732129.8 2360540, 732138.5 2360565, 732148.5 2360589, 732159.8 2360613, 732172.3 2360636, 732186 2360658, 732200.8 2360679, 732216.7 2360700, 732233.7 2360720, 732251.8 2360739, 732270.7 2360757, 732290.7 2360774, 732311.4 2360790, 732333 2360805, 732355.3 2360819, 732378.3 2360831, 732401.9 2360842, 732426.1 2360852, 732450.8 2360861, 732475.9 2360869, 732501.4 2360875, 732527.1 2360879, 732553 2360883, 732579.1 2360885, 732605.3 2360886, 732631.5 2360885, 732657.6 2360883, 732683.5 2360879, 732709.3 2360875, 732734.7 2360869, 732759.8 2360861, 732784.5 2360852, 732808.7 2360842, 732832.3 2360831, 732855.3 2360819, 732877.6 2360805, 732899.2 2360790, 732920 2360774, 732939.9 2360757, 732958.9 2360739, 732976.9 2360720, 732993.9 2360700, 733009.8 2360679, 733024.6 2360658, 733038.3 2360636, 733050.8 2360613, 733062.1 2360589, 733072.1 2360565, 733080.8 2360540, 733088.3 2360515, 733094.4 2360490, 733099.2 2360464, 733102.6 2360438, 733104.6 2360412, 733105.3 2360386))"
32,20260541,Forest,5300,11.357870574345577,3.2247191011235956,0,Dai,NA,NA,1,0,0,4030,366.3648998212969,774.4643057239764,812.864501953125,8.967385292053223,322.2274985424083,213317.05627441406,0,0.25406594210240335,1,72,33473.789978027344,0.15692036334387716,14767.811965942383,0.0692294007045778,1,0,0.7904490800366506,-0.6125277559990345,8.575462099540212,2.4299109462807524,1.1708458460274813,"POLYGON ((735065.2 2347086, 735064.6 2347059, 735062.5 2347033, 735059.1 2347007, 735054.3 2346982, 735048.2 2346956, 735040.8 2346931, 735032 2346906, 735022 2346882, 735010.7 2346859, 734998.2 2346836, 734984.6 2346813, 734969.7 2346792, 734953.8 2346771, 734936.8 2346751, 734918.8 2346732, 734899.8 2346714, 734879.9 2346697, 734859.1 2346681, 734837.6 2346666, 734815.2 2346653, 734792.2 2346640, 734768.6 2346629, 734744.4 2346619, 734719.7 2346610, 734694.6 2346603, 734669.2 2346596, 734643.5 2346592, 734617.5 2346588, 734591.4 2346586, 734565.2 2346586, 734539.1 2346586, 734513 2346588, 734487 2346592, 734461.3 2346596, 734435.8 2346603, 734410.7 2346610, 734386.1 2346619, 734361.9 2346629, 734338.2 2346640, 734315.2 2346653, 734292.9 2346666, 734271.3 2346681, 734250.6 2346697, 734230.7 2346714, 734211.7 2346732, 734193.7 2346751, 734176.7 2346771, 734160.7 2346792, 734145.9 2346813, 734132.2 2346836, 734119.7 2346859, 734108.5 2346882, 734098.4 2346906, 734089.7 2346931, 734082.3 2346956, 734076.2 2346982, 734071.4 2347007, 734068 2347033, 734065.9 2347059, 734065.2 2347086, 734065.9 2347112, 734068 2347138, 734071.4 2347164, 734076.2 2347190, 734082.3 2347215, 734089.7 2347240, 734098.4 2347265, 734108.5 2347289, 734119.7 2347313, 734132.2 2347336, 734145.9 2347358, 734160.7 2347379, 734176.7 2347400, 734193.7 2347420, 734211.7 2347439, 734230.7 2347457, 734250.6 2347474, 734271.3 2347490, 734292.9 2347505, 734315.2 2347519, 734338.2 2347531, 734361.9 2347542, 734386.1 2347552, 734410.7 2347561, 734435.8 2347569, 734461.3 2347575, 734487 2347579, 734513 2347583, 734539.1 2347585, 734565.2 2347586, 734591.4 2347585, 734617.5 2347583, 734643.5 2347579, 734669.2 2347575, 734694.6 2347569, 734719.7 2347561, 734744.4 2347552, 734768.6 2347542, 734792.2 2347531, 734815.2 2347519, 734837.6 2347505, 734859.1 2347490, 734879.9 2347474, 734899.8 2347457, 734918.8 2347439, 734936.8 2347420, 734953.8 2347400, 734969.7 2347379, 734984.6 2347358, 734998.2 2347336, 735010.7 2347313, 735022 2347289, 735032 2347265, 735040.8 2347240, 735048.2 2347215, 735054.3 2347190, 735059.1 2347164, 735062.5 2347138, 735064.6 2347112, 735065.2 2347086))"
32,20260541,Forest,7781.739130434783,93.74461428755224,2.279844357976654,0,Dai,NA,NA,1,0,0,4106,102.09825737053112,1458.0068193269262,1184.59326171875,0.5784654021263123,260.3093828765553,10929.881572723389,0,0.09989157322156983,1,99,0,0,10929.881572723389,1,1,0,-0.1683279564470211,-0.9857310480442268,8.9595351308077,4.540574215600901,0.8241071765909261,"POLYGON ((630972.3 2434623, 630971.7 2434596, 630969.6 2434570, 630966.2 2434544, 630961.4 2434519, 630955.3 2434493, 630947.9 2434468, 630939.1 2434443, 630929.1 2434419, 630917.8 2434396, 630905.4 2434373, 630891.7 2434350, 630876.9 2434329, 630860.9 2434308, 630843.9 2434288, 630825.9 2434269, 630806.9 2434251, 630787 2434234, 630766.2 2434218, 630744.7 2434203, 630722.3 2434190, 630699.3 2434177, 630675.7 2434166, 630651.5 2434156, 630626.9 2434147, 630601.8 2434140, 630576.3 2434133, 630550.6 2434129, 630524.6 2434125, 630498.5 2434123, 630472.3 2434123, 630446.2 2434123, 630420.1 2434125, 630394.1 2434129, 630368.4 2434133, 630342.9 2434140, 630317.8 2434147, 630293.2 2434156, 630269 2434166, 630245.3 2434177, 630222.3 2434190, 630200 2434203, 630178.4 2434218, 630157.7 2434234, 630137.8 2434251, 630118.8 2434269, 630100.8 2434288, 630083.8 2434308, 630067.8 2434329, 630053 2434350, 630039.3 2434373, 630026.8 2434396, 630015.6 2434419, 630005.6 2434443, 629996.8 2434468, 629989.4 2434493, 629983.3 2434519, 629978.5 2434544, 629975.1 2434570, 629973 2434596, 629972.3 2434623, 629973 2434649, 629975.1 2434675, 629978.5 2434701, 629983.3 2434726, 629989.4 2434752, 629996.8 2434777, 630005.6 2434802, 630015.6 2434826, 630026.8 2434850, 630039.3 2434873, 630053 2434895, 630067.8 2434916, 630083.8 2434937, 630100.8 2434957, 630118.8 2434976, 630137.8 2434994, 630157.7 2435011, 630178.4 2435027, 630200 2435042, 630222.3 2435056, 630245.3 2435068, 630269 2435079, 630293.2 2435089, 630317.8 2435098, 630342.9 2435105, 630368.4 2435112, 630394.1 2435116, 630420.1 2435120, 630446.2 2435122, 630472.3 2435123, 630498.5 2435122, 630524.6 2435120, 630550.6 2435116, 630576.3 2435112, 630601.8 2435105, 630626.9 2435098, 630651.5 2435089, 630675.7 2435079, 630699.3 2435068, 630722.3 2435056, 630744.7 2435042, 630766.2 2435027, 630787 2435011, 630806.9 2434994, 630825.9 2434976, 630843.9 2434957, 630860.9 2434937, 630876.9 2434916, 630891.7 2434895, 630905.4 2434873, 630917.8 2434850, 630929.1 2434826, 630939.1 2434802, 630947.9 2434777, 630955.3 2434752, 630961.4 2434726, 630966.2 2434701, 630969.6 2434675, 630971.7 2434649, 630972.3 2434623))"
32,20260541,Forest,6383.3892617449665,33.70123791548138,2.8425728500355367,0,Dai,NA,NA,1,0,0,4108,126.63721526046699,613.9597307883271,916.7071533203125,5.796961784362793,153.0211397181152,34337.14027404785,78589.45541381836,0.47233693187036413,1,38,10161.183643341064,0.2959239925702528,3314.5419359207153,0.09652935304067414,1,0,-0.8911739668216767,0.45366172514255276,8.761454467533365,3.517534570080735,1.0447095751744875,"POLYGON ((713485.1 2494552, 713484.4 2494526, 713482.4 2494499, 713478.9 2494474, 713474.2 2494448, 713468.1 2494422, 713460.6 2494397, 713451.9 2494373, 713441.9 2494348, 713430.6 2494325, 713418.1 2494302, 713404.4 2494279, 713389.6 2494258, 713373.7 2494237, 713356.7 2494217, 713338.7 2494198, 713319.7 2494180, 713299.8 2494163, 713279 2494147, 713257.4 2494132, 713235.1 2494119, 713212.1 2494106, 713188.5 2494095, 713164.3 2494085, 713139.6 2494076, 713114.5 2494069, 713089.1 2494063, 713063.3 2494058, 713037.4 2494054, 713011.3 2494052, 712985.1 2494052, 712958.9 2494052, 712932.8 2494054, 712906.9 2494058, 712881.1 2494063, 712855.7 2494069, 712830.6 2494076, 712805.9 2494085, 712781.7 2494095, 712758.1 2494106, 712735.1 2494119, 712712.8 2494132, 712691.2 2494147, 712670.4 2494163, 712650.5 2494180, 712631.6 2494198, 712613.5 2494217, 712596.5 2494237, 712580.6 2494258, 712565.8 2494279, 712552.1 2494302, 712539.6 2494325, 712528.3 2494348, 712518.3 2494373, 712509.6 2494397, 712502.1 2494422, 712496 2494448, 712491.3 2494474, 712487.8 2494499, 712485.8 2494526, 712485.1 2494552, 712485.8 2494578, 712487.8 2494604, 712491.3 2494630, 712496 2494656, 712502.1 2494681, 712509.6 2494706, 712518.3 2494731, 712528.3 2494755, 712539.6 2494779, 712552.1 2494802, 712565.8 2494824, 712580.6 2494846, 712596.5 2494866, 712613.5 2494886, 712631.6 2494905, 712650.5 2494923, 712670.4 2494940, 712691.2 2494956, 712712.8 2494971, 712735.1 2494985, 712758.1 2494997, 712781.7 2495008, 712805.9 2495019, 712830.6 2495027, 712855.7 2495035, 712881.1 2495041, 712906.9 2495046, 712932.8 2495049, 712958.9 2495051, 712985.1 2495052, 713011.3 2495051, 713037.4 2495049, 713063.3 2495046, 713089.1 2495041, 713114.5 2495035, 713139.6 2495027, 713164.3 2495019, 713188.5 2495008, 713212.1 2494997, 713235.1 2494985, 713257.4 2494971, 713279 2494956, 713299.8 2494940, 713319.7 2494923, 713338.7 2494905, 713356.7 2494886, 713373.7 2494866, 713389.6 2494846, 713404.4 2494824, 713418.1 2494802, 713430.6 2494779, 713441.9 2494755, 713451.9 2494731, 713460.6 2494706, 713468.1 2494681, 713474.2 2494656, 713478.9 2494630, 713482.4 2494604, 713484.4 2494578, 713485.1 2494552))"
32,20260541,Forest,4729.178800232964,28.284346991989317,25.912513445679455,0,Dai,NA,NA,1,0,0,4132,348.736998168051,1632.650897301768,942.131591796875,6.2690863609313965,226.4875549516833,784080.8898925781,0,0.06178543905196426,1,25,568248.046875,0.7247314074353375,20138.402938842773,0.025684088463885157,1,0,-0.6885121158954405,-0.725224838422667,8.461506851240385,3.3423085418038267,3.2547259966495377,"POLYGON ((685941.5 2483199, 685940.8 2483173, 685938.8 2483147, 685935.3 2483121, 685930.6 2483095, 685924.5 2483070, 685917 2483045, 685908.3 2483020, 685898.3 2482996, 685887 2482972, 685874.5 2482949, 685860.8 2482927, 685846 2482905, 685830.1 2482884, 685813.1 2482865, 685795.1 2482846, 685776.1 2482828, 685756.2 2482811, 685735.4 2482795, 685713.8 2482780, 685691.5 2482766, 685668.5 2482754, 685644.9 2482742, 685620.7 2482732, 685596 2482724, 685570.9 2482716, 685545.5 2482710, 685519.7 2482705, 685493.8 2482702, 685467.7 2482700, 685441.5 2482699, 685415.3 2482700, 685389.2 2482702, 685363.3 2482705, 685337.5 2482710, 685312.1 2482716, 685287 2482724, 685262.3 2482732, 685238.1 2482742, 685214.5 2482754, 685191.5 2482766, 685169.2 2482780, 685147.6 2482795, 685126.8 2482811, 685106.9 2482828, 685087.9 2482846, 685069.9 2482865, 685052.9 2482884, 685037 2482905, 685022.2 2482927, 685008.5 2482949, 684996 2482972, 684984.7 2482996, 684974.7 2483020, 684966 2483045, 684958.5 2483070, 684952.4 2483095, 684947.7 2483121, 684944.2 2483147, 684942.2 2483173, 684941.5 2483199, 684942.2 2483225, 684944.2 2483251, 684947.7 2483277, 684952.4 2483303, 684958.5 2483329, 684966 2483354, 684974.7 2483378, 684984.7 2483402, 684996 2483426, 685008.5 2483449, 685022.2 2483471, 685037 2483493, 685052.9 2483514, 685069.9 2483534, 685087.9 2483553, 685106.9 2483571, 685126.8 2483588, 685147.6 2483604, 685169.2 2483618, 685191.5 2483632, 685214.5 2483645, 685238.1 2483656, 685262.3 2483666, 685287 2483675, 685312.1 2483682, 685337.5 2483688, 685363.3 2483693, 685389.2 2483696, 685415.3 2483698, 685441.5 2483699, 685467.7 2483698, 685493.8 2483696, 685519.7 2483693, 685545.5 2483688, 685570.9 2483682, 685596 2483675, 685620.7 2483666, 685644.9 2483656, 685668.5 2483645, 685691.5 2483632, 685713.8 2483618, 685735.4 2483604, 685756.2 2483588, 685776.1 2483571, 685795.1 2483553, 685813.1 2483534, 685830.1 2483514, 685846 2483493, 685860.8 2483471, 685874.5 2483449, 685887 2483426, 685898.3 2483402, 685908.3 2483378, 685917 2483354, 685924.5 2483329, 685930.6 2483303, 685935.3 2483277, 685938.8 2483251, 685940.8 2483225, 685941.5 2483199))"
32,20260541,Forest,5152.0093185789165,31.010082017237615,3.867597133157299,0,Dai,NA,NA,1,0,0,4292,210.71007142995106,190.10640482704127,965.4652099609375,6.5073323249816895,106.67290367881299,785039.3371582031,0,0.46420431256134864,1,27,0,0,480688.6047363281,0.6123114880795566,1,0,-0.286907514298712,0.957958286272912,8.547142076512934,3.4343123779730202,1.3526334183810655,"POLYGON ((678496.6 2487493, 678495.9 2487467, 678493.9 2487441, 678490.5 2487415, 678485.7 2487389, 678479.6 2487364, 678472.2 2487339, 678463.4 2487314, 678453.4 2487290, 678442.1 2487266, 678429.6 2487243, 678416 2487221, 678401.1 2487200, 678385.2 2487179, 678368.2 2487159, 678350.2 2487140, 678331.2 2487122, 678311.3 2487105, 678290.5 2487089, 678268.9 2487074, 678246.6 2487060, 678223.6 2487048, 678200 2487037, 678175.8 2487027, 678151.1 2487018, 678126 2487010, 678100.6 2487004, 678074.8 2487000, 678048.9 2486996, 678022.8 2486994, 677996.6 2486993, 677970.5 2486994, 677944.4 2486996, 677918.4 2487000, 677892.7 2487004, 677867.2 2487010, 677842.1 2487018, 677817.4 2487027, 677793.3 2487037, 677769.6 2487048, 677746.6 2487060, 677724.3 2487074, 677702.7 2487089, 677682 2487105, 677662.1 2487122, 677643.1 2487140, 677625.1 2487159, 677608.1 2487179, 677592.1 2487200, 677577.3 2487221, 677563.6 2487243, 677551.1 2487266, 677539.9 2487290, 677529.8 2487314, 677521.1 2487339, 677513.7 2487364, 677507.6 2487389, 677502.8 2487415, 677499.4 2487441, 677497.3 2487467, 677496.6 2487493, 677497.3 2487520, 677499.4 2487546, 677502.8 2487572, 677507.6 2487597, 677513.7 2487623, 677521.1 2487648, 677529.8 2487673, 677539.9 2487697, 677551.1 2487720, 677563.6 2487743, 677577.3 2487766, 677592.1 2487787, 677608.1 2487808, 677625.1 2487828, 677643.1 2487847, 677662.1 2487865, 677682 2487882, 677702.7 2487898, 677724.3 2487913, 677746.6 2487926, 677769.6 2487939, 677793.3 2487950, 677817.4 2487960, 677842.1 2487969, 677867.2 2487976, 677892.7 2487982, 677918.4 2487987, 677944.4 2487991, 677970.5 2487993, 677996.6 2487993, 678022.8 2487993, 678048.9 2487991, 678074.8 2487987, 678100.6 2487982, 678126 2487976, 678151.1 2487969, 678175.8 2487960, 678200 2487950, 678223.6 2487939, 678246.6 2487926, 678268.9 2487913, 678290.5 2487898, 678311.3 2487882, 678331.2 2487865, 678350.2 2487847, 678368.2 2487828, 678385.2 2487808, 678401.1 2487787, 678416 2487766, 678429.6 2487743, 678442.1 2487720, 678453.4 2487697, 678463.4 2487673, 678472.2 2487648, 678479.6 2487623, 678485.7 2487597, 678490.5 2487572, 678493.9 2487546, 678495.9 2487520, 678496.6 2487493))"
32,20260541,Forest,7582.608695652175,158.7264442819954,2.4903687396807923,0,Dai,NA,NA,1,0,0,4324,316.27647531039406,246.25899914862,1205.330322265625,3.394558906555176,80.0245867971065,129299.05700683594,0,0.1897633702411245,1,108,0,0,33186.531829833984,0.2566649177347012,1,0,0.17322556043526366,0.9848821783400737,8.933612574527867,5.067182244287413,0.9124307877378552,"POLYGON ((627152.2 2426452, 627151.5 2426426, 627149.5 2426400, 627146.1 2426374, 627141.3 2426348, 627135.2 2426323, 627127.8 2426298, 627119 2426273, 627109 2426249, 627097.7 2426225, 627085.2 2426202, 627071.6 2426180, 627056.7 2426159, 627040.8 2426138, 627023.8 2426118, 627005.8 2426099, 626986.8 2426081, 626966.9 2426064, 626946.1 2426048, 626924.6 2426033, 626902.2 2426019, 626879.2 2426007, 626855.6 2425996, 626831.4 2425986, 626806.7 2425977, 626781.6 2425969, 626756.2 2425963, 626730.4 2425959, 626704.5 2425955, 626678.4 2425953, 626652.2 2425952, 626626.1 2425953, 626600 2425955, 626574 2425959, 626548.3 2425963, 626522.8 2425969, 626497.7 2425977, 626473 2425986, 626448.9 2425996, 626425.2 2426007, 626402.2 2426019, 626379.9 2426033, 626358.3 2426048, 626337.6 2426064, 626317.7 2426081, 626298.7 2426099, 626280.7 2426118, 626263.7 2426138, 626247.7 2426159, 626232.9 2426180, 626219.2 2426202, 626206.7 2426225, 626195.5 2426249, 626185.4 2426273, 626176.7 2426298, 626169.3 2426323, 626163.2 2426348, 626158.4 2426374, 626155 2426400, 626152.9 2426426, 626152.2 2426452, 626152.9 2426479, 626155 2426505, 626158.4 2426531, 626163.2 2426556, 626169.3 2426582, 626176.7 2426607, 626185.4 2426632, 626195.5 2426656, 626206.7 2426679, 626219.2 2426702, 626232.9 2426725, 626247.7 2426746, 626263.7 2426767, 626280.7 2426787, 626298.7 2426806, 626317.7 2426824, 626337.6 2426841, 626358.3 2426857, 626379.9 2426872, 626402.2 2426885, 626425.2 2426898, 626448.9 2426909, 626473 2426919, 626497.7 2426928, 626522.8 2426935, 626548.3 2426942, 626574 2426946, 626600 2426950, 626626.1 2426952, 626652.2 2426952, 626678.4 2426952, 626704.5 2426950, 626730.4 2426946, 626756.2 2426942, 626781.6 2426935, 626806.7 2426928, 626831.4 2426919, 626855.6 2426909, 626879.2 2426898, 626902.2 2426885, 626924.6 2426872, 626946.1 2426857, 626966.9 2426841, 626986.8 2426824, 627005.8 2426806, 627023.8 2426787, 627040.8 2426767, 627056.7 2426746, 627071.6 2426725, 627085.2 2426702, 627097.7 2426679, 627109 2426656, 627119 2426632, 627127.8 2426607, 627135.2 2426582, 627141.3 2426556, 627146.1 2426531, 627149.5 2426505, 627151.5 2426479, 627152.2 2426452))"
32,20260541,Forest,7204.347826086957,146.16778988586938,2.8947116535056234,0,Dai,NA,NA,1,0,0,4350,65.03985447033895,115.70870492293453,1213.09912109375,4.001805782318115,92.56488549850839,128433.45794677734,1800,0.3054397861384253,1,18,0,0,43522.901916503906,0.33887510787523717,1,0,-0.04475074688251549,0.9989981835085873,8.882439987485505,4.984755207624541,1.062885504511933,"POLYGON ((623944 2436110, 623943.3 2436083, 623941.2 2436057, 623937.8 2436031, 623933.1 2436006, 623927 2435980, 623919.5 2435955, 623910.8 2435930, 623900.8 2435906, 623889.5 2435883, 623877 2435860, 623863.3 2435837, 623848.5 2435816, 623832.6 2435795, 623815.6 2435775, 623797.5 2435756, 623778.6 2435738, 623758.6 2435721, 623737.9 2435705, 623716.3 2435690, 623694 2435677, 623671 2435664, 623647.4 2435653, 623623.2 2435643, 623598.5 2435634, 623573.4 2435627, 623547.9 2435621, 623522.2 2435616, 623496.3 2435612, 623470.2 2435610, 623444 2435610, 623417.8 2435610, 623391.7 2435612, 623365.8 2435616, 623340 2435621, 623314.6 2435627, 623289.5 2435634, 623264.8 2435643, 623240.6 2435653, 623217 2435664, 623194 2435677, 623171.7 2435690, 623150.1 2435705, 623129.3 2435721, 623109.4 2435738, 623090.4 2435756, 623072.4 2435775, 623055.4 2435795, 623039.5 2435816, 623024.7 2435837, 623011 2435860, 622998.5 2435883, 622987.2 2435906, 622977.2 2435930, 622968.5 2435955, 622961 2435980, 622954.9 2436006, 622950.1 2436031, 622946.7 2436057, 622944.7 2436083, 622944 2436110, 622944.7 2436136, 622946.7 2436162, 622950.1 2436188, 622954.9 2436214, 622961 2436239, 622968.5 2436264, 622977.2 2436289, 622987.2 2436313, 622998.5 2436337, 623011 2436360, 623024.7 2436382, 623039.5 2436404, 623055.4 2436424, 623072.4 2436444, 623090.4 2436463, 623109.4 2436481, 623129.3 2436498, 623150.1 2436514, 623171.7 2436529, 623194 2436543, 623217 2436555, 623240.6 2436566, 623264.8 2436576, 623289.5 2436585, 623314.6 2436593, 623340 2436599, 623365.8 2436604, 623391.7 2436607, 623417.8 2436609, 623444 2436610, 623470.2 2436609, 623496.3 2436607, 623522.2 2436604, 623547.9 2436599, 623573.4 2436593, 623598.5 2436585, 623623.2 2436576, 623647.4 2436566, 623671 2436555, 623694 2436543, 623716.3 2436529, 623737.9 2436514, 623758.6 2436498, 623778.6 2436481, 623797.5 2436463, 623815.6 2436444, 623832.6 2436424, 623848.5 2436404, 623863.3 2436382, 623877 2436360, 623889.5 2436337, 623900.8 2436313, 623910.8 2436289, 623919.5 2436264, 623927 2436239, 623933.1 2436214, 623937.8 2436188, 623941.2 2436162, 623943.3 2436136, 623944 2436110))"
32,20260541,Forest,7668.695652173914,133.19513203141992,2.0375399361022364,0,Dai,NA,NA,1,0,0,4411,75.29294888706258,135.14432501660866,1184.3311767578125,3.775874376296997,190.45266793266035,101565.94619750977,0,0.4867390025868584,1,79,0,0,22104.181480407715,0.21763378679526027,1,0,-0.983405116883252,-0.18142319611294858,8.944901821513023,4.891815211127795,0.7117431664817675,"POLYGON ((640416 2429096, 640415.4 2429070, 640413.3 2429044, 640409.9 2429018, 640405.1 2428992, 640399 2428967, 640391.6 2428942, 640382.8 2428917, 640372.8 2428893, 640361.6 2428869, 640349.1 2428846, 640335.4 2428824, 640320.6 2428803, 640304.6 2428782, 640287.6 2428762, 640269.6 2428743, 640250.6 2428725, 640230.7 2428708, 640209.9 2428692, 640188.4 2428677, 640166 2428663, 640143 2428651, 640119.4 2428640, 640095.2 2428630, 640070.6 2428621, 640045.5 2428613, 640020 2428607, 639994.3 2428603, 639968.3 2428599, 639942.2 2428597, 639916 2428596, 639889.9 2428597, 639863.8 2428599, 639837.8 2428603, 639812.1 2428607, 639786.6 2428613, 639761.5 2428621, 639736.9 2428630, 639712.7 2428640, 639689.1 2428651, 639666 2428663, 639643.7 2428677, 639622.2 2428692, 639601.4 2428708, 639581.5 2428725, 639562.5 2428743, 639544.5 2428762, 639527.5 2428782, 639511.5 2428803, 639496.7 2428824, 639483 2428846, 639470.5 2428869, 639459.3 2428893, 639449.3 2428917, 639440.5 2428942, 639433.1 2428967, 639427 2428992, 639422.2 2429018, 639418.8 2429044, 639416.7 2429070, 639416 2429096, 639416.7 2429123, 639418.8 2429149, 639422.2 2429175, 639427 2429200, 639433.1 2429226, 639440.5 2429251, 639449.3 2429276, 639459.3 2429300, 639470.5 2429323, 639483 2429346, 639496.7 2429369, 639511.5 2429390, 639527.5 2429411, 639544.5 2429431, 639562.5 2429450, 639581.5 2429468, 639601.4 2429485, 639622.2 2429501, 639643.7 2429516, 639666 2429529, 639689.1 2429542, 639712.7 2429553, 639736.9 2429563, 639761.5 2429572, 639786.6 2429579, 639812.1 2429585, 639837.8 2429590, 639863.8 2429594, 639889.9 2429596, 639916 2429596, 639942.2 2429596, 639968.3 2429594, 639994.3 2429590, 640020 2429585, 640045.5 2429579, 640070.6 2429572, 640095.2 2429563, 640119.4 2429553, 640143 2429542, 640166 2429529, 640188.4 2429516, 640209.9 2429501, 640230.7 2429485, 640250.6 2429468, 640269.6 2429450, 640287.6 2429431, 640304.6 2429411, 640320.6 2429390, 640335.4 2429369, 640349.1 2429346, 640361.6 2429323, 640372.8 2429300, 640382.8 2429276, 640391.6 2429251, 640399 2429226, 640405.1 2429200, 640409.9 2429175, 640413.3 2429149, 640415.4 2429123, 640416 2429096))"
32,20260541,Forest,4468,96.47661604022574,2.467409608717187,0,Dai,NA,NA,1,0,0,4544,133.3328743467678,290.4816399935327,630.6239013671875,6.790626525878906,96.92631535283184,74851.171875,196796.1181640625,0.8663956563994926,1,86,74439.49356079102,0.9945000418310553,411.6765171289444,0.005499934160235142,1,0,-0.12059278922093851,0.992702059627114,8.404696160189092,4.5693006581538285,0.9031688589157757,"POLYGON ((741288.3 2364564, 741287.6 2364538, 741285.6 2364512, 741282.2 2364486, 741277.4 2364460, 741271.3 2364434, 741263.9 2364409, 741255.1 2364385, 741245.1 2364360, 741233.8 2364337, 741221.3 2364314, 741207.7 2364291, 741192.8 2364270, 741176.9 2364249, 741159.9 2364229, 741141.9 2364210, 741122.9 2364192, 741103 2364175, 741082.2 2364159, 741060.6 2364144, 741038.3 2364131, 741015.3 2364118, 740991.7 2364107, 740967.5 2364097, 740942.8 2364088, 740917.7 2364081, 740892.3 2364075, 740866.5 2364070, 740840.6 2364067, 740814.5 2364064, 740788.3 2364064, 740762.2 2364064, 740736.1 2364067, 740710.1 2364070, 740684.4 2364075, 740658.9 2364081, 740633.8 2364088, 740609.1 2364097, 740585 2364107, 740561.3 2364118, 740538.3 2364131, 740516 2364144, 740494.4 2364159, 740473.7 2364175, 740453.8 2364192, 740434.8 2364210, 740416.8 2364229, 740399.8 2364249, 740383.8 2364270, 740369 2364291, 740355.3 2364314, 740342.8 2364337, 740331.6 2364360, 740321.5 2364385, 740312.8 2364409, 740305.4 2364434, 740299.3 2364460, 740294.5 2364486, 740291.1 2364512, 740289 2364538, 740288.3 2364564, 740289 2364590, 740291.1 2364616, 740294.5 2364642, 740299.3 2364668, 740305.4 2364693, 740312.8 2364718, 740321.5 2364743, 740331.6 2364767, 740342.8 2364791, 740355.3 2364814, 740369 2364836, 740383.8 2364858, 740399.8 2364878, 740416.8 2364898, 740434.8 2364917, 740453.8 2364935, 740473.7 2364952, 740494.4 2364968, 740516 2364983, 740538.3 2364997, 740561.3 2365009, 740585 2365021, 740609.1 2365031, 740633.8 2365039, 740658.9 2365047, 740684.4 2365053, 740710.1 2365058, 740736.1 2365061, 740762.2 2365063, 740788.3 2365064, 740814.5 2365063, 740840.6 2365061, 740866.5 2365058, 740892.3 2365053, 740917.7 2365047, 740942.8 2365039, 740967.5 2365031, 740991.7 2365021, 741015.3 2365009, 741038.3 2364997, 741060.6 2364983, 741082.2 2364968, 741103 2364952, 741122.9 2364935, 741141.9 2364917, 741159.9 2364898, 741176.9 2364878, 741192.8 2364858, 741207.7 2364836, 741221.3 2364814, 741233.8 2364791, 741245.1 2364767, 741255.1 2364743, 741263.9 2364718, 741271.3 2364693, 741277.4 2364668, 741282.2 2364642, 741285.6 2364616, 741287.6 2364590, 741288.3 2364564))"
32,20260541,Forest,5300,11.357870574345577,3.2247191011235956,0,Dai,NA,NA,1,0,0,4555,52.57619523774808,1079.389015698023,728.64373779296875,10.629239082336426,233.83097808112797,202719.74029541016,17798.347663879395,0.3655640389740722,1,47,26114.407539367676,0.12882024957861957,9900,0.048835895239276554,1,0,-0.5901692824793462,-0.807279516659387,8.575462099540212,2.4299109462807524,1.1708458460274813,"POLYGON ((733801.5 2360258, 733800.8 2360232, 733798.8 2360206, 733795.4 2360180, 733790.6 2360154, 733784.5 2360129, 733777.1 2360104, 733768.3 2360079, 733758.3 2360055, 733747 2360031, 733734.5 2360008, 733720.9 2359986, 733706 2359964, 733690.1 2359943, 733673.1 2359924, 733655.1 2359905, 733636.1 2359887, 733616.2 2359870, 733595.4 2359854, 733573.9 2359839, 733551.5 2359825, 733528.5 2359813, 733504.9 2359801, 733480.7 2359791, 733456 2359783, 733430.9 2359775, 733405.5 2359769, 733379.7 2359764, 733353.8 2359761, 733327.7 2359759, 733301.5 2359758, 733275.4 2359759, 733249.3 2359761, 733223.3 2359764, 733197.6 2359769, 733172.1 2359775, 733147 2359783, 733122.3 2359791, 733098.2 2359801, 733074.5 2359813, 733051.5 2359825, 733029.2 2359839, 733007.6 2359854, 732986.9 2359870, 732967 2359887, 732948 2359905, 732930 2359924, 732913 2359943, 732897 2359964, 732882.2 2359986, 732868.5 2360008, 732856 2360031, 732844.8 2360055, 732834.7 2360079, 732826 2360104, 732818.6 2360129, 732812.5 2360154, 732807.7 2360180, 732804.3 2360206, 732802.2 2360232, 732801.5 2360258, 732802.2 2360284, 732804.3 2360310, 732807.7 2360336, 732812.5 2360362, 732818.6 2360388, 732826 2360413, 732834.7 2360437, 732844.8 2360461, 732856 2360485, 732868.5 2360508, 732882.2 2360530, 732897 2360552, 732913 2360573, 732930 2360593, 732948 2360612, 732967 2360630, 732986.9 2360647, 733007.6 2360663, 733029.2 2360677, 733051.5 2360691, 733074.5 2360704, 733098.2 2360715, 733122.3 2360725, 733147 2360734, 733172.1 2360741, 733197.6 2360747, 733223.3 2360752, 733249.3 2360755, 733275.4 2360757, 733301.5 2360758, 733327.7 2360757, 733353.8 2360755, 733379.7 2360752, 733405.5 2360747, 733430.9 2360741, 733456 2360734, 733480.7 2360725, 733504.9 2360715, 733528.5 2360704, 733551.5 2360691, 733573.9 2360677, 733595.4 2360663, 733616.2 2360647, 733636.1 2360630, 733655.1 2360612, 733673.1 2360593, 733690.1 2360573, 733706 2360552, 733720.9 2360530, 733734.5 2360508, 733747 2360485, 733758.3 2360461, 733768.3 2360437, 733777.1 2360413, 733784.5 2360388, 733790.6 2360362, 733795.4 2360336, 733798.8 2360310, 733800.8 2360284, 733801.5 2360258))"
32,20260541,Forest,6132,233.80223404901614,1.5049730036942313,0,Dai,NA,NA,1,0,0,4597,390.63727502544015,1646.0571686934854,710.084716796875,7.259013652801514,122.56894892231432,2700,145245.14923095703,0.1148408563564708,1,31,2700,1,0,0,1,0,-0.5383141442740463,0.8427442566250459,8.721276239991704,5.454475604377329,0.40877496029525895,"POLYGON ((764471.9 2380229, 764471.2 2380203, 764469.1 2380177, 764465.7 2380151, 764460.9 2380125, 764454.8 2380100, 764447.4 2380075, 764438.7 2380050, 764428.6 2380026, 764417.4 2380002, 764404.9 2379979, 764391.2 2379957, 764376.4 2379935, 764360.4 2379914, 764343.4 2379894, 764325.4 2379875, 764306.4 2379857, 764286.5 2379840, 764265.8 2379825, 764244.2 2379810, 764221.9 2379796, 764198.9 2379784, 764175.2 2379772, 764151.1 2379762, 764126.4 2379754, 764101.3 2379746, 764075.8 2379740, 764050.1 2379735, 764024.1 2379732, 763998 2379730, 763971.9 2379729, 763945.7 2379730, 763919.6 2379732, 763893.6 2379735, 763867.9 2379740, 763842.5 2379746, 763817.4 2379754, 763792.7 2379762, 763768.5 2379772, 763744.9 2379784, 763721.9 2379796, 763699.5 2379810, 763678 2379825, 763657.2 2379840, 763637.3 2379857, 763618.3 2379875, 763600.3 2379894, 763583.3 2379914, 763567.4 2379935, 763552.5 2379957, 763538.9 2379979, 763526.4 2380002, 763515.1 2380026, 763505.1 2380050, 763496.3 2380075, 763488.9 2380100, 763482.8 2380125, 763478 2380151, 763474.6 2380177, 763472.6 2380203, 763471.9 2380229, 763472.6 2380255, 763474.6 2380281, 763478 2380307, 763482.8 2380333, 763488.9 2380358, 763496.3 2380384, 763505.1 2380408, 763515.1 2380432, 763526.4 2380456, 763538.9 2380479, 763552.5 2380501, 763567.4 2380523, 763583.3 2380544, 763600.3 2380564, 763618.3 2380583, 763637.3 2380601, 763657.2 2380618, 763678 2380634, 763699.5 2380648, 763721.9 2380662, 763744.9 2380675, 763768.5 2380686, 763792.7 2380696, 763817.4 2380705, 763842.5 2380712, 763867.9 2380718, 763893.6 2380723, 763919.6 2380726, 763945.7 2380728, 763971.9 2380729, 763998 2380728, 764024.1 2380726, 764050.1 2380723, 764075.8 2380718, 764101.3 2380712, 764126.4 2380705, 764151.1 2380696, 764175.2 2380686, 764198.9 2380675, 764221.9 2380662, 764244.2 2380648, 764265.8 2380634, 764286.5 2380618, 764306.4 2380601, 764325.4 2380583, 764343.4 2380564, 764360.4 2380544, 764376.4 2380523, 764391.2 2380501, 764404.9 2380479, 764417.4 2380456, 764428.6 2380432, 764438.7 2380408, 764447.4 2380384, 764454.8 2380358, 764460.9 2380333, 764465.7 2380307, 764469.1 2380281, 764471.2 2380255, 764471.9 2380229))"
32,20260541,Forest,3364.0069889341876,13.660357418805527,4.024451939291737,0,Dai,NA,NA,1,0,0,4606,114.96567724503632,327.1635826134607,1122.412353515625,13.019862174987793,26.70780999432617,179869.22149658203,0,0.050737879372067654,1,103,173353.65600585938,0.9637760955625948,1909.0266466140747,0.010613414739499226,1,0,0.8933101333037853,0.4494407699984208,8.120888098657323,2.614498019159453,1.3923887374482258,"POLYGON ((676582.8 2473925, 676582.1 2473899, 676580.1 2473873, 676576.6 2473847, 676571.9 2473821, 676565.8 2473796, 676558.3 2473771, 676549.6 2473746, 676539.6 2473722, 676528.3 2473698, 676515.8 2473675, 676502.1 2473653, 676487.3 2473631, 676471.4 2473610, 676454.4 2473591, 676436.3 2473572, 676417.4 2473554, 676397.5 2473537, 676376.7 2473521, 676355.1 2473506, 676332.8 2473492, 676309.8 2473480, 676286.2 2473468, 676262 2473458, 676237.3 2473450, 676212.2 2473442, 676186.8 2473436, 676161 2473431, 676135.1 2473428, 676109 2473426, 676082.8 2473425, 676056.6 2473426, 676030.5 2473428, 676004.6 2473431, 675978.8 2473436, 675953.4 2473442, 675928.3 2473450, 675903.6 2473458, 675879.4 2473468, 675855.8 2473480, 675832.8 2473492, 675810.5 2473506, 675788.9 2473521, 675768.1 2473537, 675748.2 2473554, 675729.2 2473572, 675711.2 2473591, 675694.2 2473610, 675678.3 2473631, 675663.5 2473653, 675649.8 2473675, 675637.3 2473698, 675626 2473722, 675616 2473746, 675607.3 2473771, 675599.8 2473796, 675593.7 2473821, 675589 2473847, 675585.5 2473873, 675583.5 2473899, 675582.8 2473925, 675583.5 2473951, 675585.5 2473977, 675589 2474003, 675593.7 2474029, 675599.8 2474055, 675607.3 2474080, 675616 2474104, 675626 2474129, 675637.3 2474152, 675649.8 2474175, 675663.5 2474197, 675678.3 2474219, 675694.2 2474240, 675711.2 2474260, 675729.2 2474279, 675748.2 2474297, 675768.1 2474314, 675788.9 2474330, 675810.5 2474344, 675832.8 2474358, 675855.8 2474371, 675879.4 2474382, 675903.6 2474392, 675928.3 2474401, 675953.4 2474408, 675978.8 2474414, 676004.6 2474419, 676030.5 2474422, 676056.6 2474424, 676082.8 2474425, 676109 2474424, 676135.1 2474422, 676161 2474419, 676186.8 2474414, 676212.2 2474408, 676237.3 2474401, 676262 2474392, 676286.2 2474382, 676309.8 2474371, 676332.8 2474358, 676355.1 2474344, 676376.7 2474330, 676397.5 2474314, 676417.4 2474297, 676436.3 2474279, 676454.4 2474260, 676471.4 2474240, 676487.3 2474219, 676502.1 2474197, 676515.8 2474175, 676528.3 2474152, 676539.6 2474129, 676549.6 2474104, 676558.3 2474080, 676565.8 2474055, 676571.9 2474029, 676576.6 2474003, 676580.1 2473977, 676582.1 2473951, 676582.8 2473925))"
32,20260541,Forest,5300,11.357870574345577,3.2247191011235956,0,Dai,NA,NA,1,0,0,4654,353.3408307774296,393.0072590216404,749.8131103515625,9.665007591247559,49.135536527799545,373169.9157714844,0,0.4138774658431736,1,65,92324.77569580078,0.24740680262215217,17100,0.045823629604888665,1,0,0.6542718852581925,0.7562594132707974,8.575462099540212,2.4299109462807524,1.1708458460274813,"POLYGON ((732868.5 2360033, 732867.8 2360007, 732865.7 2359981, 732862.3 2359955, 732857.5 2359929, 732851.4 2359903, 732844 2359878, 732835.3 2359854, 732825.2 2359830, 732814 2359806, 732801.5 2359783, 732787.8 2359761, 732773 2359739, 732757 2359718, 732740 2359698, 732722 2359679, 732703 2359661, 732683.1 2359644, 732662.4 2359628, 732640.8 2359614, 732618.5 2359600, 732595.5 2359587, 732571.8 2359576, 732547.7 2359566, 732523 2359557, 732497.9 2359550, 732472.4 2359544, 732446.7 2359539, 732420.7 2359536, 732394.6 2359534, 732368.5 2359533, 732342.3 2359534, 732316.2 2359536, 732290.3 2359539, 732264.5 2359544, 732239.1 2359550, 732214 2359557, 732189.3 2359566, 732165.1 2359576, 732141.5 2359587, 732118.5 2359600, 732096.2 2359614, 732074.6 2359628, 732053.8 2359644, 732033.9 2359661, 732014.9 2359679, 731996.9 2359698, 731979.9 2359718, 731964 2359739, 731949.1 2359761, 731935.5 2359783, 731923 2359806, 731911.7 2359830, 731901.7 2359854, 731892.9 2359878, 731885.5 2359903, 731879.4 2359929, 731874.6 2359955, 731871.2 2359981, 731869.2 2360007, 731868.5 2360033, 731869.2 2360059, 731871.2 2360085, 731874.6 2360111, 731879.4 2360137, 731885.5 2360162, 731892.9 2360187, 731901.7 2360212, 731911.7 2360236, 731923 2360260, 731935.5 2360283, 731949.1 2360305, 731964 2360327, 731979.9 2360348, 731996.9 2360367, 732014.9 2360386, 732033.9 2360404, 732053.8 2360421, 732074.6 2360437, 732096.2 2360452, 732118.5 2360466, 732141.5 2360478, 732165.1 2360490, 732189.3 2360500, 732214 2360508, 732239.1 2360516, 732264.5 2360522, 732290.3 2360527, 732316.2 2360530, 732342.3 2360532, 732368.5 2360533, 732394.6 2360532, 732420.7 2360530, 732446.7 2360527, 732472.4 2360522, 732497.9 2360516, 732523 2360508, 732547.7 2360500, 732571.8 2360490, 732595.5 2360478, 732618.5 2360466, 732640.8 2360452, 732662.4 2360437, 732683.1 2360421, 732703 2360404, 732722 2360386, 732740 2360367, 732757 2360348, 732773 2360327, 732787.8 2360305, 732801.5 2360283, 732814 2360260, 732825.2 2360236, 732835.3 2360212, 732844 2360187, 732851.4 2360162, 732857.5 2360137, 732862.3 2360111, 732865.7 2360085, 732867.8 2360059, 732868.5 2360033))"
32,20260541,Forest,6074.664429530201,13.119310196178745,1.7788079470198674,0,Dai,NA,NA,1,0,0,4655,4.721791121413663,1458.7214446024284,847.0189208984375,0.38867294788360596,246.5268047213852,4962.579345703125,3617.1940326690674,0.5709262037981754,1,89,0,0,4962.579345703125,1,1,0,-0.3983199965001881,-0.9172465210553213,8.711882028745663,2.5740852056229833,0.5759434472742128,"POLYGON ((714866.7 2484853, 714866 2484827, 714864 2484801, 714860.6 2484775, 714855.8 2484749, 714849.7 2484724, 714842.2 2484698, 714833.5 2484674, 714823.5 2484650, 714812.2 2484626, 714799.7 2484603, 714786.1 2484581, 714771.2 2484559, 714755.3 2484538, 714738.3 2484518, 714720.3 2484499, 714701.3 2484481, 714681.4 2484464, 714660.6 2484448, 714639 2484434, 714616.7 2484420, 714593.7 2484407, 714570.1 2484396, 714545.9 2484386, 714521.2 2484377, 714496.1 2484370, 714470.7 2484364, 714444.9 2484359, 714419 2484356, 714392.9 2484354, 714366.7 2484353, 714340.5 2484354, 714314.5 2484356, 714288.5 2484359, 714262.8 2484364, 714237.3 2484370, 714212.2 2484377, 714187.5 2484386, 714163.3 2484396, 714139.7 2484407, 714116.7 2484420, 714094.4 2484434, 714072.8 2484448, 714052.1 2484464, 714032.2 2484481, 714013.2 2484499, 713995.1 2484518, 713978.1 2484538, 713962.2 2484559, 713947.4 2484581, 713933.7 2484603, 713921.2 2484626, 713909.9 2484650, 713899.9 2484674, 713891.2 2484698, 713883.8 2484724, 713877.6 2484749, 713872.9 2484775, 713869.5 2484801, 713867.4 2484827, 713866.7 2484853, 713867.4 2484879, 713869.5 2484905, 713872.9 2484931, 713877.6 2484957, 713883.8 2484982, 713891.2 2485007, 713899.9 2485032, 713909.9 2485056, 713921.2 2485080, 713933.7 2485103, 713947.4 2485125, 713962.2 2485147, 713978.1 2485168, 713995.1 2485187, 714013.2 2485206, 714032.2 2485224, 714052.1 2485241, 714072.8 2485257, 714094.4 2485272, 714116.7 2485286, 714139.7 2485298, 714163.3 2485310, 714187.5 2485320, 714212.2 2485328, 714237.3 2485336, 714262.8 2485342, 714288.5 2485347, 714314.5 2485350, 714340.5 2485352, 714366.7 2485353, 714392.9 2485352, 714419 2485350, 714444.9 2485347, 714470.7 2485342, 714496.1 2485336, 714521.2 2485328, 714545.9 2485320, 714570.1 2485310, 714593.7 2485298, 714616.7 2485286, 714639 2485272, 714660.6 2485257, 714681.4 2485241, 714701.3 2485224, 714720.3 2485206, 714738.3 2485187, 714755.3 2485168, 714771.2 2485147, 714786.1 2485125, 714799.7 2485103, 714812.2 2485080, 714823.5 2485056, 714833.5 2485032, 714842.2 2485007, 714849.7 2484982, 714855.8 2484957, 714860.6 2484931, 714864 2484905, 714866 2484879, 714866.7 2484853))"
32,20260541,Forest,7708.695652173914,237.2321719678974,3.3891168599464763,0,Dai,NA,NA,1,0,0,4706,155.69346325014973,353.064186397473,1194.4791259765625,2.434966564178467,79.4576293993115,123247.99346923828,0,0.2533416160248738,1,101,0,0,42261.3899230957,0.3428971842340282,1,0,0.18296259897988174,0.9831198743665632,8.95010427613315,5.46903929016875,1.2205693741627521,"POLYGON ((628454.1 2427068, 628453.4 2427042, 628451.4 2427015, 628448 2426990, 628443.2 2426964, 628437.1 2426938, 628429.7 2426913, 628420.9 2426889, 628410.9 2426864, 628399.6 2426841, 628387.1 2426818, 628373.5 2426795, 628358.6 2426774, 628342.7 2426753, 628325.7 2426733, 628307.7 2426714, 628288.7 2426696, 628268.8 2426679, 628248 2426663, 628226.4 2426648, 628204.1 2426635, 628181.1 2426622, 628157.5 2426611, 628133.3 2426601, 628108.6 2426592, 628083.5 2426585, 628058.1 2426579, 628032.3 2426574, 628006.4 2426571, 627980.3 2426568, 627954.1 2426568, 627928 2426568, 627901.9 2426571, 627875.9 2426574, 627850.2 2426579, 627824.7 2426585, 627799.6 2426592, 627774.9 2426601, 627750.8 2426611, 627727.1 2426622, 627704.1 2426635, 627681.8 2426648, 627660.2 2426663, 627639.5 2426679, 627619.6 2426696, 627600.6 2426714, 627582.6 2426733, 627565.6 2426753, 627549.6 2426774, 627534.8 2426795, 627521.1 2426818, 627508.6 2426841, 627497.4 2426864, 627487.3 2426889, 627478.6 2426913, 627471.2 2426938, 627465 2426964, 627460.3 2426990, 627456.9 2427015, 627454.8 2427042, 627454.1 2427068, 627454.8 2427094, 627456.9 2427120, 627460.3 2427146, 627465 2427172, 627471.2 2427197, 627478.6 2427222, 627487.3 2427247, 627497.4 2427271, 627508.6 2427295, 627521.1 2427318, 627534.8 2427340, 627549.6 2427362, 627565.6 2427382, 627582.6 2427402, 627600.6 2427421, 627619.6 2427439, 627639.5 2427456, 627660.2 2427472, 627681.8 2427487, 627704.1 2427501, 627727.1 2427513, 627750.8 2427525, 627774.9 2427535, 627799.6 2427543, 627824.7 2427551, 627850.2 2427557, 627875.9 2427562, 627901.9 2427565, 627928 2427567, 627954.1 2427568, 627980.3 2427567, 628006.4 2427565, 628032.3 2427562, 628058.1 2427557, 628083.5 2427551, 628108.6 2427543, 628133.3 2427535, 628157.5 2427525, 628181.1 2427513, 628204.1 2427501, 628226.4 2427487, 628248 2427472, 628268.8 2427456, 628288.7 2427439, 628307.7 2427421, 628325.7 2427402, 628342.7 2427382, 628358.6 2427362, 628373.5 2427340, 628387.1 2427318, 628399.6 2427295, 628410.9 2427271, 628420.9 2427247, 628429.7 2427222, 628437.1 2427197, 628443.2 2427172, 628448 2427146, 628451.4 2427120, 628453.4 2427094, 628454.1 2427068))"
32,20260541,Forest,3364.0069889341876,13.660357418805527,4.024451939291737,0,Dai,NA,NA,1,0,0,4710,133.24420570676585,952.245919568431,995.34442138671875,10.013352394104004,114.18886331907538,465718.798828125,7713.0889892578125,0.06909127055602036,1,123,14376.623153686523,0.030869750565925214,39178.60565185547,0.08412502512339953,1,0,-0.40974573571608586,0.9121997763990537,8.120888098657323,2.614498019159453,1.3923887374482258,"POLYGON ((678949 2476551, 678948.3 2476525, 678946.2 2476499, 678942.8 2476473, 678938 2476447, 678931.9 2476422, 678924.5 2476397, 678915.8 2476372, 678905.7 2476348, 678894.5 2476324, 678882 2476301, 678868.3 2476279, 678853.5 2476258, 678837.5 2476237, 678820.5 2476217, 678802.5 2476198, 678783.5 2476180, 678763.6 2476163, 678742.9 2476147, 678721.3 2476132, 678699 2476118, 678676 2476106, 678652.3 2476095, 678628.2 2476085, 678603.5 2476076, 678578.4 2476068, 678552.9 2476062, 678527.2 2476058, 678501.2 2476054, 678475.1 2476052, 678449 2476051, 678422.8 2476052, 678396.7 2476054, 678370.8 2476058, 678345 2476062, 678319.6 2476068, 678294.5 2476076, 678269.8 2476085, 678245.6 2476095, 678222 2476106, 678199 2476118, 678176.6 2476132, 678155.1 2476147, 678134.3 2476163, 678114.4 2476180, 678095.4 2476198, 678077.4 2476217, 678060.4 2476237, 678044.5 2476258, 678029.6 2476279, 678016 2476301, 678003.5 2476324, 677992.2 2476348, 677982.2 2476372, 677973.4 2476397, 677966 2476422, 677959.9 2476447, 677955.1 2476473, 677951.7 2476499, 677949.7 2476525, 677949 2476551, 677949.7 2476578, 677951.7 2476604, 677955.1 2476630, 677959.9 2476655, 677966 2476681, 677973.4 2476706, 677982.2 2476731, 677992.2 2476755, 678003.5 2476778, 678016 2476801, 678029.6 2476824, 678044.5 2476845, 678060.4 2476866, 678077.4 2476886, 678095.4 2476905, 678114.4 2476923, 678134.3 2476940, 678155.1 2476956, 678176.6 2476971, 678199 2476984, 678222 2476997, 678245.6 2477008, 678269.8 2477018, 678294.5 2477027, 678319.6 2477034, 678345 2477040, 678370.8 2477045, 678396.7 2477049, 678422.8 2477051, 678449 2477051, 678475.1 2477051, 678501.2 2477049, 678527.2 2477045, 678552.9 2477040, 678578.4 2477034, 678603.5 2477027, 678628.2 2477018, 678652.3 2477008, 678676 2476997, 678699 2476984, 678721.3 2476971, 678742.9 2476956, 678763.6 2476940, 678783.5 2476923, 678802.5 2476905, 678820.5 2476886, 678837.5 2476866, 678853.5 2476845, 678868.3 2476824, 678882 2476801, 678894.5 2476778, 678905.7 2476755, 678915.8 2476731, 678924.5 2476706, 678931.9 2476681, 678938 2476655, 678942.8 2476630, 678946.2 2476604, 678948.3 2476578, 678949 2476551))"
32,20260541,Forest,7600.000000000001,154.64364176649318,2.9217037269025994,0,Dai,NA,NA,1,0,0,4777,322.4025485134333,447.48581504062076,1229.9263916015625,2.7632460594177246,97.06866940628211,224983.6441040039,1800,0.13675944947539384,1,93,0,0,73478.17611694336,0.32659341264370473,1,0,-0.12305882933643987,0.9923993775302083,8.935903526274423,5.041123384587169,1.072166914246179,"POLYGON ((622927 2433964, 622926.4 2433938, 622924.3 2433912, 622920.9 2433886, 622916.1 2433860, 622910 2433834, 622902.6 2433809, 622893.8 2433785, 622883.8 2433760, 622872.5 2433737, 622860 2433714, 622846.4 2433692, 622831.5 2433670, 622815.6 2433649, 622798.6 2433629, 622780.6 2433610, 622761.6 2433592, 622741.7 2433575, 622720.9 2433559, 622699.4 2433544, 622677 2433531, 622654 2433518, 622630.4 2433507, 622606.2 2433497, 622581.5 2433488, 622556.4 2433481, 622531 2433475, 622505.3 2433470, 622479.3 2433467, 622453.2 2433465, 622427 2433464, 622400.9 2433465, 622374.8 2433467, 622348.8 2433470, 622323.1 2433475, 622297.6 2433481, 622272.5 2433488, 622247.9 2433497, 622223.7 2433507, 622200 2433518, 622177 2433531, 622154.7 2433544, 622133.1 2433559, 622112.4 2433575, 622092.5 2433592, 622073.5 2433610, 622055.5 2433629, 622038.5 2433649, 622022.5 2433670, 622007.7 2433692, 621994 2433714, 621981.5 2433737, 621970.3 2433760, 621960.2 2433785, 621951.5 2433809, 621944.1 2433834, 621938 2433860, 621933.2 2433886, 621929.8 2433912, 621927.7 2433938, 621927 2433964, 621927.7 2433990, 621929.8 2434016, 621933.2 2434042, 621938 2434068, 621944.1 2434093, 621951.5 2434118, 621960.2 2434143, 621970.3 2434167, 621981.5 2434191, 621994 2434214, 622007.7 2434236, 622022.5 2434258, 622038.5 2434278, 622055.5 2434298, 622073.5 2434317, 622092.5 2434335, 622112.4 2434352, 622133.1 2434368, 622154.7 2434383, 622177 2434397, 622200 2434409, 622223.7 2434421, 622247.9 2434431, 622272.5 2434439, 622297.6 2434447, 622323.1 2434453, 622348.8 2434458, 622374.8 2434461, 622400.9 2434463, 622427 2434464, 622453.2 2434463, 622479.3 2434461, 622505.3 2434458, 622531 2434453, 622556.4 2434447, 622581.5 2434439, 622606.2 2434431, 622630.4 2434421, 622654 2434409, 622677 2434397, 622699.4 2434383, 622720.9 2434368, 622741.7 2434352, 622761.6 2434335, 622780.6 2434317, 622798.6 2434298, 622815.6 2434278, 622831.5 2434258, 622846.4 2434236, 622860 2434214, 622872.5 2434191, 622883.8 2434167, 622893.8 2434143, 622902.6 2434118, 622910 2434093, 622916.1 2434068, 622920.9 2434042, 622924.3 2434016, 622926.4 2433990, 622927 2433964))"
32,20260541,Forest,4871,11.311868803688643,0.5554728220402085,0,Dai,NA,NA,1,0,0,4810,174.66169703290242,269.80312907531874,720.78485107421875,7.30319881439209,35.16123615392298,33.92106257379055,169339.03198242188,0.733465417491445,1,32,33.92106257379055,1,0,0,1,0,0.8175347004613277,0.5758793393946402,8.491054533806542,2.425852511110355,-0.5879355963194767,"POLYGON ((763202.1 2377285, 763201.4 2377259, 763199.4 2377233, 763195.9 2377207, 763191.2 2377181, 763185.1 2377156, 763177.6 2377131, 763168.9 2377106, 763158.9 2377082, 763147.6 2377058, 763135.1 2377035, 763121.4 2377013, 763106.6 2376991, 763090.7 2376970, 763073.7 2376951, 763055.7 2376932, 763036.7 2376914, 763016.8 2376897, 762996 2376881, 762974.4 2376866, 762952.1 2376852, 762929.1 2376840, 762905.5 2376828, 762881.3 2376818, 762856.6 2376810, 762831.5 2376802, 762806.1 2376796, 762780.3 2376791, 762754.4 2376788, 762728.3 2376786, 762702.1 2376785, 762675.9 2376786, 762649.8 2376788, 762623.9 2376791, 762598.1 2376796, 762572.7 2376802, 762547.6 2376810, 762522.9 2376818, 762498.7 2376828, 762475.1 2376840, 762452.1 2376852, 762429.8 2376866, 762408.2 2376881, 762387.4 2376897, 762367.5 2376914, 762348.6 2376932, 762330.5 2376951, 762313.5 2376970, 762297.6 2376991, 762282.8 2377013, 762269.1 2377035, 762256.6 2377058, 762245.3 2377082, 762235.3 2377106, 762226.6 2377131, 762219.1 2377156, 762213 2377181, 762208.3 2377207, 762204.8 2377233, 762202.8 2377259, 762202.1 2377285, 762202.8 2377311, 762204.8 2377337, 762208.3 2377363, 762213 2377389, 762219.1 2377414, 762226.6 2377440, 762235.3 2377464, 762245.3 2377488, 762256.6 2377512, 762269.1 2377535, 762282.8 2377557, 762297.6 2377579, 762313.5 2377600, 762330.5 2377620, 762348.6 2377639, 762367.5 2377657, 762387.4 2377674, 762408.2 2377690, 762429.8 2377704, 762452.1 2377718, 762475.1 2377731, 762498.7 2377742, 762522.9 2377752, 762547.6 2377761, 762572.7 2377768, 762598.1 2377774, 762623.9 2377779, 762649.8 2377782, 762675.9 2377784, 762702.1 2377785, 762728.3 2377784, 762754.4 2377782, 762780.3 2377779, 762806.1 2377774, 762831.5 2377768, 762856.6 2377761, 762881.3 2377752, 762905.5 2377742, 762929.1 2377731, 762952.1 2377718, 762974.4 2377704, 762996 2377690, 763016.8 2377674, 763036.7 2377657, 763055.7 2377639, 763073.7 2377620, 763090.7 2377600, 763106.6 2377579, 763121.4 2377557, 763135.1 2377535, 763147.6 2377512, 763158.9 2377488, 763168.9 2377464, 763177.6 2377440, 763185.1 2377414, 763191.2 2377389, 763195.9 2377363, 763199.4 2377337, 763201.4 2377311, 763202.1 2377285))"
32,20260541,Forest,4468,96.47661604022574,2.467409608717187,0,Dai,NA,NA,1,0,0,4905,36.84084364280018,1107.6149229350458,626.35394287109375,7.056138515472412,213.96929718852354,6305.96137046814,29189.956283569336,0.7105364764181337,1,71,6305.96137046814,1,0,0,1,0,-0.8293371055000617,-0.5587485708624046,8.404696160189092,4.5693006581538285,0.9031688589157757,"POLYGON ((741278.9 2365406, 741278.2 2365380, 741276.2 2365354, 741272.7 2365328, 741268 2365302, 741261.9 2365277, 741254.4 2365252, 741245.7 2365227, 741235.7 2365203, 741224.4 2365179, 741211.9 2365156, 741198.2 2365134, 741183.4 2365112, 741167.5 2365092, 741150.5 2365072, 741132.5 2365053, 741113.5 2365035, 741093.6 2365018, 741072.8 2365002, 741051.2 2364987, 741028.9 2364973, 741005.9 2364961, 740982.3 2364950, 740958.1 2364940, 740933.4 2364931, 740908.3 2364923, 740882.9 2364917, 740857.1 2364913, 740831.2 2364909, 740805.1 2364907, 740778.9 2364906, 740752.7 2364907, 740726.6 2364909, 740700.7 2364913, 740674.9 2364917, 740649.5 2364923, 740624.4 2364931, 740599.7 2364940, 740575.5 2364950, 740551.9 2364961, 740528.9 2364973, 740506.6 2364987, 740485 2365002, 740464.2 2365018, 740444.3 2365035, 740425.3 2365053, 740407.3 2365072, 740390.3 2365092, 740374.4 2365112, 740359.6 2365134, 740345.9 2365156, 740333.4 2365179, 740322.1 2365203, 740312.1 2365227, 740303.4 2365252, 740295.9 2365277, 740289.8 2365302, 740285.1 2365328, 740281.6 2365354, 740279.6 2365380, 740278.9 2365406, 740279.6 2365433, 740281.6 2365459, 740285.1 2365485, 740289.8 2365510, 740295.9 2365536, 740303.4 2365561, 740312.1 2365586, 740322.1 2365610, 740333.4 2365633, 740345.9 2365656, 740359.6 2365679, 740374.4 2365700, 740390.3 2365721, 740407.3 2365741, 740425.3 2365760, 740444.3 2365778, 740464.2 2365795, 740485 2365811, 740506.6 2365826, 740528.9 2365839, 740551.9 2365852, 740575.5 2365863, 740599.7 2365873, 740624.4 2365882, 740649.5 2365889, 740674.9 2365895, 740700.7 2365900, 740726.6 2365904, 740752.7 2365906, 740778.9 2365906, 740805.1 2365906, 740831.2 2365904, 740857.1 2365900, 740882.9 2365895, 740908.3 2365889, 740933.4 2365882, 740958.1 2365873, 740982.3 2365863, 741005.9 2365852, 741028.9 2365839, 741051.2 2365826, 741072.8 2365811, 741093.6 2365795, 741113.5 2365778, 741132.5 2365760, 741150.5 2365741, 741167.5 2365721, 741183.4 2365700, 741198.2 2365679, 741211.9 2365656, 741224.4 2365633, 741235.7 2365610, 741245.7 2365586, 741254.4 2365561, 741261.9 2365536, 741268 2365510, 741272.7 2365485, 741276.2 2365459, 741278.2 2365433, 741278.9 2365406))"
32,20260541,Forest,4468,96.47661604022574,2.467409608717187,0,Dai,NA,NA,1,0,0,4912,324.09269125623945,547.531420103007,644.73944091796875,7.929394245147705,87.602253394366,58374.61853027344,137827.5375366211,0.6330688978064571,1,58,58374.61853027344,1,0,0,1,0,0.04183635904413837,0.9991244762600554,8.404696160189092,4.5693006581538285,0.9031688589157757,"POLYGON ((741508.7 2364724, 741508 2364697, 741506 2364671, 741502.6 2364645, 741497.8 2364620, 741491.7 2364594, 741484.2 2364569, 741475.5 2364544, 741465.5 2364520, 741454.2 2364497, 741441.7 2364474, 741428 2364451, 741413.2 2364430, 741397.3 2364409, 741380.3 2364389, 741362.3 2364370, 741343.3 2364352, 741323.4 2364335, 741302.6 2364319, 741281 2364304, 741258.7 2364291, 741235.7 2364278, 741212.1 2364267, 741187.9 2364257, 741163.2 2364248, 741138.1 2364241, 741112.7 2364235, 741086.9 2364230, 741061 2364226, 741034.9 2364224, 741008.7 2364224, 740982.5 2364224, 740956.4 2364226, 740930.5 2364230, 740904.8 2364235, 740879.3 2364241, 740854.2 2364248, 740829.5 2364257, 740805.3 2364267, 740781.7 2364278, 740758.7 2364291, 740736.4 2364304, 740714.8 2364319, 740694.1 2364335, 740674.1 2364352, 740655.2 2364370, 740637.1 2364389, 740620.1 2364409, 740604.2 2364430, 740589.4 2364451, 740575.7 2364474, 740563.2 2364497, 740551.9 2364520, 740541.9 2364544, 740533.2 2364569, 740525.8 2364594, 740519.6 2364620, 740514.9 2364645, 740511.5 2364671, 740509.4 2364697, 740508.7 2364724, 740509.4 2364750, 740511.5 2364776, 740514.9 2364802, 740519.6 2364828, 740525.8 2364853, 740533.2 2364878, 740541.9 2364903, 740551.9 2364927, 740563.2 2364951, 740575.7 2364974, 740589.4 2364996, 740604.2 2365018, 740620.1 2365038, 740637.1 2365058, 740655.2 2365077, 740674.1 2365095, 740694.1 2365112, 740714.8 2365128, 740736.4 2365143, 740758.7 2365157, 740781.7 2365169, 740805.3 2365180, 740829.5 2365190, 740854.2 2365199, 740879.3 2365207, 740904.8 2365213, 740930.5 2365217, 740956.4 2365221, 740982.5 2365223, 741008.7 2365224, 741034.9 2365223, 741061 2365221, 741086.9 2365217, 741112.7 2365213, 741138.1 2365207, 741163.2 2365199, 741187.9 2365190, 741212.1 2365180, 741235.7 2365169, 741258.7 2365157, 741281 2365143, 741302.6 2365128, 741323.4 2365112, 741343.3 2365095, 741362.3 2365077, 741380.3 2365058, 741397.3 2365038, 741413.2 2365018, 741428 2364996, 741441.7 2364974, 741454.2 2364951, 741465.5 2364927, 741475.5 2364903, 741484.2 2364878, 741491.7 2364853, 741497.8 2364828, 741502.6 2364802, 741506 2364776, 741508 2364750, 741508.7 2364724))"
32,20260541,Forest,8258.682862023154,130.8393029610749,1.0638297872340425,0,Dai,NA,NA,1,0,0,4937,311.7526829070801,644.3033603659845,667.71795654296875,6.175816059112549,81.89992258263062,10800,74269.34967041016,0.6434881604875894,1,10,900,0.08333333333333333,900,0.08333333333333333,1,0,0.140902569645534,0.990023467331601,9.019020393996465,4.873969875241402,0.06187540371808745,"POLYGON ((676572 2394495, 676571.3 2394469, 676569.3 2394443, 676565.9 2394417, 676561.1 2394391, 676555 2394366, 676547.5 2394341, 676538.8 2394316, 676528.8 2394292, 676517.5 2394268, 676505 2394245, 676491.3 2394223, 676476.5 2394202, 676460.6 2394181, 676443.6 2394161, 676425.6 2394142, 676406.6 2394124, 676386.7 2394107, 676365.9 2394091, 676344.3 2394076, 676322 2394062, 676299 2394050, 676275.4 2394039, 676251.2 2394029, 676226.5 2394020, 676201.4 2394012, 676176 2394006, 676150.2 2394002, 676124.3 2393998, 676098.2 2393996, 676072 2393995, 676045.8 2393996, 676019.7 2393998, 675993.8 2394002, 675968.1 2394006, 675942.6 2394012, 675917.5 2394020, 675892.8 2394029, 675868.6 2394039, 675845 2394050, 675822 2394062, 675799.7 2394076, 675778.1 2394091, 675757.4 2394107, 675737.4 2394124, 675718.5 2394142, 675700.4 2394161, 675683.4 2394181, 675667.5 2394202, 675652.7 2394223, 675639 2394245, 675626.5 2394268, 675615.2 2394292, 675605.2 2394316, 675596.5 2394341, 675589 2394366, 675582.9 2394391, 675578.2 2394417, 675574.8 2394443, 675572.7 2394469, 675572 2394495, 675572.7 2394522, 675574.8 2394548, 675578.2 2394574, 675582.9 2394599, 675589 2394625, 675596.5 2394650, 675605.2 2394675, 675615.2 2394699, 675626.5 2394722, 675639 2394745, 675652.7 2394768, 675667.5 2394789, 675683.4 2394810, 675700.4 2394830, 675718.5 2394849, 675737.4 2394867, 675757.4 2394884, 675778.1 2394900, 675799.7 2394915, 675822 2394928, 675845 2394941, 675868.6 2394952, 675892.8 2394962, 675917.5 2394971, 675942.6 2394978, 675968.1 2394984, 675993.8 2394989, 676019.7 2394993, 676045.8 2394995, 676072 2394995, 676098.2 2394995, 676124.3 2394993, 676150.2 2394989, 676176 2394984, 676201.4 2394978, 676226.5 2394971, 676251.2 2394962, 676275.4 2394952, 676299 2394941, 676322 2394928, 676344.3 2394915, 676365.9 2394900, 676386.7 2394884, 676406.6 2394867, 676425.6 2394849, 676443.6 2394830, 676460.6 2394810, 676476.5 2394789, 676491.3 2394768, 676505 2394745, 676517.5 2394722, 676528.8 2394699, 676538.8 2394675, 676547.5 2394650, 676555 2394625, 676561.1 2394599, 676565.9 2394574, 676569.3 2394548, 676571.3 2394522, 676572 2394495))"
32,20260541,Forest,7781.739130434783,93.74461428755224,2.279844357976654,0,Dai,NA,NA,1,0,0,4959,66.12607045588797,495.93362263027717,1206.8570556640625,3.8071446418762207,235.53379266619967,179877.33764648438,0,0.2923329997721516,1,104,0,0,34576.16500854492,0.19222079590981037,1,0,-0.5659200743443882,-0.8244601078609214,8.9595351308077,4.540574215600901,0.8241071765909261,"POLYGON ((632335.3 2436815, 632334.6 2436789, 632332.5 2436763, 632329.1 2436737, 632324.4 2436711, 632318.2 2436686, 632310.8 2436661, 632302.1 2436636, 632292.1 2436612, 632280.8 2436588, 632268.3 2436565, 632254.6 2436543, 632239.8 2436521, 632223.9 2436501, 632206.8 2436481, 632188.8 2436462, 632169.8 2436444, 632149.9 2436427, 632129.2 2436411, 632107.6 2436396, 632085.3 2436382, 632062.3 2436370, 632038.6 2436358, 632014.5 2436348, 631989.8 2436340, 631964.7 2436332, 631939.2 2436326, 631913.5 2436321, 631887.5 2436318, 631861.4 2436316, 631835.3 2436315, 631809.1 2436316, 631783 2436318, 631757.1 2436321, 631731.3 2436326, 631705.9 2436332, 631680.8 2436340, 631656.1 2436348, 631631.9 2436358, 631608.3 2436370, 631585.3 2436382, 631563 2436396, 631541.4 2436411, 631520.6 2436427, 631500.7 2436444, 631481.7 2436462, 631463.7 2436481, 631446.7 2436501, 631430.8 2436521, 631415.9 2436543, 631402.3 2436565, 631389.8 2436588, 631378.5 2436612, 631368.5 2436636, 631359.7 2436661, 631352.3 2436686, 631346.2 2436711, 631341.4 2436737, 631338 2436763, 631336 2436789, 631335.3 2436815, 631336 2436841, 631338 2436868, 631341.4 2436893, 631346.2 2436919, 631352.3 2436945, 631359.7 2436970, 631368.5 2436994, 631378.5 2437019, 631389.8 2437042, 631402.3 2437065, 631415.9 2437088, 631430.8 2437109, 631446.7 2437130, 631463.7 2437150, 631481.7 2437169, 631500.7 2437187, 631520.6 2437204, 631541.4 2437220, 631563 2437235, 631585.3 2437248, 631608.3 2437261, 631631.9 2437272, 631656.1 2437282, 631680.8 2437291, 631705.9 2437298, 631731.3 2437304, 631757.1 2437309, 631783 2437313, 631809.1 2437315, 631835.3 2437315, 631861.4 2437315, 631887.5 2437313, 631913.5 2437309, 631939.2 2437304, 631964.7 2437298, 631989.8 2437291, 632014.5 2437282, 632038.6 2437272, 632062.3 2437261, 632085.3 2437248, 632107.6 2437235, 632129.2 2437220, 632149.9 2437204, 632169.8 2437187, 632188.8 2437169, 632206.8 2437150, 632223.9 2437130, 632239.8 2437109, 632254.6 2437088, 632268.3 2437065, 632280.8 2437042, 632292.1 2437019, 632302.1 2436994, 632310.8 2436970, 632318.2 2436945, 632324.4 2436919, 632329.1 2436893, 632332.5 2436868, 632334.6 2436841, 632335.3 2436815))"
32,20260541,Forest,7600.000000000001,154.64364176649318,2.9217037269025994,0,Dai,NA,NA,1,0,0,4983,211.97537838571134,300.08230547674145,1215.2694091796875,1.9997590780258179,59.79328705067819,202603.0517578125,0,0.239228058426594,1,63,0,0,75042.78030395508,0.37039313896248544,1,0,0.5031212042650315,0.8642158606615042,8.935903526274423,5.041123384587169,1.072166914246179,"POLYGON ((624008.9 2433239, 624008.2 2433213, 624006.2 2433187, 624002.8 2433161, 623998 2433135, 623991.9 2433110, 623984.5 2433085, 623975.7 2433060, 623965.7 2433036, 623954.4 2433012, 623941.9 2432989, 623928.3 2432967, 623913.4 2432945, 623897.5 2432924, 623880.5 2432905, 623862.5 2432886, 623843.5 2432868, 623823.6 2432851, 623802.8 2432835, 623781.2 2432820, 623758.9 2432806, 623735.9 2432794, 623712.3 2432782, 623688.1 2432772, 623663.4 2432764, 623638.3 2432756, 623612.9 2432750, 623587.1 2432745, 623561.2 2432742, 623535.1 2432740, 623508.9 2432739, 623482.8 2432740, 623456.7 2432742, 623430.7 2432745, 623405 2432750, 623379.5 2432756, 623354.4 2432764, 623329.7 2432772, 623305.6 2432782, 623281.9 2432794, 623258.9 2432806, 623236.6 2432820, 623215 2432835, 623194.3 2432851, 623174.4 2432868, 623155.4 2432886, 623137.3 2432905, 623120.3 2432924, 623104.4 2432945, 623089.6 2432967, 623075.9 2432989, 623063.4 2433012, 623052.1 2433036, 623042.1 2433060, 623033.4 2433085, 623026 2433110, 623019.8 2433135, 623015.1 2433161, 623011.7 2433187, 623009.6 2433213, 623008.9 2433239, 623009.6 2433265, 623011.7 2433291, 623015.1 2433317, 623019.8 2433343, 623026 2433369, 623033.4 2433394, 623042.1 2433418, 623052.1 2433442, 623063.4 2433466, 623075.9 2433489, 623089.6 2433511, 623104.4 2433533, 623120.3 2433554, 623137.3 2433574, 623155.4 2433593, 623174.4 2433611, 623194.3 2433628, 623215 2433644, 623236.6 2433658, 623258.9 2433672, 623281.9 2433685, 623305.6 2433696, 623329.7 2433706, 623354.4 2433715, 623379.5 2433722, 623405 2433728, 623430.7 2433733, 623456.7 2433736, 623482.8 2433738, 623508.9 2433739, 623535.1 2433738, 623561.2 2433736, 623587.1 2433733, 623612.9 2433728, 623638.3 2433722, 623663.4 2433715, 623688.1 2433706, 623712.3 2433696, 623735.9 2433685, 623758.9 2433672, 623781.2 2433658, 623802.8 2433644, 623823.6 2433628, 623843.5 2433611, 623862.5 2433593, 623880.5 2433574, 623897.5 2433554, 623913.4 2433533, 623928.3 2433511, 623941.9 2433489, 623954.4 2433466, 623965.7 2433442, 623975.7 2433418, 623984.5 2433394, 623991.9 2433369, 623998 2433343, 624002.8 2433317, 624006.2 2433291, 624008.2 2433265, 624008.9 2433239))"
32,20260541,Forest,7668.695652173914,133.19513203141992,2.0375399361022364,0,Dai,NA,NA,1,0,0,4991,433.79083958746526,1041.479950572676,1210.4072265625,4.633642673492432,255.60829702476863,138763.80615234375,0,0.0461530771237449,1,74,0,0,30468.93310546875,0.21957406581956979,1,0,-0.2485496236425074,-0.9686191638550045,8.944901821513023,4.891815211127795,0.7117431664817675,"POLYGON ((640519.8 2430083, 640519.1 2430057, 640517.1 2430031, 640513.7 2430005, 640508.9 2429979, 640502.8 2429954, 640495.4 2429929, 640486.6 2429904, 640476.6 2429880, 640465.3 2429856, 640452.8 2429833, 640439.2 2429811, 640424.3 2429789, 640408.4 2429768, 640391.4 2429748, 640373.4 2429729, 640354.4 2429711, 640334.5 2429694, 640313.7 2429679, 640292.2 2429664, 640269.8 2429650, 640246.8 2429638, 640223.2 2429626, 640199 2429616, 640174.3 2429608, 640149.2 2429600, 640123.8 2429594, 640098.1 2429589, 640072.1 2429586, 640046 2429584, 640019.8 2429583, 639993.7 2429584, 639967.6 2429586, 639941.6 2429589, 639915.9 2429594, 639890.4 2429600, 639865.3 2429608, 639840.6 2429616, 639816.5 2429626, 639792.8 2429638, 639769.8 2429650, 639747.5 2429664, 639725.9 2429679, 639705.2 2429694, 639685.3 2429711, 639666.3 2429729, 639648.3 2429748, 639631.3 2429768, 639615.3 2429789, 639600.5 2429811, 639586.8 2429833, 639574.3 2429856, 639563.1 2429880, 639553 2429904, 639544.3 2429929, 639536.9 2429954, 639530.8 2429979, 639526 2430005, 639522.6 2430031, 639520.5 2430057, 639519.8 2430083, 639520.5 2430109, 639522.6 2430135, 639526 2430161, 639530.8 2430187, 639536.9 2430212, 639544.3 2430238, 639553 2430262, 639563.1 2430286, 639574.3 2430310, 639586.8 2430333, 639600.5 2430355, 639615.3 2430377, 639631.3 2430398, 639648.3 2430418, 639666.3 2430437, 639685.3 2430455, 639705.2 2430472, 639725.9 2430488, 639747.5 2430502, 639769.8 2430516, 639792.8 2430529, 639816.5 2430540, 639840.6 2430550, 639865.3 2430559, 639890.4 2430566, 639915.9 2430572, 639941.6 2430577, 639967.6 2430580, 639993.7 2430582, 640019.8 2430583, 640046 2430582, 640072.1 2430580, 640098.1 2430577, 640123.8 2430572, 640149.2 2430566, 640174.3 2430559, 640199 2430550, 640223.2 2430540, 640246.8 2430529, 640269.8 2430516, 640292.2 2430502, 640313.7 2430488, 640334.5 2430472, 640354.4 2430455, 640373.4 2430437, 640391.4 2430418, 640408.4 2430398, 640424.3 2430377, 640439.2 2430355, 640452.8 2430333, 640465.3 2430310, 640476.6 2430286, 640486.6 2430262, 640495.4 2430238, 640502.8 2430212, 640508.9 2430187, 640513.7 2430161, 640517.1 2430135, 640519.1 2430109, 640519.8 2430083))"
32,20260541,Forest,7763.069139966274,45.20227133608371,0.045004500450045004,0,Dai,NA,NA,1,0,0,5012,116.5769316138462,342.33888459844223,999.6270751953125,14.205832481384277,142.98045415626592,785039.3371582031,0,0.11394420544131796,1,119,375688.0096435547,0.47855947066744897,58067.159271240234,0.07396719695784926,1,0,-0.7984301608075329,0.6020874341097455,8.957133042712313,3.8111473363739687,-3.100992784211484,"POLYGON ((714519.6 2411947, 714518.9 2411921, 714516.8 2411895, 714513.4 2411869, 714508.6 2411843, 714502.5 2411817, 714495.1 2411792, 714486.4 2411768, 714476.3 2411744, 714465.1 2411720, 714452.6 2411697, 714438.9 2411675, 714424.1 2411653, 714408.1 2411632, 714391.1 2411612, 714373.1 2411593, 714354.1 2411575, 714334.2 2411558, 714313.5 2411542, 714291.9 2411528, 714269.6 2411514, 714246.6 2411501, 714222.9 2411490, 714198.8 2411480, 714174.1 2411471, 714149 2411464, 714123.5 2411458, 714097.8 2411453, 714071.8 2411450, 714045.7 2411448, 714019.6 2411447, 713993.4 2411448, 713967.3 2411450, 713941.4 2411453, 713915.6 2411458, 713890.2 2411464, 713865.1 2411471, 713840.4 2411480, 713816.2 2411490, 713792.6 2411501, 713769.6 2411514, 713747.3 2411528, 713725.7 2411542, 713704.9 2411558, 713685 2411575, 713666 2411593, 713648 2411612, 713631 2411632, 713615.1 2411653, 713600.2 2411675, 713586.6 2411697, 713574.1 2411720, 713562.8 2411744, 713552.8 2411768, 713544 2411792, 713536.6 2411817, 713530.5 2411843, 713525.7 2411869, 713522.3 2411895, 713520.3 2411921, 713519.6 2411947, 713520.3 2411973, 713522.3 2411999, 713525.7 2412025, 713530.5 2412051, 713536.6 2412076, 713544 2412101, 713552.8 2412126, 713562.8 2412150, 713574.1 2412174, 713586.6 2412197, 713600.2 2412219, 713615.1 2412241, 713631 2412262, 713648 2412281, 713666 2412300, 713685 2412318, 713704.9 2412335, 713725.7 2412351, 713747.3 2412366, 713769.6 2412380, 713792.6 2412392, 713816.2 2412404, 713840.4 2412414, 713865.1 2412422, 713890.2 2412430, 713915.6 2412436, 713941.4 2412441, 713967.3 2412444, 713993.4 2412446, 714019.6 2412447, 714045.7 2412446, 714071.8 2412444, 714097.8 2412441, 714123.5 2412436, 714149 2412430, 714174.1 2412422, 714198.8 2412414, 714222.9 2412404, 714246.6 2412392, 714269.6 2412380, 714291.9 2412366, 714313.5 2412351, 714334.2 2412335, 714354.1 2412318, 714373.1 2412300, 714391.1 2412281, 714408.1 2412262, 714424.1 2412241, 714438.9 2412219, 714452.6 2412197, 714465.1 2412174, 714476.3 2412150, 714486.4 2412126, 714495.1 2412101, 714502.5 2412076, 714508.6 2412051, 714513.4 2412025, 714516.8 2411999, 714518.9 2411973, 714519.6 2411947))"
32,20260541,Forest,5300,11.357870574345577,3.2247191011235956,0,Dai,NA,NA,1,0,0,5021,393.61723225953796,407.22066845015456,745.2027587890625,10.521405220031738,295.08067274755297,51361.01875305176,0,0.4827966110997719,1,13,43013.49678039551,0.8374735903742124,0,0,1,0,0.42389392835473705,-0.9057118402140877,8.575462099540212,2.4299109462807524,1.1708458460274813,"POLYGON ((732875.6 2360782, 732874.9 2360756, 732872.9 2360730, 732869.5 2360704, 732864.7 2360678, 732858.6 2360653, 732851.2 2360628, 732842.4 2360603, 732832.4 2360579, 732821.1 2360555, 732808.6 2360532, 732795 2360510, 732780.1 2360488, 732764.2 2360468, 732747.2 2360448, 732729.2 2360429, 732710.2 2360411, 732690.3 2360394, 732669.5 2360378, 732647.9 2360363, 732625.6 2360349, 732602.6 2360337, 732579 2360325, 732554.8 2360315, 732530.1 2360307, 732505 2360299, 732479.6 2360293, 732453.8 2360288, 732427.9 2360285, 732401.8 2360283, 732375.6 2360282, 732349.5 2360283, 732323.4 2360285, 732297.4 2360288, 732271.7 2360293, 732246.2 2360299, 732221.1 2360307, 732196.4 2360315, 732172.3 2360325, 732148.6 2360337, 732125.6 2360349, 732103.3 2360363, 732081.7 2360378, 732061 2360394, 732041.1 2360411, 732022.1 2360429, 732004.1 2360448, 731987.1 2360468, 731971.1 2360488, 731956.3 2360510, 731942.6 2360532, 731930.1 2360555, 731918.9 2360579, 731908.8 2360603, 731900.1 2360628, 731892.7 2360653, 731886.6 2360678, 731881.8 2360704, 731878.4 2360730, 731876.3 2360756, 731875.6 2360782, 731876.3 2360808, 731878.4 2360835, 731881.8 2360860, 731886.6 2360886, 731892.7 2360912, 731900.1 2360937, 731908.8 2360961, 731918.9 2360986, 731930.1 2361009, 731942.6 2361032, 731956.3 2361055, 731971.1 2361076, 731987.1 2361097, 732004.1 2361117, 732022.1 2361136, 732041.1 2361154, 732061 2361171, 732081.7 2361187, 732103.3 2361202, 732125.6 2361215, 732148.6 2361228, 732172.3 2361239, 732196.4 2361249, 732221.1 2361258, 732246.2 2361265, 732271.7 2361271, 732297.4 2361276, 732323.4 2361280, 732349.5 2361282, 732375.6 2361282, 732401.8 2361282, 732427.9 2361280, 732453.8 2361276, 732479.6 2361271, 732505 2361265, 732530.1 2361258, 732554.8 2361249, 732579 2361239, 732602.6 2361228, 732625.6 2361215, 732647.9 2361202, 732669.5 2361187, 732690.3 2361171, 732710.2 2361154, 732729.2 2361136, 732747.2 2361117, 732764.2 2361097, 732780.1 2361076, 732795 2361055, 732808.6 2361032, 732821.1 2361009, 732832.4 2360986, 732842.4 2360961, 732851.2 2360937, 732858.6 2360912, 732864.7 2360886, 732869.5 2360860, 732872.9 2360835, 732874.9 2360808, 732875.6 2360782))"
32,20260541,Forest,7140.869565217392,136.6695132063556,2.088718220338983,0,Dai,NA,NA,1,0,0,5123,234.4803436934047,438.92822248985584,1197.031494140625,0.6214275360107422,101.52487413682987,4500,0,0.2846887455017191,1,96,0,0,2700,0.6,1,0,-0.19979333580217076,0.9798380595634367,8.873589835763665,4.917565699152524,0.7365505861325996,"POLYGON ((630776.8 2439153, 630776.1 2439127, 630774 2439101, 630770.6 2439075, 630765.8 2439049, 630759.7 2439024, 630752.3 2438999, 630743.5 2438974, 630733.5 2438950, 630722.3 2438926, 630709.8 2438903, 630696.1 2438881, 630681.3 2438859, 630665.3 2438838, 630648.3 2438819, 630630.3 2438800, 630611.3 2438782, 630591.4 2438765, 630570.6 2438749, 630549.1 2438734, 630526.8 2438720, 630503.7 2438708, 630480.1 2438696, 630455.9 2438686, 630431.3 2438678, 630406.2 2438670, 630380.7 2438664, 630355 2438659, 630329 2438656, 630302.9 2438654, 630276.8 2438653, 630250.6 2438654, 630224.5 2438656, 630198.5 2438659, 630172.8 2438664, 630147.3 2438670, 630122.2 2438678, 630097.6 2438686, 630073.4 2438696, 630049.8 2438708, 630026.8 2438720, 630004.4 2438734, 629982.9 2438749, 629962.1 2438765, 629942.2 2438782, 629923.2 2438800, 629905.2 2438819, 629888.2 2438838, 629872.2 2438859, 629857.4 2438881, 629843.7 2438903, 629831.3 2438926, 629820 2438950, 629810 2438974, 629801.2 2438999, 629793.8 2439024, 629787.7 2439049, 629782.9 2439075, 629779.5 2439101, 629777.4 2439127, 629776.8 2439153, 629777.4 2439179, 629779.5 2439205, 629782.9 2439231, 629787.7 2439257, 629793.8 2439283, 629801.2 2439308, 629810 2439332, 629820 2439356, 629831.3 2439380, 629843.7 2439403, 629857.4 2439425, 629872.2 2439447, 629888.2 2439468, 629905.2 2439488, 629923.2 2439507, 629942.2 2439525, 629962.1 2439542, 629982.9 2439558, 630004.4 2439572, 630026.8 2439586, 630049.8 2439599, 630073.4 2439610, 630097.6 2439620, 630122.2 2439629, 630147.3 2439636, 630172.8 2439642, 630198.5 2439647, 630224.5 2439650, 630250.6 2439652, 630276.8 2439653, 630302.9 2439652, 630329 2439650, 630355 2439647, 630380.7 2439642, 630406.2 2439636, 630431.3 2439629, 630455.9 2439620, 630480.1 2439610, 630503.7 2439599, 630526.8 2439586, 630549.1 2439572, 630570.6 2439558, 630591.4 2439542, 630611.3 2439525, 630630.3 2439507, 630648.3 2439488, 630665.3 2439468, 630681.3 2439447, 630696.1 2439425, 630709.8 2439403, 630722.3 2439380, 630733.5 2439356, 630743.5 2439332, 630752.3 2439308, 630759.7 2439283, 630765.8 2439257, 630770.6 2439231, 630774 2439205, 630776.1 2439179, 630776.8 2439153))"
32,20260541,Forest,5158.139534883721,191.697119660596,0.6052880075542965,0,Dai,NA,NA,1,0,0,5186,576.0495430753731,1476.3777265782992,587.5374755859375,5.357102394104004,320.8567372744823,9000,45900,0.3354549623241803,1,90,9000,1,0,0,1,0,0.7755699770847985,-0.6312616023842138,8.548331238204842,5.255916624694045,-0.5020508886807366,"POLYGON ((684559.5 2430170, 684558.8 2430144, 684556.8 2430118, 684553.4 2430092, 684548.6 2430066, 684542.5 2430041, 684535.1 2430016, 684526.3 2429991, 684516.3 2429967, 684505 2429943, 684492.5 2429920, 684478.9 2429898, 684464 2429877, 684448.1 2429856, 684431.1 2429836, 684413.1 2429817, 684394.1 2429799, 684374.2 2429782, 684353.4 2429766, 684331.8 2429751, 684309.5 2429737, 684286.5 2429725, 684262.9 2429714, 684238.7 2429704, 684214 2429695, 684188.9 2429687, 684163.5 2429681, 684137.7 2429677, 684111.8 2429673, 684085.7 2429671, 684059.5 2429670, 684033.4 2429671, 684007.3 2429673, 683981.3 2429677, 683955.6 2429681, 683930.1 2429687, 683905 2429695, 683880.3 2429704, 683856.2 2429714, 683832.5 2429725, 683809.5 2429737, 683787.2 2429751, 683765.6 2429766, 683744.9 2429782, 683725 2429799, 683706 2429817, 683688 2429836, 683671 2429856, 683655 2429877, 683640.2 2429898, 683626.5 2429920, 683614 2429943, 683602.8 2429967, 683592.7 2429991, 683584 2430016, 683576.6 2430041, 683570.5 2430066, 683565.7 2430092, 683562.3 2430118, 683560.2 2430144, 683559.5 2430170, 683560.2 2430197, 683562.3 2430223, 683565.7 2430249, 683570.5 2430274, 683576.6 2430300, 683584 2430325, 683592.7 2430350, 683602.8 2430374, 683614 2430397, 683626.5 2430420, 683640.2 2430443, 683655 2430464, 683671 2430485, 683688 2430505, 683706 2430524, 683725 2430542, 683744.9 2430559, 683765.6 2430575, 683787.2 2430590, 683809.5 2430603, 683832.5 2430616, 683856.2 2430627, 683880.3 2430637, 683905 2430646, 683930.1 2430653, 683955.6 2430660, 683981.3 2430664, 684007.3 2430668, 684033.4 2430670, 684059.5 2430670, 684085.7 2430670, 684111.8 2430668, 684137.7 2430664, 684163.5 2430660, 684188.9 2430653, 684214 2430646, 684238.7 2430637, 684262.9 2430627, 684286.5 2430616, 684309.5 2430603, 684331.8 2430590, 684353.4 2430575, 684374.2 2430559, 684394.1 2430542, 684413.1 2430524, 684431.1 2430505, 684448.1 2430485, 684464 2430464, 684478.9 2430443, 684492.5 2430420, 684505 2430397, 684516.3 2430374, 684526.3 2430350, 684535.1 2430325, 684542.5 2430300, 684548.6 2430274, 684553.4 2430249, 684556.8 2430223, 684558.8 2430197, 684559.5 2430170))"
32,20260541,Forest,10265.598650927488,108.6023937661198,1.2810296769962288,0,Dai,NA,NA,1,0,0,5318,157.115754785115,1105.8208861703804,588.18255615234375,7.111701488494873,328.6895755672514,4794.958877563477,79036.9010925293,0.6153407423592252,1,64,4794.958877563477,1,0,0,1,0,0.8543642943335742,-0.5196745640955441,9.236553647375256,4.687693449302214,0.24766418970028795,"POLYGON ((707805 2422158, 707804.3 2422132, 707802.2 2422106, 707798.8 2422080, 707794 2422054, 707787.9 2422029, 707780.5 2422004, 707771.7 2421979, 707761.7 2421955, 707750.5 2421931, 707738 2421908, 707724.3 2421886, 707709.5 2421864, 707693.5 2421844, 707676.5 2421824, 707658.5 2421805, 707639.5 2421787, 707619.6 2421770, 707598.8 2421754, 707577.3 2421739, 707555 2421725, 707531.9 2421713, 707508.3 2421701, 707484.1 2421691, 707459.5 2421683, 707434.4 2421675, 707408.9 2421669, 707383.2 2421664, 707357.2 2421661, 707331.1 2421659, 707305 2421658, 707278.8 2421659, 707252.7 2421661, 707226.7 2421664, 707201 2421669, 707175.5 2421675, 707150.4 2421683, 707125.8 2421691, 707101.6 2421701, 707078 2421713, 707055 2421725, 707032.6 2421739, 707011.1 2421754, 706990.3 2421770, 706970.4 2421787, 706951.4 2421805, 706933.4 2421824, 706916.4 2421844, 706900.4 2421864, 706885.6 2421886, 706871.9 2421908, 706859.4 2421931, 706848.2 2421955, 706838.2 2421979, 706829.4 2422004, 706822 2422029, 706815.9 2422054, 706811.1 2422080, 706807.7 2422106, 706805.6 2422132, 706805 2422158, 706805.6 2422184, 706807.7 2422211, 706811.1 2422236, 706815.9 2422262, 706822 2422288, 706829.4 2422313, 706838.2 2422337, 706848.2 2422362, 706859.4 2422385, 706871.9 2422408, 706885.6 2422431, 706900.4 2422452, 706916.4 2422473, 706933.4 2422493, 706951.4 2422512, 706970.4 2422530, 706990.3 2422547, 707011.1 2422563, 707032.6 2422578, 707055 2422591, 707078 2422604, 707101.6 2422615, 707125.8 2422625, 707150.4 2422634, 707175.5 2422641, 707201 2422647, 707226.7 2422652, 707252.7 2422655, 707278.8 2422658, 707305 2422658, 707331.1 2422658, 707357.2 2422655, 707383.2 2422652, 707408.9 2422647, 707434.4 2422641, 707459.5 2422634, 707484.1 2422625, 707508.3 2422615, 707531.9 2422604, 707555 2422591, 707577.3 2422578, 707598.8 2422563, 707619.6 2422547, 707639.5 2422530, 707658.5 2422512, 707676.5 2422493, 707693.5 2422473, 707709.5 2422452, 707724.3 2422431, 707738 2422408, 707750.5 2422385, 707761.7 2422362, 707771.7 2422337, 707780.5 2422313, 707787.9 2422288, 707794 2422262, 707798.8 2422236, 707802.2 2422211, 707804.3 2422184, 707805 2422158))"
32,20260541,Forest,6199,88.76182152611432,1.9497753106000528,0,Dai,NA,NA,1,0,0,5402,521.4358767792039,885.936421270543,745.90380859375,10.23379135131836,198.42709063808132,19686.749839782715,0,0.24579588023192064,1,4,19291.890907287598,0.9799429090272082,0,0,1,0,-0.948726660144969,-0.3160976499915376,8.73214326770192,4.485956619779399,0.6677141406034005,"POLYGON ((766733.4 2383271, 766732.7 2383245, 766730.7 2383219, 766727.2 2383193, 766722.5 2383167, 766716.4 2383142, 766708.9 2383116, 766700.2 2383092, 766690.2 2383068, 766678.9 2383044, 766666.4 2383021, 766652.7 2382999, 766637.9 2382977, 766622 2382956, 766605 2382936, 766586.9 2382917, 766568 2382899, 766548.1 2382882, 766527.3 2382866, 766505.7 2382852, 766483.4 2382838, 766460.4 2382825, 766436.8 2382814, 766412.6 2382804, 766387.9 2382795, 766362.8 2382788, 766337.3 2382782, 766311.6 2382777, 766285.7 2382774, 766259.6 2382772, 766233.4 2382771, 766207.2 2382772, 766181.1 2382774, 766155.2 2382777, 766129.4 2382782, 766104 2382788, 766078.9 2382795, 766054.2 2382804, 766030 2382814, 766006.4 2382825, 765983.4 2382838, 765961.1 2382852, 765939.5 2382866, 765918.7 2382882, 765898.8 2382899, 765879.8 2382917, 765861.8 2382936, 765844.8 2382956, 765828.9 2382977, 765814.1 2382999, 765800.4 2383021, 765787.9 2383044, 765776.6 2383068, 765766.6 2383092, 765757.9 2383116, 765750.4 2383142, 765744.3 2383167, 765739.5 2383193, 765736.1 2383219, 765734.1 2383245, 765733.4 2383271, 765734.1 2383297, 765736.1 2383323, 765739.5 2383349, 765744.3 2383375, 765750.4 2383400, 765757.9 2383425, 765766.6 2383450, 765776.6 2383474, 765787.9 2383498, 765800.4 2383521, 765814.1 2383543, 765828.9 2383565, 765844.8 2383586, 765861.8 2383605, 765879.8 2383624, 765898.8 2383643, 765918.7 2383660, 765939.5 2383675, 765961.1 2383690, 765983.4 2383704, 766006.4 2383716, 766030 2383728, 766054.2 2383738, 766078.9 2383746, 766104 2383754, 766129.4 2383760, 766155.2 2383765, 766181.1 2383768, 766207.2 2383770, 766233.4 2383771, 766259.6 2383770, 766285.7 2383768, 766311.6 2383765, 766337.3 2383760, 766362.8 2383754, 766387.9 2383746, 766412.6 2383738, 766436.8 2383728, 766460.4 2383716, 766483.4 2383704, 766505.7 2383690, 766527.3 2383675, 766548.1 2383660, 766568 2383643, 766586.9 2383624, 766605 2383605, 766622 2383586, 766637.9 2383565, 766652.7 2383543, 766666.4 2383521, 766678.9 2383498, 766690.2 2383474, 766700.2 2383450, 766708.9 2383425, 766716.4 2383400, 766722.5 2383375, 766727.2 2383349, 766730.7 2383323, 766732.7 2383297, 766733.4 2383271))"
32,20260541,Forest,6109.060402684564,16.49307014828121,2.182649842271293,0,Dai,NA,NA,1,0,0,5554,79.1283859441199,1286.4190745289166,903.806396484375,3.895855665206909,240.66422163942482,51547.796630859375,120531.23931884766,0.3415470125086736,1,16,7883.4723472595215,0.15293519534334543,42764.32685852051,0.8296053304617759,1,0,-0.4899269201245222,-0.8717635074590471,8.717528260092221,2.802940301672347,0.7805396626274846,"POLYGON ((716534.1 2487001, 716533.4 2486975, 716531.4 2486949, 716528 2486923, 716523.2 2486897, 716517.1 2486872, 716509.6 2486846, 716500.9 2486822, 716490.9 2486798, 716479.6 2486774, 716467.1 2486751, 716453.4 2486729, 716438.6 2486707, 716422.7 2486686, 716405.7 2486666, 716387.7 2486647, 716368.7 2486629, 716348.8 2486612, 716328 2486596, 716306.4 2486582, 716284.1 2486568, 716261.1 2486555, 716237.5 2486544, 716213.3 2486534, 716188.6 2486525, 716163.5 2486518, 716138.1 2486512, 716112.3 2486507, 716086.4 2486504, 716060.3 2486502, 716034.1 2486501, 716007.9 2486502, 715981.8 2486504, 715955.9 2486507, 715930.2 2486512, 715904.7 2486518, 715879.6 2486525, 715854.9 2486534, 715830.7 2486544, 715807.1 2486555, 715784.1 2486568, 715761.8 2486582, 715740.2 2486596, 715719.4 2486612, 715699.5 2486629, 715680.6 2486647, 715662.5 2486666, 715645.5 2486686, 715629.6 2486707, 715614.8 2486729, 715601.1 2486751, 715588.6 2486774, 715577.3 2486798, 715567.3 2486822, 715558.6 2486846, 715551.1 2486872, 715545 2486897, 715540.3 2486923, 715536.8 2486949, 715534.8 2486975, 715534.1 2487001, 715534.8 2487027, 715536.8 2487053, 715540.3 2487079, 715545 2487105, 715551.1 2487130, 715558.6 2487155, 715567.3 2487180, 715577.3 2487204, 715588.6 2487228, 715601.1 2487251, 715614.8 2487273, 715629.6 2487295, 715645.5 2487316, 715662.5 2487336, 715680.6 2487355, 715699.5 2487373, 715719.4 2487390, 715740.2 2487405, 715761.8 2487420, 715784.1 2487434, 715807.1 2487446, 715830.7 2487458, 715854.9 2487468, 715879.6 2487476, 715904.7 2487484, 715930.2 2487490, 715955.9 2487495, 715981.8 2487498, 716007.9 2487500, 716034.1 2487501, 716060.3 2487500, 716086.4 2487498, 716112.3 2487495, 716138.1 2487490, 716163.5 2487484, 716188.6 2487476, 716213.3 2487468, 716237.5 2487458, 716261.1 2487446, 716284.1 2487434, 716306.4 2487420, 716328 2487405, 716348.8 2487390, 716368.7 2487373, 716387.7 2487355, 716405.7 2487336, 716422.7 2487316, 716438.6 2487295, 716453.4 2487273, 716467.1 2487251, 716479.6 2487228, 716490.9 2487204, 716500.9 2487180, 716509.6 2487155, 716517.1 2487130, 716523.2 2487105, 716528 2487079, 716531.4 2487053, 716533.4 2487027, 716534.1 2487001))"
32,20260541,Forest,4729.178800232964,28.284346991989317,25.912513445679455,0,Dai,NA,NA,1,0,0,5557,392.3112381600765,1115.6322056241306,1252.6387939453125,10.662422180175781,227.8904535573906,785039.3371582031,0,0.008708122462455704,1,2,0,0,900,0.0011464393660296664,1,0,-0.6705502353337078,-0.7418641263020533,8.461506851240385,3.3423085418038267,3.2547259966495377,"POLYGON ((691630.7 2485368, 691630 2485342, 691628 2485316, 691624.5 2485290, 691619.8 2485264, 691613.7 2485239, 691606.2 2485214, 691597.5 2485189, 691587.5 2485165, 691576.2 2485141, 691563.7 2485118, 691550 2485096, 691535.2 2485074, 691519.3 2485053, 691502.3 2485033, 691484.3 2485015, 691465.3 2484996, 691445.4 2484979, 691424.6 2484964, 691403 2484949, 691380.7 2484935, 691357.7 2484923, 691334.1 2484911, 691309.9 2484901, 691285.2 2484893, 691260.1 2484885, 691234.7 2484879, 691208.9 2484874, 691183 2484871, 691156.9 2484869, 691130.7 2484868, 691104.5 2484869, 691078.4 2484871, 691052.5 2484874, 691026.7 2484879, 691001.3 2484885, 690976.2 2484893, 690951.5 2484901, 690927.3 2484911, 690903.7 2484923, 690880.7 2484935, 690858.4 2484949, 690836.8 2484964, 690816 2484979, 690796.1 2484996, 690777.1 2485015, 690759.1 2485033, 690742.1 2485053, 690726.2 2485074, 690711.4 2485096, 690697.7 2485118, 690685.2 2485141, 690673.9 2485165, 690663.9 2485189, 690655.2 2485214, 690647.7 2485239, 690641.6 2485264, 690636.9 2485290, 690633.4 2485316, 690631.4 2485342, 690630.7 2485368, 690631.4 2485394, 690633.4 2485420, 690636.9 2485446, 690641.6 2485472, 690647.7 2485497, 690655.2 2485523, 690663.9 2485547, 690673.9 2485571, 690685.2 2485595, 690697.7 2485618, 690711.4 2485640, 690726.2 2485662, 690742.1 2485683, 690759.1 2485703, 690777.1 2485722, 690796.1 2485740, 690816 2485757, 690836.8 2485773, 690858.4 2485787, 690880.7 2485801, 690903.7 2485814, 690927.3 2485825, 690951.5 2485835, 690976.2 2485844, 691001.3 2485851, 691026.7 2485857, 691052.5 2485862, 691078.4 2485865, 691104.5 2485867, 691130.7 2485868, 691156.9 2485867, 691183 2485865, 691208.9 2485862, 691234.7 2485857, 691260.1 2485851, 691285.2 2485844, 691309.9 2485835, 691334.1 2485825, 691357.7 2485814, 691380.7 2485801, 691403 2485787, 691424.6 2485773, 691445.4 2485757, 691465.3 2485740, 691484.3 2485722, 691502.3 2485703, 691519.3 2485683, 691535.2 2485662, 691550 2485640, 691563.7 2485618, 691576.2 2485595, 691587.5 2485571, 691597.5 2485547, 691606.2 2485523, 691613.7 2485497, 691619.8 2485472, 691624.5 2485446, 691628 2485420, 691630 2485394, 691630.7 2485368))"
32,20260541,Forest,7140.869565217392,136.6695132063556,2.088718220338983,0,Dai,NA,NA,1,0,0,5585,338.98098898711737,361.92487693605835,1197.8604736328125,1.0107735395431519,234.67404599831866,8182.562255859375,0,0.3964410938947689,1,15,0,0,2700,0.3299699917426943,1,0,-0.5782272613617754,-0.8158757468009826,8.873589835763665,4.917565699152524,0.7365505861325996,"POLYGON ((630466.3 2439267, 630465.6 2439241, 630463.5 2439215, 630460.1 2439189, 630455.3 2439163, 630449.2 2439138, 630441.8 2439113, 630433.1 2439088, 630423 2439064, 630411.8 2439040, 630399.3 2439017, 630385.6 2438995, 630370.8 2438973, 630354.8 2438953, 630337.8 2438933, 630319.8 2438914, 630300.8 2438896, 630280.9 2438879, 630260.2 2438863, 630238.6 2438848, 630216.3 2438834, 630193.3 2438822, 630169.6 2438811, 630145.5 2438801, 630120.8 2438792, 630095.7 2438784, 630070.2 2438778, 630044.5 2438774, 630018.5 2438770, 629992.4 2438768, 629966.3 2438767, 629940.1 2438768, 629914 2438770, 629888.1 2438774, 629862.3 2438778, 629836.9 2438784, 629811.8 2438792, 629787.1 2438801, 629762.9 2438811, 629739.3 2438822, 629716.3 2438834, 629694 2438848, 629672.4 2438863, 629651.6 2438879, 629631.7 2438896, 629612.7 2438914, 629594.7 2438933, 629577.7 2438953, 629561.8 2438973, 629546.9 2438995, 629533.3 2439017, 629520.8 2439040, 629509.5 2439064, 629499.5 2439088, 629490.7 2439113, 629483.3 2439138, 629477.2 2439163, 629472.4 2439189, 629469 2439215, 629467 2439241, 629466.3 2439267, 629467 2439294, 629469 2439320, 629472.4 2439346, 629477.2 2439371, 629483.3 2439397, 629490.7 2439422, 629499.5 2439447, 629509.5 2439471, 629520.8 2439494, 629533.3 2439517, 629546.9 2439540, 629561.8 2439561, 629577.7 2439582, 629594.7 2439602, 629612.7 2439621, 629631.7 2439639, 629651.6 2439656, 629672.4 2439672, 629694 2439687, 629716.3 2439700, 629739.3 2439713, 629762.9 2439724, 629787.1 2439734, 629811.8 2439743, 629836.9 2439750, 629862.3 2439756, 629888.1 2439761, 629914 2439765, 629940.1 2439767, 629966.3 2439767, 629992.4 2439767, 630018.5 2439765, 630044.5 2439761, 630070.2 2439756, 630095.7 2439750, 630120.8 2439743, 630145.5 2439734, 630169.6 2439724, 630193.3 2439713, 630216.3 2439700, 630238.6 2439687, 630260.2 2439672, 630280.9 2439656, 630300.8 2439639, 630319.8 2439621, 630337.8 2439602, 630354.8 2439582, 630370.8 2439561, 630385.6 2439540, 630399.3 2439517, 630411.8 2439494, 630423 2439471, 630433.1 2439447, 630441.8 2439422, 630449.2 2439397, 630455.3 2439371, 630460.1 2439346, 630463.5 2439320, 630465.6 2439294, 630466.3 2439267))"
32,20260541,Forest,6383.3892617449665,33.70123791548138,2.8425728500355367,0,Dai,NA,NA,1,0,0,5635,14.4863409200661,316.8075376447513,991.87664794921875,11.41948413848877,2.7977467945394894,274024.2370605469,354911.572265625,0.1988638424241359,1,30,72720.91598510742,0.265381328181709,110620.87783813477,0.4036901225408488,1,0,0.9988080576280107,0.04881049085350854,8.761454467533365,3.517534570080735,1.0447095751744875,"POLYGON ((709538.9 2494933, 709538.2 2494906, 709536.2 2494880, 709532.7 2494854, 709528 2494829, 709521.9 2494803, 709514.4 2494778, 709505.7 2494753, 709495.7 2494729, 709484.4 2494706, 709471.9 2494683, 709458.2 2494660, 709443.4 2494639, 709427.5 2494618, 709410.5 2494598, 709392.4 2494579, 709373.5 2494561, 709353.6 2494544, 709332.8 2494528, 709311.2 2494513, 709288.9 2494499, 709265.9 2494487, 709242.3 2494476, 709218.1 2494466, 709193.4 2494457, 709168.3 2494450, 709142.9 2494443, 709117.1 2494439, 709091.2 2494435, 709065.1 2494433, 709038.9 2494433, 709012.7 2494433, 708986.6 2494435, 708960.7 2494439, 708934.9 2494443, 708909.5 2494450, 708884.4 2494457, 708859.7 2494466, 708835.5 2494476, 708811.9 2494487, 708788.9 2494499, 708766.6 2494513, 708745 2494528, 708724.2 2494544, 708704.3 2494561, 708685.3 2494579, 708667.3 2494598, 708650.3 2494618, 708634.4 2494639, 708619.6 2494660, 708605.9 2494683, 708593.4 2494706, 708582.1 2494729, 708572.1 2494753, 708563.4 2494778, 708555.9 2494803, 708549.8 2494829, 708545.1 2494854, 708541.6 2494880, 708539.6 2494906, 708538.9 2494933, 708539.6 2494959, 708541.6 2494985, 708545.1 2495011, 708549.8 2495036, 708555.9 2495062, 708563.4 2495087, 708572.1 2495112, 708582.1 2495136, 708593.4 2495160, 708605.9 2495183, 708619.6 2495205, 708634.4 2495226, 708650.3 2495247, 708667.3 2495267, 708685.3 2495286, 708704.3 2495304, 708724.2 2495321, 708745 2495337, 708766.6 2495352, 708788.9 2495366, 708811.9 2495378, 708835.5 2495389, 708859.7 2495399, 708884.4 2495408, 708909.5 2495415, 708934.9 2495422, 708960.7 2495426, 708986.6 2495430, 709012.7 2495432, 709038.9 2495433, 709065.1 2495432, 709091.2 2495430, 709117.1 2495426, 709142.9 2495422, 709168.3 2495415, 709193.4 2495408, 709218.1 2495399, 709242.3 2495389, 709265.9 2495378, 709288.9 2495366, 709311.2 2495352, 709332.8 2495337, 709353.6 2495321, 709373.5 2495304, 709392.4 2495286, 709410.5 2495267, 709427.5 2495247, 709443.4 2495226, 709458.2 2495205, 709471.9 2495183, 709484.4 2495160, 709495.7 2495136, 709505.7 2495112, 709514.4 2495087, 709521.9 2495062, 709528 2495036, 709532.7 2495011, 709536.2 2494985, 709538.2 2494959, 709538.9 2494933))"
32,20260541,Forest,7140.869565217392,136.6695132063556,2.088718220338983,0,Dai,NA,NA,1,0,0,5649,285.8169601636266,303.5286824669357,1198.5703125,1.1304951906204224,139.75562380951465,17521.447563171387,0,0.35130121067726133,1,11,0,0,2838.597249984741,0.16200700540012655,1,0,-0.7632958857541322,0.6460490622164967,8.873589835763665,4.917565699152524,0.7365505861325996,"POLYGON ((630474.8 2439332, 630474.1 2439306, 630472 2439280, 630468.6 2439254, 630463.9 2439228, 630457.8 2439203, 630450.3 2439178, 630441.6 2439153, 630431.6 2439129, 630420.3 2439105, 630407.8 2439082, 630394.1 2439060, 630379.3 2439038, 630363.4 2439018, 630346.4 2438998, 630328.3 2438979, 630309.4 2438961, 630289.4 2438944, 630268.7 2438928, 630247.1 2438913, 630224.8 2438899, 630201.8 2438887, 630178.2 2438875, 630154 2438865, 630129.3 2438857, 630104.2 2438849, 630078.7 2438843, 630053 2438838, 630027.1 2438835, 630001 2438833, 629974.8 2438832, 629948.6 2438833, 629922.5 2438835, 629896.6 2438838, 629870.8 2438843, 629845.4 2438849, 629820.3 2438857, 629795.6 2438865, 629771.4 2438875, 629747.8 2438887, 629724.8 2438899, 629702.5 2438913, 629680.9 2438928, 629660.1 2438944, 629640.2 2438961, 629621.2 2438979, 629603.2 2438998, 629586.2 2439018, 629570.3 2439038, 629555.5 2439060, 629541.8 2439082, 629529.3 2439105, 629518 2439129, 629508 2439153, 629499.3 2439178, 629491.8 2439203, 629485.7 2439228, 629480.9 2439254, 629477.5 2439280, 629475.5 2439306, 629474.8 2439332, 629475.5 2439358, 629477.5 2439384, 629480.9 2439410, 629485.7 2439436, 629491.8 2439462, 629499.3 2439487, 629508 2439511, 629518 2439536, 629529.3 2439559, 629541.8 2439582, 629555.5 2439604, 629570.3 2439626, 629586.2 2439647, 629603.2 2439667, 629621.2 2439686, 629640.2 2439704, 629660.1 2439721, 629680.9 2439737, 629702.5 2439752, 629724.8 2439765, 629747.8 2439778, 629771.4 2439789, 629795.6 2439799, 629820.3 2439808, 629845.4 2439815, 629870.8 2439821, 629896.6 2439826, 629922.5 2439829, 629948.6 2439831, 629974.8 2439832, 630001 2439831, 630027.1 2439829, 630053 2439826, 630078.7 2439821, 630104.2 2439815, 630129.3 2439808, 630154 2439799, 630178.2 2439789, 630201.8 2439778, 630224.8 2439765, 630247.1 2439752, 630268.7 2439737, 630289.4 2439721, 630309.4 2439704, 630328.3 2439686, 630346.4 2439667, 630363.4 2439647, 630379.3 2439626, 630394.1 2439604, 630407.8 2439582, 630420.3 2439559, 630431.6 2439536, 630441.6 2439511, 630450.3 2439487, 630457.8 2439462, 630463.9 2439436, 630468.6 2439410, 630472 2439384, 630474.1 2439358, 630474.8 2439332))"
32,20260541,Forest,4871,11.311868803688643,0.5554728220402085,0,Dai,NA,NA,1,0,0,5663,257.11065907721957,862.0617859202608,725.0185546875,9.766053199768066,327.2678903264222,25705.99937438965,229134.8419189453,0.3326588995832578,1,17,25705.99937438965,1,0,0,1,0,0.8412078885903416,-0.5407118346895873,8.491054533806542,2.425852511110355,-0.5879355963194767,"POLYGON ((763768.1 2378247, 763767.4 2378221, 763765.4 2378195, 763762 2378169, 763757.2 2378143, 763751.1 2378118, 763743.6 2378093, 763734.9 2378068, 763724.9 2378044, 763713.6 2378020, 763701.1 2377997, 763687.4 2377975, 763672.6 2377953, 763656.7 2377932, 763639.7 2377912, 763621.7 2377894, 763602.7 2377875, 763582.8 2377858, 763562 2377843, 763540.4 2377828, 763518.1 2377814, 763495.1 2377802, 763471.5 2377790, 763447.3 2377780, 763422.6 2377772, 763397.5 2377764, 763372.1 2377758, 763346.3 2377753, 763320.4 2377750, 763294.3 2377748, 763268.1 2377747, 763241.9 2377748, 763215.8 2377750, 763189.9 2377753, 763164.2 2377758, 763138.7 2377764, 763113.6 2377772, 763088.9 2377780, 763064.7 2377790, 763041.1 2377802, 763018.1 2377814, 762995.8 2377828, 762974.2 2377843, 762953.4 2377858, 762933.5 2377875, 762914.6 2377894, 762896.5 2377912, 762879.5 2377932, 762863.6 2377953, 762848.8 2377975, 762835.1 2377997, 762822.6 2378020, 762811.3 2378044, 762801.3 2378068, 762792.6 2378093, 762785.1 2378118, 762779 2378143, 762774.3 2378169, 762770.8 2378195, 762768.8 2378221, 762768.1 2378247, 762768.8 2378273, 762770.8 2378299, 762774.3 2378325, 762779 2378351, 762785.1 2378376, 762792.6 2378402, 762801.3 2378426, 762811.3 2378450, 762822.6 2378474, 762835.1 2378497, 762848.8 2378519, 762863.6 2378541, 762879.5 2378562, 762896.5 2378582, 762914.6 2378601, 762933.5 2378619, 762953.4 2378636, 762974.2 2378652, 762995.8 2378666, 763018.1 2378680, 763041.1 2378693, 763064.7 2378704, 763088.9 2378714, 763113.6 2378723, 763138.7 2378730, 763164.2 2378736, 763189.9 2378741, 763215.8 2378744, 763241.9 2378746, 763268.1 2378747, 763294.3 2378746, 763320.4 2378744, 763346.3 2378741, 763372.1 2378736, 763397.5 2378730, 763422.6 2378723, 763447.3 2378714, 763471.5 2378704, 763495.1 2378693, 763518.1 2378680, 763540.4 2378666, 763562 2378652, 763582.8 2378636, 763602.7 2378619, 763621.7 2378601, 763639.7 2378582, 763656.7 2378562, 763672.6 2378541, 763687.4 2378519, 763701.1 2378497, 763713.6 2378474, 763724.9 2378450, 763734.9 2378426, 763743.6 2378402, 763751.1 2378376, 763757.2 2378351, 763762 2378325, 763765.4 2378299, 763767.4 2378273, 763768.1 2378247))"
32,20260541,Forest,7781.739130434783,93.74461428755224,2.279844357976654,0,Dai,NA,NA,1,0,0,5675,214.47667894271257,1007.0456723985981,1180.0211181640625,0.96656334400177,225.13845448438974,6211.711120605469,23382.49397277832,0.19041289259035651,1,54,0,0,5309.462785720825,0.8547504355294778,1,0,-0.7053960042348345,-0.7088134290555796,8.9595351308077,4.540574215600901,0.8241071765909261,"POLYGON ((633751.6 2432082, 633751 2432056, 633748.9 2432030, 633745.5 2432004, 633740.7 2431978, 633734.6 2431953, 633727.2 2431928, 633718.4 2431903, 633708.4 2431879, 633697.2 2431855, 633684.7 2431832, 633671 2431810, 633656.2 2431788, 633640.2 2431768, 633623.2 2431748, 633605.2 2431729, 633586.2 2431711, 633566.3 2431694, 633545.5 2431678, 633524 2431663, 633501.6 2431649, 633478.6 2431637, 633455 2431625, 633430.8 2431615, 633406.2 2431607, 633381.1 2431599, 633355.6 2431593, 633329.9 2431588, 633303.9 2431585, 633277.8 2431583, 633251.6 2431582, 633225.5 2431583, 633199.4 2431585, 633173.4 2431588, 633147.7 2431593, 633122.2 2431599, 633097.1 2431607, 633072.5 2431615, 633048.3 2431625, 633024.7 2431637, 633001.6 2431649, 632979.3 2431663, 632957.8 2431678, 632937 2431694, 632917.1 2431711, 632898.1 2431729, 632880.1 2431748, 632863.1 2431768, 632847.1 2431788, 632832.3 2431810, 632818.6 2431832, 632806.1 2431855, 632794.9 2431879, 632784.9 2431903, 632776.1 2431928, 632768.7 2431953, 632762.6 2431978, 632757.8 2432004, 632754.4 2432030, 632752.3 2432056, 632751.6 2432082, 632752.3 2432108, 632754.4 2432134, 632757.8 2432160, 632762.6 2432186, 632768.7 2432212, 632776.1 2432237, 632784.9 2432261, 632794.9 2432286, 632806.1 2432309, 632818.6 2432332, 632832.3 2432355, 632847.1 2432376, 632863.1 2432397, 632880.1 2432417, 632898.1 2432436, 632917.1 2432454, 632937 2432471, 632957.8 2432487, 632979.3 2432502, 633001.6 2432515, 633024.7 2432528, 633048.3 2432539, 633072.5 2432549, 633097.1 2432558, 633122.2 2432565, 633147.7 2432571, 633173.4 2432576, 633199.4 2432579, 633225.5 2432582, 633251.6 2432582, 633277.8 2432582, 633303.9 2432579, 633329.9 2432576, 633355.6 2432571, 633381.1 2432565, 633406.2 2432558, 633430.8 2432549, 633455 2432539, 633478.6 2432528, 633501.6 2432515, 633524 2432502, 633545.5 2432487, 633566.3 2432471, 633586.2 2432454, 633605.2 2432436, 633623.2 2432417, 633640.2 2432397, 633656.2 2432376, 633671 2432355, 633684.7 2432332, 633697.2 2432309, 633708.4 2432286, 633718.4 2432261, 633727.2 2432237, 633734.6 2432212, 633740.7 2432186, 633745.5 2432160, 633748.9 2432134, 633751 2432108, 633751.6 2432082))"
32,20260541,Forest,4468,96.47661604022574,2.467409608717187,0,Dai,NA,NA,1,0,0,5720,183.3916032222538,222.62194228956295,871.78106689453125,15.1627836227417,270.3628286732741,624308.1481933594,370.846563577652,0.26365878023212946,1,83,574133.5876464844,0.9196317384418711,32393.205642700195,0.051886565530884984,1,0,0.006332512645463427,-0.999979949440785,8.404696160189092,4.5693006581538285,0.9031688589157757,"POLYGON ((744664.3 2364104, 744663.6 2364078, 744661.6 2364052, 744658.2 2364026, 744653.4 2364000, 744647.3 2363975, 744639.8 2363950, 744631.1 2363925, 744621.1 2363901, 744609.8 2363877, 744597.3 2363854, 744583.6 2363832, 744568.8 2363810, 744552.9 2363790, 744535.9 2363770, 744517.9 2363751, 744498.9 2363733, 744479 2363716, 744458.2 2363700, 744436.6 2363685, 744414.3 2363671, 744391.3 2363659, 744367.7 2363647, 744343.5 2363637, 744318.8 2363629, 744293.7 2363621, 744268.3 2363615, 744242.5 2363610, 744216.6 2363607, 744190.5 2363605, 744164.3 2363604, 744138.1 2363605, 744112 2363607, 744086.1 2363610, 744060.4 2363615, 744034.9 2363621, 744009.8 2363629, 743985.1 2363637, 743960.9 2363647, 743937.3 2363659, 743914.3 2363671, 743892 2363685, 743870.4 2363700, 743849.7 2363716, 743829.7 2363733, 743810.8 2363751, 743792.7 2363770, 743775.7 2363790, 743759.8 2363810, 743745 2363832, 743731.3 2363854, 743718.8 2363877, 743707.5 2363901, 743697.5 2363925, 743688.8 2363950, 743681.3 2363975, 743675.2 2364000, 743670.5 2364026, 743667.1 2364052, 743665 2364078, 743664.3 2364104, 743665 2364130, 743667.1 2364156, 743670.5 2364182, 743675.2 2364208, 743681.3 2364234, 743688.8 2364259, 743697.5 2364283, 743707.5 2364308, 743718.8 2364331, 743731.3 2364354, 743745 2364376, 743759.8 2364398, 743775.7 2364419, 743792.7 2364439, 743810.8 2364458, 743829.7 2364476, 743849.7 2364493, 743870.4 2364509, 743892 2364524, 743914.3 2364537, 743937.3 2364550, 743960.9 2364561, 743985.1 2364571, 744009.8 2364580, 744034.9 2364587, 744060.4 2364593, 744086.1 2364598, 744112 2364601, 744138.1 2364603, 744164.3 2364604, 744190.5 2364603, 744216.6 2364601, 744242.5 2364598, 744268.3 2364593, 744293.7 2364587, 744318.8 2364580, 744343.5 2364571, 744367.7 2364561, 744391.3 2364550, 744414.3 2364537, 744436.6 2364524, 744458.2 2364509, 744479 2364493, 744498.9 2364476, 744517.9 2364458, 744535.9 2364439, 744552.9 2364419, 744568.8 2364398, 744583.6 2364376, 744597.3 2364354, 744609.8 2364331, 744621.1 2364308, 744631.1 2364283, 744639.8 2364259, 744647.3 2364234, 744653.4 2364208, 744658.2 2364182, 744661.6 2364156, 744663.6 2364130, 744664.3 2364104))"
32,20260541,Forest,12077.571669477235,47.050868206321354,1.8036923076923077,0,Dai,NA,NA,1,0,0,5726,119.03243322952106,1352.845316732538,567.4351806640625,7.980531692504883,205.44982987748585,11700,146009.16595458984,0.5894612256328109,1,61,11700,1,0,0,1,0,-0.9029619083580026,-0.42972059766140375,9.39910543054279,3.851229318705374,0.5898358459470546,"POLYGON ((698585.7 2419991, 698585 2419965, 698582.9 2419939, 698579.5 2419913, 698574.7 2419887, 698568.6 2419862, 698561.2 2419836, 698552.5 2419812, 698542.4 2419788, 698531.2 2419764, 698518.7 2419741, 698505 2419719, 698490.2 2419697, 698474.2 2419676, 698457.2 2419656, 698439.2 2419637, 698420.2 2419619, 698400.3 2419602, 698379.6 2419586, 698358 2419572, 698335.7 2419558, 698312.7 2419545, 698289 2419534, 698264.8 2419524, 698240.2 2419515, 698215.1 2419508, 698189.6 2419502, 698163.9 2419497, 698137.9 2419494, 698111.8 2419492, 698085.7 2419491, 698059.5 2419492, 698033.4 2419494, 698007.4 2419497, 697981.7 2419502, 697956.3 2419508, 697931.2 2419515, 697906.5 2419524, 697882.3 2419534, 697858.7 2419545, 697835.7 2419558, 697813.3 2419572, 697791.8 2419586, 697771 2419602, 697751.1 2419619, 697732.1 2419637, 697714.1 2419656, 697697.1 2419676, 697681.2 2419697, 697666.3 2419719, 697652.7 2419741, 697640.2 2419764, 697628.9 2419788, 697618.9 2419812, 697610.1 2419836, 697602.7 2419862, 697596.6 2419887, 697591.8 2419913, 697588.4 2419939, 697586.4 2419965, 697585.7 2419991, 697586.4 2420017, 697588.4 2420043, 697591.8 2420069, 697596.6 2420095, 697602.7 2420120, 697610.1 2420145, 697618.9 2420170, 697628.9 2420194, 697640.2 2420218, 697652.7 2420241, 697666.3 2420263, 697681.2 2420285, 697697.1 2420306, 697714.1 2420325, 697732.1 2420344, 697751.1 2420362, 697771 2420379, 697791.8 2420395, 697813.3 2420410, 697835.7 2420424, 697858.7 2420436, 697882.3 2420448, 697906.5 2420458, 697931.2 2420466, 697956.3 2420474, 697981.7 2420480, 698007.4 2420485, 698033.4 2420488, 698059.5 2420490, 698085.7 2420491, 698111.8 2420490, 698137.9 2420488, 698163.9 2420485, 698189.6 2420480, 698215.1 2420474, 698240.2 2420466, 698264.8 2420458, 698289 2420448, 698312.7 2420436, 698335.7 2420424, 698358 2420410, 698379.6 2420395, 698400.3 2420379, 698420.2 2420362, 698439.2 2420344, 698457.2 2420325, 698474.2 2420306, 698490.2 2420285, 698505 2420263, 698518.7 2420241, 698531.2 2420218, 698542.4 2420194, 698552.5 2420170, 698561.2 2420145, 698568.6 2420120, 698574.7 2420095, 698579.5 2420069, 698582.9 2420043, 698585 2420017, 698585.7 2419991))"
32,20260541,Forest,8188.0269814502535,88.83161082476238,1.7932636469221834,0,Dai,NA,NA,1,0,0,5792,12.884955284166173,1428.9433055119007,838.207275390625,7.451562404632568,313.5323415818597,7200,29517.057037353516,0.1728698922529285,1,78,3600,0.5,0,0,1,0,0.6887639159686443,-0.7249857019690377,9.01042824201882,4.4867425644094086,0.5840372261569906,"POLYGON ((719295.9 2423014, 719295.2 2422988, 719293.1 2422962, 719289.7 2422936, 719284.9 2422910, 719278.8 2422885, 719271.4 2422860, 719262.7 2422835, 719252.6 2422811, 719241.4 2422787, 719228.9 2422764, 719215.2 2422742, 719200.4 2422720, 719184.4 2422700, 719167.4 2422680, 719149.4 2422661, 719130.4 2422643, 719110.5 2422626, 719089.8 2422610, 719068.2 2422595, 719045.9 2422581, 719022.9 2422569, 718999.2 2422558, 718975.1 2422548, 718950.4 2422539, 718925.3 2422531, 718899.8 2422525, 718874.1 2422520, 718848.1 2422517, 718822 2422515, 718795.9 2422514, 718769.7 2422515, 718743.6 2422517, 718717.7 2422520, 718691.9 2422525, 718666.5 2422531, 718641.4 2422539, 718616.7 2422548, 718592.5 2422558, 718568.9 2422569, 718545.9 2422581, 718523.6 2422595, 718502 2422610, 718481.2 2422626, 718461.3 2422643, 718442.3 2422661, 718424.3 2422680, 718407.3 2422700, 718391.4 2422720, 718376.5 2422742, 718362.9 2422764, 718350.4 2422787, 718339.1 2422811, 718329.1 2422835, 718320.3 2422860, 718312.9 2422885, 718306.8 2422910, 718302 2422936, 718298.6 2422962, 718296.6 2422988, 718295.9 2423014, 718296.6 2423041, 718298.6 2423067, 718302 2423093, 718306.8 2423118, 718312.9 2423144, 718320.3 2423169, 718329.1 2423194, 718339.1 2423218, 718350.4 2423241, 718362.9 2423264, 718376.5 2423287, 718391.4 2423308, 718407.3 2423329, 718424.3 2423349, 718442.3 2423368, 718461.3 2423386, 718481.2 2423403, 718502 2423419, 718523.6 2423434, 718545.9 2423447, 718568.9 2423460, 718592.5 2423471, 718616.7 2423481, 718641.4 2423490, 718666.5 2423497, 718691.9 2423503, 718717.7 2423508, 718743.6 2423512, 718769.7 2423514, 718795.9 2423514, 718822 2423514, 718848.1 2423512, 718874.1 2423508, 718899.8 2423503, 718925.3 2423497, 718950.4 2423490, 718975.1 2423481, 718999.2 2423471, 719022.9 2423460, 719045.9 2423447, 719068.2 2423434, 719089.8 2423419, 719110.5 2423403, 719130.4 2423386, 719149.4 2423368, 719167.4 2423349, 719184.4 2423329, 719200.4 2423308, 719215.2 2423287, 719228.9 2423264, 719241.4 2423241, 719252.6 2423218, 719262.7 2423194, 719271.4 2423169, 719278.8 2423144, 719284.9 2423118, 719289.7 2423093, 719293.1 2423067, 719295.2 2423041, 719295.9 2423014))"
32,20260541,Forest,4468,96.47661604022574,2.467409608717187,0,Dai,NA,NA,1,0,0,5819,232.12589104139073,544.2315167899798,835.5595703125,12.877469062805176,227.5948239436622,220340.75317382812,35385.05058288574,0.27682811058014245,1,12,203436.32354736328,0.9232805126470234,15104.431343078613,0.06855033000256035,1,0,-0.6743690963155201,-0.7383944216572799,8.404696160189092,4.5693006581538285,0.9031688589157757,"POLYGON ((744064 2364581, 744063.3 2364555, 744061.2 2364529, 744057.8 2364503, 744053 2364477, 744046.9 2364452, 744039.5 2364427, 744030.7 2364402, 744020.7 2364378, 744009.5 2364354, 743997 2364331, 743983.3 2364309, 743968.5 2364287, 743952.5 2364267, 743935.5 2364247, 743917.5 2364228, 743898.5 2364210, 743878.6 2364193, 743857.8 2364177, 743836.3 2364162, 743814 2364148, 743790.9 2364136, 743767.3 2364124, 743743.1 2364114, 743718.5 2364106, 743693.4 2364098, 743667.9 2364092, 743642.2 2364087, 743616.2 2364084, 743590.1 2364082, 743564 2364081, 743537.8 2364082, 743511.7 2364084, 743485.7 2364087, 743460 2364092, 743434.5 2364098, 743409.4 2364106, 743384.8 2364114, 743360.6 2364124, 743337 2364136, 743314 2364148, 743291.6 2364162, 743270.1 2364177, 743249.3 2364193, 743229.4 2364210, 743210.4 2364228, 743192.4 2364247, 743175.4 2364267, 743159.4 2364287, 743144.6 2364309, 743130.9 2364331, 743118.4 2364354, 743107.2 2364378, 743097.2 2364402, 743088.4 2364427, 743081 2364452, 743074.9 2364477, 743070.1 2364503, 743066.7 2364529, 743064.6 2364555, 743064 2364581, 743064.6 2364607, 743066.7 2364634, 743070.1 2364659, 743074.9 2364685, 743081 2364711, 743088.4 2364736, 743097.2 2364760, 743107.2 2364785, 743118.4 2364808, 743130.9 2364831, 743144.6 2364854, 743159.4 2364875, 743175.4 2364896, 743192.4 2364916, 743210.4 2364935, 743229.4 2364953, 743249.3 2364970, 743270.1 2364986, 743291.6 2365001, 743314 2365014, 743337 2365027, 743360.6 2365038, 743384.8 2365048, 743409.4 2365057, 743434.5 2365064, 743460 2365070, 743485.7 2365075, 743511.7 2365078, 743537.8 2365081, 743564 2365081, 743590.1 2365081, 743616.2 2365078, 743642.2 2365075, 743667.9 2365070, 743693.4 2365064, 743718.5 2365057, 743743.1 2365048, 743767.3 2365038, 743790.9 2365027, 743814 2365014, 743836.3 2365001, 743857.8 2364986, 743878.6 2364970, 743898.5 2364953, 743917.5 2364935, 743935.5 2364916, 743952.5 2364896, 743968.5 2364875, 743983.3 2364854, 743997 2364831, 744009.5 2364808, 744020.7 2364785, 744030.7 2364760, 744039.5 2364736, 744046.9 2364711, 744053 2364685, 744057.8 2364659, 744061.2 2364634, 744063.3 2364607, 744064 2364581))"
32,20260541,Forest,4740.827023878858,28.393067437574942,2.9508196721311477,0,Dai,NA,NA,1,0,0,5851,30.223945801936463,875.9533114461553,993.86932373046875,8.551299095153809,1.4334256189409469,785039.3371582031,0,0.12133817545601973,1,118,730773.2482910156,0.9308746883135467,900,0.0011464393660296664,1,0,0.9996870662448547,0.025015386919965524,8.463966877081248,3.346145011058112,1.0820829867168993,"POLYGON ((679224.5 2481080, 679223.8 2481053, 679221.7 2481027, 679218.3 2481001, 679213.5 2480976, 679207.4 2480950, 679200 2480925, 679191.3 2480900, 679181.2 2480876, 679170 2480853, 679157.5 2480830, 679143.8 2480807, 679129 2480786, 679113 2480765, 679096 2480745, 679078 2480726, 679059 2480708, 679039.1 2480691, 679018.4 2480675, 678996.8 2480660, 678974.5 2480647, 678951.5 2480634, 678927.8 2480623, 678903.7 2480613, 678879 2480604, 678853.9 2480597, 678828.4 2480591, 678802.7 2480586, 678776.7 2480582, 678750.6 2480580, 678724.5 2480580, 678698.3 2480580, 678672.2 2480582, 678646.3 2480586, 678620.5 2480591, 678595.1 2480597, 678570 2480604, 678545.3 2480613, 678521.1 2480623, 678497.5 2480634, 678474.5 2480647, 678452.2 2480660, 678430.6 2480675, 678409.8 2480691, 678389.9 2480708, 678370.9 2480726, 678352.9 2480745, 678335.9 2480765, 678320 2480786, 678305.1 2480807, 678291.5 2480830, 678279 2480853, 678267.7 2480876, 678257.7 2480900, 678248.9 2480925, 678241.5 2480950, 678235.4 2480976, 678230.6 2481001, 678227.2 2481027, 678225.2 2481053, 678224.5 2481080, 678225.2 2481106, 678227.2 2481132, 678230.6 2481158, 678235.4 2481184, 678241.5 2481209, 678248.9 2481234, 678257.7 2481259, 678267.7 2481283, 678279 2481307, 678291.5 2481330, 678305.1 2481352, 678320 2481373, 678335.9 2481394, 678352.9 2481414, 678370.9 2481433, 678389.9 2481451, 678409.8 2481468, 678430.6 2481484, 678452.2 2481499, 678474.5 2481513, 678497.5 2481525, 678521.1 2481536, 678545.3 2481546, 678570 2481555, 678595.1 2481563, 678620.5 2481569, 678646.3 2481573, 678672.2 2481577, 678698.3 2481579, 678724.5 2481580, 678750.6 2481579, 678776.7 2481577, 678802.7 2481573, 678828.4 2481569, 678853.9 2481563, 678879 2481555, 678903.7 2481546, 678927.8 2481536, 678951.5 2481525, 678974.5 2481513, 678996.8 2481499, 679018.4 2481484, 679039.1 2481468, 679059 2481451, 679078 2481433, 679096 2481414, 679113 2481394, 679129 2481373, 679143.8 2481352, 679157.5 2481330, 679170 2481307, 679181.2 2481283, 679191.3 2481259, 679200 2481234, 679207.4 2481209, 679213.5 2481184, 679218.3 2481158, 679221.7 2481132, 679223.8 2481106, 679224.5 2481080))"
32,20260541,Forest,3582.2736762193963,128.48206221372232,0.9385007278020379,0,Dai,NA,NA,1,0,0,5885,302.65614487332516,1225.0874718121247,692.33819580078125,5.509340763092041,259.181439257368,44100,17724.86457824707,0.5039327610433391,1,81,44100,1,0,0,1,0,-0.1876995128431812,-0.9822264977480665,8.183752982890077,4.855789300923641,-0.06347164746089516,"POLYGON ((668127 2382243, 668126.3 2382217, 668124.2 2382190, 668120.8 2382165, 668116.1 2382139, 668109.9 2382113, 668102.5 2382088, 668093.8 2382064, 668083.7 2382039, 668072.5 2382016, 668060 2381993, 668046.3 2381970, 668031.5 2381949, 668015.5 2381928, 667998.5 2381908, 667980.5 2381889, 667961.5 2381871, 667941.6 2381854, 667920.9 2381838, 667899.3 2381823, 667877 2381810, 667854 2381797, 667830.3 2381786, 667806.2 2381776, 667781.5 2381767, 667756.4 2381760, 667730.9 2381754, 667705.2 2381749, 667679.2 2381745, 667653.1 2381743, 667627 2381743, 667600.8 2381743, 667574.7 2381745, 667548.8 2381749, 667523 2381754, 667497.6 2381760, 667472.5 2381767, 667447.8 2381776, 667423.6 2381786, 667400 2381797, 667377 2381810, 667354.7 2381823, 667333.1 2381838, 667312.3 2381854, 667292.4 2381871, 667273.4 2381889, 667255.4 2381908, 667238.4 2381928, 667222.5 2381949, 667207.6 2381970, 667194 2381993, 667181.5 2382016, 667170.2 2382039, 667160.2 2382064, 667151.4 2382088, 667144 2382113, 667137.9 2382139, 667133.1 2382165, 667129.7 2382190, 667127.7 2382217, 667127 2382243, 667127.7 2382269, 667129.7 2382295, 667133.1 2382321, 667137.9 2382347, 667144 2382372, 667151.4 2382397, 667160.2 2382422, 667170.2 2382446, 667181.5 2382470, 667194 2382493, 667207.6 2382515, 667222.5 2382537, 667238.4 2382557, 667255.4 2382577, 667273.4 2382596, 667292.4 2382614, 667312.3 2382631, 667333.1 2382647, 667354.7 2382662, 667377 2382676, 667400 2382688, 667423.6 2382699, 667447.8 2382710, 667472.5 2382718, 667497.6 2382726, 667523 2382732, 667548.8 2382737, 667574.7 2382740, 667600.8 2382742, 667627 2382743, 667653.1 2382742, 667679.2 2382740, 667705.2 2382737, 667730.9 2382732, 667756.4 2382726, 667781.5 2382718, 667806.2 2382710, 667830.3 2382699, 667854 2382688, 667877 2382676, 667899.3 2382662, 667920.9 2382647, 667941.6 2382631, 667961.5 2382614, 667980.5 2382596, 667998.5 2382577, 668015.5 2382557, 668031.5 2382537, 668046.3 2382515, 668060 2382493, 668072.5 2382470, 668083.7 2382446, 668093.8 2382422, 668102.5 2382397, 668109.9 2382372, 668116.1 2382347, 668120.8 2382321, 668124.2 2382295, 668126.3 2382269, 668127 2382243))"
32,20260541,Forest,6519.263617384702,143.3536045654432,0.9216765453005927,0,Dai,NA,NA,1,0,0,5940,55.23886212223634,659.0600148816901,713.71856689453125,9.454785346984863,263.76404618857316,25108.78086090088,149536.2579345703,0.6583024196771213,1,8,25108.78086090088,1,0,0,1,0,-0.10862317644700581,-0.9940829973088579,8.782516706423346,4.965314337220381,-0.08156093552276016,"POLYGON ((670452.2 2389675, 670451.5 2389649, 670449.4 2389623, 670446 2389597, 670441.2 2389571, 670435.1 2389546, 670427.7 2389521, 670419 2389496, 670408.9 2389472, 670397.7 2389448, 670385.2 2389425, 670371.5 2389403, 670356.7 2389381, 670340.7 2389360, 670323.7 2389341, 670305.7 2389322, 670286.7 2389304, 670266.8 2389287, 670246.1 2389271, 670224.5 2389256, 670202.2 2389242, 670179.2 2389230, 670155.5 2389218, 670131.3 2389208, 670106.7 2389200, 670081.6 2389192, 670056.1 2389186, 670030.4 2389181, 670004.4 2389178, 669978.3 2389176, 669952.2 2389175, 669926 2389176, 669899.9 2389178, 669873.9 2389181, 669848.2 2389186, 669822.8 2389192, 669797.7 2389200, 669773 2389208, 669748.8 2389218, 669725.2 2389230, 669702.2 2389242, 669679.8 2389256, 669658.3 2389271, 669637.5 2389287, 669617.6 2389304, 669598.6 2389322, 669580.6 2389341, 669563.6 2389360, 669547.7 2389381, 669532.8 2389403, 669519.1 2389425, 669506.7 2389448, 669495.4 2389472, 669485.4 2389496, 669476.6 2389521, 669469.2 2389546, 669463.1 2389571, 669458.3 2389597, 669454.9 2389623, 669452.8 2389649, 669452.2 2389675, 669452.8 2389701, 669454.9 2389727, 669458.3 2389753, 669463.1 2389779, 669469.2 2389805, 669476.6 2389830, 669485.4 2389854, 669495.4 2389878, 669506.7 2389902, 669519.1 2389925, 669532.8 2389947, 669547.7 2389969, 669563.6 2389990, 669580.6 2390010, 669598.6 2390029, 669617.6 2390047, 669637.5 2390064, 669658.3 2390080, 669679.8 2390094, 669702.2 2390108, 669725.2 2390121, 669748.8 2390132, 669773 2390142, 669797.7 2390151, 669822.8 2390158, 669848.2 2390164, 669873.9 2390169, 669899.9 2390172, 669926 2390174, 669952.2 2390175, 669978.3 2390174, 670004.4 2390172, 670030.4 2390169, 670056.1 2390164, 670081.6 2390158, 670106.7 2390151, 670131.3 2390142, 670155.5 2390132, 670179.2 2390121, 670202.2 2390108, 670224.5 2390094, 670246.1 2390080, 670266.8 2390064, 670286.7 2390047, 670305.7 2390029, 670323.7 2390010, 670340.7 2389990, 670356.7 2389969, 670371.5 2389947, 670385.2 2389925, 670397.7 2389902, 670408.9 2389878, 670419 2389854, 670427.7 2389830, 670435.1 2389805, 670441.2 2389779, 670446 2389753, 670449.4 2389727, 670451.5 2389701, 670452.2 2389675))"
32,20260541,Forest,5300,11.357870574345577,3.2247191011235956,0,Dai,NA,NA,1,0,0,5945,75.29669373349726,585.4302832616529,727.352783203125,13.706653594970703,244.94403138241077,41876.14059448242,75758.72497558594,0.44053051296768564,1,107,8100,0.19342756722588833,5461.035490036011,0.13040923572492624,1,0,-0.4235033746335025,-0.9058945256894068,8.575462099540212,2.4299109462807524,1.1708458460274813,"POLYGON ((735503.6 2360003, 735502.9 2359977, 735500.9 2359951, 735497.5 2359925, 735492.7 2359899, 735486.6 2359874, 735479.2 2359849, 735470.4 2359824, 735460.4 2359800, 735449.1 2359776, 735436.6 2359753, 735423 2359731, 735408.1 2359709, 735392.2 2359688, 735375.2 2359669, 735357.2 2359650, 735338.2 2359632, 735318.3 2359615, 735297.5 2359599, 735275.9 2359584, 735253.6 2359570, 735230.6 2359558, 735207 2359546, 735182.8 2359536, 735158.1 2359528, 735133 2359520, 735107.6 2359514, 735081.8 2359509, 735055.9 2359506, 735029.8 2359504, 735003.6 2359503, 734977.5 2359504, 734951.4 2359506, 734925.4 2359509, 734899.7 2359514, 734874.2 2359520, 734849.1 2359528, 734824.4 2359536, 734800.3 2359546, 734776.6 2359558, 734753.6 2359570, 734731.3 2359584, 734709.7 2359599, 734689 2359615, 734669.1 2359632, 734650.1 2359650, 734632.1 2359669, 734615.1 2359688, 734599.1 2359709, 734584.3 2359731, 734570.6 2359753, 734558.1 2359776, 734546.9 2359800, 734536.8 2359824, 734528.1 2359849, 734520.7 2359874, 734514.6 2359899, 734509.8 2359925, 734506.4 2359951, 734504.3 2359977, 734503.6 2360003, 734504.3 2360029, 734506.4 2360055, 734509.8 2360081, 734514.6 2360107, 734520.7 2360133, 734528.1 2360158, 734536.8 2360182, 734546.9 2360206, 734558.1 2360230, 734570.6 2360253, 734584.3 2360275, 734599.1 2360297, 734615.1 2360318, 734632.1 2360338, 734650.1 2360357, 734669.1 2360375, 734689 2360392, 734709.7 2360408, 734731.3 2360422, 734753.6 2360436, 734776.6 2360449, 734800.3 2360460, 734824.4 2360470, 734849.1 2360479, 734874.2 2360486, 734899.7 2360492, 734925.4 2360497, 734951.4 2360500, 734977.5 2360502, 735003.6 2360503, 735029.8 2360502, 735055.9 2360500, 735081.8 2360497, 735107.6 2360492, 735133 2360486, 735158.1 2360479, 735182.8 2360470, 735207 2360460, 735230.6 2360449, 735253.6 2360436, 735275.9 2360422, 735297.5 2360408, 735318.3 2360392, 735338.2 2360375, 735357.2 2360357, 735375.2 2360338, 735392.2 2360318, 735408.1 2360297, 735423 2360275, 735436.6 2360253, 735449.1 2360230, 735460.4 2360206, 735470.4 2360182, 735479.2 2360158, 735486.6 2360133, 735492.7 2360107, 735497.5 2360081, 735500.9 2360055, 735502.9 2360029, 735503.6 2360003))"
32,20260541,Forest,3582.2736762193963,128.48206221372232,0.9385007278020379,0,Dai,NA,NA,1,0,0,6000,1110.5541118831914,1607.2648249091685,758.82501220703125,7.7114081382751465,205.64453930954267,49974.29008483887,21256.555366516113,0.03535155589732788,1,122,49974.29008483887,1,0,0,1,0,-0.9014963688172408,-0.4327866645465514,8.183752982890077,4.855789300923641,-0.06347164746089516,"POLYGON ((666117.1 2383222, 666116.4 2383196, 666114.3 2383170, 666110.9 2383144, 666106.2 2383118, 666100 2383093, 666092.6 2383068, 666083.9 2383043, 666073.9 2383019, 666062.6 2382995, 666050.1 2382972, 666036.4 2382950, 666021.6 2382928, 666005.7 2382908, 665988.7 2382888, 665970.6 2382869, 665951.7 2382851, 665931.7 2382834, 665911 2382818, 665889.4 2382803, 665867.1 2382789, 665844.1 2382777, 665820.5 2382765, 665796.3 2382755, 665771.6 2382747, 665746.5 2382739, 665721 2382733, 665695.3 2382728, 665669.3 2382725, 665643.3 2382723, 665617.1 2382722, 665590.9 2382723, 665564.8 2382725, 665538.9 2382728, 665513.1 2382733, 665487.7 2382739, 665462.6 2382747, 665437.9 2382755, 665413.7 2382765, 665390.1 2382777, 665367.1 2382789, 665344.8 2382803, 665323.2 2382818, 665302.4 2382834, 665282.5 2382851, 665263.5 2382869, 665245.5 2382888, 665228.5 2382908, 665212.6 2382928, 665197.7 2382950, 665184.1 2382972, 665171.6 2382995, 665160.3 2383019, 665150.3 2383043, 665141.6 2383068, 665134.1 2383093, 665128 2383118, 665123.2 2383144, 665119.8 2383170, 665117.8 2383196, 665117.1 2383222, 665117.8 2383248, 665119.8 2383274, 665123.2 2383300, 665128 2383326, 665134.1 2383352, 665141.6 2383377, 665150.3 2383401, 665160.3 2383426, 665171.6 2383449, 665184.1 2383472, 665197.7 2383494, 665212.6 2383516, 665228.5 2383537, 665245.5 2383557, 665263.5 2383576, 665282.5 2383594, 665302.4 2383611, 665323.2 2383627, 665344.8 2383642, 665367.1 2383655, 665390.1 2383668, 665413.7 2383679, 665437.9 2383689, 665462.6 2383698, 665487.7 2383705, 665513.1 2383711, 665538.9 2383716, 665564.8 2383719, 665590.9 2383721, 665617.1 2383722, 665643.3 2383721, 665669.3 2383719, 665695.3 2383716, 665721 2383711, 665746.5 2383705, 665771.6 2383698, 665796.3 2383689, 665820.5 2383679, 665844.1 2383668, 665867.1 2383655, 665889.4 2383642, 665911 2383627, 665931.7 2383611, 665951.7 2383594, 665970.6 2383576, 665988.7 2383557, 666005.7 2383537, 666021.6 2383516, 666036.4 2383494, 666050.1 2383472, 666062.6 2383449, 666073.9 2383426, 666083.9 2383401, 666092.6 2383377, 666100 2383352, 666106.2 2383326, 666110.9 2383300, 666114.3 2383274, 666116.4 2383248, 666117.1 2383222))"
32,20260541,Forest,6109.060402684564,16.49307014828121,2.182649842271293,0,Dai,NA,NA,1,0,0,6232,385.91921715291755,1309.2171246934595,905.84722900390625,4.549806118011475,221.4857872560499,52022.93128967285,7946.199989318848,0.1881311736150152,1,111,6086.739492416382,0.11700108666550033,45936.1930847168,0.8829989380824386,1,0,-0.7491200667287069,-0.6624342424908134,8.717528260092221,2.802940301672347,0.7805396626274846,"POLYGON ((716763.4 2486596, 716762.7 2486570, 716760.7 2486544, 716757.2 2486518, 716752.5 2486492, 716746.4 2486467, 716738.9 2486442, 716730.2 2486417, 716720.2 2486393, 716708.9 2486369, 716696.4 2486346, 716682.7 2486324, 716667.9 2486302, 716652 2486282, 716635 2486262, 716616.9 2486243, 716598 2486225, 716578 2486208, 716557.3 2486192, 716535.7 2486177, 716513.4 2486163, 716490.4 2486151, 716466.8 2486140, 716442.6 2486130, 716417.9 2486121, 716392.8 2486113, 716367.3 2486107, 716341.6 2486103, 716315.7 2486099, 716289.6 2486097, 716263.4 2486096, 716237.2 2486097, 716211.1 2486099, 716185.2 2486103, 716159.4 2486107, 716134 2486113, 716108.9 2486121, 716084.2 2486130, 716060 2486140, 716036.4 2486151, 716013.4 2486163, 715991.1 2486177, 715969.5 2486192, 715948.7 2486208, 715928.8 2486225, 715909.8 2486243, 715891.8 2486262, 715874.8 2486282, 715858.9 2486302, 715844.1 2486324, 715830.4 2486346, 715817.9 2486369, 715806.6 2486393, 715796.6 2486417, 715787.9 2486442, 715780.4 2486467, 715774.3 2486492, 715769.5 2486518, 715766.1 2486544, 715764.1 2486570, 715763.4 2486596, 715764.1 2486623, 715766.1 2486649, 715769.5 2486675, 715774.3 2486700, 715780.4 2486726, 715787.9 2486751, 715796.6 2486776, 715806.6 2486800, 715817.9 2486823, 715830.4 2486846, 715844.1 2486869, 715858.9 2486890, 715874.8 2486911, 715891.8 2486931, 715909.8 2486950, 715928.8 2486968, 715948.7 2486985, 715969.5 2487001, 715991.1 2487016, 716013.4 2487029, 716036.4 2487042, 716060 2487053, 716084.2 2487063, 716108.9 2487072, 716134 2487079, 716159.4 2487085, 716185.2 2487090, 716211.1 2487094, 716237.2 2487096, 716263.4 2487096, 716289.6 2487096, 716315.7 2487094, 716341.6 2487090, 716367.3 2487085, 716392.8 2487079, 716417.9 2487072, 716442.6 2487063, 716466.8 2487053, 716490.4 2487042, 716513.4 2487029, 716535.7 2487016, 716557.3 2487001, 716578 2486985, 716598 2486968, 716616.9 2486950, 716635 2486931, 716652 2486911, 716667.9 2486890, 716682.7 2486869, 716696.4 2486846, 716708.9 2486823, 716720.2 2486800, 716730.2 2486776, 716738.9 2486751, 716746.4 2486726, 716752.5 2486700, 716757.2 2486675, 716760.7 2486649, 716762.7 2486623, 716763.4 2486596))"
32,20260541,Forest,9439.29173693086,188.16805012166466,1.9389686684073106,0,Dai,NA,NA,1,0,0,6241,917.360086901555,942.7817899571564,636.102294921875,7.411556720733643,240.95490132073797,48422.01118469238,137495.3109741211,0.3561232479045799,1,43,47522.01118469238,0.9814134114221899,0,0,1,0,-0.4854979010412367,-0.8742378326774434,9.152636228457322,5.237335447179777,0.6621562174952594,"POLYGON ((705465.7 2426940, 705465 2426914, 705463 2426888, 705459.6 2426862, 705454.8 2426836, 705448.7 2426811, 705441.2 2426786, 705432.5 2426761, 705422.5 2426737, 705411.2 2426713, 705398.7 2426690, 705385 2426668, 705370.2 2426646, 705354.3 2426626, 705337.3 2426606, 705319.3 2426587, 705300.3 2426569, 705280.4 2426552, 705259.6 2426536, 705238 2426521, 705215.7 2426507, 705192.7 2426495, 705169.1 2426484, 705144.9 2426474, 705120.2 2426465, 705095.1 2426457, 705069.7 2426451, 705043.9 2426447, 705018 2426443, 704991.9 2426441, 704965.7 2426440, 704939.5 2426441, 704913.4 2426443, 704887.5 2426447, 704861.8 2426451, 704836.3 2426457, 704811.2 2426465, 704786.5 2426474, 704762.3 2426484, 704738.7 2426495, 704715.7 2426507, 704693.4 2426521, 704671.8 2426536, 704651.1 2426552, 704631.1 2426569, 704612.2 2426587, 704594.1 2426606, 704577.1 2426626, 704561.2 2426646, 704546.4 2426668, 704532.7 2426690, 704520.2 2426713, 704508.9 2426737, 704498.9 2426761, 704490.2 2426786, 704482.7 2426811, 704476.6 2426836, 704471.9 2426862, 704468.5 2426888, 704466.4 2426914, 704465.7 2426940, 704466.4 2426967, 704468.5 2426993, 704471.9 2427019, 704476.6 2427044, 704482.7 2427070, 704490.2 2427095, 704498.9 2427120, 704508.9 2427144, 704520.2 2427167, 704532.7 2427190, 704546.4 2427213, 704561.2 2427234, 704577.1 2427255, 704594.1 2427275, 704612.2 2427294, 704631.1 2427312, 704651.1 2427329, 704671.8 2427345, 704693.4 2427360, 704715.7 2427373, 704738.7 2427386, 704762.3 2427397, 704786.5 2427407, 704811.2 2427416, 704836.3 2427423, 704861.8 2427429, 704887.5 2427434, 704913.4 2427438, 704939.5 2427440, 704965.7 2427440, 704991.9 2427440, 705018 2427438, 705043.9 2427434, 705069.7 2427429, 705095.1 2427423, 705120.2 2427416, 705144.9 2427407, 705169.1 2427397, 705192.7 2427386, 705215.7 2427373, 705238 2427360, 705259.6 2427345, 705280.4 2427329, 705300.3 2427312, 705319.3 2427294, 705337.3 2427275, 705354.3 2427255, 705370.2 2427234, 705385 2427213, 705398.7 2427190, 705411.2 2427167, 705422.5 2427144, 705432.5 2427120, 705441.2 2427095, 705448.7 2427070, 705454.8 2427044, 705459.6 2427019, 705463 2426993, 705465 2426967, 705465.7 2426940))"
32,20260541,Forest,4841,40.475513715159785,0.8751300728407908,0,Dai,NA,NA,1,0,0,6373,461.89729392870623,895.9785641786295,590.90765380859375,7.478429794311523,174.01533522714985,7687.6152992248535,106086.65542602539,0.6248075220734708,1,87,7687.6152992248535,1,0,0,1,0,-0.9945498368104937,0.10426227553732116,8.484876589939695,3.7006971916427536,-0.13338274899734448,"POLYGON ((732761.7 2428211, 732761 2428185, 732759 2428159, 732755.6 2428133, 732750.8 2428107, 732744.7 2428082, 732737.3 2428057, 732728.5 2428032, 732718.5 2428008, 732707.2 2427984, 732694.7 2427961, 732681.1 2427939, 732666.2 2427917, 732650.3 2427897, 732633.3 2427877, 732615.3 2427858, 732596.3 2427840, 732576.4 2427823, 732555.6 2427807, 732534 2427792, 732511.7 2427778, 732488.7 2427766, 732465.1 2427755, 732440.9 2427745, 732416.2 2427736, 732391.1 2427728, 732365.7 2427722, 732339.9 2427718, 732314 2427714, 732287.9 2427712, 732261.7 2427711, 732235.6 2427712, 732209.5 2427714, 732183.5 2427718, 732157.8 2427722, 732132.3 2427728, 732107.2 2427736, 732082.5 2427745, 732058.4 2427755, 732034.7 2427766, 732011.7 2427778, 731989.4 2427792, 731967.8 2427807, 731947.1 2427823, 731927.2 2427840, 731908.2 2427858, 731890.2 2427877, 731873.2 2427897, 731857.2 2427917, 731842.4 2427939, 731828.7 2427961, 731816.2 2427984, 731805 2428008, 731794.9 2428032, 731786.2 2428057, 731778.8 2428082, 731772.6 2428107, 731767.9 2428133, 731764.5 2428159, 731762.4 2428185, 731761.7 2428211, 731762.4 2428238, 731764.5 2428264, 731767.9 2428290, 731772.6 2428315, 731778.8 2428341, 731786.2 2428366, 731794.9 2428391, 731805 2428415, 731816.2 2428438, 731828.7 2428461, 731842.4 2428484, 731857.2 2428505, 731873.2 2428526, 731890.2 2428546, 731908.2 2428565, 731927.2 2428583, 731947.1 2428600, 731967.8 2428616, 731989.4 2428631, 732011.7 2428644, 732034.7 2428657, 732058.4 2428668, 732082.5 2428678, 732107.2 2428687, 732132.3 2428694, 732157.8 2428700, 732183.5 2428705, 732209.5 2428709, 732235.6 2428711, 732261.7 2428711, 732287.9 2428711, 732314 2428709, 732339.9 2428705, 732365.7 2428700, 732391.1 2428694, 732416.2 2428687, 732440.9 2428678, 732465.1 2428668, 732488.7 2428657, 732511.7 2428644, 732534 2428631, 732555.6 2428616, 732576.4 2428600, 732596.3 2428583, 732615.3 2428565, 732633.3 2428546, 732650.3 2428526, 732666.2 2428505, 732681.1 2428484, 732694.7 2428461, 732707.2 2428438, 732718.5 2428415, 732728.5 2428391, 732737.3 2428366, 732744.7 2428341, 732750.8 2428315, 732755.6 2428290, 732759 2428264, 732761 2428238, 732761.7 2428211))"
32,20260541,Forest,7781.739130434783,93.74461428755224,2.279844357976654,0,Dai,NA,NA,1,0,0,6469,116.88145851823884,961.3163728886065,1197.853759765625,1.1436243057250977,208.31816839951486,66668.51348876953,0,0.20706051546381016,1,100,0,0,34273.038482666016,0.5140813359883807,1,0,-0.8803269766366233,-0.47436738315974264,8.9595351308077,4.540574215600901,0.8241071765909261,"POLYGON ((631486.4 2437024, 631485.7 2436998, 631483.7 2436972, 631480.3 2436946, 631475.5 2436920, 631469.4 2436895, 631461.9 2436870, 631453.2 2436845, 631443.2 2436821, 631431.9 2436797, 631419.4 2436774, 631405.7 2436752, 631390.9 2436730, 631375 2436710, 631358 2436690, 631340 2436671, 631321 2436653, 631301.1 2436636, 631280.3 2436620, 631258.7 2436605, 631236.4 2436591, 631213.4 2436579, 631189.8 2436568, 631165.6 2436558, 631140.9 2436549, 631115.8 2436541, 631090.4 2436535, 631064.6 2436530, 631038.7 2436527, 631012.6 2436525, 630986.4 2436524, 630960.2 2436525, 630934.1 2436527, 630908.2 2436530, 630882.5 2436535, 630857 2436541, 630831.9 2436549, 630807.2 2436558, 630783 2436568, 630759.4 2436579, 630736.4 2436591, 630714.1 2436605, 630692.5 2436620, 630671.8 2436636, 630651.8 2436653, 630632.9 2436671, 630614.8 2436690, 630597.8 2436710, 630581.9 2436730, 630567.1 2436752, 630553.4 2436774, 630540.9 2436797, 630529.6 2436821, 630519.6 2436845, 630510.9 2436870, 630503.4 2436895, 630497.3 2436920, 630492.6 2436946, 630489.2 2436972, 630487.1 2436998, 630486.4 2437024, 630487.1 2437051, 630489.2 2437077, 630492.6 2437103, 630497.3 2437128, 630503.4 2437154, 630510.9 2437179, 630519.6 2437204, 630529.6 2437228, 630540.9 2437251, 630553.4 2437274, 630567.1 2437297, 630581.9 2437318, 630597.8 2437339, 630614.8 2437359, 630632.9 2437378, 630651.8 2437396, 630671.8 2437413, 630692.5 2437429, 630714.1 2437444, 630736.4 2437457, 630759.4 2437470, 630783 2437481, 630807.2 2437491, 630831.9 2437500, 630857 2437507, 630882.5 2437513, 630908.2 2437518, 630934.1 2437522, 630960.2 2437524, 630986.4 2437524, 631012.6 2437524, 631038.7 2437522, 631064.6 2437518, 631090.4 2437513, 631115.8 2437507, 631140.9 2437500, 631165.6 2437491, 631189.8 2437481, 631213.4 2437470, 631236.4 2437457, 631258.7 2437444, 631280.3 2437429, 631301.1 2437413, 631321 2437396, 631340 2437378, 631358 2437359, 631375 2437339, 631390.9 2437318, 631405.7 2437297, 631419.4 2437274, 631431.9 2437251, 631443.2 2437228, 631453.2 2437204, 631461.9 2437179, 631469.4 2437154, 631475.5 2437128, 631480.3 2437103, 631483.7 2437077, 631485.7 2437051, 631486.4 2437024))"
32,20260541,Forest,3364.0069889341876,13.660357418805527,4.024451939291737,0,Dai,NA,NA,1,0,0,6510,171.12913556156985,478.80807265257863,1037.2420654296875,15.706733703613281,351.7013829147488,96950.35629272461,900,0.036528423800015544,1,102,10800,0.11139721825664356,0,0,1,0,0.9895292730220046,-0.1443323173531944,8.120888098657323,2.614498019159453,1.3923887374482258,"POLYGON ((673011.6 2473502, 673010.9 2473476, 673008.8 2473450, 673005.4 2473424, 673000.6 2473398, 672994.5 2473373, 672987.1 2473348, 672978.3 2473323, 672968.3 2473299, 672957.1 2473275, 672944.6 2473252, 672930.9 2473230, 672916.1 2473208, 672900.1 2473188, 672883.1 2473168, 672865.1 2473149, 672846.1 2473131, 672826.2 2473114, 672805.4 2473098, 672783.9 2473083, 672761.6 2473069, 672738.5 2473057, 672714.9 2473046, 672690.7 2473036, 672666.1 2473027, 672641 2473019, 672615.5 2473013, 672589.8 2473009, 672563.8 2473005, 672537.7 2473003, 672511.6 2473002, 672485.4 2473003, 672459.3 2473005, 672433.3 2473009, 672407.6 2473013, 672382.1 2473019, 672357 2473027, 672332.4 2473036, 672308.2 2473046, 672284.6 2473057, 672261.6 2473069, 672239.2 2473083, 672217.7 2473098, 672196.9 2473114, 672177 2473131, 672158 2473149, 672140 2473168, 672123 2473188, 672107 2473208, 672092.2 2473230, 672078.5 2473252, 672066.1 2473275, 672054.8 2473299, 672044.8 2473323, 672036 2473348, 672028.6 2473373, 672022.5 2473398, 672017.7 2473424, 672014.3 2473450, 672012.2 2473476, 672011.6 2473502, 672012.2 2473529, 672014.3 2473555, 672017.7 2473581, 672022.5 2473606, 672028.6 2473632, 672036 2473657, 672044.8 2473682, 672054.8 2473706, 672066.1 2473729, 672078.5 2473752, 672092.2 2473775, 672107 2473796, 672123 2473817, 672140 2473837, 672158 2473856, 672177 2473874, 672196.9 2473891, 672217.7 2473907, 672239.2 2473922, 672261.6 2473935, 672284.6 2473948, 672308.2 2473959, 672332.4 2473969, 672357 2473978, 672382.1 2473985, 672407.6 2473991, 672433.3 2473996, 672459.3 2474000, 672485.4 2474002, 672511.6 2474002, 672537.7 2474002, 672563.8 2474000, 672589.8 2473996, 672615.5 2473991, 672641 2473985, 672666.1 2473978, 672690.7 2473969, 672714.9 2473959, 672738.5 2473948, 672761.6 2473935, 672783.9 2473922, 672805.4 2473907, 672826.2 2473891, 672846.1 2473874, 672865.1 2473856, 672883.1 2473837, 672900.1 2473817, 672916.1 2473796, 672930.9 2473775, 672944.6 2473752, 672957.1 2473729, 672968.3 2473706, 672978.3 2473682, 672987.1 2473657, 672994.5 2473632, 673000.6 2473606, 673005.4 2473581, 673008.8 2473555, 673010.9 2473529, 673011.6 2473502))"
32,20260541,Forest,6109.060402684564,16.49307014828121,2.182649842271293,0,Dai,NA,NA,1,0,0,6627,67.0601180222773,157.53442773787833,866.5455322265625,8.27700424194336,84.93251076945764,724406.1767578125,718.53466629982,0.5845763196347217,1,49,419484.5947265625,0.5790737409280912,60538.19046020508,0.08356940125932215,1,0,0.0883291089954759,0.9960913454618835,8.717528260092221,2.802940301672347,0.7805396626274846,"POLYGON ((718426.3 2477477, 718425.6 2477451, 718423.5 2477425, 718420.1 2477399, 718415.3 2477373, 718409.2 2477348, 718401.8 2477323, 718393.1 2477298, 718383 2477274, 718371.8 2477250, 718359.3 2477227, 718345.6 2477205, 718330.8 2477183, 718314.8 2477163, 718297.8 2477143, 718279.8 2477124, 718260.8 2477106, 718240.9 2477089, 718220.2 2477073, 718198.6 2477058, 718176.3 2477044, 718153.3 2477032, 718129.6 2477020, 718105.5 2477010, 718080.8 2477002, 718055.7 2476994, 718030.2 2476988, 718004.5 2476983, 717978.5 2476980, 717952.4 2476978, 717926.3 2476977, 717900.1 2476978, 717874 2476980, 717848 2476983, 717822.3 2476988, 717796.9 2476994, 717771.8 2477002, 717747.1 2477010, 717722.9 2477020, 717699.3 2477032, 717676.3 2477044, 717653.9 2477058, 717632.4 2477073, 717611.6 2477089, 717591.7 2477106, 717572.7 2477124, 717554.7 2477143, 717537.7 2477163, 717521.8 2477183, 717506.9 2477205, 717493.3 2477227, 717480.8 2477250, 717469.5 2477274, 717459.5 2477298, 717450.7 2477323, 717443.3 2477348, 717437.2 2477373, 717432.4 2477399, 717429 2477425, 717427 2477451, 717426.3 2477477, 717427 2477503, 717429 2477530, 717432.4 2477555, 717437.2 2477581, 717443.3 2477607, 717450.7 2477632, 717459.5 2477656, 717469.5 2477681, 717480.8 2477704, 717493.3 2477727, 717506.9 2477750, 717521.8 2477771, 717537.7 2477792, 717554.7 2477812, 717572.7 2477831, 717591.7 2477849, 717611.6 2477866, 717632.4 2477882, 717653.9 2477897, 717676.3 2477910, 717699.3 2477923, 717722.9 2477934, 717747.1 2477944, 717771.8 2477953, 717796.9 2477960, 717822.3 2477966, 717848 2477971, 717874 2477975, 717900.1 2477977, 717926.3 2477977, 717952.4 2477977, 717978.5 2477975, 718004.5 2477971, 718030.2 2477966, 718055.7 2477960, 718080.8 2477953, 718105.5 2477944, 718129.6 2477934, 718153.3 2477923, 718176.3 2477910, 718198.6 2477897, 718220.2 2477882, 718240.9 2477866, 718260.8 2477849, 718279.8 2477831, 718297.8 2477812, 718314.8 2477792, 718330.8 2477771, 718345.6 2477750, 718359.3 2477727, 718371.8 2477704, 718383 2477681, 718393.1 2477656, 718401.8 2477632, 718409.2 2477607, 718415.3 2477581, 718420.1 2477555, 718423.5 2477530, 718425.6 2477503, 718426.3 2477477))"
32,20260541,Forest,9586.259252230024,196.9671692766816,0.6646942800788954,0,Dai,NA,NA,1,0,0,6633,1363.3971894355789,1800.5532689378558,727.89630126953125,9.17013931274414,326.81475368077025,31471.51107788086,129.38740253448486,0.008557304757603211,1,121,2700,0.08579187676494004,0,0,1,0,0.8369052834137145,-0.5473477382744998,9.168086024234949,5.283037061431905,-0.4084280732388215,"POLYGON ((672386.9 2390519, 672386.2 2390493, 672384.1 2390467, 672380.7 2390441, 672375.9 2390415, 672369.8 2390389, 672362.4 2390364, 672353.6 2390340, 672343.6 2390315, 672332.4 2390292, 672319.9 2390269, 672306.2 2390247, 672291.4 2390225, 672275.4 2390204, 672258.4 2390184, 672240.4 2390165, 672221.4 2390147, 672201.5 2390130, 672180.8 2390114, 672159.2 2390100, 672136.9 2390086, 672113.9 2390073, 672090.2 2390062, 672066 2390052, 672041.4 2390043, 672016.3 2390036, 671990.8 2390030, 671965.1 2390025, 671939.1 2390022, 671913 2390020, 671886.9 2390019, 671860.7 2390020, 671834.6 2390022, 671808.6 2390025, 671782.9 2390030, 671757.4 2390036, 671732.3 2390043, 671707.7 2390052, 671683.5 2390062, 671659.9 2390073, 671636.9 2390086, 671614.5 2390100, 671593 2390114, 671572.2 2390130, 671552.3 2390147, 671533.3 2390165, 671515.3 2390184, 671498.3 2390204, 671482.3 2390225, 671467.5 2390247, 671453.8 2390269, 671441.4 2390292, 671430.1 2390315, 671420.1 2390340, 671411.3 2390364, 671403.9 2390389, 671397.8 2390415, 671393 2390441, 671389.6 2390467, 671387.5 2390493, 671386.9 2390519, 671387.5 2390545, 671389.6 2390571, 671393 2390597, 671397.8 2390623, 671403.9 2390648, 671411.3 2390673, 671420.1 2390698, 671430.1 2390722, 671441.4 2390746, 671453.8 2390769, 671467.5 2390791, 671482.3 2390813, 671498.3 2390834, 671515.3 2390853, 671533.3 2390872, 671552.3 2390890, 671572.2 2390907, 671593 2390923, 671614.5 2390938, 671636.9 2390952, 671659.9 2390964, 671683.5 2390976, 671707.7 2390986, 671732.3 2390994, 671757.4 2391002, 671782.9 2391008, 671808.6 2391013, 671834.6 2391016, 671860.7 2391018, 671886.9 2391019, 671913 2391018, 671939.1 2391016, 671965.1 2391013, 671990.8 2391008, 672016.3 2391002, 672041.4 2390994, 672066 2390986, 672090.2 2390976, 672113.9 2390964, 672136.9 2390952, 672159.2 2390938, 672180.8 2390923, 672201.5 2390907, 672221.4 2390890, 672240.4 2390872, 672258.4 2390853, 672275.4 2390834, 672291.4 2390813, 672306.2 2390791, 672319.9 2390769, 672332.4 2390746, 672343.6 2390722, 672353.6 2390698, 672362.4 2390673, 672369.8 2390648, 672375.9 2390623, 672380.7 2390597, 672384.1 2390571, 672386.2 2390545, 672386.9 2390519))"
32,20260541,Forest,7600.000000000001,154.64364176649318,2.9217037269025994,0,Dai,NA,NA,1,0,0,6702,241.087773185914,844.2373801587671,1199.9512939453125,3.654658079147339,57.77106812905194,182857.33795166016,1081.2310695648193,0.06455913522935293,1,117,0,0,38414.0567779541,0.21007664886879834,1,0,0.5333034987765487,0.8459239789677863,8.935903526274423,5.041123384587169,1.072166914246179,"POLYGON ((625816.6 2432318, 625815.9 2432292, 625813.8 2432265, 625810.4 2432239, 625805.7 2432214, 625799.5 2432188, 625792.1 2432163, 625783.4 2432139, 625773.4 2432114, 625762.1 2432091, 625749.6 2432068, 625735.9 2432045, 625721.1 2432024, 625705.2 2432003, 625688.2 2431983, 625670.1 2431964, 625651.1 2431946, 625631.2 2431929, 625610.5 2431913, 625588.9 2431898, 625566.6 2431885, 625543.6 2431872, 625519.9 2431861, 625495.8 2431851, 625471.1 2431842, 625446 2431835, 625420.5 2431829, 625394.8 2431824, 625368.8 2431820, 625342.7 2431818, 625316.6 2431818, 625290.4 2431818, 625264.3 2431820, 625238.4 2431824, 625212.6 2431829, 625187.2 2431835, 625162.1 2431842, 625137.4 2431851, 625113.2 2431861, 625089.6 2431872, 625066.6 2431885, 625044.3 2431898, 625022.7 2431913, 625001.9 2431929, 624982 2431946, 624963 2431964, 624945 2431983, 624928 2432003, 624912.1 2432024, 624897.2 2432045, 624883.6 2432068, 624871.1 2432091, 624859.8 2432114, 624849.8 2432139, 624841.1 2432163, 624833.6 2432188, 624827.5 2432214, 624822.7 2432239, 624819.3 2432265, 624817.3 2432292, 624816.6 2432318, 624817.3 2432344, 624819.3 2432370, 624822.7 2432396, 624827.5 2432422, 624833.6 2432447, 624841.1 2432472, 624849.8 2432497, 624859.8 2432521, 624871.1 2432545, 624883.6 2432568, 624897.2 2432590, 624912.1 2432612, 624928 2432632, 624945 2432652, 624963 2432671, 624982 2432689, 625001.9 2432706, 625022.7 2432722, 625044.3 2432737, 625066.6 2432751, 625089.6 2432763, 625113.2 2432774, 625137.4 2432784, 625162.1 2432793, 625187.2 2432801, 625212.6 2432807, 625238.4 2432812, 625264.3 2432815, 625290.4 2432817, 625316.6 2432818, 625342.7 2432817, 625368.8 2432815, 625394.8 2432812, 625420.5 2432807, 625446 2432801, 625471.1 2432793, 625495.8 2432784, 625519.9 2432774, 625543.6 2432763, 625566.6 2432751, 625588.9 2432737, 625610.5 2432722, 625631.2 2432706, 625651.1 2432689, 625670.1 2432671, 625688.2 2432652, 625705.2 2432632, 625721.1 2432612, 625735.9 2432590, 625749.6 2432568, 625762.1 2432545, 625773.4 2432521, 625783.4 2432497, 625792.1 2432472, 625799.5 2432447, 625805.7 2432422, 625810.4 2432396, 625813.8 2432370, 625815.9 2432344, 625816.6 2432318))"
32,20260541,Forest,6074.664429530201,13.119310196178745,1.7788079470198674,0,Dai,NA,NA,1,0,0,6810,1129.3501176615455,1356.1091503027842,931.89239501953125,6.685605049133301,248.41567604710235,22372.900199890137,0,0.024480062341291665,1,112,22372.900199890137,1,0,0,1,0,-0.36787015333166345,-0.9298771694625793,8.711882028745663,2.5740852056229833,0.5759434472742128,"POLYGON ((714030.6 2493309, 714029.9 2493283, 714027.8 2493257, 714024.4 2493231, 714019.7 2493205, 714013.5 2493180, 714006.1 2493155, 713997.4 2493130, 713987.4 2493106, 713976.1 2493082, 713963.6 2493059, 713949.9 2493037, 713935.1 2493015, 713919.2 2492994, 713902.2 2492975, 713884.1 2492956, 713865.1 2492937, 713845.2 2492920, 713824.5 2492905, 713802.9 2492890, 713780.6 2492876, 713757.6 2492864, 713734 2492852, 713709.8 2492842, 713685.1 2492834, 713660 2492826, 713634.5 2492820, 713608.8 2492815, 713582.8 2492812, 713556.8 2492810, 713530.6 2492809, 713504.4 2492810, 713478.3 2492812, 713452.4 2492815, 713426.6 2492820, 713401.2 2492826, 713376.1 2492834, 713351.4 2492842, 713327.2 2492852, 713303.6 2492864, 713280.6 2492876, 713258.3 2492890, 713236.7 2492905, 713215.9 2492920, 713196 2492937, 713177 2492956, 713159 2492975, 713142 2492994, 713126.1 2493015, 713111.2 2493037, 713097.6 2493059, 713085.1 2493082, 713073.8 2493106, 713063.8 2493130, 713055.1 2493155, 713047.6 2493180, 713041.5 2493205, 713036.7 2493231, 713033.3 2493257, 713031.3 2493283, 713030.6 2493309, 713031.3 2493335, 713033.3 2493361, 713036.7 2493387, 713041.5 2493413, 713047.6 2493438, 713055.1 2493464, 713063.8 2493488, 713073.8 2493512, 713085.1 2493536, 713097.6 2493559, 713111.2 2493581, 713126.1 2493603, 713142 2493624, 713159 2493644, 713177 2493663, 713196 2493681, 713215.9 2493698, 713236.7 2493714, 713258.3 2493728, 713280.6 2493742, 713303.6 2493755, 713327.2 2493766, 713351.4 2493776, 713376.1 2493785, 713401.2 2493792, 713426.6 2493798, 713452.4 2493803, 713478.3 2493806, 713504.4 2493808, 713530.6 2493809, 713556.8 2493808, 713582.8 2493806, 713608.8 2493803, 713634.5 2493798, 713660 2493792, 713685.1 2493785, 713709.8 2493776, 713734 2493766, 713757.6 2493755, 713780.6 2493742, 713802.9 2493728, 713824.5 2493714, 713845.2 2493698, 713865.1 2493681, 713884.1 2493663, 713902.2 2493644, 713919.2 2493624, 713935.1 2493603, 713949.9 2493581, 713963.6 2493559, 713976.1 2493536, 713987.4 2493512, 713997.4 2493488, 714006.1 2493464, 714013.5 2493438, 714019.7 2493413, 714024.4 2493387, 714027.8 2493361, 714029.9 2493335, 714030.6 2493309))"
32,20260541,Forest,7826.956521739131,214.29487428046653,4.8661487899611595,0,Dai,NA,NA,1,0,0,6819,597.2413402424777,653.6144268443365,1201.78076171875,4.9561052322387695,218.1339819225724,11700,39872.337341308594,0.07632922782815853,1,84,0,0,900,0.07692307692307693,1,0,-0.7865689217974933,-0.6175024949442139,8.965329018881926,5.367352983763554,1.5823028213622343,"POLYGON ((636900.1 2429527, 636899.4 2429500, 636897.4 2429474, 636893.9 2429448, 636889.2 2429423, 636883.1 2429397, 636875.6 2429372, 636866.9 2429347, 636856.9 2429323, 636845.6 2429300, 636833.1 2429277, 636819.4 2429254, 636804.6 2429233, 636788.7 2429212, 636771.7 2429192, 636753.7 2429173, 636734.7 2429155, 636714.8 2429138, 636694 2429122, 636672.4 2429107, 636650.1 2429094, 636627.1 2429081, 636603.5 2429070, 636579.3 2429060, 636554.6 2429051, 636529.5 2429044, 636504.1 2429037, 636478.3 2429033, 636452.4 2429029, 636426.3 2429027, 636400.1 2429027, 636373.9 2429027, 636347.8 2429029, 636321.9 2429033, 636296.1 2429037, 636270.7 2429044, 636245.6 2429051, 636220.9 2429060, 636196.7 2429070, 636173.1 2429081, 636150.1 2429094, 636127.8 2429107, 636106.2 2429122, 636085.4 2429138, 636065.5 2429155, 636046.5 2429173, 636028.5 2429192, 636011.5 2429212, 635995.6 2429233, 635980.8 2429254, 635967.1 2429277, 635954.6 2429300, 635943.3 2429323, 635933.3 2429347, 635924.6 2429372, 635917.1 2429397, 635911 2429423, 635906.3 2429448, 635902.8 2429474, 635900.8 2429500, 635900.1 2429527, 635900.8 2429553, 635902.8 2429579, 635906.3 2429605, 635911 2429631, 635917.1 2429656, 635924.6 2429681, 635933.3 2429706, 635943.3 2429730, 635954.6 2429754, 635967.1 2429777, 635980.8 2429799, 635995.6 2429820, 636011.5 2429841, 636028.5 2429861, 636046.5 2429880, 636065.5 2429898, 636085.4 2429915, 636106.2 2429931, 636127.8 2429946, 636150.1 2429960, 636173.1 2429972, 636196.7 2429983, 636220.9 2429993, 636245.6 2430002, 636270.7 2430010, 636296.1 2430016, 636321.9 2430020, 636347.8 2430024, 636373.9 2430026, 636400.1 2430027, 636426.3 2430026, 636452.4 2430024, 636478.3 2430020, 636504.1 2430016, 636529.5 2430010, 636554.6 2430002, 636579.3 2429993, 636603.5 2429983, 636627.1 2429972, 636650.1 2429960, 636672.4 2429946, 636694 2429931, 636714.8 2429915, 636734.7 2429898, 636753.7 2429880, 636771.7 2429861, 636788.7 2429841, 636804.6 2429820, 636819.4 2429799, 636833.1 2429777, 636845.6 2429754, 636856.9 2429730, 636866.9 2429706, 636875.6 2429681, 636883.1 2429656, 636889.2 2429631, 636893.9 2429605, 636897.4 2429579, 636899.4 2429553, 636900.1 2429527))"
32,20260541,Forest,7540.000000000001,112.29978884729138,4.332196162046908,0,Dai,NA,NA,1,0,0,7016,78.62384747684,357.3892288208821,1197.8424072265625,0.6895943880081177,51.89841277526996,2608.2075119018555,0,0.35164313614334447,1,106,0,0,2608.2075119018555,1,1,0,0.6170576748120818,0.7869179283479993,8.927977461002001,4.721171981486988,1.4660746102111653,"POLYGON ((626121.4 2429164, 626120.7 2429138, 626118.7 2429112, 626115.2 2429086, 626110.5 2429060, 626104.4 2429035, 626096.9 2429010, 626088.2 2428985, 626078.2 2428961, 626066.9 2428937, 626054.4 2428914, 626040.7 2428892, 626025.9 2428870, 626010 2428850, 625993 2428830, 625975 2428811, 625956 2428793, 625936.1 2428776, 625915.3 2428760, 625893.7 2428745, 625871.4 2428731, 625848.4 2428719, 625824.8 2428708, 625800.6 2428697, 625775.9 2428689, 625750.8 2428681, 625725.4 2428675, 625699.6 2428670, 625673.7 2428667, 625647.6 2428665, 625621.4 2428664, 625595.2 2428665, 625569.1 2428667, 625543.2 2428670, 625517.4 2428675, 625492 2428681, 625466.9 2428689, 625442.2 2428697, 625418 2428708, 625394.4 2428719, 625371.4 2428731, 625349.1 2428745, 625327.5 2428760, 625306.7 2428776, 625286.8 2428793, 625267.8 2428811, 625249.8 2428830, 625232.8 2428850, 625216.9 2428870, 625202.1 2428892, 625188.4 2428914, 625175.9 2428937, 625164.6 2428961, 625154.6 2428985, 625145.9 2429010, 625138.4 2429035, 625132.3 2429060, 625127.6 2429086, 625124.1 2429112, 625122.1 2429138, 625121.4 2429164, 625122.1 2429190, 625124.1 2429217, 625127.6 2429242, 625132.3 2429268, 625138.4 2429294, 625145.9 2429319, 625154.6 2429343, 625164.6 2429368, 625175.9 2429391, 625188.4 2429414, 625202.1 2429437, 625216.9 2429458, 625232.8 2429479, 625249.8 2429499, 625267.8 2429518, 625286.8 2429536, 625306.7 2429553, 625327.5 2429569, 625349.1 2429584, 625371.4 2429597, 625394.4 2429610, 625418 2429621, 625442.2 2429631, 625466.9 2429640, 625492 2429647, 625517.4 2429653, 625543.2 2429658, 625569.1 2429662, 625595.2 2429664, 625621.4 2429664, 625647.6 2429664, 625673.7 2429662, 625699.6 2429658, 625725.4 2429653, 625750.8 2429647, 625775.9 2429640, 625800.6 2429631, 625824.8 2429621, 625848.4 2429610, 625871.4 2429597, 625893.7 2429584, 625915.3 2429569, 625936.1 2429553, 625956 2429536, 625975 2429518, 625993 2429499, 626010 2429479, 626025.9 2429458, 626040.7 2429437, 626054.4 2429414, 626066.9 2429391, 626078.2 2429368, 626088.2 2429343, 626096.9 2429319, 626104.4 2429294, 626110.5 2429268, 626115.2 2429242, 626118.7 2429217, 626120.7 2429190, 626121.4 2429164))"
32,20260541,Forest,4604,4.552080596935946,1.627922077922078,0,Dai,NA,NA,1,0,0,7074,330.7648835050719,920.6187088785667,711.28863525390625,7.509117126464844,127.19706312219354,16855.655479431152,28554.067611694336,0.40341570790613596,1,95,14155.655479431152,0.8398163747891744,2700,0.1601836252108257,1,0,-0.6045582853882815,0.7965609076325433,8.434680769841773,1.515584402496797,0.4873044027506186,"POLYGON ((771169.2 2386413, 771168.5 2386387, 771166.4 2386361, 771163 2386335, 771158.2 2386309, 771152.1 2386284, 771144.7 2386259, 771136 2386234, 771125.9 2386210, 771114.7 2386186, 771102.2 2386163, 771088.5 2386141, 771073.7 2386119, 771057.7 2386099, 771040.7 2386079, 771022.7 2386060, 771003.7 2386042, 770983.8 2386025, 770963.1 2386009, 770941.5 2385994, 770919.2 2385980, 770896.2 2385968, 770872.5 2385957, 770848.3 2385947, 770823.7 2385938, 770798.6 2385930, 770773.1 2385924, 770747.4 2385919, 770721.4 2385916, 770695.3 2385914, 770669.2 2385913, 770643 2385914, 770616.9 2385916, 770590.9 2385919, 770565.2 2385924, 770539.8 2385930, 770514.7 2385938, 770490 2385947, 770465.8 2385957, 770442.2 2385968, 770419.2 2385980, 770396.8 2385994, 770375.3 2386009, 770354.5 2386025, 770334.6 2386042, 770315.6 2386060, 770297.6 2386079, 770280.6 2386099, 770264.7 2386119, 770249.8 2386141, 770236.1 2386163, 770223.7 2386186, 770212.4 2386210, 770202.4 2386234, 770193.6 2386259, 770186.2 2386284, 770180.1 2386309, 770175.3 2386335, 770171.9 2386361, 770169.8 2386387, 770169.2 2386413, 770169.8 2386439, 770171.9 2386466, 770175.3 2386492, 770180.1 2386517, 770186.2 2386543, 770193.6 2386568, 770202.4 2386593, 770212.4 2386617, 770223.7 2386640, 770236.1 2386663, 770249.8 2386686, 770264.7 2386707, 770280.6 2386728, 770297.6 2386748, 770315.6 2386767, 770334.6 2386785, 770354.5 2386802, 770375.3 2386818, 770396.8 2386833, 770419.2 2386846, 770442.2 2386859, 770465.8 2386870, 770490 2386880, 770514.7 2386889, 770539.8 2386896, 770565.2 2386902, 770590.9 2386907, 770616.9 2386911, 770643 2386913, 770669.2 2386913, 770695.3 2386913, 770721.4 2386911, 770747.4 2386907, 770773.1 2386902, 770798.6 2386896, 770823.7 2386889, 770848.3 2386880, 770872.5 2386870, 770896.2 2386859, 770919.2 2386846, 770941.5 2386833, 770963.1 2386818, 770983.8 2386802, 771003.7 2386785, 771022.7 2386767, 771040.7 2386748, 771057.7 2386728, 771073.7 2386707, 771088.5 2386686, 771102.2 2386663, 771114.7 2386640, 771125.9 2386617, 771136 2386593, 771144.7 2386568, 771152.1 2386543, 771158.2 2386517, 771163 2386492, 771166.4 2386466, 771168.5 2386439, 771169.2 2386413))"
32,20260541,Forest,9698.14502529511,122.46956021056933,2.0331046823739936,0,Dai,NA,NA,1,0,0,7088,482.9012479733579,1193.4674775386613,652.7115478515625,15.286040306091309,134.7944152377639,154667.54608154297,370832.3547363281,0.0671439343028667,1,76,5199.8677253723145,0.03361964327429666,0,0,1,0,-0.7045650429905952,0.7096394156158893,9.179689911698166,4.807862511029519,0.7095640248965568,"POLYGON ((709225.4 2418318, 709224.7 2418292, 709222.6 2418265, 709219.2 2418239, 709214.4 2418214, 709208.3 2418188, 709200.9 2418163, 709192.2 2418139, 709182.1 2418114, 709170.9 2418091, 709158.4 2418068, 709144.7 2418045, 709129.9 2418024, 709113.9 2418003, 709096.9 2417983, 709078.9 2417964, 709059.9 2417946, 709040 2417929, 709019.3 2417913, 708997.7 2417898, 708975.4 2417885, 708952.4 2417872, 708928.7 2417861, 708904.5 2417851, 708879.9 2417842, 708854.8 2417835, 708829.3 2417829, 708803.6 2417824, 708777.6 2417820, 708751.5 2417818, 708725.4 2417818, 708699.2 2417818, 708673.1 2417820, 708647.1 2417824, 708621.4 2417829, 708596 2417835, 708570.9 2417842, 708546.2 2417851, 708522 2417861, 708498.4 2417872, 708475.4 2417885, 708453 2417898, 708431.5 2417913, 708410.7 2417929, 708390.8 2417946, 708371.8 2417964, 708353.8 2417983, 708336.8 2418003, 708320.9 2418024, 708306 2418045, 708292.4 2418068, 708279.9 2418091, 708268.6 2418114, 708258.6 2418139, 708249.8 2418163, 708242.4 2418188, 708236.3 2418214, 708231.5 2418239, 708228.1 2418265, 708226 2418292, 708225.4 2418318, 708226 2418344, 708228.1 2418370, 708231.5 2418396, 708236.3 2418422, 708242.4 2418447, 708249.8 2418472, 708258.6 2418497, 708268.6 2418521, 708279.9 2418545, 708292.4 2418568, 708306 2418590, 708320.9 2418612, 708336.8 2418632, 708353.8 2418652, 708371.8 2418671, 708390.8 2418689, 708410.7 2418706, 708431.5 2418722, 708453 2418737, 708475.4 2418751, 708498.4 2418763, 708522 2418774, 708546.2 2418784, 708570.9 2418793, 708596 2418801, 708621.4 2418807, 708647.1 2418812, 708673.1 2418815, 708699.2 2418817, 708725.4 2418818, 708751.5 2418817, 708777.6 2418815, 708803.6 2418812, 708829.3 2418807, 708854.8 2418801, 708879.9 2418793, 708904.5 2418784, 708928.7 2418774, 708952.4 2418763, 708975.4 2418751, 708997.7 2418737, 709019.3 2418722, 709040 2418706, 709059.9 2418689, 709078.9 2418671, 709096.9 2418652, 709113.9 2418632, 709129.9 2418612, 709144.7 2418590, 709158.4 2418568, 709170.9 2418545, 709182.1 2418521, 709192.2 2418497, 709200.9 2418472, 709208.3 2418447, 709214.4 2418422, 709219.2 2418396, 709222.6 2418370, 709224.7 2418344, 709225.4 2418318))"
32,20260541,Forest,7668.695652173914,133.19513203141992,2.0375399361022364,0,Dai,NA,NA,1,0,0,7180,524.2586295735157,622.9975118268459,1173.31201171875,0.3375389277935028,47.78342881678037,3600,900,0.14072192969108738,1,1,0,0,3600,1,1,0,0.671934817996291,0.7406102891293715,8.944901821513023,4.891815211127795,0.7117431664817675,"POLYGON ((641313.5 2428244, 641312.8 2428218, 641310.8 2428192, 641307.3 2428166, 641302.6 2428141, 641296.5 2428115, 641289 2428090, 641280.3 2428065, 641270.3 2428041, 641259 2428017, 641246.5 2427994, 641232.8 2427972, 641218 2427951, 641202.1 2427930, 641185.1 2427910, 641167.1 2427891, 641148.1 2427873, 641128.2 2427856, 641107.4 2427840, 641085.8 2427825, 641063.5 2427811, 641040.5 2427799, 641016.9 2427788, 640992.7 2427778, 640968 2427769, 640942.9 2427761, 640917.5 2427755, 640891.7 2427751, 640865.8 2427747, 640839.7 2427745, 640813.5 2427744, 640787.3 2427745, 640761.2 2427747, 640735.3 2427751, 640709.5 2427755, 640684.1 2427761, 640659 2427769, 640634.3 2427778, 640610.1 2427788, 640586.5 2427799, 640563.5 2427811, 640541.2 2427825, 640519.6 2427840, 640498.8 2427856, 640478.9 2427873, 640460 2427891, 640441.9 2427910, 640424.9 2427930, 640409 2427951, 640394.2 2427972, 640380.5 2427994, 640368 2428017, 640356.7 2428041, 640346.7 2428065, 640338 2428090, 640330.5 2428115, 640324.4 2428141, 640319.7 2428166, 640316.2 2428192, 640314.2 2428218, 640313.5 2428244, 640314.2 2428271, 640316.2 2428297, 640319.7 2428323, 640324.4 2428348, 640330.5 2428374, 640338 2428399, 640346.7 2428424, 640356.7 2428448, 640368 2428471, 640380.5 2428494, 640394.2 2428517, 640409 2428538, 640424.9 2428559, 640441.9 2428579, 640460 2428598, 640478.9 2428616, 640498.8 2428633, 640519.6 2428649, 640541.2 2428664, 640563.5 2428677, 640586.5 2428690, 640610.1 2428701, 640634.3 2428711, 640659 2428720, 640684.1 2428727, 640709.5 2428734, 640735.3 2428738, 640761.2 2428742, 640787.3 2428744, 640813.5 2428744, 640839.7 2428744, 640865.8 2428742, 640891.7 2428738, 640917.5 2428734, 640942.9 2428727, 640968 2428720, 640992.7 2428711, 641016.9 2428701, 641040.5 2428690, 641063.5 2428677, 641085.8 2428664, 641107.4 2428649, 641128.2 2428633, 641148.1 2428616, 641167.1 2428598, 641185.1 2428579, 641202.1 2428559, 641218 2428538, 641232.8 2428517, 641246.5 2428494, 641259 2428471, 641270.3 2428448, 641280.3 2428424, 641289 2428399, 641296.5 2428374, 641302.6 2428348, 641307.3 2428323, 641310.8 2428297, 641312.8 2428271, 641313.5 2428244))"
32,20260541,Forest,6519.263617384702,143.3536045654432,0.9216765453005927,0,Dai,NA,NA,1,0,0,7228,71.06497293144183,548.8921751597018,672.13934326171875,7.088906288146973,178.24688429515714,3090.8605098724365,86789.794921875,0.8319222494007202,1,14,0,0,835.0957453250885,0.2701822818136668,1,0,-0.9995319286956322,0.030592867109663992,8.782516706423346,4.965314337220381,-0.08156093552276016,"POLYGON ((671291.7 2387238, 671291 2387212, 671288.9 2387186, 671285.5 2387160, 671280.7 2387134, 671274.6 2387109, 671267.2 2387084, 671258.5 2387059, 671248.4 2387035, 671237.2 2387011, 671224.7 2386988, 671211 2386966, 671196.2 2386944, 671180.2 2386924, 671163.2 2386904, 671145.2 2386885, 671126.2 2386867, 671106.3 2386850, 671085.6 2386834, 671064 2386819, 671041.7 2386805, 671018.7 2386793, 670995 2386782, 670970.9 2386772, 670946.2 2386763, 670921.1 2386755, 670895.6 2386749, 670869.9 2386744, 670843.9 2386741, 670817.8 2386739, 670791.7 2386738, 670765.5 2386739, 670739.4 2386741, 670713.5 2386744, 670687.7 2386749, 670662.3 2386755, 670637.2 2386763, 670612.5 2386772, 670588.3 2386782, 670564.7 2386793, 670541.7 2386805, 670519.4 2386819, 670497.8 2386834, 670477 2386850, 670457.1 2386867, 670438.1 2386885, 670420.1 2386904, 670403.1 2386924, 670387.2 2386944, 670372.3 2386966, 670358.7 2386988, 670346.2 2387011, 670334.9 2387035, 670324.9 2387059, 670316.1 2387084, 670308.7 2387109, 670302.6 2387134, 670297.8 2387160, 670294.4 2387186, 670292.4 2387212, 670291.7 2387238, 670292.4 2387264, 670294.4 2387291, 670297.8 2387317, 670302.6 2387342, 670308.7 2387368, 670316.1 2387393, 670324.9 2387418, 670334.9 2387442, 670346.2 2387465, 670358.7 2387488, 670372.3 2387511, 670387.2 2387532, 670403.1 2387553, 670420.1 2387573, 670438.1 2387592, 670457.1 2387610, 670477 2387627, 670497.8 2387643, 670519.4 2387658, 670541.7 2387671, 670564.7 2387684, 670588.3 2387695, 670612.5 2387705, 670637.2 2387714, 670662.3 2387721, 670687.7 2387727, 670713.5 2387732, 670739.4 2387736, 670765.5 2387738, 670791.7 2387738, 670817.8 2387738, 670843.9 2387736, 670869.9 2387732, 670895.6 2387727, 670921.1 2387721, 670946.2 2387714, 670970.9 2387705, 670995 2387695, 671018.7 2387684, 671041.7 2387671, 671064 2387658, 671085.6 2387643, 671106.3 2387627, 671126.2 2387610, 671145.2 2387592, 671163.2 2387573, 671180.2 2387553, 671196.2 2387532, 671211 2387511, 671224.7 2387488, 671237.2 2387465, 671248.4 2387442, 671258.5 2387418, 671267.2 2387393, 671274.6 2387368, 671280.7 2387342, 671285.5 2387317, 671288.9 2387291, 671291 2387264, 671291.7 2387238))"
32,20260541,Forest,12077.571669477235,47.050868206321354,1.8036923076923077,0,Dai,NA,NA,1,0,0,7270,2.3718448383196242,586.4947371831394,600.42999267578125,15.675834655761719,148.25256630333087,900,22498.561477661133,0.48987054352581677,1,34,900,1,0,0,1,0,-0.8503757934971837,0.5261758354714089,9.39910543054279,3.851229318705374,0.5898358459470546,"POLYGON ((695671.3 2426798, 695670.6 2426772, 695668.6 2426746, 695665.1 2426720, 695660.4 2426694, 695654.3 2426669, 695646.8 2426644, 695638.1 2426619, 695628.1 2426595, 695616.8 2426571, 695604.3 2426548, 695590.6 2426526, 695575.8 2426505, 695559.9 2426484, 695542.9 2426464, 695524.8 2426445, 695505.9 2426427, 695486 2426410, 695465.2 2426394, 695443.6 2426379, 695421.3 2426365, 695398.3 2426353, 695374.7 2426342, 695350.5 2426332, 695325.8 2426323, 695300.7 2426315, 695275.2 2426309, 695249.5 2426305, 695223.6 2426301, 695197.5 2426299, 695171.3 2426298, 695145.1 2426299, 695119 2426301, 695093.1 2426305, 695067.3 2426309, 695041.9 2426315, 695016.8 2426323, 694992.1 2426332, 694967.9 2426342, 694944.3 2426353, 694921.3 2426365, 694899 2426379, 694877.4 2426394, 694856.6 2426410, 694836.7 2426427, 694817.7 2426445, 694799.7 2426464, 694782.7 2426484, 694766.8 2426505, 694752 2426526, 694738.3 2426548, 694725.8 2426571, 694714.5 2426595, 694704.5 2426619, 694695.8 2426644, 694688.3 2426669, 694682.2 2426694, 694677.4 2426720, 694674 2426746, 694672 2426772, 694671.3 2426798, 694672 2426825, 694674 2426851, 694677.4 2426877, 694682.2 2426902, 694688.3 2426928, 694695.8 2426953, 694704.5 2426978, 694714.5 2427002, 694725.8 2427025, 694738.3 2427048, 694752 2427071, 694766.8 2427092, 694782.7 2427113, 694799.7 2427133, 694817.7 2427152, 694836.7 2427170, 694856.6 2427187, 694877.4 2427203, 694899 2427218, 694921.3 2427231, 694944.3 2427244, 694967.9 2427255, 694992.1 2427265, 695016.8 2427274, 695041.9 2427281, 695067.3 2427288, 695093.1 2427292, 695119 2427296, 695145.1 2427298, 695171.3 2427298, 695197.5 2427298, 695223.6 2427296, 695249.5 2427292, 695275.2 2427288, 695300.7 2427281, 695325.8 2427274, 695350.5 2427265, 695374.7 2427255, 695398.3 2427244, 695421.3 2427231, 695443.6 2427218, 695465.2 2427203, 695486 2427187, 695505.9 2427170, 695524.8 2427152, 695542.9 2427133, 695559.9 2427113, 695575.8 2427092, 695590.6 2427071, 695604.3 2427048, 695616.8 2427025, 695628.1 2427002, 695638.1 2426978, 695646.8 2426953, 695654.3 2426928, 695660.4 2426902, 695665.1 2426877, 695668.6 2426851, 695670.6 2426825, 695671.3 2426798))"
32,20260541,Forest,4895.615866388309,145.06059227472352,0.8104849279161206,0,Dai,NA,NA,1,0,0,7380,339.56232435841446,335.3127789247533,824.61724853515625,11.804280281066895,321.94372467129926,900,52200,0.3093860626772557,1,66,900,1,0,0,1,0,0.7874056772032859,-0.6164351543415046,8.496095362451602,4.977151532890694,-0.21012253401124478,"POLYGON ((673926.4 2395394, 673925.7 2395368, 673923.6 2395341, 673920.2 2395316, 673915.5 2395290, 673909.3 2395264, 673901.9 2395239, 673893.2 2395215, 673883.2 2395190, 673871.9 2395167, 673859.4 2395144, 673845.7 2395121, 673830.9 2395100, 673815 2395079, 673798 2395059, 673779.9 2395040, 673760.9 2395022, 673741 2395005, 673720.3 2394989, 673698.7 2394974, 673676.4 2394961, 673653.4 2394948, 673629.7 2394937, 673605.6 2394927, 673580.9 2394918, 673555.8 2394911, 673530.3 2394905, 673504.6 2394900, 673478.6 2394896, 673452.5 2394894, 673426.4 2394894, 673400.2 2394894, 673374.1 2394896, 673348.2 2394900, 673322.4 2394905, 673297 2394911, 673271.9 2394918, 673247.2 2394927, 673223 2394937, 673199.4 2394948, 673176.4 2394961, 673154.1 2394974, 673132.5 2394989, 673111.7 2395005, 673091.8 2395022, 673072.8 2395040, 673054.8 2395059, 673037.8 2395079, 673021.9 2395100, 673007 2395121, 672993.4 2395144, 672980.9 2395167, 672969.6 2395190, 672959.6 2395215, 672950.9 2395239, 672943.4 2395264, 672937.3 2395290, 672932.5 2395316, 672929.1 2395341, 672927.1 2395368, 672926.4 2395394, 672927.1 2395420, 672929.1 2395446, 672932.5 2395472, 672937.3 2395498, 672943.4 2395523, 672950.9 2395548, 672959.6 2395573, 672969.6 2395597, 672980.9 2395621, 672993.4 2395644, 673007 2395666, 673021.9 2395688, 673037.8 2395708, 673054.8 2395728, 673072.8 2395747, 673091.8 2395765, 673111.7 2395782, 673132.5 2395798, 673154.1 2395813, 673176.4 2395827, 673199.4 2395839, 673223 2395851, 673247.2 2395861, 673271.9 2395869, 673297 2395877, 673322.4 2395883, 673348.2 2395888, 673374.1 2395891, 673400.2 2395893, 673426.4 2395894, 673452.5 2395893, 673478.6 2395891, 673504.6 2395888, 673530.3 2395883, 673555.8 2395877, 673580.9 2395869, 673605.6 2395861, 673629.7 2395851, 673653.4 2395839, 673676.4 2395827, 673698.7 2395813, 673720.3 2395798, 673741 2395782, 673760.9 2395765, 673779.9 2395747, 673798 2395728, 673815 2395708, 673830.9 2395688, 673845.7 2395666, 673859.4 2395644, 673871.9 2395621, 673883.2 2395597, 673893.2 2395573, 673901.9 2395548, 673909.3 2395523, 673915.5 2395498, 673920.2 2395472, 673923.6 2395446, 673925.7 2395420, 673926.4 2395394))"
32,20260541,Forest,7194.782608695653,63.517738393158304,3.507178354500276,0,Dai,NA,NA,1,0,0,7393,457.36243650604035,324.8579360694113,1188.84521484375,3.0369112491607666,7.916483692230262,27406.027221679688,0,0.16005717432237543,1,110,0,0,22594.04811859131,0.8244189475488137,1,0,0.9904698801797358,0.13772950467034914,8.881111404646198,4.1513192116633055,1.254811826580102,"POLYGON ((634905.1 2427218, 634904.4 2427192, 634902.4 2427166, 634899 2427140, 634894.2 2427114, 634888.1 2427089, 634880.6 2427064, 634871.9 2427039, 634861.9 2427015, 634850.6 2426991, 634838.1 2426968, 634824.4 2426946, 634809.6 2426924, 634793.7 2426904, 634776.7 2426884, 634758.7 2426865, 634739.7 2426847, 634719.8 2426830, 634699 2426814, 634677.4 2426799, 634655.1 2426785, 634632.1 2426773, 634608.5 2426762, 634584.3 2426752, 634559.6 2426743, 634534.5 2426735, 634509.1 2426729, 634483.3 2426724, 634457.4 2426721, 634431.3 2426719, 634405.1 2426718, 634378.9 2426719, 634352.8 2426721, 634326.9 2426724, 634301.2 2426729, 634275.7 2426735, 634250.6 2426743, 634225.9 2426752, 634201.7 2426762, 634178.1 2426773, 634155.1 2426785, 634132.8 2426799, 634111.2 2426814, 634090.4 2426830, 634070.5 2426847, 634051.6 2426865, 634033.5 2426884, 634016.5 2426904, 634000.6 2426924, 633985.8 2426946, 633972.1 2426968, 633959.6 2426991, 633948.3 2427015, 633938.3 2427039, 633929.6 2427064, 633922.1 2427089, 633916 2427114, 633911.3 2427140, 633907.8 2427166, 633905.8 2427192, 633905.1 2427218, 633905.8 2427244, 633907.8 2427271, 633911.3 2427297, 633916 2427322, 633922.1 2427348, 633929.6 2427373, 633938.3 2427398, 633948.3 2427422, 633959.6 2427445, 633972.1 2427468, 633985.8 2427491, 634000.6 2427512, 634016.5 2427533, 634033.5 2427553, 634051.6 2427572, 634070.5 2427590, 634090.4 2427607, 634111.2 2427623, 634132.8 2427638, 634155.1 2427651, 634178.1 2427664, 634201.7 2427675, 634225.9 2427685, 634250.6 2427694, 634275.7 2427701, 634301.2 2427707, 634326.9 2427712, 634352.8 2427716, 634378.9 2427718, 634405.1 2427718, 634431.3 2427718, 634457.4 2427716, 634483.3 2427712, 634509.1 2427707, 634534.5 2427701, 634559.6 2427694, 634584.3 2427685, 634608.5 2427675, 634632.1 2427664, 634655.1 2427651, 634677.4 2427638, 634699 2427623, 634719.8 2427607, 634739.7 2427590, 634758.7 2427572, 634776.7 2427553, 634793.7 2427533, 634809.6 2427512, 634824.4 2427491, 634838.1 2427468, 634850.6 2427445, 634861.9 2427422, 634871.9 2427398, 634880.6 2427373, 634888.1 2427348, 634894.2 2427322, 634899 2427297, 634902.4 2427271, 634904.4 2427244, 634905.1 2427218))"
32,20260541,Forest,9439.29173693086,188.16805012166466,1.9389686684073106,0,Dai,NA,NA,1,0,0,7512,528.0447723336252,1137.7308490219582,688.99945068359375,9.902876853942871,88.52788261755566,75600,172840.53955078125,0.13373773557312515,1,53,75600,1,0,0,1,0,0.025690468507583407,0.9996699454459261,9.152636228457322,5.237335447179777,0.6621562174952594,"POLYGON ((702861.9 2427606, 702861.2 2427580, 702859.1 2427554, 702855.7 2427528, 702850.9 2427502, 702844.8 2427477, 702837.4 2427452, 702828.7 2427427, 702818.6 2427403, 702807.4 2427379, 702794.9 2427356, 702781.2 2427334, 702766.4 2427312, 702750.4 2427291, 702733.4 2427272, 702715.4 2427253, 702696.4 2427235, 702676.5 2427218, 702655.8 2427202, 702634.2 2427187, 702611.9 2427173, 702588.9 2427161, 702565.2 2427149, 702541.1 2427139, 702516.4 2427131, 702491.3 2427123, 702465.8 2427117, 702440.1 2427112, 702414.1 2427109, 702388 2427107, 702361.9 2427106, 702335.7 2427107, 702309.6 2427109, 702283.6 2427112, 702257.9 2427117, 702232.5 2427123, 702207.4 2427131, 702182.7 2427139, 702158.5 2427149, 702134.9 2427161, 702111.9 2427173, 702089.5 2427187, 702068 2427202, 702047.2 2427218, 702027.3 2427235, 702008.3 2427253, 701990.3 2427272, 701973.3 2427291, 701957.4 2427312, 701942.5 2427334, 701928.9 2427356, 701916.4 2427379, 701905.1 2427403, 701895.1 2427427, 701886.3 2427452, 701878.9 2427477, 701872.8 2427502, 701868 2427528, 701864.6 2427554, 701862.6 2427580, 701861.9 2427606, 701862.6 2427632, 701864.6 2427658, 701868 2427684, 701872.8 2427710, 701878.9 2427736, 701886.3 2427761, 701895.1 2427785, 701905.1 2427810, 701916.4 2427833, 701928.9 2427856, 701942.5 2427878, 701957.4 2427900, 701973.3 2427921, 701990.3 2427941, 702008.3 2427960, 702027.3 2427978, 702047.2 2427995, 702068 2428011, 702089.5 2428025, 702111.9 2428039, 702134.9 2428052, 702158.5 2428063, 702182.7 2428073, 702207.4 2428082, 702232.5 2428089, 702257.9 2428095, 702283.6 2428100, 702309.6 2428103, 702335.7 2428105, 702361.9 2428106, 702388 2428105, 702414.1 2428103, 702440.1 2428100, 702465.8 2428095, 702491.3 2428089, 702516.4 2428082, 702541.1 2428073, 702565.2 2428063, 702588.9 2428052, 702611.9 2428039, 702634.2 2428025, 702655.8 2428011, 702676.5 2427995, 702696.4 2427978, 702715.4 2427960, 702733.4 2427941, 702750.4 2427921, 702766.4 2427900, 702781.2 2427878, 702794.9 2427856, 702807.4 2427833, 702818.6 2427810, 702828.7 2427785, 702837.4 2427761, 702844.8 2427736, 702850.9 2427710, 702855.7 2427684, 702859.1 2427658, 702861.2 2427632, 702861.9 2427606))"
32,20260541,Forest,7540.000000000001,112.29978884729138,4.332196162046908,0,Dai,NA,NA,1,0,0,7538,207.88117093773496,449.55087300784834,1191.14697265625,0.5934353470802307,131.51174255681033,56326.89399719238,0,0.34033756813707433,1,109,0,0,24826.893997192383,0.440764477416949,1,0,-0.6627735299867243,0.748819903547533,8.927977461002001,4.721171981486988,1.4660746102111653,"POLYGON ((627043.3 2429688, 627042.6 2429662, 627040.6 2429635, 627037.2 2429609, 627032.4 2429584, 627026.3 2429558, 627018.9 2429533, 627010.1 2429509, 627000.1 2429484, 626988.8 2429461, 626976.3 2429438, 626962.7 2429415, 626947.8 2429394, 626931.9 2429373, 626914.9 2429353, 626896.9 2429334, 626877.9 2429316, 626858 2429299, 626837.2 2429283, 626815.7 2429268, 626793.3 2429255, 626770.3 2429242, 626746.7 2429231, 626722.5 2429221, 626697.8 2429212, 626672.7 2429205, 626647.3 2429199, 626621.5 2429194, 626595.6 2429190, 626569.5 2429188, 626543.3 2429188, 626517.2 2429188, 626491.1 2429190, 626465.1 2429194, 626439.4 2429199, 626413.9 2429205, 626388.8 2429212, 626364.1 2429221, 626340 2429231, 626316.3 2429242, 626293.3 2429255, 626271 2429268, 626249.4 2429283, 626228.7 2429299, 626208.8 2429316, 626189.8 2429334, 626171.8 2429353, 626154.8 2429373, 626138.8 2429394, 626124 2429415, 626110.3 2429438, 626097.8 2429461, 626086.6 2429484, 626076.5 2429509, 626067.8 2429533, 626060.4 2429558, 626054.3 2429584, 626049.5 2429609, 626046.1 2429635, 626044 2429662, 626043.3 2429688, 626044 2429714, 626046.1 2429740, 626049.5 2429766, 626054.3 2429792, 626060.4 2429817, 626067.8 2429842, 626076.5 2429867, 626086.6 2429891, 626097.8 2429915, 626110.3 2429938, 626124 2429960, 626138.8 2429982, 626154.8 2430002, 626171.8 2430022, 626189.8 2430041, 626208.8 2430059, 626228.7 2430076, 626249.4 2430092, 626271 2430107, 626293.3 2430121, 626316.3 2430133, 626340 2430144, 626364.1 2430154, 626388.8 2430163, 626413.9 2430171, 626439.4 2430177, 626465.1 2430182, 626491.1 2430185, 626517.2 2430187, 626543.3 2430188, 626569.5 2430187, 626595.6 2430185, 626621.5 2430182, 626647.3 2430177, 626672.7 2430171, 626697.8 2430163, 626722.5 2430154, 626746.7 2430144, 626770.3 2430133, 626793.3 2430121, 626815.7 2430107, 626837.2 2430092, 626858 2430076, 626877.9 2430059, 626896.9 2430041, 626914.9 2430022, 626931.9 2430002, 626947.8 2429982, 626962.7 2429960, 626976.3 2429938, 626988.8 2429915, 627000.1 2429891, 627010.1 2429867, 627018.9 2429842, 627026.3 2429817, 627032.4 2429792, 627037.2 2429766, 627040.6 2429740, 627042.6 2429714, 627043.3 2429688))"
32,20260541,Forest,3582.2736762193963,128.48206221372232,0.9385007278020379,0,Dai,NA,NA,1,0,0,7546,843.4202723105451,1212.1715474810787,718.20660400390625,7.985507965087891,301.26491036778907,900,80992.35076904297,0.12327201360341002,1,116,900,1,0,0,1,0,0.5189957185914903,-0.8547768387618505,8.183752982890077,4.855789300923641,-0.06347164746089516,"POLYGON ((666013.5 2379777, 666012.8 2379751, 666010.8 2379725, 666007.4 2379699, 666002.6 2379673, 665996.5 2379648, 665989.1 2379623, 665980.3 2379598, 665970.3 2379574, 665959 2379550, 665946.5 2379527, 665932.9 2379505, 665918 2379483, 665902.1 2379463, 665885.1 2379443, 665867.1 2379424, 665848.1 2379406, 665828.2 2379389, 665807.4 2379373, 665785.8 2379358, 665763.5 2379344, 665740.5 2379332, 665716.9 2379320, 665692.7 2379310, 665668 2379302, 665642.9 2379294, 665617.5 2379288, 665591.7 2379283, 665565.8 2379280, 665539.7 2379278, 665513.5 2379277, 665487.4 2379278, 665461.3 2379280, 665435.3 2379283, 665409.6 2379288, 665384.1 2379294, 665359 2379302, 665334.3 2379310, 665310.2 2379320, 665286.5 2379332, 665263.5 2379344, 665241.2 2379358, 665219.6 2379373, 665198.9 2379389, 665179 2379406, 665160 2379424, 665142 2379443, 665125 2379463, 665109 2379483, 665094.2 2379505, 665080.5 2379527, 665068 2379550, 665056.8 2379574, 665046.7 2379598, 665038 2379623, 665030.6 2379648, 665024.5 2379673, 665019.7 2379699, 665016.3 2379725, 665014.2 2379751, 665013.5 2379777, 665014.2 2379803, 665016.3 2379830, 665019.7 2379855, 665024.5 2379881, 665030.6 2379907, 665038 2379932, 665046.7 2379956, 665056.8 2379981, 665068 2380004, 665080.5 2380027, 665094.2 2380050, 665109 2380071, 665125 2380092, 665142 2380112, 665160 2380131, 665179 2380149, 665198.9 2380166, 665219.6 2380182, 665241.2 2380197, 665263.5 2380210, 665286.5 2380223, 665310.2 2380234, 665334.3 2380244, 665359 2380253, 665384.1 2380260, 665409.6 2380266, 665435.3 2380271, 665461.3 2380275, 665487.4 2380277, 665513.5 2380277, 665539.7 2380277, 665565.8 2380275, 665591.7 2380271, 665617.5 2380266, 665642.9 2380260, 665668 2380253, 665692.7 2380244, 665716.9 2380234, 665740.5 2380223, 665763.5 2380210, 665785.8 2380197, 665807.4 2380182, 665828.2 2380166, 665848.1 2380149, 665867.1 2380131, 665885.1 2380112, 665902.1 2380092, 665918 2380071, 665932.9 2380050, 665946.5 2380027, 665959 2380004, 665970.3 2379981, 665980.3 2379956, 665989.1 2379932, 665996.5 2379907, 666002.6 2379881, 666007.4 2379855, 666010.8 2379830, 666012.8 2379803, 666013.5 2379777))"
32,20260541,Forest,12077.571669477235,47.050868206321354,1.8036923076923077,0,Dai,NA,NA,1,0,0,7552,83.54142806898243,306.89268321152474,597.3912353515625,16.24649429321289,263.5858420914333,900,42938.88931274414,0.6372803331002366,1,82,900,1,0,0,1,0,-0.11171449096001103,-0.9937403446119845,9.39910543054279,3.851229318705374,0.5898358459470546,"POLYGON ((695901.3 2426626, 695900.6 2426600, 695898.6 2426574, 695895.2 2426548, 695890.4 2426522, 695884.3 2426497, 695876.8 2426471, 695868.1 2426447, 695858.1 2426423, 695846.8 2426399, 695834.3 2426376, 695820.6 2426354, 695805.8 2426332, 695789.9 2426311, 695772.9 2426291, 695754.9 2426272, 695735.9 2426254, 695716 2426237, 695695.2 2426221, 695673.6 2426207, 695651.3 2426193, 695628.3 2426180, 695604.7 2426169, 695580.5 2426159, 695555.8 2426150, 695530.7 2426143, 695505.3 2426137, 695479.5 2426132, 695453.6 2426129, 695427.5 2426127, 695401.3 2426126, 695375.1 2426127, 695349 2426129, 695323.1 2426132, 695297.4 2426137, 695271.9 2426143, 695246.8 2426150, 695222.1 2426159, 695197.9 2426169, 695174.3 2426180, 695151.3 2426193, 695129 2426207, 695107.4 2426221, 695086.7 2426237, 695066.7 2426254, 695047.8 2426272, 695029.7 2426291, 695012.7 2426311, 694996.8 2426332, 694982 2426354, 694968.3 2426376, 694955.8 2426399, 694944.5 2426423, 694934.5 2426447, 694925.8 2426471, 694918.4 2426497, 694912.2 2426522, 694907.5 2426548, 694904.1 2426574, 694902 2426600, 694901.3 2426626, 694902 2426652, 694904.1 2426678, 694907.5 2426704, 694912.2 2426730, 694918.4 2426755, 694925.8 2426780, 694934.5 2426805, 694944.5 2426829, 694955.8 2426853, 694968.3 2426876, 694982 2426898, 694996.8 2426920, 695012.7 2426941, 695029.7 2426961, 695047.8 2426980, 695066.7 2426998, 695086.7 2427015, 695107.4 2427030, 695129 2427045, 695151.3 2427059, 695174.3 2427071, 695197.9 2427083, 695222.1 2427093, 695246.8 2427102, 695271.9 2427109, 695297.4 2427115, 695323.1 2427120, 695349 2427123, 695375.1 2427125, 695401.3 2427126, 695427.5 2427125, 695453.6 2427123, 695479.5 2427120, 695505.3 2427115, 695530.7 2427109, 695555.8 2427102, 695580.5 2427093, 695604.7 2427083, 695628.3 2427071, 695651.3 2427059, 695673.6 2427045, 695695.2 2427030, 695716 2427015, 695735.9 2426998, 695754.9 2426980, 695772.9 2426961, 695789.9 2426941, 695805.8 2426920, 695820.6 2426898, 695834.3 2426876, 695846.8 2426853, 695858.1 2426829, 695868.1 2426805, 695876.8 2426780, 695884.3 2426755, 695890.4 2426730, 695895.2 2426704, 695898.6 2426678, 695900.6 2426652, 695901.3 2426626))"
32,20260541,Forest,9620.300751879699,41.51503560607066,0.2980101804720037,1,Hani,土葬,无,0,1,0,87,479.79053989681483,1660.103547396882,699.64697265625,11.487675666809082,85.02310062132375,163712.38403320312,11849.044132232666,0.20997342615447176,1,1,65341.502380371094,0.399123760650379,0,0,0,1,0.0867540880022136,0.9962297567403335,9.171630806360227,3.726055665381232,-1.2106276304025323,"POLYGON ((698143.8 2406922, 698143.1 2406896, 698141 2406870, 698137.6 2406844, 698132.9 2406818, 698126.7 2406792, 698119.3 2406767, 698110.6 2406743, 698100.5 2406719, 698089.3 2406695, 698076.8 2406672, 698063.1 2406650, 698048.3 2406628, 698032.3 2406607, 698015.3 2406587, 697997.3 2406568, 697978.3 2406550, 697958.4 2406533, 697937.7 2406517, 697916.1 2406503, 697893.8 2406489, 697870.8 2406476, 697847.1 2406465, 697823 2406455, 697798.3 2406446, 697773.2 2406439, 697747.7 2406433, 697722 2406428, 697696 2406425, 697669.9 2406423, 697643.8 2406422, 697617.6 2406423, 697591.5 2406425, 697565.6 2406428, 697539.8 2406433, 697514.4 2406439, 697489.3 2406446, 697464.6 2406455, 697440.4 2406465, 697416.8 2406476, 697393.8 2406489, 697371.5 2406503, 697349.9 2406517, 697329.1 2406533, 697309.2 2406550, 697290.2 2406568, 697272.2 2406587, 697255.2 2406607, 697239.3 2406628, 697224.4 2406650, 697210.8 2406672, 697198.3 2406695, 697187 2406719, 697177 2406743, 697168.2 2406767, 697160.8 2406792, 697154.7 2406818, 697149.9 2406844, 697146.5 2406870, 697144.5 2406896, 697143.8 2406922, 697144.5 2406948, 697146.5 2406974, 697149.9 2407000, 697154.7 2407026, 697160.8 2407051, 697168.2 2407076, 697177 2407101, 697187 2407125, 697198.3 2407149, 697210.8 2407172, 697224.4 2407194, 697239.3 2407216, 697255.2 2407237, 697272.2 2407256, 697290.2 2407275, 697309.2 2407293, 697329.1 2407310, 697349.9 2407326, 697371.5 2407341, 697393.8 2407355, 697416.8 2407367, 697440.4 2407379, 697464.6 2407389, 697489.3 2407397, 697514.4 2407405, 697539.8 2407411, 697565.6 2407416, 697591.5 2407419, 697617.6 2407421, 697643.8 2407422, 697669.9 2407421, 697696 2407419, 697722 2407416, 697747.7 2407411, 697773.2 2407405, 697798.3 2407397, 697823 2407389, 697847.1 2407379, 697870.8 2407367, 697893.8 2407355, 697916.1 2407341, 697937.7 2407326, 697958.4 2407310, 697978.3 2407293, 697997.3 2407275, 698015.3 2407256, 698032.3 2407237, 698048.3 2407216, 698063.1 2407194, 698076.8 2407172, 698089.3 2407149, 698100.5 2407125, 698110.6 2407101, 698119.3 2407076, 698126.7 2407051, 698132.9 2407026, 698137.6 2407000, 698141 2406974, 698143.1 2406948, 698143.8 2406922))"
32,20260541,Forest,9620.300751879699,41.51503560607066,0.2980101804720037,1,Hani,土葬,无,0,1,0,88,649.617532588467,2129.797129006253,638.41455078125,7.709012508392334,55.15517947875635,31500,0,0.2943716653830596,1,2,31500,1,0,0,0,1,0.571355749832561,0.8207025083020473,9.171630806360227,3.726055665381232,-1.2106276304025323,"POLYGON ((698223.4 2408651, 698222.7 2408625, 698220.7 2408599, 698217.3 2408573, 698212.5 2408547, 698206.4 2408522, 698198.9 2408497, 698190.2 2408472, 698180.2 2408448, 698168.9 2408424, 698156.4 2408401, 698142.7 2408379, 698127.9 2408357, 698112 2408337, 698095 2408317, 698077 2408298, 698058 2408280, 698038.1 2408263, 698017.3 2408247, 697995.7 2408232, 697973.4 2408218, 697950.4 2408206, 697926.8 2408194, 697902.6 2408184, 697877.9 2408176, 697852.8 2408168, 697827.4 2408162, 697801.6 2408157, 697775.7 2408154, 697749.6 2408152, 697723.4 2408151, 697697.2 2408152, 697671.1 2408154, 697645.2 2408157, 697619.5 2408162, 697594 2408168, 697568.9 2408176, 697544.2 2408184, 697520 2408194, 697496.4 2408206, 697473.4 2408218, 697451.1 2408232, 697429.5 2408247, 697408.8 2408263, 697388.8 2408280, 697369.9 2408298, 697351.8 2408317, 697334.8 2408337, 697318.9 2408357, 697304.1 2408379, 697290.4 2408401, 697277.9 2408424, 697266.6 2408448, 697256.6 2408472, 697247.9 2408497, 697240.4 2408522, 697234.3 2408547, 697229.6 2408573, 697226.1 2408599, 697224.1 2408625, 697223.4 2408651, 697224.1 2408677, 697226.1 2408704, 697229.6 2408729, 697234.3 2408755, 697240.4 2408781, 697247.9 2408806, 697256.6 2408830, 697266.6 2408855, 697277.9 2408878, 697290.4 2408901, 697304.1 2408924, 697318.9 2408945, 697334.8 2408966, 697351.8 2408986, 697369.9 2409005, 697388.8 2409023, 697408.8 2409040, 697429.5 2409056, 697451.1 2409071, 697473.4 2409084, 697496.4 2409097, 697520 2409108, 697544.2 2409118, 697568.9 2409127, 697594 2409134, 697619.5 2409140, 697645.2 2409145, 697671.1 2409149, 697697.2 2409151, 697723.4 2409151, 697749.6 2409151, 697775.7 2409149, 697801.6 2409145, 697827.4 2409140, 697852.8 2409134, 697877.9 2409127, 697902.6 2409118, 697926.8 2409108, 697950.4 2409097, 697973.4 2409084, 697995.7 2409071, 698017.3 2409056, 698038.1 2409040, 698058 2409023, 698077 2409005, 698095 2408986, 698112 2408966, 698127.9 2408945, 698142.7 2408924, 698156.4 2408901, 698168.9 2408878, 698180.2 2408855, 698190.2 2408830, 698198.9 2408806, 698206.4 2408781, 698212.5 2408755, 698217.3 2408729, 698220.7 2408704, 698222.7 2408677, 698223.4 2408651))"
32,20260541,Forest,9725.563909774435,35.4184866616443,0.38167655786350146,1,Hani,土葬,无,0,1,0,89,3152.392075263879,1010.0772659774426,662.83538818359375,8.65718936920166,153.46382659054325,57600,170076.33819580078,0.16745453190009835,1,3,57600,1,0,0,0,1,-0.8946524784603728,0.446762736566863,9.182513152386466,3.5672339059095797,-0.9631817361981481,"POLYGON ((695721.2 2416028, 695720.5 2416002, 695718.5 2415976, 695715.1 2415950, 695710.3 2415925, 695704.2 2415899, 695696.7 2415874, 695688 2415849, 695678 2415825, 695666.7 2415802, 695654.2 2415778, 695640.5 2415756, 695625.7 2415735, 695609.8 2415714, 695592.8 2415694, 695574.8 2415675, 695555.8 2415657, 695535.9 2415640, 695515.1 2415624, 695493.5 2415609, 695471.2 2415595, 695448.2 2415583, 695424.6 2415572, 695400.4 2415562, 695375.7 2415553, 695350.6 2415546, 695325.2 2415539, 695299.4 2415535, 695273.5 2415531, 695247.4 2415529, 695221.2 2415528, 695195 2415529, 695168.9 2415531, 695143 2415535, 695117.3 2415539, 695091.8 2415546, 695066.7 2415553, 695042 2415562, 695017.8 2415572, 694994.2 2415583, 694971.2 2415595, 694948.9 2415609, 694927.3 2415624, 694906.5 2415640, 694886.6 2415657, 694867.7 2415675, 694849.6 2415694, 694832.6 2415714, 694816.7 2415735, 694801.9 2415756, 694788.2 2415778, 694775.7 2415802, 694764.4 2415825, 694754.4 2415849, 694745.7 2415874, 694738.2 2415899, 694732.1 2415925, 694727.4 2415950, 694723.9 2415976, 694721.9 2416002, 694721.2 2416028, 694721.9 2416055, 694723.9 2416081, 694727.4 2416107, 694732.1 2416132, 694738.2 2416158, 694745.7 2416183, 694754.4 2416208, 694764.4 2416232, 694775.7 2416255, 694788.2 2416278, 694801.9 2416301, 694816.7 2416322, 694832.6 2416343, 694849.6 2416363, 694867.7 2416382, 694886.6 2416400, 694906.5 2416417, 694927.3 2416433, 694948.9 2416448, 694971.2 2416462, 694994.2 2416474, 695017.8 2416485, 695042 2416495, 695066.7 2416504, 695091.8 2416511, 695117.3 2416518, 695143 2416522, 695168.9 2416526, 695195 2416528, 695221.2 2416528, 695247.4 2416528, 695273.5 2416526, 695299.4 2416522, 695325.2 2416518, 695350.6 2416511, 695375.7 2416504, 695400.4 2416495, 695424.6 2416485, 695448.2 2416474, 695471.2 2416462, 695493.5 2416448, 695515.1 2416433, 695535.9 2416417, 695555.8 2416400, 695574.8 2416382, 695592.8 2416363, 695609.8 2416343, 695625.7 2416322, 695640.5 2416301, 695654.2 2416278, 695666.7 2416255, 695678 2416232, 695688 2416208, 695696.7 2416183, 695704.2 2416158, 695710.3 2416132, 695715.1 2416107, 695718.5 2416081, 695720.5 2416055, 695721.2 2416028))"
32,20260541,Forest,9725.563909774435,35.4184866616443,0.38167655786350146,1,Hani,土葬,无,0,1,0,90,3690.9097992038473,1019.1319988154358,609.893798828125,6.272632598876953,122.16868917403956,174128.82385253906,28200.65288543701,0.22410777641403148,1,4,34956.01387023926,0.20074800424679687,0,0,0,1,-0.5324137714187529,0.846484244391861,9.182513152386466,3.5672339059095797,-0.9631817361981481,"POLYGON ((695433.3 2414842, 695432.6 2414816, 695430.6 2414790, 695427.2 2414764, 695422.4 2414738, 695416.3 2414712, 695408.9 2414687, 695400.1 2414663, 695390.1 2414638, 695378.8 2414615, 695366.3 2414592, 695352.7 2414569, 695337.8 2414548, 695321.9 2414527, 695304.9 2414507, 695286.9 2414488, 695267.9 2414470, 695248 2414453, 695227.2 2414437, 695205.6 2414422, 695183.3 2414409, 695160.3 2414396, 695136.7 2414385, 695112.5 2414375, 695087.8 2414366, 695062.7 2414359, 695037.3 2414353, 695011.5 2414348, 694985.6 2414345, 694959.5 2414343, 694933.3 2414342, 694907.2 2414343, 694881.1 2414345, 694855.1 2414348, 694829.4 2414353, 694803.9 2414359, 694778.8 2414366, 694754.1 2414375, 694730 2414385, 694706.3 2414396, 694683.3 2414409, 694661 2414422, 694639.4 2414437, 694618.7 2414453, 694598.8 2414470, 694579.8 2414488, 694561.8 2414507, 694544.8 2414527, 694528.8 2414548, 694514 2414569, 694500.3 2414592, 694487.8 2414615, 694476.6 2414638, 694466.5 2414663, 694457.8 2414687, 694450.4 2414712, 694444.3 2414738, 694439.5 2414764, 694436.1 2414790, 694434 2414816, 694433.3 2414842, 694434 2414868, 694436.1 2414894, 694439.5 2414920, 694444.3 2414946, 694450.4 2414971, 694457.8 2414996, 694466.5 2415021, 694476.6 2415045, 694487.8 2415069, 694500.3 2415092, 694514 2415114, 694528.8 2415136, 694544.8 2415156, 694561.8 2415176, 694579.8 2415195, 694598.8 2415213, 694618.7 2415230, 694639.4 2415246, 694661 2415261, 694683.3 2415275, 694706.3 2415287, 694730 2415299, 694754.1 2415309, 694778.8 2415317, 694803.9 2415325, 694829.4 2415331, 694855.1 2415336, 694881.1 2415339, 694907.2 2415341, 694933.3 2415342, 694959.5 2415341, 694985.6 2415339, 695011.5 2415336, 695037.3 2415331, 695062.7 2415325, 695087.8 2415317, 695112.5 2415309, 695136.7 2415299, 695160.3 2415287, 695183.3 2415275, 695205.6 2415261, 695227.2 2415246, 695248 2415230, 695267.9 2415213, 695286.9 2415195, 695304.9 2415176, 695321.9 2415156, 695337.8 2415136, 695352.7 2415114, 695366.3 2415092, 695378.8 2415069, 695390.1 2415045, 695400.1 2415021, 695408.9 2414996, 695416.3 2414971, 695422.4 2414946, 695427.2 2414920, 695430.6 2414894, 695432.6 2414868, 695433.3 2414842))"
32,20260541,Forest,4472,80.2233765191585,1.6158910329171396,1,Hani,土葬,无,0,1,0,128,987.624251648906,2078.422306483125,657.32745361328125,10.943253517150879,28.400615064930825,230594.9249267578,93823.28338623047,0.14235840051707466,1,5,36710.71243286133,0.1592000016675193,1800,0.007805895990866759,0,1,0.8796434670337306,0.47563365198950963,8.405591014834934,4.384814950196063,0.4798865276998581,"POLYGON ((730772.9 2424739, 730772.2 2424712, 730770.1 2424686, 730766.7 2424660, 730761.9 2424635, 730755.8 2424609, 730748.4 2424584, 730739.6 2424559, 730729.6 2424535, 730718.4 2424512, 730705.9 2424489, 730692.2 2424466, 730677.4 2424445, 730661.4 2424424, 730644.4 2424404, 730626.4 2424385, 730607.4 2424367, 730587.5 2424350, 730566.7 2424334, 730545.2 2424319, 730522.9 2424306, 730499.8 2424293, 730476.2 2424282, 730452 2424272, 730427.4 2424263, 730402.3 2424256, 730376.8 2424249, 730351.1 2424245, 730325.1 2424241, 730299 2424239, 730272.9 2424239, 730246.7 2424239, 730220.6 2424241, 730194.6 2424245, 730168.9 2424249, 730143.4 2424256, 730118.3 2424263, 730093.7 2424272, 730069.5 2424282, 730045.9 2424293, 730022.9 2424306, 730000.5 2424319, 729979 2424334, 729958.2 2424350, 729938.3 2424367, 729919.3 2424385, 729901.3 2424404, 729884.3 2424424, 729868.3 2424445, 729853.5 2424466, 729839.8 2424489, 729827.3 2424512, 729816.1 2424535, 729806.1 2424559, 729797.3 2424584, 729789.9 2424609, 729783.8 2424635, 729779 2424660, 729775.6 2424686, 729773.5 2424712, 729772.9 2424739, 729773.5 2424765, 729775.6 2424791, 729779 2424817, 729783.8 2424843, 729789.9 2424868, 729797.3 2424893, 729806.1 2424918, 729816.1 2424942, 729827.3 2424966, 729839.8 2424989, 729853.5 2425011, 729868.3 2425032, 729884.3 2425053, 729901.3 2425073, 729919.3 2425092, 729938.3 2425110, 729958.2 2425127, 729979 2425143, 730000.5 2425158, 730022.9 2425172, 730045.9 2425184, 730069.5 2425195, 730093.7 2425205, 730118.3 2425214, 730143.4 2425222, 730168.9 2425228, 730194.6 2425232, 730220.6 2425236, 730246.7 2425238, 730272.9 2425239, 730299 2425238, 730325.1 2425236, 730351.1 2425232, 730376.8 2425228, 730402.3 2425222, 730427.4 2425214, 730452 2425205, 730476.2 2425195, 730499.8 2425184, 730522.9 2425172, 730545.2 2425158, 730566.7 2425143, 730587.5 2425127, 730607.4 2425110, 730626.4 2425092, 730644.4 2425073, 730661.4 2425053, 730677.4 2425032, 730692.2 2425011, 730705.9 2424989, 730718.4 2424966, 730729.6 2424942, 730739.6 2424918, 730748.4 2424893, 730755.8 2424868, 730761.9 2424843, 730766.7 2424817, 730770.1 2424791, 730772.2 2424765, 730772.9 2424739))"
32,20260541,Forest,4515,22.149829986848378,1.7557289127254998,1,Hani,土葬,无,0,1,0,129,332.45313855117195,772.7447179641796,1065.134033203125,17.14580726623535,123.9624987857196,785039.3371582031,0,0.09060970276532553,1,6,187495.36743164062,0.23883563352425496,0,0,0,1,-0.5586501623391503,0.829403397701288,8.415160465851086,3.0978298209243684,0.5628841055764946,"POLYGON ((726878 2418981, 726877.3 2418955, 726875.2 2418928, 726871.8 2418903, 726867 2418877, 726860.9 2418851, 726853.5 2418826, 726844.8 2418802, 726834.7 2418777, 726823.5 2418754, 726811 2418731, 726797.3 2418708, 726782.5 2418687, 726766.5 2418666, 726749.5 2418646, 726731.5 2418627, 726712.5 2418609, 726692.6 2418592, 726671.9 2418576, 726650.3 2418561, 726628 2418548, 726605 2418535, 726581.3 2418524, 726557.1 2418514, 726532.5 2418505, 726507.4 2418498, 726481.9 2418492, 726456.2 2418487, 726430.2 2418483, 726404.1 2418481, 726378 2418481, 726351.8 2418481, 726325.7 2418483, 726299.7 2418487, 726274 2418492, 726248.6 2418498, 726223.5 2418505, 726198.8 2418514, 726174.6 2418524, 726151 2418535, 726128 2418548, 726105.6 2418561, 726084.1 2418576, 726063.3 2418592, 726043.4 2418609, 726024.4 2418627, 726006.4 2418646, 725989.4 2418666, 725973.5 2418687, 725958.6 2418708, 725945 2418731, 725932.5 2418754, 725921.2 2418777, 725911.2 2418802, 725902.4 2418826, 725895 2418851, 725888.9 2418877, 725884.1 2418903, 725880.7 2418928, 725878.7 2418955, 725878 2418981, 725878.7 2419007, 725880.7 2419033, 725884.1 2419059, 725888.9 2419085, 725895 2419110, 725902.4 2419135, 725911.2 2419160, 725921.2 2419184, 725932.5 2419208, 725945 2419231, 725958.6 2419253, 725973.5 2419275, 725989.4 2419295, 726006.4 2419315, 726024.4 2419334, 726043.4 2419352, 726063.3 2419369, 726084.1 2419385, 726105.6 2419400, 726128 2419414, 726151 2419426, 726174.6 2419438, 726198.8 2419448, 726223.5 2419456, 726248.6 2419464, 726274 2419470, 726299.7 2419475, 726325.7 2419478, 726351.8 2419480, 726378 2419481, 726404.1 2419480, 726430.2 2419478, 726456.2 2419475, 726481.9 2419470, 726507.4 2419464, 726532.5 2419456, 726557.1 2419448, 726581.3 2419438, 726605 2419426, 726628 2419414, 726650.3 2419400, 726671.9 2419385, 726692.6 2419369, 726712.5 2419352, 726731.5 2419334, 726749.5 2419315, 726766.5 2419295, 726782.5 2419275, 726797.3 2419253, 726811 2419231, 726823.5 2419208, 726834.7 2419184, 726844.8 2419160, 726853.5 2419135, 726860.9 2419110, 726867 2419085, 726871.8 2419059, 726875.2 2419033, 726877.3 2419007, 726878 2418981))"
32,20260541,Forest,4515,22.149829986848378,1.7557289127254998,1,Hani,土葬,无,0,1,0,130,322.4118282171956,315.976532437513,647.369140625,10.725285530090332,343.1957298501002,93067.71240234375,296582.7392578125,0.27510797151738703,1,7,2700,0.029011135336899127,0,0,0,1,0.9572979538609645,-0.2891031434170349,8.415160465851086,3.0978298209243684,0.5628841055764946,"POLYGON ((732536.2 2423342, 732535.5 2423316, 732533.4 2423290, 732530 2423264, 732525.2 2423238, 732519.1 2423213, 732511.7 2423188, 732502.9 2423163, 732492.9 2423139, 732481.7 2423115, 732469.2 2423092, 732455.5 2423070, 732440.7 2423048, 732424.7 2423028, 732407.7 2423008, 732389.7 2422989, 732370.7 2422971, 732350.8 2422954, 732330 2422938, 732308.5 2422923, 732286.2 2422909, 732263.1 2422897, 732239.5 2422885, 732215.3 2422875, 732190.7 2422867, 732165.6 2422859, 732140.1 2422853, 732114.4 2422848, 732088.4 2422845, 732062.3 2422843, 732036.2 2422842, 732010 2422843, 731983.9 2422845, 731957.9 2422848, 731932.2 2422853, 731906.7 2422859, 731881.6 2422867, 731857 2422875, 731832.8 2422885, 731809.2 2422897, 731786.2 2422909, 731763.8 2422923, 731742.3 2422938, 731721.5 2422954, 731701.6 2422971, 731682.6 2422989, 731664.6 2423008, 731647.6 2423028, 731631.6 2423048, 731616.8 2423070, 731603.1 2423092, 731590.6 2423115, 731579.4 2423139, 731569.4 2423163, 731560.6 2423188, 731553.2 2423213, 731547.1 2423238, 731542.3 2423264, 731538.9 2423290, 731536.8 2423316, 731536.2 2423342, 731536.8 2423368, 731538.9 2423394, 731542.3 2423420, 731547.1 2423446, 731553.2 2423472, 731560.6 2423497, 731569.4 2423521, 731579.4 2423546, 731590.6 2423569, 731603.1 2423592, 731616.8 2423615, 731631.6 2423636, 731647.6 2423657, 731664.6 2423677, 731682.6 2423696, 731701.6 2423714, 731721.5 2423731, 731742.3 2423747, 731763.8 2423762, 731786.2 2423775, 731809.2 2423788, 731832.8 2423799, 731857 2423809, 731881.6 2423818, 731906.7 2423825, 731932.2 2423831, 731957.9 2423836, 731983.9 2423839, 732010 2423842, 732036.2 2423842, 732062.3 2423842, 732088.4 2423839, 732114.4 2423836, 732140.1 2423831, 732165.6 2423825, 732190.7 2423818, 732215.3 2423809, 732239.5 2423799, 732263.1 2423788, 732286.2 2423775, 732308.5 2423762, 732330 2423747, 732350.8 2423731, 732370.7 2423714, 732389.7 2423696, 732407.7 2423677, 732424.7 2423657, 732440.7 2423636, 732455.5 2423615, 732469.2 2423592, 732481.7 2423569, 732492.9 2423546, 732502.9 2423521, 732511.7 2423497, 732519.1 2423472, 732525.2 2423446, 732530 2423420, 732533.4 2423394, 732535.5 2423368, 732536.2 2423342))"
32,20260541,Forest,4241,9.072886586485563,1.3878819264629725,1,Hani,土葬,无,0,1,0,179,286.48375409382606,360.94990183235063,1256.0445556640625,14.775547981262207,180.6027225451726,785039.3371582031,0,0.12360806049134172,1,12,183577.4642944336,0.23384492420338243,9516.09992980957,0.012121812856228709,0,1,-0.9999446706449069,-0.010519298876293978,8.352554369474591,2.2052904699975566,0.32777879107638785,"POLYGON ((734813.8 2413828, 734813.1 2413802, 734811.1 2413776, 734807.6 2413750, 734802.9 2413724, 734796.8 2413699, 734789.3 2413674, 734780.6 2413649, 734770.6 2413625, 734759.3 2413601, 734746.8 2413578, 734733.1 2413556, 734718.3 2413534, 734702.4 2413514, 734685.4 2413494, 734667.3 2413475, 734648.4 2413457, 734628.5 2413440, 734607.7 2413424, 734586.1 2413409, 734563.8 2413395, 734540.8 2413383, 734517.2 2413372, 734493 2413362, 734468.3 2413353, 734443.2 2413345, 734417.7 2413339, 734392 2413335, 734366.1 2413331, 734340 2413329, 734313.8 2413328, 734287.6 2413329, 734261.5 2413331, 734235.6 2413335, 734209.8 2413339, 734184.4 2413345, 734159.3 2413353, 734134.6 2413362, 734110.4 2413372, 734086.8 2413383, 734063.8 2413395, 734041.5 2413409, 734019.9 2413424, 733999.1 2413440, 733979.2 2413457, 733960.2 2413475, 733942.2 2413494, 733925.2 2413514, 733909.3 2413534, 733894.5 2413556, 733880.8 2413578, 733868.3 2413601, 733857 2413625, 733847 2413649, 733838.3 2413674, 733830.8 2413699, 733824.7 2413724, 733819.9 2413750, 733816.5 2413776, 733814.5 2413802, 733813.8 2413828, 733814.5 2413855, 733816.5 2413881, 733819.9 2413907, 733824.7 2413932, 733830.8 2413958, 733838.3 2413983, 733847 2414008, 733857 2414032, 733868.3 2414055, 733880.8 2414078, 733894.5 2414101, 733909.3 2414122, 733925.2 2414143, 733942.2 2414163, 733960.2 2414182, 733979.2 2414200, 733999.1 2414217, 734019.9 2414233, 734041.5 2414248, 734063.8 2414261, 734086.8 2414274, 734110.4 2414285, 734134.6 2414295, 734159.3 2414304, 734184.4 2414311, 734209.8 2414317, 734235.6 2414322, 734261.5 2414326, 734287.6 2414328, 734313.8 2414328, 734340 2414328, 734366.1 2414326, 734392 2414322, 734417.7 2414317, 734443.2 2414311, 734468.3 2414304, 734493 2414295, 734517.2 2414285, 734540.8 2414274, 734563.8 2414261, 734586.1 2414248, 734607.7 2414233, 734628.5 2414217, 734648.4 2414200, 734667.3 2414182, 734685.4 2414163, 734702.4 2414143, 734718.3 2414122, 734733.1 2414101, 734746.8 2414078, 734759.3 2414055, 734770.6 2414032, 734780.6 2414008, 734789.3 2413983, 734796.8 2413958, 734802.9 2413932, 734807.6 2413907, 734811.1 2413881, 734813.1 2413855, 734813.8 2413828))"
32,20260541,Forest,4967,14.715169008011273,0.38470948012232414,1,Hani,土葬,无,0,1,0,180,100.1865693766016,2648.1056978204597,704.2801513671875,7.321033954620361,303.3870074262204,29283.899688720703,75380.47943115234,0.21965907935203105,1,13,26583.897972106934,0.9077991064948999,2700,0.09220083488538791,0,1,0.5502914131680589,-0.8349726705668281,8.51057131510735,2.688878867043283,-0.9552668266309133,"POLYGON ((770885.3 2388234, 770884.7 2388208, 770882.6 2388182, 770879.2 2388156, 770874.4 2388130, 770868.3 2388105, 770860.9 2388079, 770852.1 2388055, 770842.1 2388031, 770830.8 2388007, 770818.4 2387984, 770804.7 2387962, 770789.9 2387940, 770773.9 2387919, 770756.9 2387899, 770738.9 2387880, 770719.9 2387862, 770700 2387845, 770679.2 2387829, 770657.7 2387815, 770635.3 2387801, 770612.3 2387788, 770588.7 2387777, 770564.5 2387767, 770539.9 2387758, 770514.8 2387751, 770489.3 2387745, 770463.6 2387740, 770437.6 2387737, 770411.5 2387735, 770385.3 2387734, 770359.2 2387735, 770333.1 2387737, 770307.1 2387740, 770281.4 2387745, 770255.9 2387751, 770230.8 2387758, 770206.2 2387767, 770182 2387777, 770158.3 2387788, 770135.3 2387801, 770113 2387815, 770091.5 2387829, 770070.7 2387845, 770050.8 2387862, 770031.8 2387880, 770013.8 2387899, 769996.8 2387919, 769980.8 2387940, 769966 2387962, 769952.3 2387984, 769939.8 2388007, 769928.6 2388031, 769918.6 2388055, 769909.8 2388079, 769902.4 2388105, 769896.3 2388130, 769891.5 2388156, 769888.1 2388182, 769886 2388208, 769885.3 2388234, 769886 2388260, 769888.1 2388286, 769891.5 2388312, 769896.3 2388338, 769902.4 2388363, 769909.8 2388388, 769918.6 2388413, 769928.6 2388437, 769939.8 2388461, 769952.3 2388484, 769966 2388506, 769980.8 2388528, 769996.8 2388549, 770013.8 2388569, 770031.8 2388588, 770050.8 2388606, 770070.7 2388623, 770091.5 2388638, 770113 2388653, 770135.3 2388667, 770158.3 2388679, 770182 2388691, 770206.2 2388701, 770230.8 2388710, 770255.9 2388717, 770281.4 2388723, 770307.1 2388728, 770333.1 2388731, 770359.2 2388733, 770385.3 2388734, 770411.5 2388733, 770437.6 2388731, 770463.6 2388728, 770489.3 2388723, 770514.8 2388717, 770539.9 2388710, 770564.5 2388701, 770588.7 2388691, 770612.3 2388679, 770635.3 2388667, 770657.7 2388653, 770679.2 2388638, 770700 2388623, 770719.9 2388606, 770738.9 2388588, 770756.9 2388569, 770773.9 2388549, 770789.9 2388528, 770804.7 2388506, 770818.4 2388484, 770830.8 2388461, 770842.1 2388437, 770852.1 2388413, 770860.9 2388388, 770868.3 2388363, 770874.4 2388338, 770879.2 2388312, 770882.6 2388286, 770884.7 2388260, 770885.3 2388234))"
32,20260541,Forest,4241,9.072886586485563,1.3878819264629725,1,Hani,土葬,无,0,1,0,181,124.12840082916725,430.1318635587268,1115.98095703125,18.35643768310547,57.80653495594085,785039.3371582031,0,0.07647874269965547,1,14,307300.47912597656,0.3914459627442193,74176.05514526367,0.09448705515035297,0,1,0.5327797587760204,0.846253938625142,8.352554369474591,2.2052904699975566,0.32777879107638785,"POLYGON ((730571.7 2415279, 730571 2415252, 730568.9 2415226, 730565.5 2415200, 730560.8 2415175, 730554.7 2415149, 730547.2 2415124, 730538.5 2415099, 730528.5 2415075, 730517.2 2415052, 730504.7 2415029, 730491 2415006, 730476.2 2414985, 730460.3 2414964, 730443.3 2414944, 730425.2 2414925, 730406.3 2414907, 730386.3 2414890, 730365.6 2414874, 730344 2414859, 730321.7 2414846, 730298.7 2414833, 730275.1 2414822, 730250.9 2414812, 730226.2 2414803, 730201.1 2414796, 730175.6 2414790, 730149.9 2414785, 730124 2414781, 730097.9 2414779, 730071.7 2414779, 730045.5 2414779, 730019.4 2414781, 729993.5 2414785, 729967.7 2414790, 729942.3 2414796, 729917.2 2414803, 729892.5 2414812, 729868.3 2414822, 729844.7 2414833, 729821.7 2414846, 729799.4 2414859, 729777.8 2414874, 729757 2414890, 729737.1 2414907, 729718.1 2414925, 729700.1 2414944, 729683.1 2414964, 729667.2 2414985, 729652.4 2415006, 729638.7 2415029, 729626.2 2415052, 729614.9 2415075, 729604.9 2415099, 729596.2 2415124, 729588.7 2415149, 729582.6 2415175, 729577.8 2415200, 729574.4 2415226, 729572.4 2415252, 729571.7 2415279, 729572.4 2415305, 729574.4 2415331, 729577.8 2415357, 729582.6 2415383, 729588.7 2415408, 729596.2 2415433, 729604.9 2415458, 729614.9 2415482, 729626.2 2415506, 729638.7 2415529, 729652.4 2415551, 729667.2 2415573, 729683.1 2415593, 729700.1 2415613, 729718.1 2415632, 729737.1 2415650, 729757 2415667, 729777.8 2415683, 729799.4 2415698, 729821.7 2415712, 729844.7 2415724, 729868.3 2415735, 729892.5 2415745, 729917.2 2415754, 729942.3 2415762, 729967.7 2415768, 729993.5 2415772, 730019.4 2415776, 730045.5 2415778, 730071.7 2415779, 730097.9 2415778, 730124 2415776, 730149.9 2415772, 730175.6 2415768, 730201.1 2415762, 730226.2 2415754, 730250.9 2415745, 730275.1 2415735, 730298.7 2415724, 730321.7 2415712, 730344 2415698, 730365.6 2415683, 730386.3 2415667, 730406.3 2415650, 730425.2 2415632, 730443.3 2415613, 730460.3 2415593, 730476.2 2415573, 730491 2415551, 730504.7 2415529, 730517.2 2415506, 730528.5 2415482, 730538.5 2415458, 730547.2 2415433, 730554.7 2415408, 730560.8 2415383, 730565.5 2415357, 730568.9 2415331, 730571 2415305, 730571.7 2415279))"
32,20260541,Forest,4241,9.072886586485563,1.3878819264629725,1,Hani,土葬,无,0,1,0,182,28.403953140942804,1249.564221888181,1248.65380859375,14.356022834777832,217.06227819347566,785039.3371582031,0,0.09099130695992921,1,15,168233.84857177734,0.2142998963348437,97333.3740234375,0.12398534623217566,0,1,-0.7979808898160871,-0.6026827519419532,8.352554369474591,2.2052904699975566,0.32777879107638785,"POLYGON ((741848.9 2414218, 741848.2 2414192, 741846.2 2414166, 741842.8 2414140, 741838 2414114, 741831.9 2414088, 741824.5 2414063, 741815.7 2414039, 741805.7 2414014, 741794.4 2413991, 741781.9 2413968, 741768.3 2413946, 741753.4 2413924, 741737.5 2413903, 741720.5 2413883, 741702.5 2413864, 741683.5 2413846, 741663.6 2413829, 741642.8 2413813, 741621.2 2413798, 741598.9 2413785, 741575.9 2413772, 741552.3 2413761, 741528.1 2413751, 741503.4 2413742, 741478.3 2413735, 741452.9 2413729, 741427.1 2413724, 741401.2 2413721, 741375.1 2413719, 741348.9 2413718, 741322.8 2413719, 741296.7 2413721, 741270.7 2413724, 741245 2413729, 741219.5 2413735, 741194.4 2413742, 741169.7 2413751, 741145.6 2413761, 741121.9 2413772, 741098.9 2413785, 741076.6 2413798, 741055 2413813, 741034.3 2413829, 741014.4 2413846, 740995.4 2413864, 740977.4 2413883, 740960.4 2413903, 740944.4 2413924, 740929.6 2413946, 740915.9 2413968, 740903.4 2413991, 740892.2 2414014, 740882.1 2414039, 740873.4 2414063, 740866 2414088, 740859.9 2414114, 740855.1 2414140, 740851.7 2414166, 740849.6 2414192, 740848.9 2414218, 740849.6 2414244, 740851.7 2414270, 740855.1 2414296, 740859.9 2414322, 740866 2414347, 740873.4 2414372, 740882.1 2414397, 740892.2 2414421, 740903.4 2414445, 740915.9 2414468, 740929.6 2414490, 740944.4 2414512, 740960.4 2414532, 740977.4 2414552, 740995.4 2414571, 741014.4 2414589, 741034.3 2414606, 741055 2414622, 741076.6 2414637, 741098.9 2414651, 741121.9 2414663, 741145.6 2414675, 741169.7 2414685, 741194.4 2414693, 741219.5 2414701, 741245 2414707, 741270.7 2414712, 741296.7 2414715, 741322.8 2414717, 741348.9 2414718, 741375.1 2414717, 741401.2 2414715, 741427.1 2414712, 741452.9 2414707, 741478.3 2414701, 741503.4 2414693, 741528.1 2414685, 741552.3 2414675, 741575.9 2414663, 741598.9 2414651, 741621.2 2414637, 741642.8 2414622, 741663.6 2414606, 741683.5 2414589, 741702.5 2414571, 741720.5 2414552, 741737.5 2414532, 741753.4 2414512, 741768.3 2414490, 741781.9 2414468, 741794.4 2414445, 741805.7 2414421, 741815.7 2414397, 741824.5 2414372, 741831.9 2414347, 741838 2414322, 741842.8 2414296, 741846.2 2414270, 741848.2 2414244, 741848.9 2414218))"
32,20260541,Forest,4241,9.072886586485563,1.3878819264629725,1,Hani,土葬,无,0,1,0,184,514.2083826589842,734.0732624579123,898.3594970703125,19.120380401611328,0.13868625643173688,343031.94580078125,442007.3913574219,0.045405176232978364,1,17,172714.4302368164,0.5034937193200129,6223.4235763549805,0.018142402340478477,0,1,0.9999970705143281,0.002420529438360765,8.352554369474591,2.2052904699975566,0.32777879107638785,"POLYGON ((738868.4 2417134, 738867.7 2417108, 738865.6 2417082, 738862.2 2417056, 738857.5 2417030, 738851.3 2417005, 738843.9 2416980, 738835.2 2416955, 738825.1 2416931, 738813.9 2416907, 738801.4 2416884, 738787.7 2416862, 738772.9 2416840, 738757 2416819, 738739.9 2416800, 738721.9 2416781, 738702.9 2416763, 738683 2416746, 738662.3 2416730, 738640.7 2416715, 738618.4 2416701, 738595.4 2416689, 738571.7 2416677, 738547.6 2416667, 738522.9 2416659, 738497.8 2416651, 738472.3 2416645, 738446.6 2416640, 738420.6 2416637, 738394.5 2416635, 738368.4 2416634, 738342.2 2416635, 738316.1 2416637, 738290.2 2416640, 738264.4 2416645, 738239 2416651, 738213.9 2416659, 738189.2 2416667, 738165 2416677, 738141.4 2416689, 738118.4 2416701, 738096.1 2416715, 738074.5 2416730, 738053.7 2416746, 738033.8 2416763, 738014.8 2416781, 737996.8 2416800, 737979.8 2416819, 737963.9 2416840, 737949 2416862, 737935.4 2416884, 737922.9 2416907, 737911.6 2416931, 737901.6 2416955, 737892.8 2416980, 737885.4 2417005, 737879.3 2417030, 737874.5 2417056, 737871.1 2417082, 737869.1 2417108, 737868.4 2417134, 737869.1 2417160, 737871.1 2417186, 737874.5 2417212, 737879.3 2417238, 737885.4 2417264, 737892.8 2417289, 737901.6 2417313, 737911.6 2417337, 737922.9 2417361, 737935.4 2417384, 737949 2417406, 737963.9 2417428, 737979.8 2417449, 737996.8 2417469, 738014.8 2417488, 738033.8 2417506, 738053.7 2417523, 738074.5 2417539, 738096.1 2417553, 738118.4 2417567, 738141.4 2417580, 738165 2417591, 738189.2 2417601, 738213.9 2417610, 738239 2417617, 738264.4 2417623, 738290.2 2417628, 738316.1 2417631, 738342.2 2417633, 738368.4 2417634, 738394.5 2417633, 738420.6 2417631, 738446.6 2417628, 738472.3 2417623, 738497.8 2417617, 738522.9 2417610, 738547.6 2417601, 738571.7 2417591, 738595.4 2417580, 738618.4 2417567, 738640.7 2417553, 738662.3 2417539, 738683 2417523, 738702.9 2417506, 738721.9 2417488, 738739.9 2417469, 738757 2417449, 738772.9 2417428, 738787.7 2417406, 738801.4 2417384, 738813.9 2417361, 738825.1 2417337, 738835.2 2417313, 738843.9 2417289, 738851.3 2417264, 738857.5 2417238, 738862.2 2417212, 738865.6 2417186, 738867.7 2417160, 738868.4 2417134))"
32,20260541,Forest,4016,17.382211004373175,1.8414195867026055,1,Hani,土葬,无,0,1,0,188,215.86852665744715,1302.9206369899366,646.4871826171875,11.3733491897583,136.55877676704347,18860.04066467285,434781.62841796875,0.270319443509956,1,20,8023.773765563965,0.4254377765257669,2770.439314842224,0.14689466285359573,0,1,-0.726080136448918,0.6876100896978756,8.298041661371565,2.8554473271875427,0.6105367886688474,"POLYGON ((736813.5 2400697, 736812.8 2400671, 736810.8 2400645, 736807.3 2400619, 736802.6 2400593, 736796.5 2400567, 736789 2400542, 736780.3 2400518, 736770.3 2400493, 736759 2400470, 736746.5 2400447, 736732.8 2400425, 736718 2400403, 736702.1 2400382, 736685.1 2400362, 736667 2400343, 736648.1 2400325, 736628.2 2400308, 736607.4 2400292, 736585.8 2400278, 736563.5 2400264, 736540.5 2400251, 736516.9 2400240, 736492.7 2400230, 736468 2400221, 736442.9 2400214, 736417.5 2400208, 736391.7 2400203, 736365.8 2400200, 736339.7 2400198, 736313.5 2400197, 736287.3 2400198, 736261.2 2400200, 736235.3 2400203, 736209.5 2400208, 736184.1 2400214, 736159 2400221, 736134.3 2400230, 736110.1 2400240, 736086.5 2400251, 736063.5 2400264, 736041.2 2400278, 736019.6 2400292, 735998.8 2400308, 735978.9 2400325, 735959.9 2400343, 735941.9 2400362, 735924.9 2400382, 735909 2400403, 735894.2 2400425, 735880.5 2400447, 735868 2400470, 735856.7 2400493, 735846.7 2400518, 735838 2400542, 735830.5 2400567, 735824.4 2400593, 735819.7 2400619, 735816.2 2400645, 735814.2 2400671, 735813.5 2400697, 735814.2 2400723, 735816.2 2400749, 735819.7 2400775, 735824.4 2400801, 735830.5 2400826, 735838 2400851, 735846.7 2400876, 735856.7 2400900, 735868 2400924, 735880.5 2400947, 735894.2 2400969, 735909 2400991, 735924.9 2401012, 735941.9 2401031, 735959.9 2401050, 735978.9 2401068, 735998.8 2401085, 736019.6 2401101, 736041.2 2401116, 736063.5 2401130, 736086.5 2401142, 736110.1 2401154, 736134.3 2401164, 736159 2401172, 736184.1 2401180, 736209.5 2401186, 736235.3 2401191, 736261.2 2401194, 736287.3 2401196, 736313.5 2401197, 736339.7 2401196, 736365.8 2401194, 736391.7 2401191, 736417.5 2401186, 736442.9 2401180, 736468 2401172, 736492.7 2401164, 736516.9 2401154, 736540.5 2401142, 736563.5 2401130, 736585.8 2401116, 736607.4 2401101, 736628.2 2401085, 736648.1 2401068, 736667 2401050, 736685.1 2401031, 736702.1 2401012, 736718 2400991, 736732.8 2400969, 736746.5 2400947, 736759 2400924, 736770.3 2400900, 736780.3 2400876, 736789 2400851, 736796.5 2400826, 736802.6 2400801, 736807.3 2400775, 736810.8 2400749, 736812.8 2400723, 736813.5 2400697))"
32,20260541,Forest,4016,17.382211004373175,1.8414195867026055,1,Hani,土葬,无,0,1,0,189,137.21434061685437,2040.6024855791748,694.8902587890625,10.726842880249023,84.32314396167865,422454.8034667969,8100,0.23518619491866832,1,21,258274.12719726562,0.6113651095402087,35244.154357910156,0.08342704135137191,0,1,0.09891780056333861,0.9950956078345997,8.298041661371565,2.8554473271875427,0.6105367886688474,"POLYGON ((738030.8 2403802, 738030.1 2403776, 738028 2403750, 738024.6 2403724, 738019.9 2403698, 738013.7 2403672, 738006.3 2403647, 737997.6 2403623, 737987.5 2403598, 737976.3 2403575, 737963.8 2403552, 737950.1 2403529, 737935.3 2403508, 737919.3 2403487, 737902.3 2403467, 737884.3 2403448, 737865.3 2403430, 737845.4 2403413, 737824.7 2403397, 737803.1 2403382, 737780.8 2403369, 737757.8 2403356, 737734.1 2403345, 737710 2403335, 737685.3 2403326, 737660.2 2403319, 737634.7 2403313, 737609 2403308, 737583 2403305, 737556.9 2403303, 737530.8 2403302, 737504.6 2403303, 737478.5 2403305, 737452.6 2403308, 737426.8 2403313, 737401.4 2403319, 737376.3 2403326, 737351.6 2403335, 737327.4 2403345, 737303.8 2403356, 737280.8 2403369, 737258.5 2403382, 737236.9 2403397, 737216.1 2403413, 737196.2 2403430, 737177.2 2403448, 737159.2 2403467, 737142.2 2403487, 737126.3 2403508, 737111.4 2403529, 737097.8 2403552, 737085.3 2403575, 737074 2403598, 737064 2403623, 737055.2 2403647, 737047.8 2403672, 737041.7 2403698, 737036.9 2403724, 737033.5 2403750, 737031.5 2403776, 737030.8 2403802, 737031.5 2403828, 737033.5 2403854, 737036.9 2403880, 737041.7 2403906, 737047.8 2403931, 737055.2 2403956, 737064 2403981, 737074 2404005, 737085.3 2404029, 737097.8 2404052, 737111.4 2404074, 737126.3 2404096, 737142.2 2404116, 737159.2 2404136, 737177.2 2404155, 737196.2 2404173, 737216.1 2404190, 737236.9 2404206, 737258.5 2404221, 737280.8 2404235, 737303.8 2404247, 737327.4 2404259, 737351.6 2404269, 737376.3 2404277, 737401.4 2404285, 737426.8 2404291, 737452.6 2404296, 737478.5 2404299, 737504.6 2404301, 737530.8 2404302, 737556.9 2404301, 737583 2404299, 737609 2404296, 737634.7 2404291, 737660.2 2404285, 737685.3 2404277, 737710 2404269, 737734.1 2404259, 737757.8 2404247, 737780.8 2404235, 737803.1 2404221, 737824.7 2404206, 737845.4 2404190, 737865.3 2404173, 737884.3 2404155, 737902.3 2404136, 737919.3 2404116, 737935.3 2404096, 737950.1 2404074, 737963.8 2404052, 737976.3 2404029, 737987.5 2404005, 737997.6 2403981, 738006.3 2403956, 738013.7 2403931, 738019.9 2403906, 738024.6 2403880, 738028 2403854, 738030.1 2403828, 738030.8 2403802))"
32,20260541,Forest,4016,17.382211004373175,1.8414195867026055,1,Hani,土葬,无,0,1,0,190,272.6172344052151,3081.2649702185167,715.23291015625,9.811060905456543,164.32962278074228,785039.3371582031,0,0.1745112680318828,1,22,470838.0432128906,0.5997636308484834,18882.854461669922,0.024053386330963693,0,1,-0.9628315222594462,0.27010268370299007,8.298041661371565,2.8554473271875427,0.6105367886688474,"POLYGON ((738021 2405143, 738020.3 2405117, 738018.2 2405091, 738014.8 2405065, 738010 2405039, 738003.9 2405014, 737996.5 2404988, 737987.8 2404964, 737977.7 2404940, 737966.5 2404916, 737954 2404893, 737940.3 2404871, 737925.5 2404849, 737909.5 2404828, 737892.5 2404808, 737874.5 2404789, 737855.5 2404771, 737835.6 2404754, 737814.9 2404738, 737793.3 2404724, 737771 2404710, 737748 2404697, 737724.3 2404686, 737700.2 2404676, 737675.5 2404667, 737650.4 2404660, 737624.9 2404654, 737599.2 2404649, 737573.2 2404646, 737547.1 2404644, 737521 2404643, 737494.8 2404644, 737468.7 2404646, 737442.8 2404649, 737417 2404654, 737391.6 2404660, 737366.5 2404667, 737341.8 2404676, 737317.6 2404686, 737294 2404697, 737271 2404710, 737248.7 2404724, 737227.1 2404738, 737206.3 2404754, 737186.4 2404771, 737167.4 2404789, 737149.4 2404808, 737132.4 2404828, 737116.5 2404849, 737101.6 2404871, 737088 2404893, 737075.5 2404916, 737064.2 2404940, 737054.2 2404964, 737045.4 2404988, 737038 2405014, 737031.9 2405039, 737027.1 2405065, 737023.7 2405091, 737021.7 2405117, 737021 2405143, 737021.7 2405169, 737023.7 2405195, 737027.1 2405221, 737031.9 2405247, 737038 2405272, 737045.4 2405297, 737054.2 2405322, 737064.2 2405346, 737075.5 2405370, 737088 2405393, 737101.6 2405415, 737116.5 2405437, 737132.4 2405458, 737149.4 2405478, 737167.4 2405497, 737186.4 2405515, 737206.3 2405532, 737227.1 2405547, 737248.7 2405562, 737271 2405576, 737294 2405588, 737317.6 2405600, 737341.8 2405610, 737366.5 2405619, 737391.6 2405626, 737417 2405632, 737442.8 2405637, 737468.7 2405640, 737494.8 2405642, 737521 2405643, 737547.1 2405642, 737573.2 2405640, 737599.2 2405637, 737624.9 2405632, 737650.4 2405626, 737675.5 2405619, 737700.2 2405610, 737724.3 2405600, 737748 2405588, 737771 2405576, 737793.3 2405562, 737814.9 2405547, 737835.6 2405532, 737855.5 2405515, 737874.5 2405497, 737892.5 2405478, 737909.5 2405458, 737925.5 2405437, 737940.3 2405415, 737954 2405393, 737966.5 2405370, 737977.7 2405346, 737987.8 2405322, 737996.5 2405297, 738003.9 2405272, 738010 2405247, 738014.8 2405221, 738018.2 2405195, 738020.3 2405169, 738021 2405143))"
32,20260541,Forest,4016,17.382211004373175,1.8414195867026055,1,Hani,土葬,无,0,1,0,191,135.70389098252332,2677.0618490592274,773.4237060546875,12.152076721191406,206.10013013728533,48506.11152648926,154649.30877685547,0.11378267589086868,1,23,48506.11152648926,1,0,0,0,1,-0.8980265765138565,-0.4399412095664631,8.298041661371565,2.8554473271875427,0.6105367886688474,"POLYGON ((731471.1 2400429, 731470.4 2400403, 731468.4 2400377, 731464.9 2400351, 731460.2 2400325, 731454.1 2400300, 731446.6 2400275, 731437.9 2400250, 731427.9 2400226, 731416.6 2400202, 731404.1 2400179, 731390.4 2400157, 731375.6 2400136, 731359.7 2400115, 731342.7 2400095, 731324.6 2400076, 731305.7 2400058, 731285.8 2400041, 731265 2400025, 731243.4 2400010, 731221.1 2399996, 731198.1 2399984, 731174.5 2399973, 731150.3 2399963, 731125.6 2399954, 731100.5 2399946, 731075 2399940, 731049.3 2399936, 731023.4 2399932, 730997.3 2399930, 730971.1 2399929, 730944.9 2399930, 730918.8 2399932, 730892.9 2399936, 730867.1 2399940, 730841.7 2399946, 730816.6 2399954, 730791.9 2399963, 730767.7 2399973, 730744.1 2399984, 730721.1 2399996, 730698.8 2400010, 730677.2 2400025, 730656.4 2400041, 730636.5 2400058, 730617.5 2400076, 730599.5 2400095, 730582.5 2400115, 730566.6 2400136, 730551.8 2400157, 730538.1 2400179, 730525.6 2400202, 730514.3 2400226, 730504.3 2400250, 730495.6 2400275, 730488.1 2400300, 730482 2400325, 730477.2 2400351, 730473.8 2400377, 730471.8 2400403, 730471.1 2400429, 730471.8 2400456, 730473.8 2400482, 730477.2 2400508, 730482 2400533, 730488.1 2400559, 730495.6 2400584, 730504.3 2400609, 730514.3 2400633, 730525.6 2400656, 730538.1 2400679, 730551.8 2400702, 730566.6 2400723, 730582.5 2400744, 730599.5 2400764, 730617.5 2400783, 730636.5 2400801, 730656.4 2400818, 730677.2 2400834, 730698.8 2400849, 730721.1 2400862, 730744.1 2400875, 730767.7 2400886, 730791.9 2400896, 730816.6 2400905, 730841.7 2400912, 730867.1 2400919, 730892.9 2400923, 730918.8 2400927, 730944.9 2400929, 730971.1 2400929, 730997.3 2400929, 731023.4 2400927, 731049.3 2400923, 731075 2400919, 731100.5 2400912, 731125.6 2400905, 731150.3 2400896, 731174.5 2400886, 731198.1 2400875, 731221.1 2400862, 731243.4 2400849, 731265 2400834, 731285.8 2400818, 731305.7 2400801, 731324.6 2400783, 731342.7 2400764, 731359.7 2400744, 731375.6 2400723, 731390.4 2400702, 731404.1 2400679, 731416.6 2400656, 731427.9 2400633, 731437.9 2400609, 731446.6 2400584, 731454.1 2400559, 731460.2 2400533, 731464.9 2400508, 731468.4 2400482, 731470.4 2400456, 731471.1 2400429))"
32,20260541,Forest,4016,17.382211004373175,1.8414195867026055,1,Hani,土葬,无,0,1,0,192,891.46987148349,1898.5515280691554,865.47979736328125,12.16067886352539,193.4561861403811,558724.2736816406,20685.82248687744,0.11287439245072947,1,24,304565.07568359375,0.5451080077060227,90772.66159057617,0.16246414531525824,0,1,-0.9725481508399623,-0.2327017281795945,8.298041661371565,2.8554473271875427,0.6105367886688474,"POLYGON ((732599.4 2401403, 732598.8 2401377, 732596.7 2401351, 732593.3 2401325, 732588.5 2401299, 732582.4 2401274, 732575 2401249, 732566.2 2401224, 732556.2 2401200, 732545 2401176, 732532.5 2401153, 732518.8 2401131, 732504 2401109, 732488 2401089, 732471 2401069, 732453 2401050, 732434 2401032, 732414.1 2401015, 732393.3 2400999, 732371.8 2400984, 732349.4 2400970, 732326.4 2400958, 732302.8 2400947, 732278.6 2400937, 732254 2400928, 732228.9 2400920, 732203.4 2400914, 732177.7 2400909, 732151.7 2400906, 732125.6 2400904, 732099.4 2400903, 732073.3 2400904, 732047.2 2400906, 732021.2 2400909, 731995.5 2400914, 731970 2400920, 731944.9 2400928, 731920.3 2400937, 731896.1 2400947, 731872.5 2400958, 731849.4 2400970, 731827.1 2400984, 731805.6 2400999, 731784.8 2401015, 731764.9 2401032, 731745.9 2401050, 731727.9 2401069, 731710.9 2401089, 731694.9 2401109, 731680.1 2401131, 731666.4 2401153, 731653.9 2401176, 731642.7 2401200, 731632.7 2401224, 731623.9 2401249, 731616.5 2401274, 731610.4 2401299, 731605.6 2401325, 731602.2 2401351, 731600.1 2401377, 731599.4 2401403, 731600.1 2401429, 731602.2 2401456, 731605.6 2401482, 731610.4 2401507, 731616.5 2401533, 731623.9 2401558, 731632.7 2401582, 731642.7 2401607, 731653.9 2401630, 731666.4 2401653, 731680.1 2401676, 731694.9 2401697, 731710.9 2401718, 731727.9 2401738, 731745.9 2401757, 731764.9 2401775, 731784.8 2401792, 731805.6 2401808, 731827.1 2401823, 731849.4 2401836, 731872.5 2401849, 731896.1 2401860, 731920.3 2401870, 731944.9 2401879, 731970 2401886, 731995.5 2401892, 732021.2 2401897, 732047.2 2401901, 732073.3 2401903, 732099.4 2401903, 732125.6 2401903, 732151.7 2401901, 732177.7 2401897, 732203.4 2401892, 732228.9 2401886, 732254 2401879, 732278.6 2401870, 732302.8 2401860, 732326.4 2401849, 732349.4 2401836, 732371.8 2401823, 732393.3 2401808, 732414.1 2401792, 732434 2401775, 732453 2401757, 732471 2401738, 732488 2401718, 732504 2401697, 732518.8 2401676, 732532.5 2401653, 732545 2401630, 732556.2 2401607, 732566.2 2401582, 732575 2401558, 732582.4 2401533, 732588.5 2401507, 732593.3 2401482, 732596.7 2401456, 732598.8 2401429, 732599.4 2401403))"
32,20260541,Forest,3811,10.661592163113635,1.3790983606557377,1,Hani,土葬,无,0,1,0,196,630.0468175154348,1447.6152493561315,722.5592041015625,17.82517433166504,203.69453057730385,63484.90905761719,261727.1026611328,0.05393100153703732,1,25,17471.135330200195,0.27520139178814707,14832.876777648926,0.23364413681662533,0,1,-0.9157009588748635,-0.4018603661916108,8.24564690087386,2.366647766225861,0.3214299237915806,"POLYGON ((728113.4 2400215, 728112.7 2400189, 728110.7 2400163, 728107.3 2400137, 728102.5 2400111, 728096.4 2400086, 728089 2400061, 728080.2 2400036, 728070.2 2400012, 728058.9 2399988, 728046.4 2399965, 728032.8 2399943, 728017.9 2399921, 728002 2399901, 727985 2399881, 727967 2399862, 727948 2399844, 727928.1 2399827, 727907.3 2399811, 727885.8 2399796, 727863.4 2399782, 727840.4 2399770, 727816.8 2399758, 727792.6 2399748, 727767.9 2399740, 727742.8 2399732, 727717.4 2399726, 727691.7 2399721, 727665.7 2399718, 727639.6 2399716, 727613.4 2399715, 727587.3 2399716, 727561.2 2399718, 727535.2 2399721, 727509.5 2399726, 727484 2399732, 727458.9 2399740, 727434.3 2399748, 727410.1 2399758, 727386.4 2399770, 727363.4 2399782, 727341.1 2399796, 727319.5 2399811, 727298.8 2399827, 727278.9 2399844, 727259.9 2399862, 727241.9 2399881, 727224.9 2399901, 727208.9 2399921, 727194.1 2399943, 727180.4 2399965, 727167.9 2399988, 727156.7 2400012, 727146.6 2400036, 727137.9 2400061, 727130.5 2400086, 727124.4 2400111, 727119.6 2400137, 727116.2 2400163, 727114.1 2400189, 727113.4 2400215, 727114.1 2400241, 727116.2 2400268, 727119.6 2400293, 727124.4 2400319, 727130.5 2400345, 727137.9 2400370, 727146.6 2400394, 727156.7 2400419, 727167.9 2400442, 727180.4 2400465, 727194.1 2400488, 727208.9 2400509, 727224.9 2400530, 727241.9 2400550, 727259.9 2400569, 727278.9 2400587, 727298.8 2400604, 727319.5 2400620, 727341.1 2400635, 727363.4 2400648, 727386.4 2400661, 727410.1 2400672, 727434.3 2400682, 727458.9 2400691, 727484 2400698, 727509.5 2400704, 727535.2 2400709, 727561.2 2400713, 727587.3 2400715, 727613.4 2400715, 727639.6 2400715, 727665.7 2400713, 727691.7 2400709, 727717.4 2400704, 727742.8 2400698, 727767.9 2400691, 727792.6 2400682, 727816.8 2400672, 727840.4 2400661, 727863.4 2400648, 727885.8 2400635, 727907.3 2400620, 727928.1 2400604, 727948 2400587, 727967 2400569, 727985 2400550, 728002 2400530, 728017.9 2400509, 728032.8 2400488, 728046.4 2400465, 728058.9 2400442, 728070.2 2400419, 728080.2 2400394, 728089 2400370, 728096.4 2400345, 728102.5 2400319, 728107.3 2400293, 728110.7 2400268, 728112.7 2400241, 728113.4 2400215))"
32,20260541,Forest,3811,10.661592163113635,1.3790983606557377,1,Hani,土葬,无,0,1,0,199,107.99604093965563,1895.1077632908427,676.84393310546875,12.20083236694336,28.197963660265888,13769.408798217773,359272.84240722656,0.1642507113703,1,27,12869.408798217773,0.9346377166086832,900,0.06536228339131672,0,1,0.8813202463562207,0.4725194423117534,8.24564690087386,2.366647766225861,0.3214299237915806,"POLYGON ((727341 2400129, 727340.4 2400103, 727338.3 2400076, 727334.9 2400050, 727330.1 2400025, 727324 2399999, 727316.6 2399974, 727307.8 2399949, 727297.8 2399925, 727286.5 2399902, 727274.1 2399879, 727260.4 2399856, 727245.6 2399835, 727229.6 2399814, 727212.6 2399794, 727194.6 2399775, 727175.6 2399757, 727155.7 2399740, 727134.9 2399724, 727113.4 2399709, 727091 2399696, 727068 2399683, 727044.4 2399672, 727020.2 2399662, 726995.6 2399653, 726970.5 2399646, 726945 2399640, 726919.3 2399635, 726893.3 2399631, 726867.2 2399629, 726841 2399629, 726814.9 2399629, 726788.8 2399631, 726762.8 2399635, 726737.1 2399640, 726711.6 2399646, 726686.5 2399653, 726661.9 2399662, 726637.7 2399672, 726614.1 2399683, 726591 2399696, 726568.7 2399709, 726547.2 2399724, 726526.4 2399740, 726506.5 2399757, 726487.5 2399775, 726469.5 2399794, 726452.5 2399814, 726436.5 2399835, 726421.7 2399856, 726408 2399879, 726395.5 2399902, 726384.3 2399925, 726374.3 2399949, 726365.5 2399974, 726358.1 2399999, 726352 2400025, 726347.2 2400050, 726343.8 2400076, 726341.7 2400103, 726341 2400129, 726341.7 2400155, 726343.8 2400181, 726347.2 2400207, 726352 2400233, 726358.1 2400258, 726365.5 2400283, 726374.3 2400308, 726384.3 2400332, 726395.5 2400356, 726408 2400379, 726421.7 2400401, 726436.5 2400423, 726452.5 2400443, 726469.5 2400463, 726487.5 2400482, 726506.5 2400500, 726526.4 2400517, 726547.2 2400533, 726568.7 2400548, 726591 2400562, 726614.1 2400574, 726637.7 2400585, 726661.9 2400595, 726686.5 2400604, 726711.6 2400612, 726737.1 2400618, 726762.8 2400623, 726788.8 2400626, 726814.9 2400628, 726841 2400629, 726867.2 2400628, 726893.3 2400626, 726919.3 2400623, 726945 2400618, 726970.5 2400612, 726995.6 2400604, 727020.2 2400595, 727044.4 2400585, 727068 2400574, 727091 2400562, 727113.4 2400548, 727134.9 2400533, 727155.7 2400517, 727175.6 2400500, 727194.6 2400482, 727212.6 2400463, 727229.6 2400443, 727245.6 2400423, 727260.4 2400401, 727274.1 2400379, 727286.5 2400356, 727297.8 2400332, 727307.8 2400308, 727316.6 2400283, 727324 2400258, 727330.1 2400233, 727334.9 2400207, 727338.3 2400181, 727340.4 2400155, 727341 2400129))"
32,20260541,Forest,8886,8.992587088813218,0.5246636771300448,1,Hani,土葬,无,0,1,0,203,102.38964406765164,2246.6993228369256,692.236083984375,12.334798812866211,208.3894243706698,39277.825927734375,323813.80920410156,0.13572921422786852,1,30,11700,0.29787799410095506,10370.301532745361,0.26402432639284173,0,1,-0.8797363483850408,-0.47546183582928525,9.092232283495854,2.1964005811460527,-0.6449978366623628,"POLYGON ((729180.5 2396739, 729179.8 2396713, 729177.8 2396687, 729174.4 2396661, 729169.6 2396635, 729163.5 2396609, 729156 2396584, 729147.3 2396560, 729137.3 2396536, 729126 2396512, 729113.5 2396489, 729099.8 2396467, 729085 2396445, 729069.1 2396424, 729052.1 2396404, 729034.1 2396385, 729015.1 2396367, 728995.2 2396350, 728974.4 2396334, 728952.8 2396320, 728930.5 2396306, 728907.5 2396293, 728883.9 2396282, 728859.7 2396272, 728835 2396263, 728809.9 2396256, 728784.5 2396250, 728758.7 2396245, 728732.8 2396242, 728706.7 2396240, 728680.5 2396239, 728654.3 2396240, 728628.2 2396242, 728602.3 2396245, 728576.6 2396250, 728551.1 2396256, 728526 2396263, 728501.3 2396272, 728477.1 2396282, 728453.5 2396293, 728430.5 2396306, 728408.2 2396320, 728386.6 2396334, 728365.8 2396350, 728345.9 2396367, 728327 2396385, 728308.9 2396404, 728291.9 2396424, 728276 2396445, 728261.2 2396467, 728247.5 2396489, 728235 2396512, 728223.7 2396536, 728213.7 2396560, 728205 2396584, 728197.5 2396609, 728191.4 2396635, 728186.7 2396661, 728183.2 2396687, 728181.2 2396713, 728180.5 2396739, 728181.2 2396765, 728183.2 2396791, 728186.7 2396817, 728191.4 2396843, 728197.5 2396868, 728205 2396893, 728213.7 2396918, 728223.7 2396942, 728235 2396966, 728247.5 2396989, 728261.2 2397011, 728276 2397033, 728291.9 2397054, 728308.9 2397073, 728327 2397092, 728345.9 2397110, 728365.8 2397127, 728386.6 2397143, 728408.2 2397158, 728430.5 2397172, 728453.5 2397184, 728477.1 2397196, 728501.3 2397206, 728526 2397214, 728551.1 2397222, 728576.6 2397228, 728602.3 2397233, 728628.2 2397236, 728654.3 2397238, 728680.5 2397239, 728706.7 2397238, 728732.8 2397236, 728758.7 2397233, 728784.5 2397228, 728809.9 2397222, 728835 2397214, 728859.7 2397206, 728883.9 2397196, 728907.5 2397184, 728930.5 2397172, 728952.8 2397158, 728974.4 2397143, 728995.2 2397127, 729015.1 2397110, 729034.1 2397092, 729052.1 2397073, 729069.1 2397054, 729085 2397033, 729099.8 2397011, 729113.5 2396989, 729126 2396966, 729137.3 2396942, 729147.3 2396918, 729156 2396893, 729163.5 2396868, 729169.6 2396843, 729174.4 2396817, 729177.8 2396791, 729179.8 2396765, 729180.5 2396739))"
32,20260541,Forest,8886,8.992587088813218,0.5246636771300448,1,Hani,土葬,无,0,1,0,204,109.38889013607779,2121.6696573343293,701.19598388671875,11.629351615905762,254.3125383718353,50959.732818603516,385499.2126464844,0.13355926312133612,1,31,21069.083976745605,0.41344573080363684,10800,0.21193203736847926,0,1,-0.2703897680109486,-0.962750940459154,9.092232283495854,2.1964005811460527,-0.6449978366623628,"POLYGON ((729391.1 2396329, 729390.4 2396303, 729388.3 2396277, 729384.9 2396251, 729380.1 2396225, 729374 2396200, 729366.6 2396175, 729357.9 2396150, 729347.8 2396126, 729336.6 2396102, 729324.1 2396079, 729310.4 2396057, 729295.6 2396035, 729279.6 2396015, 729262.6 2395995, 729244.6 2395976, 729225.6 2395958, 729205.7 2395941, 729185 2395925, 729163.4 2395910, 729141.1 2395896, 729118.1 2395884, 729094.4 2395873, 729070.3 2395863, 729045.6 2395854, 729020.5 2395846, 728995 2395840, 728969.3 2395836, 728943.3 2395832, 728917.2 2395830, 728891.1 2395829, 728864.9 2395830, 728838.8 2395832, 728812.8 2395836, 728787.1 2395840, 728761.7 2395846, 728736.6 2395854, 728711.9 2395863, 728687.7 2395873, 728664.1 2395884, 728641.1 2395896, 728618.7 2395910, 728597.2 2395925, 728576.4 2395941, 728556.5 2395958, 728537.5 2395976, 728519.5 2395995, 728502.5 2396015, 728486.6 2396035, 728471.7 2396057, 728458.1 2396079, 728445.6 2396102, 728434.3 2396126, 728424.3 2396150, 728415.5 2396175, 728408.1 2396200, 728402 2396225, 728397.2 2396251, 728393.8 2396277, 728391.8 2396303, 728391.1 2396329, 728391.8 2396356, 728393.8 2396382, 728397.2 2396408, 728402 2396433, 728408.1 2396459, 728415.5 2396484, 728424.3 2396509, 728434.3 2396533, 728445.6 2396556, 728458.1 2396579, 728471.7 2396602, 728486.6 2396623, 728502.5 2396644, 728519.5 2396664, 728537.5 2396683, 728556.5 2396701, 728576.4 2396718, 728597.2 2396734, 728618.7 2396749, 728641.1 2396762, 728664.1 2396775, 728687.7 2396786, 728711.9 2396796, 728736.6 2396805, 728761.7 2396812, 728787.1 2396818, 728812.8 2396823, 728838.8 2396827, 728864.9 2396829, 728891.1 2396829, 728917.2 2396829, 728943.3 2396827, 728969.3 2396823, 728995 2396818, 729020.5 2396812, 729045.6 2396805, 729070.3 2396796, 729094.4 2396786, 729118.1 2396775, 729141.1 2396762, 729163.4 2396749, 729185 2396734, 729205.7 2396718, 729225.6 2396701, 729244.6 2396683, 729262.6 2396664, 729279.6 2396644, 729295.6 2396623, 729310.4 2396602, 729324.1 2396579, 729336.6 2396556, 729347.8 2396533, 729357.9 2396509, 729366.6 2396484, 729374 2396459, 729380.1 2396433, 729384.9 2396408, 729388.3 2396382, 729390.4 2396356, 729391.1 2396329))"
32,20260541,Forest,8886,8.992587088813218,0.5246636771300448,1,Hani,土葬,无,0,1,0,229,319.79822930249657,1215.4223012199905,595.862548828125,12.17822551727295,15.712838902341101,24189.815711975098,93859.1194152832,0.19194978101799642,1,32,20589.815711975098,0.8511770390124208,0,0,0,1,0.9626310858069619,0.2708161602233321,9.092232283495854,2.1964005811460527,-0.6449978366623628,"POLYGON ((736942.5 2390537, 736941.9 2390510, 736939.8 2390484, 736936.4 2390458, 736931.6 2390433, 736925.5 2390407, 736918.1 2390382, 736909.3 2390357, 736899.3 2390333, 736888 2390310, 736875.6 2390287, 736861.9 2390264, 736847 2390243, 736831.1 2390222, 736814.1 2390202, 736796.1 2390183, 736777.1 2390165, 736757.2 2390148, 736736.4 2390132, 736714.9 2390117, 736692.5 2390104, 736669.5 2390091, 736645.9 2390080, 736621.7 2390070, 736597 2390061, 736571.9 2390054, 736546.5 2390047, 736520.8 2390043, 736494.8 2390039, 736468.7 2390037, 736442.5 2390037, 736416.4 2390037, 736390.3 2390039, 736364.3 2390043, 736338.6 2390047, 736313.1 2390054, 736288 2390061, 736263.4 2390070, 736239.2 2390080, 736215.5 2390091, 736192.5 2390104, 736170.2 2390117, 736148.6 2390132, 736127.9 2390148, 736108 2390165, 736089 2390183, 736071 2390202, 736054 2390222, 736038 2390243, 736023.2 2390264, 736009.5 2390287, 735997 2390310, 735985.8 2390333, 735975.7 2390357, 735967 2390382, 735959.6 2390407, 735953.5 2390433, 735948.7 2390458, 735945.3 2390484, 735943.2 2390510, 735942.5 2390537, 735943.2 2390563, 735945.3 2390589, 735948.7 2390615, 735953.5 2390640, 735959.6 2390666, 735967 2390691, 735975.7 2390716, 735985.8 2390740, 735997 2390764, 736009.5 2390787, 736023.2 2390809, 736038 2390830, 736054 2390851, 736071 2390871, 736089 2390890, 736108 2390908, 736127.9 2390925, 736148.6 2390941, 736170.2 2390956, 736192.5 2390970, 736215.5 2390982, 736239.2 2390993, 736263.4 2391003, 736288 2391012, 736313.1 2391019, 736338.6 2391026, 736364.3 2391030, 736390.3 2391034, 736416.4 2391036, 736442.5 2391037, 736468.7 2391036, 736494.8 2391034, 736520.8 2391030, 736546.5 2391026, 736571.9 2391019, 736597 2391012, 736621.7 2391003, 736645.9 2390993, 736669.5 2390982, 736692.5 2390970, 736714.9 2390956, 736736.4 2390941, 736757.2 2390925, 736777.1 2390908, 736796.1 2390890, 736814.1 2390871, 736831.1 2390851, 736847 2390830, 736861.9 2390809, 736875.6 2390787, 736888 2390764, 736899.3 2390740, 736909.3 2390716, 736918.1 2390691, 736925.5 2390666, 736931.6 2390640, 736936.4 2390615, 736939.8 2390589, 736941.9 2390563, 736942.5 2390537))"
32,20260541,Forest,8886,8.992587088813218,0.5246636771300448,1,Hani,土葬,无,0,1,0,233,543.5540749903237,1445.3321762817204,614.96875,14.126867294311523,58.25934318665254,900,220912.94860839844,0.13853037024034456,1,36,0,0,900,1,0,1,0.5260752502546779,0.8504380230619266,9.092232283495854,2.1964005811460527,-0.6449978366623628,"POLYGON ((737364.1 2393575, 737363.4 2393549, 737361.3 2393523, 737357.9 2393497, 737353.2 2393471, 737347 2393446, 737339.6 2393421, 737330.9 2393396, 737320.9 2393372, 737309.6 2393348, 737297.1 2393325, 737283.4 2393303, 737268.6 2393281, 737252.7 2393260, 737235.7 2393240, 737217.6 2393221, 737198.7 2393203, 737178.7 2393186, 737158 2393171, 737136.4 2393156, 737114.1 2393142, 737091.1 2393130, 737067.5 2393118, 737043.3 2393108, 737018.6 2393100, 736993.5 2393092, 736968 2393086, 736942.3 2393081, 736916.3 2393078, 736890.3 2393076, 736864.1 2393075, 736837.9 2393076, 736811.8 2393078, 736785.9 2393081, 736760.1 2393086, 736734.7 2393092, 736709.6 2393100, 736684.9 2393108, 736660.7 2393118, 736637.1 2393130, 736614.1 2393142, 736591.8 2393156, 736570.2 2393171, 736549.4 2393186, 736529.5 2393203, 736510.5 2393221, 736492.5 2393240, 736475.5 2393260, 736459.6 2393281, 736444.8 2393303, 736431.1 2393325, 736418.6 2393348, 736407.3 2393372, 736397.3 2393396, 736388.6 2393421, 736381.1 2393446, 736375 2393471, 736370.2 2393497, 736366.8 2393523, 736364.8 2393549, 736364.1 2393575, 736364.8 2393601, 736366.8 2393627, 736370.2 2393653, 736375 2393679, 736381.1 2393704, 736388.6 2393730, 736397.3 2393754, 736407.3 2393778, 736418.6 2393802, 736431.1 2393825, 736444.8 2393847, 736459.6 2393869, 736475.5 2393890, 736492.5 2393910, 736510.5 2393929, 736529.5 2393947, 736549.4 2393964, 736570.2 2393980, 736591.8 2393994, 736614.1 2394008, 736637.1 2394021, 736660.7 2394032, 736684.9 2394042, 736709.6 2394051, 736734.7 2394058, 736760.1 2394064, 736785.9 2394069, 736811.8 2394072, 736837.9 2394074, 736864.1 2394075, 736890.3 2394074, 736916.3 2394072, 736942.3 2394069, 736968 2394064, 736993.5 2394058, 737018.6 2394051, 737043.3 2394042, 737067.5 2394032, 737091.1 2394021, 737114.1 2394008, 737136.4 2393994, 737158 2393980, 737178.7 2393964, 737198.7 2393947, 737217.6 2393929, 737235.7 2393910, 737252.7 2393890, 737268.6 2393869, 737283.4 2393847, 737297.1 2393825, 737309.6 2393802, 737320.9 2393778, 737330.9 2393754, 737339.6 2393730, 737347 2393704, 737353.2 2393679, 737357.9 2393653, 737361.3 2393627, 737363.4 2393601, 737364.1 2393575))"
32,20260541,Forest,7630.691399662732,27.6544837918879,1.344620015048909,1,Hani,土葬,无,0,1,0,317,48.94427126522796,1962.6476947075894,572.821533203125,16.726295471191406,212.1835389085248,57452.000427246094,431285.6689453125,0.0734651722947267,1,39,56552.000427246094,0.9843347491243633,0,0,0,1,-0.8463462266869783,-0.5326331425781856,8.939933736118437,3.3197878772766924,0.2961114564461827,"POLYGON ((711559.2 2416675, 711558.5 2416649, 711556.4 2416623, 711553 2416597, 711548.2 2416571, 711542.1 2416545, 711534.7 2416520, 711526 2416496, 711515.9 2416471, 711504.7 2416448, 711492.2 2416425, 711478.5 2416403, 711463.7 2416381, 711447.7 2416360, 711430.7 2416340, 711412.7 2416321, 711393.7 2416303, 711373.8 2416286, 711353.1 2416270, 711331.5 2416256, 711309.2 2416242, 711286.2 2416229, 711262.5 2416218, 711238.3 2416208, 711213.7 2416199, 711188.6 2416192, 711163.1 2416186, 711137.4 2416181, 711111.4 2416178, 711085.3 2416176, 711059.2 2416175, 711033 2416176, 711006.9 2416178, 710980.9 2416181, 710955.2 2416186, 710929.8 2416192, 710904.7 2416199, 710880 2416208, 710855.8 2416218, 710832.2 2416229, 710809.2 2416242, 710786.8 2416256, 710765.3 2416270, 710744.5 2416286, 710724.6 2416303, 710705.6 2416321, 710687.6 2416340, 710670.6 2416360, 710654.7 2416381, 710639.8 2416403, 710626.1 2416425, 710613.7 2416448, 710602.4 2416471, 710592.4 2416496, 710583.6 2416520, 710576.2 2416545, 710570.1 2416571, 710565.3 2416597, 710561.9 2416623, 710559.8 2416649, 710559.2 2416675, 710559.8 2416701, 710561.9 2416727, 710565.3 2416753, 710570.1 2416779, 710576.2 2416804, 710583.6 2416829, 710592.4 2416854, 710602.4 2416878, 710613.7 2416902, 710626.1 2416925, 710639.8 2416947, 710654.7 2416969, 710670.6 2416990, 710687.6 2417009, 710705.6 2417028, 710724.6 2417046, 710744.5 2417063, 710765.3 2417079, 710786.8 2417094, 710809.2 2417108, 710832.2 2417120, 710855.8 2417132, 710880 2417142, 710904.7 2417150, 710929.8 2417158, 710955.2 2417164, 710980.9 2417169, 711006.9 2417172, 711033 2417174, 711059.2 2417175, 711085.3 2417174, 711111.4 2417172, 711137.4 2417169, 711163.1 2417164, 711188.6 2417158, 711213.7 2417150, 711238.3 2417142, 711262.5 2417132, 711286.2 2417120, 711309.2 2417108, 711331.5 2417094, 711353.1 2417079, 711373.8 2417063, 711393.7 2417046, 711412.7 2417028, 711430.7 2417009, 711447.7 2416990, 711463.7 2416969, 711478.5 2416947, 711492.2 2416925, 711504.7 2416902, 711515.9 2416878, 711526 2416854, 711534.7 2416829, 711542.1 2416804, 711548.2 2416779, 711553 2416753, 711556.4 2416727, 711558.5 2416701, 711559.2 2416675))"
32,20260541,Forest,7763.069139966274,45.20227133608371,0.045004500450045004,1,Hani,土葬,无,0,1,0,319,180.89787814816816,991.6791228965446,713.38067626953125,20.6931095123291,273.59536783865974,340541.4001464844,29700,0.0340548222051566,1,40,310833.02307128906,0.9127613351492176,0,0,0,1,0.06270983238936087,-0.9980318015582962,8.957133042712313,3.8111473363739687,-3.100992784211484,"POLYGON ((713697.8 2413840, 713697.1 2413813, 713695.1 2413787, 713691.6 2413761, 713686.9 2413736, 713680.8 2413710, 713673.3 2413685, 713664.6 2413660, 713654.6 2413636, 713643.3 2413613, 713630.8 2413590, 713617.1 2413567, 713602.3 2413546, 713586.4 2413525, 713569.4 2413505, 713551.4 2413486, 713532.4 2413468, 713512.5 2413451, 713491.7 2413435, 713470.1 2413420, 713447.8 2413407, 713424.8 2413394, 713401.2 2413383, 713377 2413373, 713352.3 2413364, 713327.2 2413357, 713301.8 2413351, 713276 2413346, 713250.1 2413342, 713224 2413340, 713197.8 2413340, 713171.6 2413340, 713145.5 2413342, 713119.6 2413346, 713093.8 2413351, 713068.4 2413357, 713043.3 2413364, 713018.6 2413373, 712994.4 2413383, 712970.8 2413394, 712947.8 2413407, 712925.5 2413420, 712903.9 2413435, 712883.1 2413451, 712863.2 2413468, 712844.2 2413486, 712826.2 2413505, 712809.2 2413525, 712793.3 2413546, 712778.5 2413567, 712764.8 2413590, 712752.3 2413613, 712741 2413636, 712731 2413660, 712722.3 2413685, 712714.8 2413710, 712708.7 2413736, 712704 2413761, 712700.5 2413787, 712698.5 2413813, 712697.8 2413840, 712698.5 2413866, 712700.5 2413892, 712704 2413918, 712708.7 2413944, 712714.8 2413969, 712722.3 2413994, 712731 2414019, 712741 2414043, 712752.3 2414067, 712764.8 2414090, 712778.5 2414112, 712793.3 2414134, 712809.2 2414154, 712826.2 2414174, 712844.2 2414193, 712863.2 2414211, 712883.1 2414228, 712903.9 2414244, 712925.5 2414259, 712947.8 2414273, 712970.8 2414285, 712994.4 2414296, 713018.6 2414306, 713043.3 2414315, 713068.4 2414323, 713093.8 2414329, 713119.6 2414333, 713145.5 2414337, 713171.6 2414339, 713197.8 2414340, 713224 2414339, 713250.1 2414337, 713276 2414333, 713301.8 2414329, 713327.2 2414323, 713352.3 2414315, 713377 2414306, 713401.2 2414296, 713424.8 2414285, 713447.8 2414273, 713470.1 2414259, 713491.7 2414244, 713512.5 2414228, 713532.4 2414211, 713551.4 2414193, 713569.4 2414174, 713586.4 2414154, 713602.3 2414134, 713617.1 2414112, 713630.8 2414090, 713643.3 2414067, 713654.6 2414043, 713664.6 2414019, 713673.3 2413994, 713680.8 2413969, 713686.9 2413944, 713691.6 2413918, 713695.1 2413892, 713697.1 2413866, 713697.8 2413840))"
32,20260541,Forest,7763.069139966274,45.20227133608371,0.045004500450045004,1,Hani,土葬,无,0,1,0,320,256.2297036511869,1111.4894052568168,608.50628662109375,16.638084411621094,208.22537294608117,56093.935775756836,102461.56539916992,0.09391309276482832,1,41,39893.935775756836,0.7111987280628389,0,0,0,1,-0.8810941005903268,-0.47294099621932023,8.957133042712313,3.8111473363739687,-3.100992784211484,"POLYGON ((713344.4 2414298, 713343.7 2414272, 713341.7 2414246, 713338.3 2414220, 713333.5 2414194, 713327.4 2414168, 713320 2414143, 713311.2 2414119, 713301.2 2414094, 713289.9 2414071, 713277.4 2414048, 713263.8 2414025, 713248.9 2414004, 713233 2413983, 713216 2413963, 713198 2413944, 713179 2413926, 713159.1 2413909, 713138.3 2413893, 713116.7 2413878, 713094.4 2413865, 713071.4 2413852, 713047.8 2413841, 713023.6 2413831, 712998.9 2413822, 712973.8 2413815, 712948.4 2413809, 712922.6 2413804, 712896.7 2413801, 712870.6 2413799, 712844.4 2413798, 712818.3 2413799, 712792.2 2413801, 712766.2 2413804, 712740.5 2413809, 712715 2413815, 712689.9 2413822, 712665.2 2413831, 712641.1 2413841, 712617.4 2413852, 712594.4 2413865, 712572.1 2413878, 712550.5 2413893, 712529.8 2413909, 712509.9 2413926, 712490.9 2413944, 712472.9 2413963, 712455.9 2413983, 712439.9 2414004, 712425.1 2414025, 712411.4 2414048, 712398.9 2414071, 712387.7 2414094, 712377.6 2414119, 712368.9 2414143, 712361.5 2414168, 712355.4 2414194, 712350.6 2414220, 712347.2 2414246, 712345.1 2414272, 712344.4 2414298, 712345.1 2414324, 712347.2 2414350, 712350.6 2414376, 712355.4 2414402, 712361.5 2414427, 712368.9 2414452, 712377.6 2414477, 712387.7 2414501, 712398.9 2414525, 712411.4 2414548, 712425.1 2414570, 712439.9 2414592, 712455.9 2414612, 712472.9 2414632, 712490.9 2414651, 712509.9 2414669, 712529.8 2414686, 712550.5 2414702, 712572.1 2414717, 712594.4 2414731, 712617.4 2414743, 712641.1 2414755, 712665.2 2414765, 712689.9 2414773, 712715 2414781, 712740.5 2414787, 712766.2 2414792, 712792.2 2414795, 712818.3 2414797, 712844.4 2414798, 712870.6 2414797, 712896.7 2414795, 712922.6 2414792, 712948.4 2414787, 712973.8 2414781, 712998.9 2414773, 713023.6 2414765, 713047.8 2414755, 713071.4 2414743, 713094.4 2414731, 713116.7 2414717, 713138.3 2414702, 713159.1 2414686, 713179 2414669, 713198 2414651, 713216 2414632, 713233 2414612, 713248.9 2414592, 713263.8 2414570, 713277.4 2414548, 713289.9 2414525, 713301.2 2414501, 713311.2 2414477, 713320 2414452, 713327.4 2414427, 713333.5 2414402, 713338.3 2414376, 713341.7 2414350, 713343.7 2414324, 713344.4 2414298))"
32,20260541,Forest,7630.691399662732,27.6544837918879,1.344620015048909,1,Hani,土葬,无,0,1,0,324,21.40721505018863,136.08228947642854,1143.6904296875,14.275351524353027,30.269577881071132,468624.4079589844,315051.2512207031,0.16086728891096871,1,43,156272.40142822266,0.33347046968560834,20423.417472839355,0.04358163408899283,0,1,0.8636633159730883,0.5040691189136361,8.939933736118437,3.3197878772766924,0.2961114564461827,"POLYGON ((716602.6 2419303, 716601.9 2419276, 716599.9 2419250, 716596.5 2419224, 716591.7 2419199, 716585.6 2419173, 716578.1 2419148, 716569.4 2419123, 716559.4 2419099, 716548.1 2419076, 716535.6 2419053, 716521.9 2419030, 716507.1 2419009, 716491.2 2418988, 716474.2 2418968, 716456.2 2418949, 716437.2 2418931, 716417.3 2418914, 716396.5 2418898, 716374.9 2418883, 716352.6 2418870, 716329.6 2418857, 716306 2418846, 716281.8 2418836, 716257.1 2418827, 716232 2418820, 716206.6 2418814, 716180.8 2418809, 716154.9 2418805, 716128.8 2418803, 716102.6 2418803, 716076.4 2418803, 716050.3 2418805, 716024.4 2418809, 715998.7 2418814, 715973.2 2418820, 715948.1 2418827, 715923.4 2418836, 715899.2 2418846, 715875.6 2418857, 715852.6 2418870, 715830.3 2418883, 715808.7 2418898, 715788 2418914, 715768 2418931, 715749.1 2418949, 715731 2418968, 715714 2418988, 715698.1 2419009, 715683.3 2419030, 715669.6 2419053, 715657.1 2419076, 715645.8 2419099, 715635.8 2419123, 715627.1 2419148, 715619.7 2419173, 715613.5 2419199, 715608.8 2419224, 715605.4 2419250, 715603.3 2419276, 715602.6 2419303, 715603.3 2419329, 715605.4 2419355, 715608.8 2419381, 715613.5 2419407, 715619.7 2419432, 715627.1 2419457, 715635.8 2419482, 715645.8 2419506, 715657.1 2419530, 715669.6 2419553, 715683.3 2419575, 715698.1 2419596, 715714 2419617, 715731 2419637, 715749.1 2419656, 715768 2419674, 715788 2419691, 715808.7 2419707, 715830.3 2419722, 715852.6 2419736, 715875.6 2419748, 715899.2 2419759, 715923.4 2419769, 715948.1 2419778, 715973.2 2419786, 715998.7 2419792, 716024.4 2419796, 716050.3 2419800, 716076.4 2419802, 716102.6 2419803, 716128.8 2419802, 716154.9 2419800, 716180.8 2419796, 716206.6 2419792, 716232 2419786, 716257.1 2419778, 716281.8 2419769, 716306 2419759, 716329.6 2419748, 716352.6 2419736, 716374.9 2419722, 716396.5 2419707, 716417.3 2419691, 716437.2 2419674, 716456.2 2419656, 716474.2 2419637, 716491.2 2419617, 716507.1 2419596, 716521.9 2419575, 716535.6 2419553, 716548.1 2419530, 716559.4 2419506, 716569.4 2419482, 716578.1 2419457, 716585.6 2419432, 716591.7 2419407, 716596.5 2419381, 716599.9 2419355, 716601.9 2419329, 716602.6 2419303))"
32,20260541,Forest,7630.691399662732,27.6544837918879,1.344620015048909,1,Hani,土葬,无,0,1,0,327,1050.3563125604849,1270.353280267141,901.85595703125,8.275550842285156,20.230089176720075,29922.51091003418,234165.83862304688,0.23445309051004073,1,46,8100,0.27069920784233903,0,0,0,1,0.9383115582095595,0.3457910058551965,8.939933736118437,3.3197878772766924,0.2961114564461827,"POLYGON ((717052.6 2420930, 717051.9 2420904, 717049.9 2420878, 717046.5 2420852, 717041.7 2420826, 717035.6 2420801, 717028.1 2420776, 717019.4 2420751, 717009.4 2420727, 716998.1 2420703, 716985.6 2420680, 716971.9 2420658, 716957.1 2420636, 716941.2 2420616, 716924.2 2420596, 716906.2 2420577, 716887.2 2420559, 716867.3 2420542, 716846.5 2420526, 716824.9 2420511, 716802.6 2420497, 716779.6 2420485, 716756 2420474, 716731.8 2420464, 716707.1 2420455, 716682 2420447, 716656.6 2420441, 716630.8 2420437, 716604.9 2420433, 716578.8 2420431, 716552.6 2420430, 716526.4 2420431, 716500.4 2420433, 716474.4 2420437, 716448.7 2420441, 716423.2 2420447, 716398.1 2420455, 716373.4 2420464, 716349.2 2420474, 716325.6 2420485, 716302.6 2420497, 716280.3 2420511, 716258.7 2420526, 716238 2420542, 716218 2420559, 716199.1 2420577, 716181 2420596, 716164 2420616, 716148.1 2420636, 716133.3 2420658, 716119.6 2420680, 716107.1 2420703, 716095.8 2420727, 716085.8 2420751, 716077.1 2420776, 716069.7 2420801, 716063.5 2420826, 716058.8 2420852, 716055.4 2420878, 716053.3 2420904, 716052.6 2420930, 716053.3 2420957, 716055.4 2420983, 716058.8 2421009, 716063.5 2421034, 716069.7 2421060, 716077.1 2421085, 716085.8 2421110, 716095.8 2421134, 716107.1 2421157, 716119.6 2421180, 716133.3 2421203, 716148.1 2421224, 716164 2421245, 716181 2421265, 716199.1 2421284, 716218 2421302, 716238 2421319, 716258.7 2421335, 716280.3 2421350, 716302.6 2421363, 716325.6 2421376, 716349.2 2421387, 716373.4 2421397, 716398.1 2421406, 716423.2 2421413, 716448.7 2421419, 716474.4 2421424, 716500.4 2421428, 716526.4 2421430, 716552.6 2421430, 716578.8 2421430, 716604.9 2421428, 716630.8 2421424, 716656.6 2421419, 716682 2421413, 716707.1 2421406, 716731.8 2421397, 716756 2421387, 716779.6 2421376, 716802.6 2421363, 716824.9 2421350, 716846.5 2421335, 716867.3 2421319, 716887.2 2421302, 716906.2 2421284, 716924.2 2421265, 716941.2 2421245, 716957.1 2421224, 716971.9 2421203, 716985.6 2421180, 716998.1 2421157, 717009.4 2421134, 717019.4 2421110, 717028.1 2421085, 717035.6 2421060, 717041.7 2421034, 717046.5 2421009, 717049.9 2420983, 717051.9 2420957, 717052.6 2420930))"
32,20260541,Forest,7630.691399662732,27.6544837918879,1.344620015048909,1,Hani,土葬,无,0,1,0,328,115.74215757790031,582.7450851750624,1052.7138671875,14.321025848388672,106.60341171955714,20700,331924.96032714844,0.17468637907496257,1,47,20700,1,0,0,0,1,-0.28574543092476373,0.9583055612411008,8.939933736118437,3.3197878772766924,0.2961114564461827,"POLYGON ((713407 2420311, 713406.3 2420285, 713404.3 2420258, 713400.8 2420232, 713396.1 2420207, 713390 2420181, 713382.5 2420156, 713373.8 2420131, 713363.8 2420107, 713352.5 2420084, 713340 2420061, 713326.3 2420038, 713311.5 2420017, 713295.6 2419996, 713278.6 2419976, 713260.6 2419957, 713241.6 2419939, 713221.7 2419922, 713200.9 2419906, 713179.3 2419891, 713157 2419878, 713134 2419865, 713110.4 2419854, 713086.2 2419844, 713061.5 2419835, 713036.4 2419828, 713011 2419822, 712985.2 2419817, 712959.3 2419813, 712933.2 2419811, 712907 2419811, 712880.8 2419811, 712854.7 2419813, 712828.8 2419817, 712803 2419822, 712777.6 2419828, 712752.5 2419835, 712727.8 2419844, 712703.6 2419854, 712680 2419865, 712657 2419878, 712634.7 2419891, 712613.1 2419906, 712592.3 2419922, 712572.4 2419939, 712553.4 2419957, 712535.4 2419976, 712518.4 2419996, 712502.5 2420017, 712487.7 2420038, 712474 2420061, 712461.5 2420084, 712450.2 2420107, 712440.2 2420131, 712431.5 2420156, 712424 2420181, 712417.9 2420207, 712413.2 2420232, 712409.7 2420258, 712407.7 2420285, 712407 2420311, 712407.7 2420337, 712409.7 2420363, 712413.2 2420389, 712417.9 2420415, 712424 2420440, 712431.5 2420465, 712440.2 2420490, 712450.2 2420514, 712461.5 2420538, 712474 2420561, 712487.7 2420583, 712502.5 2420605, 712518.4 2420625, 712535.4 2420645, 712553.4 2420664, 712572.4 2420682, 712592.3 2420699, 712613.1 2420715, 712634.7 2420730, 712657 2420744, 712680 2420756, 712703.6 2420767, 712727.8 2420777, 712752.5 2420786, 712777.6 2420794, 712803 2420800, 712828.8 2420805, 712854.7 2420808, 712880.8 2420810, 712907 2420811, 712933.2 2420810, 712959.3 2420808, 712985.2 2420805, 713011 2420800, 713036.4 2420794, 713061.5 2420786, 713086.2 2420777, 713110.4 2420767, 713134 2420756, 713157 2420744, 713179.3 2420730, 713200.9 2420715, 713221.7 2420699, 713241.6 2420682, 713260.6 2420664, 713278.6 2420645, 713295.6 2420625, 713311.5 2420605, 713326.3 2420583, 713340 2420561, 713352.5 2420538, 713363.8 2420514, 713373.8 2420490, 713382.5 2420465, 713390 2420440, 713396.1 2420415, 713400.8 2420389, 713404.3 2420363, 713406.3 2420337, 713407 2420311))"
32,20260541,Forest,7630.691399662732,27.6544837918879,1.344620015048909,1,Hani,土葬,无,0,1,0,329,375.3977648533822,468.02721279827597,844.88079833984375,11.889787673950195,355.59653343982455,109196.6926574707,40689.66522216797,0.19951857697996306,1,48,58796.6926574707,0.5384475594137705,0,0,0,1,0.9970481086791916,-0.0767793525581386,8.939933736118437,3.3197878772766924,0.2961114564461827,"POLYGON ((714550.6 2422567, 714550 2422540, 714547.9 2422514, 714544.5 2422488, 714539.7 2422463, 714533.6 2422437, 714526.2 2422412, 714517.4 2422387, 714507.4 2422363, 714496.1 2422340, 714483.7 2422317, 714470 2422294, 714455.2 2422273, 714439.2 2422252, 714422.2 2422232, 714404.2 2422213, 714385.2 2422195, 714365.3 2422178, 714344.5 2422162, 714323 2422147, 714300.6 2422134, 714277.6 2422121, 714254 2422110, 714229.8 2422100, 714205.2 2422091, 714180.1 2422084, 714154.6 2422077, 714128.9 2422073, 714102.9 2422069, 714076.8 2422067, 714050.6 2422067, 714024.5 2422067, 713998.4 2422069, 713972.4 2422073, 713946.7 2422077, 713921.2 2422084, 713896.1 2422091, 713871.5 2422100, 713847.3 2422110, 713823.6 2422121, 713800.6 2422134, 713778.3 2422147, 713756.8 2422162, 713736 2422178, 713716.1 2422195, 713697.1 2422213, 713679.1 2422232, 713662.1 2422252, 713646.1 2422273, 713631.3 2422294, 713617.6 2422317, 713605.1 2422340, 713593.9 2422363, 713583.9 2422387, 713575.1 2422412, 713567.7 2422437, 713561.6 2422463, 713556.8 2422488, 713553.4 2422514, 713551.3 2422540, 713550.6 2422567, 713551.3 2422593, 713553.4 2422619, 713556.8 2422645, 713561.6 2422671, 713567.7 2422696, 713575.1 2422721, 713583.9 2422746, 713593.9 2422770, 713605.1 2422794, 713617.6 2422817, 713631.3 2422839, 713646.1 2422860, 713662.1 2422881, 713679.1 2422901, 713697.1 2422920, 713716.1 2422938, 713736 2422955, 713756.8 2422971, 713778.3 2422986, 713800.6 2423000, 713823.6 2423012, 713847.3 2423023, 713871.5 2423033, 713896.1 2423042, 713921.2 2423050, 713946.7 2423056, 713972.4 2423060, 713998.4 2423064, 714024.5 2423066, 714050.6 2423067, 714076.8 2423066, 714102.9 2423064, 714128.9 2423060, 714154.6 2423056, 714180.1 2423050, 714205.2 2423042, 714229.8 2423033, 714254 2423023, 714277.6 2423012, 714300.6 2423000, 714323 2422986, 714344.5 2422971, 714365.3 2422955, 714385.2 2422938, 714404.2 2422920, 714422.2 2422901, 714439.2 2422881, 714455.2 2422860, 714470 2422839, 714483.7 2422817, 714496.1 2422794, 714507.4 2422770, 714517.4 2422746, 714526.2 2422721, 714533.6 2422696, 714539.7 2422671, 714544.5 2422645, 714547.9 2422619, 714550 2422593, 714550.6 2422567))"
32,20260541,Forest,7630.691399662732,27.6544837918879,1.344620015048909,1,Hani,土葬,无,0,1,0,330,93.68070640694182,320.8541424685712,1040.8970947265625,15.823226928710938,270.21611378143274,700250.2624511719,0,0.09167016368195141,1,49,231816.8243408203,0.331048536175286,3600,0.005141019137070336,0,1,0.0037718881010158287,-0.9999928864047751,8.939933736118437,3.3197878772766924,0.2961114564461827,"POLYGON ((718472 2414559, 718471.3 2414533, 718469.3 2414507, 718465.8 2414481, 718461.1 2414455, 718455 2414430, 718447.5 2414405, 718438.8 2414380, 718428.8 2414356, 718417.5 2414332, 718405 2414309, 718391.3 2414287, 718376.5 2414265, 718360.6 2414245, 718343.6 2414225, 718325.6 2414206, 718306.6 2414188, 718286.7 2414171, 718265.9 2414155, 718244.3 2414140, 718222 2414126, 718199 2414114, 718175.4 2414103, 718151.2 2414093, 718126.5 2414084, 718101.4 2414076, 718076 2414070, 718050.2 2414066, 718024.3 2414062, 717998.2 2414060, 717972 2414059, 717945.8 2414060, 717919.7 2414062, 717893.8 2414066, 717868 2414070, 717842.6 2414076, 717817.5 2414084, 717792.8 2414093, 717768.6 2414103, 717745 2414114, 717722 2414126, 717699.7 2414140, 717678.1 2414155, 717657.3 2414171, 717637.4 2414188, 717618.4 2414206, 717600.4 2414225, 717583.4 2414245, 717567.5 2414265, 717552.7 2414287, 717539 2414309, 717526.5 2414332, 717515.2 2414356, 717505.2 2414380, 717496.5 2414405, 717489 2414430, 717482.9 2414455, 717478.2 2414481, 717474.7 2414507, 717472.7 2414533, 717472 2414559, 717472.7 2414586, 717474.7 2414612, 717478.2 2414638, 717482.9 2414663, 717489 2414689, 717496.5 2414714, 717505.2 2414739, 717515.2 2414763, 717526.5 2414786, 717539 2414809, 717552.7 2414832, 717567.5 2414853, 717583.4 2414874, 717600.4 2414894, 717618.4 2414913, 717637.4 2414931, 717657.3 2414948, 717678.1 2414964, 717699.7 2414979, 717722 2414992, 717745 2415005, 717768.6 2415016, 717792.8 2415026, 717817.5 2415035, 717842.6 2415042, 717868 2415048, 717893.8 2415053, 717919.7 2415057, 717945.8 2415059, 717972 2415059, 717998.2 2415059, 718024.3 2415057, 718050.2 2415053, 718076 2415048, 718101.4 2415042, 718126.5 2415035, 718151.2 2415026, 718175.4 2415016, 718199 2415005, 718222 2414992, 718244.3 2414979, 718265.9 2414964, 718286.7 2414948, 718306.6 2414931, 718325.6 2414913, 718343.6 2414894, 718360.6 2414874, 718376.5 2414853, 718391.3 2414832, 718405 2414809, 718417.5 2414786, 718428.8 2414763, 718438.8 2414739, 718447.5 2414714, 718455 2414689, 718461.1 2414663, 718465.8 2414638, 718469.3 2414612, 718471.3 2414586, 718472 2414559))"
32,20260541,Forest,8188.0269814502535,88.83161082476238,1.7932636469221834,1,Hani,土葬,无,0,1,0,361,635.367315599946,1587.307270614649,898.6361083984375,12.239222526550293,240.31074176626282,259026.1688232422,212719.09790039062,0.1093133710528799,1,51,57331.56967163086,0.2213350486249656,1800,0.006949104826656756,0,1,-0.49529580939439727,-0.8687243873613477,9.01042824201882,4.4867425644094086,0.5840372261569906,"POLYGON ((719635.4 2420500, 719634.7 2420474, 719632.6 2420448, 719629.2 2420422, 719624.4 2420396, 719618.3 2420371, 719610.9 2420346, 719602.2 2420321, 719592.1 2420297, 719580.9 2420273, 719568.4 2420250, 719554.7 2420228, 719539.9 2420207, 719523.9 2420186, 719506.9 2420166, 719488.9 2420147, 719469.9 2420129, 719450 2420112, 719429.3 2420096, 719407.7 2420081, 719385.4 2420067, 719362.4 2420055, 719338.7 2420044, 719314.6 2420034, 719289.9 2420025, 719264.8 2420017, 719239.3 2420011, 719213.6 2420007, 719187.6 2420003, 719161.5 2420001, 719135.4 2420000, 719109.2 2420001, 719083.1 2420003, 719057.2 2420007, 719031.4 2420011, 719006 2420017, 718980.9 2420025, 718956.2 2420034, 718932 2420044, 718908.4 2420055, 718885.4 2420067, 718863.1 2420081, 718841.5 2420096, 718820.7 2420112, 718800.8 2420129, 718781.8 2420147, 718763.8 2420166, 718746.8 2420186, 718730.9 2420207, 718716 2420228, 718702.4 2420250, 718689.9 2420273, 718678.6 2420297, 718668.6 2420321, 718659.8 2420346, 718652.4 2420371, 718646.3 2420396, 718641.5 2420422, 718638.1 2420448, 718636.1 2420474, 718635.4 2420500, 718636.1 2420527, 718638.1 2420553, 718641.5 2420579, 718646.3 2420604, 718652.4 2420630, 718659.8 2420655, 718668.6 2420680, 718678.6 2420704, 718689.9 2420727, 718702.4 2420750, 718716 2420773, 718730.9 2420794, 718746.8 2420815, 718763.8 2420835, 718781.8 2420854, 718800.8 2420872, 718820.7 2420889, 718841.5 2420905, 718863.1 2420920, 718885.4 2420933, 718908.4 2420946, 718932 2420957, 718956.2 2420967, 718980.9 2420976, 719006 2420983, 719031.4 2420989, 719057.2 2420994, 719083.1 2420998, 719109.2 2421000, 719135.4 2421000, 719161.5 2421000, 719187.6 2420998, 719213.6 2420994, 719239.3 2420989, 719264.8 2420983, 719289.9 2420976, 719314.6 2420967, 719338.7 2420957, 719362.4 2420946, 719385.4 2420933, 719407.7 2420920, 719429.3 2420905, 719450 2420889, 719469.9 2420872, 719488.9 2420854, 719506.9 2420835, 719523.9 2420815, 719539.9 2420794, 719554.7 2420773, 719568.4 2420750, 719580.9 2420727, 719592.1 2420704, 719602.2 2420680, 719610.9 2420655, 719618.3 2420630, 719624.4 2420604, 719629.2 2420579, 719632.6 2420553, 719634.7 2420527, 719635.4 2420500))"
32,20260541,Forest,8188.0269814502535,88.83161082476238,1.7932636469221834,1,Hani,土葬,无,0,1,0,362,1029.3166832949703,1958.9820195128054,819.9801025390625,6.166589736938477,284.62008079864455,22137.804794311523,55688.92478942871,0.22593811090477883,1,52,3284.7119092941284,0.14837568312727015,900,0.04065443743687097,0,1,0.25240850164520157,-0.9676207667765426,9.01042824201882,4.4867425644094086,0.5840372261569906,"POLYGON ((718314.1 2421733, 718313.4 2421707, 718311.4 2421681, 718308 2421655, 718303.2 2421629, 718297.1 2421604, 718289.6 2421579, 718280.9 2421554, 718270.9 2421530, 718259.6 2421506, 718247.1 2421483, 718233.4 2421461, 718218.6 2421439, 718202.7 2421419, 718185.7 2421399, 718167.7 2421380, 718148.7 2421362, 718128.8 2421345, 718108 2421329, 718086.4 2421314, 718064.1 2421300, 718041.1 2421288, 718017.5 2421277, 717993.3 2421267, 717968.6 2421258, 717943.5 2421250, 717918.1 2421244, 717892.3 2421239, 717866.4 2421236, 717840.3 2421234, 717814.1 2421233, 717787.9 2421234, 717761.8 2421236, 717735.9 2421239, 717710.2 2421244, 717684.7 2421250, 717659.6 2421258, 717634.9 2421267, 717610.7 2421277, 717587.1 2421288, 717564.1 2421300, 717541.8 2421314, 717520.2 2421329, 717499.4 2421345, 717479.5 2421362, 717460.6 2421380, 717442.5 2421399, 717425.5 2421419, 717409.6 2421439, 717394.8 2421461, 717381.1 2421483, 717368.6 2421506, 717357.3 2421530, 717347.3 2421554, 717338.6 2421579, 717331.1 2421604, 717325 2421629, 717320.3 2421655, 717316.8 2421681, 717314.8 2421707, 717314.1 2421733, 717314.8 2421759, 717316.8 2421786, 717320.3 2421812, 717325 2421837, 717331.1 2421863, 717338.6 2421888, 717347.3 2421913, 717357.3 2421937, 717368.6 2421960, 717381.1 2421983, 717394.8 2422006, 717409.6 2422027, 717425.5 2422048, 717442.5 2422068, 717460.6 2422087, 717479.5 2422105, 717499.4 2422122, 717520.2 2422138, 717541.8 2422153, 717564.1 2422166, 717587.1 2422179, 717610.7 2422190, 717634.9 2422200, 717659.6 2422209, 717684.7 2422216, 717710.2 2422222, 717735.9 2422227, 717761.8 2422231, 717787.9 2422233, 717814.1 2422233, 717840.3 2422233, 717866.4 2422231, 717892.3 2422227, 717918.1 2422222, 717943.5 2422216, 717968.6 2422209, 717993.3 2422200, 718017.5 2422190, 718041.1 2422179, 718064.1 2422166, 718086.4 2422153, 718108 2422138, 718128.8 2422122, 718148.7 2422105, 718167.7 2422087, 718185.7 2422068, 718202.7 2422048, 718218.6 2422027, 718233.4 2422006, 718247.1 2421983, 718259.6 2421960, 718270.9 2421937, 718280.9 2421913, 718289.6 2421888, 718297.1 2421863, 718303.2 2421837, 718308 2421812, 718311.4 2421786, 718313.4 2421759, 718314.1 2421733))"
32,20260541,Forest,28221.39534883721,36.32440798387466,1.8620967741935484,1,Hani,土葬,无,0,1,0,364,814.7055180619949,1201.7806774671276,815.42999267578125,12.252863883972168,105.30473453529372,21310.709381103516,25825.05340576172,0.1836984544466182,1,53,16654.331016540527,0.781500545979391,900,0.04223228724605675,0,1,-0.2639527535588417,0.9645356104824255,10.247835669571991,3.59248991156372,0.6217031507554128,"POLYGON ((673874.7 2425443, 673874 2425417, 673872 2425390, 673868.5 2425365, 673863.8 2425339, 673857.7 2425313, 673850.2 2425288, 673841.5 2425264, 673831.5 2425239, 673820.2 2425216, 673807.7 2425193, 673794 2425170, 673779.2 2425149, 673763.3 2425128, 673746.3 2425108, 673728.2 2425089, 673709.3 2425071, 673689.4 2425054, 673668.6 2425038, 673647 2425023, 673624.7 2425010, 673601.7 2424997, 673578.1 2424986, 673553.9 2424976, 673529.2 2424967, 673504.1 2424960, 673478.6 2424954, 673452.9 2424949, 673427 2424945, 673400.9 2424943, 673374.7 2424943, 673348.5 2424943, 673322.4 2424945, 673296.5 2424949, 673270.7 2424954, 673245.3 2424960, 673220.2 2424967, 673195.5 2424976, 673171.3 2424986, 673147.7 2424997, 673124.7 2425010, 673102.4 2425023, 673080.8 2425038, 673060 2425054, 673040.1 2425071, 673021.1 2425089, 673003.1 2425108, 672986.1 2425128, 672970.2 2425149, 672955.4 2425170, 672941.7 2425193, 672929.2 2425216, 672917.9 2425239, 672907.9 2425264, 672899.2 2425288, 672891.7 2425313, 672885.6 2425339, 672880.8 2425365, 672877.4 2425390, 672875.4 2425417, 672874.7 2425443, 672875.4 2425469, 672877.4 2425495, 672880.8 2425521, 672885.6 2425547, 672891.7 2425572, 672899.2 2425597, 672907.9 2425622, 672917.9 2425646, 672929.2 2425670, 672941.7 2425693, 672955.4 2425715, 672970.2 2425737, 672986.1 2425757, 673003.1 2425777, 673021.1 2425796, 673040.1 2425814, 673060 2425831, 673080.8 2425847, 673102.4 2425862, 673124.7 2425876, 673147.7 2425888, 673171.3 2425900, 673195.5 2425910, 673220.2 2425918, 673245.3 2425926, 673270.7 2425932, 673296.5 2425937, 673322.4 2425940, 673348.5 2425942, 673374.7 2425943, 673400.9 2425942, 673427 2425940, 673452.9 2425937, 673478.6 2425932, 673504.1 2425926, 673529.2 2425918, 673553.9 2425910, 673578.1 2425900, 673601.7 2425888, 673624.7 2425876, 673647 2425862, 673668.6 2425847, 673689.4 2425831, 673709.3 2425814, 673728.2 2425796, 673746.3 2425777, 673763.3 2425757, 673779.2 2425737, 673794 2425715, 673807.7 2425693, 673820.2 2425670, 673831.5 2425646, 673841.5 2425622, 673850.2 2425597, 673857.7 2425572, 673863.8 2425547, 673868.5 2425521, 673872 2425495, 673874 2425469, 673874.7 2425443))"
32,20260541,Forest,5282.758620689656,45.034925325073786,2.4836279339321936,1,Hani,土葬,无,0,1,0,377,130.3683802878165,1229.8441697054657,874.8455810546875,9.997734069824219,55.69097117108021,199345.0698852539,35884.35516357422,0.28094428704885305,1,54,52227.373123168945,0.2619948070611018,53778.22036743164,0.26977451912097555,0,1,0.5636562208161179,0.826009482230859,8.572203706302155,3.8074383070812012,0.9097203678008794,"POLYGON ((652888.4 2472352, 652887.8 2472325, 652885.7 2472299, 652882.3 2472273, 652877.5 2472248, 652871.4 2472222, 652864 2472197, 652855.2 2472172, 652845.2 2472148, 652833.9 2472125, 652821.5 2472102, 652807.8 2472079, 652793 2472058, 652777 2472037, 652760 2472017, 652742 2471998, 652723 2471980, 652703.1 2471963, 652682.3 2471947, 652660.8 2471932, 652638.4 2471919, 652615.4 2471906, 652591.8 2471895, 652567.6 2471885, 652543 2471876, 652517.9 2471869, 652492.4 2471862, 652466.7 2471858, 652440.7 2471854, 652414.6 2471852, 652388.4 2471852, 652362.3 2471852, 652336.2 2471854, 652310.2 2471858, 652284.5 2471862, 652259 2471869, 652233.9 2471876, 652209.3 2471885, 652185.1 2471895, 652161.5 2471906, 652138.4 2471919, 652116.1 2471932, 652094.6 2471947, 652073.8 2471963, 652053.9 2471980, 652034.9 2471998, 652016.9 2472017, 651999.9 2472037, 651983.9 2472058, 651969.1 2472079, 651955.4 2472102, 651942.9 2472125, 651931.7 2472148, 651921.7 2472172, 651912.9 2472197, 651905.5 2472222, 651899.4 2472248, 651894.6 2472273, 651891.2 2472299, 651889.1 2472325, 651888.4 2472352, 651889.1 2472378, 651891.2 2472404, 651894.6 2472430, 651899.4 2472456, 651905.5 2472481, 651912.9 2472506, 651921.7 2472531, 651931.7 2472555, 651942.9 2472579, 651955.4 2472602, 651969.1 2472624, 651983.9 2472645, 651999.9 2472666, 652016.9 2472686, 652034.9 2472705, 652053.9 2472723, 652073.8 2472740, 652094.6 2472756, 652116.1 2472771, 652138.4 2472785, 652161.5 2472797, 652185.1 2472808, 652209.3 2472818, 652233.9 2472827, 652259 2472835, 652284.5 2472841, 652310.2 2472845, 652336.2 2472849, 652362.3 2472851, 652388.4 2472852, 652414.6 2472851, 652440.7 2472849, 652466.7 2472845, 652492.4 2472841, 652517.9 2472835, 652543 2472827, 652567.6 2472818, 652591.8 2472808, 652615.4 2472797, 652638.4 2472785, 652660.8 2472771, 652682.3 2472756, 652703.1 2472740, 652723 2472723, 652742 2472705, 652760 2472686, 652777 2472666, 652793 2472645, 652807.8 2472624, 652821.5 2472602, 652833.9 2472579, 652845.2 2472555, 652855.2 2472531, 652864 2472506, 652871.4 2472481, 652877.5 2472456, 652882.3 2472430, 652885.7 2472404, 652887.8 2472378, 652888.4 2472352))"
32,20260541,Forest,5282.758620689656,45.034925325073786,2.4836279339321936,1,Hani,土葬,无,0,1,0,378,435.5505540840779,1560.374205404705,891.5599365234375,9.972146034240723,81.55231172556675,191064.16625976562,47681.412506103516,0.24691980612784128,1,55,62220.29342651367,0.3256512963394751,44979.22554016113,0.23541424025585522,0,1,0.14690636644715452,0.9891504028697022,8.572203706302155,3.8074383070812012,0.9097203678008794,"POLYGON ((652655.5 2472020, 652654.9 2471994, 652652.8 2471968, 652649.4 2471942, 652644.6 2471916, 652638.5 2471891, 652631.1 2471866, 652622.3 2471841, 652612.3 2471817, 652601 2471793, 652588.5 2471770, 652574.9 2471748, 652560 2471726, 652544.1 2471706, 652527.1 2471686, 652509.1 2471667, 652490.1 2471649, 652470.2 2471632, 652449.4 2471616, 652427.9 2471601, 652405.5 2471587, 652382.5 2471575, 652358.9 2471564, 652334.7 2471553, 652310 2471545, 652284.9 2471537, 652259.5 2471531, 652233.8 2471526, 652207.8 2471523, 652181.7 2471521, 652155.5 2471520, 652129.4 2471521, 652103.3 2471523, 652077.3 2471526, 652051.6 2471531, 652026.1 2471537, 652001 2471545, 651976.4 2471553, 651952.2 2471564, 651928.5 2471575, 651905.5 2471587, 651883.2 2471601, 651861.6 2471616, 651840.9 2471632, 651821 2471649, 651802 2471667, 651784 2471686, 651767 2471706, 651751 2471726, 651736.2 2471748, 651722.5 2471770, 651710 2471793, 651698.8 2471817, 651688.7 2471841, 651680 2471866, 651672.6 2471891, 651666.5 2471916, 651661.7 2471942, 651658.3 2471968, 651656.2 2471994, 651655.5 2472020, 651656.2 2472046, 651658.3 2472073, 651661.7 2472099, 651666.5 2472124, 651672.6 2472150, 651680 2472175, 651688.7 2472199, 651698.8 2472224, 651710 2472247, 651722.5 2472270, 651736.2 2472293, 651751 2472314, 651767 2472335, 651784 2472355, 651802 2472374, 651821 2472392, 651840.9 2472409, 651861.6 2472425, 651883.2 2472440, 651905.5 2472453, 651928.5 2472466, 651952.2 2472477, 651976.4 2472487, 652001 2472496, 652026.1 2472503, 652051.6 2472509, 652077.3 2472514, 652103.3 2472518, 652129.4 2472520, 652155.5 2472520, 652181.7 2472520, 652207.8 2472518, 652233.8 2472514, 652259.5 2472509, 652284.9 2472503, 652310 2472496, 652334.7 2472487, 652358.9 2472477, 652382.5 2472466, 652405.5 2472453, 652427.9 2472440, 652449.4 2472425, 652470.2 2472409, 652490.1 2472392, 652509.1 2472374, 652527.1 2472355, 652544.1 2472335, 652560 2472314, 652574.9 2472293, 652588.5 2472270, 652601 2472247, 652612.3 2472224, 652622.3 2472199, 652631.1 2472175, 652638.5 2472150, 652644.6 2472124, 652649.4 2472099, 652652.8 2472073, 652654.9 2472046, 652655.5 2472020))"
32,20260541,Forest,4113.793103448276,31.558234800298017,3.1961620469083156,1,Hani,土葬,无,0,1,0,388,28.70986864877312,802.4277290865205,1232.7445068359375,7.200429439544678,264.67697437397413,785039.3371582031,0,0.30104950718902446,1,57,0,0,339131.9366455078,0.43199355827587665,0,1,-0.09277073483495421,-0.995687496536028,8.322100778099534,3.4518345628639535,1.1619507296563183,"POLYGON ((648084.4 2468401, 648083.7 2468375, 648081.6 2468349, 648078.2 2468323, 648073.5 2468297, 648067.3 2468272, 648059.9 2468247, 648051.2 2468222, 648041.2 2468198, 648029.9 2468174, 648017.4 2468151, 648003.7 2468129, 647988.9 2468107, 647973 2468087, 647956 2468067, 647937.9 2468048, 647918.9 2468030, 647899 2468013, 647878.3 2467997, 647856.7 2467982, 647834.4 2467968, 647811.4 2467956, 647787.7 2467944, 647763.6 2467934, 647738.9 2467926, 647713.8 2467918, 647688.3 2467912, 647662.6 2467907, 647636.6 2467904, 647610.5 2467902, 647584.4 2467901, 647558.2 2467902, 647532.1 2467904, 647506.2 2467907, 647480.4 2467912, 647455 2467918, 647429.9 2467926, 647405.2 2467934, 647381 2467944, 647357.4 2467956, 647334.4 2467968, 647312.1 2467982, 647290.5 2467997, 647269.7 2468013, 647249.8 2468030, 647230.8 2468048, 647212.8 2468067, 647195.8 2468087, 647179.9 2468107, 647165 2468129, 647151.4 2468151, 647138.9 2468174, 647127.6 2468198, 647117.6 2468222, 647108.9 2468247, 647101.4 2468272, 647095.3 2468297, 647090.5 2468323, 647087.1 2468349, 647085.1 2468375, 647084.4 2468401, 647085.1 2468427, 647087.1 2468453, 647090.5 2468479, 647095.3 2468505, 647101.4 2468531, 647108.9 2468556, 647117.6 2468580, 647127.6 2468605, 647138.9 2468628, 647151.4 2468651, 647165 2468674, 647179.9 2468695, 647195.8 2468716, 647212.8 2468736, 647230.8 2468755, 647249.8 2468773, 647269.7 2468790, 647290.5 2468806, 647312.1 2468821, 647334.4 2468834, 647357.4 2468847, 647381 2468858, 647405.2 2468868, 647429.9 2468877, 647455 2468884, 647480.4 2468890, 647506.2 2468895, 647532.1 2468898, 647558.2 2468901, 647584.4 2468901, 647610.5 2468901, 647636.6 2468898, 647662.6 2468895, 647688.3 2468890, 647713.8 2468884, 647738.9 2468877, 647763.6 2468868, 647787.7 2468858, 647811.4 2468847, 647834.4 2468834, 647856.7 2468821, 647878.3 2468806, 647899 2468790, 647918.9 2468773, 647937.9 2468755, 647956 2468736, 647973 2468716, 647988.9 2468695, 648003.7 2468674, 648017.4 2468651, 648029.9 2468628, 648041.2 2468605, 648051.2 2468580, 648059.9 2468556, 648067.3 2468531, 648073.5 2468505, 648078.2 2468479, 648081.6 2468453, 648083.7 2468427, 648084.4 2468401))"
32,20260541,Forest,4113.793103448276,31.558234800298017,3.1961620469083156,1,Hani,土葬,无,0,1,0,390,287.2401910152399,1014.4350748485687,1317.219970703125,8.956334114074707,41.65077423438458,785039.3371582031,0,0.24740981744615545,1,59,0,0,153507.80181884766,0.1955415411086749,0,1,0.7472094404340517,0.6645886337624435,8.322100778099534,3.4518345628639535,1.1619507296563183,"POLYGON ((653544.8 2466139, 653544.1 2466113, 653542 2466087, 653538.6 2466061, 653533.8 2466035, 653527.7 2466010, 653520.3 2465985, 653511.5 2465960, 653501.5 2465936, 653490.3 2465912, 653477.8 2465889, 653464.1 2465867, 653449.3 2465845, 653433.3 2465825, 653416.3 2465805, 653398.3 2465786, 653379.3 2465768, 653359.4 2465751, 653338.6 2465735, 653317.1 2465720, 653294.8 2465706, 653271.7 2465694, 653248.1 2465682, 653223.9 2465672, 653199.3 2465664, 653174.2 2465656, 653148.7 2465650, 653123 2465645, 653097 2465642, 653070.9 2465640, 653044.8 2465639, 653018.6 2465640, 652992.5 2465642, 652966.5 2465645, 652940.8 2465650, 652915.3 2465656, 652890.2 2465664, 652865.6 2465672, 652841.4 2465682, 652817.8 2465694, 652794.8 2465706, 652772.4 2465720, 652750.9 2465735, 652730.1 2465751, 652710.2 2465768, 652691.2 2465786, 652673.2 2465805, 652656.2 2465825, 652640.2 2465845, 652625.4 2465867, 652611.7 2465889, 652599.2 2465912, 652588 2465936, 652578 2465960, 652569.2 2465985, 652561.8 2466010, 652555.7 2466035, 652550.9 2466061, 652547.5 2466087, 652545.4 2466113, 652544.8 2466139, 652545.4 2466165, 652547.5 2466192, 652550.9 2466217, 652555.7 2466243, 652561.8 2466269, 652569.2 2466294, 652578 2466318, 652588 2466343, 652599.2 2466366, 652611.7 2466389, 652625.4 2466412, 652640.2 2466433, 652656.2 2466454, 652673.2 2466474, 652691.2 2466493, 652710.2 2466511, 652730.1 2466528, 652750.9 2466544, 652772.4 2466559, 652794.8 2466572, 652817.8 2466585, 652841.4 2466596, 652865.6 2466606, 652890.2 2466615, 652915.3 2466622, 652940.8 2466628, 652966.5 2466633, 652992.5 2466637, 653018.6 2466639, 653044.8 2466639, 653070.9 2466639, 653097 2466637, 653123 2466633, 653148.7 2466628, 653174.2 2466622, 653199.3 2466615, 653223.9 2466606, 653248.1 2466596, 653271.7 2466585, 653294.8 2466572, 653317.1 2466559, 653338.6 2466544, 653359.4 2466528, 653379.3 2466511, 653398.3 2466493, 653416.3 2466474, 653433.3 2466454, 653449.3 2466433, 653464.1 2466412, 653477.8 2466389, 653490.3 2466366, 653501.5 2466343, 653511.5 2466318, 653520.3 2466294, 653527.7 2466269, 653533.8 2466243, 653538.6 2466217, 653542 2466192, 653544.1 2466165, 653544.8 2466139))"
32,20260541,Forest,4113.793103448276,31.558234800298017,3.1961620469083156,1,Hani,土葬,无,0,1,0,391,49.43278502347829,190.5813663738968,1330.3529052734375,9.246074676513672,40.670907307772815,785039.3371582031,0,0.31985422511962025,1,60,0,0,153551.06048583984,0.19559664492952133,0,1,0.7584653500673363,0.6517133670159244,8.322100778099534,3.4518345628639535,1.1619507296563183,"POLYGON ((652632.8 2466687, 652632.1 2466661, 652630 2466635, 652626.6 2466609, 652621.9 2466583, 652615.8 2466557, 652608.3 2466532, 652599.6 2466508, 652589.6 2466483, 652578.3 2466460, 652565.8 2466437, 652552.1 2466414, 652537.3 2466393, 652521.4 2466372, 652504.4 2466352, 652486.3 2466333, 652467.4 2466315, 652447.4 2466298, 652426.7 2466282, 652405.1 2466267, 652382.8 2466254, 652359.8 2466241, 652336.2 2466230, 652312 2466220, 652287.3 2466211, 652262.2 2466204, 652236.7 2466198, 652211 2466193, 652185.1 2466190, 652159 2466187, 652132.8 2466187, 652106.6 2466187, 652080.5 2466190, 652054.6 2466193, 652028.8 2466198, 652003.4 2466204, 651978.3 2466211, 651953.6 2466220, 651929.4 2466230, 651905.8 2466241, 651882.8 2466254, 651860.5 2466267, 651838.9 2466282, 651818.1 2466298, 651798.2 2466315, 651779.2 2466333, 651761.2 2466352, 651744.2 2466372, 651728.3 2466393, 651713.5 2466414, 651699.8 2466437, 651687.3 2466460, 651676 2466483, 651666 2466508, 651657.3 2466532, 651649.8 2466557, 651643.7 2466583, 651638.9 2466609, 651635.5 2466635, 651633.5 2466661, 651632.8 2466687, 651633.5 2466713, 651635.5 2466739, 651638.9 2466765, 651643.7 2466791, 651649.8 2466816, 651657.3 2466841, 651666 2466866, 651676 2466890, 651687.3 2466914, 651699.8 2466937, 651713.5 2466959, 651728.3 2466981, 651744.2 2467001, 651761.2 2467021, 651779.2 2467040, 651798.2 2467058, 651818.1 2467075, 651838.9 2467091, 651860.5 2467106, 651882.8 2467120, 651905.8 2467132, 651929.4 2467144, 651953.6 2467154, 651978.3 2467162, 652003.4 2467170, 652028.8 2467176, 652054.6 2467181, 652080.5 2467184, 652106.6 2467186, 652132.8 2467187, 652159 2467186, 652185.1 2467184, 652211 2467181, 652236.7 2467176, 652262.2 2467170, 652287.3 2467162, 652312 2467154, 652336.2 2467144, 652359.8 2467132, 652382.8 2467120, 652405.1 2467106, 652426.7 2467091, 652447.4 2467075, 652467.4 2467058, 652486.3 2467040, 652504.4 2467021, 652521.4 2467001, 652537.3 2466981, 652552.1 2466959, 652565.8 2466937, 652578.3 2466914, 652589.6 2466890, 652599.6 2466866, 652608.3 2466841, 652615.8 2466816, 652621.9 2466791, 652626.6 2466765, 652630 2466739, 652632.1 2466713, 652632.8 2466687))"
32,20260541,Forest,2450.16501650165,57.28017654528843,3.139765952748951,1,Hani,土葬,无,0,1,0,397,395.29355021555006,583.1332977343492,1611.177734375,9.163010597229004,55.654555887207685,785039.3371582031,0,0.23376279245357312,1,66,0,0,268657.11364746094,0.3422212122770613,0,1,0.5641810909772789,0.8256510743550737,7.803910654944759,4.047954604793039,1.144148259801018,"POLYGON ((643317.3 2407567, 643316.6 2407541, 643314.5 2407515, 643311.1 2407489, 643306.4 2407463, 643300.2 2407438, 643292.8 2407413, 643284.1 2407388, 643274.1 2407364, 643262.8 2407340, 643250.3 2407317, 643236.6 2407295, 643221.8 2407273, 643205.9 2407253, 643188.9 2407233, 643170.8 2407214, 643151.8 2407196, 643131.9 2407179, 643111.2 2407163, 643089.6 2407148, 643067.3 2407134, 643044.3 2407122, 643020.7 2407110, 642996.5 2407100, 642971.8 2407092, 642946.7 2407084, 642921.2 2407078, 642895.5 2407073, 642869.5 2407070, 642843.5 2407068, 642817.3 2407067, 642791.1 2407068, 642765 2407070, 642739.1 2407073, 642713.3 2407078, 642687.9 2407084, 642662.8 2407092, 642638.1 2407100, 642613.9 2407110, 642590.3 2407122, 642567.3 2407134, 642545 2407148, 642523.4 2407163, 642502.6 2407179, 642482.7 2407196, 642463.7 2407214, 642445.7 2407233, 642428.7 2407253, 642412.8 2407273, 642397.9 2407295, 642384.3 2407317, 642371.8 2407340, 642360.5 2407364, 642350.5 2407388, 642341.8 2407413, 642334.3 2407438, 642328.2 2407463, 642323.4 2407489, 642320 2407515, 642318 2407541, 642317.3 2407567, 642318 2407593, 642320 2407620, 642323.4 2407645, 642328.2 2407671, 642334.3 2407697, 642341.8 2407722, 642350.5 2407746, 642360.5 2407771, 642371.8 2407794, 642384.3 2407817, 642397.9 2407840, 642412.8 2407861, 642428.7 2407882, 642445.7 2407902, 642463.7 2407921, 642482.7 2407939, 642502.6 2407956, 642523.4 2407972, 642545 2407987, 642567.3 2408000, 642590.3 2408013, 642613.9 2408024, 642638.1 2408034, 642662.8 2408043, 642687.9 2408050, 642713.3 2408056, 642739.1 2408061, 642765 2408065, 642791.1 2408067, 642817.3 2408067, 642843.5 2408067, 642869.5 2408065, 642895.5 2408061, 642921.2 2408056, 642946.7 2408050, 642971.8 2408043, 642996.5 2408034, 643020.7 2408024, 643044.3 2408013, 643067.3 2408000, 643089.6 2407987, 643111.2 2407972, 643131.9 2407956, 643151.8 2407939, 643170.8 2407921, 643188.9 2407902, 643205.9 2407882, 643221.8 2407861, 643236.6 2407840, 643250.3 2407817, 643262.8 2407794, 643274.1 2407771, 643284.1 2407746, 643292.8 2407722, 643300.2 2407697, 643306.4 2407671, 643311.1 2407645, 643314.5 2407620, 643316.6 2407593, 643317.3 2407567))"
32,20260541,Forest,2450.16501650165,57.28017654528843,3.139765952748951,1,Hani,土葬,无,0,1,0,398,136.14342044330456,432.67173195185643,1623.660888671875,11.858251571655273,4.815313047371954,768337.53662109375,0,0.13869151319882467,1,67,120577.12097167969,0.15693248764330825,148176.96075439453,0.1928539914970575,0,1,0.9964704596608417,0.08394416610647142,7.803910654944759,4.047954604793039,1.144148259801018,"POLYGON ((645094.5 2408098, 645093.8 2408072, 645091.8 2408045, 645088.4 2408020, 645083.6 2407994, 645077.5 2407968, 645070 2407943, 645061.3 2407919, 645051.3 2407894, 645040 2407871, 645027.5 2407848, 645013.8 2407825, 644999 2407804, 644983.1 2407783, 644966.1 2407763, 644948.1 2407744, 644929.1 2407726, 644909.2 2407709, 644888.4 2407693, 644866.8 2407678, 644844.5 2407665, 644821.5 2407652, 644797.9 2407641, 644773.7 2407631, 644749 2407622, 644723.9 2407615, 644698.5 2407609, 644672.7 2407604, 644646.8 2407600, 644620.7 2407598, 644594.5 2407598, 644568.3 2407598, 644542.2 2407600, 644516.3 2407604, 644490.6 2407609, 644465.1 2407615, 644440 2407622, 644415.3 2407631, 644391.1 2407641, 644367.5 2407652, 644344.5 2407665, 644322.2 2407678, 644300.6 2407693, 644279.8 2407709, 644259.9 2407726, 644241 2407744, 644222.9 2407763, 644205.9 2407783, 644190 2407804, 644175.2 2407825, 644161.5 2407848, 644149 2407871, 644137.7 2407894, 644127.7 2407919, 644119 2407943, 644111.5 2407968, 644105.4 2407994, 644100.7 2408020, 644097.2 2408045, 644095.2 2408072, 644094.5 2408098, 644095.2 2408124, 644097.2 2408150, 644100.7 2408176, 644105.4 2408202, 644111.5 2408227, 644119 2408252, 644127.7 2408277, 644137.7 2408301, 644149 2408325, 644161.5 2408348, 644175.2 2408370, 644190 2408392, 644205.9 2408412, 644222.9 2408432, 644241 2408451, 644259.9 2408469, 644279.8 2408486, 644300.6 2408502, 644322.2 2408517, 644344.5 2408531, 644367.5 2408543, 644391.1 2408555, 644415.3 2408565, 644440 2408573, 644465.1 2408581, 644490.6 2408587, 644516.3 2408592, 644542.2 2408595, 644568.3 2408597, 644594.5 2408598, 644620.7 2408597, 644646.8 2408595, 644672.7 2408592, 644698.5 2408587, 644723.9 2408581, 644749 2408573, 644773.7 2408565, 644797.9 2408555, 644821.5 2408543, 644844.5 2408531, 644866.8 2408517, 644888.4 2408502, 644909.2 2408486, 644929.1 2408469, 644948.1 2408451, 644966.1 2408432, 644983.1 2408412, 644999 2408392, 645013.8 2408370, 645027.5 2408348, 645040 2408325, 645051.3 2408301, 645061.3 2408277, 645070 2408252, 645077.5 2408227, 645083.6 2408202, 645088.4 2408176, 645091.8 2408150, 645093.8 2408124, 645094.5 2408098))"
32,20260541,Forest,4656.765676567657,13.076606278907793,1.9702251270878721,1,Hani,土葬,无,0,1,0,406,118.35945672521225,402.50580733497344,1780.4451904296875,6.401877403259277,159.4865229604571,785039.3371582031,0,0.37348081129793775,1,68,0,0,43341.39747619629,0.055209204717166956,0,1,-0.9365897880074726,0.35042769439660076,8.446076425325582,2.5708248535646967,0.6781478139302769,"POLYGON ((655373.5 2403467, 655372.8 2403441, 655370.7 2403414, 655367.3 2403389, 655362.5 2403363, 655356.4 2403337, 655349 2403312, 655340.2 2403288, 655330.2 2403263, 655319 2403240, 655306.5 2403217, 655292.8 2403194, 655278 2403173, 655262 2403152, 655245 2403132, 655227 2403113, 655208 2403095, 655188.1 2403078, 655167.3 2403062, 655145.8 2403047, 655123.5 2403034, 655100.4 2403021, 655076.8 2403010, 655052.6 2403000, 655028 2402991, 655002.9 2402984, 654977.4 2402978, 654951.7 2402973, 654925.7 2402969, 654899.6 2402967, 654873.5 2402967, 654847.3 2402967, 654821.2 2402969, 654795.2 2402973, 654769.5 2402978, 654744 2402984, 654718.9 2402991, 654694.3 2403000, 654670.1 2403010, 654646.5 2403021, 654623.5 2403034, 654601.1 2403047, 654579.6 2403062, 654558.8 2403078, 654538.9 2403095, 654519.9 2403113, 654501.9 2403132, 654484.9 2403152, 654468.9 2403173, 654454.1 2403194, 654440.4 2403217, 654427.9 2403240, 654416.7 2403263, 654406.7 2403288, 654397.9 2403312, 654390.5 2403337, 654384.4 2403363, 654379.6 2403389, 654376.2 2403414, 654374.1 2403441, 654373.5 2403467, 654374.1 2403493, 654376.2 2403519, 654379.6 2403545, 654384.4 2403571, 654390.5 2403596, 654397.9 2403621, 654406.7 2403646, 654416.7 2403670, 654427.9 2403694, 654440.4 2403717, 654454.1 2403739, 654468.9 2403761, 654484.9 2403781, 654501.9 2403801, 654519.9 2403820, 654538.9 2403838, 654558.8 2403855, 654579.6 2403871, 654601.1 2403886, 654623.5 2403900, 654646.5 2403912, 654670.1 2403924, 654694.3 2403934, 654718.9 2403942, 654744 2403950, 654769.5 2403956, 654795.2 2403961, 654821.2 2403964, 654847.3 2403966, 654873.5 2403967, 654899.6 2403966, 654925.7 2403964, 654951.7 2403961, 654977.4 2403956, 655002.9 2403950, 655028 2403942, 655052.6 2403934, 655076.8 2403924, 655100.4 2403912, 655123.5 2403900, 655145.8 2403886, 655167.3 2403871, 655188.1 2403855, 655208 2403838, 655227 2403820, 655245 2403801, 655262 2403781, 655278 2403761, 655292.8 2403739, 655306.5 2403717, 655319 2403694, 655330.2 2403670, 655340.2 2403646, 655349 2403621, 655356.4 2403596, 655362.5 2403571, 655367.3 2403545, 655370.7 2403519, 655372.8 2403493, 655373.5 2403467))"
32,20260541,Forest,4496.109318656291,53.343051017456666,0.9828130480533146,1,Hani,土葬,无,0,1,0,418,193.2162715840572,2235.4652851057563,732.76934814453125,7.574898719787598,35.98548891576778,149374.58038330078,88925.33798217773,0.2967626824229702,1,71,118622.17254638672,0.7941255616718572,10286.514472961426,0.06886388866543319,0,1,0.8091658345626792,0.5875803367850927,8.410967705925682,3.9767437165454274,-0.01733636201571971,"POLYGON ((669277.3 2378017, 669276.6 2377991, 669274.6 2377965, 669271.1 2377939, 669266.4 2377913, 669260.3 2377888, 669252.8 2377862, 669244.1 2377838, 669234.1 2377814, 669222.8 2377790, 669210.3 2377767, 669196.6 2377745, 669181.8 2377723, 669165.9 2377702, 669148.9 2377682, 669130.9 2377663, 669111.9 2377645, 669092 2377628, 669071.2 2377612, 669049.6 2377598, 669027.3 2377584, 669004.3 2377571, 668980.7 2377560, 668956.5 2377550, 668931.8 2377541, 668906.7 2377534, 668881.3 2377528, 668855.5 2377523, 668829.6 2377520, 668803.5 2377518, 668777.3 2377517, 668751.1 2377518, 668725 2377520, 668699.1 2377523, 668673.3 2377528, 668647.9 2377534, 668622.8 2377541, 668598.1 2377550, 668573.9 2377560, 668550.3 2377571, 668527.3 2377584, 668505 2377598, 668483.4 2377612, 668462.6 2377628, 668442.7 2377645, 668423.8 2377663, 668405.7 2377682, 668388.7 2377702, 668372.8 2377723, 668358 2377745, 668344.3 2377767, 668331.8 2377790, 668320.5 2377814, 668310.5 2377838, 668301.8 2377862, 668294.3 2377888, 668288.2 2377913, 668283.5 2377939, 668280 2377965, 668278 2377991, 668277.3 2378017, 668278 2378043, 668280 2378069, 668283.5 2378095, 668288.2 2378121, 668294.3 2378146, 668301.8 2378171, 668310.5 2378196, 668320.5 2378220, 668331.8 2378244, 668344.3 2378267, 668358 2378289, 668372.8 2378311, 668388.7 2378332, 668405.7 2378352, 668423.8 2378371, 668442.7 2378389, 668462.6 2378406, 668483.4 2378421, 668505 2378436, 668527.3 2378450, 668550.3 2378462, 668573.9 2378474, 668598.1 2378484, 668622.8 2378493, 668647.9 2378500, 668673.3 2378506, 668699.1 2378511, 668725 2378514, 668751.1 2378516, 668777.3 2378517, 668803.5 2378516, 668829.6 2378514, 668855.5 2378511, 668881.3 2378506, 668906.7 2378500, 668931.8 2378493, 668956.5 2378484, 668980.7 2378474, 669004.3 2378462, 669027.3 2378450, 669049.6 2378436, 669071.2 2378421, 669092 2378406, 669111.9 2378389, 669130.9 2378371, 669148.9 2378352, 669165.9 2378332, 669181.8 2378311, 669196.6 2378289, 669210.3 2378267, 669222.8 2378244, 669234.1 2378220, 669244.1 2378196, 669252.8 2378171, 669260.3 2378146, 669266.4 2378121, 669271.1 2378095, 669274.6 2378069, 669276.6 2378043, 669277.3 2378017))"
32,20260541,Forest,3589.865249572974,26.95010593000912,0.75059382422802845,1,Hani,土葬,无,0,1,0,475,194.29025417554558,316.87091862546055,1244.9586181640625,14.651897430419922,36.26634944982148,785039.3371582031,0,0.1277152073482938,1,72,0,0,0,0,0,1,0.8062758402058622,0.5915397446497834,8.18586994583998,3.2939872279598648,-0.2868906200954694,"POLYGON ((665401.6 2389078, 665400.9 2389052, 665398.8 2389026, 665395.4 2389000, 665390.6 2388974, 665384.5 2388948, 665377.1 2388923, 665368.3 2388899, 665358.3 2388874, 665347.1 2388851, 665334.6 2388828, 665320.9 2388806, 665306.1 2388784, 665290.1 2388763, 665273.1 2388743, 665255.1 2388724, 665236.1 2388706, 665216.2 2388689, 665195.4 2388673, 665173.9 2388659, 665151.6 2388645, 665128.6 2388632, 665104.9 2388621, 665080.7 2388611, 665056.1 2388602, 665031 2388595, 665005.5 2388589, 664979.8 2388584, 664953.8 2388581, 664927.7 2388579, 664901.6 2388578, 664875.4 2388579, 664849.3 2388581, 664823.3 2388584, 664797.6 2388589, 664772.1 2388595, 664747 2388602, 664722.4 2388611, 664698.2 2388621, 664674.6 2388632, 664651.6 2388645, 664629.2 2388659, 664607.7 2388673, 664586.9 2388689, 664567 2388706, 664548 2388724, 664530 2388743, 664513 2388763, 664497 2388784, 664482.2 2388806, 664468.5 2388828, 664456.1 2388851, 664444.8 2388874, 664434.8 2388899, 664426 2388923, 664418.6 2388948, 664412.5 2388974, 664407.7 2389000, 664404.3 2389026, 664402.2 2389052, 664401.6 2389078, 664402.2 2389104, 664404.3 2389130, 664407.7 2389156, 664412.5 2389182, 664418.6 2389207, 664426 2389232, 664434.8 2389257, 664444.8 2389281, 664456.1 2389305, 664468.5 2389328, 664482.2 2389350, 664497 2389372, 664513 2389392, 664530 2389412, 664548 2389431, 664567 2389449, 664586.9 2389466, 664607.7 2389482, 664629.2 2389497, 664651.6 2389511, 664674.6 2389523, 664698.2 2389535, 664722.4 2389545, 664747 2389553, 664772.1 2389561, 664797.6 2389567, 664823.3 2389572, 664849.3 2389575, 664875.4 2389577, 664901.6 2389578, 664927.7 2389577, 664953.8 2389575, 664979.8 2389572, 665005.5 2389567, 665031 2389561, 665056.1 2389553, 665080.7 2389545, 665104.9 2389535, 665128.6 2389523, 665151.6 2389511, 665173.9 2389497, 665195.4 2389482, 665216.2 2389466, 665236.1 2389449, 665255.1 2389431, 665273.1 2389412, 665290.1 2389392, 665306.1 2389372, 665320.9 2389350, 665334.6 2389328, 665347.1 2389305, 665358.3 2389281, 665368.3 2389257, 665377.1 2389232, 665384.5 2389207, 665390.6 2389182, 665395.4 2389156, 665398.8 2389130, 665400.9 2389104, 665401.6 2389078))"
32,20260541,Forest,10271.398747390396,199.1808959632561,0.9636983553951063,1,Hani,土葬,无,0,1,0,476,784.414270654904,1094.5892222594496,684.94482421875,8.653236389160156,150.07584878888449,1648.283851146698,106010.56823730469,0.3415857213002562,1,73,1648.283851146698,1,0,0,0,1,-0.8666865502967694,0.49885310817382433,9.237118491057576,5.2942134367525195,-0.036976942679110336,"POLYGON ((671494.8 2385673, 671494.1 2385647, 671492 2385621, 671488.6 2385595, 671483.9 2385569, 671477.7 2385544, 671470.3 2385519, 671461.6 2385494, 671451.6 2385470, 671440.3 2385446, 671427.8 2385423, 671414.1 2385401, 671399.3 2385379, 671383.4 2385358, 671366.4 2385339, 671348.3 2385320, 671329.3 2385302, 671309.4 2385285, 671288.7 2385269, 671267.1 2385254, 671244.8 2385240, 671221.8 2385228, 671198.1 2385216, 671174 2385206, 671149.3 2385198, 671124.2 2385190, 671098.7 2385184, 671073 2385179, 671047 2385176, 671020.9 2385174, 670994.8 2385173, 670968.6 2385174, 670942.5 2385176, 670916.6 2385179, 670890.8 2385184, 670865.4 2385190, 670840.3 2385198, 670815.6 2385206, 670791.4 2385216, 670767.8 2385228, 670744.8 2385240, 670722.5 2385254, 670700.9 2385269, 670680.1 2385285, 670660.2 2385302, 670641.2 2385320, 670623.2 2385339, 670606.2 2385358, 670590.3 2385379, 670575.4 2385401, 670561.8 2385423, 670549.3 2385446, 670538 2385470, 670528 2385494, 670519.3 2385519, 670511.8 2385544, 670505.7 2385569, 670500.9 2385595, 670497.5 2385621, 670495.5 2385647, 670494.8 2385673, 670495.5 2385699, 670497.5 2385725, 670500.9 2385751, 670505.7 2385777, 670511.8 2385803, 670519.3 2385828, 670528 2385852, 670538 2385876, 670549.3 2385900, 670561.8 2385923, 670575.4 2385945, 670590.3 2385967, 670606.2 2385988, 670623.2 2386008, 670641.2 2386027, 670660.2 2386045, 670680.1 2386062, 670700.9 2386078, 670722.5 2386092, 670744.8 2386106, 670767.8 2386119, 670791.4 2386130, 670815.6 2386140, 670840.3 2386149, 670865.4 2386156, 670890.8 2386162, 670916.6 2386167, 670942.5 2386170, 670968.6 2386172, 670994.8 2386173, 671020.9 2386172, 671047 2386170, 671073 2386167, 671098.7 2386162, 671124.2 2386156, 671149.3 2386149, 671174 2386140, 671198.1 2386130, 671221.8 2386119, 671244.8 2386106, 671267.1 2386092, 671288.7 2386078, 671309.4 2386062, 671329.3 2386045, 671348.3 2386027, 671366.4 2386008, 671383.4 2385988, 671399.3 2385967, 671414.1 2385945, 671427.8 2385923, 671440.3 2385900, 671451.6 2385876, 671461.6 2385852, 671470.3 2385828, 671477.7 2385803, 671483.9 2385777, 671488.6 2385751, 671492 2385725, 671494.1 2385699, 671494.8 2385673))"
32,20260541,Forest,3378.2501423420003,27.32013936280332,2.0710014947683106,1,Hani,土葬,无,0,1,0,479,188.9912594240685,344.0514635065004,1412.9964599609375,15.742851257324219,94.38316074990014,785039.3371582031,0,0.11221594740699962,1,74,0,0,0,0,0,1,-0.07642599065700698,0.9970752569149909,8.125113145053028,3.3076241358170795,0.7280323041748045,"POLYGON ((663128.6 2408446, 663127.9 2408420, 663125.8 2408394, 663122.4 2408368, 663117.7 2408342, 663111.5 2408317, 663104.1 2408292, 663095.4 2408267, 663085.4 2408243, 663074.1 2408219, 663061.6 2408196, 663047.9 2408174, 663033.1 2408152, 663017.2 2408132, 663000.2 2408112, 662982.1 2408093, 662963.1 2408075, 662943.2 2408058, 662922.5 2408042, 662900.9 2408027, 662878.6 2408013, 662855.6 2408001, 662831.9 2407990, 662807.8 2407979, 662783.1 2407971, 662758 2407963, 662732.5 2407957, 662706.8 2407952, 662680.8 2407949, 662654.7 2407947, 662628.6 2407946, 662602.4 2407947, 662576.3 2407949, 662550.4 2407952, 662524.6 2407957, 662499.2 2407963, 662474.1 2407971, 662449.4 2407979, 662425.2 2407990, 662401.6 2408001, 662378.6 2408013, 662356.3 2408027, 662334.7 2408042, 662313.9 2408058, 662294 2408075, 662275 2408093, 662257 2408112, 662240 2408132, 662224.1 2408152, 662209.2 2408174, 662195.6 2408196, 662183.1 2408219, 662171.8 2408243, 662161.8 2408267, 662153.1 2408292, 662145.6 2408317, 662139.5 2408342, 662134.7 2408368, 662131.3 2408394, 662129.3 2408420, 662128.6 2408446, 662129.3 2408472, 662131.3 2408499, 662134.7 2408525, 662139.5 2408550, 662145.6 2408576, 662153.1 2408601, 662161.8 2408625, 662171.8 2408650, 662183.1 2408673, 662195.6 2408696, 662209.2 2408719, 662224.1 2408740, 662240 2408761, 662257 2408781, 662275 2408800, 662294 2408818, 662313.9 2408835, 662334.7 2408851, 662356.3 2408866, 662378.6 2408879, 662401.6 2408892, 662425.2 2408903, 662449.4 2408913, 662474.1 2408922, 662499.2 2408929, 662524.6 2408935, 662550.4 2408940, 662576.3 2408944, 662602.4 2408946, 662628.6 2408946, 662654.7 2408946, 662680.8 2408944, 662706.8 2408940, 662732.5 2408935, 662758 2408929, 662783.1 2408922, 662807.8 2408913, 662831.9 2408903, 662855.6 2408892, 662878.6 2408879, 662900.9 2408866, 662922.5 2408851, 662943.2 2408835, 662963.1 2408818, 662982.1 2408800, 663000.2 2408781, 663017.2 2408761, 663033.1 2408740, 663047.9 2408719, 663061.6 2408696, 663074.1 2408673, 663085.4 2408650, 663095.4 2408625, 663104.1 2408601, 663111.5 2408576, 663117.7 2408550, 663122.4 2408525, 663125.8 2408499, 663127.9 2408472, 663128.6 2408446))"
32,20260541,Forest,2715.8853672423606,19.408732153463,0.688783570300158,1,Hani,土葬,无,0,1,0,481,693.1200311321438,1468.9765778581254,850.31085205078125,10.121733665466309,166.0766108190429,144714.28985595703,319754.36096191406,0.2222721041379846,1,76,87421.53625488281,0.6040974691711427,4453.003835678101,0.03077100291968711,0,1,-0.9706183352366082,0.24062428660157154,7.906873281323348,2.9657230758029596,-0.3728281787951418,"POLYGON ((668970.4 2396529, 668969.7 2396503, 668967.7 2396477, 668964.2 2396451, 668959.5 2396425, 668953.4 2396399, 668945.9 2396374, 668937.2 2396350, 668927.2 2396325, 668915.9 2396302, 668903.4 2396279, 668889.7 2396256, 668874.9 2396235, 668859 2396214, 668842 2396194, 668824 2396175, 668805 2396157, 668785.1 2396140, 668764.3 2396124, 668742.7 2396109, 668720.4 2396096, 668697.4 2396083, 668673.8 2396072, 668649.6 2396062, 668624.9 2396053, 668599.8 2396046, 668574.4 2396040, 668548.6 2396035, 668522.7 2396032, 668496.6 2396029, 668470.4 2396029, 668444.2 2396029, 668418.1 2396032, 668392.2 2396035, 668366.4 2396040, 668341 2396046, 668315.9 2396053, 668291.2 2396062, 668267 2396072, 668243.4 2396083, 668220.4 2396096, 668198.1 2396109, 668176.5 2396124, 668155.7 2396140, 668135.8 2396157, 668116.8 2396175, 668098.8 2396194, 668081.8 2396214, 668065.9 2396235, 668051.1 2396256, 668037.4 2396279, 668024.9 2396302, 668013.6 2396325, 668003.6 2396350, 667994.9 2396374, 667987.4 2396399, 667981.3 2396425, 667976.6 2396451, 667973.1 2396477, 667971.1 2396503, 667970.4 2396529, 667971.1 2396555, 667973.1 2396581, 667976.6 2396607, 667981.3 2396633, 667987.4 2396658, 667994.9 2396683, 668003.6 2396708, 668013.6 2396732, 668024.9 2396756, 668037.4 2396779, 668051.1 2396801, 668065.9 2396823, 668081.8 2396843, 668098.8 2396863, 668116.8 2396882, 668135.8 2396900, 668155.7 2396917, 668176.5 2396933, 668198.1 2396948, 668220.4 2396962, 668243.4 2396974, 668267 2396986, 668291.2 2396996, 668315.9 2397004, 668341 2397012, 668366.4 2397018, 668392.2 2397023, 668418.1 2397026, 668444.2 2397028, 668470.4 2397029, 668496.6 2397028, 668522.7 2397026, 668548.6 2397023, 668574.4 2397018, 668599.8 2397012, 668624.9 2397004, 668649.6 2396996, 668673.8 2396986, 668697.4 2396974, 668720.4 2396962, 668742.7 2396948, 668764.3 2396933, 668785.1 2396917, 668805 2396900, 668824 2396882, 668842 2396863, 668859 2396843, 668874.9 2396823, 668889.7 2396801, 668903.4 2396779, 668915.9 2396756, 668927.2 2396732, 668937.2 2396708, 668945.9 2396683, 668953.4 2396658, 668959.5 2396633, 668964.2 2396607, 668967.7 2396581, 668969.7 2396555, 668970.4 2396529))"
32,20260541,Forest,2427.4055798064146,44.86582602524312,1.2636412749864938,1,Hani,土葬,无,0,1,0,482,212.11273118546268,356.90448981477255,1105.25537109375,16.525306701660156,304.0929233921788,785039.3371582031,0,0.07111748995258983,1,77,45600.746154785156,0.058087211680190716,38239.82734680176,0.04871071491172368,0,1,0.5605367164673037,-0.8281295728882367,7.794578303345739,3.8036763919311,0.23399745401068153,"POLYGON ((686905.5 2391879, 686904.8 2391853, 686902.7 2391827, 686899.3 2391801, 686894.6 2391775, 686888.5 2391750, 686881 2391725, 686872.3 2391700, 686862.3 2391676, 686851 2391652, 686838.5 2391629, 686824.8 2391607, 686810 2391585, 686794.1 2391565, 686777.1 2391545, 686759 2391526, 686740.1 2391508, 686720.1 2391491, 686699.4 2391475, 686677.8 2391460, 686655.5 2391446, 686632.5 2391434, 686608.9 2391422, 686584.7 2391412, 686560 2391404, 686534.9 2391396, 686509.4 2391390, 686483.7 2391385, 686457.8 2391382, 686431.7 2391380, 686405.5 2391379, 686379.3 2391380, 686353.2 2391382, 686327.3 2391385, 686301.5 2391390, 686276.1 2391396, 686251 2391404, 686226.3 2391412, 686202.1 2391422, 686178.5 2391434, 686155.5 2391446, 686133.2 2391460, 686111.6 2391475, 686090.8 2391491, 686070.9 2391508, 686051.9 2391526, 686033.9 2391545, 686016.9 2391565, 686001 2391585, 685986.2 2391607, 685972.5 2391629, 685960 2391652, 685948.7 2391676, 685938.7 2391700, 685930 2391725, 685922.5 2391750, 685916.4 2391775, 685911.6 2391801, 685908.2 2391827, 685906.2 2391853, 685905.5 2391879, 685906.2 2391905, 685908.2 2391931, 685911.6 2391957, 685916.4 2391983, 685922.5 2392009, 685930 2392034, 685938.7 2392058, 685948.7 2392083, 685960 2392106, 685972.5 2392129, 685986.2 2392152, 686001 2392173, 686016.9 2392194, 686033.9 2392214, 686051.9 2392233, 686070.9 2392251, 686090.8 2392268, 686111.6 2392284, 686133.2 2392299, 686155.5 2392312, 686178.5 2392325, 686202.1 2392336, 686226.3 2392346, 686251 2392355, 686276.1 2392362, 686301.5 2392368, 686327.3 2392373, 686353.2 2392376, 686379.3 2392379, 686405.5 2392379, 686431.7 2392379, 686457.8 2392376, 686483.7 2392373, 686509.4 2392368, 686534.9 2392362, 686560 2392355, 686584.7 2392346, 686608.9 2392336, 686632.5 2392325, 686655.5 2392312, 686677.8 2392299, 686699.4 2392284, 686720.1 2392268, 686740.1 2392251, 686759 2392233, 686777.1 2392214, 686794.1 2392194, 686810 2392173, 686824.8 2392152, 686838.5 2392129, 686851 2392106, 686862.3 2392083, 686872.3 2392058, 686881 2392034, 686888.5 2392009, 686894.6 2391983, 686899.3 2391957, 686902.7 2391931, 686904.8 2391905, 686905.5 2391879))"
32,20260541,Forest,5351.11026760296,13.711033575247699,0.13435474366529168,1,Hani,土葬,无,0,1,0,484,244.26627409575812,2017.611503479609,834.15435791015625,11.193350791931152,198.92316487236315,124221.6567993164,38923.849868774414,0.16154774838510094,1,78,100291.91665649414,0.8073625746154599,6093.289661407471,0.049051750060388845,0,1,-0.9459543206279994,-0.32429989714031676,8.585059345014134,2.6182008791533518,-2.0072716362797856,"POLYGON ((674503.2 2409695, 674502.5 2409669, 674500.5 2409643, 674497.1 2409617, 674492.3 2409591, 674486.2 2409566, 674478.8 2409541, 674470 2409516, 674460 2409492, 674448.7 2409468, 674436.2 2409445, 674422.6 2409423, 674407.7 2409401, 674391.8 2409381, 674374.8 2409361, 674356.8 2409342, 674337.8 2409324, 674317.9 2409307, 674297.1 2409291, 674275.6 2409276, 674253.2 2409262, 674230.2 2409250, 674206.6 2409239, 674182.4 2409229, 674157.7 2409220, 674132.6 2409212, 674107.2 2409206, 674081.4 2409202, 674055.5 2409198, 674029.4 2409196, 674003.2 2409195, 673977.1 2409196, 673951 2409198, 673925 2409202, 673899.3 2409206, 673873.8 2409212, 673848.7 2409220, 673824 2409229, 673799.9 2409239, 673776.2 2409250, 673753.2 2409262, 673730.9 2409276, 673709.3 2409291, 673688.6 2409307, 673668.7 2409324, 673649.7 2409342, 673631.7 2409361, 673614.7 2409381, 673598.7 2409401, 673583.9 2409423, 673570.2 2409445, 673557.7 2409468, 673546.5 2409492, 673536.4 2409516, 673527.7 2409541, 673520.3 2409566, 673514.2 2409591, 673509.4 2409617, 673506 2409643, 673503.9 2409669, 673503.2 2409695, 673503.9 2409722, 673506 2409748, 673509.4 2409774, 673514.2 2409799, 673520.3 2409825, 673527.7 2409850, 673536.4 2409875, 673546.5 2409899, 673557.7 2409922, 673570.2 2409945, 673583.9 2409968, 673598.7 2409989, 673614.7 2410010, 673631.7 2410030, 673649.7 2410049, 673668.7 2410067, 673688.6 2410084, 673709.3 2410100, 673730.9 2410115, 673753.2 2410128, 673776.2 2410141, 673799.9 2410152, 673824 2410162, 673848.7 2410171, 673873.8 2410178, 673899.3 2410184, 673925 2410189, 673951 2410193, 673977.1 2410195, 674003.2 2410195, 674029.4 2410195, 674055.5 2410193, 674081.4 2410189, 674107.2 2410184, 674132.6 2410178, 674157.7 2410171, 674182.4 2410162, 674206.6 2410152, 674230.2 2410141, 674253.2 2410128, 674275.6 2410115, 674297.1 2410100, 674317.9 2410084, 674337.8 2410067, 674356.8 2410049, 674374.8 2410030, 674391.8 2410010, 674407.7 2409989, 674422.6 2409968, 674436.2 2409945, 674448.7 2409922, 674460 2409899, 674470 2409875, 674478.8 2409850, 674486.2 2409825, 674492.3 2409799, 674497.1 2409774, 674500.5 2409748, 674502.5 2409722, 674503.2 2409695))"
32,20260541,Forest,3378.2501423420003,27.32013936280332,2.0710014947683106,1,Hani,土葬,无,0,1,0,485,397.03024990065273,397.9180275888343,1002.3419189453125,9.796059608459473,228.65274046110062,785039.3371582031,0,0.2592496142686289,1,79,361374.4445800781,0.46032654349300844,27320.68576812744,0.0348016774127864,0,1,-0.6606211119925158,-0.7507194858199512,8.125113145053028,3.3076241358170795,0.7280323041748045,"POLYGON ((668577.5 2407930, 668576.8 2407904, 668574.7 2407878, 668571.3 2407852, 668566.6 2407826, 668560.4 2407800, 668553 2407775, 668544.3 2407751, 668534.3 2407727, 668523 2407703, 668510.5 2407680, 668496.8 2407658, 668482 2407636, 668466.1 2407615, 668449.1 2407595, 668431 2407576, 668412.1 2407558, 668392.1 2407541, 668371.4 2407525, 668349.8 2407511, 668327.5 2407497, 668304.5 2407484, 668280.9 2407473, 668256.7 2407463, 668232 2407454, 668206.9 2407447, 668181.4 2407441, 668155.7 2407436, 668129.7 2407433, 668103.7 2407431, 668077.5 2407430, 668051.3 2407431, 668025.2 2407433, 667999.3 2407436, 667973.5 2407441, 667948.1 2407447, 667923 2407454, 667898.3 2407463, 667874.1 2407473, 667850.5 2407484, 667827.5 2407497, 667805.2 2407511, 667783.6 2407525, 667762.8 2407541, 667742.9 2407558, 667723.9 2407576, 667705.9 2407595, 667688.9 2407615, 667673 2407636, 667658.1 2407658, 667644.5 2407680, 667632 2407703, 667620.7 2407727, 667610.7 2407751, 667602 2407775, 667594.5 2407800, 667588.4 2407826, 667583.6 2407852, 667580.2 2407878, 667578.2 2407904, 667577.5 2407930, 667578.2 2407956, 667580.2 2407982, 667583.6 2408008, 667588.4 2408034, 667594.5 2408059, 667602 2408084, 667610.7 2408109, 667620.7 2408133, 667632 2408157, 667644.5 2408180, 667658.1 2408202, 667673 2408224, 667688.9 2408245, 667705.9 2408264, 667723.9 2408283, 667742.9 2408301, 667762.8 2408318, 667783.6 2408334, 667805.2 2408349, 667827.5 2408363, 667850.5 2408375, 667874.1 2408387, 667898.3 2408397, 667923 2408405, 667948.1 2408413, 667973.5 2408419, 667999.3 2408424, 668025.2 2408427, 668051.3 2408429, 668077.5 2408430, 668103.7 2408429, 668129.7 2408427, 668155.7 2408424, 668181.4 2408419, 668206.9 2408413, 668232 2408405, 668256.7 2408397, 668280.9 2408387, 668304.5 2408375, 668327.5 2408363, 668349.8 2408349, 668371.4 2408334, 668392.1 2408318, 668412.1 2408301, 668431 2408283, 668449.1 2408264, 668466.1 2408245, 668482 2408224, 668496.8 2408202, 668510.5 2408180, 668523 2408157, 668534.3 2408133, 668544.3 2408109, 668553 2408084, 668560.4 2408059, 668566.6 2408034, 668571.3 2408008, 668574.7 2407982, 668576.8 2407956, 668577.5 2407930))"
32,20260541,Forest,3378.2501423420003,27.32013936280332,2.0710014947683106,1,Hani,土葬,无,0,1,0,489,12.009316383494063,568.7301935158173,1469.5953369140625,9.34376049041748,249.28781697813642,785039.3371582031,0,0.2120748620192943,1,80,0,0,21261.087226867676,0.02708283040163513,0,1,-0.35367374284736336,-0.9353688489683293,8.125113145053028,3.3076241358170795,0.7280323041748045,"POLYGON ((664425.2 2410621, 664424.5 2410595, 664422.5 2410569, 664419.1 2410543, 664414.3 2410517, 664408.2 2410491, 664400.7 2410466, 664392 2410442, 664382 2410417, 664370.7 2410394, 664358.2 2410371, 664344.6 2410349, 664329.7 2410327, 664313.8 2410306, 664296.8 2410286, 664278.8 2410267, 664259.8 2410249, 664239.9 2410232, 664219.1 2410216, 664197.5 2410202, 664175.2 2410188, 664152.2 2410175, 664128.6 2410164, 664104.4 2410154, 664079.7 2410145, 664054.6 2410138, 664029.2 2410132, 664003.4 2410127, 663977.5 2410124, 663951.4 2410122, 663925.2 2410121, 663899.1 2410122, 663873 2410124, 663847 2410127, 663821.3 2410132, 663795.8 2410138, 663770.7 2410145, 663746 2410154, 663721.9 2410164, 663698.2 2410175, 663675.2 2410188, 663652.9 2410202, 663631.3 2410216, 663610.6 2410232, 663590.7 2410249, 663571.7 2410267, 663553.6 2410286, 663536.6 2410306, 663520.7 2410327, 663505.9 2410349, 663492.2 2410371, 663479.7 2410394, 663468.4 2410417, 663458.4 2410442, 663449.7 2410466, 663442.3 2410491, 663436.1 2410517, 663431.4 2410543, 663428 2410569, 663425.9 2410595, 663425.2 2410621, 663425.9 2410647, 663428 2410673, 663431.4 2410699, 663436.1 2410725, 663442.3 2410750, 663449.7 2410775, 663458.4 2410800, 663468.4 2410824, 663479.7 2410848, 663492.2 2410871, 663505.9 2410893, 663520.7 2410915, 663536.6 2410936, 663553.6 2410955, 663571.7 2410974, 663590.7 2410992, 663610.6 2411009, 663631.3 2411025, 663652.9 2411040, 663675.2 2411054, 663698.2 2411066, 663721.9 2411078, 663746 2411088, 663770.7 2411096, 663795.8 2411104, 663821.3 2411110, 663847 2411115, 663873 2411118, 663899.1 2411120, 663925.2 2411121, 663951.4 2411120, 663977.5 2411118, 664003.4 2411115, 664029.2 2411110, 664054.6 2411104, 664079.7 2411096, 664104.4 2411088, 664128.6 2411078, 664152.2 2411066, 664175.2 2411054, 664197.5 2411040, 664219.1 2411025, 664239.9 2411009, 664259.8 2410992, 664278.8 2410974, 664296.8 2410955, 664313.8 2410936, 664329.7 2410915, 664344.6 2410893, 664358.2 2410871, 664370.7 2410848, 664382 2410824, 664392 2410800, 664400.7 2410775, 664408.2 2410750, 664414.3 2410725, 664419.1 2410699, 664422.5 2410673, 664424.5 2410647, 664425.2 2410621))"
32,20260541,Forest,7175.9347124691585,177.2698027597876,1.3453038674033149,1,Hani,土葬,无,0,1,0,493,836.1220584718424,861.2047214278234,645.2906494140625,5.568636894226074,328.2836369528639,6300,127069.38171386719,0.40045262634734236,1,81,5400,0.8571428571428571,900,0.14285714285714285,0,1,0.8506610057808672,-0.5257146119748656,8.87848830565783,5.177672881370861,0.2966199112568187,"POLYGON ((682438.4 2396926, 682437.7 2396900, 682435.7 2396874, 682432.3 2396848, 682427.5 2396822, 682421.4 2396797, 682414 2396772, 682405.2 2396747, 682395.2 2396723, 682383.9 2396699, 682371.4 2396676, 682357.8 2396654, 682342.9 2396632, 682327 2396612, 682310 2396592, 682292 2396573, 682273 2396555, 682253.1 2396538, 682232.3 2396522, 682210.7 2396507, 682188.4 2396493, 682165.4 2396481, 682141.8 2396469, 682117.6 2396459, 682092.9 2396451, 682067.8 2396443, 682042.4 2396437, 682016.6 2396432, 681990.7 2396429, 681964.6 2396427, 681938.4 2396426, 681912.3 2396427, 681886.2 2396429, 681860.2 2396432, 681834.5 2396437, 681809 2396443, 681783.9 2396451, 681759.2 2396459, 681735.1 2396469, 681711.4 2396481, 681688.4 2396493, 681666.1 2396507, 681644.5 2396522, 681623.8 2396538, 681603.9 2396555, 681584.9 2396573, 681566.9 2396592, 681549.9 2396612, 681533.9 2396632, 681519.1 2396654, 681505.4 2396676, 681492.9 2396699, 681481.7 2396723, 681471.6 2396747, 681462.9 2396772, 681455.5 2396797, 681449.4 2396822, 681444.6 2396848, 681441.2 2396874, 681439.1 2396900, 681438.4 2396926, 681439.1 2396952, 681441.2 2396979, 681444.6 2397004, 681449.4 2397030, 681455.5 2397056, 681462.9 2397081, 681471.6 2397105, 681481.7 2397130, 681492.9 2397153, 681505.4 2397176, 681519.1 2397199, 681533.9 2397220, 681549.9 2397241, 681566.9 2397261, 681584.9 2397280, 681603.9 2397298, 681623.8 2397315, 681644.5 2397331, 681666.1 2397346, 681688.4 2397359, 681711.4 2397372, 681735.1 2397383, 681759.2 2397393, 681783.9 2397402, 681809 2397409, 681834.5 2397415, 681860.2 2397420, 681886.2 2397424, 681912.3 2397426, 681938.4 2397426, 681964.6 2397426, 681990.7 2397424, 682016.6 2397420, 682042.4 2397415, 682067.8 2397409, 682092.9 2397402, 682117.6 2397393, 682141.8 2397383, 682165.4 2397372, 682188.4 2397359, 682210.7 2397346, 682232.3 2397331, 682253.1 2397315, 682273 2397298, 682292 2397280, 682310 2397261, 682327 2397241, 682342.9 2397220, 682357.8 2397199, 682371.4 2397176, 682383.9 2397153, 682395.2 2397130, 682405.2 2397105, 682414 2397081, 682421.4 2397056, 682427.5 2397030, 682432.3 2397004, 682435.7 2396979, 682437.7 2396952, 682438.4 2396926))"
32,20260541,Forest,2427.4055798064146,44.86582602524312,1.2636412749864938,1,Hani,土葬,无,0,1,0,494,375.59216455360126,1616.3666617294316,897.57672119140625,15.67224407196045,294.4954003876207,2166.443181037903,362539.95666503906,0.056386794560058455,1,82,344.3106383085251,0.15892899537922442,1822.1327304840088,0.8410710912856983,0,1,0.41462019110305454,-0.9099945588461871,7.794578303345739,3.8036763919311,0.23399745401068153,"POLYGON ((687327.9 2396583, 687327.3 2396556, 687325.2 2396530, 687321.8 2396504, 687317 2396479, 687310.9 2396453, 687303.5 2396428, 687294.7 2396403, 687284.7 2396379, 687273.4 2396356, 687261 2396333, 687247.3 2396310, 687232.5 2396289, 687216.5 2396268, 687199.5 2396248, 687181.5 2396229, 687162.5 2396211, 687142.6 2396194, 687121.8 2396178, 687100.3 2396163, 687077.9 2396150, 687054.9 2396137, 687031.3 2396126, 687007.1 2396116, 686982.5 2396107, 686957.4 2396100, 686931.9 2396093, 686906.2 2396089, 686880.2 2396085, 686854.1 2396083, 686827.9 2396083, 686801.8 2396083, 686775.7 2396085, 686749.7 2396089, 686724 2396093, 686698.5 2396100, 686673.4 2396107, 686648.8 2396116, 686624.6 2396126, 686600.9 2396137, 686577.9 2396150, 686555.6 2396163, 686534 2396178, 686513.3 2396194, 686493.4 2396211, 686474.4 2396229, 686456.4 2396248, 686439.4 2396268, 686423.4 2396289, 686408.6 2396310, 686394.9 2396333, 686382.4 2396356, 686371.2 2396379, 686361.2 2396403, 686352.4 2396428, 686345 2396453, 686338.9 2396479, 686334.1 2396504, 686330.7 2396530, 686328.6 2396556, 686327.9 2396583, 686328.6 2396609, 686330.7 2396635, 686334.1 2396661, 686338.9 2396687, 686345 2396712, 686352.4 2396737, 686361.2 2396762, 686371.2 2396786, 686382.4 2396810, 686394.9 2396833, 686408.6 2396855, 686423.4 2396876, 686439.4 2396897, 686456.4 2396917, 686474.4 2396936, 686493.4 2396954, 686513.3 2396971, 686534 2396987, 686555.6 2397002, 686577.9 2397016, 686600.9 2397028, 686624.6 2397039, 686648.8 2397049, 686673.4 2397058, 686698.5 2397066, 686724 2397072, 686749.7 2397076, 686775.7 2397080, 686801.8 2397082, 686827.9 2397083, 686854.1 2397082, 686880.2 2397080, 686906.2 2397076, 686931.9 2397072, 686957.4 2397066, 686982.5 2397058, 687007.1 2397049, 687031.3 2397039, 687054.9 2397028, 687077.9 2397016, 687100.3 2397002, 687121.8 2396987, 687142.6 2396971, 687162.5 2396954, 687181.5 2396936, 687199.5 2396917, 687216.5 2396897, 687232.5 2396876, 687247.3 2396855, 687261 2396833, 687273.4 2396810, 687284.7 2396786, 687294.7 2396762, 687303.5 2396737, 687310.9 2396712, 687317 2396687, 687321.8 2396661, 687325.2 2396635, 687327.3 2396609, 687327.9 2396583))"
32,20260541,Forest,2427.4055798064146,44.86582602524312,1.2636412749864938,1,Hani,土葬,无,0,1,0,495,88.35062869648435,478.1823002868147,759.53582763671875,16.601594924926758,112.12007930086727,446596.76513671875,203983.9096069336,0.14998463332701414,1,83,366496.76513671875,0.820643573234395,74700,0.167264982264553,0,1,-0.3765489419065155,0.9263967262188936,7.794578303345739,3.8036763919311,0.23399745401068153,"POLYGON ((691388.6 2398619, 691387.9 2398593, 691385.8 2398567, 691382.4 2398541, 691377.6 2398515, 691371.5 2398490, 691364.1 2398465, 691355.3 2398440, 691345.3 2398416, 691334.1 2398392, 691321.6 2398369, 691307.9 2398347, 691293.1 2398325, 691277.1 2398305, 691260.1 2398285, 691242.1 2398266, 691223.1 2398248, 691203.2 2398231, 691182.4 2398215, 691160.9 2398200, 691138.6 2398186, 691115.5 2398174, 691091.9 2398162, 691067.7 2398152, 691043.1 2398144, 691018 2398136, 690992.5 2398130, 690966.8 2398125, 690940.8 2398122, 690914.7 2398120, 690888.6 2398119, 690862.4 2398120, 690836.3 2398122, 690810.3 2398125, 690784.6 2398130, 690759.1 2398136, 690734 2398144, 690709.4 2398152, 690685.2 2398162, 690661.6 2398174, 690638.6 2398186, 690616.2 2398200, 690594.7 2398215, 690573.9 2398231, 690554 2398248, 690535 2398266, 690517 2398285, 690500 2398305, 690484 2398325, 690469.2 2398347, 690455.5 2398369, 690443 2398392, 690431.8 2398416, 690421.8 2398440, 690413 2398465, 690405.6 2398490, 690399.5 2398515, 690394.7 2398541, 690391.3 2398567, 690389.2 2398593, 690388.6 2398619, 690389.2 2398645, 690391.3 2398671, 690394.7 2398697, 690399.5 2398723, 690405.6 2398749, 690413 2398774, 690421.8 2398798, 690431.8 2398823, 690443 2398846, 690455.5 2398869, 690469.2 2398892, 690484 2398913, 690500 2398934, 690517 2398954, 690535 2398973, 690554 2398991, 690573.9 2399008, 690594.7 2399024, 690616.2 2399039, 690638.6 2399052, 690661.6 2399065, 690685.2 2399076, 690709.4 2399086, 690734 2399095, 690759.1 2399102, 690784.6 2399108, 690810.3 2399113, 690836.3 2399116, 690862.4 2399119, 690888.6 2399119, 690914.7 2399119, 690940.8 2399116, 690966.8 2399113, 690992.5 2399108, 691018 2399102, 691043.1 2399095, 691067.7 2399086, 691091.9 2399076, 691115.5 2399065, 691138.6 2399052, 691160.9 2399039, 691182.4 2399024, 691203.2 2399008, 691223.1 2398991, 691242.1 2398973, 691260.1 2398954, 691277.1 2398934, 691293.1 2398913, 691307.9 2398892, 691321.6 2398869, 691334.1 2398846, 691345.3 2398823, 691355.3 2398798, 691364.1 2398774, 691371.5 2398749, 691377.6 2398723, 691382.4 2398697, 691385.8 2398671, 691387.9 2398645, 691388.6 2398619))"
32,20260541,Forest,2715.8853672423606,19.408732153463,0.688783570300158,1,Hani,土葬,无,0,1,0,497,595.1535573309174,1527.4124195304137,862.7880859375,11.232484817504883,161.32594159773186,215654.0267944336,313607.94982910156,0.18966252238718947,1,85,95405.62362670898,0.44240130845157755,8100,0.03756016115442679,0,1,-0.9473553434087314,0.32018409285116695,7.906873281323348,2.9657230758029596,-0.3728281787951418,"POLYGON ((669171.5 2396331, 669170.8 2396305, 669168.7 2396279, 669165.3 2396253, 669160.5 2396227, 669154.4 2396202, 669147 2396177, 669138.2 2396152, 669128.2 2396128, 669117 2396104, 669104.5 2396081, 669090.8 2396059, 669076 2396037, 669060 2396017, 669043 2395997, 669025 2395978, 669006 2395960, 668986.1 2395943, 668965.3 2395927, 668943.8 2395912, 668921.5 2395898, 668898.4 2395886, 668874.8 2395875, 668850.6 2395865, 668826 2395856, 668800.9 2395848, 668775.4 2395842, 668749.7 2395838, 668723.7 2395834, 668697.6 2395832, 668671.5 2395831, 668645.3 2395832, 668619.2 2395834, 668593.2 2395838, 668567.5 2395842, 668542 2395848, 668516.9 2395856, 668492.3 2395865, 668468.1 2395875, 668444.5 2395886, 668421.5 2395898, 668399.1 2395912, 668377.6 2395927, 668356.8 2395943, 668336.9 2395960, 668317.9 2395978, 668299.9 2395997, 668282.9 2396017, 668266.9 2396037, 668252.1 2396059, 668238.4 2396081, 668226 2396104, 668214.7 2396128, 668204.7 2396152, 668195.9 2396177, 668188.5 2396202, 668182.4 2396227, 668177.6 2396253, 668174.2 2396279, 668172.1 2396305, 668171.5 2396331, 668172.1 2396358, 668174.2 2396384, 668177.6 2396410, 668182.4 2396435, 668188.5 2396461, 668195.9 2396486, 668204.7 2396511, 668214.7 2396535, 668226 2396558, 668238.4 2396581, 668252.1 2396604, 668266.9 2396625, 668282.9 2396646, 668299.9 2396666, 668317.9 2396685, 668336.9 2396703, 668356.8 2396720, 668377.6 2396736, 668399.1 2396751, 668421.5 2396764, 668444.5 2396777, 668468.1 2396788, 668492.3 2396798, 668516.9 2396807, 668542 2396814, 668567.5 2396820, 668593.2 2396825, 668619.2 2396829, 668645.3 2396831, 668671.5 2396831, 668697.6 2396831, 668723.7 2396829, 668749.7 2396825, 668775.4 2396820, 668800.9 2396814, 668826 2396807, 668850.6 2396798, 668874.8 2396788, 668898.4 2396777, 668921.5 2396764, 668943.8 2396751, 668965.3 2396736, 668986.1 2396720, 669006 2396703, 669025 2396685, 669043 2396666, 669060 2396646, 669076 2396625, 669090.8 2396604, 669104.5 2396581, 669117 2396558, 669128.2 2396535, 669138.2 2396511, 669147 2396486, 669154.4 2396461, 669160.5 2396435, 669165.3 2396410, 669168.7 2396384, 669170.8 2396358, 669171.5 2396331))"
32,20260541,Forest,2715.8853672423606,19.408732153463,0.688783570300158,1,Hani,土葬,无,0,1,0,498,638.3075123049401,1704.9744629260244,872.79327392578125,12.023673057556152,146.9086295369753,130476.4892578125,320620.4406738281,0.15935921476070872,1,86,47110.18867492676,0.3610626630353327,4500,0.0344889721174848,0,1,-0.8378009576281358,0.5459757827938695,7.906873281323348,2.9657230758029596,-0.3728281787951418,"POLYGON ((669432.2 2396181, 669431.5 2396155, 669429.5 2396129, 669426.1 2396103, 669421.3 2396077, 669415.2 2396052, 669407.7 2396027, 669399 2396002, 669389 2395978, 669377.7 2395954, 669365.2 2395931, 669351.5 2395909, 669336.7 2395887, 669320.8 2395866, 669303.8 2395846, 669285.8 2395828, 669266.8 2395809, 669246.9 2395792, 669226.1 2395777, 669204.5 2395762, 669182.2 2395748, 669159.2 2395736, 669135.6 2395724, 669111.4 2395714, 669086.7 2395706, 669061.6 2395698, 669036.2 2395692, 669010.4 2395687, 668984.5 2395684, 668958.4 2395682, 668932.2 2395681, 668906 2395682, 668879.9 2395684, 668854 2395687, 668828.3 2395692, 668802.8 2395698, 668777.7 2395706, 668753 2395714, 668728.8 2395724, 668705.2 2395736, 668682.2 2395748, 668659.9 2395762, 668638.3 2395777, 668617.6 2395792, 668597.6 2395809, 668578.7 2395828, 668560.6 2395846, 668543.6 2395866, 668527.7 2395887, 668512.9 2395909, 668499.2 2395931, 668486.7 2395954, 668475.4 2395978, 668465.4 2396002, 668456.7 2396027, 668449.2 2396052, 668443.1 2396077, 668438.4 2396103, 668435 2396129, 668432.9 2396155, 668432.2 2396181, 668432.9 2396207, 668435 2396233, 668438.4 2396259, 668443.1 2396285, 668449.2 2396310, 668456.7 2396336, 668465.4 2396360, 668475.4 2396384, 668486.7 2396408, 668499.2 2396431, 668512.9 2396453, 668527.7 2396475, 668543.6 2396496, 668560.6 2396516, 668578.7 2396535, 668597.6 2396553, 668617.6 2396570, 668638.3 2396586, 668659.9 2396600, 668682.2 2396614, 668705.2 2396627, 668728.8 2396638, 668753 2396648, 668777.7 2396657, 668802.8 2396664, 668828.3 2396670, 668854 2396675, 668879.9 2396678, 668906 2396680, 668932.2 2396681, 668958.4 2396680, 668984.5 2396678, 669010.4 2396675, 669036.2 2396670, 669061.6 2396664, 669086.7 2396657, 669111.4 2396648, 669135.6 2396638, 669159.2 2396627, 669182.2 2396614, 669204.5 2396600, 669226.1 2396586, 669246.9 2396570, 669266.8 2396553, 669285.8 2396535, 669303.8 2396516, 669320.8 2396496, 669336.7 2396475, 669351.5 2396453, 669365.2 2396431, 669377.7 2396408, 669389 2396384, 669399 2396360, 669407.7 2396336, 669415.2 2396310, 669421.3 2396285, 669426.1 2396259, 669429.5 2396233, 669431.5 2396207, 669432.2 2396181))"
32,20260541,Forest,5944.201935851204,37.11400112648281,1.076555023923445,1,Hani,土葬,无,0,1,0,503,462.3853936814042,670.1725304289762,1306.7593994140625,13.605883598327637,51.26289837577122,785039.3371582031,0,0.1257829809020456,1,87,29460.776138305664,0.03752777057637897,9900,0.012610833026326332,0,1,0.6257478894123515,0.7800253706745618,8.69017155887759,3.613994287274111,0.07376615023960909,"POLYGON ((662409.8 2376835, 662409.1 2376809, 662407 2376783, 662403.6 2376757, 662398.8 2376731, 662392.7 2376706, 662385.3 2376681, 662376.6 2376656, 662366.5 2376632, 662355.3 2376608, 662342.8 2376585, 662329.1 2376563, 662314.3 2376541, 662298.3 2376521, 662281.3 2376501, 662263.3 2376482, 662244.3 2376464, 662224.4 2376447, 662203.7 2376431, 662182.1 2376416, 662159.8 2376402, 662136.8 2376390, 662113.1 2376378, 662088.9 2376368, 662064.3 2376360, 662039.2 2376352, 662013.7 2376346, 661988 2376341, 661962 2376338, 661935.9 2376336, 661909.8 2376335, 661883.6 2376336, 661857.5 2376338, 661831.5 2376341, 661805.8 2376346, 661780.4 2376352, 661755.3 2376360, 661730.6 2376368, 661706.4 2376378, 661682.8 2376390, 661659.8 2376402, 661637.4 2376416, 661615.9 2376431, 661595.1 2376447, 661575.2 2376464, 661556.2 2376482, 661538.2 2376501, 661521.2 2376521, 661505.3 2376541, 661490.4 2376563, 661476.8 2376585, 661464.3 2376608, 661453 2376632, 661443 2376656, 661434.2 2376681, 661426.8 2376706, 661420.7 2376731, 661415.9 2376757, 661412.5 2376783, 661410.4 2376809, 661409.8 2376835, 661410.4 2376861, 661412.5 2376887, 661415.9 2376913, 661420.7 2376939, 661426.8 2376965, 661434.2 2376990, 661443 2377014, 661453 2377039, 661464.3 2377062, 661476.8 2377085, 661490.4 2377108, 661505.3 2377129, 661521.2 2377150, 661538.2 2377170, 661556.2 2377189, 661575.2 2377207, 661595.1 2377224, 661615.9 2377240, 661637.4 2377255, 661659.8 2377268, 661682.8 2377281, 661706.4 2377292, 661730.6 2377302, 661755.3 2377311, 661780.4 2377318, 661805.8 2377324, 661831.5 2377329, 661857.5 2377332, 661883.6 2377335, 661909.8 2377335, 661935.9 2377335, 661962 2377332, 661988 2377329, 662013.7 2377324, 662039.2 2377318, 662064.3 2377311, 662088.9 2377302, 662113.1 2377292, 662136.8 2377281, 662159.8 2377268, 662182.1 2377255, 662203.7 2377240, 662224.4 2377224, 662244.3 2377207, 662263.3 2377189, 662281.3 2377170, 662298.3 2377150, 662314.3 2377129, 662329.1 2377108, 662342.8 2377085, 662355.3 2377062, 662366.5 2377039, 662376.6 2377014, 662385.3 2376990, 662392.7 2376965, 662398.8 2376939, 662403.6 2376913, 662407 2376887, 662409.1 2376861, 662409.8 2376835))"
32,20260541,Forest,11460.428923894477,26.137771089322833,1.935738444193912,1,Hani,土葬,无,0,1,0,504,250.18612045520183,1277.3054147720643,818.19451904296875,15.250861167907715,35.67139517080259,785039.3371582031,0,0.10638149279073539,1,88,538848.52294921875,0.6863968433732495,35065.8805847168,0.044667673229794126,0,1,0.8123747577203316,0.5831357072061635,9.346655417482326,3.2633814363632463,0.6604888785878961,"POLYGON ((662020 2380862, 662019.3 2380835, 662017.3 2380809, 662013.8 2380783, 662009.1 2380758, 662003 2380732, 661995.5 2380707, 661986.8 2380682, 661976.8 2380658, 661965.5 2380635, 661953 2380612, 661939.3 2380589, 661924.5 2380568, 661908.6 2380547, 661891.6 2380527, 661873.6 2380508, 661854.6 2380490, 661834.7 2380473, 661813.9 2380457, 661792.3 2380442, 661770 2380429, 661747 2380416, 661723.4 2380405, 661699.2 2380395, 661674.5 2380386, 661649.4 2380379, 661624 2380372, 661598.2 2380368, 661572.3 2380364, 661546.2 2380362, 661520 2380362, 661493.8 2380362, 661467.7 2380364, 661441.8 2380368, 661416 2380372, 661390.6 2380379, 661365.5 2380386, 661340.8 2380395, 661316.6 2380405, 661293 2380416, 661270 2380429, 661247.7 2380442, 661226.1 2380457, 661205.3 2380473, 661185.4 2380490, 661166.4 2380508, 661148.4 2380527, 661131.4 2380547, 661115.5 2380568, 661100.7 2380589, 661087 2380612, 661074.5 2380635, 661063.2 2380658, 661053.2 2380682, 661044.5 2380707, 661037 2380732, 661030.9 2380758, 661026.2 2380783, 661022.7 2380809, 661020.7 2380835, 661020 2380862, 661020.7 2380888, 661022.7 2380914, 661026.2 2380940, 661030.9 2380965, 661037 2380991, 661044.5 2381016, 661053.2 2381041, 661063.2 2381065, 661074.5 2381089, 661087 2381112, 661100.7 2381134, 661115.5 2381155, 661131.4 2381176, 661148.4 2381196, 661166.4 2381215, 661185.4 2381233, 661205.3 2381250, 661226.1 2381266, 661247.7 2381281, 661270 2381295, 661293 2381307, 661316.6 2381318, 661340.8 2381328, 661365.5 2381337, 661390.6 2381344, 661416 2381351, 661441.8 2381355, 661467.7 2381359, 661493.8 2381361, 661520 2381362, 661546.2 2381361, 661572.3 2381359, 661598.2 2381355, 661624 2381351, 661649.4 2381344, 661674.5 2381337, 661699.2 2381328, 661723.4 2381318, 661747 2381307, 661770 2381295, 661792.3 2381281, 661813.9 2381266, 661834.7 2381250, 661854.6 2381233, 661873.6 2381215, 661891.6 2381196, 661908.6 2381176, 661924.5 2381155, 661939.3 2381134, 661953 2381112, 661965.5 2381089, 661976.8 2381065, 661986.8 2381041, 661995.5 2381016, 662003 2380991, 662009.1 2380965, 662013.8 2380940, 662017.3 2380914, 662019.3 2380888, 662020 2380862))"
32,20260541,Forest,4496.109318656291,53.343051017456666,0.9828130480533146,1,Hani,土葬,无,0,1,0,509,450.57934371756306,468.4836487048066,771.97467041015625,11.681182861328125,16.89331987754553,92361.75155639648,438.3954495191574,0.22811903450050755,1,89,86961.75155639648,0.941534239996491,0,0,0,1,0.9568474705613346,0.29059063660134693,8.410967705925682,3.9767437165454274,-0.01733636201571971,"POLYGON ((675905.7 2383005, 675905 2382979, 675902.9 2382953, 675899.5 2382927, 675894.8 2382901, 675888.6 2382875, 675881.2 2382850, 675872.5 2382826, 675862.4 2382802, 675851.2 2382778, 675838.7 2382755, 675825 2382733, 675810.2 2382711, 675794.2 2382690, 675777.2 2382670, 675759.2 2382651, 675740.2 2382633, 675720.3 2382616, 675699.6 2382600, 675678 2382586, 675655.7 2382572, 675632.7 2382559, 675609 2382548, 675584.9 2382538, 675560.2 2382529, 675535.1 2382522, 675509.6 2382516, 675483.9 2382511, 675457.9 2382508, 675431.8 2382506, 675405.7 2382505, 675379.5 2382506, 675353.4 2382508, 675327.5 2382511, 675301.7 2382516, 675276.3 2382522, 675251.2 2382529, 675226.5 2382538, 675202.3 2382548, 675178.7 2382559, 675155.7 2382572, 675133.4 2382586, 675111.8 2382600, 675091 2382616, 675071.1 2382633, 675052.1 2382651, 675034.1 2382670, 675017.1 2382690, 675001.2 2382711, 674986.3 2382733, 674972.7 2382755, 674960.2 2382778, 674948.9 2382802, 674938.9 2382826, 674930.1 2382850, 674922.7 2382875, 674916.6 2382901, 674911.8 2382927, 674908.4 2382953, 674906.4 2382979, 674905.7 2383005, 674906.4 2383031, 674908.4 2383057, 674911.8 2383083, 674916.6 2383109, 674922.7 2383134, 674930.1 2383159, 674938.9 2383184, 674948.9 2383208, 674960.2 2383232, 674972.7 2383255, 674986.3 2383277, 675001.2 2383299, 675017.1 2383320, 675034.1 2383339, 675052.1 2383358, 675071.1 2383376, 675091 2383393, 675111.8 2383409, 675133.4 2383424, 675155.7 2383438, 675178.7 2383450, 675202.3 2383462, 675226.5 2383472, 675251.2 2383480, 675276.3 2383488, 675301.7 2383494, 675327.5 2383499, 675353.4 2383502, 675379.5 2383504, 675405.7 2383505, 675431.8 2383504, 675457.9 2383502, 675483.9 2383499, 675509.6 2383494, 675535.1 2383488, 675560.2 2383480, 675584.9 2383472, 675609 2383462, 675632.7 2383450, 675655.7 2383438, 675678 2383424, 675699.6 2383409, 675720.3 2383393, 675740.2 2383376, 675759.2 2383358, 675777.2 2383339, 675794.2 2383320, 675810.2 2383299, 675825 2383277, 675838.7 2383255, 675851.2 2383232, 675862.4 2383208, 675872.5 2383184, 675881.2 2383159, 675888.6 2383134, 675894.8 2383109, 675899.5 2383083, 675902.9 2383057, 675905 2383031, 675905.7 2383005))"
32,20260541,Forest,5307.45872081989,36.630721511716736,0.5234012147195427,1,Hani,土葬,无,0,1,0,511,989.6508440065328,2148.903102358881,733.846923828125,7.823856830596924,128.72015857496095,93575.56228637695,284826.708984375,0.27095723372879427,1,90,62315.421295166016,0.6659369152862479,0,0,0,1,-0.625517199197716,0.7802103777237553,8.576868416028539,3.6008872738862983,-0.6474069680642858,"POLYGON ((694013.6 2402859, 694012.9 2402833, 694010.9 2402807, 694007.5 2402781, 694002.7 2402755, 693996.6 2402729, 693989.1 2402704, 693980.4 2402680, 693970.4 2402656, 693959.1 2402632, 693946.6 2402609, 693932.9 2402587, 693918.1 2402565, 693902.2 2402544, 693885.2 2402524, 693867.2 2402505, 693848.2 2402487, 693828.3 2402470, 693807.5 2402454, 693785.9 2402440, 693763.6 2402426, 693740.6 2402413, 693717 2402402, 693692.8 2402392, 693668.1 2402383, 693643 2402376, 693617.6 2402370, 693591.8 2402365, 693565.9 2402362, 693539.8 2402360, 693513.6 2402359, 693487.4 2402360, 693461.3 2402362, 693435.4 2402365, 693409.7 2402370, 693384.2 2402376, 693359.1 2402383, 693334.4 2402392, 693310.2 2402402, 693286.6 2402413, 693263.6 2402426, 693241.3 2402440, 693219.7 2402454, 693199 2402470, 693179 2402487, 693160.1 2402505, 693142 2402524, 693125 2402544, 693109.1 2402565, 693094.3 2402587, 693080.6 2402609, 693068.1 2402632, 693056.8 2402656, 693046.8 2402680, 693038.1 2402704, 693030.6 2402729, 693024.5 2402755, 693019.8 2402781, 693016.4 2402807, 693014.3 2402833, 693013.6 2402859, 693014.3 2402885, 693016.4 2402911, 693019.8 2402937, 693024.5 2402963, 693030.6 2402988, 693038.1 2403013, 693046.8 2403038, 693056.8 2403062, 693068.1 2403086, 693080.6 2403109, 693094.3 2403131, 693109.1 2403153, 693125 2403174, 693142 2403193, 693160.1 2403212, 693179 2403230, 693199 2403247, 693219.7 2403263, 693241.3 2403278, 693263.6 2403292, 693286.6 2403304, 693310.2 2403316, 693334.4 2403326, 693359.1 2403334, 693384.2 2403342, 693409.7 2403348, 693435.4 2403353, 693461.3 2403356, 693487.4 2403358, 693513.6 2403359, 693539.8 2403358, 693565.9 2403356, 693591.8 2403353, 693617.6 2403348, 693643 2403342, 693668.1 2403334, 693692.8 2403326, 693717 2403316, 693740.6 2403304, 693763.6 2403292, 693785.9 2403278, 693807.5 2403263, 693828.3 2403247, 693848.2 2403230, 693867.2 2403212, 693885.2 2403193, 693902.2 2403174, 693918.1 2403153, 693932.9 2403131, 693946.6 2403109, 693959.1 2403086, 693970.4 2403062, 693980.4 2403038, 693989.1 2403013, 693996.6 2402988, 694002.7 2402963, 694007.5 2402937, 694010.9 2402911, 694012.9 2402885, 694013.6 2402859))"
32,20260541,Forest,3589.865249572974,26.95010593000912,0.75059382422802845,1,Hani,土葬,无,0,1,0,514,398.8813036616794,2406.3030288322575,737.10113525390625,10.166383743286133,136.8771649456763,7310.190296173096,105061.18469238281,0.20752080461820738,1,91,7310.190296173096,1,0,0,0,1,-0.7298899020060003,0.6835647233069237,8.18586994583998,3.2939872279598648,-0.2868906200954694,"POLYGON ((671337 2391730, 671336.3 2391704, 671334.3 2391678, 671330.9 2391652, 671326.1 2391626, 671320 2391601, 671312.5 2391575, 671303.8 2391551, 671293.8 2391527, 671282.5 2391503, 671270 2391480, 671256.3 2391458, 671241.5 2391436, 671225.6 2391415, 671208.6 2391395, 671190.6 2391376, 671171.6 2391358, 671151.7 2391341, 671130.9 2391325, 671109.3 2391311, 671087 2391297, 671064 2391284, 671040.4 2391273, 671016.2 2391263, 670991.5 2391254, 670966.4 2391247, 670941 2391241, 670915.2 2391236, 670889.3 2391233, 670863.2 2391231, 670837 2391230, 670810.8 2391231, 670784.7 2391233, 670758.8 2391236, 670733.1 2391241, 670707.6 2391247, 670682.5 2391254, 670657.8 2391263, 670633.6 2391273, 670610 2391284, 670587 2391297, 670564.7 2391311, 670543.1 2391325, 670522.3 2391341, 670502.4 2391358, 670483.5 2391376, 670465.4 2391395, 670448.4 2391415, 670432.5 2391436, 670417.7 2391458, 670404 2391480, 670391.5 2391503, 670380.2 2391527, 670370.2 2391551, 670361.5 2391575, 670354 2391601, 670347.9 2391626, 670343.2 2391652, 670339.7 2391678, 670337.7 2391704, 670337 2391730, 670337.7 2391756, 670339.7 2391782, 670343.2 2391808, 670347.9 2391834, 670354 2391859, 670361.5 2391884, 670370.2 2391909, 670380.2 2391933, 670391.5 2391957, 670404 2391980, 670417.7 2392002, 670432.5 2392024, 670448.4 2392045, 670465.4 2392064, 670483.5 2392083, 670502.4 2392101, 670522.3 2392118, 670543.1 2392134, 670564.7 2392149, 670587 2392163, 670610 2392175, 670633.6 2392187, 670657.8 2392197, 670682.5 2392205, 670707.6 2392213, 670733.1 2392219, 670758.8 2392224, 670784.7 2392227, 670810.8 2392229, 670837 2392230, 670863.2 2392229, 670889.3 2392227, 670915.2 2392224, 670941 2392219, 670966.4 2392213, 670991.5 2392205, 671016.2 2392197, 671040.4 2392187, 671064 2392175, 671087 2392163, 671109.3 2392149, 671130.9 2392134, 671151.7 2392118, 671171.6 2392101, 671190.6 2392083, 671208.6 2392064, 671225.6 2392045, 671241.5 2392024, 671256.3 2392002, 671270 2391980, 671282.5 2391957, 671293.8 2391933, 671303.8 2391909, 671312.5 2391884, 671320 2391859, 671326.1 2391834, 671330.9 2391808, 671334.3 2391782, 671336.3 2391756, 671337 2391730))"
32,20260541,Forest,5944.201935851204,37.11400112648281,1.076555023923445,1,Hani,土葬,无,0,1,0,515,629.1285300526857,2283.725645881505,744.39703369140625,11.385748863220215,166.26697484598574,297184.1857910156,31857.941436767578,0.15045373175029772,1,92,153111.70349121094,0.5152081127186269,6826.447677612305,0.02297042710883938,0,1,-0.9714124456578548,0.23739810534421996,8.69017155887759,3.613994287274111,0.07376615023960909,"POLYGON ((664394.1 2380872, 664393.5 2380846, 664391.4 2380820, 664388 2380794, 664383.2 2380768, 664377.1 2380743, 664369.7 2380718, 664360.9 2380693, 664350.9 2380669, 664339.6 2380645, 664327.2 2380622, 664313.5 2380600, 664298.7 2380578, 664282.7 2380558, 664265.7 2380538, 664247.7 2380519, 664228.7 2380501, 664208.8 2380484, 664188 2380468, 664166.5 2380453, 664144.1 2380439, 664121.1 2380427, 664097.5 2380415, 664073.3 2380405, 664048.7 2380397, 664023.6 2380389, 663998.1 2380383, 663972.4 2380378, 663946.4 2380375, 663920.3 2380373, 663894.1 2380372, 663868 2380373, 663841.9 2380375, 663815.9 2380378, 663790.2 2380383, 663764.7 2380389, 663739.6 2380397, 663715 2380405, 663690.8 2380415, 663667.1 2380427, 663644.1 2380439, 663621.8 2380453, 663600.3 2380468, 663579.5 2380484, 663559.6 2380501, 663540.6 2380519, 663522.6 2380538, 663505.6 2380558, 663489.6 2380578, 663474.8 2380600, 663461.1 2380622, 663448.6 2380645, 663437.4 2380669, 663427.4 2380693, 663418.6 2380718, 663411.2 2380743, 663405.1 2380768, 663400.3 2380794, 663396.9 2380820, 663394.8 2380846, 663394.1 2380872, 663394.8 2380898, 663396.9 2380924, 663400.3 2380950, 663405.1 2380976, 663411.2 2381002, 663418.6 2381027, 663427.4 2381051, 663437.4 2381076, 663448.6 2381099, 663461.1 2381122, 663474.8 2381145, 663489.6 2381166, 663505.6 2381187, 663522.6 2381207, 663540.6 2381226, 663559.6 2381244, 663579.5 2381261, 663600.3 2381277, 663621.8 2381292, 663644.1 2381305, 663667.1 2381318, 663690.8 2381329, 663715 2381339, 663739.6 2381348, 663764.7 2381355, 663790.2 2381361, 663815.9 2381366, 663841.9 2381369, 663868 2381372, 663894.1 2381372, 663920.3 2381372, 663946.4 2381369, 663972.4 2381366, 663998.1 2381361, 664023.6 2381355, 664048.7 2381348, 664073.3 2381339, 664097.5 2381329, 664121.1 2381318, 664144.1 2381305, 664166.5 2381292, 664188 2381277, 664208.8 2381261, 664228.7 2381244, 664247.7 2381226, 664265.7 2381207, 664282.7 2381187, 664298.7 2381166, 664313.5 2381145, 664327.2 2381122, 664339.6 2381099, 664350.9 2381076, 664360.9 2381051, 664369.7 2381027, 664377.1 2381002, 664383.2 2380976, 664388 2380950, 664391.4 2380924, 664393.5 2380898, 664394.1 2380872))"
32,20260541,Forest,5944.201935851204,37.11400112648281,1.076555023923445,1,Hani,土葬,无,0,1,0,516,96.11517767505552,1241.997860307678,1022.0092163085938,16.319705963134766,9.658383659878307,785039.3371582031,0,0.07201254266428544,1,93,341221.2615966797,0.43465498535637825,55996.79946899414,0.07132992809213778,0,1,0.9858255900023822,0.1677733771980971,8.69017155887759,3.613994287274111,0.07376615023960909,"POLYGON ((662155.4 2378678, 662154.7 2378651, 662152.7 2378625, 662149.2 2378599, 662144.5 2378574, 662138.4 2378548, 662130.9 2378523, 662122.2 2378498, 662112.2 2378474, 662100.9 2378451, 662088.4 2378428, 662074.7 2378405, 662059.9 2378384, 662044 2378363, 662027 2378343, 662008.9 2378324, 661990 2378306, 661970.1 2378289, 661949.3 2378273, 661927.7 2378258, 661905.4 2378245, 661882.4 2378232, 661858.8 2378221, 661834.6 2378211, 661809.9 2378202, 661784.8 2378195, 661759.3 2378189, 661733.6 2378184, 661707.7 2378180, 661681.6 2378178, 661655.4 2378178, 661629.2 2378178, 661603.1 2378180, 661577.2 2378184, 661551.4 2378189, 661526 2378195, 661500.9 2378202, 661476.2 2378211, 661452 2378221, 661428.4 2378232, 661405.4 2378245, 661383.1 2378258, 661361.5 2378273, 661340.7 2378289, 661320.8 2378306, 661301.8 2378324, 661283.8 2378343, 661266.8 2378363, 661250.9 2378384, 661236.1 2378405, 661222.4 2378428, 661209.9 2378451, 661198.6 2378474, 661188.6 2378498, 661179.9 2378523, 661172.4 2378548, 661166.3 2378574, 661161.5 2378599, 661158.1 2378625, 661156.1 2378651, 661155.4 2378678, 661156.1 2378704, 661158.1 2378730, 661161.5 2378756, 661166.3 2378782, 661172.4 2378807, 661179.9 2378832, 661188.6 2378857, 661198.6 2378881, 661209.9 2378905, 661222.4 2378928, 661236.1 2378950, 661250.9 2378971, 661266.8 2378992, 661283.8 2379012, 661301.8 2379031, 661320.8 2379049, 661340.7 2379066, 661361.5 2379082, 661383.1 2379097, 661405.4 2379111, 661428.4 2379123, 661452 2379134, 661476.2 2379144, 661500.9 2379153, 661526 2379161, 661551.4 2379167, 661577.2 2379171, 661603.1 2379175, 661629.2 2379177, 661655.4 2379178, 661681.6 2379177, 661707.7 2379175, 661733.6 2379171, 661759.3 2379167, 661784.8 2379161, 661809.9 2379153, 661834.6 2379144, 661858.8 2379134, 661882.4 2379123, 661905.4 2379111, 661927.7 2379097, 661949.3 2379082, 661970.1 2379066, 661990 2379049, 662008.9 2379031, 662027 2379012, 662044 2378992, 662059.9 2378971, 662074.7 2378950, 662088.4 2378928, 662100.9 2378905, 662112.2 2378881, 662122.2 2378857, 662130.9 2378832, 662138.4 2378807, 662144.5 2378782, 662149.2 2378756, 662152.7 2378730, 662154.7 2378704, 662155.4 2378678))"
32,20260541,Forest,5944.201935851204,37.11400112648281,1.076555023923445,1,Hani,土葬,无,0,1,0,517,290.72511194170295,1141.2440697829763,1023.7019653320312,16.07686424255371,324.45700529351603,785039.3371582031,0,0.061287881362864095,1,94,240603.9093017578,0.3064864369379629,54155.63163757324,0.06898460889057291,0,1,0.8136795301563737,-0.5813137037817901,8.69017155887759,3.613994287274111,0.07376615023960909,"POLYGON ((662541.9 2378635, 662541.2 2378609, 662539.1 2378583, 662535.7 2378557, 662530.9 2378531, 662524.8 2378506, 662517.4 2378481, 662508.7 2378456, 662498.6 2378432, 662487.4 2378408, 662474.9 2378385, 662461.2 2378363, 662446.4 2378341, 662430.4 2378321, 662413.4 2378301, 662395.4 2378282, 662376.4 2378264, 662356.5 2378247, 662335.8 2378231, 662314.2 2378216, 662291.9 2378202, 662268.9 2378190, 662245.2 2378179, 662221 2378169, 662196.4 2378160, 662171.3 2378152, 662145.8 2378146, 662120.1 2378141, 662094.1 2378138, 662068 2378136, 662041.9 2378135, 662015.7 2378136, 661989.6 2378138, 661963.6 2378141, 661937.9 2378146, 661912.5 2378152, 661887.4 2378160, 661862.7 2378169, 661838.5 2378179, 661814.9 2378190, 661791.9 2378202, 661769.5 2378216, 661748 2378231, 661727.2 2378247, 661707.3 2378264, 661688.3 2378282, 661670.3 2378301, 661653.3 2378321, 661637.4 2378341, 661622.5 2378363, 661608.9 2378385, 661596.4 2378408, 661585.1 2378432, 661575.1 2378456, 661566.3 2378481, 661558.9 2378506, 661552.8 2378531, 661548 2378557, 661544.6 2378583, 661542.5 2378609, 661541.9 2378635, 661542.5 2378661, 661544.6 2378688, 661548 2378714, 661552.8 2378739, 661558.9 2378765, 661566.3 2378790, 661575.1 2378814, 661585.1 2378839, 661596.4 2378862, 661608.9 2378885, 661622.5 2378908, 661637.4 2378929, 661653.3 2378950, 661670.3 2378970, 661688.3 2378989, 661707.3 2379007, 661727.2 2379024, 661748 2379040, 661769.5 2379055, 661791.9 2379068, 661814.9 2379081, 661838.5 2379092, 661862.7 2379102, 661887.4 2379111, 661912.5 2379118, 661937.9 2379124, 661963.6 2379129, 661989.6 2379133, 662015.7 2379135, 662041.9 2379135, 662068 2379135, 662094.1 2379133, 662120.1 2379129, 662145.8 2379124, 662171.3 2379118, 662196.4 2379111, 662221 2379102, 662245.2 2379092, 662268.9 2379081, 662291.9 2379068, 662314.2 2379055, 662335.8 2379040, 662356.5 2379024, 662376.4 2379007, 662395.4 2378989, 662413.4 2378970, 662430.4 2378950, 662446.4 2378929, 662461.2 2378908, 662474.9 2378885, 662487.4 2378862, 662498.6 2378839, 662508.7 2378814, 662517.4 2378790, 662524.8 2378765, 662530.9 2378739, 662535.7 2378714, 662539.1 2378688, 662541.2 2378661, 662541.9 2378635))"
32,20260541,Forest,11460.428923894477,26.137771089322833,1.935738444193912,1,Hani,土葬,无,0,1,0,519,91.81070955231884,102.11087089228856,1592.314697265625,6.135769367218018,43.052443181682584,591290.44189453125,0,0.42698549715390494,1,95,0,0,236734.88159179688,0.4003698771677818,0,1,0.7307291580266874,0.6826674868555032,9.346655417482326,3.2633814363632463,0.6604888785878961,"POLYGON ((657390.5 2376994, 657389.8 2376968, 657387.7 2376942, 657384.3 2376916, 657379.6 2376890, 657373.4 2376864, 657366 2376839, 657357.3 2376815, 657347.3 2376790, 657336 2376767, 657323.5 2376744, 657309.8 2376721, 657295 2376700, 657279.1 2376679, 657262.1 2376659, 657244 2376640, 657225 2376622, 657205.1 2376605, 657184.4 2376589, 657162.8 2376574, 657140.5 2376561, 657117.5 2376548, 657093.9 2376537, 657069.7 2376527, 657045 2376518, 657019.9 2376511, 656994.4 2376505, 656968.7 2376500, 656942.7 2376497, 656916.6 2376494, 656890.5 2376494, 656864.3 2376494, 656838.2 2376497, 656812.3 2376500, 656786.5 2376505, 656761.1 2376511, 656736 2376518, 656711.3 2376527, 656687.1 2376537, 656663.5 2376548, 656640.5 2376561, 656618.2 2376574, 656596.6 2376589, 656575.8 2376605, 656555.9 2376622, 656536.9 2376640, 656518.9 2376659, 656501.9 2376679, 656486 2376700, 656471.1 2376721, 656457.5 2376744, 656445 2376767, 656433.7 2376790, 656423.7 2376815, 656415 2376839, 656407.5 2376864, 656401.4 2376890, 656396.6 2376916, 656393.2 2376942, 656391.2 2376968, 656390.5 2376994, 656391.2 2377020, 656393.2 2377046, 656396.6 2377072, 656401.4 2377098, 656407.5 2377123, 656415 2377148, 656423.7 2377173, 656433.7 2377197, 656445 2377221, 656457.5 2377244, 656471.1 2377266, 656486 2377288, 656501.9 2377308, 656518.9 2377328, 656536.9 2377347, 656555.9 2377365, 656575.8 2377382, 656596.6 2377398, 656618.2 2377413, 656640.5 2377427, 656663.5 2377439, 656687.1 2377451, 656711.3 2377461, 656736 2377469, 656761.1 2377477, 656786.5 2377483, 656812.3 2377488, 656838.2 2377491, 656864.3 2377493, 656890.5 2377494, 656916.6 2377493, 656942.7 2377491, 656968.7 2377488, 656994.4 2377483, 657019.9 2377477, 657045 2377469, 657069.7 2377461, 657093.9 2377451, 657117.5 2377439, 657140.5 2377427, 657162.8 2377413, 657184.4 2377398, 657205.1 2377382, 657225 2377365, 657244 2377347, 657262.1 2377328, 657279.1 2377308, 657295 2377288, 657309.8 2377266, 657323.5 2377244, 657336 2377221, 657347.3 2377197, 657357.3 2377173, 657366 2377148, 657373.4 2377123, 657379.6 2377098, 657384.3 2377072, 657387.7 2377046, 657389.8 2377020, 657390.5 2376994))"
32,20260541,Forest,11460.428923894477,26.137771089322833,1.935738444193912,1,Hani,土葬,无,0,1,0,522,278.00799217224613,593.1219490368237,1639.39013671875,8.240060806274414,111.69399836117695,637068.1091308594,4500,0.30195588709428023,1,96,0,0,92344.49615478516,0.14495231331037603,0,1,-0.36964943013432433,0.9291712968023546,9.346655417482326,3.2633814363632463,0.6604888785878961,"POLYGON ((655961.4 2378073, 655960.7 2378047, 655958.6 2378021, 655955.2 2377995, 655950.4 2377969, 655944.3 2377944, 655936.9 2377919, 655928.2 2377894, 655918.1 2377870, 655906.9 2377846, 655894.4 2377823, 655880.7 2377801, 655865.9 2377779, 655849.9 2377758, 655832.9 2377739, 655814.9 2377720, 655795.9 2377702, 655776 2377685, 655755.3 2377669, 655733.7 2377654, 655711.4 2377640, 655688.4 2377628, 655664.7 2377616, 655640.5 2377606, 655615.9 2377598, 655590.8 2377590, 655565.3 2377584, 655539.6 2377579, 655513.6 2377576, 655487.5 2377574, 655461.4 2377573, 655435.2 2377574, 655409.1 2377576, 655383.1 2377579, 655357.4 2377584, 655332 2377590, 655306.9 2377598, 655282.2 2377606, 655258 2377616, 655234.4 2377628, 655211.4 2377640, 655189 2377654, 655167.5 2377669, 655146.7 2377685, 655126.8 2377702, 655107.8 2377720, 655089.8 2377739, 655072.8 2377758, 655056.9 2377779, 655042 2377801, 655028.4 2377823, 655015.9 2377846, 655004.6 2377870, 654994.6 2377894, 654985.8 2377919, 654978.4 2377944, 654972.3 2377969, 654967.5 2377995, 654964.1 2378021, 654962 2378047, 654961.4 2378073, 654962 2378099, 654964.1 2378125, 654967.5 2378151, 654972.3 2378177, 654978.4 2378203, 654985.8 2378228, 654994.6 2378252, 655004.6 2378276, 655015.9 2378300, 655028.4 2378323, 655042 2378345, 655056.9 2378367, 655072.8 2378388, 655089.8 2378408, 655107.8 2378427, 655126.8 2378445, 655146.7 2378462, 655167.5 2378478, 655189 2378492, 655211.4 2378506, 655234.4 2378519, 655258 2378530, 655282.2 2378540, 655306.9 2378549, 655332 2378556, 655357.4 2378562, 655383.1 2378567, 655409.1 2378570, 655435.2 2378572, 655461.4 2378573, 655487.5 2378572, 655513.6 2378570, 655539.6 2378567, 655565.3 2378562, 655590.8 2378556, 655615.9 2378549, 655640.5 2378540, 655664.7 2378530, 655688.4 2378519, 655711.4 2378506, 655733.7 2378492, 655755.3 2378478, 655776 2378462, 655795.9 2378445, 655814.9 2378427, 655832.9 2378408, 655849.9 2378388, 655865.9 2378367, 655880.7 2378345, 655894.4 2378323, 655906.9 2378300, 655918.1 2378276, 655928.2 2378252, 655936.9 2378228, 655944.3 2378203, 655950.4 2378177, 655955.2 2378151, 655958.6 2378125, 655960.7 2378099, 655961.4 2378073))"
32,20260541,Forest,11460.428923894477,26.137771089322833,1.935738444193912,1,Hani,土葬,无,0,1,0,523,47.462149673620246,355.0149004416523,1640.82568359375,8.307435989379883,210.82773071550088,627118.505859375,3600,0.27110817353876765,1,97,0,0,99934.52453613281,0.15935508775839272,0,1,-0.8587119715368405,-0.5124585348487353,9.346655417482326,3.2633814363632463,0.6604888785878961,"POLYGON ((655649.4 2378009, 655648.7 2377983, 655646.6 2377957, 655643.2 2377931, 655638.5 2377905, 655632.3 2377880, 655624.9 2377855, 655616.2 2377830, 655606.2 2377806, 655594.9 2377782, 655582.4 2377759, 655568.7 2377737, 655553.9 2377715, 655538 2377695, 655521 2377675, 655502.9 2377656, 655483.9 2377638, 655464 2377621, 655443.3 2377605, 655421.7 2377590, 655399.4 2377576, 655376.4 2377564, 655352.8 2377553, 655328.6 2377543, 655303.9 2377534, 655278.8 2377526, 655253.3 2377520, 655227.6 2377516, 655201.6 2377512, 655175.6 2377510, 655149.4 2377509, 655123.2 2377510, 655097.1 2377512, 655071.2 2377516, 655045.4 2377520, 655020 2377526, 654994.9 2377534, 654970.2 2377543, 654946 2377553, 654922.4 2377564, 654899.4 2377576, 654877.1 2377590, 654855.5 2377605, 654834.7 2377621, 654814.8 2377638, 654795.8 2377656, 654777.8 2377675, 654760.8 2377695, 654744.9 2377715, 654730 2377737, 654716.4 2377759, 654703.9 2377782, 654692.6 2377806, 654682.6 2377830, 654673.9 2377855, 654666.4 2377880, 654660.3 2377905, 654655.5 2377931, 654652.1 2377957, 654650.1 2377983, 654649.4 2378009, 654650.1 2378036, 654652.1 2378062, 654655.5 2378088, 654660.3 2378113, 654666.4 2378139, 654673.9 2378164, 654682.6 2378189, 654692.6 2378213, 654703.9 2378236, 654716.4 2378259, 654730 2378282, 654744.9 2378303, 654760.8 2378324, 654777.8 2378344, 654795.8 2378363, 654814.8 2378381, 654834.7 2378398, 654855.5 2378414, 654877.1 2378429, 654899.4 2378442, 654922.4 2378455, 654946 2378466, 654970.2 2378476, 654994.9 2378485, 655020 2378492, 655045.4 2378498, 655071.2 2378503, 655097.1 2378507, 655123.2 2378509, 655149.4 2378509, 655175.6 2378509, 655201.6 2378507, 655227.6 2378503, 655253.3 2378498, 655278.8 2378492, 655303.9 2378485, 655328.6 2378476, 655352.8 2378466, 655376.4 2378455, 655399.4 2378442, 655421.7 2378429, 655443.3 2378414, 655464 2378398, 655483.9 2378381, 655502.9 2378363, 655521 2378344, 655538 2378324, 655553.9 2378303, 655568.7 2378282, 655582.4 2378259, 655594.9 2378236, 655606.2 2378213, 655616.2 2378189, 655624.9 2378164, 655632.3 2378139, 655638.5 2378113, 655643.2 2378088, 655646.6 2378062, 655648.7 2378036, 655649.4 2378009))"
32,20260541,Forest,3589.865249572974,26.95010593000912,0.75059382422802845,1,Hani,土葬,无,0,1,0,525,365.60432466402096,1929.1491227642844,723.77532958984375,11.760836601257324,267.74437884977635,32566.91665649414,134471.76361083984,0.12129639553582182,1,98,0,0,0,0,0,1,-0.039357847511736134,-0.9992251797464088,8.18586994583998,3.2939872279598648,-0.2868906200954694,"POLYGON ((670603.3 2391238, 670602.6 2391212, 670600.5 2391186, 670597.1 2391160, 670592.3 2391134, 670586.2 2391109, 670578.8 2391083, 670570.1 2391059, 670560 2391035, 670548.8 2391011, 670536.3 2390988, 670522.6 2390966, 670507.8 2390944, 670491.8 2390923, 670474.8 2390903, 670456.8 2390884, 670437.8 2390866, 670417.9 2390849, 670397.2 2390833, 670375.6 2390819, 670353.3 2390805, 670330.3 2390792, 670306.6 2390781, 670282.5 2390771, 670257.8 2390762, 670232.7 2390755, 670207.2 2390749, 670181.5 2390744, 670155.5 2390741, 670129.4 2390739, 670103.3 2390738, 670077.1 2390739, 670051 2390741, 670025.1 2390744, 669999.3 2390749, 669973.9 2390755, 669948.8 2390762, 669924.1 2390771, 669899.9 2390781, 669876.3 2390792, 669853.3 2390805, 669831 2390819, 669809.4 2390833, 669788.6 2390849, 669768.7 2390866, 669749.7 2390884, 669731.7 2390903, 669714.7 2390923, 669698.8 2390944, 669683.9 2390966, 669670.3 2390988, 669657.8 2391011, 669646.5 2391035, 669636.5 2391059, 669627.7 2391083, 669620.3 2391109, 669614.2 2391134, 669609.4 2391160, 669606 2391186, 669604 2391212, 669603.3 2391238, 669604 2391264, 669606 2391290, 669609.4 2391316, 669614.2 2391342, 669620.3 2391367, 669627.7 2391392, 669636.5 2391417, 669646.5 2391441, 669657.8 2391465, 669670.3 2391488, 669683.9 2391510, 669698.8 2391532, 669714.7 2391553, 669731.7 2391573, 669749.7 2391592, 669768.7 2391610, 669788.6 2391627, 669809.4 2391642, 669831 2391657, 669853.3 2391671, 669876.3 2391683, 669899.9 2391695, 669924.1 2391705, 669948.8 2391714, 669973.9 2391721, 669999.3 2391727, 670025.1 2391732, 670051 2391735, 670077.1 2391737, 670103.3 2391738, 670129.4 2391737, 670155.5 2391735, 670181.5 2391732, 670207.2 2391727, 670232.7 2391721, 670257.8 2391714, 670282.5 2391705, 670306.6 2391695, 670330.3 2391683, 670353.3 2391671, 670375.6 2391657, 670397.2 2391642, 670417.9 2391627, 670437.8 2391610, 670456.8 2391592, 670474.8 2391573, 670491.8 2391553, 670507.8 2391532, 670522.6 2391510, 670536.3 2391488, 670548.8 2391465, 670560 2391441, 670570.1 2391417, 670578.8 2391392, 670586.2 2391367, 670592.3 2391342, 670597.1 2391316, 670600.5 2391290, 670602.6 2391264, 670603.3 2391238))"
32,20260541,Forest,9566.511627906977,26.327719227924465,0.932825484764543,1,Hani,土葬,无,0,1,0,530,289.1461321918208,750.7473662284248,904.4732666015625,14.713302612304688,136.33960213119082,606410.595703125,375.6365865468979,0.15731071335467633,1,99,178126.99584960938,0.29373991337185246,53100,0.08756443303638396,0,1,-0.7234445025181292,0.6903825401734147,9.166023906806155,3.270622347193581,-0.06953714304240752,"POLYGON ((670921.7 2432378, 670921 2432352, 670918.9 2432326, 670915.5 2432300, 670910.7 2432274, 670904.6 2432249, 670897.2 2432223, 670888.5 2432199, 670878.4 2432175, 670867.2 2432151, 670854.7 2432128, 670841 2432106, 670826.2 2432084, 670810.2 2432063, 670793.2 2432043, 670775.2 2432024, 670756.2 2432006, 670736.3 2431989, 670715.6 2431973, 670694 2431959, 670671.7 2431945, 670648.7 2431932, 670625 2431921, 670600.9 2431911, 670576.2 2431902, 670551.1 2431895, 670525.6 2431889, 670499.9 2431884, 670473.9 2431881, 670447.8 2431879, 670421.7 2431878, 670395.5 2431879, 670369.4 2431881, 670343.5 2431884, 670317.7 2431889, 670292.3 2431895, 670267.2 2431902, 670242.5 2431911, 670218.3 2431921, 670194.7 2431932, 670171.7 2431945, 670149.4 2431959, 670127.8 2431973, 670107 2431989, 670087.1 2432006, 670068.1 2432024, 670050.1 2432043, 670033.1 2432063, 670017.2 2432084, 670002.3 2432106, 669988.7 2432128, 669976.2 2432151, 669964.9 2432175, 669954.9 2432199, 669946.1 2432223, 669938.7 2432249, 669932.6 2432274, 669927.8 2432300, 669924.4 2432326, 669922.4 2432352, 669921.7 2432378, 669922.4 2432404, 669924.4 2432430, 669927.8 2432456, 669932.6 2432482, 669938.7 2432507, 669946.1 2432533, 669954.9 2432557, 669964.9 2432581, 669976.2 2432605, 669988.7 2432628, 670002.3 2432650, 670017.2 2432672, 670033.1 2432693, 670050.1 2432713, 670068.1 2432732, 670087.1 2432750, 670107 2432767, 670127.8 2432783, 670149.4 2432797, 670171.7 2432811, 670194.7 2432824, 670218.3 2432835, 670242.5 2432845, 670267.2 2432854, 670292.3 2432861, 670317.7 2432867, 670343.5 2432872, 670369.4 2432875, 670395.5 2432877, 670421.7 2432878, 670447.8 2432877, 670473.9 2432875, 670499.9 2432872, 670525.6 2432867, 670551.1 2432861, 670576.2 2432854, 670600.9 2432845, 670625 2432835, 670648.7 2432824, 670671.7 2432811, 670694 2432797, 670715.6 2432783, 670736.3 2432767, 670756.2 2432750, 670775.2 2432732, 670793.2 2432713, 670810.2 2432693, 670826.2 2432672, 670841 2432650, 670854.7 2432628, 670867.2 2432605, 670878.4 2432581, 670888.5 2432557, 670897.2 2432533, 670904.6 2432507, 670910.7 2432482, 670915.5 2432456, 670918.9 2432430, 670921 2432404, 670921.7 2432378))"
32,20260541,Forest,9566.511627906977,26.327719227924465,0.932825484764543,1,Hani,土葬,无,0,1,0,531,598.3448597932528,1286.6066514317743,846.39599609375,13.323613166809082,133.15719717735809,508117.56591796875,22724.903869628906,0.15571575047256528,1,100,344943.8690185547,0.6788662548900011,18250.278854370117,0.03591743344160723,0,1,-0.6840023388145381,0.7294798150026098,9.166023906806155,3.270622347193581,-0.06953714304240752,"POLYGON ((676003.4 2438117, 676002.7 2438091, 676000.7 2438065, 675997.3 2438039, 675992.5 2438013, 675986.4 2437988, 675978.9 2437963, 675970.2 2437938, 675960.2 2437914, 675948.9 2437890, 675936.4 2437867, 675922.8 2437845, 675907.9 2437823, 675892 2437802, 675875 2437782, 675857 2437763, 675838 2437745, 675818.1 2437728, 675797.3 2437713, 675775.7 2437698, 675753.4 2437684, 675730.4 2437672, 675706.8 2437660, 675682.6 2437650, 675657.9 2437641, 675632.8 2437634, 675607.4 2437628, 675581.6 2437623, 675555.7 2437620, 675529.6 2437618, 675503.4 2437617, 675477.3 2437618, 675451.2 2437620, 675425.2 2437623, 675399.5 2437628, 675374 2437634, 675348.9 2437641, 675324.2 2437650, 675300.1 2437660, 675276.4 2437672, 675253.4 2437684, 675231.1 2437698, 675209.5 2437713, 675188.8 2437728, 675168.9 2437745, 675149.9 2437763, 675131.8 2437782, 675114.8 2437802, 675098.9 2437823, 675084.1 2437845, 675070.4 2437867, 675057.9 2437890, 675046.6 2437914, 675036.6 2437938, 675027.9 2437963, 675020.5 2437988, 675014.3 2438013, 675009.6 2438039, 675006.2 2438065, 675004.1 2438091, 675003.4 2438117, 675004.1 2438143, 675006.2 2438169, 675009.6 2438195, 675014.3 2438221, 675020.5 2438246, 675027.9 2438272, 675036.6 2438296, 675046.6 2438320, 675057.9 2438344, 675070.4 2438367, 675084.1 2438389, 675098.9 2438411, 675114.8 2438432, 675131.8 2438452, 675149.9 2438471, 675168.9 2438489, 675188.8 2438506, 675209.5 2438522, 675231.1 2438536, 675253.4 2438550, 675276.4 2438563, 675300.1 2438574, 675324.2 2438584, 675348.9 2438593, 675374 2438600, 675399.5 2438606, 675425.2 2438611, 675451.2 2438614, 675477.3 2438616, 675503.4 2438617, 675529.6 2438616, 675555.7 2438614, 675581.6 2438611, 675607.4 2438606, 675632.8 2438600, 675657.9 2438593, 675682.6 2438584, 675706.8 2438574, 675730.4 2438563, 675753.4 2438550, 675775.7 2438536, 675797.3 2438522, 675818.1 2438506, 675838 2438489, 675857 2438471, 675875 2438452, 675892 2438432, 675907.9 2438411, 675922.8 2438389, 675936.4 2438367, 675948.9 2438344, 675960.2 2438320, 675970.2 2438296, 675978.9 2438272, 675986.4 2438246, 675992.5 2438221, 675997.3 2438195, 676000.7 2438169, 676002.7 2438143, 676003.4 2438117))"
32,20260541,Forest,6639.069767441861,18.580990665382664,1.670074349442379,1,Hani,土葬,无,0,1,0,537,312.8797493363704,1164.7165690849001,811.6588134765625,14.858323097229004,215.13504783470145,44554.82368469238,169198.51684570312,0.10512691528272812,1,103,15455.094337463379,0.3468781393196997,0,0,0,1,-0.8177978336039133,-0.57550560670835,8.80072713739144,2.9221390508761664,0.5128681460618293,"POLYGON ((680537 2414405, 680536.3 2414379, 680534.3 2414353, 680530.9 2414327, 680526.1 2414301, 680520 2414275, 680512.6 2414250, 680503.8 2414226, 680493.8 2414201, 680482.5 2414178, 680470 2414155, 680456.4 2414133, 680441.5 2414111, 680425.6 2414090, 680408.6 2414070, 680390.6 2414051, 680371.6 2414033, 680351.7 2414016, 680330.9 2414000, 680309.3 2413986, 680287 2413972, 680264 2413959, 680240.4 2413948, 680216.2 2413938, 680191.5 2413929, 680166.4 2413922, 680141 2413916, 680115.2 2413911, 680089.3 2413908, 680063.2 2413906, 680037 2413905, 680010.9 2413906, 679984.8 2413908, 679958.8 2413911, 679933.1 2413916, 679907.6 2413922, 679882.5 2413929, 679857.8 2413938, 679833.7 2413948, 679810 2413959, 679787 2413972, 679764.7 2413986, 679743.1 2414000, 679722.4 2414016, 679702.5 2414033, 679683.5 2414051, 679665.5 2414070, 679648.5 2414090, 679632.5 2414111, 679617.7 2414133, 679604 2414155, 679591.5 2414178, 679580.3 2414201, 679570.2 2414226, 679561.5 2414250, 679554.1 2414275, 679548 2414301, 679543.2 2414327, 679539.8 2414353, 679537.7 2414379, 679537 2414405, 679537.7 2414431, 679539.8 2414457, 679543.2 2414483, 679548 2414509, 679554.1 2414534, 679561.5 2414559, 679570.2 2414584, 679580.3 2414608, 679591.5 2414632, 679604 2414655, 679617.7 2414677, 679632.5 2414699, 679648.5 2414719, 679665.5 2414739, 679683.5 2414758, 679702.5 2414776, 679722.4 2414793, 679743.1 2414809, 679764.7 2414824, 679787 2414838, 679810 2414850, 679833.7 2414862, 679857.8 2414872, 679882.5 2414880, 679907.6 2414888, 679933.1 2414894, 679958.8 2414899, 679984.8 2414902, 680010.9 2414904, 680037 2414905, 680063.2 2414904, 680089.3 2414902, 680115.2 2414899, 680141 2414894, 680166.4 2414888, 680191.5 2414880, 680216.2 2414872, 680240.4 2414862, 680264 2414850, 680287 2414838, 680309.3 2414824, 680330.9 2414809, 680351.7 2414793, 680371.6 2414776, 680390.6 2414758, 680408.6 2414739, 680425.6 2414719, 680441.5 2414699, 680456.4 2414677, 680470 2414655, 680482.5 2414632, 680493.8 2414608, 680503.8 2414584, 680512.6 2414559, 680520 2414534, 680526.1 2414509, 680530.9 2414483, 680534.3 2414457, 680536.3 2414431, 680537 2414405))"
32,20260541,Forest,15755.348837209303,49.074946133371625,0.16021765417170497,1,Hani,土葬,无,0,1,0,551,544.9525740878997,1649.924989288482,904.590087890625,10.426631927490234,287.39642530333435,14400,137831.32781982422,0.13725466585866186,1,105,9900,0.6875,0,0,0,1,0.2989812564038073,-0.9542589838818395,9.664935195311495,3.8933486425230353,-1.8312220495974143,"POLYGON ((690573.2 2426684, 690572.6 2426658, 690570.5 2426632, 690567.1 2426606, 690562.3 2426580, 690556.2 2426555, 690548.8 2426530, 690540 2426505, 690530 2426481, 690518.7 2426457, 690506.3 2426434, 690492.6 2426412, 690477.8 2426390, 690461.8 2426369, 690444.8 2426350, 690426.8 2426331, 690407.8 2426313, 690387.9 2426296, 690367.1 2426280, 690345.6 2426265, 690323.2 2426251, 690300.2 2426239, 690276.6 2426227, 690252.4 2426217, 690227.8 2426209, 690202.7 2426201, 690177.2 2426195, 690151.5 2426190, 690125.5 2426187, 690099.4 2426185, 690073.2 2426184, 690047.1 2426185, 690021 2426187, 689995 2426190, 689969.3 2426195, 689943.8 2426201, 689918.7 2426209, 689894.1 2426217, 689869.9 2426227, 689846.3 2426239, 689823.2 2426251, 689800.9 2426265, 689779.4 2426280, 689758.6 2426296, 689738.7 2426313, 689719.7 2426331, 689701.7 2426350, 689684.7 2426369, 689668.7 2426390, 689653.9 2426412, 689640.2 2426434, 689627.7 2426457, 689616.5 2426481, 689606.5 2426505, 689597.7 2426530, 689590.3 2426555, 689584.2 2426580, 689579.4 2426606, 689576 2426632, 689573.9 2426658, 689573.2 2426684, 689573.9 2426710, 689576 2426736, 689579.4 2426762, 689584.2 2426788, 689590.3 2426813, 689597.7 2426839, 689606.5 2426863, 689616.5 2426887, 689627.7 2426911, 689640.2 2426934, 689653.9 2426956, 689668.7 2426978, 689684.7 2426999, 689701.7 2427019, 689719.7 2427038, 689738.7 2427056, 689758.6 2427073, 689779.4 2427089, 689800.9 2427103, 689823.2 2427117, 689846.3 2427130, 689869.9 2427141, 689894.1 2427151, 689918.7 2427160, 689943.8 2427167, 689969.3 2427173, 689995 2427178, 690021 2427181, 690047.1 2427183, 690073.2 2427184, 690099.4 2427183, 690125.5 2427181, 690151.5 2427178, 690177.2 2427173, 690202.7 2427167, 690227.8 2427160, 690252.4 2427151, 690276.6 2427141, 690300.2 2427130, 690323.2 2427117, 690345.6 2427103, 690367.1 2427089, 690387.9 2427073, 690407.8 2427056, 690426.8 2427038, 690444.8 2427019, 690461.8 2426999, 690477.8 2426978, 690492.6 2426956, 690506.3 2426934, 690518.7 2426911, 690530 2426887, 690540 2426863, 690548.8 2426839, 690556.2 2426813, 690562.3 2426788, 690567.1 2426762, 690570.5 2426736, 690572.6 2426710, 690573.2 2426684))"
32,20260541,Forest,8223.255813953489,98.42790778996654,2.042501517911354,1,Hani,土葬,无,0,1,0,562,420.83798585979827,419.84531021692413,1050.12353515625,17.981931686401367,68.91206636250881,784142.9626464844,0,0.08017049321400642,1,108,298610.9802246094,0.38081191115558394,21662.9825592041,0.027626317637400564,0,1,0.359800322218816,0.9330293286554481,9.014721494052063,4.589324379598556,0.7141752909151984,"POLYGON ((672608.7 2445800, 672608 2445774, 672606 2445748, 672602.6 2445722, 672597.8 2445696, 672591.7 2445671, 672584.3 2445646, 672575.5 2445621, 672565.5 2445597, 672554.2 2445573, 672541.7 2445550, 672528.1 2445528, 672513.2 2445506, 672497.3 2445486, 672480.3 2445466, 672462.3 2445447, 672443.3 2445429, 672423.4 2445412, 672402.6 2445396, 672381.1 2445381, 672358.7 2445367, 672335.7 2445355, 672312.1 2445343, 672287.9 2445333, 672263.2 2445325, 672238.1 2445317, 672212.7 2445311, 672186.9 2445306, 672161 2445303, 672134.9 2445301, 672108.7 2445300, 672082.6 2445301, 672056.5 2445303, 672030.5 2445306, 672004.8 2445311, 671979.3 2445317, 671954.2 2445325, 671929.5 2445333, 671905.4 2445343, 671881.7 2445355, 671858.7 2445367, 671836.4 2445381, 671814.8 2445396, 671794.1 2445412, 671774.2 2445429, 671755.2 2445447, 671737.2 2445466, 671720.2 2445486, 671704.2 2445506, 671689.4 2445528, 671675.7 2445550, 671663.2 2445573, 671652 2445597, 671641.9 2445621, 671633.2 2445646, 671625.8 2445671, 671619.7 2445696, 671614.9 2445722, 671611.5 2445748, 671609.4 2445774, 671608.7 2445800, 671609.4 2445826, 671611.5 2445852, 671614.9 2445878, 671619.7 2445904, 671625.8 2445930, 671633.2 2445955, 671641.9 2445979, 671652 2446004, 671663.2 2446027, 671675.7 2446050, 671689.4 2446072, 671704.2 2446094, 671720.2 2446115, 671737.2 2446135, 671755.2 2446154, 671774.2 2446172, 671794.1 2446189, 671814.8 2446205, 671836.4 2446220, 671858.7 2446233, 671881.7 2446246, 671905.4 2446257, 671929.5 2446267, 671954.2 2446276, 671979.3 2446283, 672004.8 2446289, 672030.5 2446294, 672056.5 2446297, 672082.6 2446299, 672108.7 2446300, 672134.9 2446299, 672161 2446297, 672186.9 2446294, 672212.7 2446289, 672238.1 2446283, 672263.2 2446276, 672287.9 2446267, 672312.1 2446257, 672335.7 2446246, 672358.7 2446233, 672381.1 2446220, 672402.6 2446205, 672423.4 2446189, 672443.3 2446172, 672462.3 2446154, 672480.3 2446135, 672497.3 2446115, 672513.2 2446094, 672528.1 2446072, 672541.7 2446050, 672554.2 2446027, 672565.5 2446004, 672575.5 2445979, 672584.3 2445955, 672591.7 2445930, 672597.8 2445904, 672602.6 2445878, 672606 2445852, 672608 2445826, 672608.7 2445800))"
32,20260541,Forest,5261.607142857142,54.165384156118535,4.772027110289587,1,Hani,NA,NA,0,1,0,612,193.54501652544096,291.25490418186155,1686.5648193359375,11.821165084838867,121.2289074335183,536444.0002441406,75566.38870239258,0.19033124742895602,1,110,0,0,4500,0.008388573640402368,0,1,-0.5184585002616503,0.8551027911932227,8.56819179953091,3.9920420357035633,1.5627711853363777,"POLYGON ((621037.5 2424096, 621036.9 2424069, 621034.8 2424043, 621031.4 2424017, 621026.6 2423992, 621020.5 2423966, 621013.1 2423941, 621004.3 2423916, 620994.3 2423892, 620983.1 2423869, 620970.6 2423846, 620956.9 2423823, 620942.1 2423802, 620926.1 2423781, 620909.1 2423761, 620891.1 2423742, 620872.1 2423724, 620852.2 2423707, 620831.4 2423691, 620809.9 2423676, 620787.5 2423663, 620764.5 2423650, 620740.9 2423639, 620716.7 2423629, 620692.1 2423620, 620667 2423613, 620641.5 2423607, 620615.8 2423602, 620589.8 2423598, 620563.7 2423596, 620537.5 2423596, 620511.4 2423596, 620485.3 2423598, 620459.3 2423602, 620433.6 2423607, 620408.1 2423613, 620383 2423620, 620358.4 2423629, 620334.2 2423639, 620310.6 2423650, 620287.5 2423663, 620265.2 2423676, 620243.7 2423691, 620222.9 2423707, 620203 2423724, 620184 2423742, 620166 2423761, 620149 2423781, 620133 2423802, 620118.2 2423823, 620104.5 2423846, 620092 2423869, 620080.8 2423892, 620070.8 2423916, 620062 2423941, 620054.6 2423966, 620048.5 2423992, 620043.7 2424017, 620040.3 2424043, 620038.2 2424069, 620037.5 2424096, 620038.2 2424122, 620040.3 2424148, 620043.7 2424174, 620048.5 2424200, 620054.6 2424225, 620062 2424250, 620070.8 2424275, 620080.8 2424299, 620092 2424323, 620104.5 2424346, 620118.2 2424368, 620133 2424390, 620149 2424410, 620166 2424430, 620184 2424449, 620203 2424467, 620222.9 2424484, 620243.7 2424500, 620265.2 2424515, 620287.5 2424529, 620310.6 2424541, 620334.2 2424552, 620358.4 2424562, 620383 2424571, 620408.1 2424579, 620433.6 2424585, 620459.3 2424590, 620485.3 2424593, 620511.4 2424595, 620537.5 2424596, 620563.7 2424595, 620589.8 2424593, 620615.8 2424590, 620641.5 2424585, 620667 2424579, 620692.1 2424571, 620716.7 2424562, 620740.9 2424552, 620764.5 2424541, 620787.5 2424529, 620809.9 2424515, 620831.4 2424500, 620852.2 2424484, 620872.1 2424467, 620891.1 2424449, 620909.1 2424430, 620926.1 2424410, 620942.1 2424390, 620956.9 2424368, 620970.6 2424346, 620983.1 2424323, 620994.3 2424299, 621004.3 2424275, 621013.1 2424250, 621020.5 2424225, 621026.6 2424200, 621031.4 2424174, 621034.8 2424148, 621036.9 2424122, 621037.5 2424096))"
32,20260541,Forest,5261.607142857142,54.165384156118535,4.772027110289587,1,Hani,NA,NA,0,1,0,613,325.37543415664726,515.7933674387173,1669.9901123046875,9.129117965698242,39.137217818275786,596057.9040527344,2700,0.2233133799649636,1,111,0,0,42098.10562133789,0.07062754362471031,0,1,0.7756365730983921,0.6311797734973631,8.56819179953091,3.9920420357035633,1.5627711853363777,"POLYGON ((621468.7 2423509, 621468 2423483, 621465.9 2423457, 621462.5 2423431, 621457.7 2423405, 621451.6 2423380, 621444.2 2423355, 621435.5 2423330, 621425.4 2423306, 621414.2 2423282, 621401.7 2423259, 621388 2423237, 621373.2 2423215, 621357.2 2423194, 621340.2 2423174, 621322.2 2423155, 621303.2 2423137, 621283.3 2423120, 621262.6 2423105, 621241 2423090, 621218.7 2423076, 621195.7 2423064, 621172 2423052, 621147.8 2423042, 621123.2 2423033, 621098.1 2423026, 621072.6 2423020, 621046.9 2423015, 621020.9 2423012, 620994.8 2423010, 620968.7 2423009, 620942.5 2423010, 620916.4 2423012, 620890.4 2423015, 620864.7 2423020, 620839.3 2423026, 620814.2 2423033, 620789.5 2423042, 620765.3 2423052, 620741.7 2423064, 620718.7 2423076, 620696.3 2423090, 620674.8 2423105, 620654 2423120, 620634.1 2423137, 620615.1 2423155, 620597.1 2423174, 620580.1 2423194, 620564.2 2423215, 620549.3 2423237, 620535.7 2423259, 620523.2 2423282, 620511.9 2423306, 620501.9 2423330, 620493.1 2423355, 620485.7 2423380, 620479.6 2423405, 620474.8 2423431, 620471.4 2423457, 620469.3 2423483, 620468.7 2423509, 620469.3 2423535, 620471.4 2423561, 620474.8 2423587, 620479.6 2423613, 620485.7 2423638, 620493.1 2423664, 620501.9 2423688, 620511.9 2423712, 620523.2 2423736, 620535.7 2423759, 620549.3 2423781, 620564.2 2423803, 620580.1 2423824, 620597.1 2423844, 620615.1 2423863, 620634.1 2423881, 620654 2423898, 620674.8 2423914, 620696.3 2423928, 620718.7 2423942, 620741.7 2423955, 620765.3 2423966, 620789.5 2423976, 620814.2 2423985, 620839.3 2423992, 620864.7 2423998, 620890.4 2424003, 620916.4 2424006, 620942.5 2424008, 620968.7 2424009, 620994.8 2424008, 621020.9 2424006, 621046.9 2424003, 621072.6 2423998, 621098.1 2423992, 621123.2 2423985, 621147.8 2423976, 621172 2423966, 621195.7 2423955, 621218.7 2423942, 621241 2423928, 621262.6 2423914, 621283.3 2423898, 621303.2 2423881, 621322.2 2423863, 621340.2 2423844, 621357.2 2423824, 621373.2 2423803, 621388 2423781, 621401.7 2423759, 621414.2 2423736, 621425.4 2423712, 621435.5 2423688, 621444.2 2423664, 621451.6 2423638, 621457.7 2423613, 621462.5 2423587, 621465.9 2423561, 621468 2423535, 621468.7 2423509))"
32,20260541,Forest,6281.739130434783,272.57944922121186,0.946788790753462,1,Hani,NA,NA,0,1,0,616,205.55164523105805,244.35074431575563,1565.1580810546875,9.964825630187988,347.3397058969377,785039.3371582031,0,0.19346683491297612,1,114,0,0,50913.56620788574,0.06485479618408664,0,1,0.9756866628041612,-0.21917010751030622,8.745402152721663,5.6079301283839715,-0.05467924049829903,"POLYGON ((630541.4 2418659, 630540.8 2418633, 630538.7 2418607, 630535.3 2418581, 630530.5 2418555, 630524.4 2418530, 630517 2418505, 630508.2 2418480, 630498.2 2418456, 630486.9 2418432, 630474.5 2418409, 630460.8 2418387, 630446 2418365, 630430 2418344, 630413 2418325, 630395 2418306, 630376 2418288, 630356.1 2418271, 630335.3 2418255, 630313.8 2418240, 630291.4 2418226, 630268.4 2418214, 630244.8 2418202, 630220.6 2418192, 630196 2418184, 630170.9 2418176, 630145.4 2418170, 630119.7 2418165, 630093.7 2418162, 630067.6 2418160, 630041.4 2418159, 630015.3 2418160, 629989.2 2418162, 629963.2 2418165, 629937.5 2418170, 629912 2418176, 629886.9 2418184, 629862.3 2418192, 629838.1 2418202, 629814.4 2418214, 629791.4 2418226, 629769.1 2418240, 629747.6 2418255, 629726.8 2418271, 629706.9 2418288, 629687.9 2418306, 629669.9 2418325, 629652.9 2418344, 629636.9 2418365, 629622.1 2418387, 629608.4 2418409, 629595.9 2418432, 629584.7 2418456, 629574.7 2418480, 629565.9 2418505, 629558.5 2418530, 629552.4 2418555, 629547.6 2418581, 629544.2 2418607, 629542.1 2418633, 629541.4 2418659, 629542.1 2418685, 629544.2 2418711, 629547.6 2418737, 629552.4 2418763, 629558.5 2418789, 629565.9 2418814, 629574.7 2418838, 629584.7 2418862, 629595.9 2418886, 629608.4 2418909, 629622.1 2418931, 629636.9 2418953, 629652.9 2418974, 629669.9 2418994, 629687.9 2419013, 629706.9 2419031, 629726.8 2419048, 629747.6 2419064, 629769.1 2419078, 629791.4 2419092, 629814.4 2419105, 629838.1 2419116, 629862.3 2419126, 629886.9 2419135, 629912 2419142, 629937.5 2419148, 629963.2 2419153, 629989.2 2419156, 630015.3 2419158, 630041.4 2419159, 630067.6 2419158, 630093.7 2419156, 630119.7 2419153, 630145.4 2419148, 630170.9 2419142, 630196 2419135, 630220.6 2419126, 630244.8 2419116, 630268.4 2419105, 630291.4 2419092, 630313.8 2419078, 630335.3 2419064, 630356.1 2419048, 630376 2419031, 630395 2419013, 630413 2418994, 630430 2418974, 630446 2418953, 630460.8 2418931, 630474.5 2418909, 630486.9 2418886, 630498.2 2418862, 630508.2 2418838, 630517 2418814, 630524.4 2418789, 630530.5 2418763, 630535.3 2418737, 630538.7 2418711, 630540.8 2418685, 630541.4 2418659))"
32,20260541,Forest,6281.739130434783,272.57944922121186,0.946788790753462,1,Hani,NA,NA,0,1,0,617,104.59819790429309,240.02205249100538,1471.7493896484375,8.957930564880371,149.89769990527728,784139.3371582031,900,0.3327481030351314,1,115,0,0,30737.923049926758,0.03919956772137458,0,1,-0.865131287112205,0.5015454675895092,8.745402152721663,5.6079301283839715,-0.05467924049829903,"POLYGON ((630054 2419750, 630053.3 2419724, 630051.3 2419698, 630047.9 2419672, 630043.1 2419646, 630037 2419620, 630029.5 2419595, 630020.8 2419571, 630010.8 2419546, 629999.5 2419523, 629987 2419500, 629973.4 2419477, 629958.5 2419456, 629942.6 2419435, 629925.6 2419415, 629907.6 2419396, 629888.6 2419378, 629868.7 2419361, 629847.9 2419345, 629826.3 2419330, 629804 2419317, 629781 2419304, 629757.4 2419293, 629733.2 2419283, 629708.5 2419274, 629683.4 2419267, 629658 2419261, 629632.2 2419256, 629606.3 2419253, 629580.2 2419250, 629554 2419250, 629527.9 2419250, 629501.8 2419253, 629475.8 2419256, 629450.1 2419261, 629424.6 2419267, 629399.5 2419274, 629374.8 2419283, 629350.7 2419293, 629327 2419304, 629304 2419317, 629281.7 2419330, 629260.1 2419345, 629239.4 2419361, 629219.5 2419378, 629200.5 2419396, 629182.4 2419415, 629165.4 2419435, 629149.5 2419456, 629134.7 2419477, 629121 2419500, 629108.5 2419523, 629097.2 2419546, 629087.2 2419571, 629078.5 2419595, 629071.1 2419620, 629064.9 2419646, 629060.2 2419672, 629056.8 2419698, 629054.7 2419724, 629054 2419750, 629054.7 2419776, 629056.8 2419802, 629060.2 2419828, 629064.9 2419854, 629071.1 2419879, 629078.5 2419904, 629087.2 2419929, 629097.2 2419953, 629108.5 2419977, 629121 2420000, 629134.7 2420022, 629149.5 2420044, 629165.4 2420064, 629182.4 2420084, 629200.5 2420103, 629219.5 2420121, 629239.4 2420138, 629260.1 2420154, 629281.7 2420169, 629304 2420183, 629327 2420195, 629350.7 2420207, 629374.8 2420217, 629399.5 2420225, 629424.6 2420233, 629450.1 2420239, 629475.8 2420244, 629501.8 2420247, 629527.9 2420249, 629554 2420250, 629580.2 2420249, 629606.3 2420247, 629632.2 2420244, 629658 2420239, 629683.4 2420233, 629708.5 2420225, 629733.2 2420217, 629757.4 2420207, 629781 2420195, 629804 2420183, 629826.3 2420169, 629847.9 2420154, 629868.7 2420138, 629888.6 2420121, 629907.6 2420103, 629925.6 2420084, 629942.6 2420064, 629958.5 2420044, 629973.4 2420022, 629987 2420000, 629999.5 2419977, 630010.8 2419953, 630020.8 2419929, 630029.5 2419904, 630037 2419879, 630043.1 2419854, 630047.9 2419828, 630051.3 2419802, 630053.3 2419776, 630054 2419750))"
32,20260541,Forest,4145.535714285714,150.66564554460183,2.5223120694818806,1,Hani,NA,NA,0,1,0,627,203.08474235355794,223.13486127961085,1771.8985595703125,13.582602500915527,235.4606949155072,646439.3371582031,0,0.091735239966661,1,121,0,0,15886.506843566895,0.024575402408840395,0,1,-0.5669714567558438,-0.8237374382800361,8.32978730271292,5.015063113782317,0.9251759687782185,"POLYGON ((620064.1 2430281, 620063.4 2430255, 620061.4 2430229, 620058 2430203, 620053.2 2430177, 620047.1 2430152, 620039.6 2430127, 620030.9 2430102, 620020.9 2430078, 620009.6 2430054, 619997.1 2430031, 619983.4 2430009, 619968.6 2429987, 619952.7 2429967, 619935.7 2429947, 619917.7 2429928, 619898.7 2429910, 619878.8 2429893, 619858 2429877, 619836.4 2429862, 619814.1 2429848, 619791.1 2429836, 619767.5 2429825, 619743.3 2429815, 619718.6 2429806, 619693.5 2429798, 619668.1 2429792, 619642.3 2429787, 619616.4 2429784, 619590.3 2429782, 619564.1 2429781, 619537.9 2429782, 619511.9 2429784, 619485.9 2429787, 619460.2 2429792, 619434.7 2429798, 619409.6 2429806, 619384.9 2429815, 619360.7 2429825, 619337.1 2429836, 619314.1 2429848, 619291.8 2429862, 619270.2 2429877, 619249.5 2429893, 619229.5 2429910, 619210.6 2429928, 619192.5 2429947, 619175.5 2429967, 619159.6 2429987, 619144.8 2430009, 619131.1 2430031, 619118.6 2430054, 619107.3 2430078, 619097.3 2430102, 619088.6 2430127, 619081.2 2430152, 619075 2430177, 619070.3 2430203, 619066.9 2430229, 619064.8 2430255, 619064.1 2430281, 619064.8 2430308, 619066.9 2430334, 619070.3 2430360, 619075 2430385, 619081.2 2430411, 619088.6 2430436, 619097.3 2430461, 619107.3 2430485, 619118.6 2430508, 619131.1 2430531, 619144.8 2430554, 619159.6 2430575, 619175.5 2430596, 619192.5 2430616, 619210.6 2430635, 619229.5 2430653, 619249.5 2430670, 619270.2 2430686, 619291.8 2430701, 619314.1 2430714, 619337.1 2430727, 619360.7 2430738, 619384.9 2430748, 619409.6 2430757, 619434.7 2430764, 619460.2 2430770, 619485.9 2430775, 619511.9 2430779, 619537.9 2430781, 619564.1 2430781, 619590.3 2430781, 619616.4 2430779, 619642.3 2430775, 619668.1 2430770, 619693.5 2430764, 619718.6 2430757, 619743.3 2430748, 619767.5 2430738, 619791.1 2430727, 619814.1 2430714, 619836.4 2430701, 619858 2430686, 619878.8 2430670, 619898.7 2430653, 619917.7 2430635, 619935.7 2430616, 619952.7 2430596, 619968.6 2430575, 619983.4 2430554, 619997.1 2430531, 620009.6 2430508, 620020.9 2430485, 620030.9 2430461, 620039.6 2430436, 620047.1 2430411, 620053.2 2430385, 620058 2430360, 620061.4 2430334, 620063.4 2430308, 620064.1 2430281))"
32,20260541,Forest,2715.8853672423606,19.408732153463,0.688783570300158,0,Hani,NA,NA,0,1,0,670,618.0672191377763,1344.9464152024243,1015.376953125,15.148955345153809,225.4223157139213,110536.18698120117,674503.1433105469,0.06861704547684751,1,38,69685.73684692383,0.630433695517064,1080.4712533950806,0.009774819295864039,0,1,-0.7018756779303441,-0.7122994684329196,7.906873281323348,2.9657230758029596,-0.3728281787951418,"POLYGON ((667209.7 2396802, 667209.1 2396775, 667207 2396749, 667203.6 2396723, 667198.8 2396698, 667192.7 2396672, 667185.3 2396647, 667176.5 2396622, 667166.5 2396598, 667155.2 2396575, 667142.8 2396552, 667129.1 2396529, 667114.3 2396508, 667098.3 2396487, 667081.3 2396467, 667063.3 2396448, 667044.3 2396430, 667024.4 2396413, 667003.6 2396397, 666982.1 2396382, 666959.7 2396369, 666936.7 2396356, 666913.1 2396345, 666888.9 2396335, 666864.3 2396326, 666839.2 2396319, 666813.7 2396313, 666788 2396308, 666762 2396304, 666735.9 2396302, 666709.7 2396302, 666683.6 2396302, 666657.5 2396304, 666631.5 2396308, 666605.8 2396313, 666580.3 2396319, 666555.2 2396326, 666530.6 2396335, 666506.4 2396345, 666482.7 2396356, 666459.7 2396369, 666437.4 2396382, 666415.9 2396397, 666395.1 2396413, 666375.2 2396430, 666356.2 2396448, 666338.2 2396467, 666321.2 2396487, 666305.2 2396508, 666290.4 2396529, 666276.7 2396552, 666264.2 2396575, 666253 2396598, 666243 2396622, 666234.2 2396647, 666226.8 2396672, 666220.7 2396698, 666215.9 2396723, 666212.5 2396749, 666210.4 2396775, 666209.7 2396802, 666210.4 2396828, 666212.5 2396854, 666215.9 2396880, 666220.7 2396906, 666226.8 2396931, 666234.2 2396956, 666243 2396981, 666253 2397005, 666264.2 2397029, 666276.7 2397052, 666290.4 2397074, 666305.2 2397095, 666321.2 2397116, 666338.2 2397136, 666356.2 2397155, 666375.2 2397173, 666395.1 2397190, 666415.9 2397206, 666437.4 2397221, 666459.7 2397235, 666482.7 2397247, 666506.4 2397258, 666530.6 2397268, 666555.2 2397277, 666580.3 2397285, 666605.8 2397291, 666631.5 2397295, 666657.5 2397299, 666683.6 2397301, 666709.7 2397302, 666735.9 2397301, 666762 2397299, 666788 2397295, 666813.7 2397291, 666839.2 2397285, 666864.3 2397277, 666888.9 2397268, 666913.1 2397258, 666936.7 2397247, 666959.7 2397235, 666982.1 2397221, 667003.6 2397206, 667024.4 2397190, 667044.3 2397173, 667063.3 2397155, 667081.3 2397136, 667098.3 2397116, 667114.3 2397095, 667129.1 2397074, 667142.8 2397052, 667155.2 2397029, 667166.5 2397005, 667176.5 2396981, 667185.3 2396956, 667192.7 2396931, 667198.8 2396906, 667203.6 2396880, 667207 2396854, 667209.1 2396828, 667209.7 2396802))"
32,20260541,Forest,9566.511627906977,26.327719227924465,0.932825484764543,0,Hani,NA,NA,0,1,0,734,199.46351698239965,1320.1868245318126,854.24481201171875,10.3707914352417,125.62090948764333,388651.0528564453,16200,0.28234704445948,1,54,376951.0528564453,0.9698958746824196,3600,0.009262807790024743,0,1,-0.582419663894268,0.8128882672971038,9.166023906806155,3.270622347193581,-0.06953714304240752,"POLYGON ((673302.6 2434736, 673301.9 2434710, 673299.8 2434684, 673296.4 2434658, 673291.7 2434632, 673285.5 2434607, 673278.1 2434581, 673269.4 2434557, 673259.4 2434533, 673248.1 2434509, 673235.6 2434486, 673221.9 2434464, 673207.1 2434442, 673191.2 2434421, 673174.2 2434401, 673156.1 2434382, 673137.1 2434364, 673117.2 2434347, 673096.5 2434331, 673074.9 2434317, 673052.6 2434303, 673029.6 2434290, 673005.9 2434279, 672981.8 2434269, 672957.1 2434260, 672932 2434253, 672906.5 2434247, 672880.8 2434242, 672854.8 2434239, 672828.7 2434237, 672802.6 2434236, 672776.4 2434237, 672750.3 2434239, 672724.4 2434242, 672698.6 2434247, 672673.2 2434253, 672648.1 2434260, 672623.4 2434269, 672599.2 2434279, 672575.6 2434290, 672552.6 2434303, 672530.3 2434317, 672508.7 2434331, 672487.9 2434347, 672468 2434364, 672449 2434382, 672431 2434401, 672414 2434421, 672398.1 2434442, 672383.2 2434464, 672369.6 2434486, 672357.1 2434509, 672345.8 2434533, 672335.8 2434557, 672327.1 2434581, 672319.6 2434607, 672313.5 2434632, 672308.7 2434658, 672305.3 2434684, 672303.3 2434710, 672302.6 2434736, 672303.3 2434762, 672305.3 2434788, 672308.7 2434814, 672313.5 2434840, 672319.6 2434865, 672327.1 2434891, 672335.8 2434915, 672345.8 2434939, 672357.1 2434963, 672369.6 2434986, 672383.2 2435008, 672398.1 2435030, 672414 2435051, 672431 2435071, 672449 2435090, 672468 2435108, 672487.9 2435125, 672508.7 2435141, 672530.3 2435155, 672552.6 2435169, 672575.6 2435181, 672599.2 2435193, 672623.4 2435203, 672648.1 2435212, 672673.2 2435219, 672698.6 2435225, 672724.4 2435230, 672750.3 2435233, 672776.4 2435235, 672802.6 2435236, 672828.7 2435235, 672854.8 2435233, 672880.8 2435230, 672906.5 2435225, 672932 2435219, 672957.1 2435212, 672981.8 2435203, 673005.9 2435193, 673029.6 2435181, 673052.6 2435169, 673074.9 2435155, 673096.5 2435141, 673117.2 2435125, 673137.1 2435108, 673156.1 2435090, 673174.2 2435071, 673191.2 2435051, 673207.1 2435030, 673221.9 2435008, 673235.6 2434986, 673248.1 2434963, 673259.4 2434939, 673269.4 2434915, 673278.1 2434891, 673285.5 2434865, 673291.7 2434840, 673296.4 2434814, 673299.8 2434788, 673301.9 2434762, 673302.6 2434736))"
32,20260541,Forest,6639.069767441861,18.580990665382664,1.670074349442379,0,Hani,NA,NA,0,1,0,884,980.955515849467,1282.8972685584747,679.55560302734375,10.341686248779297,68.8410287745905,1707.5600266456604,15591.858673095703,0.234576936572783,1,46,1707.5600266456604,1,0,0,0,1,0.36095685227741753,0.9325825168820069,8.80072713739144,2.9221390508761664,0.5128681460618293,"POLYGON ((681684.3 2412276, 681683.6 2412250, 681681.6 2412224, 681678.2 2412198, 681673.4 2412172, 681667.3 2412147, 681659.9 2412122, 681651.1 2412097, 681641.1 2412073, 681629.8 2412049, 681617.3 2412026, 681603.7 2412004, 681588.8 2411982, 681572.9 2411962, 681555.9 2411942, 681537.9 2411923, 681518.9 2411905, 681499 2411888, 681478.2 2411872, 681456.6 2411857, 681434.3 2411843, 681411.3 2411831, 681387.7 2411820, 681363.5 2411810, 681338.8 2411801, 681313.7 2411793, 681288.3 2411787, 681262.5 2411782, 681236.6 2411779, 681210.5 2411777, 681184.3 2411776, 681158.2 2411777, 681132.1 2411779, 681106.1 2411782, 681080.4 2411787, 681054.9 2411793, 681029.8 2411801, 681005.1 2411810, 680981 2411820, 680957.3 2411831, 680934.3 2411843, 680912 2411857, 680890.4 2411872, 680869.7 2411888, 680849.8 2411905, 680830.8 2411923, 680812.8 2411942, 680795.8 2411962, 680779.8 2411982, 680765 2412004, 680751.3 2412026, 680738.8 2412049, 680727.6 2412073, 680717.5 2412097, 680708.8 2412122, 680701.4 2412147, 680695.3 2412172, 680690.5 2412198, 680687.1 2412224, 680685 2412250, 680684.3 2412276, 680685 2412303, 680687.1 2412329, 680690.5 2412355, 680695.3 2412380, 680701.4 2412406, 680708.8 2412431, 680717.5 2412456, 680727.6 2412480, 680738.8 2412503, 680751.3 2412526, 680765 2412549, 680779.8 2412570, 680795.8 2412591, 680812.8 2412611, 680830.8 2412630, 680849.8 2412648, 680869.7 2412665, 680890.4 2412681, 680912 2412696, 680934.3 2412709, 680957.3 2412722, 680981 2412733, 681005.1 2412743, 681029.8 2412752, 681054.9 2412759, 681080.4 2412765, 681106.1 2412770, 681132.1 2412774, 681158.2 2412776, 681184.3 2412776, 681210.5 2412776, 681236.6 2412774, 681262.5 2412770, 681288.3 2412765, 681313.7 2412759, 681338.8 2412752, 681363.5 2412743, 681387.7 2412733, 681411.3 2412722, 681434.3 2412709, 681456.6 2412696, 681478.2 2412681, 681499 2412665, 681518.9 2412648, 681537.9 2412630, 681555.9 2412611, 681572.9 2412591, 681588.8 2412570, 681603.7 2412549, 681617.3 2412526, 681629.8 2412503, 681641.1 2412480, 681651.1 2412456, 681659.9 2412431, 681667.3 2412406, 681673.4 2412380, 681678.2 2412355, 681681.6 2412329, 681683.6 2412303, 681684.3 2412276))"
32,20260541,Forest,9611.842105263157,35.375788827246616,0.27491408934707906,0,Hani,NA,NA,0,1,0,1095,424.4522144057907,1031.9099973874588,644.55633544921875,9.942702293395996,104.21689816240449,22500,650598.5412597656,0.34086939552612555,1,73,22500,1,0,0,0,1,-0.24559329233807553,0.9693729595767279,9.17075116988656,3.5660276547182206,-1.2912966324976107,"POLYGON ((698154.5 2400813, 698153.8 2400787, 698151.8 2400761, 698148.4 2400735, 698143.6 2400709, 698137.5 2400684, 698130 2400659, 698121.3 2400634, 698111.3 2400610, 698100 2400586, 698087.5 2400563, 698073.8 2400541, 698059 2400519, 698043.1 2400499, 698026.1 2400479, 698008.1 2400460, 697989.1 2400442, 697969.2 2400425, 697948.4 2400409, 697926.8 2400394, 697904.5 2400380, 697881.5 2400368, 697857.9 2400357, 697833.7 2400347, 697809 2400338, 697783.9 2400330, 697758.5 2400324, 697732.7 2400320, 697706.8 2400316, 697680.7 2400314, 697654.5 2400313, 697628.3 2400314, 697602.2 2400316, 697576.3 2400320, 697550.6 2400324, 697525.1 2400330, 697500 2400338, 697475.3 2400347, 697451.1 2400357, 697427.5 2400368, 697404.5 2400380, 697382.2 2400394, 697360.6 2400409, 697339.9 2400425, 697319.9 2400442, 697301 2400460, 697282.9 2400479, 697265.9 2400499, 697250 2400519, 697235.2 2400541, 697221.5 2400563, 697209 2400586, 697197.7 2400610, 697187.7 2400634, 697179 2400659, 697171.6 2400684, 697165.4 2400709, 697160.7 2400735, 697157.3 2400761, 697155.2 2400787, 697154.5 2400813, 697155.2 2400840, 697157.3 2400866, 697160.7 2400892, 697165.4 2400917, 697171.6 2400943, 697179 2400968, 697187.7 2400993, 697197.7 2401017, 697209 2401040, 697221.5 2401063, 697235.2 2401086, 697250 2401107, 697265.9 2401128, 697282.9 2401148, 697301 2401167, 697319.9 2401185, 697339.9 2401202, 697360.6 2401218, 697382.2 2401233, 697404.5 2401246, 697427.5 2401259, 697451.1 2401270, 697475.3 2401280, 697500 2401289, 697525.1 2401296, 697550.6 2401302, 697576.3 2401307, 697602.2 2401311, 697628.3 2401313, 697654.5 2401313, 697680.7 2401313, 697706.8 2401311, 697732.7 2401307, 697758.5 2401302, 697783.9 2401296, 697809 2401289, 697833.7 2401280, 697857.9 2401270, 697881.5 2401259, 697904.5 2401246, 697926.8 2401233, 697948.4 2401218, 697969.2 2401202, 697989.1 2401185, 698008.1 2401167, 698026.1 2401148, 698043.1 2401128, 698059 2401107, 698073.8 2401086, 698087.5 2401063, 698100 2401040, 698111.3 2401017, 698121.3 2400993, 698130 2400968, 698137.5 2400943, 698143.6 2400917, 698148.4 2400892, 698151.8 2400866, 698153.8 2400840, 698154.5 2400813))"
32,20260541,Forest,9620.300751879699,41.51503560607066,0.2980101804720037,0,Hani,NA,NA,0,1,0,1429,261.64026202637655,934.4824984767854,759.14642333984375,12.28858470916748,101.64405595231275,69324.2660522461,610458.5632324219,0.2459770477705275,1,55,69324.2660522461,1,0,0,0,1,-0.20183107802389275,0.9794203469112296,9.171630806360227,3.726055665381232,-1.2106276304025323,"POLYGON ((701077.7 2405602, 701077 2405576, 701074.9 2405550, 701071.5 2405524, 701066.7 2405498, 701060.6 2405473, 701053.2 2405448, 701044.4 2405423, 701034.4 2405399, 701023.2 2405375, 701010.7 2405352, 700997 2405330, 700982.2 2405308, 700966.2 2405287, 700949.2 2405267, 700931.2 2405249, 700912.2 2405230, 700892.3 2405213, 700871.6 2405198, 700850 2405183, 700827.7 2405169, 700804.7 2405157, 700781 2405145, 700756.8 2405135, 700732.2 2405127, 700707.1 2405119, 700681.6 2405113, 700655.9 2405108, 700629.9 2405105, 700603.8 2405103, 700577.7 2405102, 700551.5 2405103, 700525.4 2405105, 700499.4 2405108, 700473.7 2405113, 700448.2 2405119, 700423.1 2405127, 700398.5 2405135, 700374.3 2405145, 700350.7 2405157, 700327.7 2405169, 700305.3 2405183, 700283.8 2405198, 700263 2405213, 700243.1 2405230, 700224.1 2405249, 700206.1 2405267, 700189.1 2405287, 700173.1 2405308, 700158.3 2405330, 700144.6 2405352, 700132.2 2405375, 700120.9 2405399, 700110.9 2405423, 700102.1 2405448, 700094.7 2405473, 700088.6 2405498, 700083.8 2405524, 700080.4 2405550, 700078.3 2405576, 700077.7 2405602, 700078.3 2405628, 700080.4 2405654, 700083.8 2405680, 700088.6 2405706, 700094.7 2405731, 700102.1 2405757, 700110.9 2405781, 700120.9 2405805, 700132.2 2405829, 700144.6 2405852, 700158.3 2405874, 700173.1 2405896, 700189.1 2405917, 700206.1 2405937, 700224.1 2405956, 700243.1 2405974, 700263 2405991, 700283.8 2406007, 700305.3 2406021, 700327.7 2406035, 700350.7 2406048, 700374.3 2406059, 700398.5 2406069, 700423.1 2406078, 700448.2 2406085, 700473.7 2406091, 700499.4 2406096, 700525.4 2406099, 700551.5 2406101, 700577.7 2406102, 700603.8 2406101, 700629.9 2406099, 700655.9 2406096, 700681.6 2406091, 700707.1 2406085, 700732.2 2406078, 700756.8 2406069, 700781 2406059, 700804.7 2406048, 700827.7 2406035, 700850 2406021, 700871.6 2406007, 700892.3 2405991, 700912.2 2405974, 700931.2 2405956, 700949.2 2405937, 700966.2 2405917, 700982.2 2405896, 700997 2405874, 701010.7 2405852, 701023.2 2405829, 701034.4 2405805, 701044.4 2405781, 701053.2 2405757, 701060.6 2405731, 701066.7 2405706, 701071.5 2405680, 701074.9 2405654, 701077 2405628, 701077.7 2405602))"
32,20260541,Forest,9611.842105263157,35.375788827246616,0.27491408934707906,0,Hani,NA,NA,0,1,0,1528,758.5911780334155,1551.4436534423373,662.20831298828125,9.666178703308105,131.13725928280547,68843.19534301758,716196.1486816406,0.27387459206020076,1,90,54476.12342834473,0.7913073057825456,0,0,0,1,-0.6578651468973526,0.753135743739284,9.17075116988656,3.5660276547182206,-1.2912966324976107,"POLYGON ((699848.6 2402383, 699847.9 2402357, 699845.9 2402331, 699842.5 2402305, 699837.7 2402279, 699831.6 2402254, 699824.1 2402229, 699815.4 2402204, 699805.4 2402180, 699794.1 2402156, 699781.6 2402133, 699768 2402111, 699753.1 2402089, 699737.2 2402069, 699720.2 2402049, 699702.2 2402030, 699683.2 2402012, 699663.3 2401995, 699642.5 2401979, 699620.9 2401964, 699598.6 2401950, 699575.6 2401938, 699552 2401927, 699527.8 2401917, 699503.1 2401908, 699478 2401900, 699452.6 2401894, 699426.8 2401889, 699400.9 2401886, 699374.8 2401884, 699348.6 2401883, 699322.5 2401884, 699296.4 2401886, 699270.4 2401889, 699244.7 2401894, 699219.2 2401900, 699194.1 2401908, 699169.4 2401917, 699145.3 2401927, 699121.6 2401938, 699098.6 2401950, 699076.3 2401964, 699054.7 2401979, 699034 2401995, 699014.1 2402012, 698995.1 2402030, 698977 2402049, 698960 2402069, 698944.1 2402089, 698929.3 2402111, 698915.6 2402133, 698903.1 2402156, 698891.8 2402180, 698881.8 2402204, 698873.1 2402229, 698865.7 2402254, 698859.5 2402279, 698854.8 2402305, 698851.4 2402331, 698849.3 2402357, 698848.6 2402383, 698849.3 2402410, 698851.4 2402436, 698854.8 2402462, 698859.5 2402487, 698865.7 2402513, 698873.1 2402538, 698881.8 2402563, 698891.8 2402587, 698903.1 2402610, 698915.6 2402633, 698929.3 2402656, 698944.1 2402677, 698960 2402698, 698977 2402718, 698995.1 2402737, 699014.1 2402755, 699034 2402772, 699054.7 2402788, 699076.3 2402803, 699098.6 2402816, 699121.6 2402829, 699145.3 2402840, 699169.4 2402850, 699194.1 2402859, 699219.2 2402866, 699244.7 2402872, 699270.4 2402877, 699296.4 2402881, 699322.5 2402883, 699348.6 2402883, 699374.8 2402883, 699400.9 2402881, 699426.8 2402877, 699452.6 2402872, 699478 2402866, 699503.1 2402859, 699527.8 2402850, 699552 2402840, 699575.6 2402829, 699598.6 2402816, 699620.9 2402803, 699642.5 2402788, 699663.3 2402772, 699683.2 2402755, 699702.2 2402737, 699720.2 2402718, 699737.2 2402698, 699753.1 2402677, 699768 2402656, 699781.6 2402633, 699794.1 2402610, 699805.4 2402587, 699815.4 2402563, 699824.1 2402538, 699831.6 2402513, 699837.7 2402487, 699842.5 2402462, 699845.9 2402436, 699847.9 2402410, 699848.6 2402383))"
32,20260541,Forest,5307.45872081989,36.630721511716736,0.5234012147195427,0,Hani,NA,NA,0,1,0,1587,296.7479385916397,1957.3454200989675,725.93658447265625,13.2608642578125,153.36747364319083,251228.1005859375,100426.82876586914,0.14424463383992356,1,56,14400,0.05731842881594449,2438.8017654418945,0.009707519818658401,0,1,-0.8938999035105434,0.448266619885801,8.576868416028539,3.6008872738862983,-0.6474069680642858,"POLYGON ((686340.7 2402096, 686340 2402069, 686338 2402043, 686334.6 2402017, 686329.8 2401992, 686323.7 2401966, 686316.3 2401941, 686307.5 2401916, 686297.5 2401892, 686286.2 2401869, 686273.7 2401846, 686260.1 2401823, 686245.2 2401802, 686229.3 2401781, 686212.3 2401761, 686194.3 2401742, 686175.3 2401724, 686155.4 2401707, 686134.6 2401691, 686113.1 2401676, 686090.7 2401663, 686067.7 2401650, 686044.1 2401639, 686019.9 2401629, 685995.2 2401620, 685970.1 2401613, 685944.7 2401607, 685919 2401602, 685893 2401598, 685866.9 2401596, 685840.7 2401596, 685814.6 2401596, 685788.5 2401598, 685762.5 2401602, 685736.8 2401607, 685711.3 2401613, 685686.2 2401620, 685661.5 2401629, 685637.4 2401639, 685613.7 2401650, 685590.7 2401663, 685568.4 2401676, 685546.8 2401691, 685526.1 2401707, 685506.2 2401724, 685487.2 2401742, 685469.2 2401761, 685452.2 2401781, 685436.2 2401802, 685421.4 2401823, 685407.7 2401846, 685395.2 2401869, 685384 2401892, 685373.9 2401916, 685365.2 2401941, 685357.8 2401966, 685351.7 2401992, 685346.9 2402017, 685343.5 2402043, 685341.4 2402069, 685340.7 2402096, 685341.4 2402122, 685343.5 2402148, 685346.9 2402174, 685351.7 2402200, 685357.8 2402225, 685365.2 2402250, 685373.9 2402275, 685384 2402299, 685395.2 2402323, 685407.7 2402346, 685421.4 2402368, 685436.2 2402390, 685452.2 2402410, 685469.2 2402430, 685487.2 2402449, 685506.2 2402467, 685526.1 2402484, 685546.8 2402500, 685568.4 2402515, 685590.7 2402529, 685613.7 2402541, 685637.4 2402552, 685661.5 2402562, 685686.2 2402571, 685711.3 2402579, 685736.8 2402585, 685762.5 2402589, 685788.5 2402593, 685814.6 2402595, 685840.7 2402596, 685866.9 2402595, 685893 2402593, 685919 2402589, 685944.7 2402585, 685970.1 2402579, 685995.2 2402571, 686019.9 2402562, 686044.1 2402552, 686067.7 2402541, 686090.7 2402529, 686113.1 2402515, 686134.6 2402500, 686155.4 2402484, 686175.3 2402467, 686194.3 2402449, 686212.3 2402430, 686229.3 2402410, 686245.2 2402390, 686260.1 2402368, 686273.7 2402346, 686286.2 2402323, 686297.5 2402299, 686307.5 2402275, 686316.3 2402250, 686323.7 2402225, 686329.8 2402200, 686334.6 2402174, 686338 2402148, 686340 2402122, 686340.7 2402096))"
32,20260541,Forest,4515,22.149829986848378,1.7557289127254998,0,Hani,NA,NA,0,1,0,1766,512.6703554823973,1430.230915304778,692.84747314453125,11.746005058288574,153.56151819677157,95644.36340332031,347969.3115234375,0.2100515750340908,1,1,4990.819787979126,0.05218101318666803,0,0,0,1,-0.8954129260586319,0.44523666947716595,8.415160465851086,3.0978298209243684,0.5628841055764946,"POLYGON ((731417 2423069, 731416.3 2423042, 731414.3 2423016, 731410.9 2422990, 731406.1 2422965, 731400 2422939, 731392.6 2422914, 731383.8 2422889, 731373.8 2422865, 731362.5 2422842, 731350 2422819, 731336.4 2422796, 731321.5 2422775, 731305.6 2422754, 731288.6 2422734, 731270.6 2422715, 731251.6 2422697, 731231.7 2422680, 731210.9 2422664, 731189.3 2422649, 731167 2422636, 731144 2422623, 731120.4 2422612, 731096.2 2422602, 731071.5 2422593, 731046.4 2422586, 731021 2422579, 730995.2 2422575, 730969.3 2422571, 730943.2 2422569, 730917 2422569, 730890.9 2422569, 730864.8 2422571, 730838.8 2422575, 730813.1 2422579, 730787.6 2422586, 730762.5 2422593, 730737.8 2422602, 730713.7 2422612, 730690 2422623, 730667 2422636, 730644.7 2422649, 730623.1 2422664, 730602.4 2422680, 730582.5 2422697, 730563.5 2422715, 730545.4 2422734, 730528.4 2422754, 730512.5 2422775, 730497.7 2422796, 730484 2422819, 730471.5 2422842, 730460.2 2422865, 730450.2 2422889, 730441.5 2422914, 730434.1 2422939, 730427.9 2422965, 730423.2 2422990, 730419.8 2423016, 730417.7 2423042, 730417 2423069, 730417.7 2423095, 730419.8 2423121, 730423.2 2423147, 730427.9 2423172, 730434.1 2423198, 730441.5 2423223, 730450.2 2423248, 730460.2 2423272, 730471.5 2423296, 730484 2423319, 730497.7 2423341, 730512.5 2423362, 730528.4 2423383, 730545.4 2423403, 730563.5 2423422, 730582.5 2423440, 730602.4 2423457, 730623.1 2423473, 730644.7 2423488, 730667 2423502, 730690 2423514, 730713.7 2423525, 730737.8 2423535, 730762.5 2423544, 730787.6 2423551, 730813.1 2423558, 730838.8 2423562, 730864.8 2423566, 730890.9 2423568, 730917 2423569, 730943.2 2423568, 730969.3 2423566, 730995.2 2423562, 731021 2423558, 731046.4 2423551, 731071.5 2423544, 731096.2 2423535, 731120.4 2423525, 731144 2423514, 731167 2423502, 731189.3 2423488, 731210.9 2423473, 731231.7 2423457, 731251.6 2423440, 731270.6 2423422, 731288.6 2423403, 731305.6 2423383, 731321.5 2423362, 731336.4 2423341, 731350 2423319, 731362.5 2423296, 731373.8 2423272, 731383.8 2423248, 731392.6 2423223, 731400 2423198, 731406.1 2423172, 731410.9 2423147, 731414.3 2423121, 731416.3 2423095, 731417 2423069))"
32,20260541,Forest,2591.573353577529,41.89499305379046,0.6281028368794326,0,Hani,NA,NA,0,1,0,1801,333.03293230172517,2341.0682189356116,769.43402099609375,10.943469047546387,126.15478610677945,22312.712287902832,119458.56170654297,0.18961790091195768,1,85,7601.6472816467285,0.34068683284945483,1443.5258388519287,0.06469522038495328,0,1,-0.5899686861489447,0.8074261262578069,7.860020442680657,3.7351663222647935,-0.46505137292726917,"POLYGON ((671701.3 2405704, 671700.6 2405678, 671698.6 2405652, 671695.1 2405626, 671690.4 2405600, 671684.3 2405575, 671676.8 2405550, 671668.1 2405525, 671658.1 2405501, 671646.8 2405477, 671634.3 2405454, 671620.6 2405432, 671605.8 2405410, 671589.9 2405390, 671572.9 2405370, 671554.9 2405351, 671535.9 2405333, 671516 2405316, 671495.2 2405300, 671473.6 2405285, 671451.3 2405271, 671428.3 2405259, 671404.7 2405247, 671380.5 2405237, 671355.8 2405229, 671330.7 2405221, 671305.3 2405215, 671279.5 2405210, 671253.6 2405207, 671227.5 2405205, 671201.3 2405204, 671175.1 2405205, 671149 2405207, 671123.1 2405210, 671097.3 2405215, 671071.9 2405221, 671046.8 2405229, 671022.1 2405237, 670997.9 2405247, 670974.3 2405259, 670951.3 2405271, 670929 2405285, 670907.4 2405300, 670886.6 2405316, 670866.7 2405333, 670847.7 2405351, 670829.7 2405370, 670812.7 2405390, 670796.8 2405410, 670782 2405432, 670768.3 2405454, 670755.8 2405477, 670744.5 2405501, 670734.5 2405525, 670725.8 2405550, 670718.3 2405575, 670712.2 2405600, 670707.5 2405626, 670704 2405652, 670702 2405678, 670701.3 2405704, 670702 2405730, 670704 2405757, 670707.5 2405782, 670712.2 2405808, 670718.3 2405834, 670725.8 2405859, 670734.5 2405883, 670744.5 2405908, 670755.8 2405931, 670768.3 2405954, 670782 2405977, 670796.8 2405998, 670812.7 2406019, 670829.7 2406039, 670847.7 2406058, 670866.7 2406076, 670886.6 2406093, 670907.4 2406109, 670929 2406124, 670951.3 2406137, 670974.3 2406150, 670997.9 2406161, 671022.1 2406171, 671046.8 2406180, 671071.9 2406187, 671097.3 2406193, 671123.1 2406198, 671149 2406202, 671175.1 2406204, 671201.3 2406204, 671227.5 2406204, 671253.6 2406202, 671279.5 2406198, 671305.3 2406193, 671330.7 2406187, 671355.8 2406180, 671380.5 2406171, 671404.7 2406161, 671428.3 2406150, 671451.3 2406137, 671473.6 2406124, 671495.2 2406109, 671516 2406093, 671535.9 2406076, 671554.9 2406058, 671572.9 2406039, 671589.9 2406019, 671605.8 2405998, 671620.6 2405977, 671634.3 2405954, 671646.8 2405931, 671658.1 2405908, 671668.1 2405883, 671676.8 2405859, 671684.3 2405834, 671690.4 2405808, 671695.1 2405782, 671698.6 2405757, 671700.6 2405730, 671701.3 2405704))"
32,20260541,Forest,8196.42857142857,29.790644225739026,0.5217557251908397,0,Hani,NA,NA,0,1,0,1839,288.1215632716675,621.7661040643096,743.6998291015625,11.939895629882812,149.95197612994795,84948.74725341797,696234.2102050781,0.27452459812472363,1,7,80448.74725341797,0.9470268821437041,2700,0.03178387071377752,0,1,-0.8656060123002131,0.5007257048222344,9.011453798307533,3.3941943920616544,-0.650555760031193,"POLYGON ((706376.6 2405688, 706376 2405661, 706373.9 2405635, 706370.5 2405609, 706365.7 2405584, 706359.6 2405558, 706352.2 2405533, 706343.4 2405508, 706333.4 2405484, 706322.1 2405461, 706309.7 2405438, 706296 2405415, 706281.1 2405394, 706265.2 2405373, 706248.2 2405353, 706230.2 2405334, 706211.2 2405316, 706191.3 2405299, 706170.5 2405283, 706149 2405268, 706126.6 2405255, 706103.6 2405242, 706080 2405231, 706055.8 2405221, 706031.1 2405212, 706006.1 2405205, 705980.6 2405199, 705954.9 2405194, 705928.9 2405190, 705902.8 2405188, 705876.6 2405188, 705850.5 2405188, 705824.4 2405190, 705798.4 2405194, 705772.7 2405199, 705747.2 2405205, 705722.1 2405212, 705697.5 2405221, 705673.3 2405231, 705649.6 2405242, 705626.6 2405255, 705604.3 2405268, 705582.7 2405283, 705562 2405299, 705542.1 2405316, 705523.1 2405334, 705505.1 2405353, 705488.1 2405373, 705472.1 2405394, 705457.3 2405415, 705443.6 2405438, 705431.1 2405461, 705419.9 2405484, 705409.9 2405508, 705401.1 2405533, 705393.7 2405558, 705387.6 2405584, 705382.8 2405609, 705379.4 2405635, 705377.3 2405661, 705376.6 2405688, 705377.3 2405714, 705379.4 2405740, 705382.8 2405766, 705387.6 2405792, 705393.7 2405817, 705401.1 2405842, 705409.9 2405867, 705419.9 2405891, 705431.1 2405915, 705443.6 2405938, 705457.3 2405960, 705472.1 2405982, 705488.1 2406002, 705505.1 2406022, 705523.1 2406041, 705542.1 2406059, 705562 2406076, 705582.7 2406092, 705604.3 2406107, 705626.6 2406121, 705649.6 2406133, 705673.3 2406144, 705697.5 2406154, 705722.1 2406163, 705747.2 2406171, 705772.7 2406177, 705798.4 2406181, 705824.4 2406185, 705850.5 2406187, 705876.6 2406188, 705902.8 2406187, 705928.9 2406185, 705954.9 2406181, 705980.6 2406177, 706006.1 2406171, 706031.1 2406163, 706055.8 2406154, 706080 2406144, 706103.6 2406133, 706126.6 2406121, 706149 2406107, 706170.5 2406092, 706191.3 2406076, 706211.2 2406059, 706230.2 2406041, 706248.2 2406022, 706265.2 2406002, 706281.1 2405982, 706296 2405960, 706309.7 2405938, 706322.1 2405915, 706333.4 2405891, 706343.4 2405867, 706352.2 2405842, 706359.6 2405817, 706365.7 2405792, 706370.5 2405766, 706373.9 2405740, 706376 2405714, 706376.6 2405688))"
32,20260541,Forest,8196.42857142857,29.790644225739026,0.5217557251908397,0,Hani,NA,NA,0,1,0,2015,356.3639276608846,925.2918938610043,887.95501708984375,12.41474437713623,175.93767441034043,196945.5047607422,588093.85986328125,0.1930617205724578,1,114,186224.89471435547,0.9455656017160149,4702.363443374634,0.023876470037167214,0,1,-0.9974875799083354,0.07084156921336653,9.011453798307533,3.3941943920616544,-0.650555760031193,"POLYGON ((711329.6 2407932, 711328.9 2407906, 711326.9 2407880, 711323.5 2407854, 711318.7 2407828, 711312.6 2407803, 711305.2 2407778, 711296.4 2407753, 711286.4 2407729, 711275.1 2407705, 711262.6 2407682, 711249 2407660, 711234.1 2407638, 711218.2 2407618, 711201.2 2407598, 711183.2 2407579, 711164.2 2407561, 711144.3 2407544, 711123.5 2407528, 711102 2407513, 711079.6 2407499, 711056.6 2407487, 711033 2407475, 711008.8 2407465, 710984.1 2407457, 710959 2407449, 710933.6 2407443, 710907.8 2407438, 710881.9 2407435, 710855.8 2407433, 710829.6 2407432, 710803.5 2407433, 710777.4 2407435, 710751.4 2407438, 710725.7 2407443, 710700.2 2407449, 710675.1 2407457, 710650.4 2407465, 710626.3 2407475, 710602.6 2407487, 710579.6 2407499, 710557.3 2407513, 710535.7 2407528, 710515 2407544, 710495.1 2407561, 710476.1 2407579, 710458.1 2407598, 710441.1 2407618, 710425.1 2407638, 710410.3 2407660, 710396.6 2407682, 710384.1 2407705, 710372.9 2407729, 710362.8 2407753, 710354.1 2407778, 710346.7 2407803, 710340.6 2407828, 710335.8 2407854, 710332.4 2407880, 710330.3 2407906, 710329.6 2407932, 710330.3 2407958, 710332.4 2407985, 710335.8 2408010, 710340.6 2408036, 710346.7 2408062, 710354.1 2408087, 710362.8 2408111, 710372.9 2408136, 710384.1 2408159, 710396.6 2408182, 710410.3 2408205, 710425.1 2408226, 710441.1 2408247, 710458.1 2408267, 710476.1 2408286, 710495.1 2408304, 710515 2408321, 710535.7 2408337, 710557.3 2408352, 710579.6 2408365, 710602.6 2408378, 710626.3 2408389, 710650.4 2408399, 710675.1 2408408, 710700.2 2408415, 710725.7 2408421, 710751.4 2408426, 710777.4 2408430, 710803.5 2408432, 710829.6 2408432, 710855.8 2408432, 710881.9 2408430, 710907.8 2408426, 710933.6 2408421, 710959 2408415, 710984.1 2408408, 711008.8 2408399, 711033 2408389, 711056.6 2408378, 711079.6 2408365, 711102 2408352, 711123.5 2408337, 711144.3 2408321, 711164.2 2408304, 711183.2 2408286, 711201.2 2408267, 711218.2 2408247, 711234.1 2408226, 711249 2408205, 711262.6 2408182, 711275.1 2408159, 711286.4 2408136, 711296.4 2408111, 711305.2 2408087, 711312.6 2408062, 711318.7 2408036, 711323.5 2408010, 711326.9 2407985, 711328.9 2407958, 711329.6 2407932))"
32,20260541,Forest,5351.11026760296,13.711033575247699,0.13435474366529168,0,Hani,NA,NA,0,1,0,2086,537.4029262318719,789.6978787898404,943.30767822265625,14.919679641723633,39.36400294956886,299342.7795410156,32456.455993652344,0.11286269823368072,1,24,274387.85705566406,0.9166342928878555,4500,0.015032933170794637,0,1,0.7731322012323499,0.6342449049205057,8.585059345014134,2.6182008791533518,-2.0072716362797856,"POLYGON ((678652.9 2409939, 678652.2 2409913, 678650.2 2409887, 678646.7 2409861, 678642 2409835, 678635.9 2409809, 678628.4 2409784, 678619.7 2409760, 678609.7 2409735, 678598.4 2409712, 678585.9 2409689, 678572.2 2409667, 678557.4 2409645, 678541.5 2409624, 678524.5 2409604, 678506.4 2409585, 678487.5 2409567, 678467.6 2409550, 678446.8 2409534, 678425.2 2409519, 678402.9 2409506, 678379.9 2409493, 678356.3 2409482, 678332.1 2409472, 678307.4 2409463, 678282.3 2409456, 678256.9 2409450, 678231.1 2409445, 678205.2 2409442, 678179.1 2409440, 678152.9 2409439, 678126.7 2409440, 678100.6 2409442, 678074.7 2409445, 678048.9 2409450, 678023.5 2409456, 677998.4 2409463, 677973.7 2409472, 677949.5 2409482, 677925.9 2409493, 677902.9 2409506, 677880.6 2409519, 677859 2409534, 677838.2 2409550, 677818.3 2409567, 677799.3 2409585, 677781.3 2409604, 677764.3 2409624, 677748.4 2409645, 677733.6 2409667, 677719.9 2409689, 677707.4 2409712, 677696.1 2409735, 677686.1 2409760, 677677.4 2409784, 677669.9 2409809, 677663.8 2409835, 677659.1 2409861, 677655.6 2409887, 677653.6 2409913, 677652.9 2409939, 677653.6 2409965, 677655.6 2409991, 677659.1 2410017, 677663.8 2410043, 677669.9 2410068, 677677.4 2410093, 677686.1 2410118, 677696.1 2410142, 677707.4 2410166, 677719.9 2410189, 677733.6 2410211, 677748.4 2410233, 677764.3 2410253, 677781.3 2410273, 677799.3 2410292, 677818.3 2410310, 677838.2 2410327, 677859 2410343, 677880.6 2410358, 677902.9 2410372, 677925.9 2410384, 677949.5 2410396, 677973.7 2410406, 677998.4 2410414, 678023.5 2410422, 678048.9 2410428, 678074.7 2410433, 678100.6 2410436, 678126.7 2410438, 678152.9 2410439, 678179.1 2410438, 678205.2 2410436, 678231.1 2410433, 678256.9 2410428, 678282.3 2410422, 678307.4 2410414, 678332.1 2410406, 678356.3 2410396, 678379.9 2410384, 678402.9 2410372, 678425.2 2410358, 678446.8 2410343, 678467.6 2410327, 678487.5 2410310, 678506.4 2410292, 678524.5 2410273, 678541.5 2410253, 678557.4 2410233, 678572.2 2410211, 678585.9 2410189, 678598.4 2410166, 678609.7 2410142, 678619.7 2410118, 678628.4 2410093, 678635.9 2410068, 678642 2410043, 678646.7 2410017, 678650.2 2409991, 678652.2 2409965, 678652.9 2409939))"
32,20260541,Forest,5307.45872081989,36.630721511716736,0.5234012147195427,0,Hani,NA,NA,0,1,0,2253,128.01649491275842,1425.3934508546097,698.292724609375,10.204895973205566,3.5831204041443963,67574.89242553711,22157.472038269043,0.23507473189652392,1,21,1824.0098476409912,0.026992419553622297,0,0,0,1,0.9980451834888465,0.062496493619360625,8.576868416028539,3.6008872738862983,-0.6474069680642858,"POLYGON ((685775 2402034, 685774.4 2402008, 685772.3 2401982, 685768.9 2401956, 685764.1 2401930, 685758 2401905, 685750.6 2401880, 685741.8 2401855, 685731.8 2401831, 685720.5 2401807, 685708.1 2401784, 685694.4 2401762, 685679.5 2401740, 685663.6 2401720, 685646.6 2401700, 685628.6 2401681, 685609.6 2401663, 685589.7 2401646, 685568.9 2401630, 685547.4 2401615, 685525 2401601, 685502 2401589, 685478.4 2401578, 685454.2 2401567, 685429.5 2401559, 685404.5 2401551, 685379 2401545, 685353.3 2401540, 685327.3 2401537, 685301.2 2401535, 685275 2401534, 685248.9 2401535, 685222.8 2401537, 685196.8 2401540, 685171.1 2401545, 685145.6 2401551, 685120.5 2401559, 685095.9 2401567, 685071.7 2401578, 685048 2401589, 685025 2401601, 685002.7 2401615, 684981.1 2401630, 684960.4 2401646, 684940.5 2401663, 684921.5 2401681, 684903.5 2401700, 684886.5 2401720, 684870.5 2401740, 684855.7 2401762, 684842 2401784, 684829.5 2401807, 684818.3 2401831, 684808.3 2401855, 684799.5 2401880, 684792.1 2401905, 684786 2401930, 684781.2 2401956, 684777.8 2401982, 684775.7 2402008, 684775 2402034, 684775.7 2402060, 684777.8 2402087, 684781.2 2402112, 684786 2402138, 684792.1 2402164, 684799.5 2402189, 684808.3 2402213, 684818.3 2402238, 684829.5 2402261, 684842 2402284, 684855.7 2402307, 684870.5 2402328, 684886.5 2402349, 684903.5 2402369, 684921.5 2402388, 684940.5 2402406, 684960.4 2402423, 684981.1 2402439, 685002.7 2402454, 685025 2402467, 685048 2402480, 685071.7 2402491, 685095.9 2402501, 685120.5 2402510, 685145.6 2402517, 685171.1 2402523, 685196.8 2402528, 685222.8 2402532, 685248.9 2402534, 685275 2402534, 685301.2 2402534, 685327.3 2402532, 685353.3 2402528, 685379 2402523, 685404.5 2402517, 685429.5 2402510, 685454.2 2402501, 685478.4 2402491, 685502 2402480, 685525 2402467, 685547.4 2402454, 685568.9 2402439, 685589.7 2402423, 685609.6 2402406, 685628.6 2402388, 685646.6 2402369, 685663.6 2402349, 685679.5 2402328, 685694.4 2402307, 685708.1 2402284, 685720.5 2402261, 685731.8 2402238, 685741.8 2402213, 685750.6 2402189, 685758 2402164, 685764.1 2402138, 685768.9 2402112, 685772.3 2402087, 685774.4 2402060, 685775 2402034))"
32,20260541,Forest,3378.2501423420003,27.32013936280332,2.0710014947683106,0,Hani,NA,NA,0,1,0,2297,70.15170802749019,75.54595134887938,1400.4151611328125,10.52587890625,176.64545377769346,785039.3371582031,0,0.27251855486579624,1,97,0,0,0,0,0,1,-0.9982865626142569,0.058514433294798364,8.125113145053028,3.3076241358170795,0.7280323041748045,"POLYGON ((666819.4 2410577, 666818.7 2410551, 666816.7 2410524, 666813.3 2410498, 666808.5 2410473, 666802.4 2410447, 666795 2410422, 666786.2 2410398, 666776.2 2410373, 666764.9 2410350, 666752.4 2410327, 666738.8 2410304, 666723.9 2410283, 666708 2410262, 666691 2410242, 666673 2410223, 666654 2410205, 666634.1 2410188, 666613.3 2410172, 666591.7 2410157, 666569.4 2410144, 666546.4 2410131, 666522.8 2410120, 666498.6 2410110, 666473.9 2410101, 666448.8 2410094, 666423.4 2410088, 666397.6 2410083, 666371.7 2410079, 666345.6 2410077, 666319.4 2410077, 666293.3 2410077, 666267.2 2410079, 666241.2 2410083, 666215.5 2410088, 666190 2410094, 666164.9 2410101, 666140.2 2410110, 666116.1 2410120, 666092.4 2410131, 666069.4 2410144, 666047.1 2410157, 666025.5 2410172, 666004.8 2410188, 665984.9 2410205, 665965.9 2410223, 665947.9 2410242, 665930.9 2410262, 665914.9 2410283, 665900.1 2410304, 665886.4 2410327, 665873.9 2410350, 665862.7 2410373, 665852.6 2410398, 665843.9 2410422, 665836.5 2410447, 665830.4 2410473, 665825.6 2410498, 665822.2 2410524, 665820.1 2410551, 665819.4 2410577, 665820.1 2410603, 665822.2 2410629, 665825.6 2410655, 665830.4 2410681, 665836.5 2410706, 665843.9 2410731, 665852.6 2410756, 665862.7 2410780, 665873.9 2410804, 665886.4 2410827, 665900.1 2410849, 665914.9 2410871, 665930.9 2410891, 665947.9 2410911, 665965.9 2410930, 665984.9 2410948, 666004.8 2410965, 666025.5 2410981, 666047.1 2410996, 666069.4 2411010, 666092.4 2411022, 666116.1 2411033, 666140.2 2411043, 666164.9 2411052, 666190 2411060, 666215.5 2411066, 666241.2 2411071, 666267.2 2411074, 666293.3 2411076, 666319.4 2411077, 666345.6 2411076, 666371.7 2411074, 666397.6 2411071, 666423.4 2411066, 666448.8 2411060, 666473.9 2411052, 666498.6 2411043, 666522.8 2411033, 666546.4 2411022, 666569.4 2411010, 666591.7 2410996, 666613.3 2410981, 666634.1 2410965, 666654 2410948, 666673 2410930, 666691 2410911, 666708 2410891, 666723.9 2410871, 666738.8 2410849, 666752.4 2410827, 666764.9 2410804, 666776.2 2410780, 666786.2 2410756, 666795 2410731, 666802.4 2410706, 666808.5 2410681, 666813.3 2410655, 666816.7 2410629, 666818.7 2410603, 666819.4 2410577))"
32,20260541,Forest,28221.39534883721,36.32440798387466,1.8620967741935484,0,Hani,NA,NA,0,1,0,2312,862.8034960273715,871.4974482257736,979.4661865234375,9.064074516296387,119.11406546958901,785039.3371582031,0,0.2985862055624792,1,57,45197.005462646484,0.05757291809892868,452807.0343017578,0.5767953437096452,0,1,-0.4865498670222336,0.8736528068407077,10.247835669571991,3.59248991156372,0.6217031507554128,"POLYGON ((671900.2 2424522, 671899.5 2424496, 671897.4 2424470, 671894 2424444, 671889.2 2424418, 671883.1 2424392, 671875.7 2424367, 671866.9 2424343, 671856.9 2424319, 671845.7 2424295, 671833.2 2424272, 671819.5 2424250, 671804.7 2424228, 671788.7 2424207, 671771.7 2424187, 671753.7 2424168, 671734.7 2424150, 671714.8 2424133, 671694 2424117, 671672.5 2424103, 671650.2 2424089, 671627.1 2424076, 671603.5 2424065, 671579.3 2424055, 671554.7 2424046, 671529.6 2424039, 671504.1 2424033, 671478.4 2424028, 671452.4 2424025, 671426.3 2424023, 671400.2 2424022, 671374 2424023, 671347.9 2424025, 671321.9 2424028, 671296.2 2424033, 671270.7 2424039, 671245.6 2424046, 671221 2424055, 671196.8 2424065, 671173.2 2424076, 671150.2 2424089, 671127.8 2424103, 671106.3 2424117, 671085.5 2424133, 671065.6 2424150, 671046.6 2424168, 671028.6 2424187, 671011.6 2424207, 670995.6 2424228, 670980.8 2424250, 670967.1 2424272, 670954.6 2424295, 670943.4 2424319, 670933.4 2424343, 670924.6 2424367, 670917.2 2424392, 670911.1 2424418, 670906.3 2424444, 670902.9 2424470, 670900.8 2424496, 670900.2 2424522, 670900.8 2424548, 670902.9 2424574, 670906.3 2424600, 670911.1 2424626, 670917.2 2424651, 670924.6 2424676, 670933.4 2424701, 670943.4 2424725, 670954.6 2424749, 670967.1 2424772, 670980.8 2424794, 670995.6 2424816, 671011.6 2424837, 671028.6 2424856, 671046.6 2424875, 671065.6 2424893, 671085.5 2424910, 671106.3 2424926, 671127.8 2424941, 671150.2 2424955, 671173.2 2424967, 671196.8 2424979, 671221 2424989, 671245.6 2424997, 671270.7 2425005, 671296.2 2425011, 671321.9 2425016, 671347.9 2425019, 671374 2425021, 671400.2 2425022, 671426.3 2425021, 671452.4 2425019, 671478.4 2425016, 671504.1 2425011, 671529.6 2425005, 671554.7 2424997, 671579.3 2424989, 671603.5 2424979, 671627.1 2424967, 671650.2 2424955, 671672.5 2424941, 671694 2424926, 671714.8 2424910, 671734.7 2424893, 671753.7 2424875, 671771.7 2424856, 671788.7 2424837, 671804.7 2424816, 671819.5 2424794, 671833.2 2424772, 671845.7 2424749, 671856.9 2424725, 671866.9 2424701, 671875.7 2424676, 671883.1 2424651, 671889.2 2424626, 671894 2424600, 671897.4 2424574, 671899.5 2424548, 671900.2 2424522))"
32,20260541,Forest,7221.484152590624,50.11014177252991,0.7464285714285714,0,Hani,NA,NA,0,1,0,2521,566.3964314110697,992.5515670879895,1064.90283203125,16.516090393066406,186.21747548062015,729304.4860839844,0,0.07149016213375714,1,42,658604.11376953125,0.903057812390432,14459.973335266113,0.019827073069177515,0,1,-0.9941179774225544,-0.10830257136970355,8.884815772062684,3.9142234181939313,-0.2924553512044386,"POLYGON ((682815.9 2386269, 682815.2 2386243, 682813.2 2386217, 682809.8 2386191, 682805 2386165, 682798.9 2386139, 682791.4 2386114, 682782.7 2386090, 682772.7 2386066, 682761.4 2386042, 682748.9 2386019, 682735.3 2385997, 682720.4 2385975, 682704.5 2385954, 682687.5 2385934, 682669.5 2385915, 682650.5 2385897, 682630.6 2385880, 682609.8 2385864, 682588.2 2385850, 682565.9 2385836, 682542.9 2385823, 682519.3 2385812, 682495.1 2385802, 682470.4 2385793, 682445.3 2385786, 682419.9 2385780, 682394.1 2385775, 682368.2 2385772, 682342.1 2385770, 682315.9 2385769, 682289.8 2385770, 682263.7 2385772, 682237.7 2385775, 682212 2385780, 682186.5 2385786, 682161.4 2385793, 682136.7 2385802, 682112.5 2385812, 682088.9 2385823, 682065.9 2385836, 682043.6 2385850, 682022 2385864, 682001.3 2385880, 681981.4 2385897, 681962.4 2385915, 681944.3 2385934, 681927.3 2385954, 681911.4 2385975, 681896.6 2385997, 681882.9 2386019, 681870.4 2386042, 681859.1 2386066, 681849.1 2386090, 681840.4 2386114, 681833 2386139, 681826.8 2386165, 681822.1 2386191, 681818.7 2386217, 681816.6 2386243, 681815.9 2386269, 681816.6 2386295, 681818.7 2386321, 681822.1 2386347, 681826.8 2386373, 681833 2386398, 681840.4 2386423, 681849.1 2386448, 681859.1 2386472, 681870.4 2386496, 681882.9 2386519, 681896.6 2386541, 681911.4 2386563, 681927.3 2386584, 681944.3 2386603, 681962.4 2386622, 681981.4 2386640, 682001.3 2386657, 682022 2386673, 682043.6 2386688, 682065.9 2386702, 682088.9 2386714, 682112.5 2386726, 682136.7 2386736, 682161.4 2386744, 682186.5 2386752, 682212 2386758, 682237.7 2386763, 682263.7 2386766, 682289.8 2386768, 682315.9 2386769, 682342.1 2386768, 682368.2 2386766, 682394.1 2386763, 682419.9 2386758, 682445.3 2386752, 682470.4 2386744, 682495.1 2386736, 682519.3 2386726, 682542.9 2386714, 682565.9 2386702, 682588.2 2386688, 682609.8 2386673, 682630.6 2386657, 682650.5 2386640, 682669.5 2386622, 682687.5 2386603, 682704.5 2386584, 682720.4 2386563, 682735.3 2386541, 682748.9 2386519, 682761.4 2386496, 682772.7 2386472, 682782.7 2386448, 682791.4 2386423, 682798.9 2386398, 682805 2386373, 682809.8 2386347, 682813.2 2386321, 682815.2 2386295, 682815.9 2386269))"
32,20260541,Forest,5307.45872081989,36.630721511716736,0.5234012147195427,0,Hani,NA,NA,0,1,0,2893,95.49348735195979,1460.908785860144,826.53515625,13.880061149597168,92.5396211783399,61654.490661621094,630830.67626953125,0.1607597720780553,1,43,3651.0855674743652,0.059218485600872964,0,0,0,1,-0.04431023872260536,0.9990178190324464,8.576868416028539,3.6008872738862983,-0.6474069680642858,"POLYGON ((693026.7 2402420, 693026 2402394, 693024 2402368, 693020.5 2402342, 693015.8 2402316, 693009.7 2402291, 693002.2 2402265, 692993.5 2402241, 692983.5 2402217, 692972.2 2402193, 692959.7 2402170, 692946 2402148, 692931.2 2402126, 692915.3 2402105, 692898.3 2402085, 692880.2 2402066, 692861.3 2402048, 692841.3 2402031, 692820.6 2402015, 692799 2402001, 692776.7 2401987, 692753.7 2401974, 692730.1 2401963, 692705.9 2401953, 692681.2 2401944, 692656.1 2401937, 692630.6 2401931, 692604.9 2401926, 692579 2401923, 692552.9 2401921, 692526.7 2401920, 692500.5 2401921, 692474.4 2401923, 692448.5 2401926, 692422.7 2401931, 692397.3 2401937, 692372.2 2401944, 692347.5 2401953, 692323.3 2401963, 692299.7 2401974, 692276.7 2401987, 692254.4 2402001, 692232.8 2402015, 692212 2402031, 692192.1 2402048, 692173.1 2402066, 692155.1 2402085, 692138.1 2402105, 692122.2 2402126, 692107.4 2402148, 692093.7 2402170, 692081.2 2402193, 692069.9 2402217, 692059.9 2402241, 692051.2 2402265, 692043.7 2402291, 692037.6 2402316, 692032.8 2402342, 692029.4 2402368, 692027.4 2402394, 692026.7 2402420, 692027.4 2402446, 692029.4 2402472, 692032.8 2402498, 692037.6 2402524, 692043.7 2402549, 692051.2 2402574, 692059.9 2402599, 692069.9 2402623, 692081.2 2402647, 692093.7 2402670, 692107.4 2402692, 692122.2 2402714, 692138.1 2402735, 692155.1 2402755, 692173.1 2402773, 692192.1 2402792, 692212 2402809, 692232.8 2402824, 692254.4 2402839, 692276.7 2402853, 692299.7 2402865, 692323.3 2402877, 692347.5 2402887, 692372.2 2402895, 692397.3 2402903, 692422.7 2402909, 692448.5 2402914, 692474.4 2402917, 692500.5 2402919, 692526.7 2402920, 692552.9 2402919, 692579 2402917, 692604.9 2402914, 692630.6 2402909, 692656.1 2402903, 692681.2 2402895, 692705.9 2402887, 692730.1 2402877, 692753.7 2402865, 692776.7 2402853, 692799 2402839, 692820.6 2402824, 692841.3 2402809, 692861.3 2402792, 692880.2 2402773, 692898.3 2402755, 692915.3 2402735, 692931.2 2402714, 692946 2402692, 692959.7 2402670, 692972.2 2402647, 692983.5 2402623, 692993.5 2402599, 693002.2 2402574, 693009.7 2402549, 693015.8 2402524, 693020.5 2402498, 693024 2402472, 693026 2402446, 693026.7 2402420))"
32,20260541,Forest,3378.2501423420003,27.32013936280332,2.0710014947683106,0,Hani,NA,NA,0,1,0,3101,139.40877412336602,2032.998562286533,942.98883056640625,11.36083984375,86.36548975301761,785039.3371582031,0,0.1835666599407649,1,53,505371.20361328125,0.6437527136445107,12041.555500030518,0.015338792503851145,0,1,0.0633916370028436,0.9979887275706574,8.125113145053028,3.3076241358170795,0.7280323041748045,"POLYGON ((665315.7 2405824, 665315.1 2405798, 665313 2405772, 665309.6 2405746, 665304.8 2405720, 665298.7 2405694, 665291.3 2405669, 665282.5 2405645, 665272.5 2405620, 665261.2 2405597, 665248.8 2405574, 665235.1 2405551, 665220.3 2405530, 665204.3 2405509, 665187.3 2405489, 665169.3 2405470, 665150.3 2405452, 665130.4 2405435, 665109.6 2405419, 665088.1 2405404, 665065.7 2405391, 665042.7 2405378, 665019.1 2405367, 664994.9 2405357, 664970.3 2405348, 664945.2 2405341, 664919.7 2405335, 664894 2405330, 664868 2405327, 664841.9 2405324, 664815.7 2405324, 664789.6 2405324, 664763.5 2405327, 664737.5 2405330, 664711.8 2405335, 664686.3 2405341, 664661.2 2405348, 664636.6 2405357, 664612.4 2405367, 664588.7 2405378, 664565.7 2405391, 664543.4 2405404, 664521.8 2405419, 664501.1 2405435, 664481.2 2405452, 664462.2 2405470, 664444.2 2405489, 664427.2 2405509, 664411.2 2405530, 664396.4 2405551, 664382.7 2405574, 664370.2 2405597, 664359 2405620, 664349 2405645, 664340.2 2405669, 664332.8 2405694, 664326.7 2405720, 664321.9 2405746, 664318.5 2405772, 664316.4 2405798, 664315.7 2405824, 664316.4 2405850, 664318.5 2405876, 664321.9 2405902, 664326.7 2405928, 664332.8 2405953, 664340.2 2405978, 664349 2406003, 664359 2406027, 664370.2 2406051, 664382.7 2406074, 664396.4 2406096, 664411.2 2406118, 664427.2 2406138, 664444.2 2406158, 664462.2 2406177, 664481.2 2406195, 664501.1 2406212, 664521.8 2406228, 664543.4 2406243, 664565.7 2406257, 664588.7 2406269, 664612.4 2406281, 664636.6 2406291, 664661.2 2406299, 664686.3 2406307, 664711.8 2406313, 664737.5 2406318, 664763.5 2406321, 664789.6 2406323, 664815.7 2406324, 664841.9 2406323, 664868 2406321, 664894 2406318, 664919.7 2406313, 664945.2 2406307, 664970.3 2406299, 664994.9 2406291, 665019.1 2406281, 665042.7 2406269, 665065.7 2406257, 665088.1 2406243, 665109.6 2406228, 665130.4 2406212, 665150.3 2406195, 665169.3 2406177, 665187.3 2406158, 665204.3 2406138, 665220.3 2406118, 665235.1 2406096, 665248.8 2406074, 665261.2 2406051, 665272.5 2406027, 665282.5 2406003, 665291.3 2405978, 665298.7 2405953, 665304.8 2405928, 665309.6 2405902, 665313 2405876, 665315.1 2405850, 665315.7 2405824))"
32,20260541,Forest,5307.45872081989,36.630721511716736,0.5234012147195427,0,Hani,NA,NA,0,1,0,3229,5.306955196186261,292.0636113148771,829.60272216796875,17.332992553710938,233.70615788635914,211250.830078125,429781.50329589844,0.09393167580530486,1,41,900,0.004260338289166301,0,0,0,1,-0.5919265579222237,-0.80599190444219,8.576868416028539,3.6008872738862983,-0.6474069680642858,"POLYGON ((688390 2404055, 688389.3 2404029, 688387.2 2404003, 688383.8 2403977, 688379 2403951, 688372.9 2403926, 688365.5 2403901, 688356.8 2403876, 688346.7 2403852, 688335.5 2403828, 688323 2403805, 688309.3 2403783, 688294.5 2403761, 688278.5 2403740, 688261.5 2403721, 688243.5 2403702, 688224.5 2403684, 688204.6 2403667, 688183.9 2403651, 688162.3 2403636, 688140 2403622, 688117 2403610, 688093.3 2403598, 688069.2 2403588, 688044.5 2403580, 688019.4 2403572, 687993.9 2403566, 687968.2 2403561, 687942.2 2403558, 687916.1 2403556, 687890 2403555, 687863.8 2403556, 687837.7 2403558, 687811.8 2403561, 687786 2403566, 687760.6 2403572, 687735.5 2403580, 687710.8 2403588, 687686.6 2403598, 687663 2403610, 687640 2403622, 687617.7 2403636, 687596.1 2403651, 687575.3 2403667, 687555.4 2403684, 687536.4 2403702, 687518.4 2403721, 687501.4 2403740, 687485.5 2403761, 687470.6 2403783, 687457 2403805, 687444.5 2403828, 687433.2 2403852, 687423.2 2403876, 687414.4 2403901, 687407 2403926, 687400.9 2403951, 687396.1 2403977, 687392.7 2404003, 687390.7 2404029, 687390 2404055, 687390.7 2404081, 687392.7 2404107, 687396.1 2404133, 687400.9 2404159, 687407 2404185, 687414.4 2404210, 687423.2 2404234, 687433.2 2404259, 687444.5 2404282, 687457 2404305, 687470.6 2404327, 687485.5 2404349, 687501.4 2404370, 687518.4 2404390, 687536.4 2404409, 687555.4 2404427, 687575.3 2404444, 687596.1 2404460, 687617.7 2404474, 687640 2404488, 687663 2404501, 687686.6 2404512, 687710.8 2404522, 687735.5 2404531, 687760.6 2404538, 687786 2404544, 687811.8 2404549, 687837.7 2404552, 687863.8 2404554, 687890 2404555, 687916.1 2404554, 687942.2 2404552, 687968.2 2404549, 687993.9 2404544, 688019.4 2404538, 688044.5 2404531, 688069.2 2404522, 688093.3 2404512, 688117 2404501, 688140 2404488, 688162.3 2404474, 688183.9 2404460, 688204.6 2404444, 688224.5 2404427, 688243.5 2404409, 688261.5 2404390, 688278.5 2404370, 688294.5 2404349, 688309.3 2404327, 688323 2404305, 688335.5 2404282, 688346.7 2404259, 688356.8 2404234, 688365.5 2404210, 688372.9 2404185, 688379 2404159, 688383.8 2404133, 688387.2 2404107, 688389.3 2404081, 688390 2404055))"
32,20260541,Forest,8196.42857142857,29.790644225739026,0.5217557251908397,0,Hani,NA,NA,0,1,0,3291,82.49128977731523,458.5345734504494,1107.5643310546875,18.69508934020996,234.2008443158185,197830.75561523438,367969.7570800781,0.05419136700640126,1,28,18900,0.09553620690181788,0,0,0,1,-0.5849457230134928,-0.8110724388907702,9.011453798307533,3.3941943920616544,-0.650555760031193,"POLYGON ((709061.5 2409725, 709060.8 2409699, 709058.8 2409672, 709055.4 2409647, 709050.6 2409621, 709044.5 2409595, 709037.1 2409570, 709028.3 2409546, 709018.3 2409521, 709007 2409498, 708994.5 2409475, 708980.9 2409452, 708966 2409431, 708950.1 2409410, 708933.1 2409390, 708915.1 2409371, 708896.1 2409353, 708876.2 2409336, 708855.4 2409320, 708833.8 2409305, 708811.5 2409292, 708788.5 2409279, 708764.9 2409268, 708740.7 2409258, 708716 2409249, 708690.9 2409242, 708665.5 2409236, 708639.7 2409231, 708613.8 2409227, 708587.7 2409225, 708561.5 2409225, 708535.4 2409225, 708509.3 2409227, 708483.3 2409231, 708457.6 2409236, 708432.1 2409242, 708407 2409249, 708382.3 2409258, 708358.2 2409268, 708334.5 2409279, 708311.5 2409292, 708289.2 2409305, 708267.6 2409320, 708246.9 2409336, 708227 2409353, 708208 2409371, 708190 2409390, 708173 2409410, 708157 2409431, 708142.2 2409452, 708128.5 2409475, 708116 2409498, 708104.8 2409521, 708094.7 2409546, 708086 2409570, 708078.6 2409595, 708072.5 2409621, 708067.7 2409647, 708064.3 2409672, 708062.2 2409699, 708061.5 2409725, 708062.2 2409751, 708064.3 2409777, 708067.7 2409803, 708072.5 2409829, 708078.6 2409854, 708086 2409879, 708094.7 2409904, 708104.8 2409928, 708116 2409952, 708128.5 2409975, 708142.2 2409997, 708157 2410019, 708173 2410039, 708190 2410059, 708208 2410078, 708227 2410096, 708246.9 2410113, 708267.6 2410129, 708289.2 2410144, 708311.5 2410158, 708334.5 2410170, 708358.2 2410181, 708382.3 2410192, 708407 2410200, 708432.1 2410208, 708457.6 2410214, 708483.3 2410219, 708509.3 2410222, 708535.4 2410224, 708561.5 2410225, 708587.7 2410224, 708613.8 2410222, 708639.7 2410219, 708665.5 2410214, 708690.9 2410208, 708716 2410200, 708740.7 2410192, 708764.9 2410181, 708788.5 2410170, 708811.5 2410158, 708833.8 2410144, 708855.4 2410129, 708876.2 2410113, 708896.1 2410096, 708915.1 2410078, 708933.1 2410059, 708950.1 2410039, 708966 2410019, 708980.9 2409997, 708994.5 2409975, 709007 2409952, 709018.3 2409928, 709028.3 2409904, 709037.1 2409879, 709044.5 2409854, 709050.6 2409829, 709055.4 2409803, 709058.8 2409777, 709060.8 2409751, 709061.5 2409725))"
32,20260541,Forest,5351.11026760296,13.711033575247699,0.13435474366529168,0,Hani,NA,NA,0,1,0,3299,245.54323515956165,806.7624159662172,815.47039794921875,13.421616554260254,88.25179054107879,82474.2691040039,153088.0142211914,0.20458156676923797,1,91,82474.2691040039,1,0,0,0,1,0.030507276933375446,0.9995345447027383,8.585059345014134,2.6182008791533518,-2.0072716362797856,"POLYGON ((678879.2 2408879, 678878.5 2408853, 678876.4 2408827, 678873 2408801, 678868.3 2408775, 678862.1 2408750, 678854.7 2408724, 678846 2408700, 678836 2408676, 678824.7 2408652, 678812.2 2408629, 678798.5 2408607, 678783.7 2408585, 678767.8 2408564, 678750.8 2408544, 678732.7 2408525, 678713.7 2408507, 678693.8 2408490, 678673.1 2408474, 678651.5 2408460, 678629.2 2408446, 678606.2 2408433, 678582.5 2408422, 678558.4 2408412, 678533.7 2408403, 678508.6 2408396, 678483.1 2408390, 678457.4 2408385, 678431.4 2408382, 678405.3 2408380, 678379.2 2408379, 678353 2408380, 678326.9 2408382, 678301 2408385, 678275.2 2408390, 678249.8 2408396, 678224.7 2408403, 678200 2408412, 678175.8 2408422, 678152.2 2408433, 678129.2 2408446, 678106.9 2408460, 678085.3 2408474, 678064.5 2408490, 678044.6 2408507, 678025.6 2408525, 678007.6 2408544, 677990.6 2408564, 677974.7 2408585, 677959.8 2408607, 677946.2 2408629, 677933.7 2408652, 677922.4 2408676, 677912.4 2408700, 677903.7 2408724, 677896.2 2408750, 677890.1 2408775, 677885.3 2408801, 677881.9 2408827, 677879.9 2408853, 677879.2 2408879, 677879.9 2408905, 677881.9 2408931, 677885.3 2408957, 677890.1 2408983, 677896.2 2409008, 677903.7 2409034, 677912.4 2409058, 677922.4 2409082, 677933.7 2409106, 677946.2 2409129, 677959.8 2409151, 677974.7 2409173, 677990.6 2409194, 678007.6 2409214, 678025.6 2409233, 678044.6 2409251, 678064.5 2409268, 678085.3 2409284, 678106.9 2409298, 678129.2 2409312, 678152.2 2409325, 678175.8 2409336, 678200 2409346, 678224.7 2409355, 678249.8 2409362, 678275.2 2409368, 678301 2409373, 678326.9 2409376, 678353 2409378, 678379.2 2409379, 678405.3 2409378, 678431.4 2409376, 678457.4 2409373, 678483.1 2409368, 678508.6 2409362, 678533.7 2409355, 678558.4 2409346, 678582.5 2409336, 678606.2 2409325, 678629.2 2409312, 678651.5 2409298, 678673.1 2409284, 678693.8 2409268, 678713.7 2409251, 678732.7 2409233, 678750.8 2409214, 678767.8 2409194, 678783.7 2409173, 678798.5 2409151, 678812.2 2409129, 678824.7 2409106, 678836 2409082, 678846 2409058, 678854.7 2409034, 678862.1 2409008, 678868.3 2408983, 678873 2408957, 678876.4 2408931, 678878.5 2408905, 678879.2 2408879))"
32,20260541,Forest,8472.744360902256,27.219660257375487,0.31721384205856257,0,Hani,NA,NA,0,1,0,3547,426.5355477299489,474.37234793255965,1024.860107421875,13.515263557434082,336.74753415084604,164331.62841796875,391080.8166503906,0.12362463010978636,1,12,32400,0.19716228891490276,15309.692001342773,0.09316339251749753,0,1,0.918774220633007,-0.3947833982074357,9.044609744717965,3.303939515785232,-1.1481791519057138,"POLYGON ((706908.2 2413487, 706907.6 2413461, 706905.5 2413435, 706902.1 2413409, 706897.3 2413383, 706891.2 2413358, 706883.8 2413333, 706875 2413308, 706865 2413284, 706853.7 2413260, 706841.2 2413237, 706827.6 2413215, 706812.7 2413194, 706796.8 2413173, 706779.8 2413153, 706761.8 2413134, 706742.8 2413116, 706722.9 2413099, 706702.1 2413083, 706680.6 2413068, 706658.2 2413054, 706635.2 2413042, 706611.6 2413031, 706587.4 2413021, 706562.7 2413012, 706537.6 2413004, 706512.2 2412998, 706486.5 2412994, 706460.5 2412990, 706434.4 2412988, 706408.2 2412987, 706382.1 2412988, 706356 2412990, 706330 2412994, 706304.3 2412998, 706278.8 2413004, 706253.7 2413012, 706229.1 2413021, 706204.9 2413031, 706181.2 2413042, 706158.2 2413054, 706135.9 2413068, 706114.3 2413083, 706093.6 2413099, 706073.7 2413116, 706054.7 2413134, 706036.7 2413153, 706019.7 2413173, 706003.7 2413194, 705988.9 2413215, 705975.2 2413237, 705962.7 2413260, 705951.5 2413284, 705941.4 2413308, 705932.7 2413333, 705925.3 2413358, 705919.2 2413383, 705914.4 2413409, 705911 2413435, 705908.9 2413461, 705908.2 2413487, 705908.9 2413514, 705911 2413540, 705914.4 2413566, 705919.2 2413591, 705925.3 2413617, 705932.7 2413642, 705941.4 2413667, 705951.5 2413691, 705962.7 2413714, 705975.2 2413737, 705988.9 2413760, 706003.7 2413781, 706019.7 2413802, 706036.7 2413822, 706054.7 2413841, 706073.7 2413859, 706093.6 2413876, 706114.3 2413892, 706135.9 2413907, 706158.2 2413920, 706181.2 2413933, 706204.9 2413944, 706229.1 2413954, 706253.7 2413963, 706278.8 2413970, 706304.3 2413976, 706330 2413981, 706356 2413985, 706382.1 2413987, 706408.2 2413987, 706434.4 2413987, 706460.5 2413985, 706486.5 2413981, 706512.2 2413976, 706537.6 2413970, 706562.7 2413963, 706587.4 2413954, 706611.6 2413944, 706635.2 2413933, 706658.2 2413920, 706680.6 2413907, 706702.1 2413892, 706722.9 2413876, 706742.8 2413859, 706761.8 2413841, 706779.8 2413822, 706796.8 2413802, 706812.7 2413781, 706827.6 2413760, 706841.2 2413737, 706853.7 2413714, 706865 2413691, 706875 2413667, 706883.8 2413642, 706891.2 2413617, 706897.3 2413591, 706902.1 2413566, 706905.5 2413540, 706907.6 2413514, 706908.2 2413487))"
32,20260541,Forest,4515,22.149829986848378,1.7557289127254998,0,Hani,NA,NA,0,1,0,3562,710.9880325250963,703.09801702638,856.45172119140625,17.414587020874023,85.97429819659422,707499.86572265625,45723.69689941406,0.08634648032096996,1,33,37799.00436401367,0.05342616471793238,0,0,0,1,0.07020395508287873,0.9975326584582187,8.415160465851086,3.0978298209243684,0.5628841055764946,"POLYGON ((732475.2 2421266, 732474.5 2421239, 732472.5 2421213, 732469.1 2421187, 732464.3 2421162, 732458.2 2421136, 732450.7 2421111, 732442 2421086, 732432 2421062, 732420.7 2421039, 732408.2 2421016, 732394.6 2420993, 732379.7 2420972, 732363.8 2420951, 732346.8 2420931, 732328.8 2420912, 732309.8 2420894, 732289.9 2420877, 732269.1 2420861, 732247.5 2420846, 732225.2 2420833, 732202.2 2420820, 732178.6 2420809, 732154.4 2420799, 732129.7 2420790, 732104.6 2420783, 732079.2 2420776, 732053.4 2420772, 732027.5 2420768, 732001.4 2420766, 731975.2 2420766, 731949 2420766, 731923 2420768, 731897 2420772, 731871.3 2420776, 731845.8 2420783, 731820.7 2420790, 731796 2420799, 731771.8 2420809, 731748.2 2420820, 731725.2 2420833, 731702.9 2420846, 731681.3 2420861, 731660.6 2420877, 731640.7 2420894, 731621.7 2420912, 731603.6 2420931, 731586.6 2420951, 731570.7 2420972, 731555.9 2420993, 731542.2 2421016, 731529.7 2421039, 731518.4 2421062, 731508.4 2421086, 731499.7 2421111, 731492.3 2421136, 731486.1 2421162, 731481.4 2421187, 731478 2421213, 731475.9 2421239, 731475.2 2421266, 731475.9 2421292, 731478 2421318, 731481.4 2421344, 731486.1 2421370, 731492.3 2421395, 731499.7 2421420, 731508.4 2421445, 731518.4 2421469, 731529.7 2421493, 731542.2 2421516, 731555.9 2421538, 731570.7 2421559, 731586.6 2421580, 731603.6 2421600, 731621.7 2421619, 731640.7 2421637, 731660.6 2421654, 731681.3 2421670, 731702.9 2421685, 731725.2 2421699, 731748.2 2421711, 731771.8 2421722, 731796 2421732, 731820.7 2421741, 731845.8 2421749, 731871.3 2421755, 731897 2421759, 731923 2421763, 731949 2421765, 731975.2 2421766, 732001.4 2421765, 732027.5 2421763, 732053.4 2421759, 732079.2 2421755, 732104.6 2421749, 732129.7 2421741, 732154.4 2421732, 732178.6 2421722, 732202.2 2421711, 732225.2 2421699, 732247.5 2421685, 732269.1 2421670, 732289.9 2421654, 732309.8 2421637, 732328.8 2421619, 732346.8 2421600, 732363.8 2421580, 732379.7 2421559, 732394.6 2421538, 732408.2 2421516, 732420.7 2421493, 732432 2421469, 732442 2421445, 732450.7 2421420, 732458.2 2421395, 732464.3 2421370, 732469.1 2421344, 732472.5 2421318, 732474.5 2421292, 732475.2 2421266))"
32,20260541,Forest,9611.842105263157,35.375788827246616,0.27491408934707906,0,Hani,NA,NA,0,1,0,3584,12.06585034151618,1429.8630114143978,690.91741943359375,11.382810592651367,84.81707298530709,85765.3335571289,699274.0173339844,0.26706934881275246,1,20,72446.84143066406,0.8447100760403001,7100.148439407349,0.08278576139015292,0,1,0.09033582273780105,0.9959113610810375,9.17075116988656,3.5660276547182206,-1.2912966324976107,"POLYGON ((698917.4 2402394, 698916.7 2402368, 698914.7 2402342, 698911.3 2402316, 698906.5 2402291, 698900.4 2402265, 698893 2402240, 698884.2 2402215, 698874.2 2402191, 698862.9 2402167, 698850.4 2402144, 698836.8 2402122, 698821.9 2402101, 698806 2402080, 698789 2402060, 698771 2402041, 698752 2402023, 698732.1 2402006, 698711.3 2401990, 698689.8 2401975, 698667.4 2401961, 698644.4 2401949, 698620.8 2401938, 698596.6 2401928, 698571.9 2401919, 698546.8 2401912, 698521.4 2401905, 698495.6 2401901, 698469.7 2401897, 698443.6 2401895, 698417.4 2401894, 698391.3 2401895, 698365.2 2401897, 698339.2 2401901, 698313.5 2401905, 698288 2401912, 698262.9 2401919, 698238.2 2401928, 698214.1 2401938, 698190.4 2401949, 698167.4 2401961, 698145.1 2401975, 698123.5 2401990, 698102.8 2402006, 698082.9 2402023, 698063.9 2402041, 698045.9 2402060, 698028.9 2402080, 698012.9 2402101, 697998.1 2402122, 697984.4 2402144, 697971.9 2402167, 697960.7 2402191, 697950.6 2402215, 697941.9 2402240, 697934.5 2402265, 697928.4 2402291, 697923.6 2402316, 697920.2 2402342, 697918.1 2402368, 697917.4 2402394, 697918.1 2402421, 697920.2 2402447, 697923.6 2402473, 697928.4 2402498, 697934.5 2402524, 697941.9 2402549, 697950.6 2402574, 697960.7 2402598, 697971.9 2402621, 697984.4 2402644, 697998.1 2402667, 698012.9 2402688, 698028.9 2402709, 698045.9 2402729, 698063.9 2402748, 698082.9 2402766, 698102.8 2402783, 698123.5 2402799, 698145.1 2402814, 698167.4 2402827, 698190.4 2402840, 698214.1 2402851, 698238.2 2402861, 698262.9 2402870, 698288 2402877, 698313.5 2402884, 698339.2 2402888, 698365.2 2402892, 698391.3 2402894, 698417.4 2402894, 698443.6 2402894, 698469.7 2402892, 698495.6 2402888, 698521.4 2402884, 698546.8 2402877, 698571.9 2402870, 698596.6 2402861, 698620.8 2402851, 698644.4 2402840, 698667.4 2402827, 698689.8 2402814, 698711.3 2402799, 698732.1 2402783, 698752 2402766, 698771 2402748, 698789 2402729, 698806 2402709, 698821.9 2402688, 698836.8 2402667, 698850.4 2402644, 698862.9 2402621, 698874.2 2402598, 698884.2 2402574, 698893 2402549, 698900.4 2402524, 698906.5 2402498, 698911.3 2402473, 698914.7 2402447, 698916.7 2402421, 698917.4 2402394))"
32,20260541,Forest,3378.2501423420003,26.64581295076882,2.071001494768311,0,Hani,NA,NA,0,1,0,3633,70.29618785317415,1081.6318185867203,644.74603271484375,6.502779960632324,275.57461134364365,58500,6853.5298347473145,0.4014313912699493,1,81,900,0.015384615384615385,0,0,0,1,0.09714188936097319,-0.995270542782906,8.125113145053028,3.2826320257268775,0.7280323041748047,"POLYGON ((681560.4 2403205, 681559.7 2403179, 681557.7 2403153, 681554.2 2403127, 681549.5 2403101, 681543.4 2403076, 681535.9 2403051, 681527.2 2403026, 681517.2 2403002, 681505.9 2402978, 681493.4 2402955, 681479.7 2402933, 681464.9 2402911, 681449 2402891, 681432 2402871, 681414 2402852, 681395 2402834, 681375.1 2402817, 681354.3 2402801, 681332.7 2402786, 681310.4 2402772, 681287.4 2402760, 681263.8 2402749, 681239.6 2402739, 681214.9 2402730, 681189.8 2402722, 681164.4 2402716, 681138.6 2402712, 681112.7 2402708, 681086.6 2402706, 681060.4 2402705, 681034.2 2402706, 681008.1 2402708, 680982.2 2402712, 680956.4 2402716, 680931 2402722, 680905.9 2402730, 680881.2 2402739, 680857 2402749, 680833.4 2402760, 680810.4 2402772, 680788.1 2402786, 680766.5 2402801, 680745.7 2402817, 680725.8 2402834, 680706.8 2402852, 680688.8 2402871, 680671.8 2402891, 680655.9 2402911, 680641.1 2402933, 680627.4 2402955, 680614.9 2402978, 680603.6 2403002, 680593.6 2403026, 680584.9 2403051, 680577.4 2403076, 680571.3 2403101, 680566.6 2403127, 680563.1 2403153, 680561.1 2403179, 680560.4 2403205, 680561.1 2403232, 680563.1 2403258, 680566.6 2403284, 680571.3 2403309, 680577.4 2403335, 680584.9 2403360, 680593.6 2403385, 680603.6 2403409, 680614.9 2403432, 680627.4 2403455, 680641.1 2403478, 680655.9 2403499, 680671.8 2403520, 680688.8 2403540, 680706.8 2403559, 680725.8 2403577, 680745.7 2403594, 680766.5 2403610, 680788.1 2403625, 680810.4 2403638, 680833.4 2403651, 680857 2403662, 680881.2 2403672, 680905.9 2403681, 680931 2403688, 680956.4 2403694, 680982.2 2403699, 681008.1 2403703, 681034.2 2403705, 681060.4 2403705, 681086.6 2403705, 681112.7 2403703, 681138.6 2403699, 681164.4 2403694, 681189.8 2403688, 681214.9 2403681, 681239.6 2403672, 681263.8 2403662, 681287.4 2403651, 681310.4 2403638, 681332.7 2403625, 681354.3 2403610, 681375.1 2403594, 681395 2403577, 681414 2403559, 681432 2403540, 681449 2403520, 681464.9 2403499, 681479.7 2403478, 681493.4 2403455, 681505.9 2403432, 681517.2 2403409, 681527.2 2403385, 681535.9 2403360, 681543.4 2403335, 681549.5 2403309, 681554.2 2403284, 681557.7 2403258, 681559.7 2403232, 681560.4 2403205))"
32,20260541,Forest,3378.2501423420003,26.64581295076882,2.071001494768311,0,Hani,NA,NA,0,1,0,3684,364.3998522091654,1172.142479097606,708.51611328125,8.83122730255127,118.59985244786421,3368.017029762268,3280.480456352234,0.3749228453488701,1,68,3368.017029762268,1,0,0,0,1,-0.4786895968952861,0.8779842081861317,8.125113145053028,3.2826320257268775,0.7280323041748047,"POLYGON ((678215.2 2407711, 678214.5 2407685, 678212.5 2407658, 678209.1 2407633, 678204.3 2407607, 678198.2 2407581, 678190.7 2407556, 678182 2407532, 678172 2407507, 678160.7 2407484, 678148.2 2407461, 678134.5 2407438, 678119.7 2407417, 678103.8 2407396, 678086.8 2407376, 678068.8 2407357, 678049.8 2407339, 678029.9 2407322, 678009.1 2407306, 677987.5 2407291, 677965.2 2407278, 677942.2 2407265, 677918.6 2407254, 677894.4 2407244, 677869.7 2407235, 677844.6 2407228, 677819.2 2407222, 677793.4 2407217, 677767.5 2407213, 677741.4 2407211, 677715.2 2407211, 677689 2407211, 677662.9 2407213, 677637 2407217, 677611.3 2407222, 677585.8 2407228, 677560.7 2407235, 677536 2407244, 677511.8 2407254, 677488.2 2407265, 677465.2 2407278, 677442.9 2407291, 677421.3 2407306, 677400.6 2407322, 677380.6 2407339, 677361.7 2407357, 677343.6 2407376, 677326.6 2407396, 677310.7 2407417, 677295.9 2407438, 677282.2 2407461, 677269.7 2407484, 677258.4 2407507, 677248.4 2407532, 677239.7 2407556, 677232.2 2407581, 677226.1 2407607, 677221.4 2407633, 677217.9 2407658, 677215.9 2407685, 677215.2 2407711, 677215.9 2407737, 677217.9 2407763, 677221.4 2407789, 677226.1 2407815, 677232.2 2407840, 677239.7 2407865, 677248.4 2407890, 677258.4 2407914, 677269.7 2407938, 677282.2 2407961, 677295.9 2407983, 677310.7 2408005, 677326.6 2408025, 677343.6 2408045, 677361.7 2408064, 677380.6 2408082, 677400.6 2408099, 677421.3 2408115, 677442.9 2408130, 677465.2 2408144, 677488.2 2408156, 677511.8 2408168, 677536 2408178, 677560.7 2408186, 677585.8 2408194, 677611.3 2408200, 677637 2408205, 677662.9 2408208, 677689 2408210, 677715.2 2408211, 677741.4 2408210, 677767.5 2408208, 677793.4 2408205, 677819.2 2408200, 677844.6 2408194, 677869.7 2408186, 677894.4 2408178, 677918.6 2408168, 677942.2 2408156, 677965.2 2408144, 677987.5 2408130, 678009.1 2408115, 678029.9 2408099, 678049.8 2408082, 678068.8 2408064, 678086.8 2408045, 678103.8 2408025, 678119.7 2408005, 678134.5 2407983, 678148.2 2407961, 678160.7 2407938, 678172 2407914, 678182 2407890, 678190.7 2407865, 678198.2 2407840, 678204.3 2407815, 678209.1 2407789, 678212.5 2407763, 678214.5 2407737, 678215.2 2407711))"
32,20260541,Forest,4496.109318656291,53.343051017456666,0.9828130480533146,0,Hani,NA,NA,0,1,0,3730,288.88056275943654,1608.7359595668931,844.4647216796875,13.861213684082031,336.0618753588738,766375.2136230469,0,0.09171040416366821,1,121,755442.88330078125,0.9857350157886985,0,0,0,1,0.9139841714376071,-0.4057498420967171,8.410967705925682,3.9767437165454274,-0.01733636201571971,"POLYGON ((675702.6 2381565, 675702 2381539, 675699.9 2381513, 675696.5 2381487, 675691.7 2381461, 675685.6 2381436, 675678.2 2381411, 675669.4 2381386, 675659.4 2381362, 675648.1 2381338, 675635.7 2381315, 675622 2381293, 675607.2 2381271, 675591.2 2381251, 675574.2 2381231, 675556.2 2381212, 675537.2 2381194, 675517.3 2381177, 675496.5 2381161, 675475 2381146, 675452.6 2381132, 675429.6 2381120, 675406 2381108, 675381.8 2381098, 675357.2 2381090, 675332.1 2381082, 675306.6 2381076, 675280.9 2381071, 675254.9 2381068, 675228.8 2381066, 675202.6 2381065, 675176.5 2381066, 675150.4 2381068, 675124.4 2381071, 675098.7 2381076, 675073.2 2381082, 675048.1 2381090, 675023.5 2381098, 674999.3 2381108, 674975.6 2381120, 674952.6 2381132, 674930.3 2381146, 674908.8 2381161, 674888 2381177, 674868.1 2381194, 674849.1 2381212, 674831.1 2381231, 674814.1 2381251, 674798.1 2381271, 674783.3 2381293, 674769.6 2381315, 674757.1 2381338, 674745.9 2381362, 674735.9 2381386, 674727.1 2381411, 674719.7 2381436, 674713.6 2381461, 674708.8 2381487, 674705.4 2381513, 674703.3 2381539, 674702.6 2381565, 674703.3 2381591, 674705.4 2381617, 674708.8 2381643, 674713.6 2381669, 674719.7 2381695, 674727.1 2381720, 674735.9 2381744, 674745.9 2381769, 674757.1 2381792, 674769.6 2381815, 674783.3 2381838, 674798.1 2381859, 674814.1 2381880, 674831.1 2381900, 674849.1 2381919, 674868.1 2381937, 674888 2381954, 674908.8 2381970, 674930.3 2381985, 674952.6 2381998, 674975.6 2382011, 674999.3 2382022, 675023.5 2382032, 675048.1 2382041, 675073.2 2382048, 675098.7 2382054, 675124.4 2382059, 675150.4 2382062, 675176.5 2382065, 675202.6 2382065, 675228.8 2382065, 675254.9 2382062, 675280.9 2382059, 675306.6 2382054, 675332.1 2382048, 675357.2 2382041, 675381.8 2382032, 675406 2382022, 675429.6 2382011, 675452.6 2381998, 675475 2381985, 675496.5 2381970, 675517.3 2381954, 675537.2 2381937, 675556.2 2381919, 675574.2 2381900, 675591.2 2381880, 675607.2 2381859, 675622 2381838, 675635.7 2381815, 675648.1 2381792, 675659.4 2381769, 675669.4 2381744, 675678.2 2381720, 675685.6 2381695, 675691.7 2381669, 675696.5 2381643, 675699.9 2381617, 675702 2381591, 675702.6 2381565))"
32,20260541,Forest,8196.42857142857,29.790644225739026,0.5217557251908397,0,Hani,NA,NA,0,1,0,3786,360.2317811613058,389.14470070342026,784.065185546875,13.765703201293945,0.3335475699744158,288352.30407714844,496687.060546875,0.15922643863764255,1,86,8740.645408630371,0.030312382752078922,0,0,0,1,0.9999830550974722,0.005821470426440548,9.011453798307533,3.3941943920616544,-0.650555760031193,"POLYGON ((705804.2 2406302, 705803.5 2406276, 705801.4 2406250, 705798 2406224, 705793.2 2406198, 705787.1 2406173, 705779.7 2406148, 705771 2406123, 705760.9 2406099, 705749.7 2406075, 705737.2 2406052, 705723.5 2406030, 705708.7 2406008, 705692.7 2405988, 705675.7 2405968, 705657.7 2405949, 705638.7 2405931, 705618.8 2405914, 705598.1 2405898, 705576.5 2405883, 705554.2 2405869, 705531.2 2405857, 705507.5 2405846, 705483.3 2405836, 705458.7 2405827, 705433.6 2405819, 705408.1 2405813, 705382.4 2405809, 705356.4 2405805, 705330.3 2405803, 705304.2 2405802, 705278 2405803, 705251.9 2405805, 705225.9 2405809, 705200.2 2405813, 705174.8 2405819, 705149.7 2405827, 705125 2405836, 705100.8 2405846, 705077.2 2405857, 705054.2 2405869, 705031.8 2405883, 705010.3 2405898, 704989.5 2405914, 704969.6 2405931, 704950.6 2405949, 704932.6 2405968, 704915.6 2405988, 704899.7 2406008, 704884.8 2406030, 704871.2 2406052, 704858.7 2406075, 704847.4 2406099, 704837.4 2406123, 704828.6 2406148, 704821.2 2406173, 704815.1 2406198, 704810.3 2406224, 704806.9 2406250, 704804.9 2406276, 704804.2 2406302, 704804.9 2406329, 704806.9 2406355, 704810.3 2406381, 704815.1 2406406, 704821.2 2406432, 704828.6 2406457, 704837.4 2406482, 704847.4 2406506, 704858.7 2406529, 704871.2 2406552, 704884.8 2406575, 704899.7 2406596, 704915.6 2406617, 704932.6 2406637, 704950.6 2406656, 704969.6 2406674, 704989.5 2406691, 705010.3 2406707, 705031.8 2406722, 705054.2 2406735, 705077.2 2406748, 705100.8 2406759, 705125 2406769, 705149.7 2406778, 705174.8 2406785, 705200.2 2406791, 705225.9 2406796, 705251.9 2406800, 705278 2406802, 705304.2 2406802, 705330.3 2406802, 705356.4 2406800, 705382.4 2406796, 705408.1 2406791, 705433.6 2406785, 705458.7 2406778, 705483.3 2406769, 705507.5 2406759, 705531.2 2406748, 705554.2 2406735, 705576.5 2406722, 705598.1 2406707, 705618.8 2406691, 705638.7 2406674, 705657.7 2406656, 705675.7 2406637, 705692.7 2406617, 705708.7 2406596, 705723.5 2406575, 705737.2 2406552, 705749.7 2406529, 705760.9 2406506, 705771 2406482, 705779.7 2406457, 705787.1 2406432, 705793.2 2406406, 705798 2406381, 705801.4 2406355, 705803.5 2406329, 705804.2 2406302))"
32,20260541,Forest,9611.842105263157,35.375788827246616,0.27491408934707906,0,Hani,NA,NA,0,1,0,3804,824.2243410869174,1945.795151064368,670.3756103515625,10.177937507629395,126.38378758429066,1766.5680885314941,750318.2556152344,0.21997504782152416,1,76,1766.5680885314941,1,0,0,0,1,-0.59319111007416,0.8050616789594358,9.17075116988656,3.5660276547182206,-1.2912966324976107,"POLYGON ((699818.3 2402823, 699817.6 2402796, 699815.6 2402770, 699812.1 2402744, 699807.4 2402719, 699801.3 2402693, 699793.8 2402668, 699785.1 2402643, 699775.1 2402619, 699763.8 2402596, 699751.3 2402573, 699737.6 2402550, 699722.8 2402529, 699706.9 2402508, 699689.9 2402488, 699671.8 2402469, 699652.9 2402451, 699633 2402434, 699612.2 2402418, 699590.6 2402403, 699568.3 2402390, 699545.3 2402377, 699521.7 2402366, 699497.5 2402356, 699472.8 2402347, 699447.7 2402340, 699422.2 2402334, 699396.5 2402329, 699370.6 2402325, 699344.5 2402323, 699318.3 2402323, 699292.1 2402323, 699266 2402325, 699240.1 2402329, 699214.3 2402334, 699188.9 2402340, 699163.8 2402347, 699139.1 2402356, 699114.9 2402366, 699091.3 2402377, 699068.3 2402390, 699046 2402403, 699024.4 2402418, 699003.6 2402434, 698983.7 2402451, 698964.7 2402469, 698946.7 2402488, 698929.7 2402508, 698913.8 2402529, 698899 2402550, 698885.3 2402573, 698872.8 2402596, 698861.5 2402619, 698851.5 2402643, 698842.8 2402668, 698835.3 2402693, 698829.2 2402719, 698824.4 2402744, 698821 2402770, 698819 2402796, 698818.3 2402823, 698819 2402849, 698821 2402875, 698824.4 2402901, 698829.2 2402927, 698835.3 2402952, 698842.8 2402977, 698851.5 2403002, 698861.5 2403026, 698872.8 2403050, 698885.3 2403073, 698899 2403095, 698913.8 2403116, 698929.7 2403137, 698946.7 2403157, 698964.7 2403176, 698983.7 2403194, 699003.6 2403211, 699024.4 2403227, 699046 2403242, 699068.3 2403256, 699091.3 2403268, 699114.9 2403279, 699139.1 2403289, 699163.8 2403298, 699188.9 2403306, 699214.3 2403312, 699240.1 2403316, 699266 2403320, 699292.1 2403322, 699318.3 2403323, 699344.5 2403322, 699370.6 2403320, 699396.5 2403316, 699422.2 2403312, 699447.7 2403306, 699472.8 2403298, 699497.5 2403289, 699521.7 2403279, 699545.3 2403268, 699568.3 2403256, 699590.6 2403242, 699612.2 2403227, 699633 2403211, 699652.9 2403194, 699671.8 2403176, 699689.9 2403157, 699706.9 2403137, 699722.8 2403116, 699737.6 2403095, 699751.3 2403073, 699763.8 2403050, 699775.1 2403026, 699785.1 2403002, 699793.8 2402977, 699801.3 2402952, 699807.4 2402927, 699812.1 2402901, 699815.6 2402875, 699817.6 2402849, 699818.3 2402823))"
32,20260541,Forest,6639.069767441861,18.580990665382664,1.670074349442379,0,Hani,NA,NA,0,1,0,3819,651.6941573038065,1410.2681570593406,799.49688720703125,12.898473739624023,120.77313192238718,71259.32235717773,155196.53778076172,0.16442664172715615,1,27,71259.32235717773,1,0,0,0,1,-0.5116400110085789,0.85919991802556706,8.80072713739144,2.9221390508761664,0.5128681460618293,"POLYGON ((680343 2412014, 680342.3 2411988, 680340.2 2411962, 680336.8 2411936, 680332 2411911, 680325.9 2411885, 680318.5 2411860, 680309.8 2411835, 680299.7 2411811, 680288.5 2411787, 680276 2411764, 680262.3 2411742, 680247.5 2411721, 680231.5 2411700, 680214.5 2411680, 680196.5 2411661, 680177.5 2411643, 680157.6 2411626, 680136.9 2411610, 680115.3 2411595, 680093 2411581, 680070 2411569, 680046.3 2411558, 680022.2 2411548, 679997.5 2411539, 679972.4 2411532, 679946.9 2411525, 679921.2 2411521, 679895.2 2411517, 679869.1 2411515, 679843 2411514, 679816.8 2411515, 679790.7 2411517, 679764.8 2411521, 679739 2411525, 679713.6 2411532, 679688.5 2411539, 679663.8 2411548, 679639.6 2411558, 679616 2411569, 679593 2411581, 679570.7 2411595, 679549.1 2411610, 679528.3 2411626, 679508.4 2411643, 679489.4 2411661, 679471.4 2411680, 679454.4 2411700, 679438.5 2411721, 679423.6 2411742, 679410 2411764, 679397.5 2411787, 679386.2 2411811, 679376.2 2411835, 679367.4 2411860, 679360 2411885, 679353.9 2411911, 679349.1 2411936, 679345.7 2411962, 679343.7 2411988, 679343 2412014, 679343.7 2412041, 679345.7 2412067, 679349.1 2412093, 679353.9 2412118, 679360 2412144, 679367.4 2412169, 679376.2 2412194, 679386.2 2412218, 679397.5 2412241, 679410 2412264, 679423.6 2412287, 679438.5 2412308, 679454.4 2412329, 679471.4 2412349, 679489.4 2412368, 679508.4 2412386, 679528.3 2412403, 679549.1 2412419, 679570.7 2412434, 679593 2412447, 679616 2412460, 679639.6 2412471, 679663.8 2412481, 679688.5 2412490, 679713.6 2412497, 679739 2412504, 679764.8 2412508, 679790.7 2412512, 679816.8 2412514, 679843 2412514, 679869.1 2412514, 679895.2 2412512, 679921.2 2412508, 679946.9 2412504, 679972.4 2412497, 679997.5 2412490, 680022.2 2412481, 680046.3 2412471, 680070 2412460, 680093 2412447, 680115.3 2412434, 680136.9 2412419, 680157.6 2412403, 680177.5 2412386, 680196.5 2412368, 680214.5 2412349, 680231.5 2412329, 680247.5 2412308, 680262.3 2412287, 680276 2412264, 680288.5 2412241, 680299.7 2412218, 680309.8 2412194, 680318.5 2412169, 680325.9 2412144, 680332 2412118, 680336.8 2412093, 680340.2 2412067, 680342.3 2412041, 680343 2412014))"
32,20260541,Forest,4496.109318656291,53.343051017456666,0.9828130480533146,0,Hani,NA,NA,0,1,0,3855,218.06317731016642,485.71747846310905,1033.6319580078125,17.774883270263672,74.63070145088656,564242.3767089844,0,0.09048907505342965,1,6,378545.25146484375,0.6708912111010825,176860.21728515625,0.3134472428616865,0,1,0.2650394771533607,0.9642375617814695,8.410967705925682,3.9767437165454274,-0.01733636201571971,"POLYGON ((677518.7 2380541, 677518 2380515, 677515.9 2380489, 677512.5 2380463, 677507.7 2380437, 677501.6 2380412, 677494.2 2380387, 677485.5 2380362, 677475.4 2380338, 677464.2 2380314, 677451.7 2380291, 677438 2380269, 677423.2 2380247, 677407.2 2380226, 677390.2 2380207, 677372.2 2380188, 677353.2 2380170, 677333.3 2380153, 677312.6 2380137, 677291 2380122, 677268.7 2380108, 677245.7 2380096, 677222 2380084, 677197.8 2380074, 677173.2 2380066, 677148.1 2380058, 677122.6 2380052, 677096.9 2380047, 677070.9 2380044, 677044.8 2380042, 677018.7 2380041, 676992.5 2380042, 676966.4 2380044, 676940.4 2380047, 676914.7 2380052, 676889.3 2380058, 676864.2 2380066, 676839.5 2380074, 676815.3 2380084, 676791.7 2380096, 676768.7 2380108, 676746.3 2380122, 676724.8 2380137, 676704 2380153, 676684.1 2380170, 676665.1 2380188, 676647.1 2380207, 676630.1 2380226, 676614.2 2380247, 676599.3 2380269, 676585.6 2380291, 676573.2 2380314, 676561.9 2380338, 676551.9 2380362, 676543.1 2380387, 676535.7 2380412, 676529.6 2380437, 676524.8 2380463, 676521.4 2380489, 676519.3 2380515, 676518.7 2380541, 676519.3 2380567, 676521.4 2380593, 676524.8 2380619, 676529.6 2380645, 676535.7 2380670, 676543.1 2380696, 676551.9 2380720, 676561.9 2380744, 676573.2 2380768, 676585.6 2380791, 676599.3 2380813, 676614.2 2380835, 676630.1 2380856, 676647.1 2380876, 676665.1 2380895, 676684.1 2380913, 676704 2380930, 676724.8 2380946, 676746.3 2380960, 676768.7 2380974, 676791.7 2380987, 676815.3 2380998, 676839.5 2381008, 676864.2 2381017, 676889.3 2381024, 676914.7 2381030, 676940.4 2381035, 676966.4 2381038, 676992.5 2381040, 677018.7 2381041, 677044.8 2381040, 677070.9 2381038, 677096.9 2381035, 677122.6 2381030, 677148.1 2381024, 677173.2 2381017, 677197.8 2381008, 677222 2380998, 677245.7 2380987, 677268.7 2380974, 677291 2380960, 677312.6 2380946, 677333.3 2380930, 677353.2 2380913, 677372.2 2380895, 677390.2 2380876, 677407.2 2380856, 677423.2 2380835, 677438 2380813, 677451.7 2380791, 677464.2 2380768, 677475.4 2380744, 677485.5 2380720, 677494.2 2380696, 677501.6 2380670, 677507.7 2380645, 677512.5 2380619, 677515.9 2380593, 677518 2380567, 677518.7 2380541))"
32,20260541,Forest,9611.842105263157,35.375788827246616,0.27491408934707906,0,Hani,NA,NA,0,1,0,3877,766.6138153365537,662.2365310656796,635.1578369140625,8.222699165344238,262.3151408193777,101808.61358642578,617736.3464355469,0.30271862906768365,1,96,45244.92988586426,0.44441161009874314,2750.1354217529297,0.027012797099120966,0,1,-0.13372430634744042,-0.9910185719207768,9.17075116988656,3.5660276547182206,-1.2912966324976107,"POLYGON ((699828.8 2401069, 699828.1 2401043, 699826 2401017, 699822.6 2400991, 699817.9 2400965, 699811.7 2400940, 699804.3 2400915, 699795.6 2400890, 699785.6 2400866, 699774.3 2400842, 699761.8 2400819, 699748.1 2400797, 699733.3 2400776, 699717.4 2400755, 699700.4 2400735, 699682.3 2400716, 699663.4 2400698, 699643.4 2400681, 699622.7 2400665, 699601.1 2400650, 699578.8 2400636, 699555.8 2400624, 699532.2 2400613, 699508 2400603, 699483.3 2400594, 699458.2 2400586, 699432.7 2400580, 699407 2400576, 699381 2400572, 699355 2400570, 699328.8 2400569, 699302.6 2400570, 699276.5 2400572, 699250.6 2400576, 699224.8 2400580, 699199.4 2400586, 699174.3 2400594, 699149.6 2400603, 699125.4 2400613, 699101.8 2400624, 699078.8 2400636, 699056.5 2400650, 699034.9 2400665, 699014.1 2400681, 698994.2 2400698, 698975.2 2400716, 698957.2 2400735, 698940.2 2400755, 698924.3 2400776, 698909.4 2400797, 698895.8 2400819, 698883.3 2400842, 698872 2400866, 698862 2400890, 698853.3 2400915, 698845.8 2400940, 698839.7 2400965, 698834.9 2400991, 698831.5 2401017, 698829.5 2401043, 698828.8 2401069, 698829.5 2401096, 698831.5 2401122, 698834.9 2401148, 698839.7 2401173, 698845.8 2401199, 698853.3 2401224, 698862 2401249, 698872 2401273, 698883.3 2401296, 698895.8 2401319, 698909.4 2401342, 698924.3 2401363, 698940.2 2401384, 698957.2 2401404, 698975.2 2401423, 698994.2 2401441, 699014.1 2401458, 699034.9 2401474, 699056.5 2401489, 699078.8 2401502, 699101.8 2401515, 699125.4 2401526, 699149.6 2401536, 699174.3 2401545, 699199.4 2401552, 699224.8 2401558, 699250.6 2401563, 699276.5 2401567, 699302.6 2401569, 699328.8 2401569, 699355 2401569, 699381 2401567, 699407 2401563, 699432.7 2401558, 699458.2 2401552, 699483.3 2401545, 699508 2401536, 699532.2 2401526, 699555.8 2401515, 699578.8 2401502, 699601.1 2401489, 699622.7 2401474, 699643.4 2401458, 699663.4 2401441, 699682.3 2401423, 699700.4 2401404, 699717.4 2401384, 699733.3 2401363, 699748.1 2401342, 699761.8 2401319, 699774.3 2401296, 699785.6 2401273, 699795.6 2401249, 699804.3 2401224, 699811.7 2401199, 699817.9 2401173, 699822.6 2401148, 699826 2401122, 699828.1 2401096, 699828.8 2401069))"
32,20260541,Forest,2591.573353577529,41.89499305379046,0.6281028368794326,0,Hani,NA,NA,0,1,0,3916,21.52956181145562,705.8471154718954,1200.68212890625,16.70699119567871,8.61124641602663,785039.3371582031,0,0.07376337675718352,1,39,261633.11462402344,0.333273891179925,58333.502197265625,0.07430647030813707,0,1,0.988727010157233,0.1497294205743781,7.860020442680657,3.7351663222647935,-0.46505137292726917,"POLYGON ((666818.6 2402846, 666817.9 2402820, 666815.9 2402794, 666812.4 2402768, 666807.7 2402742, 666801.6 2402717, 666794.1 2402692, 666785.4 2402667, 666775.4 2402643, 666764.1 2402619, 666751.6 2402596, 666737.9 2402574, 666723.1 2402552, 666707.2 2402532, 666690.2 2402512, 666672.2 2402493, 666653.2 2402475, 666633.3 2402458, 666612.5 2402442, 666590.9 2402427, 666568.6 2402413, 666545.6 2402401, 666522 2402390, 666497.8 2402379, 666473.1 2402371, 666448 2402363, 666422.6 2402357, 666396.8 2402352, 666370.9 2402349, 666344.8 2402347, 666318.6 2402346, 666292.4 2402347, 666266.3 2402349, 666240.4 2402352, 666214.6 2402357, 666189.2 2402363, 666164.1 2402371, 666139.4 2402379, 666115.2 2402390, 666091.6 2402401, 666068.6 2402413, 666046.3 2402427, 666024.7 2402442, 666003.9 2402458, 665984 2402475, 665965 2402493, 665947 2402512, 665930 2402532, 665914.1 2402552, 665899.3 2402574, 665885.6 2402596, 665873.1 2402619, 665861.8 2402643, 665851.8 2402667, 665843.1 2402692, 665835.6 2402717, 665829.5 2402742, 665824.8 2402768, 665821.3 2402794, 665819.3 2402820, 665818.6 2402846, 665819.3 2402872, 665821.3 2402899, 665824.8 2402924, 665829.5 2402950, 665835.6 2402976, 665843.1 2403001, 665851.8 2403025, 665861.8 2403050, 665873.1 2403073, 665885.6 2403096, 665899.3 2403119, 665914.1 2403140, 665930 2403161, 665947 2403181, 665965 2403200, 665984 2403218, 666003.9 2403235, 666024.7 2403251, 666046.3 2403266, 666068.6 2403279, 666091.6 2403292, 666115.2 2403303, 666139.4 2403313, 666164.1 2403322, 666189.2 2403329, 666214.6 2403335, 666240.4 2403340, 666266.3 2403344, 666292.4 2403346, 666318.6 2403346, 666344.8 2403346, 666370.9 2403344, 666396.8 2403340, 666422.6 2403335, 666448 2403329, 666473.1 2403322, 666497.8 2403313, 666522 2403303, 666545.6 2403292, 666568.6 2403279, 666590.9 2403266, 666612.5 2403251, 666633.3 2403235, 666653.2 2403218, 666672.2 2403200, 666690.2 2403181, 666707.2 2403161, 666723.1 2403140, 666737.9 2403119, 666751.6 2403096, 666764.1 2403073, 666775.4 2403050, 666785.4 2403025, 666794.1 2403001, 666801.6 2402976, 666807.7 2402950, 666812.4 2402924, 666815.9 2402899, 666817.9 2402872, 666818.6 2402846))"
32,20260541,Forest,5040.869565217392,26.97585606017254,5.159214830970556,0,Hani,NA,NA,0,1,0,4002,691.1478512282581,913.1475173852533,1548.167236328125,11.990216255187988,204.47693800689967,689536.3952636719,11107.563972473145,0.10640361955785328,1,88,0,0,340164.29443359375,0.49332319043655165,0,1,-0.9101281143876538,-0.41432694264454206,8.525333878964574,3.294942245957513,1.6407844033746832,"POLYGON ((626365.9 2417550, 626365.3 2417524, 626363.2 2417498, 626359.8 2417472, 626355 2417446, 626348.9 2417421, 626341.5 2417396, 626332.7 2417371, 626322.7 2417347, 626311.4 2417323, 626298.9 2417300, 626285.3 2417278, 626270.4 2417256, 626254.5 2417236, 626237.5 2417216, 626219.5 2417197, 626200.5 2417179, 626180.6 2417162, 626159.8 2417146, 626138.3 2417131, 626115.9 2417117, 626092.9 2417105, 626069.3 2417093, 626045.1 2417083, 626020.4 2417075, 625995.3 2417067, 625969.9 2417061, 625944.2 2417056, 625918.2 2417053, 625892.1 2417051, 625865.9 2417050, 625839.8 2417051, 625813.7 2417053, 625787.7 2417056, 625762 2417061, 625736.5 2417067, 625711.4 2417075, 625686.8 2417083, 625662.6 2417093, 625638.9 2417105, 625615.9 2417117, 625593.6 2417131, 625572 2417146, 625551.3 2417162, 625531.4 2417179, 625512.4 2417197, 625494.4 2417216, 625477.4 2417236, 625461.4 2417256, 625446.6 2417278, 625432.9 2417300, 625420.4 2417323, 625409.2 2417347, 625399.1 2417371, 625390.4 2417396, 625383 2417421, 625376.9 2417446, 625372.1 2417472, 625368.7 2417498, 625366.6 2417524, 625365.9 2417550, 625366.6 2417576, 625368.7 2417602, 625372.1 2417628, 625376.9 2417654, 625383 2417680, 625390.4 2417705, 625399.1 2417729, 625409.2 2417754, 625420.4 2417777, 625432.9 2417800, 625446.6 2417823, 625461.4 2417844, 625477.4 2417865, 625494.4 2417885, 625512.4 2417904, 625531.4 2417922, 625551.3 2417939, 625572 2417955, 625593.6 2417970, 625615.9 2417983, 625638.9 2417996, 625662.6 2418007, 625686.8 2418017, 625711.4 2418026, 625736.5 2418033, 625762 2418039, 625787.7 2418044, 625813.7 2418047, 625839.8 2418050, 625865.9 2418050, 625892.1 2418050, 625918.2 2418047, 625944.2 2418044, 625969.9 2418039, 625995.3 2418033, 626020.4 2418026, 626045.1 2418017, 626069.3 2418007, 626092.9 2417996, 626115.9 2417983, 626138.3 2417970, 626159.8 2417955, 626180.6 2417939, 626200.5 2417922, 626219.5 2417904, 626237.5 2417885, 626254.5 2417865, 626270.4 2417844, 626285.3 2417823, 626298.9 2417800, 626311.4 2417777, 626322.7 2417754, 626332.7 2417729, 626341.5 2417705, 626348.9 2417680, 626355 2417654, 626359.8 2417628, 626363.2 2417602, 626365.3 2417576, 626365.9 2417550))"
32,20260541,Forest,5307.45872081989,36.630721511716736,0.5234012147195427,0,Hani,NA,NA,0,1,0,4336,365.34149979098817,348.12586400557814,1045.3758544921875,16.500165939331055,305.01081273361274,785039.3371582031,0,0.07057885040693339,1,62,53224.36866760254,0.06779834608068389,0,0,0,1,0.5737310147101968,-0.8190437856180877,8.576868416028539,3.6008872738862983,-0.6474069680642858,"POLYGON ((692524.8 2404904, 692524.1 2404878, 692522.1 2404852, 692518.7 2404826, 692513.9 2404800, 692507.8 2404774, 692500.3 2404749, 692491.6 2404725, 692481.6 2404701, 692470.3 2404677, 692457.8 2404654, 692444.1 2404632, 692429.3 2404610, 692413.4 2404589, 692396.4 2404569, 692378.4 2404550, 692359.4 2404532, 692339.5 2404515, 692318.7 2404499, 692297.1 2404485, 692274.8 2404471, 692251.8 2404458, 692228.2 2404447, 692204 2404437, 692179.3 2404428, 692154.2 2404421, 692128.8 2404415, 692103 2404410, 692077.1 2404407, 692051 2404405, 692024.8 2404404, 691998.6 2404405, 691972.5 2404407, 691946.6 2404410, 691920.9 2404415, 691895.4 2404421, 691870.3 2404428, 691845.6 2404437, 691821.4 2404447, 691797.8 2404458, 691774.8 2404471, 691752.5 2404485, 691730.9 2404499, 691710.2 2404515, 691690.2 2404532, 691671.3 2404550, 691653.2 2404569, 691636.2 2404589, 691620.3 2404610, 691605.5 2404632, 691591.8 2404654, 691579.3 2404677, 691568 2404701, 691558 2404725, 691549.3 2404749, 691541.8 2404774, 691535.7 2404800, 691531 2404826, 691527.6 2404852, 691525.5 2404878, 691524.8 2404904, 691525.5 2404930, 691527.6 2404956, 691531 2404982, 691535.7 2405008, 691541.8 2405033, 691549.3 2405058, 691558 2405083, 691568 2405107, 691579.3 2405131, 691591.8 2405154, 691605.5 2405176, 691620.3 2405198, 691636.2 2405219, 691653.2 2405238, 691671.3 2405257, 691690.2 2405275, 691710.2 2405292, 691730.9 2405308, 691752.5 2405323, 691774.8 2405337, 691797.8 2405349, 691821.4 2405361, 691845.6 2405371, 691870.3 2405379, 691895.4 2405387, 691920.9 2405393, 691946.6 2405398, 691972.5 2405401, 691998.6 2405403, 692024.8 2405404, 692051 2405403, 692077.1 2405401, 692103 2405398, 692128.8 2405393, 692154.2 2405387, 692179.3 2405379, 692204 2405371, 692228.2 2405361, 692251.8 2405349, 692274.8 2405337, 692297.1 2405323, 692318.7 2405308, 692339.5 2405292, 692359.4 2405275, 692378.4 2405257, 692396.4 2405238, 692413.4 2405219, 692429.3 2405198, 692444.1 2405176, 692457.8 2405154, 692470.3 2405131, 692481.6 2405107, 692491.6 2405083, 692500.3 2405058, 692507.8 2405033, 692513.9 2405008, 692518.7 2404982, 692522.1 2404956, 692524.1 2404930, 692524.8 2404904))"
32,20260541,Forest,8196.42857142857,29.790644225739026,0.5217557251908397,0,Hani,NA,NA,0,1,0,4510,659.8111265892899,813.4340496024714,846.96917724609375,13.596306800842285,70.4420311794073,348776.806640625,322997.5524902344,0.1618526355181216,1,78,290724.1424560547,0.8335535417514531,5170.229959487915,0.014823892704583569,0,1,0.3347604027194445,0.9423032806751314,9.011453798307533,3.3941943920616544,-0.650555760031193,"POLYGON ((711989.9 2409528, 711989.2 2409502, 711987.2 2409476, 711983.8 2409450, 711979 2409424, 711972.9 2409399, 711965.4 2409374, 711956.7 2409349, 711946.7 2409325, 711935.4 2409301, 711922.9 2409278, 711909.2 2409256, 711894.4 2409234, 711878.5 2409214, 711861.5 2409194, 711843.5 2409175, 711824.5 2409157, 711804.6 2409140, 711783.8 2409124, 711762.2 2409109, 711739.9 2409095, 711716.9 2409083, 711693.3 2409071, 711669.1 2409061, 711644.4 2409053, 711619.3 2409045, 711593.9 2409039, 711568.1 2409034, 711542.2 2409031, 711516.1 2409029, 711489.9 2409028, 711463.7 2409029, 711437.6 2409031, 711411.7 2409034, 711386 2409039, 711360.5 2409045, 711335.4 2409053, 711310.7 2409061, 711286.5 2409071, 711262.9 2409083, 711239.9 2409095, 711217.6 2409109, 711196 2409124, 711175.3 2409140, 711155.3 2409157, 711136.4 2409175, 711118.3 2409194, 711101.3 2409214, 711085.4 2409234, 711070.6 2409256, 711056.9 2409278, 711044.4 2409301, 711033.1 2409325, 711023.1 2409349, 711014.4 2409374, 711006.9 2409399, 711000.8 2409424, 710996.1 2409450, 710992.7 2409476, 710990.6 2409502, 710989.9 2409528, 710990.6 2409554, 710992.7 2409581, 710996.1 2409606, 711000.8 2409632, 711006.9 2409658, 711014.4 2409683, 711023.1 2409707, 711033.1 2409732, 711044.4 2409755, 711056.9 2409778, 711070.6 2409801, 711085.4 2409822, 711101.3 2409843, 711118.3 2409863, 711136.4 2409882, 711155.3 2409900, 711175.3 2409917, 711196 2409933, 711217.6 2409948, 711239.9 2409961, 711262.9 2409974, 711286.5 2409985, 711310.7 2409995, 711335.4 2410004, 711360.5 2410011, 711386 2410017, 711411.7 2410022, 711437.6 2410026, 711463.7 2410028, 711489.9 2410028, 711516.1 2410028, 711542.2 2410026, 711568.1 2410022, 711593.9 2410017, 711619.3 2410011, 711644.4 2410004, 711669.1 2409995, 711693.3 2409985, 711716.9 2409974, 711739.9 2409961, 711762.2 2409948, 711783.8 2409933, 711804.6 2409917, 711824.5 2409900, 711843.5 2409882, 711861.5 2409863, 711878.5 2409843, 711894.4 2409822, 711909.2 2409801, 711922.9 2409778, 711935.4 2409755, 711946.7 2409732, 711956.7 2409707, 711965.4 2409683, 711972.9 2409658, 711979 2409632, 711983.8 2409606, 711987.2 2409581, 711989.2 2409554, 711989.9 2409528))"
32,20260541,Forest,5040.869565217392,26.97585606017254,5.159214830970556,0,Hani,NA,NA,0,1,0,4556,384.03372791848903,842.5663686039051,1488.4891357421875,9.389717102050781,39.69637653090248,705210.205078125,51642.69104003906,0.21195317684929707,1,80,0,0,173433.69140625,0.2459319081847895,0,1,0.7694399501215425,0.6387191582823848,8.525333878964574,3.294942245957513,1.6407844033746832,"POLYGON ((629032.3 2415050, 629031.6 2415024, 629029.6 2414998, 629026.2 2414972, 629021.4 2414946, 629015.3 2414921, 629007.9 2414896, 628999.1 2414871, 628989.1 2414847, 628977.8 2414823, 628965.3 2414800, 628951.7 2414778, 628936.8 2414756, 628920.9 2414736, 628903.9 2414716, 628885.9 2414697, 628866.9 2414679, 628847 2414662, 628826.2 2414646, 628804.6 2414631, 628782.3 2414617, 628759.3 2414605, 628735.7 2414593, 628711.5 2414583, 628686.8 2414575, 628661.7 2414567, 628636.3 2414561, 628610.5 2414556, 628584.6 2414553, 628558.5 2414551, 628532.3 2414550, 628506.2 2414551, 628480.1 2414553, 628454.1 2414556, 628428.4 2414561, 628402.9 2414567, 628377.8 2414575, 628353.1 2414583, 628329 2414593, 628305.3 2414605, 628282.3 2414617, 628260 2414631, 628238.4 2414646, 628217.7 2414662, 628197.8 2414679, 628178.8 2414697, 628160.7 2414716, 628143.7 2414736, 628127.8 2414756, 628113 2414778, 628099.3 2414800, 628086.8 2414823, 628075.5 2414847, 628065.5 2414871, 628056.8 2414896, 628049.4 2414921, 628043.2 2414946, 628038.5 2414972, 628035.1 2414998, 628033 2415024, 628032.3 2415050, 628033 2415076, 628035.1 2415102, 628038.5 2415128, 628043.2 2415154, 628049.4 2415180, 628056.8 2415205, 628065.5 2415229, 628075.5 2415254, 628086.8 2415277, 628099.3 2415300, 628113 2415323, 628127.8 2415344, 628143.7 2415365, 628160.7 2415385, 628178.8 2415404, 628197.8 2415422, 628217.7 2415439, 628238.4 2415455, 628260 2415470, 628282.3 2415483, 628305.3 2415496, 628329 2415507, 628353.1 2415517, 628377.8 2415526, 628402.9 2415533, 628428.4 2415539, 628454.1 2415544, 628480.1 2415547, 628506.2 2415550, 628532.3 2415550, 628558.5 2415550, 628584.6 2415547, 628610.5 2415544, 628636.3 2415539, 628661.7 2415533, 628686.8 2415526, 628711.5 2415517, 628735.7 2415507, 628759.3 2415496, 628782.3 2415483, 628804.6 2415470, 628826.2 2415455, 628847 2415439, 628866.9 2415422, 628885.9 2415404, 628903.9 2415385, 628920.9 2415365, 628936.8 2415344, 628951.7 2415323, 628965.3 2415300, 628977.8 2415277, 628989.1 2415254, 628999.1 2415229, 629007.9 2415205, 629015.3 2415180, 629021.4 2415154, 629026.2 2415128, 629029.6 2415102, 629031.6 2415076, 629032.3 2415050))"
32,20260541,Forest,4515,22.149829986848378,1.7557289127254998,0,Hani,NA,NA,0,1,0,4813,1209.1693721429374,1988.2391433200094,655.1888427734375,6.9408416748046875,340.5381559776492,192499.85961914062,61165.2214050293,0.22091656124417847,1,111,32040.081024169922,0.16644210072444185,0,0,0,1,0.9428635798747327,-0.33317903557367406,8.415160465851086,3.0978298209243684,0.5628841055764946,"POLYGON ((739800.3 2424585, 739799.7 2424559, 739797.6 2424533, 739794.2 2424507, 739789.4 2424481, 739783.3 2424455, 739775.9 2424430, 739767.1 2424406, 739757.1 2424381, 739745.8 2424358, 739733.4 2424335, 739719.7 2424312, 739704.9 2424291, 739688.9 2424270, 739671.9 2424250, 739653.9 2424231, 739634.9 2424213, 739615 2424196, 739594.2 2424180, 739572.7 2424165, 739550.3 2424152, 739527.3 2424139, 739503.7 2424128, 739479.5 2424118, 739454.9 2424109, 739429.8 2424102, 739404.3 2424096, 739378.6 2424091, 739352.6 2424088, 739326.5 2424086, 739300.3 2424085, 739274.2 2424086, 739248.1 2424088, 739222.1 2424091, 739196.4 2424096, 739170.9 2424102, 739145.8 2424109, 739121.2 2424118, 739097 2424128, 739073.3 2424139, 739050.3 2424152, 739028 2424165, 739006.5 2424180, 738985.7 2424196, 738965.8 2424213, 738946.8 2424231, 738928.8 2424250, 738911.8 2424270, 738895.8 2424291, 738881 2424312, 738867.3 2424335, 738854.8 2424358, 738843.6 2424381, 738833.6 2424406, 738824.8 2424430, 738817.4 2424455, 738811.3 2424481, 738806.5 2424507, 738803.1 2424533, 738801 2424559, 738800.3 2424585, 738801 2424611, 738803.1 2424637, 738806.5 2424663, 738811.3 2424689, 738817.4 2424714, 738824.8 2424739, 738833.6 2424764, 738843.6 2424788, 738854.8 2424812, 738867.3 2424835, 738881 2424857, 738895.8 2424879, 738911.8 2424899, 738928.8 2424919, 738946.8 2424938, 738965.8 2424956, 738985.7 2424973, 739006.5 2424989, 739028 2425004, 739050.3 2425018, 739073.3 2425030, 739097 2425042, 739121.2 2425052, 739145.8 2425060, 739170.9 2425068, 739196.4 2425074, 739222.1 2425079, 739248.1 2425082, 739274.2 2425084, 739300.3 2425085, 739326.5 2425084, 739352.6 2425082, 739378.6 2425079, 739404.3 2425074, 739429.8 2425068, 739454.9 2425060, 739479.5 2425052, 739503.7 2425042, 739527.3 2425030, 739550.3 2425018, 739572.7 2425004, 739594.2 2424989, 739615 2424973, 739634.9 2424956, 739653.9 2424938, 739671.9 2424919, 739688.9 2424899, 739704.9 2424879, 739719.7 2424857, 739733.4 2424835, 739745.8 2424812, 739757.1 2424788, 739767.1 2424764, 739775.9 2424739, 739783.3 2424714, 739789.4 2424689, 739794.2 2424663, 739797.6 2424637, 739799.7 2424611, 739800.3 2424585))"
32,20260541,Forest,2715.8853672423606,19.408732153463,0.688783570300158,0,Hani,NA,NA,0,1,0,4862,153.2353087624583,768.1394086350037,1559.310791015625,10.097034454345703,100.36732048284142,665153.8879394531,0,0.23496614188037587,1,66,0,0,81415.58532714844,0.12240112672176012,0,1,-0.1799581210065579,0.9836742726552266,7.906873281323348,2.9657230758029596,-0.3728281787951418,"POLYGON ((661751 2398807, 661750.3 2398781, 661748.2 2398755, 661744.8 2398729, 661740 2398703, 661733.9 2398677, 661726.5 2398652, 661717.8 2398628, 661707.7 2398604, 661696.5 2398580, 661684 2398557, 661670.3 2398535, 661655.5 2398513, 661639.5 2398492, 661622.5 2398472, 661604.5 2398453, 661585.5 2398435, 661565.6 2398418, 661544.9 2398402, 661523.3 2398388, 661501 2398374, 661478 2398361, 661454.3 2398350, 661430.1 2398340, 661405.5 2398331, 661380.4 2398324, 661354.9 2398318, 661329.2 2398313, 661303.2 2398310, 661277.1 2398308, 661251 2398307, 661224.8 2398308, 661198.7 2398310, 661172.7 2398313, 661147 2398318, 661121.6 2398324, 661096.5 2398331, 661071.8 2398340, 661047.6 2398350, 661024 2398361, 661001 2398374, 660978.6 2398388, 660957.1 2398402, 660936.3 2398418, 660916.4 2398435, 660897.4 2398453, 660879.4 2398472, 660862.4 2398492, 660846.5 2398513, 660831.6 2398535, 660817.9 2398557, 660805.5 2398580, 660794.2 2398604, 660784.2 2398628, 660775.4 2398652, 660768 2398677, 660761.9 2398703, 660757.1 2398729, 660753.7 2398755, 660751.6 2398781, 660751 2398807, 660751.6 2398833, 660753.7 2398859, 660757.1 2398885, 660761.9 2398911, 660768 2398936, 660775.4 2398961, 660784.2 2398986, 660794.2 2399010, 660805.5 2399034, 660817.9 2399057, 660831.6 2399079, 660846.5 2399101, 660862.4 2399122, 660879.4 2399141, 660897.4 2399160, 660916.4 2399178, 660936.3 2399195, 660957.1 2399211, 660978.6 2399226, 661001 2399240, 661024 2399252, 661047.6 2399264, 661071.8 2399274, 661096.5 2399282, 661121.6 2399290, 661147 2399296, 661172.7 2399301, 661198.7 2399304, 661224.8 2399306, 661251 2399307, 661277.1 2399306, 661303.2 2399304, 661329.2 2399301, 661354.9 2399296, 661380.4 2399290, 661405.5 2399282, 661430.1 2399274, 661454.3 2399264, 661478 2399252, 661501 2399240, 661523.3 2399226, 661544.9 2399211, 661565.6 2399195, 661585.5 2399178, 661604.5 2399160, 661622.5 2399141, 661639.5 2399122, 661655.5 2399101, 661670.3 2399079, 661684 2399057, 661696.5 2399034, 661707.7 2399010, 661717.8 2398986, 661726.5 2398961, 661733.9 2398936, 661740 2398911, 661744.8 2398885, 661748.2 2398859, 661750.3 2398833, 661751 2398807))"
32,20260541,Forest,3378.2501423420003,26.64581295076882,2.071001494768311,0,Hani,NA,NA,0,1,0,4889,425.4941460873606,1062.2625744223553,718.94769287109375,10.24032211303711,154.2729449918366,12121.89474105835,9232.986545562744,0.2982019248634244,1,71,12121.89474105835,1,0,0,0,1,-0.90087214749852,0.43408452386765056,8.125113145053028,3.2826320257268775,0.7280323041748047,"POLYGON ((678122.1 2407913, 678121.5 2407887, 678119.4 2407861, 678116 2407835, 678111.2 2407809, 678105.1 2407783, 678097.7 2407758, 678088.9 2407734, 678078.9 2407709, 678067.6 2407686, 678055.2 2407663, 678041.5 2407640, 678026.6 2407619, 678010.7 2407598, 677993.7 2407578, 677975.7 2407559, 677956.7 2407541, 677936.8 2407524, 677916 2407508, 677894.5 2407493, 677872.1 2407480, 677849.1 2407467, 677825.5 2407456, 677801.3 2407446, 677776.6 2407437, 677751.5 2407430, 677726.1 2407424, 677700.4 2407419, 677674.4 2407416, 677648.3 2407413, 677622.1 2407413, 677596 2407413, 677569.9 2407416, 677543.9 2407419, 677518.2 2407424, 677492.7 2407430, 677467.6 2407437, 677443 2407446, 677418.8 2407456, 677395.1 2407467, 677372.1 2407480, 677349.8 2407493, 677328.2 2407508, 677307.5 2407524, 677287.6 2407541, 677268.6 2407559, 677250.6 2407578, 677233.6 2407598, 677217.6 2407619, 677202.8 2407640, 677189.1 2407663, 677176.6 2407686, 677165.4 2407709, 677155.3 2407734, 677146.6 2407758, 677139.2 2407783, 677133.1 2407809, 677128.3 2407835, 677124.9 2407861, 677122.8 2407887, 677122.1 2407913, 677122.8 2407939, 677124.9 2407965, 677128.3 2407991, 677133.1 2408017, 677139.2 2408042, 677146.6 2408067, 677155.3 2408092, 677165.4 2408116, 677176.6 2408140, 677189.1 2408163, 677202.8 2408185, 677217.6 2408207, 677233.6 2408227, 677250.6 2408247, 677268.6 2408266, 677287.6 2408284, 677307.5 2408301, 677328.2 2408317, 677349.8 2408332, 677372.1 2408346, 677395.1 2408358, 677418.8 2408370, 677443 2408380, 677467.6 2408388, 677492.7 2408396, 677518.2 2408402, 677543.9 2408407, 677569.9 2408410, 677596 2408412, 677622.1 2408413, 677648.3 2408412, 677674.4 2408410, 677700.4 2408407, 677726.1 2408402, 677751.5 2408396, 677776.6 2408388, 677801.3 2408380, 677825.5 2408370, 677849.1 2408358, 677872.1 2408346, 677894.5 2408332, 677916 2408317, 677936.8 2408301, 677956.7 2408284, 677975.7 2408266, 677993.7 2408247, 678010.7 2408227, 678026.6 2408207, 678041.5 2408185, 678055.2 2408163, 678067.6 2408140, 678078.9 2408116, 678088.9 2408092, 678097.7 2408067, 678105.1 2408042, 678111.2 2408017, 678116 2407991, 678119.4 2407965, 678121.5 2407939, 678122.1 2407913))"
32,20260541,Forest,3378.2501423420003,27.32013936280332,2.0710014947683106,0,Hani,NA,NA,0,1,0,4917,432.6655688207893,1734.8072905755955,971.0572509765625,12.224664688110352,25.939371936397404,785039.3371582031,0,0.1255608031721654,1,87,510251.8798828125,0.6499698240981079,0,0,0,1,0.8992574095408059,0.43741983423932584,8.125113145053028,3.3076241358170795,0.7280323041748045,"POLYGON ((665135 2405585, 665134.3 2405559, 665132.2 2405533, 665128.8 2405507, 665124.1 2405481, 665117.9 2405456, 665110.5 2405431, 665101.8 2405406, 665091.8 2405382, 665080.5 2405358, 665068 2405335, 665054.3 2405313, 665039.5 2405291, 665023.6 2405271, 665006.6 2405251, 664988.5 2405232, 664969.6 2405214, 664949.6 2405197, 664928.9 2405181, 664907.3 2405166, 664885 2405152, 664862 2405140, 664838.4 2405128, 664814.2 2405118, 664789.5 2405110, 664764.4 2405102, 664738.9 2405096, 664713.2 2405091, 664687.2 2405088, 664661.2 2405086, 664635 2405085, 664608.8 2405086, 664582.7 2405088, 664556.8 2405091, 664531 2405096, 664505.6 2405102, 664480.5 2405110, 664455.8 2405118, 664431.6 2405128, 664408 2405140, 664385 2405152, 664362.7 2405166, 664341.1 2405181, 664320.3 2405197, 664300.4 2405214, 664281.4 2405232, 664263.4 2405251, 664246.4 2405271, 664230.5 2405291, 664215.6 2405313, 664202 2405335, 664189.5 2405358, 664178.2 2405382, 664168.2 2405406, 664159.5 2405431, 664152 2405456, 664145.9 2405481, 664141.1 2405507, 664137.7 2405533, 664135.7 2405559, 664135 2405585, 664135.7 2405611, 664137.7 2405637, 664141.1 2405663, 664145.9 2405689, 664152 2405715, 664159.5 2405740, 664168.2 2405764, 664178.2 2405789, 664189.5 2405812, 664202 2405835, 664215.6 2405858, 664230.5 2405879, 664246.4 2405900, 664263.4 2405920, 664281.4 2405939, 664300.4 2405957, 664320.3 2405974, 664341.1 2405990, 664362.7 2406005, 664385 2406018, 664408 2406031, 664431.6 2406042, 664455.8 2406052, 664480.5 2406061, 664505.6 2406068, 664531 2406074, 664556.8 2406079, 664582.7 2406082, 664608.8 2406084, 664635 2406085, 664661.2 2406084, 664687.2 2406082, 664713.2 2406079, 664738.9 2406074, 664764.4 2406068, 664789.5 2406061, 664814.2 2406052, 664838.4 2406042, 664862 2406031, 664885 2406018, 664907.3 2406005, 664928.9 2405990, 664949.6 2405974, 664969.6 2405957, 664988.5 2405939, 665006.6 2405920, 665023.6 2405900, 665039.5 2405879, 665054.3 2405858, 665068 2405835, 665080.5 2405812, 665091.8 2405789, 665101.8 2405764, 665110.5 2405740, 665117.9 2405715, 665124.1 2405689, 665128.8 2405663, 665132.2 2405637, 665134.3 2405611, 665135 2405585))"
32,20260541,Forest,4967,14.715169008011273,0.38470948012232414,0,Hani,NA,NA,0,1,0,4977,221.0841639852301,1935.5946258133124,718.31011962890625,11.041651725769043,95.51209523055333,198485.0601196289,496450.96435546875,0.22605285383308507,1,52,155358.84704589844,0.7827231276362167,3600,0.018137385241137265,0,1,-0.09605588011010031,0.9953759429965514,8.51057131510735,2.688878867043283,-0.9552668266309133,"POLYGON ((769164.6 2389528, 769163.9 2389502, 769161.9 2389476, 769158.4 2389450, 769153.7 2389424, 769147.6 2389399, 769140.1 2389374, 769131.4 2389349, 769121.4 2389325, 769110.1 2389301, 769097.6 2389278, 769083.9 2389256, 769069.1 2389234, 769053.2 2389213, 769036.2 2389193, 769018.1 2389174, 768999.2 2389156, 768979.3 2389139, 768958.5 2389124, 768936.9 2389109, 768914.6 2389095, 768891.6 2389083, 768868 2389071, 768843.8 2389061, 768819.1 2389052, 768794 2389045, 768768.6 2389039, 768742.8 2389034, 768716.9 2389031, 768690.8 2389029, 768664.6 2389028, 768638.4 2389029, 768612.3 2389031, 768586.4 2389034, 768560.6 2389039, 768535.2 2389045, 768510.1 2389052, 768485.4 2389061, 768461.2 2389071, 768437.6 2389083, 768414.6 2389095, 768392.3 2389109, 768370.7 2389124, 768349.9 2389139, 768330 2389156, 768311 2389174, 768293 2389193, 768276 2389213, 768260.1 2389234, 768245.3 2389256, 768231.6 2389278, 768219.1 2389301, 768207.8 2389325, 768197.8 2389349, 768189.1 2389374, 768181.6 2389399, 768175.5 2389424, 768170.8 2389450, 768167.3 2389476, 768165.3 2389502, 768164.6 2389528, 768165.3 2389554, 768167.3 2389580, 768170.8 2389606, 768175.5 2389632, 768181.6 2389657, 768189.1 2389683, 768197.8 2389707, 768207.8 2389731, 768219.1 2389755, 768231.6 2389778, 768245.3 2389800, 768260.1 2389822, 768276 2389843, 768293 2389863, 768311 2389882, 768330 2389900, 768349.9 2389917, 768370.7 2389933, 768392.3 2389947, 768414.6 2389961, 768437.6 2389974, 768461.2 2389985, 768485.4 2389995, 768510.1 2390004, 768535.2 2390011, 768560.6 2390017, 768586.4 2390022, 768612.3 2390025, 768638.4 2390027, 768664.6 2390028, 768690.8 2390027, 768716.9 2390025, 768742.8 2390022, 768768.6 2390017, 768794 2390011, 768819.1 2390004, 768843.8 2389995, 768868 2389985, 768891.6 2389974, 768914.6 2389961, 768936.9 2389947, 768958.5 2389933, 768979.3 2389917, 768999.2 2389900, 769018.1 2389882, 769036.2 2389863, 769053.2 2389843, 769069.1 2389822, 769083.9 2389800, 769097.6 2389778, 769110.1 2389755, 769121.4 2389731, 769131.4 2389707, 769140.1 2389683, 769147.6 2389657, 769153.7 2389632, 769158.4 2389606, 769161.9 2389580, 769163.9 2389554, 769164.6 2389528))"
32,20260541,Forest,3378.2501423420003,27.32013936280332,2.0710014947683106,0,Hani,NA,NA,0,1,0,4979,681.1796886361915,764.7515307194608,1231.260986328125,15.540298461914062,147.61126683068687,785039.3371582031,0,0.09155445433839443,1,49,320671.6369628906,0.4084784313149241,10629.476737976074,0.013540056191902643,0,1,-0.8444332759216261,0.5356607531976474,8.125113145053028,3.3076241358170795,0.7280323041748045,"POLYGON ((664467.7 2408441, 664467 2408415, 664464.9 2408389, 664461.5 2408363, 664456.8 2408337, 664450.6 2408312, 664443.2 2408287, 664434.5 2408262, 664424.5 2408238, 664413.2 2408214, 664400.7 2408191, 664387 2408169, 664372.2 2408148, 664356.3 2408127, 664339.3 2408107, 664321.2 2408088, 664302.2 2408070, 664282.3 2408053, 664261.6 2408037, 664240 2408022, 664217.7 2408008, 664194.7 2407996, 664171 2407985, 664146.9 2407975, 664122.2 2407966, 664097.1 2407958, 664071.6 2407952, 664045.9 2407948, 664019.9 2407944, 663993.8 2407942, 663967.7 2407941, 663941.5 2407942, 663915.4 2407944, 663889.5 2407948, 663863.7 2407952, 663838.3 2407958, 663813.2 2407966, 663788.5 2407975, 663764.3 2407985, 663740.7 2407996, 663717.7 2408008, 663695.4 2408022, 663673.8 2408037, 663653 2408053, 663633.1 2408070, 663614.1 2408088, 663596.1 2408107, 663579.1 2408127, 663563.2 2408148, 663548.3 2408169, 663534.7 2408191, 663522.2 2408214, 663510.9 2408238, 663500.9 2408262, 663492.2 2408287, 663484.7 2408312, 663478.6 2408337, 663473.8 2408363, 663470.4 2408389, 663468.4 2408415, 663467.7 2408441, 663468.4 2408468, 663470.4 2408494, 663473.8 2408520, 663478.6 2408545, 663484.7 2408571, 663492.2 2408596, 663500.9 2408621, 663510.9 2408645, 663522.2 2408668, 663534.7 2408691, 663548.3 2408714, 663563.2 2408735, 663579.1 2408756, 663596.1 2408776, 663614.1 2408795, 663633.1 2408813, 663653 2408830, 663673.8 2408846, 663695.4 2408861, 663717.7 2408874, 663740.7 2408887, 663764.3 2408898, 663788.5 2408908, 663813.2 2408917, 663838.3 2408924, 663863.7 2408931, 663889.5 2408935, 663915.4 2408939, 663941.5 2408941, 663967.7 2408941, 663993.8 2408941, 664019.9 2408939, 664045.9 2408935, 664071.6 2408931, 664097.1 2408924, 664122.2 2408917, 664146.9 2408908, 664171 2408898, 664194.7 2408887, 664217.7 2408874, 664240 2408861, 664261.6 2408846, 664282.3 2408830, 664302.2 2408813, 664321.2 2408795, 664339.3 2408776, 664356.3 2408756, 664372.2 2408735, 664387 2408714, 664400.7 2408691, 664413.2 2408668, 664424.5 2408645, 664434.5 2408621, 664443.2 2408596, 664450.6 2408571, 664456.8 2408545, 664461.5 2408520, 664464.9 2408494, 664467 2408468, 664467.7 2408441))"
32,20260541,Forest,5351.11026760296,13.711033575247699,0.13435474366529168,0,Hani,NA,NA,0,1,0,5084,426.11610261811126,538.287856381382,1147.67724609375,16.674346923828125,61.92986173637902,785039.3371582031,0,0.08899040398859522,1,18,24342.688751220703,0.031008240732674396,3739.2710208892822,0.0047631638873349025,0,1,0.47055206543095907,0.8823722308179572,8.585059345014134,2.6182008791533518,-2.0072716362797856,"POLYGON ((672504.4 2408867, 672503.7 2408840, 672501.6 2408814, 672498.2 2408788, 672493.4 2408763, 672487.3 2408737, 672479.9 2408712, 672471.1 2408687, 672461.1 2408663, 672449.9 2408640, 672437.4 2408617, 672423.7 2408594, 672408.9 2408573, 672392.9 2408552, 672375.9 2408532, 672357.9 2408513, 672338.9 2408495, 672319 2408478, 672298.3 2408462, 672276.7 2408447, 672254.4 2408434, 672231.4 2408421, 672207.7 2408410, 672183.5 2408400, 672158.9 2408391, 672133.8 2408384, 672108.3 2408378, 672082.6 2408373, 672056.6 2408369, 672030.5 2408367, 672004.4 2408367, 671978.2 2408367, 671952.1 2408369, 671926.1 2408373, 671900.4 2408378, 671874.9 2408384, 671849.9 2408391, 671825.2 2408400, 671801 2408410, 671777.4 2408421, 671754.4 2408434, 671732 2408447, 671710.5 2408462, 671689.7 2408478, 671669.8 2408495, 671650.8 2408513, 671632.8 2408532, 671615.8 2408552, 671599.9 2408573, 671585 2408594, 671571.3 2408617, 671558.9 2408640, 671547.6 2408663, 671537.6 2408687, 671528.8 2408712, 671521.4 2408737, 671515.3 2408763, 671510.5 2408788, 671507.1 2408814, 671505 2408840, 671504.4 2408867, 671505 2408893, 671507.1 2408919, 671510.5 2408945, 671515.3 2408971, 671521.4 2408996, 671528.8 2409021, 671537.6 2409046, 671547.6 2409070, 671558.9 2409094, 671571.3 2409117, 671585 2409139, 671599.9 2409161, 671615.8 2409181, 671632.8 2409201, 671650.8 2409220, 671669.8 2409238, 671689.7 2409255, 671710.5 2409271, 671732 2409286, 671754.4 2409300, 671777.4 2409312, 671801 2409323, 671825.2 2409333, 671849.9 2409342, 671874.9 2409350, 671900.4 2409356, 671926.1 2409360, 671952.1 2409364, 671978.2 2409366, 672004.4 2409367, 672030.5 2409366, 672056.6 2409364, 672082.6 2409360, 672108.3 2409356, 672133.8 2409350, 672158.9 2409342, 672183.5 2409333, 672207.7 2409323, 672231.4 2409312, 672254.4 2409300, 672276.7 2409286, 672298.3 2409271, 672319 2409255, 672338.9 2409238, 672357.9 2409220, 672375.9 2409201, 672392.9 2409181, 672408.9 2409161, 672423.7 2409139, 672437.4 2409117, 672449.9 2409094, 672461.1 2409070, 672471.1 2409046, 672479.9 2409021, 672487.3 2408996, 672493.4 2408971, 672498.2 2408945, 672501.6 2408919, 672503.7 2408893, 672504.4 2408867))"
32,20260541,Forest,4496.109318656291,53.343051017456666,0.9828130480533146,0,Hani,NA,NA,0,1,0,5091,653.9973854599162,672.9043905211934,892.37744140625,15.268343925476074,340.0148644746531,53713.380432128906,474290.22216796875,0.08500111300919268,1,112,44124.87030029297,0.8214874942761836,0,0,0,1,0.9397813208235978,-0.3417763435802045,8.410967705925682,3.9767437165454274,-0.01733636201571971,"POLYGON ((670850.7 2377792, 670850 2377766, 670847.9 2377740, 670844.5 2377714, 670839.7 2377688, 670833.6 2377663, 670826.2 2377638, 670817.5 2377613, 670807.4 2377589, 670796.2 2377565, 670783.7 2377542, 670770 2377520, 670755.2 2377498, 670739.2 2377478, 670722.2 2377458, 670704.2 2377439, 670685.2 2377421, 670665.3 2377404, 670644.6 2377388, 670623 2377373, 670600.7 2377359, 670577.7 2377347, 670554 2377336, 670529.9 2377326, 670505.2 2377317, 670480.1 2377309, 670454.6 2377303, 670428.9 2377299, 670402.9 2377295, 670376.8 2377293, 670350.7 2377292, 670324.5 2377293, 670298.4 2377295, 670272.5 2377299, 670246.7 2377303, 670221.3 2377309, 670196.2 2377317, 670171.5 2377326, 670147.3 2377336, 670123.7 2377347, 670100.7 2377359, 670078.4 2377373, 670056.8 2377388, 670036 2377404, 670016.1 2377421, 669997.1 2377439, 669979.1 2377458, 669962.1 2377478, 669946.2 2377498, 669931.3 2377520, 669917.7 2377542, 669905.2 2377565, 669893.9 2377589, 669883.9 2377613, 669875.1 2377638, 669867.7 2377663, 669861.6 2377688, 669856.8 2377714, 669853.4 2377740, 669851.4 2377766, 669850.7 2377792, 669851.4 2377819, 669853.4 2377845, 669856.8 2377871, 669861.6 2377896, 669867.7 2377922, 669875.1 2377947, 669883.9 2377972, 669893.9 2377996, 669905.2 2378019, 669917.7 2378042, 669931.3 2378065, 669946.2 2378086, 669962.1 2378107, 669979.1 2378127, 669997.1 2378146, 670016.1 2378164, 670036 2378181, 670056.8 2378197, 670078.4 2378212, 670100.7 2378225, 670123.7 2378238, 670147.3 2378249, 670171.5 2378259, 670196.2 2378268, 670221.3 2378275, 670246.7 2378281, 670272.5 2378286, 670298.4 2378290, 670324.5 2378292, 670350.7 2378292, 670376.8 2378292, 670402.9 2378290, 670428.9 2378286, 670454.6 2378281, 670480.1 2378275, 670505.2 2378268, 670529.9 2378259, 670554 2378249, 670577.7 2378238, 670600.7 2378225, 670623 2378212, 670644.6 2378197, 670665.3 2378181, 670685.2 2378164, 670704.2 2378146, 670722.2 2378127, 670739.2 2378107, 670755.2 2378086, 670770 2378065, 670783.7 2378042, 670796.2 2378019, 670807.4 2377996, 670817.5 2377972, 670826.2 2377947, 670833.6 2377922, 670839.7 2377896, 670844.5 2377871, 670847.9 2377845, 670850 2377819, 670850.7 2377792))"
32,20260541,Forest,4515,22.149829986848378,1.7557289127254998,0,Hani,NA,NA,0,1,0,5173,642.3679052578153,1346.0566115096349,581.954345703125,7.171498775482178,232.1344484390918,679262.9699707031,32577.17514038086,0.3333577224616249,1,115,9738.713836669922,0.014337177598669858,0,0,0,1,-0.613810661222192,-0.7894532742157546,8.415160465851086,3.0978298209243684,0.5628841055764946,"POLYGON ((735884.6 2423555, 735883.9 2423529, 735881.9 2423503, 735878.4 2423477, 735873.7 2423451, 735867.6 2423426, 735860.1 2423401, 735851.4 2423376, 735841.4 2423352, 735830.1 2423328, 735817.6 2423305, 735803.9 2423283, 735789.1 2423261, 735773.2 2423241, 735756.2 2423221, 735738.1 2423202, 735719.2 2423184, 735699.3 2423167, 735678.5 2423151, 735656.9 2423136, 735634.6 2423122, 735611.6 2423110, 735588 2423098, 735563.8 2423088, 735539.1 2423080, 735514 2423072, 735488.5 2423066, 735462.8 2423061, 735436.9 2423058, 735410.8 2423056, 735384.6 2423055, 735358.4 2423056, 735332.3 2423058, 735306.4 2423061, 735280.6 2423066, 735255.2 2423072, 735230.1 2423080, 735205.4 2423088, 735181.2 2423098, 735157.6 2423110, 735134.6 2423122, 735112.3 2423136, 735090.7 2423151, 735069.9 2423167, 735050 2423184, 735031 2423202, 735013 2423221, 734996 2423241, 734980.1 2423261, 734965.3 2423283, 734951.6 2423305, 734939.1 2423328, 734927.8 2423352, 734917.8 2423376, 734909.1 2423401, 734901.6 2423426, 734895.5 2423451, 734890.7 2423477, 734887.3 2423503, 734885.3 2423529, 734884.6 2423555, 734885.3 2423581, 734887.3 2423607, 734890.7 2423633, 734895.5 2423659, 734901.6 2423685, 734909.1 2423710, 734917.8 2423734, 734927.8 2423759, 734939.1 2423782, 734951.6 2423805, 734965.3 2423828, 734980.1 2423849, 734996 2423870, 735013 2423890, 735031 2423909, 735050 2423927, 735069.9 2423944, 735090.7 2423960, 735112.3 2423975, 735134.6 2423988, 735157.6 2424001, 735181.2 2424012, 735205.4 2424022, 735230.1 2424031, 735255.2 2424038, 735280.6 2424044, 735306.4 2424049, 735332.3 2424052, 735358.4 2424055, 735384.6 2424055, 735410.8 2424055, 735436.9 2424052, 735462.8 2424049, 735488.5 2424044, 735514 2424038, 735539.1 2424031, 735563.8 2424022, 735588 2424012, 735611.6 2424001, 735634.6 2423988, 735656.9 2423975, 735678.5 2423960, 735699.3 2423944, 735719.2 2423927, 735738.1 2423909, 735756.2 2423890, 735773.2 2423870, 735789.1 2423849, 735803.9 2423828, 735817.6 2423805, 735830.1 2423782, 735841.4 2423759, 735851.4 2423734, 735860.1 2423710, 735867.6 2423685, 735873.7 2423659, 735878.4 2423633, 735881.9 2423607, 735883.9 2423581, 735884.6 2423555))"
32,20260541,Forest,5351.11026760296,13.711033575247699,0.13435474366529168,0,Hani,NA,NA,0,1,0,5236,205.45904576815653,1165.212003336218,950.86578369140625,15.256422996520996,267.2848625997954,773293.5241699219,11745.798397064209,0.07656495914285553,1,14,208948.13690185547,0.2702054658043944,0,0,0,1,-0.047370353244081835,-0.9988773946954306,8.585059345014134,2.6182008791533518,-2.0072716362797856,"POLYGON ((691123.2 2404226, 691122.5 2404200, 691120.4 2404174, 691117 2404148, 691112.3 2404122, 691106.1 2404096, 691098.7 2404071, 691090 2404047, 691080 2404022, 691068.7 2403999, 691056.2 2403976, 691042.5 2403954, 691027.7 2403932, 691011.8 2403911, 690994.8 2403891, 690976.7 2403872, 690957.7 2403854, 690937.8 2403837, 690917.1 2403821, 690895.5 2403806, 690873.2 2403793, 690850.2 2403780, 690826.5 2403769, 690802.4 2403759, 690777.7 2403750, 690752.6 2403743, 690727.1 2403737, 690701.4 2403732, 690675.4 2403729, 690649.3 2403727, 690623.2 2403726, 690597 2403727, 690570.9 2403729, 690545 2403732, 690519.2 2403737, 690493.8 2403743, 690468.7 2403750, 690444 2403759, 690419.8 2403769, 690396.2 2403780, 690373.2 2403793, 690350.9 2403806, 690329.3 2403821, 690308.5 2403837, 690288.6 2403854, 690269.6 2403872, 690251.6 2403891, 690234.6 2403911, 690218.7 2403932, 690203.8 2403954, 690190.2 2403976, 690177.7 2403999, 690166.4 2404022, 690156.4 2404047, 690147.7 2404071, 690140.2 2404096, 690134.1 2404122, 690129.3 2404148, 690125.9 2404174, 690123.9 2404200, 690123.2 2404226, 690123.9 2404252, 690125.9 2404278, 690129.3 2404304, 690134.1 2404330, 690140.2 2404355, 690147.7 2404380, 690156.4 2404405, 690166.4 2404429, 690177.7 2404453, 690190.2 2404476, 690203.8 2404498, 690218.7 2404520, 690234.6 2404540, 690251.6 2404560, 690269.6 2404579, 690288.6 2404597, 690308.5 2404614, 690329.3 2404630, 690350.9 2404645, 690373.2 2404659, 690396.2 2404671, 690419.8 2404683, 690444 2404693, 690468.7 2404701, 690493.8 2404709, 690519.2 2404715, 690545 2404720, 690570.9 2404723, 690597 2404725, 690623.2 2404726, 690649.3 2404725, 690675.4 2404723, 690701.4 2404720, 690727.1 2404715, 690752.6 2404709, 690777.7 2404701, 690802.4 2404693, 690826.5 2404683, 690850.2 2404671, 690873.2 2404659, 690895.5 2404645, 690917.1 2404630, 690937.8 2404614, 690957.7 2404597, 690976.7 2404579, 690994.8 2404560, 691011.8 2404540, 691027.7 2404520, 691042.5 2404498, 691056.2 2404476, 691068.7 2404453, 691080 2404429, 691090 2404405, 691098.7 2404380, 691106.1 2404355, 691112.3 2404330, 691117 2404304, 691120.4 2404278, 691122.5 2404252, 691123.2 2404226))"
32,20260541,Forest,9725.563909774435,35.4184866616443,0.38167655786350146,0,Hani,NA,NA,0,1,0,5302,72.58296820095669,3072.936477959595,590.52978515625,13.811585426330566,300.18017088729744,50829.47959899902,60831.96487426758,0.06522671780837445,1,29,13314.539623260498,0.2619452280113979,5121.442937850952,0.10075733566927582,0,1,0.5027208054325601,-0.8644488369968683,9.182513152386466,3.5672339059095797,-0.9631817361981481,"POLYGON ((695782.9 2422717, 695782.2 2422691, 695780.2 2422664, 695776.7 2422638, 695772 2422613, 695765.9 2422587, 695758.4 2422562, 695749.7 2422537, 695739.7 2422513, 695728.4 2422490, 695715.9 2422467, 695702.2 2422444, 695687.4 2422423, 695671.5 2422402, 695654.5 2422382, 695636.5 2422363, 695617.5 2422345, 695597.6 2422328, 695576.8 2422312, 695555.2 2422297, 695532.9 2422284, 695509.9 2422271, 695486.3 2422260, 695462.1 2422250, 695437.4 2422241, 695412.3 2422234, 695386.9 2422228, 695361.1 2422223, 695335.2 2422219, 695309.1 2422217, 695282.9 2422217, 695256.7 2422217, 695230.6 2422219, 695204.7 2422223, 695178.9 2422228, 695153.5 2422234, 695128.4 2422241, 695103.7 2422250, 695079.5 2422260, 695055.9 2422271, 695032.9 2422284, 695010.6 2422297, 694989 2422312, 694968.2 2422328, 694948.3 2422345, 694929.3 2422363, 694911.3 2422382, 694894.3 2422402, 694878.4 2422423, 694863.6 2422444, 694849.9 2422467, 694837.4 2422490, 694826.1 2422513, 694816.1 2422537, 694807.4 2422562, 694799.9 2422587, 694793.8 2422613, 694789.1 2422638, 694785.6 2422664, 694783.6 2422691, 694782.9 2422717, 694783.6 2422743, 694785.6 2422769, 694789.1 2422795, 694793.8 2422821, 694799.9 2422846, 694807.4 2422871, 694816.1 2422896, 694826.1 2422920, 694837.4 2422944, 694849.9 2422967, 694863.6 2422989, 694878.4 2423011, 694894.3 2423031, 694911.3 2423051, 694929.3 2423070, 694948.3 2423088, 694968.2 2423105, 694989 2423121, 695010.6 2423136, 695032.9 2423150, 695055.9 2423162, 695079.5 2423173, 695103.7 2423183, 695128.4 2423192, 695153.5 2423200, 695178.9 2423206, 695204.7 2423211, 695230.6 2423214, 695256.7 2423216, 695282.9 2423217, 695309.1 2423216, 695335.2 2423214, 695361.1 2423211, 695386.9 2423206, 695412.3 2423200, 695437.4 2423192, 695462.1 2423183, 695486.3 2423173, 695509.9 2423162, 695532.9 2423150, 695555.2 2423136, 695576.8 2423121, 695597.6 2423105, 695617.5 2423088, 695636.5 2423070, 695654.5 2423051, 695671.5 2423031, 695687.4 2423011, 695702.2 2422989, 695715.9 2422967, 695728.4 2422944, 695739.7 2422920, 695749.7 2422896, 695758.4 2422871, 695765.9 2422846, 695772 2422821, 695776.7 2422795, 695780.2 2422769, 695782.2 2422743, 695782.9 2422717))"
32,20260541,Forest,4515,22.149829986848378,1.7557289127254998,0,Hani,NA,NA,0,1,0,5325,148.32608567783393,1039.185037272616,602.04315185546875,12.977730751037598,55.324678885251515,227.46782004833221,94232.83996582031,0.21966206036040622,1,13,0,0,156.14210218191147,0.6864360072942823,0,1,0.5689253503367537,0.8223891692770535,8.415160465851086,3.0978298209243684,0.5628841055764946,"POLYGON ((735420.2 2420341, 735419.5 2420315, 735417.4 2420289, 735414 2420263, 735409.2 2420238, 735403.1 2420212, 735395.7 2420187, 735387 2420162, 735376.9 2420138, 735365.7 2420115, 735353.2 2420091, 735339.5 2420069, 735324.7 2420048, 735308.7 2420027, 735291.7 2420007, 735273.7 2419988, 735254.7 2419970, 735234.8 2419953, 735214.1 2419937, 735192.5 2419922, 735170.2 2419908, 735147.2 2419896, 735123.5 2419885, 735099.4 2419875, 735074.7 2419866, 735049.6 2419859, 735024.1 2419852, 734998.4 2419848, 734972.4 2419844, 734946.3 2419842, 734920.2 2419841, 734894 2419842, 734867.9 2419844, 734842 2419848, 734816.2 2419852, 734790.8 2419859, 734765.7 2419866, 734741 2419875, 734716.8 2419885, 734693.2 2419896, 734670.2 2419908, 734647.9 2419922, 734626.3 2419937, 734605.5 2419953, 734585.6 2419970, 734566.6 2419988, 734548.6 2420007, 734531.6 2420027, 734515.7 2420048, 734500.8 2420069, 734487.2 2420091, 734474.7 2420115, 734463.4 2420138, 734453.4 2420162, 734444.6 2420187, 734437.2 2420212, 734431.1 2420238, 734426.3 2420263, 734422.9 2420289, 734420.9 2420315, 734420.2 2420341, 734420.9 2420368, 734422.9 2420394, 734426.3 2420420, 734431.1 2420445, 734437.2 2420471, 734444.6 2420496, 734453.4 2420521, 734463.4 2420545, 734474.7 2420568, 734487.2 2420591, 734500.8 2420614, 734515.7 2420635, 734531.6 2420656, 734548.6 2420676, 734566.6 2420695, 734585.6 2420713, 734605.5 2420730, 734626.3 2420746, 734647.9 2420761, 734670.2 2420775, 734693.2 2420787, 734716.8 2420798, 734741 2420808, 734765.7 2420817, 734790.8 2420824, 734816.2 2420831, 734842 2420835, 734867.9 2420839, 734894 2420841, 734920.2 2420841, 734946.3 2420841, 734972.4 2420839, 734998.4 2420835, 735024.1 2420831, 735049.6 2420824, 735074.7 2420817, 735099.4 2420808, 735123.5 2420798, 735147.2 2420787, 735170.2 2420775, 735192.5 2420761, 735214.1 2420746, 735234.8 2420730, 735254.7 2420713, 735273.7 2420695, 735291.7 2420676, 735308.7 2420656, 735324.7 2420635, 735339.5 2420614, 735353.2 2420591, 735365.7 2420568, 735376.9 2420545, 735387 2420521, 735395.7 2420496, 735403.1 2420471, 735409.2 2420445, 735414 2420420, 735417.4 2420394, 735419.5 2420368, 735420.2 2420341))"
32,20260541,Forest,9611.842105263157,35.375788827246616,0.27491408934707906,0,Hani,NA,NA,0,1,0,5355,1009.1700755911655,2032.0270901350589,824.813232421875,10.371499061584473,89.3261973631969,159837.4237060547,229408.79974365234,0.17427684324080994,1,47,96889.40963745117,0.606174745506618,62948.020935058594,0.39382529745237693,0,1,0.011759803454259145,0.9999308511205748,9.17075116988656,3.5660276547182206,-1.2912966324976107,"POLYGON ((694130.3 2405480, 694129.6 2405454, 694127.5 2405428, 694124.1 2405402, 694119.4 2405376, 694113.2 2405351, 694105.8 2405326, 694097.1 2405301, 694087.1 2405277, 694075.8 2405253, 694063.3 2405230, 694049.6 2405208, 694034.8 2405186, 694018.9 2405166, 694001.9 2405146, 693983.8 2405127, 693964.8 2405109, 693944.9 2405092, 693924.2 2405076, 693902.6 2405061, 693880.3 2405047, 693857.3 2405035, 693833.6 2405023, 693809.5 2405013, 693784.8 2405005, 693759.7 2404997, 693734.2 2404991, 693708.5 2404986, 693682.5 2404983, 693656.4 2404981, 693630.3 2404980, 693604.1 2404981, 693578 2404983, 693552.1 2404986, 693526.3 2404991, 693500.9 2404997, 693475.8 2405005, 693451.1 2405013, 693426.9 2405023, 693403.3 2405035, 693380.3 2405047, 693358 2405061, 693336.4 2405076, 693315.6 2405092, 693295.7 2405109, 693276.7 2405127, 693258.7 2405146, 693241.7 2405166, 693225.8 2405186, 693210.9 2405208, 693197.3 2405230, 693184.8 2405253, 693173.5 2405277, 693163.5 2405301, 693154.7 2405326, 693147.3 2405351, 693141.2 2405376, 693136.4 2405402, 693133 2405428, 693131 2405454, 693130.3 2405480, 693131 2405506, 693133 2405532, 693136.4 2405558, 693141.2 2405584, 693147.3 2405610, 693154.7 2405635, 693163.5 2405659, 693173.5 2405684, 693184.8 2405707, 693197.3 2405730, 693210.9 2405753, 693225.8 2405774, 693241.7 2405795, 693258.7 2405815, 693276.7 2405834, 693295.7 2405852, 693315.6 2405869, 693336.4 2405885, 693358 2405900, 693380.3 2405913, 693403.3 2405926, 693426.9 2405937, 693451.1 2405947, 693475.8 2405956, 693500.9 2405963, 693526.3 2405969, 693552.1 2405974, 693578 2405977, 693604.1 2405980, 693630.3 2405980, 693656.4 2405980, 693682.5 2405977, 693708.5 2405974, 693734.2 2405969, 693759.7 2405963, 693784.8 2405956, 693809.5 2405947, 693833.6 2405937, 693857.3 2405926, 693880.3 2405913, 693902.6 2405900, 693924.2 2405885, 693944.9 2405869, 693964.8 2405852, 693983.8 2405834, 694001.9 2405815, 694018.9 2405795, 694034.8 2405774, 694049.6 2405753, 694063.3 2405730, 694075.8 2405707, 694087.1 2405684, 694097.1 2405659, 694105.8 2405635, 694113.2 2405610, 694119.4 2405584, 694124.1 2405558, 694127.5 2405532, 694129.6 2405506, 694130.3 2405480))"
32,20260541,Forest,8196.42857142857,29.790644225739026,0.5217557251908397,0,Hani,NA,NA,0,1,0,5459,399.07915698940786,3595.954906357315,645.0694580078125,8.25448226928711,290.73933023322513,2858.900284767151,782180.419921875,0.1275373581685798,1,72,0,0,0,0,0,1,0.35411688858222684,-0.9352011704552357,9.011453798307533,3.3941943920616544,-0.650555760031193,"POLYGON ((702668.6 2403065, 702667.9 2403039, 702665.9 2403013, 702662.5 2402987, 702657.7 2402961, 702651.6 2402936, 702644.2 2402911, 702635.4 2402886, 702625.4 2402862, 702614.1 2402838, 702601.6 2402815, 702588 2402793, 702573.1 2402772, 702557.2 2402751, 702540.2 2402731, 702522.2 2402712, 702503.2 2402694, 702483.3 2402677, 702462.5 2402661, 702440.9 2402646, 702418.6 2402632, 702395.6 2402620, 702372 2402609, 702347.8 2402599, 702323.1 2402590, 702298 2402582, 702272.6 2402576, 702246.8 2402572, 702220.9 2402568, 702194.8 2402566, 702168.6 2402565, 702142.5 2402566, 702116.4 2402568, 702090.4 2402572, 702064.7 2402576, 702039.2 2402582, 702014.1 2402590, 701989.4 2402599, 701965.3 2402609, 701941.6 2402620, 701918.6 2402632, 701896.3 2402646, 701874.7 2402661, 701854 2402677, 701834.1 2402694, 701815.1 2402712, 701797.1 2402731, 701780.1 2402751, 701764.1 2402772, 701749.3 2402793, 701735.6 2402815, 701723.1 2402838, 701711.9 2402862, 701701.8 2402886, 701693.1 2402911, 701685.7 2402936, 701679.6 2402961, 701674.8 2402987, 701671.4 2403013, 701669.3 2403039, 701668.6 2403065, 701669.3 2403092, 701671.4 2403118, 701674.8 2403144, 701679.6 2403169, 701685.7 2403195, 701693.1 2403220, 701701.8 2403245, 701711.9 2403269, 701723.1 2403292, 701735.6 2403315, 701749.3 2403338, 701764.1 2403359, 701780.1 2403380, 701797.1 2403400, 701815.1 2403419, 701834.1 2403437, 701854 2403454, 701874.7 2403470, 701896.3 2403485, 701918.6 2403498, 701941.6 2403511, 701965.3 2403522, 701989.4 2403532, 702014.1 2403541, 702039.2 2403548, 702064.7 2403555, 702090.4 2403559, 702116.4 2403563, 702142.5 2403565, 702168.6 2403565, 702194.8 2403565, 702220.9 2403563, 702246.8 2403559, 702272.6 2403555, 702298 2403548, 702323.1 2403541, 702347.8 2403532, 702372 2403522, 702395.6 2403511, 702418.6 2403498, 702440.9 2403485, 702462.5 2403470, 702483.3 2403454, 702503.2 2403437, 702522.2 2403419, 702540.2 2403400, 702557.2 2403380, 702573.1 2403359, 702588 2403338, 702601.6 2403315, 702614.1 2403292, 702625.4 2403269, 702635.4 2403245, 702644.2 2403220, 702651.6 2403195, 702657.7 2403169, 702662.5 2403144, 702665.9 2403118, 702667.9 2403092, 702668.6 2403065))"
32,20260541,Forest,11460.428923894477,26.137771089322833,1.935738444193912,0,Hani,NA,NA,0,1,0,5522,956.2457801658995,1203.318755654074,1596.662841796875,6.660218238830566,163.6565371157398,485980.6640625,6300,0.24662631472076466,1,59,0,0,258528.21350097656,0.5319722215691451,0,1,-0.9595921103788249,0.2813947080147619,9.346655417482326,3.2633814363632463,0.6604888785878961,"POLYGON ((656538.6 2376270, 656538 2376244, 656535.9 2376218, 656532.5 2376192, 656527.7 2376166, 656521.6 2376141, 656514.2 2376116, 656505.4 2376091, 656495.4 2376067, 656484.1 2376043, 656471.7 2376020, 656458 2375998, 656443.2 2375976, 656427.2 2375955, 656410.2 2375935, 656392.2 2375916, 656373.2 2375898, 656353.3 2375881, 656332.5 2375866, 656311 2375851, 656288.6 2375837, 656265.6 2375825, 656242 2375813, 656217.8 2375803, 656193.2 2375795, 656168.1 2375787, 656142.6 2375781, 656116.9 2375776, 656090.9 2375773, 656064.8 2375771, 656038.6 2375770, 656012.5 2375771, 655986.4 2375773, 655960.4 2375776, 655934.7 2375781, 655909.2 2375787, 655884.1 2375795, 655859.5 2375803, 655835.3 2375813, 655811.6 2375825, 655788.6 2375837, 655766.3 2375851, 655744.8 2375866, 655724 2375881, 655704.1 2375898, 655685.1 2375916, 655667.1 2375935, 655650.1 2375955, 655634.1 2375976, 655619.3 2375998, 655605.6 2376020, 655593.1 2376043, 655581.9 2376067, 655571.9 2376091, 655563.1 2376116, 655555.7 2376141, 655549.6 2376166, 655544.8 2376192, 655541.4 2376218, 655539.3 2376244, 655538.6 2376270, 655539.3 2376296, 655541.4 2376322, 655544.8 2376348, 655549.6 2376374, 655555.7 2376399, 655563.1 2376425, 655571.9 2376449, 655581.9 2376473, 655593.1 2376497, 655605.6 2376520, 655619.3 2376542, 655634.1 2376564, 655650.1 2376585, 655667.1 2376605, 655685.1 2376624, 655704.1 2376642, 655724 2376659, 655744.8 2376675, 655766.3 2376689, 655788.6 2376703, 655811.6 2376716, 655835.3 2376727, 655859.5 2376737, 655884.1 2376746, 655909.2 2376753, 655934.7 2376759, 655960.4 2376764, 655986.4 2376767, 656012.5 2376769, 656038.6 2376770, 656064.8 2376769, 656090.9 2376767, 656116.9 2376764, 656142.6 2376759, 656168.1 2376753, 656193.2 2376746, 656217.8 2376737, 656242 2376727, 656265.6 2376716, 656288.6 2376703, 656311 2376689, 656332.5 2376675, 656353.3 2376659, 656373.2 2376642, 656392.2 2376624, 656410.2 2376605, 656427.2 2376585, 656443.2 2376564, 656458 2376542, 656471.7 2376520, 656484.1 2376497, 656495.4 2376473, 656505.4 2376449, 656514.2 2376425, 656521.6 2376399, 656527.7 2376374, 656532.5 2376348, 656535.9 2376322, 656538 2376296, 656538.6 2376270))"
32,20260541,Forest,5307.45872081989,36.630721511716736,0.5234012147195427,0,Hani,NA,NA,0,1,0,5599,468.03544415388103,1446.15342652833,801.51397705078125,15.002904891967773,305.8313567192878,289572.44567871094,330260.31188964844,0.07104857947452776,1,77,0,0,0,0,0,1,0.5854014647438076,-0.8107435630800929,8.576868416028539,3.6008872738862983,-0.6474069680642858,"POLYGON ((687871.1 2402397, 687870.4 2402371, 687868.3 2402345, 687864.9 2402319, 687860.1 2402293, 687854 2402268, 687846.6 2402242, 687837.9 2402218, 687827.8 2402194, 687816.6 2402170, 687804.1 2402147, 687790.4 2402125, 687775.6 2402103, 687759.6 2402082, 687742.6 2402062, 687724.6 2402043, 687705.6 2402025, 687685.7 2402008, 687665 2401992, 687643.4 2401978, 687621.1 2401964, 687598.1 2401951, 687574.4 2401940, 687550.2 2401930, 687525.6 2401921, 687500.5 2401914, 687475 2401908, 687449.3 2401903, 687423.3 2401900, 687397.2 2401898, 687371.1 2401897, 687344.9 2401898, 687318.8 2401900, 687292.8 2401903, 687267.1 2401908, 687241.7 2401914, 687216.6 2401921, 687191.9 2401930, 687167.7 2401940, 687144.1 2401951, 687121.1 2401964, 687098.7 2401978, 687077.2 2401992, 687056.4 2402008, 687036.5 2402025, 687017.5 2402043, 686999.5 2402062, 686982.5 2402082, 686966.6 2402103, 686951.7 2402125, 686938.1 2402147, 686925.6 2402170, 686914.3 2402194, 686904.3 2402218, 686895.5 2402242, 686888.1 2402268, 686882 2402293, 686877.2 2402319, 686873.8 2402345, 686871.7 2402371, 686871.1 2402397, 686871.7 2402423, 686873.8 2402449, 686877.2 2402475, 686882 2402501, 686888.1 2402526, 686895.5 2402551, 686904.3 2402576, 686914.3 2402600, 686925.6 2402624, 686938.1 2402647, 686951.7 2402669, 686966.6 2402691, 686982.5 2402712, 686999.5 2402732, 687017.5 2402751, 687036.5 2402769, 687056.4 2402786, 687077.2 2402801, 687098.7 2402816, 687121.1 2402830, 687144.1 2402842, 687167.7 2402854, 687191.9 2402864, 687216.6 2402872, 687241.7 2402880, 687267.1 2402886, 687292.8 2402891, 687318.8 2402894, 687344.9 2402896, 687371.1 2402897, 687397.2 2402896, 687423.3 2402894, 687449.3 2402891, 687475 2402886, 687500.5 2402880, 687525.6 2402872, 687550.2 2402864, 687574.4 2402854, 687598.1 2402842, 687621.1 2402830, 687643.4 2402816, 687665 2402801, 687685.7 2402786, 687705.6 2402769, 687724.6 2402751, 687742.6 2402732, 687759.6 2402712, 687775.6 2402691, 687790.4 2402669, 687804.1 2402647, 687816.6 2402624, 687827.8 2402600, 687837.9 2402576, 687846.6 2402551, 687854 2402526, 687860.1 2402501, 687864.9 2402475, 687868.3 2402449, 687870.4 2402423, 687871.1 2402397))"
32,20260541,Forest,9620.300751879699,41.51503560607066,0.2980101804720037,0,Hani,NA,NA,0,1,0,5711,425.64589620105187,837.4225382841694,760.59808349609375,12.162704467773438,210.5481794314555,76500,517200.40283203125,0.19069035890564542,1,110,76500,1,0,0,0,1,-0.8612020720776189,-0.5082627185316819,9.171630806360227,3.726055665381232,-1.2106276304025323,"POLYGON ((701179.7 2405732, 701179 2405706, 701176.9 2405680, 701173.5 2405654, 701168.7 2405628, 701162.6 2405603, 701155.2 2405578, 701146.5 2405553, 701136.4 2405529, 701125.2 2405505, 701112.7 2405482, 701099 2405460, 701084.2 2405438, 701068.2 2405418, 701051.2 2405398, 701033.2 2405379, 701014.2 2405361, 700994.3 2405344, 700973.6 2405328, 700952 2405313, 700929.7 2405299, 700906.7 2405287, 700883 2405275, 700858.9 2405265, 700834.2 2405257, 700809.1 2405249, 700783.6 2405243, 700757.9 2405238, 700731.9 2405235, 700705.8 2405233, 700679.7 2405232, 700653.5 2405233, 700627.4 2405235, 700601.5 2405238, 700575.7 2405243, 700550.3 2405249, 700525.2 2405257, 700500.5 2405265, 700476.3 2405275, 700452.7 2405287, 700429.7 2405299, 700407.4 2405313, 700385.8 2405328, 700365 2405344, 700345.1 2405361, 700326.1 2405379, 700308.1 2405398, 700291.1 2405418, 700275.2 2405438, 700260.3 2405460, 700246.7 2405482, 700234.2 2405505, 700222.9 2405529, 700212.9 2405553, 700204.1 2405578, 700196.7 2405603, 700190.6 2405628, 700185.8 2405654, 700182.4 2405680, 700180.4 2405706, 700179.7 2405732, 700180.4 2405758, 700182.4 2405784, 700185.8 2405810, 700190.6 2405836, 700196.7 2405862, 700204.1 2405887, 700212.9 2405911, 700222.9 2405936, 700234.2 2405959, 700246.7 2405982, 700260.3 2406004, 700275.2 2406026, 700291.1 2406047, 700308.1 2406067, 700326.1 2406086, 700345.1 2406104, 700365 2406121, 700385.8 2406137, 700407.4 2406151, 700429.7 2406165, 700452.7 2406178, 700476.3 2406189, 700500.5 2406199, 700525.2 2406208, 700550.3 2406215, 700575.7 2406221, 700601.5 2406226, 700627.4 2406229, 700653.5 2406231, 700679.7 2406232, 700705.8 2406231, 700731.9 2406229, 700757.9 2406226, 700783.6 2406221, 700809.1 2406215, 700834.2 2406208, 700858.9 2406199, 700883 2406189, 700906.7 2406178, 700929.7 2406165, 700952 2406151, 700973.6 2406137, 700994.3 2406121, 701014.2 2406104, 701033.2 2406086, 701051.2 2406067, 701068.2 2406047, 701084.2 2406026, 701099 2406004, 701112.7 2405982, 701125.2 2405959, 701136.4 2405936, 701146.5 2405911, 701155.2 2405887, 701162.6 2405862, 701168.7 2405836, 701173.5 2405810, 701176.9 2405784, 701179 2405758, 701179.7 2405732))"
32,20260541,Forest,8472.744360902256,27.219660257375487,0.31721384205856257,0,Hani,NA,NA,0,1,0,5722,223.6373097670627,461.74692004857286,1112.79541015625,13.144990921020508,350.73503941431903,481212.48779296875,303826.8493652344,0.1410304501738725,1,45,142408.23211669922,0.29593627706928355,20020.399475097656,0.04160407300924202,0,1,0.9869543611854876,-0.1610002762014587,9.044609744717965,3.303939515785232,-1.1481791519057138,"POLYGON ((707032 2412574, 707031.3 2412548, 707029.2 2412522, 707025.8 2412496, 707021 2412470, 707014.9 2412445, 707007.5 2412420, 706998.8 2412395, 706988.7 2412371, 706977.5 2412347, 706965 2412324, 706951.3 2412302, 706936.5 2412280, 706920.5 2412260, 706903.5 2412240, 706885.5 2412221, 706866.5 2412203, 706846.6 2412186, 706825.9 2412170, 706804.3 2412155, 706782 2412141, 706759 2412129, 706735.3 2412117, 706711.1 2412107, 706686.5 2412099, 706661.4 2412091, 706635.9 2412085, 706610.2 2412080, 706584.2 2412077, 706558.1 2412075, 706532 2412074, 706505.8 2412075, 706479.7 2412077, 706453.7 2412080, 706428 2412085, 706402.6 2412091, 706377.5 2412099, 706352.8 2412107, 706328.6 2412117, 706305 2412129, 706282 2412141, 706259.6 2412155, 706238.1 2412170, 706217.3 2412186, 706197.4 2412203, 706178.4 2412221, 706160.4 2412240, 706143.4 2412260, 706127.5 2412280, 706112.6 2412302, 706099 2412324, 706086.5 2412347, 706075.2 2412371, 706065.2 2412395, 706056.4 2412420, 706049 2412445, 706042.9 2412470, 706038.1 2412496, 706034.7 2412522, 706032.6 2412548, 706032 2412574, 706032.6 2412600, 706034.7 2412626, 706038.1 2412652, 706042.9 2412678, 706049 2412704, 706056.4 2412729, 706065.2 2412753, 706075.2 2412778, 706086.5 2412801, 706099 2412824, 706112.6 2412846, 706127.5 2412868, 706143.4 2412889, 706160.4 2412909, 706178.4 2412928, 706197.4 2412946, 706217.3 2412963, 706238.1 2412979, 706259.6 2412994, 706282 2413007, 706305 2413020, 706328.6 2413031, 706352.8 2413041, 706377.5 2413050, 706402.6 2413057, 706428 2413063, 706453.7 2413068, 706479.7 2413071, 706505.8 2413073, 706532 2413074, 706558.1 2413073, 706584.2 2413071, 706610.2 2413068, 706635.9 2413063, 706661.4 2413057, 706686.5 2413050, 706711.1 2413041, 706735.3 2413031, 706759 2413020, 706782 2413007, 706804.3 2412994, 706825.9 2412979, 706846.6 2412963, 706866.5 2412946, 706885.5 2412928, 706903.5 2412909, 706920.5 2412889, 706936.5 2412868, 706951.3 2412846, 706965 2412824, 706977.5 2412801, 706988.7 2412778, 706998.8 2412753, 707007.5 2412729, 707014.9 2412704, 707021 2412678, 707025.8 2412652, 707029.2 2412626, 707031.3 2412600, 707032 2412574))"
32,20260541,Forest,7221.484152590624,50.11014177252991,0.7464285714285714,0,Hani,NA,NA,0,1,0,5801,370.2487650058318,1321.353631273452,958.4439697265625,14.999579429626465,201.3559714952083,785039.3371582031,0,0.0910807496109748,1,119,709351.3366699219,0.9035869963379575,0,0,0,1,-0.9313359277211386,-0.3641612139366384,8.884815772062684,3.9142234181939313,-0.2924553512044386,"POLYGON ((681196.7 2387922, 681196.1 2387896, 681194 2387869, 681190.6 2387844, 681185.8 2387818, 681179.7 2387792, 681172.3 2387767, 681163.5 2387743, 681153.5 2387718, 681142.3 2387695, 681129.8 2387672, 681116.1 2387649, 681101.3 2387628, 681085.3 2387607, 681068.3 2387587, 681050.3 2387568, 681031.3 2387550, 681011.4 2387533, 680990.6 2387517, 680969.1 2387502, 680946.7 2387489, 680923.7 2387476, 680900.1 2387465, 680875.9 2387455, 680851.3 2387446, 680826.2 2387439, 680800.7 2387433, 680775 2387428, 680749 2387424, 680722.9 2387422, 680696.7 2387422, 680670.6 2387422, 680644.5 2387424, 680618.5 2387428, 680592.8 2387433, 680567.3 2387439, 680542.2 2387446, 680517.6 2387455, 680493.4 2387465, 680469.8 2387476, 680446.7 2387489, 680424.4 2387502, 680402.9 2387517, 680382.1 2387533, 680362.2 2387550, 680343.2 2387568, 680325.2 2387587, 680308.2 2387607, 680292.2 2387628, 680277.4 2387649, 680263.7 2387672, 680251.2 2387695, 680240 2387718, 680230 2387743, 680221.2 2387767, 680213.8 2387792, 680207.7 2387818, 680202.9 2387844, 680199.5 2387869, 680197.4 2387896, 680196.7 2387922, 680197.4 2387948, 680199.5 2387974, 680202.9 2388000, 680207.7 2388026, 680213.8 2388051, 680221.2 2388076, 680230 2388101, 680240 2388125, 680251.2 2388149, 680263.7 2388172, 680277.4 2388194, 680292.2 2388216, 680308.2 2388236, 680325.2 2388256, 680343.2 2388275, 680362.2 2388293, 680382.1 2388310, 680402.9 2388326, 680424.4 2388341, 680446.7 2388355, 680469.8 2388367, 680493.4 2388379, 680517.6 2388389, 680542.2 2388397, 680567.3 2388405, 680592.8 2388411, 680618.5 2388416, 680644.5 2388419, 680670.6 2388421, 680696.7 2388422, 680722.9 2388421, 680749 2388419, 680775 2388416, 680800.7 2388411, 680826.2 2388405, 680851.3 2388397, 680875.9 2388389, 680900.1 2388379, 680923.7 2388367, 680946.7 2388355, 680969.1 2388341, 680990.6 2388326, 681011.4 2388310, 681031.3 2388293, 681050.3 2388275, 681068.3 2388256, 681085.3 2388236, 681101.3 2388216, 681116.1 2388194, 681129.8 2388172, 681142.3 2388149, 681153.5 2388125, 681163.5 2388101, 681172.3 2388076, 681179.7 2388051, 681185.8 2388026, 681190.6 2388000, 681194 2387974, 681196.1 2387948, 681196.7 2387922))"
32,20260541,Forest,2427.4055798064146,44.86582602524312,1.2636412749864938,0,Hani,NA,NA,0,1,0,5836,599.8099828383145,755.0056475505398,864.74542236328125,13.847630500793457,174.6899659944956,684613.5314941406,100425.79193115234,0.15047196508025604,1,92,10164.414310455322,0.014846937495190768,0,0,0,1,-0.9957085063840777,0.09254496374405845,7.794578303345739,3.8036763919311,0.23399745401068153,"POLYGON ((685695.8 2396562, 685695.1 2396536, 685693 2396510, 685689.6 2396484, 685684.9 2396458, 685678.7 2396433, 685671.3 2396407, 685662.6 2396383, 685652.6 2396359, 685641.3 2396335, 685628.8 2396312, 685615.1 2396290, 685600.3 2396268, 685584.4 2396247, 685567.4 2396227, 685549.3 2396208, 685530.4 2396190, 685510.4 2396173, 685489.7 2396157, 685468.1 2396143, 685445.8 2396129, 685422.8 2396116, 685399.2 2396105, 685375 2396095, 685350.3 2396086, 685325.2 2396079, 685299.7 2396073, 685274 2396068, 685248.1 2396065, 685222 2396063, 685195.8 2396062, 685169.6 2396063, 685143.5 2396065, 685117.6 2396068, 685091.8 2396073, 685066.4 2396079, 685041.3 2396086, 685016.6 2396095, 684992.4 2396105, 684968.8 2396116, 684945.8 2396129, 684923.5 2396143, 684901.9 2396157, 684881.1 2396173, 684861.2 2396190, 684842.2 2396208, 684824.2 2396227, 684807.2 2396247, 684791.3 2396268, 684776.5 2396290, 684762.8 2396312, 684750.3 2396335, 684739 2396359, 684729 2396383, 684720.3 2396407, 684712.8 2396433, 684706.7 2396458, 684701.9 2396484, 684698.5 2396510, 684696.5 2396536, 684695.8 2396562, 684696.5 2396588, 684698.5 2396614, 684701.9 2396640, 684706.7 2396666, 684712.8 2396691, 684720.3 2396716, 684729 2396741, 684739 2396765, 684750.3 2396789, 684762.8 2396812, 684776.5 2396834, 684791.3 2396856, 684807.2 2396877, 684824.2 2396897, 684842.2 2396916, 684861.2 2396934, 684881.1 2396951, 684901.9 2396966, 684923.5 2396981, 684945.8 2396995, 684968.8 2397007, 684992.4 2397019, 685016.6 2397029, 685041.3 2397038, 685066.4 2397045, 685091.8 2397051, 685117.6 2397056, 685143.5 2397059, 685169.6 2397061, 685195.8 2397062, 685222 2397061, 685248.1 2397059, 685274 2397056, 685299.7 2397051, 685325.2 2397045, 685350.3 2397038, 685375 2397029, 685399.2 2397019, 685422.8 2397007, 685445.8 2396995, 685468.1 2396981, 685489.7 2396966, 685510.4 2396951, 685530.4 2396934, 685549.3 2396916, 685567.4 2396897, 685584.4 2396877, 685600.3 2396856, 685615.1 2396834, 685628.8 2396812, 685641.3 2396789, 685652.6 2396765, 685662.6 2396741, 685671.3 2396716, 685678.7 2396691, 685684.9 2396666, 685689.6 2396640, 685693 2396614, 685695.1 2396588, 685695.8 2396562))"
32,20260541,Forest,2427.4055798064146,44.86582602524312,1.2636412749864938,0,Hani,NA,NA,0,1,0,5907,328.4721253261342,1468.2617098180658,988.5870361328125,13.5370454788208,224.0399399372328,766982.9772949219,1237.4118089675903,0.10137174809953389,1,63,382624.50256347656,0.49886961495932786,29700,0.03872315407148821,0,1,-0.7188553907810765,-0.6951596414817145,7.794578303345739,3.8036763919311,0.23399745401068153,"POLYGON ((686382.7 2390884, 686382 2390858, 686379.9 2390831, 686376.5 2390806, 686371.7 2390780, 686365.6 2390754, 686358.2 2390729, 686349.4 2390705, 686339.4 2390680, 686328.2 2390657, 686315.7 2390634, 686302 2390611, 686287.2 2390590, 686271.2 2390569, 686254.2 2390549, 686236.2 2390530, 686217.2 2390512, 686197.3 2390495, 686176.5 2390479, 686155 2390464, 686132.7 2390451, 686109.7 2390438, 686086 2390427, 686061.8 2390417, 686037.2 2390408, 686012.1 2390401, 685986.6 2390395, 685960.9 2390390, 685934.9 2390386, 685908.8 2390384, 685882.7 2390384, 685856.5 2390384, 685830.4 2390386, 685804.4 2390390, 685778.7 2390395, 685753.2 2390401, 685728.1 2390408, 685703.5 2390417, 685679.3 2390427, 685655.7 2390438, 685632.7 2390451, 685610.3 2390464, 685588.8 2390479, 685568 2390495, 685548.1 2390512, 685529.1 2390530, 685511.1 2390549, 685494.1 2390569, 685478.1 2390590, 685463.3 2390611, 685449.6 2390634, 685437.2 2390657, 685425.9 2390680, 685415.9 2390705, 685407.1 2390729, 685399.7 2390754, 685393.6 2390780, 685388.8 2390806, 685385.4 2390831, 685383.3 2390858, 685382.7 2390884, 685383.3 2390910, 685385.4 2390936, 685388.8 2390962, 685393.6 2390988, 685399.7 2391013, 685407.1 2391038, 685415.9 2391063, 685425.9 2391087, 685437.2 2391111, 685449.6 2391134, 685463.3 2391156, 685478.1 2391178, 685494.1 2391198, 685511.1 2391218, 685529.1 2391237, 685548.1 2391255, 685568 2391272, 685588.8 2391288, 685610.3 2391303, 685632.7 2391317, 685655.7 2391329, 685679.3 2391340, 685703.5 2391351, 685728.1 2391359, 685753.2 2391367, 685778.7 2391373, 685804.4 2391378, 685830.4 2391381, 685856.5 2391383, 685882.7 2391384, 685908.8 2391383, 685934.9 2391381, 685960.9 2391378, 685986.6 2391373, 686012.1 2391367, 686037.2 2391359, 686061.8 2391351, 686086 2391340, 686109.7 2391329, 686132.7 2391317, 686155 2391303, 686176.5 2391288, 686197.3 2391272, 686217.2 2391255, 686236.2 2391237, 686254.2 2391218, 686271.2 2391198, 686287.2 2391178, 686302 2391156, 686315.7 2391134, 686328.2 2391111, 686339.4 2391087, 686349.4 2391063, 686358.2 2391038, 686365.6 2391013, 686371.7 2390988, 686376.5 2390962, 686379.9 2390936, 686382 2390910, 686382.7 2390884))"
32,20260541,Forest,9611.842105263157,35.375788827246616,0.27491408934707906,0,Hani,NA,NA,0,1,0,5917,1469.4735215418332,2450.8943090161224,768.7742919921875,7.222816467285156,240.1700594647041,63908.98132324219,49178.1795501709,0.15798768993377946,1,99,63218.45626831055,0.9891951797598045,0,0,0,1,-0.4974273534668845,-0.8675056357297808,9.17075116988656,3.5660276547182206,-1.2912966324976107,"POLYGON ((695832.6 2405020, 695831.9 2404994, 695829.8 2404968, 695826.4 2404942, 695821.6 2404916, 695815.5 2404891, 695808.1 2404866, 695799.3 2404841, 695789.3 2404817, 695778.1 2404793, 695765.6 2404770, 695751.9 2404748, 695737.1 2404726, 695721.1 2404705, 695704.1 2404686, 695686.1 2404667, 695667.1 2404649, 695647.2 2404632, 695626.4 2404616, 695604.9 2404601, 695582.6 2404587, 695559.6 2404575, 695535.9 2404563, 695511.7 2404553, 695487.1 2404545, 695462 2404537, 695436.5 2404531, 695410.8 2404526, 695384.8 2404523, 695358.7 2404521, 695332.6 2404520, 695306.4 2404521, 695280.3 2404523, 695254.3 2404526, 695228.6 2404531, 695203.1 2404537, 695178 2404545, 695153.4 2404553, 695129.2 2404563, 695105.6 2404575, 695082.6 2404587, 695060.2 2404601, 695038.7 2404616, 695017.9 2404632, 694998 2404649, 694979 2404667, 694961 2404686, 694944 2404705, 694928 2404726, 694913.2 2404748, 694899.5 2404770, 694887.1 2404793, 694875.8 2404817, 694865.8 2404841, 694857 2404866, 694849.6 2404891, 694843.5 2404916, 694838.7 2404942, 694835.3 2404968, 694833.2 2404994, 694832.6 2405020, 694833.2 2405046, 694835.3 2405072, 694838.7 2405098, 694843.5 2405124, 694849.6 2405150, 694857 2405175, 694865.8 2405199, 694875.8 2405224, 694887.1 2405247, 694899.5 2405270, 694913.2 2405292, 694928 2405314, 694944 2405335, 694961 2405355, 694979 2405374, 694998 2405392, 695017.9 2405409, 695038.7 2405425, 695060.2 2405439, 695082.6 2405453, 695105.6 2405466, 695129.2 2405477, 695153.4 2405487, 695178 2405496, 695203.1 2405503, 695228.6 2405509, 695254.3 2405514, 695280.3 2405517, 695306.4 2405519, 695332.6 2405520, 695358.7 2405519, 695384.8 2405517, 695410.8 2405514, 695436.5 2405509, 695462 2405503, 695487.1 2405496, 695511.7 2405487, 695535.9 2405477, 695559.6 2405466, 695582.6 2405453, 695604.9 2405439, 695626.4 2405425, 695647.2 2405409, 695667.1 2405392, 695686.1 2405374, 695704.1 2405355, 695721.1 2405335, 695737.1 2405314, 695751.9 2405292, 695765.6 2405270, 695778.1 2405247, 695789.3 2405224, 695799.3 2405199, 695808.1 2405175, 695815.5 2405150, 695821.6 2405124, 695826.4 2405098, 695829.8 2405072, 695831.9 2405046, 695832.6 2405020))"
32,20260541,Forest,9620.300751879699,41.51503560607066,0.2980101804720037,0,Hani,NA,NA,0,1,0,5958,379.9209466287482,936.1560503942811,756.27777099609375,12.23316764831543,163.88184882761183,76500,558461.7004394531,0.2218498912622489,1,4,76500,1,0,0,0,1,-0.9606912532965425,0.2776190120282084,9.171630806360227,3.726055665381232,-1.2106276304025323,"POLYGON ((701208.8 2405638, 701208.1 2405611, 701206 2405585, 701202.6 2405559, 701197.8 2405534, 701191.7 2405508, 701184.3 2405483, 701175.6 2405458, 701165.5 2405434, 701154.3 2405411, 701141.8 2405388, 701128.1 2405365, 701113.3 2405344, 701097.3 2405323, 701080.3 2405303, 701062.3 2405284, 701043.3 2405266, 701023.4 2405249, 701002.7 2405233, 700981.1 2405218, 700958.8 2405205, 700935.8 2405192, 700912.1 2405181, 700888 2405171, 700863.3 2405162, 700838.2 2405155, 700812.7 2405149, 700787 2405144, 700761 2405140, 700734.9 2405138, 700708.8 2405138, 700682.6 2405138, 700656.5 2405140, 700630.5 2405144, 700604.8 2405149, 700579.4 2405155, 700554.3 2405162, 700529.6 2405171, 700505.4 2405181, 700481.8 2405192, 700458.8 2405205, 700436.4 2405218, 700414.9 2405233, 700394.1 2405249, 700374.2 2405266, 700355.2 2405284, 700337.2 2405303, 700320.2 2405323, 700304.3 2405344, 700289.4 2405365, 700275.8 2405388, 700263.3 2405411, 700252 2405434, 700242 2405458, 700233.2 2405483, 700225.8 2405508, 700219.7 2405534, 700214.9 2405559, 700211.5 2405585, 700209.5 2405611, 700208.8 2405638, 700209.5 2405664, 700211.5 2405690, 700214.9 2405716, 700219.7 2405742, 700225.8 2405767, 700233.2 2405792, 700242 2405817, 700252 2405841, 700263.3 2405865, 700275.8 2405888, 700289.4 2405910, 700304.3 2405932, 700320.2 2405952, 700337.2 2405972, 700355.2 2405991, 700374.2 2406009, 700394.1 2406026, 700414.9 2406042, 700436.4 2406057, 700458.8 2406071, 700481.8 2406083, 700505.4 2406094, 700529.6 2406104, 700554.3 2406113, 700579.4 2406121, 700604.8 2406127, 700630.5 2406132, 700656.5 2406135, 700682.6 2406137, 700708.8 2406138, 700734.9 2406137, 700761 2406135, 700787 2406132, 700812.7 2406127, 700838.2 2406121, 700863.3 2406113, 700888 2406104, 700912.1 2406094, 700935.8 2406083, 700958.8 2406071, 700981.1 2406057, 701002.7 2406042, 701023.4 2406026, 701043.3 2406009, 701062.3 2405991, 701080.3 2405972, 701097.3 2405952, 701113.3 2405932, 701128.1 2405910, 701141.8 2405888, 701154.3 2405865, 701165.5 2405841, 701175.6 2405817, 701184.3 2405792, 701191.7 2405767, 701197.8 2405742, 701202.6 2405716, 701206 2405690, 701208.1 2405664, 701208.8 2405638))"
32,20260541,Forest,8472.744360902256,27.219660257375487,0.31721384205856257,0,Hani,NA,NA,0,1,0,6105,96.84649987150712,1491.1425256197742,1243.338134765625,12.621652603149414,169.53958753070359,621524.3225097656,150490.29693603516,0.13720878288290367,1,105,559807.0861816406,0.9007002073886573,29543.726348876953,0.047534304417206054,0,1,-0.9833805853502805,0.18155611902698224,9.044609744717965,3.303939515785232,-1.1481791519057138,"POLYGON ((707881.2 2411900, 707880.5 2411874, 707878.5 2411848, 707875 2411822, 707870.3 2411796, 707864.2 2411770, 707856.7 2411745, 707848 2411721, 707838 2411696, 707826.7 2411673, 707814.2 2411650, 707800.5 2411627, 707785.7 2411606, 707769.8 2411585, 707752.8 2411565, 707734.7 2411546, 707715.8 2411528, 707695.9 2411511, 707675.1 2411495, 707653.5 2411480, 707631.2 2411467, 707608.2 2411454, 707584.6 2411443, 707560.4 2411433, 707535.7 2411424, 707510.6 2411417, 707485.1 2411411, 707459.4 2411406, 707433.5 2411403, 707407.4 2411400, 707381.2 2411400, 707355 2411400, 707328.9 2411403, 707303 2411406, 707277.2 2411411, 707251.8 2411417, 707226.7 2411424, 707202 2411433, 707177.8 2411443, 707154.2 2411454, 707131.2 2411467, 707108.9 2411480, 707087.3 2411495, 707066.5 2411511, 707046.6 2411528, 707027.6 2411546, 707009.6 2411565, 706992.6 2411585, 706976.7 2411606, 706961.9 2411627, 706948.2 2411650, 706935.7 2411673, 706924.4 2411696, 706914.4 2411721, 706905.7 2411745, 706898.2 2411770, 706892.1 2411796, 706887.3 2411822, 706883.9 2411848, 706881.9 2411874, 706881.2 2411900, 706881.9 2411926, 706883.9 2411952, 706887.3 2411978, 706892.1 2412004, 706898.2 2412029, 706905.7 2412054, 706914.4 2412079, 706924.4 2412103, 706935.7 2412127, 706948.2 2412150, 706961.9 2412172, 706976.7 2412194, 706992.6 2412214, 707009.6 2412234, 707027.6 2412253, 707046.6 2412271, 707066.5 2412288, 707087.3 2412304, 707108.9 2412319, 707131.2 2412333, 707154.2 2412345, 707177.8 2412357, 707202 2412367, 707226.7 2412375, 707251.8 2412383, 707277.2 2412389, 707303 2412394, 707328.9 2412397, 707355 2412399, 707381.2 2412400, 707407.4 2412399, 707433.5 2412397, 707459.4 2412394, 707485.1 2412389, 707510.6 2412383, 707535.7 2412375, 707560.4 2412367, 707584.6 2412357, 707608.2 2412345, 707631.2 2412333, 707653.5 2412319, 707675.1 2412304, 707695.9 2412288, 707715.8 2412271, 707734.7 2412253, 707752.8 2412234, 707769.8 2412214, 707785.7 2412194, 707800.5 2412172, 707814.2 2412150, 707826.7 2412127, 707838 2412103, 707848 2412079, 707856.7 2412054, 707864.2 2412029, 707870.3 2412004, 707875 2411978, 707878.5 2411952, 707880.5 2411926, 707881.2 2411900))"
32,20260541,Forest,8196.42857142857,29.790644225739026,0.5217557251908397,0,Hani,NA,NA,0,1,0,6301,9.838459149553078,1015.8965133818162,888.4195556640625,11.794160842895508,47.7051624703291,18515.138626098633,766524.1882324219,0.22880743792822358,1,89,18515.138626098633,1,0,0,0,1,0.672945868459557,0.7396917318202311,9.011453798307533,3.3941943920616544,-0.650555760031193,"POLYGON ((708652.3 2406165, 708651.6 2406139, 708649.6 2406113, 708646.2 2406087, 708641.4 2406061, 708635.3 2406036, 708627.9 2406011, 708619.1 2405986, 708609.1 2405962, 708597.8 2405938, 708585.3 2405915, 708571.7 2405893, 708556.8 2405871, 708540.9 2405851, 708523.9 2405831, 708505.9 2405812, 708486.9 2405794, 708467 2405777, 708446.2 2405761, 708424.6 2405746, 708402.3 2405732, 708379.3 2405720, 708355.7 2405708, 708331.5 2405698, 708306.8 2405690, 708281.7 2405682, 708256.3 2405676, 708230.5 2405671, 708204.6 2405668, 708178.5 2405666, 708152.3 2405665, 708126.2 2405666, 708100.1 2405668, 708074.1 2405671, 708048.4 2405676, 708022.9 2405682, 707997.8 2405690, 707973.1 2405698, 707949 2405708, 707925.3 2405720, 707902.3 2405732, 707880 2405746, 707858.4 2405761, 707837.7 2405777, 707817.8 2405794, 707798.8 2405812, 707780.8 2405831, 707763.8 2405851, 707747.8 2405871, 707733 2405893, 707719.3 2405915, 707706.8 2405938, 707695.6 2405962, 707685.5 2405986, 707676.8 2406011, 707669.4 2406036, 707663.3 2406061, 707658.5 2406087, 707655.1 2406113, 707653 2406139, 707652.3 2406165, 707653 2406191, 707655.1 2406217, 707658.5 2406243, 707663.3 2406269, 707669.4 2406295, 707676.8 2406320, 707685.5 2406344, 707695.6 2406369, 707706.8 2406392, 707719.3 2406415, 707733 2406438, 707747.8 2406459, 707763.8 2406480, 707780.8 2406500, 707798.8 2406519, 707817.8 2406537, 707837.7 2406554, 707858.4 2406570, 707880 2406585, 707902.3 2406598, 707925.3 2406611, 707949 2406622, 707973.1 2406632, 707997.8 2406641, 708022.9 2406648, 708048.4 2406654, 708074.1 2406659, 708100.1 2406662, 708126.2 2406665, 708152.3 2406665, 708178.5 2406665, 708204.6 2406662, 708230.5 2406659, 708256.3 2406654, 708281.7 2406648, 708306.8 2406641, 708331.5 2406632, 708355.7 2406622, 708379.3 2406611, 708402.3 2406598, 708424.6 2406585, 708446.2 2406570, 708467 2406554, 708486.9 2406537, 708505.9 2406519, 708523.9 2406500, 708540.9 2406480, 708556.8 2406459, 708571.7 2406438, 708585.3 2406415, 708597.8 2406392, 708609.1 2406369, 708619.1 2406344, 708627.9 2406320, 708635.3 2406295, 708641.4 2406269, 708646.2 2406243, 708649.6 2406217, 708651.6 2406191, 708652.3 2406165))"
32,20260541,Forest,8196.42857142857,29.790644225739026,0.5217557251908397,0,Hani,NA,NA,0,1,0,6460,702.1348351099024,986.61102050483,862.29010009765625,15.739270210266113,114.02240555006405,251601.93786621094,519037.4267578125,0.1091292803511985,1,51,70979.33578491211,0.2821096545872206,0,0,0,1,-0.40709385448449725,0.9133863331805195,9.011453798307533,3.3941943920616544,-0.650555760031193,"POLYGON ((705434.5 2406831, 705433.8 2406805, 705431.7 2406779, 705428.3 2406753, 705423.6 2406727, 705417.5 2406701, 705410 2406676, 705401.3 2406652, 705391.3 2406627, 705380 2406604, 705367.5 2406581, 705353.8 2406558, 705339 2406537, 705323.1 2406516, 705306.1 2406496, 705288 2406477, 705269.1 2406459, 705249.1 2406442, 705228.4 2406426, 705206.8 2406411, 705184.5 2406398, 705161.5 2406385, 705137.9 2406374, 705113.7 2406364, 705089 2406355, 705063.9 2406348, 705038.4 2406342, 705012.7 2406337, 704986.8 2406334, 704960.7 2406331, 704934.5 2406331, 704908.3 2406331, 704882.2 2406334, 704856.3 2406337, 704830.5 2406342, 704805.1 2406348, 704780 2406355, 704755.3 2406364, 704731.1 2406374, 704707.5 2406385, 704684.5 2406398, 704662.2 2406411, 704640.6 2406426, 704619.8 2406442, 704599.9 2406459, 704580.9 2406477, 704562.9 2406496, 704545.9 2406516, 704530 2406537, 704515.2 2406558, 704501.5 2406581, 704489 2406604, 704477.7 2406627, 704467.7 2406652, 704459 2406676, 704451.5 2406701, 704445.4 2406727, 704440.6 2406753, 704437.2 2406779, 704435.2 2406805, 704434.5 2406831, 704435.2 2406857, 704437.2 2406883, 704440.6 2406909, 704445.4 2406935, 704451.5 2406960, 704459 2406985, 704467.7 2407010, 704477.7 2407034, 704489 2407058, 704501.5 2407081, 704515.2 2407103, 704530 2407125, 704545.9 2407145, 704562.9 2407165, 704580.9 2407184, 704599.9 2407202, 704619.8 2407219, 704640.6 2407235, 704662.2 2407250, 704684.5 2407264, 704707.5 2407276, 704731.1 2407288, 704755.3 2407298, 704780 2407306, 704805.1 2407314, 704830.5 2407320, 704856.3 2407325, 704882.2 2407328, 704908.3 2407330, 704934.5 2407331, 704960.7 2407330, 704986.8 2407328, 705012.7 2407325, 705038.4 2407320, 705063.9 2407314, 705089 2407306, 705113.7 2407298, 705137.9 2407288, 705161.5 2407276, 705184.5 2407264, 705206.8 2407250, 705228.4 2407235, 705249.1 2407219, 705269.1 2407202, 705288 2407184, 705306.1 2407165, 705323.1 2407145, 705339 2407125, 705353.8 2407103, 705367.5 2407081, 705380 2407058, 705391.3 2407034, 705401.3 2407010, 705410 2406985, 705417.5 2406960, 705423.6 2406935, 705428.3 2406909, 705431.7 2406883, 705433.8 2406857, 705434.5 2406831))"
32,20260541,Forest,6639.069767441861,18.580990665382664,1.670074349442379,0,Hani,NA,NA,0,1,0,6524,1241.2058549692479,1407.633687930708,699.39434814453125,11.46471881866455,183.39532236635438,31463.388061523438,9000,0.1557627077757122,1,100,30563.388061523438,0.9713953246789525,0,0,0,1,-0.9982446663758349,-0.05922487697073106,8.80072713739144,2.9221390508761664,0.5128681460618293,"POLYGON ((681539.4 2412042, 681538.7 2412015, 681536.6 2411989, 681533.2 2411963, 681528.5 2411938, 681522.4 2411912, 681514.9 2411887, 681506.2 2411862, 681496.2 2411838, 681484.9 2411815, 681472.4 2411792, 681458.7 2411769, 681443.9 2411748, 681428 2411727, 681411 2411707, 681392.9 2411688, 681374 2411670, 681354 2411653, 681333.3 2411637, 681311.7 2411622, 681289.4 2411608, 681266.4 2411596, 681242.8 2411585, 681218.6 2411575, 681193.9 2411566, 681168.8 2411559, 681143.3 2411552, 681117.6 2411548, 681091.7 2411544, 681065.6 2411542, 681039.4 2411542, 681013.2 2411542, 680987.1 2411544, 680961.2 2411548, 680935.4 2411552, 680910 2411559, 680884.9 2411566, 680860.2 2411575, 680836 2411585, 680812.4 2411596, 680789.4 2411608, 680767.1 2411622, 680745.5 2411637, 680724.7 2411653, 680704.8 2411670, 680685.8 2411688, 680667.8 2411707, 680650.8 2411727, 680634.9 2411748, 680620.1 2411769, 680606.4 2411792, 680593.9 2411815, 680582.6 2411838, 680572.6 2411862, 680563.9 2411887, 680556.4 2411912, 680550.3 2411938, 680545.5 2411963, 680542.1 2411989, 680540.1 2412015, 680539.4 2412042, 680540.1 2412068, 680542.1 2412094, 680545.5 2412120, 680550.3 2412145, 680556.4 2412171, 680563.9 2412196, 680572.6 2412221, 680582.6 2412245, 680593.9 2412269, 680606.4 2412292, 680620.1 2412314, 680634.9 2412335, 680650.8 2412356, 680667.8 2412376, 680685.8 2412395, 680704.8 2412413, 680724.7 2412430, 680745.5 2412446, 680767.1 2412461, 680789.4 2412475, 680812.4 2412487, 680836 2412498, 680860.2 2412508, 680884.9 2412517, 680910 2412524, 680935.4 2412531, 680961.2 2412535, 680987.1 2412539, 681013.2 2412541, 681039.4 2412542, 681065.6 2412541, 681091.7 2412539, 681117.6 2412535, 681143.3 2412531, 681168.8 2412524, 681193.9 2412517, 681218.6 2412508, 681242.8 2412498, 681266.4 2412487, 681289.4 2412475, 681311.7 2412461, 681333.3 2412446, 681354 2412430, 681374 2412413, 681392.9 2412395, 681411 2412376, 681428 2412356, 681443.9 2412335, 681458.7 2412314, 681472.4 2412292, 681484.9 2412269, 681496.2 2412245, 681506.2 2412221, 681514.9 2412196, 681522.4 2412171, 681528.5 2412145, 681533.2 2412120, 681536.6 2412094, 681538.7 2412068, 681539.4 2412042))"
32,20260541,Forest,9620.300751879699,41.51503560607066,0.2980101804720037,0,Hani,NA,NA,0,1,0,6576,18.471569752617345,1115.27870559735,781.49774169921875,7.883418083190918,271.4350287142213,22794.682502746582,81466.65802001953,0.3163943811329388,1,60,20631.84356689453,0.9051165140996614,2162.838935852051,0.09488348590033863,0,1,0.025043357445370666,-0.9996863659407701,9.171630806360227,3.726055665381232,-1.2106276304025323,"POLYGON ((695767.6 2406549, 695766.9 2406523, 695764.9 2406497, 695761.5 2406471, 695756.7 2406446, 695750.6 2406420, 695743.2 2406395, 695734.4 2406370, 695724.4 2406346, 695713.1 2406322, 695700.6 2406299, 695687 2406277, 695672.1 2406256, 695656.2 2406235, 695639.2 2406215, 695621.2 2406196, 695602.2 2406178, 695582.3 2406161, 695561.5 2406145, 695539.9 2406130, 695517.6 2406116, 695494.6 2406104, 695471 2406093, 695446.8 2406083, 695422.1 2406074, 695397 2406067, 695371.6 2406060, 695345.8 2406056, 695319.9 2406052, 695293.8 2406050, 695267.6 2406049, 695241.5 2406050, 695215.4 2406052, 695189.4 2406056, 695163.7 2406060, 695138.2 2406067, 695113.1 2406074, 695088.4 2406083, 695064.3 2406093, 695040.6 2406104, 695017.6 2406116, 694995.3 2406130, 694973.7 2406145, 694953 2406161, 694933.1 2406178, 694914.1 2406196, 694896.1 2406215, 694879.1 2406235, 694863.1 2406256, 694848.3 2406277, 694834.6 2406299, 694822.1 2406322, 694810.9 2406346, 694800.8 2406370, 694792.1 2406395, 694784.7 2406420, 694778.6 2406446, 694773.8 2406471, 694770.4 2406497, 694768.3 2406523, 694767.6 2406549, 694768.3 2406576, 694770.4 2406602, 694773.8 2406628, 694778.6 2406653, 694784.7 2406679, 694792.1 2406704, 694800.8 2406729, 694810.9 2406753, 694822.1 2406776, 694834.6 2406799, 694848.3 2406822, 694863.1 2406843, 694879.1 2406864, 694896.1 2406884, 694914.1 2406903, 694933.1 2406921, 694953 2406938, 694973.7 2406954, 694995.3 2406969, 695017.6 2406982, 695040.6 2406995, 695064.3 2407006, 695088.4 2407016, 695113.1 2407025, 695138.2 2407032, 695163.7 2407039, 695189.4 2407043, 695215.4 2407047, 695241.5 2407049, 695267.6 2407049, 695293.8 2407049, 695319.9 2407047, 695345.8 2407043, 695371.6 2407039, 695397 2407032, 695422.1 2407025, 695446.8 2407016, 695471 2407006, 695494.6 2406995, 695517.6 2406982, 695539.9 2406969, 695561.5 2406954, 695582.3 2406938, 695602.2 2406921, 695621.2 2406903, 695639.2 2406884, 695656.2 2406864, 695672.1 2406843, 695687 2406822, 695700.6 2406799, 695713.1 2406776, 695724.4 2406753, 695734.4 2406729, 695743.2 2406704, 695750.6 2406679, 695756.7 2406653, 695761.5 2406628, 695764.9 2406602, 695766.9 2406576, 695767.6 2406549))"
32,20260541,Forest,9566.511627906977,26.327719227924465,0.932825484764543,0,Hani,NA,NA,0,1,0,6634,1359.8794524269354,1411.465397752713,1015.4302978515625,8.8898773193359375,166.428837715424,633622.6867675781,0,0.20013922757515787,1,48,596751.8005371094,0.9418093969795095,25551.48868560791,0.04032603191018721,0,1,-0.9720792275648646,0.23465288265200604,9.166023906806155,3.270622347193581,-0.06953714304240752,"POLYGON ((671798.7 2430423, 671798 2430396, 671795.9 2430370, 671792.5 2430344, 671787.7 2430319, 671781.6 2430293, 671774.2 2430268, 671765.5 2430243, 671755.4 2430219, 671744.2 2430196, 671731.7 2430173, 671718 2430150, 671703.2 2430129, 671687.2 2430108, 671670.2 2430088, 671652.2 2430069, 671633.2 2430051, 671613.3 2430034, 671592.6 2430018, 671571 2430003, 671548.7 2429990, 671525.7 2429977, 671502 2429966, 671477.8 2429956, 671453.2 2429947, 671428.1 2429940, 671402.6 2429933, 671376.9 2429929, 671350.9 2429925, 671324.8 2429923, 671298.7 2429923, 671272.5 2429923, 671246.4 2429925, 671220.4 2429929, 671194.7 2429933, 671169.3 2429940, 671144.2 2429947, 671119.5 2429956, 671095.3 2429966, 671071.7 2429977, 671048.7 2429990, 671026.3 2430003, 671004.8 2430018, 670984 2430034, 670964.1 2430051, 670945.1 2430069, 670927.1 2430088, 670910.1 2430108, 670894.2 2430129, 670879.3 2430150, 670865.6 2430173, 670853.2 2430196, 670841.9 2430219, 670831.9 2430243, 670823.1 2430268, 670815.7 2430293, 670809.6 2430319, 670804.8 2430344, 670801.4 2430370, 670799.3 2430396, 670798.7 2430423, 670799.3 2430449, 670801.4 2430475, 670804.8 2430501, 670809.6 2430527, 670815.7 2430552, 670823.1 2430577, 670831.9 2430602, 670841.9 2430626, 670853.2 2430650, 670865.6 2430673, 670879.3 2430695, 670894.2 2430716, 670910.1 2430737, 670927.1 2430757, 670945.1 2430776, 670964.1 2430794, 670984 2430811, 671004.8 2430827, 671026.3 2430842, 671048.7 2430856, 671071.7 2430868, 671095.3 2430879, 671119.5 2430889, 671144.2 2430898, 671169.3 2430906, 671194.7 2430912, 671220.4 2430916, 671246.4 2430920, 671272.5 2430922, 671298.7 2430923, 671324.8 2430922, 671350.9 2430920, 671376.9 2430916, 671402.6 2430912, 671428.1 2430906, 671453.2 2430898, 671477.8 2430889, 671502 2430879, 671525.7 2430868, 671548.7 2430856, 671571 2430842, 671592.6 2430827, 671613.3 2430811, 671633.2 2430794, 671652.2 2430776, 671670.2 2430757, 671687.2 2430737, 671703.2 2430716, 671718 2430695, 671731.7 2430673, 671744.2 2430650, 671755.4 2430626, 671765.5 2430602, 671774.2 2430577, 671781.6 2430552, 671787.7 2430527, 671792.5 2430501, 671795.9 2430475, 671798 2430449, 671798.7 2430423))"
32,20260541,Forest,8472.744360902256,27.219660257375487,0.31721384205856257,0,Hani,NA,NA,0,1,0,6722,396.04878277533646,447.6516298279687,551.73077392578125,6.918102264404297,275.88598783302825,5835.776138305664,277694.90661621094,0.427386038514481,1,95,5835.776138305664,1,0,0,0,1,0.10254927073755443,-0.9947279261542805,9.044609744717965,3.303939515785232,-1.1481791519057138,"POLYGON ((706139.7 2417283, 706139 2417257, 706136.9 2417231, 706133.5 2417205, 706128.7 2417179, 706122.6 2417153, 706115.2 2417128, 706106.5 2417104, 706096.4 2417080, 706085.2 2417056, 706072.7 2417033, 706059 2417011, 706044.2 2416989, 706028.2 2416968, 706011.2 2416948, 705993.2 2416929, 705974.2 2416911, 705954.3 2416894, 705933.6 2416878, 705912 2416864, 705889.7 2416850, 705866.7 2416837, 705843 2416826, 705818.8 2416816, 705794.2 2416807, 705769.1 2416800, 705743.6 2416794, 705717.9 2416789, 705691.9 2416786, 705665.8 2416784, 705639.7 2416783, 705613.5 2416784, 705587.4 2416786, 705561.4 2416789, 705535.7 2416794, 705510.3 2416800, 705485.2 2416807, 705460.5 2416816, 705436.3 2416826, 705412.7 2416837, 705389.7 2416850, 705367.3 2416864, 705345.8 2416878, 705325 2416894, 705305.1 2416911, 705286.1 2416929, 705268.1 2416948, 705251.1 2416968, 705235.2 2416989, 705220.3 2417011, 705206.7 2417033, 705194.2 2417056, 705182.9 2417080, 705172.9 2417104, 705164.1 2417128, 705156.7 2417153, 705150.6 2417179, 705145.8 2417205, 705142.4 2417231, 705140.3 2417257, 705139.7 2417283, 705140.3 2417309, 705142.4 2417335, 705145.8 2417361, 705150.6 2417387, 705156.7 2417412, 705164.1 2417437, 705172.9 2417462, 705182.9 2417486, 705194.2 2417510, 705206.7 2417533, 705220.3 2417555, 705235.2 2417577, 705251.1 2417598, 705268.1 2417617, 705286.1 2417636, 705305.1 2417654, 705325 2417671, 705345.8 2417687, 705367.3 2417702, 705389.7 2417716, 705412.7 2417728, 705436.3 2417740, 705460.5 2417750, 705485.2 2417758, 705510.3 2417766, 705535.7 2417772, 705561.4 2417777, 705587.4 2417780, 705613.5 2417782, 705639.7 2417783, 705665.8 2417782, 705691.9 2417780, 705717.9 2417777, 705743.6 2417772, 705769.1 2417766, 705794.2 2417758, 705818.8 2417750, 705843 2417740, 705866.7 2417728, 705889.7 2417716, 705912 2417702, 705933.6 2417687, 705954.3 2417671, 705974.2 2417654, 705993.2 2417636, 706011.2 2417617, 706028.2 2417598, 706044.2 2417577, 706059 2417555, 706072.7 2417533, 706085.2 2417510, 706096.4 2417486, 706106.5 2417462, 706115.2 2417437, 706122.6 2417412, 706128.7 2417387, 706133.5 2417361, 706136.9 2417335, 706139 2417309, 706139.7 2417283))"
32,20260541,Forest,5040.869565217392,26.97585606017254,5.159214830970556,0,Hani,NA,NA,0,1,0,6776,923.3498432367169,1301.012422068714,1488.1220703125,9.656268119812012,202.5530182342094,319006.494140625,129370.88012695312,0.1358004960474653,1,30,0,0,82070.09582519531,0.25726779025701285,0,1,-0.9235250236817794,-0.38353817363278053,8.525333878964574,3.294942245957513,1.6407844033746832,"POLYGON ((628362.9 2416270, 628362.2 2416244, 628360.2 2416218, 628356.7 2416192, 628352 2416166, 628345.9 2416141, 628338.4 2416116, 628329.7 2416091, 628319.7 2416067, 628308.4 2416043, 628295.9 2416020, 628282.2 2415998, 628267.4 2415976, 628251.5 2415956, 628234.5 2415936, 628216.5 2415917, 628197.5 2415899, 628177.6 2415882, 628156.8 2415866, 628135.2 2415851, 628112.9 2415837, 628089.9 2415825, 628066.3 2415814, 628042.1 2415804, 628017.4 2415795, 627992.3 2415787, 627966.9 2415781, 627941.1 2415777, 627915.2 2415773, 627889.1 2415771, 627862.9 2415770, 627836.7 2415771, 627810.6 2415773, 627784.7 2415777, 627758.9 2415781, 627733.5 2415787, 627708.4 2415795, 627683.7 2415804, 627659.5 2415814, 627635.9 2415825, 627612.9 2415837, 627590.6 2415851, 627569 2415866, 627548.2 2415882, 627528.3 2415899, 627509.4 2415917, 627491.3 2415936, 627474.3 2415956, 627458.4 2415976, 627443.6 2415998, 627429.9 2416020, 627417.4 2416043, 627406.1 2416067, 627396.1 2416091, 627387.4 2416116, 627379.9 2416141, 627373.8 2416166, 627369.1 2416192, 627365.6 2416218, 627363.6 2416244, 627362.9 2416270, 627363.6 2416297, 627365.6 2416323, 627369.1 2416349, 627373.8 2416374, 627379.9 2416400, 627387.4 2416425, 627396.1 2416450, 627406.1 2416474, 627417.4 2416497, 627429.9 2416520, 627443.6 2416543, 627458.4 2416564, 627474.3 2416585, 627491.3 2416605, 627509.4 2416624, 627528.3 2416642, 627548.2 2416659, 627569 2416675, 627590.6 2416690, 627612.9 2416703, 627635.9 2416716, 627659.5 2416727, 627683.7 2416737, 627708.4 2416746, 627733.5 2416753, 627758.9 2416759, 627784.7 2416764, 627810.6 2416768, 627836.7 2416770, 627862.9 2416770, 627889.1 2416770, 627915.2 2416768, 627941.1 2416764, 627966.9 2416759, 627992.3 2416753, 628017.4 2416746, 628042.1 2416737, 628066.3 2416727, 628089.9 2416716, 628112.9 2416703, 628135.2 2416690, 628156.8 2416675, 628177.6 2416659, 628197.5 2416642, 628216.5 2416624, 628234.5 2416605, 628251.5 2416585, 628267.4 2416564, 628282.2 2416543, 628295.9 2416520, 628308.4 2416497, 628319.7 2416474, 628329.7 2416450, 628338.4 2416425, 628345.9 2416400, 628352 2416374, 628356.7 2416349, 628360.2 2416323, 628362.2 2416297, 628362.9 2416270))"
32,20260541,Forest,3378.2501423420003,26.64581295076882,2.071001494768311,0,Hani,NA,NA,0,1,0,6787,814.7584286678598,814.864851320162,638.42657470703125,8.660030364990234,296.76232320105055,1719.7516322135925,112912.97607421875,0.25914117015169663,1,79,1719.7516322135925,1,0,0,0,1,0.4502904929228245,-0.8928821153899992,8.125113145053028,3.2826320257268775,0.7280323041748047,"POLYGON ((684971.9 2400446, 684971.2 2400420, 684969.2 2400394, 684965.8 2400368, 684961 2400342, 684954.9 2400316, 684947.4 2400291, 684938.7 2400267, 684928.7 2400242, 684917.4 2400219, 684904.9 2400196, 684891.2 2400173, 684876.4 2400152, 684860.5 2400131, 684843.5 2400111, 684825.5 2400092, 684806.5 2400074, 684786.6 2400057, 684765.8 2400041, 684744.2 2400026, 684721.9 2400013, 684698.9 2400000, 684675.3 2399989, 684651.1 2399979, 684626.4 2399970, 684601.3 2399963, 684575.9 2399957, 684550.1 2399952, 684524.2 2399949, 684498.1 2399946, 684471.9 2399946, 684445.7 2399946, 684419.6 2399949, 684393.7 2399952, 684368 2399957, 684342.5 2399963, 684317.4 2399970, 684292.7 2399979, 684268.5 2399989, 684244.9 2400000, 684221.9 2400013, 684199.6 2400026, 684178 2400041, 684157.3 2400057, 684137.3 2400074, 684118.4 2400092, 684100.3 2400111, 684083.3 2400131, 684067.4 2400152, 684052.6 2400173, 684038.9 2400196, 684026.4 2400219, 684015.1 2400242, 684005.1 2400267, 683996.4 2400291, 683989 2400316, 683982.8 2400342, 683978.1 2400368, 683974.7 2400394, 683972.6 2400420, 683971.9 2400446, 683972.6 2400472, 683974.7 2400498, 683978.1 2400524, 683982.8 2400550, 683989 2400575, 683996.4 2400600, 684005.1 2400625, 684015.1 2400649, 684026.4 2400673, 684038.9 2400696, 684052.6 2400718, 684067.4 2400740, 684083.3 2400760, 684100.3 2400780, 684118.4 2400799, 684137.3 2400817, 684157.3 2400834, 684178 2400850, 684199.6 2400865, 684221.9 2400879, 684244.9 2400891, 684268.5 2400903, 684292.7 2400913, 684317.4 2400921, 684342.5 2400929, 684368 2400935, 684393.7 2400940, 684419.6 2400943, 684445.7 2400945, 684471.9 2400946, 684498.1 2400945, 684524.2 2400943, 684550.1 2400940, 684575.9 2400935, 684601.3 2400929, 684626.4 2400921, 684651.1 2400913, 684675.3 2400903, 684698.9 2400891, 684721.9 2400879, 684744.2 2400865, 684765.8 2400850, 684786.6 2400834, 684806.5 2400817, 684825.5 2400799, 684843.5 2400780, 684860.5 2400760, 684876.4 2400740, 684891.2 2400718, 684904.9 2400696, 684917.4 2400673, 684928.7 2400649, 684938.7 2400625, 684947.4 2400600, 684954.9 2400575, 684961 2400550, 684965.8 2400524, 684969.2 2400498, 684971.2 2400472, 684971.9 2400446))"
32,20260541,Forest,3378.2501423420003,27.32013936280332,2.0710014947683106,0,Hani,NA,NA,0,1,0,6807,274.77601721004834,293.16587819389673,1419.2469482421875,12.563801765441895,266.8851961336257,785039.3371582031,0,0.12140100738506118,1,98,0,0,0,0,0,1,-0.0543368092974821,-0.9985226643173248,8.125113145053028,3.3076241358170795,0.7280323041748045,"POLYGON ((667064.3 2410548, 667063.6 2410522, 667061.6 2410496, 667058.1 2410470, 667053.4 2410444, 667047.3 2410419, 667039.8 2410394, 667031.1 2410369, 667021.1 2410345, 667009.8 2410321, 666997.3 2410298, 666983.6 2410276, 666968.8 2410254, 666952.9 2410233, 666935.9 2410213, 666917.9 2410195, 666898.9 2410176, 666879 2410159, 666858.2 2410144, 666836.6 2410129, 666814.3 2410115, 666791.3 2410103, 666767.7 2410091, 666743.5 2410081, 666718.8 2410073, 666693.7 2410065, 666668.3 2410059, 666642.5 2410054, 666616.6 2410051, 666590.5 2410049, 666564.3 2410048, 666538.1 2410049, 666512 2410051, 666486.1 2410054, 666460.3 2410059, 666434.9 2410065, 666409.8 2410073, 666385.1 2410081, 666360.9 2410091, 666337.3 2410103, 666314.3 2410115, 666292 2410129, 666270.4 2410144, 666249.6 2410159, 666229.7 2410176, 666210.7 2410195, 666192.7 2410213, 666175.7 2410233, 666159.8 2410254, 666145 2410276, 666131.3 2410298, 666118.8 2410321, 666107.5 2410345, 666097.5 2410369, 666088.8 2410394, 666081.3 2410419, 666075.2 2410444, 666070.5 2410470, 666067 2410496, 666065 2410522, 666064.3 2410548, 666065 2410574, 666067 2410600, 666070.5 2410626, 666075.2 2410652, 666081.3 2410677, 666088.8 2410703, 666097.5 2410727, 666107.5 2410751, 666118.8 2410775, 666131.3 2410798, 666145 2410820, 666159.8 2410842, 666175.7 2410863, 666192.7 2410883, 666210.7 2410902, 666229.7 2410920, 666249.6 2410937, 666270.4 2410953, 666292 2410967, 666314.3 2410981, 666337.3 2410994, 666360.9 2411005, 666385.1 2411015, 666409.8 2411024, 666434.9 2411031, 666460.3 2411037, 666486.1 2411042, 666512 2411045, 666538.1 2411047, 666564.3 2411048, 666590.5 2411047, 666616.6 2411045, 666642.5 2411042, 666668.3 2411037, 666693.7 2411031, 666718.8 2411024, 666743.5 2411015, 666767.7 2411005, 666791.3 2410994, 666814.3 2410981, 666836.6 2410967, 666858.2 2410953, 666879 2410937, 666898.9 2410920, 666917.9 2410902, 666935.9 2410883, 666952.9 2410863, 666968.8 2410842, 666983.6 2410820, 666997.3 2410798, 667009.8 2410775, 667021.1 2410751, 667031.1 2410727, 667039.8 2410703, 667047.3 2410677, 667053.4 2410652, 667058.1 2410626, 667061.6 2410600, 667063.6 2410574, 667064.3 2410548))"
32,20260541,Forest,15755.348837209303,49.074946133371625,0.16021765417170497,0,Hani,NA,NA,0,1,0,6958,517.3422366151873,527.6955739983016,772.44891357421875,14.63215446472168,245.00101773676002,572307.7697753906,169747.8057861328,0.11621982964416987,1,120,6871.631956100464,0.012006882169007284,0,0,0,1,-0.4226021630580639,-0.9063152938015807,9.664935195311495,3.8933486425230353,-1.8312220495974143,"POLYGON ((690774.3 2422724, 690773.6 2422698, 690771.6 2422672, 690768.1 2422646, 690763.4 2422620, 690757.3 2422595, 690749.8 2422570, 690741.1 2422545, 690731.1 2422521, 690719.8 2422497, 690707.3 2422474, 690693.6 2422452, 690678.8 2422430, 690662.9 2422410, 690645.9 2422390, 690627.9 2422371, 690608.9 2422353, 690589 2422336, 690568.2 2422320, 690546.6 2422305, 690524.3 2422291, 690501.3 2422279, 690477.7 2422267, 690453.5 2422257, 690428.8 2422249, 690403.7 2422241, 690378.3 2422235, 690352.5 2422230, 690326.6 2422227, 690300.5 2422225, 690274.3 2422224, 690248.1 2422225, 690222 2422227, 690196.1 2422230, 690170.3 2422235, 690144.9 2422241, 690119.8 2422249, 690095.1 2422257, 690070.9 2422267, 690047.3 2422279, 690024.3 2422291, 690002 2422305, 689980.4 2422320, 689959.6 2422336, 689939.7 2422353, 689920.7 2422371, 689902.7 2422390, 689885.7 2422410, 689869.8 2422430, 689855 2422452, 689841.3 2422474, 689828.8 2422497, 689817.5 2422521, 689807.5 2422545, 689798.8 2422570, 689791.3 2422595, 689785.2 2422620, 689780.5 2422646, 689777 2422672, 689775 2422698, 689774.3 2422724, 689775 2422750, 689777 2422776, 689780.5 2422802, 689785.2 2422828, 689791.3 2422854, 689798.8 2422879, 689807.5 2422903, 689817.5 2422928, 689828.8 2422951, 689841.3 2422974, 689855 2422997, 689869.8 2423018, 689885.7 2423039, 689902.7 2423059, 689920.7 2423078, 689939.7 2423096, 689959.6 2423113, 689980.4 2423129, 690002 2423144, 690024.3 2423157, 690047.3 2423170, 690070.9 2423181, 690095.1 2423191, 690119.8 2423200, 690144.9 2423207, 690170.3 2423213, 690196.1 2423218, 690222 2423221, 690248.1 2423224, 690274.3 2423224, 690300.5 2423224, 690326.6 2423221, 690352.5 2423218, 690378.3 2423213, 690403.7 2423207, 690428.8 2423200, 690453.5 2423191, 690477.7 2423181, 690501.3 2423170, 690524.3 2423157, 690546.6 2423144, 690568.2 2423129, 690589 2423113, 690608.9 2423096, 690627.9 2423078, 690645.9 2423059, 690662.9 2423039, 690678.8 2423018, 690693.6 2422997, 690707.3 2422974, 690719.8 2422951, 690731.1 2422928, 690741.1 2422903, 690749.8 2422879, 690757.3 2422854, 690763.4 2422828, 690768.1 2422802, 690771.6 2422776, 690773.6 2422750, 690774.3 2422724))"
32,20260541,Forest,8196.42857142857,29.790644225739026,0.5217557251908397,0,Hani,NA,NA,0,1,0,6988,1113.9883962384622,1184.1122745513132,835.6263427734375,12.904921531677246,145.1539251288219,327753.72619628906,457285.61096191406,0.14224460427395302,1,5,47700,0.14553610283421417,0,0,0,1,-0.820689999678864,0.571373716955117,9.011453798307533,3.3941943920616544,-0.650555760031193,"POLYGON ((705772.2 2407097, 705771.5 2407071, 705769.5 2407045, 705766 2407019, 705761.3 2406993, 705755.2 2406968, 705747.7 2406943, 705739 2406918, 705729 2406894, 705717.7 2406870, 705705.2 2406847, 705691.5 2406825, 705676.7 2406803, 705660.8 2406782, 705643.8 2406763, 705625.8 2406744, 705606.8 2406726, 705586.9 2406709, 705566.1 2406693, 705544.5 2406678, 705522.2 2406664, 705499.2 2406652, 705475.6 2406640, 705451.4 2406630, 705426.7 2406622, 705401.6 2406614, 705376.2 2406608, 705350.4 2406603, 705324.5 2406600, 705298.4 2406598, 705272.2 2406597, 705246 2406598, 705219.9 2406600, 705194 2406603, 705168.2 2406608, 705142.8 2406614, 705117.7 2406622, 705093 2406630, 705068.8 2406640, 705045.2 2406652, 705022.2 2406664, 704999.9 2406678, 704978.3 2406693, 704957.5 2406709, 704937.6 2406726, 704918.7 2406744, 704900.6 2406763, 704883.6 2406782, 704867.7 2406803, 704852.9 2406825, 704839.2 2406847, 704826.7 2406870, 704815.4 2406894, 704805.4 2406918, 704796.7 2406943, 704789.2 2406968, 704783.1 2406993, 704778.4 2407019, 704774.9 2407045, 704772.9 2407071, 704772.2 2407097, 704772.9 2407123, 704774.9 2407149, 704778.4 2407175, 704783.1 2407201, 704789.2 2407227, 704796.7 2407252, 704805.4 2407276, 704815.4 2407301, 704826.7 2407324, 704839.2 2407347, 704852.9 2407369, 704867.7 2407391, 704883.6 2407412, 704900.6 2407432, 704918.7 2407451, 704937.6 2407469, 704957.5 2407486, 704978.3 2407502, 704999.9 2407516, 705022.2 2407530, 705045.2 2407543, 705068.8 2407554, 705093 2407564, 705117.7 2407573, 705142.8 2407580, 705168.2 2407586, 705194 2407591, 705219.9 2407594, 705246 2407596, 705272.2 2407597, 705298.4 2407596, 705324.5 2407594, 705350.4 2407591, 705376.2 2407586, 705401.6 2407580, 705426.7 2407573, 705451.4 2407564, 705475.6 2407554, 705499.2 2407543, 705522.2 2407530, 705544.5 2407516, 705566.1 2407502, 705586.9 2407486, 705606.8 2407469, 705625.8 2407451, 705643.8 2407432, 705660.8 2407412, 705676.7 2407391, 705691.5 2407369, 705705.2 2407347, 705717.7 2407324, 705729 2407301, 705739 2407276, 705747.7 2407252, 705755.2 2407227, 705761.3 2407201, 705766 2407175, 705769.5 2407149, 705771.5 2407123, 705772.2 2407097))"
32,20260541,Forest,9620.300751879699,41.51503560607066,0.2980101804720037,0,Hani,NA,NA,0,1,0,7080,394.65605672871334,1871.2783982008875,661.45050048828125,12.569292068481445,133.48595823501844,295058.5235595703,32701.052856445312,0.1756365372322963,1,61,25727.654457092285,0.08719508979681466,267530.8776855469,0.9067044546216412,0,1,-0.6881767838766519,0.7255430477464365,9.171630806360227,3.726055665381232,-1.2106276304025323,"POLYGON ((695792.2 2409097, 695791.5 2409070, 695789.5 2409044, 695786.1 2409018, 695781.3 2408993, 695775.2 2408967, 695767.7 2408942, 695759 2408917, 695749 2408893, 695737.7 2408870, 695725.2 2408847, 695711.5 2408824, 695696.7 2408803, 695680.8 2408782, 695663.8 2408762, 695645.8 2408743, 695626.8 2408725, 695606.9 2408708, 695586.1 2408692, 695564.5 2408677, 695542.2 2408664, 695519.2 2408651, 695495.6 2408640, 695471.4 2408630, 695446.7 2408621, 695421.6 2408614, 695396.2 2408607, 695370.4 2408603, 695344.5 2408599, 695318.4 2408597, 695292.2 2408597, 695266 2408597, 695239.9 2408599, 695214 2408603, 695188.3 2408607, 695162.8 2408614, 695137.7 2408621, 695113 2408630, 695088.8 2408640, 695065.2 2408651, 695042.2 2408664, 695019.9 2408677, 694998.3 2408692, 694977.6 2408708, 694957.6 2408725, 694938.7 2408743, 694920.6 2408762, 694903.6 2408782, 694887.7 2408803, 694872.9 2408824, 694859.2 2408847, 694846.7 2408870, 694835.4 2408893, 694825.4 2408917, 694816.7 2408942, 694809.2 2408967, 694803.1 2408993, 694798.4 2409018, 694795 2409044, 694792.9 2409070, 694792.2 2409097, 694792.9 2409123, 694795 2409149, 694798.4 2409175, 694803.1 2409200, 694809.2 2409226, 694816.7 2409251, 694825.4 2409276, 694835.4 2409300, 694846.7 2409324, 694859.2 2409347, 694872.9 2409369, 694887.7 2409390, 694903.6 2409411, 694920.6 2409431, 694938.7 2409450, 694957.6 2409468, 694977.6 2409485, 694998.3 2409501, 695019.9 2409516, 695042.2 2409530, 695065.2 2409542, 695088.8 2409553, 695113 2409563, 695137.7 2409572, 695162.8 2409579, 695188.3 2409586, 695214 2409590, 695239.9 2409594, 695266 2409596, 695292.2 2409597, 695318.4 2409596, 695344.5 2409594, 695370.4 2409590, 695396.2 2409586, 695421.6 2409579, 695446.7 2409572, 695471.4 2409563, 695495.6 2409553, 695519.2 2409542, 695542.2 2409530, 695564.5 2409516, 695586.1 2409501, 695606.9 2409485, 695626.8 2409468, 695645.8 2409450, 695663.8 2409431, 695680.8 2409411, 695696.7 2409390, 695711.5 2409369, 695725.2 2409347, 695737.7 2409324, 695749 2409300, 695759 2409276, 695767.7 2409251, 695775.2 2409226, 695781.3 2409200, 695786.1 2409175, 695789.5 2409149, 695791.5 2409123, 695792.2 2409097))"
32,20260541,Forest,8196.42857142857,29.790644225739026,0.5217557251908397,0,Hani,NA,NA,0,1,0,7356,289.9625500546878,2416.4777771362515,720.73736572265625,7.914681434631348,71.3579621411605,42021.78840637207,714296.0632324219,0.2928503932418763,1,2,22274.788856506348,0.5300771266824202,0,0,0,1,0.31965460016493424,0.9475341347906132,9.011453798307533,3.3941943920616544,-0.650555760031193,"POLYGON ((701324.2 2402086, 701323.5 2402059, 701321.5 2402033, 701318 2402007, 701313.3 2401982, 701307.2 2401956, 701299.7 2401931, 701291 2401906, 701281 2401882, 701269.7 2401859, 701257.2 2401836, 701243.5 2401813, 701228.7 2401792, 701212.8 2401771, 701195.8 2401751, 701177.7 2401732, 701158.8 2401714, 701138.9 2401697, 701118.1 2401681, 701096.5 2401666, 701074.2 2401653, 701051.2 2401640, 701027.6 2401629, 701003.4 2401619, 700978.7 2401610, 700953.6 2401603, 700928.2 2401596, 700902.4 2401592, 700876.5 2401588, 700850.4 2401586, 700824.2 2401586, 700798 2401586, 700771.9 2401588, 700746 2401592, 700720.2 2401596, 700694.8 2401603, 700669.7 2401610, 700645 2401619, 700620.8 2401629, 700597.2 2401640, 700574.2 2401653, 700551.9 2401666, 700530.3 2401681, 700509.5 2401697, 700489.6 2401714, 700470.6 2401732, 700452.6 2401751, 700435.6 2401771, 700419.7 2401792, 700404.9 2401813, 700391.2 2401836, 700378.7 2401859, 700367.4 2401882, 700357.4 2401906, 700348.7 2401931, 700341.2 2401956, 700335.1 2401982, 700330.4 2402007, 700326.9 2402033, 700324.9 2402059, 700324.2 2402086, 700324.9 2402112, 700326.9 2402138, 700330.4 2402164, 700335.1 2402189, 700341.2 2402215, 700348.7 2402240, 700357.4 2402265, 700367.4 2402289, 700378.7 2402313, 700391.2 2402336, 700404.9 2402358, 700419.7 2402379, 700435.6 2402400, 700452.6 2402420, 700470.6 2402439, 700489.6 2402457, 700509.5 2402474, 700530.3 2402490, 700551.9 2402505, 700574.2 2402519, 700597.2 2402531, 700620.8 2402542, 700645 2402552, 700669.7 2402561, 700694.8 2402568, 700720.2 2402575, 700746 2402579, 700771.9 2402583, 700798 2402585, 700824.2 2402586, 700850.4 2402585, 700876.5 2402583, 700902.4 2402579, 700928.2 2402575, 700953.6 2402568, 700978.7 2402561, 701003.4 2402552, 701027.6 2402542, 701051.2 2402531, 701074.2 2402519, 701096.5 2402505, 701118.1 2402490, 701138.9 2402474, 701158.8 2402457, 701177.7 2402439, 701195.8 2402420, 701212.8 2402400, 701228.7 2402379, 701243.5 2402358, 701257.2 2402336, 701269.7 2402313, 701281 2402289, 701291 2402265, 701299.7 2402240, 701307.2 2402215, 701313.3 2402189, 701318 2402164, 701321.5 2402138, 701323.5 2402112, 701324.2 2402086))"
