draw,draw_seed,sample,net_income_adjusted,popu_density,agri_land_pp,is_sns,ethnicity,burial,temple,dai,hani,bulang,ID,dist_to_road,dist_to_village,mean_elev,mean_slope,mode_aspect,forest_area_02,woody_area_02,distance,weights,subclass,loss_1_34_14,loss_1_34_intensity_14,loss_1_345_14,loss_1_345_intensity_14,dai_eth,hani_eth,aspect_cos,aspect_sin,log_income,log_popu,log_agri,geometry_wkt
41,20260550,Forest,8450.297366185216,73.42593080392646,1.8587749920660108,1,Dai,火葬,无,1,0,0,39,467.88896705455073,973.9420289361556,842.76318359375,9.866257667541504,185.98673812728885,12600,253140.49072265625,0.1521319766084431,1,1,12600,1,0,0,1,0,-0.9945460632347923,-0.10429826510626353,9.041956910996545,4.296277153938979,0.6199176643325077,"POLYGON ((696095.3 2447963, 696094.6 2447937, 696092.5 2447910, 696089.1 2447884, 696084.3 2447859, 696078.2 2447833, 696070.8 2447808, 696062 2447784, 696052 2447759, 696040.8 2447736, 696028.3 2447713, 696014.6 2447690, 695999.8 2447669, 695983.8 2447648, 695966.8 2447628, 695948.8 2447609, 695929.8 2447591, 695909.9 2447574, 695889.1 2447558, 695867.6 2447543, 695845.3 2447530, 695822.2 2447517, 695798.6 2447506, 695774.4 2447496, 695749.8 2447487, 695724.7 2447480, 695699.2 2447474, 695673.5 2447469, 695647.5 2447465, 695621.4 2447463, 695595.3 2447463, 695569.1 2447463, 695543 2447465, 695517 2447469, 695491.3 2447474, 695465.8 2447480, 695440.7 2447487, 695416.1 2447496, 695391.9 2447506, 695368.3 2447517, 695345.3 2447530, 695322.9 2447543, 695301.4 2447558, 695280.6 2447574, 695260.7 2447591, 695241.7 2447609, 695223.7 2447628, 695206.7 2447648, 695190.7 2447669, 695175.9 2447690, 695162.2 2447713, 695149.7 2447736, 695138.5 2447759, 695128.5 2447784, 695119.7 2447808, 695112.3 2447833, 695106.2 2447859, 695101.4 2447884, 695098 2447910, 695095.9 2447937, 695095.3 2447963, 695095.9 2447989, 695098 2448015, 695101.4 2448041, 695106.2 2448067, 695112.3 2448092, 695119.7 2448117, 695128.5 2448142, 695138.5 2448166, 695149.7 2448190, 695162.2 2448213, 695175.9 2448235, 695190.7 2448257, 695206.7 2448277, 695223.7 2448297, 695241.7 2448316, 695260.7 2448334, 695280.6 2448351, 695301.4 2448367, 695322.9 2448382, 695345.3 2448396, 695368.3 2448408, 695391.9 2448419, 695416.1 2448429, 695440.7 2448438, 695465.8 2448446, 695491.3 2448452, 695517 2448457, 695543 2448460, 695569.1 2448462, 695595.3 2448463, 695621.4 2448462, 695647.5 2448460, 695673.5 2448457, 695699.2 2448452, 695724.7 2448446, 695749.8 2448438, 695774.4 2448429, 695798.6 2448419, 695822.2 2448408, 695845.3 2448396, 695867.6 2448382, 695889.1 2448367, 695909.9 2448351, 695929.8 2448334, 695948.8 2448316, 695966.8 2448297, 695983.8 2448277, 695999.8 2448257, 696014.6 2448235, 696028.3 2448213, 696040.8 2448190, 696052 2448166, 696062 2448142, 696070.8 2448117, 696078.2 2448092, 696084.3 2448067, 696089.1 2448041, 696092.5 2448015, 696094.6 2447989, 696095.3 2447963))"
41,20260550,Forest,8450.297366185216,73.42593080392646,1.8587749920660108,1,Dai,火葬,无,1,0,0,40,413.77919748317225,2393.1644568207607,799.55523681640625,9.810006141662598,144.16330623733987,8096.832847595215,28702.542686462402,0.010065445493979605,1,2,0,0,1796.8326330184937,0.22191796061989333,1,0,-0.8106890300140245,0.5854769821392812,9.041956910996545,4.296277153938979,0.6199176643325077,"POLYGON ((697124.2 2445862, 697123.5 2445835, 697121.4 2445809, 697118 2445783, 697113.2 2445758, 697107.1 2445732, 697099.7 2445707, 697091 2445682, 697080.9 2445658, 697069.7 2445635, 697057.2 2445612, 697043.5 2445589, 697028.7 2445568, 697012.7 2445547, 696995.7 2445527, 696977.7 2445508, 696958.7 2445490, 696938.8 2445473, 696918.1 2445457, 696896.5 2445442, 696874.2 2445429, 696851.2 2445416, 696827.5 2445405, 696803.3 2445395, 696778.7 2445386, 696753.6 2445379, 696728.1 2445373, 696702.4 2445368, 696676.4 2445364, 696650.3 2445362, 696624.2 2445362, 696598 2445362, 696571.9 2445364, 696545.9 2445368, 696520.2 2445373, 696494.8 2445379, 696469.7 2445386, 696445 2445395, 696420.8 2445405, 696397.2 2445416, 696374.2 2445429, 696351.8 2445442, 696330.3 2445457, 696309.5 2445473, 696289.6 2445490, 696270.6 2445508, 696252.6 2445527, 696235.6 2445547, 696219.7 2445568, 696204.8 2445589, 696191.2 2445612, 696178.7 2445635, 696167.4 2445658, 696157.4 2445682, 696148.6 2445707, 696141.2 2445732, 696135.1 2445758, 696130.3 2445783, 696126.9 2445809, 696124.9 2445835, 696124.2 2445862, 696124.9 2445888, 696126.9 2445914, 696130.3 2445940, 696135.1 2445966, 696141.2 2445991, 696148.6 2446016, 696157.4 2446041, 696167.4 2446065, 696178.7 2446089, 696191.2 2446112, 696204.8 2446134, 696219.7 2446156, 696235.6 2446176, 696252.6 2446196, 696270.6 2446215, 696289.6 2446233, 696309.5 2446250, 696330.3 2446266, 696351.8 2446281, 696374.2 2446295, 696397.2 2446307, 696420.8 2446318, 696445 2446328, 696469.7 2446337, 696494.8 2446345, 696520.2 2446351, 696545.9 2446355, 696571.9 2446359, 696598 2446361, 696624.2 2446362, 696650.3 2446361, 696676.4 2446359, 696702.4 2446355, 696728.1 2446351, 696753.6 2446345, 696778.7 2446337, 696803.3 2446328, 696827.5 2446318, 696851.2 2446307, 696874.2 2446295, 696896.5 2446281, 696918.1 2446266, 696938.8 2446250, 696958.7 2446233, 696977.7 2446215, 696995.7 2446196, 697012.7 2446176, 697028.7 2446156, 697043.5 2446134, 697057.2 2446112, 697069.7 2446089, 697080.9 2446065, 697091 2446041, 697099.7 2446016, 697107.1 2445991, 697113.2 2445966, 697118 2445940, 697121.4 2445914, 697123.5 2445888, 697124.2 2445862))"
41,20260550,Forest,8450.297366185216,73.42593080392646,1.8587749920660108,1,Dai,火葬,无,1,0,0,41,73.04572707444774,1557.978698080153,766.8189697265625,5.734014511108398,192.6303991768814,6901.325511932373,62168.82247924805,0.34336885962801755,1,3,0,0,1800,0.260819460969897,1,0,-0.9758008852565537,-0.21866099865436903,9.041956910996545,4.296277153938979,0.6199176643325077,"POLYGON ((696459.1 2446369, 696458.4 2446343, 696456.4 2446317, 696452.9 2446291, 696448.2 2446265, 696442.1 2446240, 696434.6 2446215, 696425.9 2446190, 696415.9 2446166, 696404.6 2446142, 696392.1 2446119, 696378.4 2446097, 696363.6 2446076, 696347.7 2446055, 696330.7 2446035, 696312.7 2446016, 696293.7 2445998, 696273.8 2445981, 696253 2445965, 696231.4 2445950, 696209.1 2445936, 696186.1 2445924, 696162.5 2445913, 696138.3 2445903, 696113.6 2445894, 696088.5 2445886, 696063.1 2445880, 696037.3 2445876, 696011.4 2445872, 695985.3 2445870, 695959.1 2445869, 695932.9 2445870, 695906.8 2445872, 695880.9 2445876, 695855.1 2445880, 695829.7 2445886, 695804.6 2445894, 695779.9 2445903, 695755.7 2445913, 695732.1 2445924, 695709.1 2445936, 695686.8 2445950, 695665.2 2445965, 695644.4 2445981, 695624.5 2445998, 695605.5 2446016, 695587.5 2446035, 695570.5 2446055, 695554.6 2446076, 695539.8 2446097, 695526.1 2446119, 695513.6 2446142, 695502.3 2446166, 695492.3 2446190, 695483.6 2446215, 695476.1 2446240, 695470 2446265, 695465.3 2446291, 695461.8 2446317, 695459.8 2446343, 695459.1 2446369, 695459.8 2446396, 695461.8 2446422, 695465.3 2446448, 695470 2446473, 695476.1 2446499, 695483.6 2446524, 695492.3 2446549, 695502.3 2446573, 695513.6 2446596, 695526.1 2446619, 695539.8 2446642, 695554.6 2446663, 695570.5 2446684, 695587.5 2446704, 695605.5 2446723, 695624.5 2446741, 695644.4 2446758, 695665.2 2446774, 695686.8 2446789, 695709.1 2446802, 695732.1 2446815, 695755.7 2446826, 695779.9 2446836, 695804.6 2446845, 695829.7 2446852, 695855.1 2446858, 695880.9 2446863, 695906.8 2446867, 695932.9 2446869, 695959.1 2446869, 695985.3 2446869, 696011.4 2446867, 696037.3 2446863, 696063.1 2446858, 696088.5 2446852, 696113.6 2446845, 696138.3 2446836, 696162.5 2446826, 696186.1 2446815, 696209.1 2446802, 696231.4 2446789, 696253 2446774, 696273.8 2446758, 696293.7 2446741, 696312.7 2446723, 696330.7 2446704, 696347.7 2446684, 696363.6 2446663, 696378.4 2446642, 696392.1 2446619, 696404.6 2446596, 696415.9 2446573, 696425.9 2446549, 696434.6 2446524, 696442.1 2446499, 696448.2 2446473, 696452.9 2446448, 696456.4 2446422, 696458.4 2446396, 696459.1 2446369))"
41,20260550,Forest,8082.412914188615,48.483721067496745,1.5257279617072197,1,Dai,火葬,无,1,0,0,44,6.308072140434634,1658.2344801426814,790.29376220703125,6.178640365600586,207.86454016305572,117.76105910539627,27680.223655700684,0.2791615956084593,1,4,117.76105910539627,1,0,0,1,0,-0.8840550583247369,-0.4673827701685697,8.997445734928318,3.881228093508158,0.4224716481023428,"POLYGON ((697418.3 2444440, 697417.7 2444414, 697415.6 2444388, 697412.2 2444362, 697407.4 2444336, 697401.3 2444310, 697393.9 2444285, 697385.1 2444261, 697375.1 2444237, 697363.8 2444213, 697351.4 2444190, 697337.7 2444168, 697322.9 2444146, 697306.9 2444125, 697289.9 2444105, 697271.9 2444086, 697252.9 2444068, 697233 2444051, 697212.2 2444035, 697190.7 2444021, 697168.3 2444007, 697145.3 2443994, 697121.7 2443983, 697097.5 2443973, 697072.9 2443964, 697047.8 2443957, 697022.3 2443951, 696996.6 2443946, 696970.6 2443943, 696944.5 2443941, 696918.3 2443940, 696892.2 2443941, 696866.1 2443943, 696840.1 2443946, 696814.4 2443951, 696788.9 2443957, 696763.8 2443964, 696739.2 2443973, 696715 2443983, 696691.4 2443994, 696668.3 2444007, 696646 2444021, 696624.5 2444035, 696603.7 2444051, 696583.8 2444068, 696564.8 2444086, 696546.8 2444105, 696529.8 2444125, 696513.8 2444146, 696499 2444168, 696485.3 2444190, 696472.8 2444213, 696461.6 2444237, 696451.6 2444261, 696442.8 2444285, 696435.4 2444310, 696429.3 2444336, 696424.5 2444362, 696421.1 2444388, 696419 2444414, 696418.3 2444440, 696419 2444466, 696421.1 2444492, 696424.5 2444518, 696429.3 2444544, 696435.4 2444569, 696442.8 2444594, 696451.6 2444619, 696461.6 2444643, 696472.8 2444667, 696485.3 2444690, 696499 2444712, 696513.8 2444734, 696529.8 2444755, 696546.8 2444774, 696564.8 2444793, 696583.8 2444811, 696603.7 2444828, 696624.5 2444844, 696646 2444859, 696668.3 2444873, 696691.4 2444885, 696715 2444897, 696739.2 2444907, 696763.8 2444915, 696788.9 2444923, 696814.4 2444929, 696840.1 2444934, 696866.1 2444937, 696892.2 2444939, 696918.3 2444940, 696944.5 2444939, 696970.6 2444937, 696996.6 2444934, 697022.3 2444929, 697047.8 2444923, 697072.9 2444915, 697097.5 2444907, 697121.7 2444897, 697145.3 2444885, 697168.3 2444873, 697190.7 2444859, 697212.2 2444844, 697233 2444828, 697252.9 2444811, 697271.9 2444793, 697289.9 2444774, 697306.9 2444755, 697322.9 2444734, 697337.7 2444712, 697351.4 2444690, 697363.8 2444667, 697375.1 2444643, 697385.1 2444619, 697393.9 2444594, 697401.3 2444569, 697407.4 2444544, 697412.2 2444518, 697415.6 2444492, 697417.7 2444466, 697418.3 2444440))"
41,20260550,Forest,4729.178800232964,28.284346991989317,25.912513445679455,1,Dai,土葬,无,1,0,0,64,101.11455315979987,319.5450132537364,897.93365478515625,3.923670530319214,69.22771768163331,609287.8601074219,3663.7953758239746,0.6527807947175328,1,8,511449.8291015625,0.8394223200366904,38692.53616333008,0.06350452503108843,1,0,0.3546546851116848,0.9349973552520519,8.461506851240385,3.3423085418038267,3.2547259966495377,"POLYGON ((685091.6 2477815, 685090.9 2477788, 685088.8 2477762, 685085.4 2477736, 685080.6 2477711, 685074.5 2477685, 685067.1 2477660, 685058.3 2477635, 685048.3 2477611, 685037.1 2477588, 685024.6 2477565, 685010.9 2477542, 684996.1 2477521, 684980.1 2477500, 684963.1 2477480, 684945.1 2477461, 684926.1 2477443, 684906.2 2477426, 684885.4 2477410, 684863.9 2477395, 684841.6 2477382, 684818.5 2477369, 684794.9 2477358, 684770.7 2477348, 684746.1 2477339, 684721 2477332, 684695.5 2477326, 684669.8 2477321, 684643.8 2477317, 684617.7 2477315, 684591.6 2477315, 684565.4 2477315, 684539.3 2477317, 684513.3 2477321, 684487.6 2477326, 684462.1 2477332, 684437 2477339, 684412.4 2477348, 684388.2 2477358, 684364.6 2477369, 684341.6 2477382, 684319.2 2477395, 684297.7 2477410, 684276.9 2477426, 684257 2477443, 684238 2477461, 684220 2477480, 684203 2477500, 684187 2477521, 684172.2 2477542, 684158.5 2477565, 684146 2477588, 684134.8 2477611, 684124.8 2477635, 684116 2477660, 684108.6 2477685, 684102.5 2477711, 684097.7 2477736, 684094.3 2477762, 684092.2 2477788, 684091.6 2477815, 684092.2 2477841, 684094.3 2477867, 684097.7 2477893, 684102.5 2477919, 684108.6 2477944, 684116 2477969, 684124.8 2477994, 684134.8 2478018, 684146 2478042, 684158.5 2478065, 684172.2 2478087, 684187 2478109, 684203 2478129, 684220 2478149, 684238 2478168, 684257 2478186, 684276.9 2478203, 684297.7 2478219, 684319.2 2478234, 684341.6 2478248, 684364.6 2478260, 684388.2 2478271, 684412.4 2478281, 684437 2478290, 684462.1 2478298, 684487.6 2478304, 684513.3 2478308, 684539.3 2478312, 684565.4 2478314, 684591.6 2478315, 684617.7 2478314, 684643.8 2478312, 684669.8 2478308, 684695.5 2478304, 684721 2478298, 684746.1 2478290, 684770.7 2478281, 684794.9 2478271, 684818.5 2478260, 684841.6 2478248, 684863.9 2478234, 684885.4 2478219, 684906.2 2478203, 684926.1 2478186, 684945.1 2478168, 684963.1 2478149, 684980.1 2478129, 684996.1 2478109, 685010.9 2478087, 685024.6 2478065, 685037.1 2478042, 685048.3 2478018, 685058.3 2477994, 685067.1 2477969, 685074.5 2477944, 685080.6 2477919, 685085.4 2477893, 685088.8 2477867, 685090.9 2477841, 685091.6 2477815))"
41,20260550,Forest,4729.178800232964,28.284346991989317,25.912513445679455,1,Dai,土葬,无,1,0,0,66,420.1459989158449,417.2112056035509,905.5518798828125,3.6864259243011475,239.28434874264798,227396.79107666016,0,0.6863846227291968,1,9,74775.70266723633,0.32883358781447314,6151.743364334106,0.027052903144355395,1,0,-0.5107777812427132,-0.8597127765648077,8.461506851240385,3.3423085418038267,3.2547259966495377,"POLYGON ((686144.8 2480828, 686144.1 2480802, 686142.1 2480776, 686138.6 2480750, 686133.9 2480724, 686127.8 2480699, 686120.3 2480674, 686111.6 2480649, 686101.6 2480625, 686090.3 2480601, 686077.8 2480578, 686064.1 2480556, 686049.3 2480535, 686033.4 2480514, 686016.4 2480494, 685998.3 2480475, 685979.4 2480457, 685959.5 2480440, 685938.7 2480424, 685917.1 2480409, 685894.8 2480395, 685871.8 2480383, 685848.2 2480372, 685824 2480362, 685799.3 2480353, 685774.2 2480345, 685748.8 2480339, 685723 2480335, 685697.1 2480331, 685671 2480329, 685644.8 2480328, 685618.6 2480329, 685592.5 2480331, 685566.6 2480335, 685540.8 2480339, 685515.4 2480345, 685490.3 2480353, 685465.6 2480362, 685441.4 2480372, 685417.8 2480383, 685394.8 2480395, 685372.5 2480409, 685350.9 2480424, 685330.1 2480440, 685310.2 2480457, 685291.2 2480475, 685273.2 2480494, 685256.2 2480514, 685240.3 2480535, 685225.5 2480556, 685211.8 2480578, 685199.3 2480601, 685188 2480625, 685178 2480649, 685169.3 2480674, 685161.8 2480699, 685155.7 2480724, 685151 2480750, 685147.5 2480776, 685145.5 2480802, 685144.8 2480828, 685145.5 2480855, 685147.5 2480881, 685151 2480907, 685155.7 2480932, 685161.8 2480958, 685169.3 2480983, 685178 2481008, 685188 2481032, 685199.3 2481055, 685211.8 2481078, 685225.5 2481101, 685240.3 2481122, 685256.2 2481143, 685273.2 2481163, 685291.2 2481182, 685310.2 2481200, 685330.1 2481217, 685350.9 2481233, 685372.5 2481248, 685394.8 2481261, 685417.8 2481274, 685441.4 2481285, 685465.6 2481295, 685490.3 2481304, 685515.4 2481311, 685540.8 2481317, 685566.6 2481322, 685592.5 2481326, 685618.6 2481328, 685644.8 2481328, 685671 2481328, 685697.1 2481326, 685723 2481322, 685748.8 2481317, 685774.2 2481311, 685799.3 2481304, 685824 2481295, 685848.2 2481285, 685871.8 2481274, 685894.8 2481261, 685917.1 2481248, 685938.7 2481233, 685959.5 2481217, 685979.4 2481200, 685998.3 2481182, 686016.4 2481163, 686033.4 2481143, 686049.3 2481122, 686064.1 2481101, 686077.8 2481078, 686090.3 2481055, 686101.6 2481032, 686111.6 2481008, 686120.3 2480983, 686127.8 2480958, 686133.9 2480932, 686138.6 2480907, 686142.1 2480881, 686144.1 2480855, 686144.8 2480828))"
41,20260550,Forest,4740.827023878858,28.393067437574942,2.9508196721311477,1,Dai,土葬,无,1,0,0,69,18.022673176525558,602.5224871482981,948.857421875,8.154994010925293,153.26754225967903,636699.2980957031,0,0.3377705823594715,1,10,585062.4572753906,0.9188991711240259,12600,0.01978956163087536,1,0,-0.8931167082800273,0.44982501641310324,8.463966877081248,3.346145011058112,1.0820829867168993,"POLYGON ((680559.7 2480962, 680559 2480936, 680557 2480910, 680553.6 2480884, 680548.8 2480858, 680542.7 2480833, 680535.2 2480808, 680526.5 2480783, 680516.5 2480759, 680505.2 2480735, 680492.7 2480712, 680479.1 2480690, 680464.2 2480668, 680448.3 2480647, 680431.3 2480628, 680413.3 2480609, 680394.3 2480591, 680374.4 2480574, 680353.6 2480558, 680332 2480543, 680309.7 2480529, 680286.7 2480517, 680263.1 2480505, 680238.9 2480495, 680214.2 2480487, 680189.1 2480479, 680163.7 2480473, 680137.9 2480468, 680112 2480465, 680085.9 2480463, 680059.7 2480462, 680033.6 2480463, 680007.5 2480465, 679981.5 2480468, 679955.8 2480473, 679930.3 2480479, 679905.2 2480487, 679880.5 2480495, 679856.4 2480505, 679832.7 2480517, 679809.7 2480529, 679787.4 2480543, 679765.8 2480558, 679745.1 2480574, 679725.2 2480591, 679706.2 2480609, 679688.1 2480628, 679671.1 2480647, 679655.2 2480668, 679640.4 2480690, 679626.7 2480712, 679614.2 2480735, 679602.9 2480759, 679592.9 2480783, 679584.2 2480808, 679576.8 2480833, 679570.6 2480858, 679565.9 2480884, 679562.5 2480910, 679560.4 2480936, 679559.7 2480962, 679560.4 2480988, 679562.5 2481014, 679565.9 2481040, 679570.6 2481066, 679576.8 2481092, 679584.2 2481117, 679592.9 2481141, 679602.9 2481165, 679614.2 2481189, 679626.7 2481212, 679640.4 2481234, 679655.2 2481256, 679671.1 2481277, 679688.1 2481297, 679706.2 2481316, 679725.2 2481334, 679745.1 2481351, 679765.8 2481367, 679787.4 2481381, 679809.7 2481395, 679832.7 2481408, 679856.4 2481419, 679880.5 2481429, 679905.2 2481438, 679930.3 2481445, 679955.8 2481451, 679981.5 2481456, 680007.5 2481459, 680033.6 2481461, 680059.7 2481462, 680085.9 2481461, 680112 2481459, 680137.9 2481456, 680163.7 2481451, 680189.1 2481445, 680214.2 2481438, 680238.9 2481429, 680263.1 2481419, 680286.7 2481408, 680309.7 2481395, 680332 2481381, 680353.6 2481367, 680374.4 2481351, 680394.3 2481334, 680413.3 2481316, 680431.3 2481297, 680448.3 2481277, 680464.2 2481256, 680479.1 2481234, 680492.7 2481212, 680505.2 2481189, 680516.5 2481165, 680526.5 2481141, 680535.2 2481117, 680542.7 2481092, 680548.8 2481066, 680553.6 2481040, 680557 2481014, 680559 2480988, 680559.7 2480962))"
41,20260550,Forest,4740.827023878858,28.393067437574942,2.9508196721311477,1,Dai,土葬,无,1,0,0,70,361.8480660508105,643.5207045741159,940.30078125,6.687822341918945,158.049844717533,663738.6291503906,0,0.28836537468455214,1,11,571387.7197265625,0.8608625362937808,23621.12216949463,0.0355879876989087,1,0,-0.9275093943373025,0.37379984405567934,8.463966877081248,3.346145011058112,1.0820829867168993,"POLYGON ((680711.9 2481343, 680711.2 2481317, 680709.1 2481290, 680705.7 2481264, 680700.9 2481239, 680694.8 2481213, 680687.4 2481188, 680678.6 2481164, 680668.6 2481139, 680657.4 2481116, 680644.9 2481093, 680631.2 2481070, 680616.4 2481049, 680600.4 2481028, 680583.4 2481008, 680565.4 2480989, 680546.4 2480971, 680526.5 2480954, 680505.7 2480938, 680484.2 2480923, 680461.9 2480910, 680438.8 2480897, 680415.2 2480886, 680391 2480876, 680366.4 2480867, 680341.3 2480860, 680315.8 2480854, 680290.1 2480849, 680264.1 2480845, 680238 2480843, 680211.9 2480843, 680185.7 2480843, 680159.6 2480845, 680133.6 2480849, 680107.9 2480854, 680082.4 2480860, 680057.3 2480867, 680032.7 2480876, 680008.5 2480886, 679984.9 2480897, 679961.9 2480910, 679939.5 2480923, 679918 2480938, 679897.2 2480954, 679877.3 2480971, 679858.3 2480989, 679840.3 2481008, 679823.3 2481028, 679807.3 2481049, 679792.5 2481070, 679778.8 2481093, 679766.4 2481116, 679755.1 2481139, 679745.1 2481164, 679736.3 2481188, 679728.9 2481213, 679722.8 2481239, 679718 2481264, 679714.6 2481290, 679712.5 2481317, 679711.9 2481343, 679712.5 2481369, 679714.6 2481395, 679718 2481421, 679722.8 2481447, 679728.9 2481472, 679736.3 2481497, 679745.1 2481522, 679755.1 2481546, 679766.4 2481570, 679778.8 2481593, 679792.5 2481615, 679807.3 2481637, 679823.3 2481657, 679840.3 2481677, 679858.3 2481696, 679877.3 2481714, 679897.2 2481731, 679918 2481747, 679939.5 2481762, 679961.9 2481776, 679984.9 2481788, 680008.5 2481799, 680032.7 2481810, 680057.3 2481818, 680082.4 2481826, 680107.9 2481832, 680133.6 2481837, 680159.6 2481840, 680185.7 2481842, 680211.9 2481843, 680238 2481842, 680264.1 2481840, 680290.1 2481837, 680315.8 2481832, 680341.3 2481826, 680366.4 2481818, 680391 2481810, 680415.2 2481799, 680438.8 2481788, 680461.9 2481776, 680484.2 2481762, 680505.7 2481747, 680526.5 2481731, 680546.4 2481714, 680565.4 2481696, 680583.4 2481677, 680600.4 2481657, 680616.4 2481637, 680631.2 2481615, 680644.9 2481593, 680657.4 2481570, 680668.6 2481546, 680678.6 2481522, 680687.4 2481497, 680694.8 2481472, 680700.9 2481447, 680705.7 2481421, 680709.1 2481395, 680711.2 2481369, 680711.9 2481343))"
41,20260550,Forest,4740.827023878858,28.393067437574942,2.9508196721311477,1,Dai,土葬,无,1,0,0,71,198.16814360854698,549.120836962552,931.7093505859375,4.534837245941162,327.33349591262345,663180.46875,0,0.4968642258541142,1,12,577555.33447265625,0.8708871290514106,51457.20748901367,0.07759156053857123,1,0,0.8418264701580599,-0.5397482692341136,8.463966877081248,3.346145011058112,1.0820829867168993,"POLYGON ((680359.3 2481778, 680358.6 2481752, 680356.6 2481726, 680353.2 2481700, 680348.4 2481674, 680342.3 2481649, 680334.9 2481623, 680326.1 2481599, 680316.1 2481575, 680304.8 2481551, 680292.3 2481528, 680278.7 2481506, 680263.8 2481484, 680247.9 2481463, 680230.9 2481443, 680212.9 2481424, 680193.9 2481406, 680174 2481389, 680153.2 2481373, 680131.7 2481359, 680109.3 2481345, 680086.3 2481332, 680062.7 2481321, 680038.5 2481311, 680013.8 2481302, 679988.7 2481295, 679963.3 2481289, 679937.6 2481284, 679911.6 2481281, 679885.5 2481279, 679859.3 2481278, 679833.2 2481279, 679807.1 2481281, 679781.1 2481284, 679755.4 2481289, 679729.9 2481295, 679704.8 2481302, 679680.1 2481311, 679656 2481321, 679632.3 2481332, 679609.3 2481345, 679587 2481359, 679565.4 2481373, 679544.7 2481389, 679524.8 2481406, 679505.8 2481424, 679487.8 2481443, 679470.8 2481463, 679454.8 2481484, 679440 2481506, 679426.3 2481528, 679413.8 2481551, 679402.6 2481575, 679392.5 2481599, 679383.8 2481623, 679376.4 2481649, 679370.3 2481674, 679365.5 2481700, 679362.1 2481726, 679360 2481752, 679359.3 2481778, 679360 2481804, 679362.1 2481830, 679365.5 2481856, 679370.3 2481882, 679376.4 2481907, 679383.8 2481932, 679392.5 2481957, 679402.6 2481981, 679413.8 2482005, 679426.3 2482028, 679440 2482050, 679454.8 2482072, 679470.8 2482093, 679487.8 2482113, 679505.8 2482132, 679524.8 2482150, 679544.7 2482167, 679565.4 2482182, 679587 2482197, 679609.3 2482211, 679632.3 2482223, 679656 2482235, 679680.1 2482245, 679704.8 2482253, 679729.9 2482261, 679755.4 2482267, 679781.1 2482272, 679807.1 2482275, 679833.2 2482277, 679859.3 2482278, 679885.5 2482277, 679911.6 2482275, 679937.6 2482272, 679963.3 2482267, 679988.7 2482261, 680013.8 2482253, 680038.5 2482245, 680062.7 2482235, 680086.3 2482223, 680109.3 2482211, 680131.7 2482197, 680153.2 2482182, 680174 2482167, 680193.9 2482150, 680212.9 2482132, 680230.9 2482113, 680247.9 2482093, 680263.8 2482072, 680278.7 2482050, 680292.3 2482028, 680304.8 2482005, 680316.1 2481981, 680326.1 2481957, 680334.9 2481932, 680342.3 2481907, 680348.4 2481882, 680353.2 2481856, 680356.6 2481830, 680358.6 2481804, 680359.3 2481778))"
41,20260550,Forest,4740.827023878858,28.393067437574942,2.9508196721311477,1,Dai,土葬,无,1,0,0,72,98.98331981548837,751.2919430320019,927.00439453125,4.351489543914795,118.03967113068015,651990.78369140625,0,0.42342514302872575,1,13,577275.7873535156,0.885404827481037,41242.63114929199,0.0632564634054897,1,0,-0.4700827959190177,0.8826223229564043,8.463966877081248,3.346145011058112,1.0820829867168993,"POLYGON ((680604.1 2481839, 680603.4 2481813, 680601.3 2481787, 680597.9 2481761, 680593.1 2481735, 680587 2481710, 680579.6 2481685, 680570.9 2481660, 680560.8 2481636, 680549.6 2481612, 680537.1 2481589, 680523.4 2481567, 680508.6 2481545, 680492.6 2481525, 680475.6 2481505, 680457.6 2481486, 680438.6 2481468, 680418.7 2481451, 680398 2481435, 680376.4 2481420, 680354.1 2481406, 680331.1 2481394, 680307.4 2481383, 680283.2 2481373, 680258.6 2481364, 680233.5 2481356, 680208 2481350, 680182.3 2481345, 680156.3 2481342, 680130.2 2481340, 680104.1 2481339, 680077.9 2481340, 680051.8 2481342, 680025.8 2481345, 680000.1 2481350, 679974.7 2481356, 679949.6 2481364, 679924.9 2481373, 679900.7 2481383, 679877.1 2481394, 679854.1 2481406, 679831.7 2481420, 679810.2 2481435, 679789.4 2481451, 679769.5 2481468, 679750.5 2481486, 679732.5 2481505, 679715.5 2481525, 679699.6 2481545, 679684.7 2481567, 679671 2481589, 679658.6 2481612, 679647.3 2481636, 679637.3 2481660, 679628.5 2481685, 679621.1 2481710, 679615 2481735, 679610.2 2481761, 679606.8 2481787, 679604.7 2481813, 679604.1 2481839, 679604.7 2481865, 679606.8 2481892, 679610.2 2481918, 679615 2481943, 679621.1 2481969, 679628.5 2481994, 679637.3 2482018, 679647.3 2482043, 679658.6 2482066, 679671 2482089, 679684.7 2482112, 679699.6 2482133, 679715.5 2482154, 679732.5 2482174, 679750.5 2482193, 679769.5 2482211, 679789.4 2482228, 679810.2 2482244, 679831.7 2482259, 679854.1 2482272, 679877.1 2482285, 679900.7 2482296, 679924.9 2482306, 679949.6 2482315, 679974.7 2482322, 680000.1 2482328, 680025.8 2482333, 680051.8 2482337, 680077.9 2482339, 680104.1 2482339, 680130.2 2482339, 680156.3 2482337, 680182.3 2482333, 680208 2482328, 680233.5 2482322, 680258.6 2482315, 680283.2 2482306, 680307.4 2482296, 680331.1 2482285, 680354.1 2482272, 680376.4 2482259, 680398 2482244, 680418.7 2482228, 680438.6 2482211, 680457.6 2482193, 680475.6 2482174, 680492.6 2482154, 680508.6 2482133, 680523.4 2482112, 680537.1 2482089, 680549.6 2482066, 680560.8 2482043, 680570.9 2482018, 680579.6 2481994, 680587 2481969, 680593.1 2481943, 680597.9 2481918, 680601.3 2481892, 680603.4 2481865, 680604.1 2481839))"
41,20260550,Forest,4740.827023878858,28.393067437574942,2.9508196721311477,1,Dai,土葬,无,1,0,0,74,332.6590034726783,413.09745196765294,946.14105224609375,4.738346576690674,90.06715350459356,771315.7653808594,0,0.39507735851209014,1,14,611439.80712890625,0.7927230773339505,36566.032791137695,0.04740734525642966,1,0,-0.001172049491069805,0.9999993131497593,8.463966877081248,3.346145011058112,1.0820829867168993,"POLYGON ((679739.7 2483075, 679739 2483049, 679737 2483023, 679733.6 2482997, 679728.8 2482971, 679722.7 2482946, 679715.3 2482921, 679706.5 2482896, 679696.5 2482872, 679685.2 2482848, 679672.7 2482825, 679659.1 2482803, 679644.2 2482781, 679628.3 2482761, 679611.3 2482741, 679593.3 2482722, 679574.3 2482704, 679554.4 2482687, 679533.6 2482671, 679512.1 2482656, 679489.7 2482642, 679466.7 2482630, 679443.1 2482619, 679418.9 2482609, 679394.2 2482600, 679369.1 2482592, 679343.7 2482586, 679318 2482582, 679292 2482578, 679265.9 2482576, 679239.7 2482575, 679213.6 2482576, 679187.5 2482578, 679161.5 2482582, 679135.8 2482586, 679110.3 2482592, 679085.2 2482600, 679060.6 2482609, 679036.4 2482619, 679012.7 2482630, 678989.7 2482642, 678967.4 2482656, 678945.8 2482671, 678925.1 2482687, 678905.2 2482704, 678886.2 2482722, 678868.2 2482741, 678851.2 2482761, 678835.2 2482781, 678820.4 2482803, 678806.7 2482825, 678794.2 2482848, 678783 2482872, 678772.9 2482896, 678764.2 2482921, 678756.8 2482946, 678750.7 2482971, 678745.9 2482997, 678742.5 2483023, 678740.4 2483049, 678739.7 2483075, 678740.4 2483102, 678742.5 2483128, 678745.9 2483154, 678750.7 2483179, 678756.8 2483205, 678764.2 2483230, 678772.9 2483255, 678783 2483279, 678794.2 2483302, 678806.7 2483325, 678820.4 2483348, 678835.2 2483369, 678851.2 2483390, 678868.2 2483410, 678886.2 2483429, 678905.2 2483447, 678925.1 2483464, 678945.8 2483480, 678967.4 2483495, 678989.7 2483508, 679012.7 2483521, 679036.4 2483532, 679060.6 2483542, 679085.2 2483551, 679110.3 2483558, 679135.8 2483564, 679161.5 2483569, 679187.5 2483573, 679213.6 2483575, 679239.7 2483575, 679265.9 2483575, 679292 2483573, 679318 2483569, 679343.7 2483564, 679369.1 2483558, 679394.2 2483551, 679418.9 2483542, 679443.1 2483532, 679466.7 2483521, 679489.7 2483508, 679512.1 2483495, 679533.6 2483480, 679554.4 2483464, 679574.3 2483447, 679593.3 2483429, 679611.3 2483410, 679628.3 2483390, 679644.2 2483369, 679659.1 2483348, 679672.7 2483325, 679685.2 2483302, 679696.5 2483279, 679706.5 2483255, 679715.3 2483230, 679722.7 2483205, 679728.8 2483179, 679733.6 2483154, 679737 2483128, 679739 2483102, 679739.7 2483075))"
41,20260550,Forest,3542,11.643287154175853,2.4648552864737154,1,Dai,土葬,无,1,0,0,75,303.94161123274114,296.9079397917085,885.16058349609375,8.98266887664795,100.15709206327205,346810.14404296875,65016.993713378906,0.32705072948611197,1,15,0,0,13500.787925720215,0.03892846895518577,1,0,-0.1763476416287714,0.9843279480396614,8.17244681834278,2.454729803996976,0.9021330984584174,"POLYGON ((753441.9 2456107, 753441.3 2456081, 753439.2 2456055, 753435.8 2456029, 753431 2456003, 753424.9 2455978, 753417.5 2455953, 753408.7 2455928, 753398.7 2455904, 753387.4 2455880, 753375 2455857, 753361.3 2455835, 753346.5 2455813, 753330.5 2455793, 753313.5 2455773, 753295.5 2455754, 753276.5 2455736, 753256.6 2455719, 753235.8 2455703, 753214.3 2455688, 753191.9 2455674, 753168.9 2455662, 753145.3 2455651, 753121.1 2455641, 753096.5 2455632, 753071.4 2455624, 753045.9 2455618, 753020.2 2455613, 752994.2 2455610, 752968.1 2455608, 752941.9 2455607, 752915.8 2455608, 752889.7 2455610, 752863.7 2455613, 752838 2455618, 752812.5 2455624, 752787.4 2455632, 752762.8 2455641, 752738.6 2455651, 752715 2455662, 752691.9 2455674, 752669.6 2455688, 752648.1 2455703, 752627.3 2455719, 752607.4 2455736, 752588.4 2455754, 752570.4 2455773, 752553.4 2455793, 752537.4 2455813, 752522.6 2455835, 752508.9 2455857, 752496.4 2455880, 752485.2 2455904, 752475.2 2455928, 752466.4 2455953, 752459 2455978, 752452.9 2456003, 752448.1 2456029, 752444.7 2456055, 752442.6 2456081, 752441.9 2456107, 752442.6 2456133, 752444.7 2456160, 752448.1 2456186, 752452.9 2456211, 752459 2456237, 752466.4 2456262, 752475.2 2456287, 752485.2 2456311, 752496.4 2456334, 752508.9 2456357, 752522.6 2456380, 752537.4 2456401, 752553.4 2456422, 752570.4 2456442, 752588.4 2456461, 752607.4 2456479, 752627.3 2456496, 752648.1 2456512, 752669.6 2456527, 752691.9 2456540, 752715 2456553, 752738.6 2456564, 752762.8 2456574, 752787.4 2456583, 752812.5 2456590, 752838 2456596, 752863.7 2456601, 752889.7 2456605, 752915.8 2456607, 752941.9 2456607, 752968.1 2456607, 752994.2 2456605, 753020.2 2456601, 753045.9 2456596, 753071.4 2456590, 753096.5 2456583, 753121.1 2456574, 753145.3 2456564, 753168.9 2456553, 753191.9 2456540, 753214.3 2456527, 753235.8 2456512, 753256.6 2456496, 753276.5 2456479, 753295.5 2456461, 753313.5 2456442, 753330.5 2456422, 753346.5 2456401, 753361.3 2456380, 753375 2456357, 753387.4 2456334, 753398.7 2456311, 753408.7 2456287, 753417.5 2456262, 753424.9 2456237, 753431 2456211, 753435.8 2456186, 753439.2 2456160, 753441.3 2456133, 753441.9 2456107))"
41,20260550,Forest,3542,11.643287154175853,2.4648552864737154,1,Dai,土葬,无,1,0,0,76,61.93806209382271,164.17777095160355,899.55413818359375,12.304438591003418,353.58003602747567,740244.7814941406,0,0.2897376500015132,1,16,0,0,93982.159423828125,0.12696092127002997,1,0,0.9937290189293425,-0.11181519099713805,8.17244681834278,2.454729803996976,0.9021330984584174,"POLYGON ((752994.3 2454341, 752993.6 2454314, 752991.6 2454288, 752988.1 2454262, 752983.4 2454237, 752977.3 2454211, 752969.8 2454186, 752961.1 2454161, 752951.1 2454137, 752939.8 2454114, 752927.3 2454091, 752913.6 2454068, 752898.8 2454047, 752882.9 2454026, 752865.9 2454006, 752847.9 2453987, 752828.9 2453969, 752809 2453952, 752788.2 2453936, 752766.6 2453921, 752744.3 2453908, 752721.3 2453895, 752697.7 2453884, 752673.5 2453874, 752648.8 2453865, 752623.7 2453858, 752598.3 2453852, 752572.5 2453847, 752546.6 2453843, 752520.5 2453841, 752494.3 2453841, 752468.1 2453841, 752442 2453843, 752416.1 2453847, 752390.3 2453852, 752364.9 2453858, 752339.8 2453865, 752315.1 2453874, 752290.9 2453884, 752267.3 2453895, 752244.3 2453908, 752222 2453921, 752200.4 2453936, 752179.6 2453952, 752159.7 2453969, 752140.8 2453987, 752122.7 2454006, 752105.7 2454026, 752089.8 2454047, 752075 2454068, 752061.3 2454091, 752048.8 2454114, 752037.5 2454137, 752027.5 2454161, 752018.8 2454186, 752011.3 2454211, 752005.2 2454237, 752000.5 2454262, 751997 2454288, 751995 2454314, 751994.3 2454341, 751995 2454367, 751997 2454393, 752000.5 2454419, 752005.2 2454445, 752011.3 2454470, 752018.8 2454495, 752027.5 2454520, 752037.5 2454544, 752048.8 2454568, 752061.3 2454591, 752075 2454613, 752089.8 2454634, 752105.7 2454655, 752122.7 2454675, 752140.8 2454694, 752159.7 2454712, 752179.6 2454729, 752200.4 2454745, 752222 2454760, 752244.3 2454774, 752267.3 2454786, 752290.9 2454797, 752315.1 2454807, 752339.8 2454816, 752364.9 2454824, 752390.3 2454830, 752416.1 2454834, 752442 2454838, 752468.1 2454840, 752494.3 2454841, 752520.5 2454840, 752546.6 2454838, 752572.5 2454834, 752598.3 2454830, 752623.7 2454824, 752648.8 2454816, 752673.5 2454807, 752697.7 2454797, 752721.3 2454786, 752744.3 2454774, 752766.6 2454760, 752788.2 2454745, 752809 2454729, 752828.9 2454712, 752847.9 2454694, 752865.9 2454675, 752882.9 2454655, 752898.8 2454634, 752913.6 2454613, 752927.3 2454591, 752939.8 2454568, 752951.1 2454544, 752961.1 2454520, 752969.8 2454495, 752977.3 2454470, 752983.4 2454445, 752988.1 2454419, 752991.6 2454393, 752993.6 2454367, 752994.3 2454341))"
41,20260550,Forest,3542,11.643287154175853,2.4648552864737154,1,Dai,土葬,无,1,0,0,77,433.7764682224992,416.9824168955499,872.93792724609375,10.330180168151855,267.0567995566353,780053.8513183594,0,0.3163566821354207,1,17,0,0,237211.44104003906,0.3040962372522499,1,0,-0.0513459500074891,-0.9986809267317708,8.17244681834278,2.454729803996976,0.9021330984584174,"POLYGON ((753480.2 2454226, 753479.5 2454200, 753477.4 2454174, 753474 2454148, 753469.3 2454122, 753463.1 2454097, 753455.7 2454072, 753447 2454047, 753437 2454023, 753425.7 2453999, 753413.2 2453976, 753399.5 2453954, 753384.7 2453933, 753368.8 2453912, 753351.7 2453892, 753333.7 2453873, 753314.7 2453855, 753294.8 2453838, 753274.1 2453822, 753252.5 2453807, 753230.2 2453793, 753207.2 2453781, 753183.5 2453770, 753159.4 2453760, 753134.7 2453751, 753109.6 2453743, 753084.1 2453737, 753058.4 2453733, 753032.4 2453729, 753006.3 2453727, 752980.2 2453726, 752954 2453727, 752927.9 2453729, 752902 2453733, 752876.2 2453737, 752850.8 2453743, 752825.7 2453751, 752801 2453760, 752776.8 2453770, 752753.2 2453781, 752730.2 2453793, 752707.9 2453807, 752686.3 2453822, 752665.5 2453838, 752645.6 2453855, 752626.6 2453873, 752608.6 2453892, 752591.6 2453912, 752575.7 2453933, 752560.8 2453954, 752547.2 2453976, 752534.7 2453999, 752523.4 2454023, 752513.4 2454047, 752504.6 2454072, 752497.2 2454097, 752491.1 2454122, 752486.3 2454148, 752482.9 2454174, 752480.9 2454200, 752480.2 2454226, 752480.9 2454253, 752482.9 2454279, 752486.3 2454305, 752491.1 2454330, 752497.2 2454356, 752504.6 2454381, 752513.4 2454406, 752523.4 2454430, 752534.7 2454453, 752547.2 2454476, 752560.8 2454499, 752575.7 2454520, 752591.6 2454541, 752608.6 2454561, 752626.6 2454580, 752645.6 2454598, 752665.5 2454615, 752686.3 2454631, 752707.9 2454646, 752730.2 2454659, 752753.2 2454672, 752776.8 2454683, 752801 2454693, 752825.7 2454702, 752850.8 2454709, 752876.2 2454715, 752902 2454720, 752927.9 2454724, 752954 2454726, 752980.2 2454726, 753006.3 2454726, 753032.4 2454724, 753058.4 2454720, 753084.1 2454715, 753109.6 2454709, 753134.7 2454702, 753159.4 2454693, 753183.5 2454683, 753207.2 2454672, 753230.2 2454659, 753252.5 2454646, 753274.1 2454631, 753294.8 2454615, 753314.7 2454598, 753333.7 2454580, 753351.7 2454561, 753368.8 2454541, 753384.7 2454520, 753399.5 2454499, 753413.2 2454476, 753425.7 2454453, 753437 2454430, 753447 2454406, 753455.7 2454381, 753463.1 2454356, 753469.3 2454330, 753474 2454305, 753477.4 2454279, 753479.5 2454253, 753480.2 2454226))"
41,20260550,Forest,3542,11.643287154175853,2.4648552864737154,1,Dai,土葬,无,1,0,0,78,72.09149067191645,80.32751421141982,904.334716796875,11.073243141174316,234.05103048521045,500664.88037109375,59976.507568359375,0.565689303162685,1,18,0,0,900,0.0017976096093117583,1,0,-0.5870644682806904,-0.809540184353013,8.17244681834278,2.454729803996976,0.9021330984584174,"POLYGON ((753724.8 2456014, 753724.1 2455988, 753722 2455962, 753718.6 2455936, 753713.9 2455910, 753707.7 2455885, 753700.3 2455860, 753691.6 2455835, 753681.5 2455811, 753670.3 2455787, 753657.8 2455764, 753644.1 2455742, 753629.3 2455720, 753613.4 2455700, 753596.3 2455680, 753578.3 2455661, 753559.3 2455643, 753539.4 2455626, 753518.7 2455610, 753497.1 2455595, 753474.8 2455581, 753451.8 2455569, 753428.1 2455558, 753404 2455548, 753379.3 2455539, 753354.2 2455531, 753328.7 2455525, 753303 2455521, 753277 2455517, 753250.9 2455515, 753224.8 2455514, 753198.6 2455515, 753172.5 2455517, 753146.6 2455521, 753120.8 2455525, 753095.4 2455531, 753070.3 2455539, 753045.6 2455548, 753021.4 2455558, 752997.8 2455569, 752974.8 2455581, 752952.5 2455595, 752930.9 2455610, 752910.1 2455626, 752890.2 2455643, 752871.2 2455661, 752853.2 2455680, 752836.2 2455700, 752820.3 2455720, 752805.4 2455742, 752791.8 2455764, 752779.3 2455787, 752768 2455811, 752758 2455835, 752749.2 2455860, 752741.8 2455885, 752735.7 2455910, 752730.9 2455936, 752727.5 2455962, 752725.5 2455988, 752724.8 2456014, 752725.5 2456041, 752727.5 2456067, 752730.9 2456093, 752735.7 2456118, 752741.8 2456144, 752749.2 2456169, 752758 2456194, 752768 2456218, 752779.3 2456241, 752791.8 2456264, 752805.4 2456287, 752820.3 2456308, 752836.2 2456329, 752853.2 2456349, 752871.2 2456368, 752890.2 2456386, 752910.1 2456403, 752930.9 2456419, 752952.5 2456434, 752974.8 2456447, 752997.8 2456460, 753021.4 2456471, 753045.6 2456481, 753070.3 2456490, 753095.4 2456497, 753120.8 2456503, 753146.6 2456508, 753172.5 2456512, 753198.6 2456514, 753224.8 2456514, 753250.9 2456514, 753277 2456512, 753303 2456508, 753328.7 2456503, 753354.2 2456497, 753379.3 2456490, 753404 2456481, 753428.1 2456471, 753451.8 2456460, 753474.8 2456447, 753497.1 2456434, 753518.7 2456419, 753539.4 2456403, 753559.3 2456386, 753578.3 2456368, 753596.3 2456349, 753613.4 2456329, 753629.3 2456308, 753644.1 2456287, 753657.8 2456264, 753670.3 2456241, 753681.5 2456218, 753691.6 2456194, 753700.3 2456169, 753707.7 2456144, 753713.9 2456118, 753718.6 2456093, 753722 2456067, 753724.1 2456041, 753724.8 2456014))"
41,20260550,Forest,3542,11.643287154175853,2.4648552864737154,1,Dai,土葬,无,1,0,0,80,84.4209693963477,154.1453502531834,857.428466796875,13.916356086730957,263.84553018747454,521767.85888671875,3600,0.4060353963783486,1,19,0,0,29700,0.056921865718923444,1,0,-0.1072093179557504,-0.9942364719439047,8.17244681834278,2.454729803996976,0.9021330984584174,"POLYGON ((754527.1 2452067, 754526.5 2452041, 754524.4 2452015, 754521 2451989, 754516.2 2451963, 754510.1 2451938, 754502.7 2451913, 754493.9 2451888, 754483.9 2451864, 754472.6 2451840, 754460.2 2451817, 754446.5 2451795, 754431.6 2451773, 754415.7 2451752, 754398.7 2451733, 754380.7 2451714, 754361.7 2451696, 754341.8 2451679, 754321 2451663, 754299.5 2451648, 754277.1 2451634, 754254.1 2451622, 754230.5 2451610, 754206.3 2451600, 754181.6 2451592, 754156.6 2451584, 754131.1 2451578, 754105.4 2451573, 754079.4 2451570, 754053.3 2451568, 754027.1 2451567, 754001 2451568, 753974.9 2451570, 753948.9 2451573, 753923.2 2451578, 753897.7 2451584, 753872.6 2451592, 753848 2451600, 753823.8 2451610, 753800.1 2451622, 753777.1 2451634, 753754.8 2451648, 753733.2 2451663, 753712.5 2451679, 753692.6 2451696, 753673.6 2451714, 753655.6 2451733, 753638.6 2451752, 753622.6 2451773, 753607.8 2451795, 753594.1 2451817, 753581.6 2451840, 753570.4 2451864, 753560.4 2451888, 753551.6 2451913, 753544.2 2451938, 753538.1 2451963, 753533.3 2451989, 753529.9 2452015, 753527.8 2452041, 753527.1 2452067, 753527.8 2452093, 753529.9 2452119, 753533.3 2452145, 753538.1 2452171, 753544.2 2452197, 753551.6 2452222, 753560.4 2452246, 753570.4 2452270, 753581.6 2452294, 753594.1 2452317, 753607.8 2452339, 753622.6 2452361, 753638.6 2452382, 753655.6 2452402, 753673.6 2452421, 753692.6 2452439, 753712.5 2452456, 753733.2 2452472, 753754.8 2452486, 753777.1 2452500, 753800.1 2452513, 753823.8 2452524, 753848 2452534, 753872.6 2452543, 753897.7 2452550, 753923.2 2452556, 753948.9 2452561, 753974.9 2452564, 754001 2452566, 754027.1 2452567, 754053.3 2452566, 754079.4 2452564, 754105.4 2452561, 754131.1 2452556, 754156.6 2452550, 754181.6 2452543, 754206.3 2452534, 754230.5 2452524, 754254.1 2452513, 754277.1 2452500, 754299.5 2452486, 754321 2452472, 754341.8 2452456, 754361.7 2452439, 754380.7 2452421, 754398.7 2452402, 754415.7 2452382, 754431.6 2452361, 754446.5 2452339, 754460.2 2452317, 754472.6 2452294, 754483.9 2452270, 754493.9 2452246, 754502.7 2452222, 754510.1 2452197, 754516.2 2452171, 754521 2452145, 754524.4 2452119, 754526.5 2452093, 754527.1 2452067))"
41,20260550,Forest,3542,11.643287154175853,2.4648552864737154,1,Dai,土葬,无,1,0,0,81,420.0890802681609,790.1507147557667,909.49298095703125,13.263842582702637,120.10274814235932,645823.6083984375,0,0.044834758410271354,1,20,0,0,33184.657287597656,0.05138346888539967,1,0,-0.5015522328199188,0.8651273650471091,8.17244681834278,2.454729803996976,0.9021330984584174,"POLYGON ((757228.1 2453011, 757227.4 2452985, 757225.4 2452959, 757222 2452933, 757217.2 2452907, 757211.1 2452882, 757203.6 2452857, 757194.9 2452832, 757184.9 2452808, 757173.6 2452784, 757161.1 2452761, 757147.4 2452739, 757132.6 2452717, 757116.7 2452696, 757099.7 2452676, 757081.7 2452657, 757062.7 2452639, 757042.8 2452622, 757022 2452607, 757000.4 2452592, 756978.1 2452578, 756955.1 2452566, 756931.5 2452554, 756907.3 2452544, 756882.6 2452535, 756857.5 2452528, 756832.1 2452522, 756806.3 2452517, 756780.4 2452514, 756754.3 2452512, 756728.1 2452511, 756701.9 2452512, 756675.8 2452514, 756649.9 2452517, 756624.2 2452522, 756598.7 2452528, 756573.6 2452535, 756548.9 2452544, 756524.7 2452554, 756501.1 2452566, 756478.1 2452578, 756455.8 2452592, 756434.2 2452607, 756413.4 2452622, 756393.5 2452639, 756374.6 2452657, 756356.5 2452676, 756339.5 2452696, 756323.6 2452717, 756308.8 2452739, 756295.1 2452761, 756282.6 2452784, 756271.3 2452808, 756261.3 2452832, 756252.6 2452857, 756245.1 2452882, 756239 2452907, 756234.3 2452933, 756230.8 2452959, 756228.8 2452985, 756228.1 2453011, 756228.8 2453037, 756230.8 2453063, 756234.3 2453089, 756239 2453115, 756245.1 2453140, 756252.6 2453166, 756261.3 2453190, 756271.3 2453214, 756282.6 2453238, 756295.1 2453261, 756308.8 2453283, 756323.6 2453305, 756339.5 2453326, 756356.5 2453346, 756374.6 2453365, 756393.5 2453383, 756413.4 2453400, 756434.2 2453416, 756455.8 2453430, 756478.1 2453444, 756501.1 2453457, 756524.7 2453468, 756548.9 2453478, 756573.6 2453487, 756598.7 2453494, 756624.2 2453500, 756649.9 2453505, 756675.8 2453508, 756701.9 2453510, 756728.1 2453511, 756754.3 2453510, 756780.4 2453508, 756806.3 2453505, 756832.1 2453500, 756857.5 2453494, 756882.6 2453487, 756907.3 2453478, 756931.5 2453468, 756955.1 2453457, 756978.1 2453444, 757000.4 2453430, 757022 2453416, 757042.8 2453400, 757062.7 2453383, 757081.7 2453365, 757099.7 2453346, 757116.7 2453326, 757132.6 2453305, 757147.4 2453283, 757161.1 2453261, 757173.6 2453238, 757184.9 2453214, 757194.9 2453190, 757203.6 2453166, 757211.1 2453140, 757217.2 2453115, 757222 2453089, 757225.4 2453063, 757227.4 2453037, 757228.1 2453011))"
41,20260550,Forest,3542,11.643287154175853,2.4648552864737154,1,Dai,土葬,无,1,0,0,82,125.09308197873946,1680.1614556204274,879.87567138671875,15.403631210327148,141.7866468487795,505463.7634277344,0,0.01037698960059038,1,21,0,0,13161.227130889893,0.02603792414640924,1,0,-0.7857127477667355,0.6185915275824962,8.17244681834278,2.454729803996976,0.9021330984584174,"POLYGON ((756396.1 2452570, 756395.5 2452544, 756393.4 2452518, 756390 2452492, 756385.2 2452466, 756379.1 2452440, 756371.7 2452415, 756362.9 2452391, 756352.9 2452367, 756341.6 2452343, 756329.2 2452320, 756315.5 2452298, 756300.6 2452276, 756284.7 2452255, 756267.7 2452235, 756249.7 2452216, 756230.7 2452198, 756210.8 2452181, 756190 2452165, 756168.5 2452151, 756146.1 2452137, 756123.1 2452124, 756099.5 2452113, 756075.3 2452103, 756050.6 2452094, 756025.5 2452087, 756000.1 2452081, 755974.4 2452076, 755948.4 2452073, 755922.3 2452071, 755896.1 2452070, 755870 2452071, 755843.9 2452073, 755817.9 2452076, 755792.2 2452081, 755766.7 2452087, 755741.6 2452094, 755717 2452103, 755692.8 2452113, 755669.1 2452124, 755646.1 2452137, 755623.8 2452151, 755602.2 2452165, 755581.5 2452181, 755561.6 2452198, 755542.6 2452216, 755524.6 2452235, 755507.6 2452255, 755491.6 2452276, 755476.8 2452298, 755463.1 2452320, 755450.6 2452343, 755439.4 2452367, 755429.3 2452391, 755420.6 2452415, 755413.2 2452440, 755407.1 2452466, 755402.3 2452492, 755398.9 2452518, 755396.8 2452544, 755396.1 2452570, 755396.8 2452596, 755398.9 2452622, 755402.3 2452648, 755407.1 2452674, 755413.2 2452699, 755420.6 2452724, 755429.3 2452749, 755439.4 2452773, 755450.6 2452797, 755463.1 2452820, 755476.8 2452842, 755491.6 2452864, 755507.6 2452885, 755524.6 2452904, 755542.6 2452923, 755561.6 2452941, 755581.5 2452958, 755602.2 2452974, 755623.8 2452989, 755646.1 2453003, 755669.1 2453015, 755692.8 2453027, 755717 2453037, 755741.6 2453045, 755766.7 2453053, 755792.2 2453059, 755817.9 2453064, 755843.9 2453067, 755870 2453069, 755896.1 2453070, 755922.3 2453069, 755948.4 2453067, 755974.4 2453064, 756000.1 2453059, 756025.5 2453053, 756050.6 2453045, 756075.3 2453037, 756099.5 2453027, 756123.1 2453015, 756146.1 2453003, 756168.5 2452989, 756190 2452974, 756210.8 2452958, 756230.7 2452941, 756249.7 2452923, 756267.7 2452904, 756284.7 2452885, 756300.6 2452864, 756315.5 2452842, 756329.2 2452820, 756341.6 2452797, 756352.9 2452773, 756362.9 2452749, 756371.7 2452724, 756379.1 2452699, 756385.2 2452674, 756390 2452648, 756393.4 2452622, 756395.5 2452596, 756396.1 2452570))"
41,20260550,Forest,8648.496240601504,76.27695533538889,1.5257764969580532,1,Dai,土葬,有,1,0,0,85,1008.8662438904462,1376.8589746386494,572.7021484375,7.6623759269714355,192.8042217746055,76500,7200,0.2531732364807425,1,22,5400,0.07058823529411765,0,0,1,0,-0.9751330271083185,-0.2216203497934416,9.065140739795961,4.33437086561193,0.42250345880522394,"POLYGON ((698156 2413099, 698155.3 2413073, 698153.2 2413047, 698149.8 2413021, 698145.1 2412995, 698139 2412969, 698131.5 2412944, 698122.8 2412920, 698112.8 2412896, 698101.5 2412872, 698089 2412849, 698075.3 2412827, 698060.5 2412805, 698044.6 2412784, 698027.6 2412764, 698009.5 2412745, 697990.6 2412727, 697970.6 2412710, 697949.9 2412694, 697928.3 2412680, 697906 2412666, 697883 2412653, 697859.4 2412642, 697835.2 2412632, 697810.5 2412623, 697785.4 2412616, 697759.9 2412610, 697734.2 2412605, 697708.3 2412602, 697682.2 2412600, 697656 2412599, 697629.8 2412600, 697603.7 2412602, 697577.8 2412605, 697552 2412610, 697526.6 2412616, 697501.5 2412623, 697476.8 2412632, 697452.6 2412642, 697429 2412653, 697406 2412666, 697383.7 2412680, 697362.1 2412694, 697341.3 2412710, 697321.4 2412727, 697302.4 2412745, 697284.4 2412764, 697267.4 2412784, 697251.5 2412805, 697236.7 2412827, 697223 2412849, 697210.5 2412872, 697199.2 2412896, 697189.2 2412920, 697180.5 2412944, 697173 2412969, 697166.9 2412995, 697162.1 2413021, 697158.7 2413047, 697156.7 2413073, 697156 2413099, 697156.7 2413125, 697158.7 2413151, 697162.1 2413177, 697166.9 2413203, 697173 2413228, 697180.5 2413253, 697189.2 2413278, 697199.2 2413302, 697210.5 2413326, 697223 2413349, 697236.7 2413371, 697251.5 2413393, 697267.4 2413414, 697284.4 2413433, 697302.4 2413452, 697321.4 2413470, 697341.3 2413487, 697362.1 2413503, 697383.7 2413518, 697406 2413532, 697429 2413544, 697452.6 2413556, 697476.8 2413566, 697501.5 2413574, 697526.6 2413582, 697552 2413588, 697577.8 2413593, 697603.7 2413596, 697629.8 2413598, 697656 2413599, 697682.2 2413598, 697708.3 2413596, 697734.2 2413593, 697759.9 2413588, 697785.4 2413582, 697810.5 2413574, 697835.2 2413566, 697859.4 2413556, 697883 2413544, 697906 2413532, 697928.3 2413518, 697949.9 2413503, 697970.6 2413487, 697990.6 2413470, 698009.5 2413452, 698027.6 2413433, 698044.6 2413414, 698060.5 2413393, 698075.3 2413371, 698089 2413349, 698101.5 2413326, 698112.8 2413302, 698122.8 2413278, 698131.5 2413253, 698139 2413228, 698145.1 2413203, 698149.8 2413177, 698153.2 2413151, 698155.3 2413125, 698156 2413099))"
41,20260550,Forest,8648.496240601504,76.27695533538889,1.5257764969580532,1,Dai,火葬,有,1,0,0,94,1376.8641246322459,1537.2278027085592,576.19000244140625,6.143325328826904,99.62072776196457,12600,18824.27158355713,0.08361229427717119,1,23,12600,1,0,0,1,0,-0.16712543730681143,0.985935641005541,9.065140739795961,4.33437086561193,0.42250345880522394,"POLYGON ((697636.8 2413759, 697636.1 2413733, 697634 2413707, 697630.6 2413681, 697625.9 2413655, 697619.7 2413630, 697612.3 2413605, 697603.6 2413580, 697593.6 2413556, 697582.3 2413532, 697569.8 2413509, 697556.1 2413487, 697541.3 2413465, 697525.4 2413444, 697508.4 2413425, 697490.3 2413406, 697471.3 2413387, 697451.4 2413370, 697430.7 2413355, 697409.1 2413340, 697386.8 2413326, 697363.8 2413314, 697340.2 2413302, 697316 2413292, 697291.3 2413284, 697266.2 2413276, 697240.7 2413270, 697215 2413265, 697189 2413262, 697163 2413260, 697136.8 2413259, 697110.6 2413260, 697084.5 2413262, 697058.6 2413265, 697032.8 2413270, 697007.4 2413276, 696982.3 2413284, 696957.6 2413292, 696933.4 2413302, 696909.8 2413314, 696886.8 2413326, 696864.5 2413340, 696842.9 2413355, 696822.1 2413370, 696802.2 2413387, 696783.2 2413406, 696765.2 2413425, 696748.2 2413444, 696732.3 2413465, 696717.4 2413487, 696703.8 2413509, 696691.3 2413532, 696680 2413556, 696670 2413580, 696661.3 2413605, 696653.8 2413630, 696647.7 2413655, 696642.9 2413681, 696639.5 2413707, 696637.5 2413733, 696636.8 2413759, 696637.5 2413785, 696639.5 2413811, 696642.9 2413837, 696647.7 2413863, 696653.8 2413888, 696661.3 2413914, 696670 2413938, 696680 2413962, 696691.3 2413986, 696703.8 2414009, 696717.4 2414031, 696732.3 2414053, 696748.2 2414074, 696765.2 2414094, 696783.2 2414113, 696802.2 2414131, 696822.1 2414148, 696842.9 2414164, 696864.5 2414178, 696886.8 2414192, 696909.8 2414205, 696933.4 2414216, 696957.6 2414226, 696982.3 2414235, 697007.4 2414242, 697032.8 2414248, 697058.6 2414253, 697084.5 2414256, 697110.6 2414258, 697136.8 2414259, 697163 2414258, 697189 2414256, 697215 2414253, 697240.7 2414248, 697266.2 2414242, 697291.3 2414235, 697316 2414226, 697340.2 2414216, 697363.8 2414205, 697386.8 2414192, 697409.1 2414178, 697430.7 2414164, 697451.4 2414148, 697471.3 2414131, 697490.3 2414113, 697508.4 2414094, 697525.4 2414074, 697541.3 2414053, 697556.1 2414031, 697569.8 2414009, 697582.3 2413986, 697593.6 2413962, 697603.6 2413938, 697612.3 2413914, 697619.7 2413888, 697625.9 2413863, 697630.6 2413837, 697634 2413811, 697636.1 2413785, 697636.8 2413759))"
41,20260550,Forest,5152.0093185789165,31.010082017237615,3.867597133157299,1,Dai,土葬,无,1,0,0,96,373.91600558889,701.6847889189124,910.01971435546875,3.268373727798462,234.8359952898836,162701.65557861328,0,0.5862178136891527,1,24,110444.56787109375,0.6788164968470758,13219.853782653809,0.08125211593969499,1,0,-0.5759188423433167,-0.8175068727747393,8.547142076512934,3.4343123779730202,1.3526334183810655,"POLYGON ((683077.2 2486081, 683076.5 2486055, 683074.5 2486029, 683071 2486003, 683066.3 2485977, 683060.2 2485952, 683052.7 2485927, 683044 2485902, 683034 2485878, 683022.7 2485854, 683010.2 2485831, 682996.5 2485809, 682981.7 2485787, 682965.8 2485767, 682948.8 2485747, 682930.8 2485728, 682911.8 2485710, 682891.9 2485693, 682871.1 2485677, 682849.5 2485662, 682827.2 2485648, 682804.2 2485636, 682780.6 2485624, 682756.4 2485614, 682731.7 2485606, 682706.6 2485598, 682681.2 2485592, 682655.4 2485587, 682629.5 2485584, 682603.4 2485582, 682577.2 2485581, 682551 2485582, 682524.9 2485584, 682499 2485587, 682473.2 2485592, 682447.8 2485598, 682422.7 2485606, 682398 2485614, 682373.8 2485624, 682350.2 2485636, 682327.2 2485648, 682304.9 2485662, 682283.3 2485677, 682262.5 2485693, 682242.6 2485710, 682223.6 2485728, 682205.6 2485747, 682188.6 2485767, 682172.7 2485787, 682157.9 2485809, 682144.2 2485831, 682131.7 2485854, 682120.4 2485878, 682110.4 2485902, 682101.7 2485927, 682094.2 2485952, 682088.1 2485977, 682083.4 2486003, 682079.9 2486029, 682077.9 2486055, 682077.2 2486081, 682077.9 2486107, 682079.9 2486133, 682083.4 2486159, 682088.1 2486185, 682094.2 2486211, 682101.7 2486236, 682110.4 2486260, 682120.4 2486285, 682131.7 2486308, 682144.2 2486331, 682157.9 2486353, 682172.7 2486375, 682188.6 2486396, 682205.6 2486416, 682223.6 2486435, 682242.6 2486453, 682262.5 2486470, 682283.3 2486486, 682304.9 2486501, 682327.2 2486514, 682350.2 2486527, 682373.8 2486538, 682398 2486548, 682422.7 2486557, 682447.8 2486564, 682473.2 2486570, 682499 2486575, 682524.9 2486578, 682551 2486580, 682577.2 2486581, 682603.4 2486580, 682629.5 2486578, 682655.4 2486575, 682681.2 2486570, 682706.6 2486564, 682731.7 2486557, 682756.4 2486548, 682780.6 2486538, 682804.2 2486527, 682827.2 2486514, 682849.5 2486501, 682871.1 2486486, 682891.9 2486470, 682911.8 2486453, 682930.8 2486435, 682948.8 2486416, 682965.8 2486396, 682981.7 2486375, 682996.5 2486353, 683010.2 2486331, 683022.7 2486308, 683034 2486285, 683044 2486260, 683052.7 2486236, 683060.2 2486211, 683066.3 2486185, 683071 2486159, 683074.5 2486133, 683076.5 2486107, 683077.2 2486081))"
41,20260550,Forest,5152.0093185789165,31.010082017237615,3.867597133157299,1,Dai,土葬,无,1,0,0,101,228.1249018897569,1119.207198651061,960.791259765625,6.993250370025635,226.22311840602444,657253.67431640625,0,0.17524420817120406,1,27,311686.962890625,0.47422627680979207,78536.57684326172,0.11949203163443053,1,0,-0.6918518928391604,-0.7220394437805119,8.547142076512934,3.4343123779730202,1.3526334183810655,"POLYGON ((685615 2486201, 685614.3 2486175, 685612.2 2486149, 685608.8 2486123, 685604.1 2486098, 685597.9 2486072, 685590.5 2486047, 685581.8 2486022, 685571.7 2485998, 685560.5 2485974, 685548 2485951, 685534.3 2485929, 685519.5 2485908, 685503.5 2485887, 685486.5 2485867, 685468.5 2485848, 685449.5 2485830, 685429.6 2485813, 685408.9 2485797, 685387.3 2485782, 685365 2485768, 685342 2485756, 685318.3 2485745, 685294.2 2485735, 685269.5 2485726, 685244.4 2485719, 685218.9 2485712, 685193.2 2485708, 685167.2 2485704, 685141.1 2485702, 685115 2485701, 685088.8 2485702, 685062.7 2485704, 685036.8 2485708, 685011 2485712, 684985.6 2485719, 684960.5 2485726, 684935.8 2485735, 684911.6 2485745, 684888 2485756, 684865 2485768, 684842.7 2485782, 684821.1 2485797, 684800.3 2485813, 684780.4 2485830, 684761.4 2485848, 684743.4 2485867, 684726.4 2485887, 684710.5 2485908, 684695.6 2485929, 684682 2485951, 684669.5 2485974, 684658.2 2485998, 684648.2 2486022, 684639.4 2486047, 684632 2486072, 684625.9 2486098, 684621.1 2486123, 684617.7 2486149, 684615.7 2486175, 684615 2486201, 684615.7 2486228, 684617.7 2486254, 684621.1 2486280, 684625.9 2486305, 684632 2486331, 684639.4 2486356, 684648.2 2486381, 684658.2 2486405, 684669.5 2486428, 684682 2486451, 684695.6 2486474, 684710.5 2486495, 684726.4 2486516, 684743.4 2486536, 684761.4 2486555, 684780.4 2486573, 684800.3 2486590, 684821.1 2486606, 684842.7 2486621, 684865 2486634, 684888 2486647, 684911.6 2486658, 684935.8 2486668, 684960.5 2486677, 684985.6 2486684, 685011 2486691, 685036.8 2486695, 685062.7 2486699, 685088.8 2486701, 685115 2486701, 685141.1 2486701, 685167.2 2486699, 685193.2 2486695, 685218.9 2486691, 685244.4 2486684, 685269.5 2486677, 685294.2 2486668, 685318.3 2486658, 685342 2486647, 685365 2486634, 685387.3 2486621, 685408.9 2486606, 685429.6 2486590, 685449.5 2486573, 685468.5 2486555, 685486.5 2486536, 685503.5 2486516, 685519.5 2486495, 685534.3 2486474, 685548 2486451, 685560.5 2486428, 685571.7 2486405, 685581.8 2486381, 685590.5 2486356, 685597.9 2486331, 685604.1 2486305, 685608.8 2486280, 685612.2 2486254, 685614.3 2486228, 685615 2486201))"
41,20260550,Forest,5152.0093185789165,31.010082017237615,3.867597133157299,1,Dai,土葬,无,1,0,0,104,369.84839221074515,825.7193840604237,941.459716796875,7.661356449127197,198.17679934876242,599880.3771972656,0,0.2152199408550652,1,28,230155.26580810547,0.38366860220270355,28691.05682373047,0.04782796356463525,1,0,-0.9500984467160521,-0.31195022286856106,8.547142076512934,3.4343123779730202,1.3526334183810655,"POLYGON ((684836.9 2487518, 684836.2 2487492, 684834.2 2487466, 684830.8 2487440, 684826 2487414, 684819.9 2487388, 684812.5 2487363, 684803.7 2487339, 684793.7 2487314, 684782.4 2487291, 684769.9 2487268, 684756.3 2487245, 684741.4 2487224, 684725.5 2487203, 684708.5 2487183, 684690.5 2487164, 684671.5 2487146, 684651.6 2487129, 684630.8 2487113, 684609.3 2487098, 684586.9 2487085, 684563.9 2487072, 684540.3 2487061, 684516.1 2487051, 684491.4 2487042, 684466.3 2487035, 684440.9 2487029, 684415.2 2487024, 684389.2 2487021, 684363.1 2487018, 684336.9 2487018, 684310.8 2487018, 684284.7 2487021, 684258.7 2487024, 684233 2487029, 684207.5 2487035, 684182.4 2487042, 684157.8 2487051, 684133.6 2487061, 684109.9 2487072, 684086.9 2487085, 684064.6 2487098, 684043 2487113, 684022.3 2487129, 684002.4 2487146, 683983.4 2487164, 683965.4 2487183, 683948.4 2487203, 683932.4 2487224, 683917.6 2487245, 683903.9 2487268, 683891.4 2487291, 683880.2 2487314, 683870.1 2487339, 683861.4 2487363, 683854 2487388, 683847.9 2487414, 683843.1 2487440, 683839.7 2487466, 683837.6 2487492, 683836.9 2487518, 683837.6 2487544, 683839.7 2487570, 683843.1 2487596, 683847.9 2487622, 683854 2487647, 683861.4 2487672, 683870.1 2487697, 683880.2 2487721, 683891.4 2487745, 683903.9 2487768, 683917.6 2487790, 683932.4 2487812, 683948.4 2487832, 683965.4 2487852, 683983.4 2487871, 684002.4 2487889, 684022.3 2487906, 684043 2487922, 684064.6 2487937, 684086.9 2487951, 684109.9 2487963, 684133.6 2487975, 684157.8 2487985, 684182.4 2487993, 684207.5 2488001, 684233 2488007, 684258.7 2488012, 684284.7 2488015, 684310.8 2488017, 684336.9 2488018, 684363.1 2488017, 684389.2 2488015, 684415.2 2488012, 684440.9 2488007, 684466.3 2488001, 684491.4 2487993, 684516.1 2487985, 684540.3 2487975, 684563.9 2487963, 684586.9 2487951, 684609.3 2487937, 684630.8 2487922, 684651.6 2487906, 684671.5 2487889, 684690.5 2487871, 684708.5 2487852, 684725.5 2487832, 684741.4 2487812, 684756.3 2487790, 684769.9 2487768, 684782.4 2487745, 684793.7 2487721, 684803.7 2487697, 684812.5 2487672, 684819.9 2487647, 684826 2487622, 684830.8 2487596, 684834.2 2487570, 684836.2 2487544, 684836.9 2487518))"
41,20260550,Forest,5152.0093185789165,31.010082017237615,3.867597133157299,1,Dai,土葬,无,1,0,0,105,659.1089449434361,728.5630109429757,947.1767578125,6.015493392944336,86.6597040627946,580413.1530761719,0,0.11827980595953957,1,29,269119.775390625,0.4636693258316054,22838.9591217041,0.03934948579414219,1,0,0.05826614324971921,0.998301085119516,8.547142076512934,3.4343123779730202,1.3526334183810655,"POLYGON ((683568.5 2487868, 683567.9 2487842, 683565.8 2487816, 683562.4 2487790, 683557.6 2487765, 683551.5 2487739, 683544.1 2487714, 683535.3 2487689, 683525.3 2487665, 683514 2487641, 683501.6 2487618, 683487.9 2487596, 683473 2487575, 683457.1 2487554, 683440.1 2487534, 683422.1 2487515, 683403.1 2487497, 683383.2 2487480, 683362.4 2487464, 683340.9 2487449, 683318.5 2487435, 683295.5 2487423, 683271.9 2487412, 683247.7 2487402, 683223 2487393, 683198 2487386, 683172.5 2487379, 683146.8 2487375, 683120.8 2487371, 683094.7 2487369, 683068.5 2487368, 683042.4 2487369, 683016.3 2487371, 682990.3 2487375, 682964.6 2487379, 682939.1 2487386, 682914 2487393, 682889.4 2487402, 682865.2 2487412, 682841.5 2487423, 682818.5 2487435, 682796.2 2487449, 682774.6 2487464, 682753.9 2487480, 682734 2487497, 682715 2487515, 682697 2487534, 682680 2487554, 682664 2487575, 682649.2 2487596, 682635.5 2487618, 682623 2487641, 682611.8 2487665, 682601.8 2487689, 682593 2487714, 682585.6 2487739, 682579.5 2487765, 682574.7 2487790, 682571.3 2487816, 682569.2 2487842, 682568.5 2487868, 682569.2 2487895, 682571.3 2487921, 682574.7 2487947, 682579.5 2487972, 682585.6 2487998, 682593 2488023, 682601.8 2488048, 682611.8 2488072, 682623 2488095, 682635.5 2488118, 682649.2 2488141, 682664 2488162, 682680 2488183, 682697 2488203, 682715 2488222, 682734 2488240, 682753.9 2488257, 682774.6 2488273, 682796.2 2488288, 682818.5 2488301, 682841.5 2488314, 682865.2 2488325, 682889.4 2488335, 682914 2488344, 682939.1 2488351, 682964.6 2488358, 682990.3 2488362, 683016.3 2488366, 683042.4 2488368, 683068.5 2488368, 683094.7 2488368, 683120.8 2488366, 683146.8 2488362, 683172.5 2488358, 683198 2488351, 683223 2488344, 683247.7 2488335, 683271.9 2488325, 683295.5 2488314, 683318.5 2488301, 683340.9 2488288, 683362.4 2488273, 683383.2 2488257, 683403.1 2488240, 683422.1 2488222, 683440.1 2488203, 683457.1 2488183, 683473 2488162, 683487.9 2488141, 683501.6 2488118, 683514 2488095, 683525.3 2488072, 683535.3 2488048, 683544.1 2488023, 683551.5 2487998, 683557.6 2487972, 683562.4 2487947, 683565.8 2487921, 683567.9 2487895, 683568.5 2487868))"
41,20260550,Forest,5152.0093185789165,31.010082017237615,3.867597133157299,1,Dai,土葬,无,1,0,0,109,62.052950401779,852.5163249736709,910.11907958984375,3.4218924045562744,195.24173915675544,365418.9514160156,0,0.6129480530179187,1,30,286820.947265625,0.7849098853635815,53546.18225097656,0.1465336760545193,1,0,-0.9648252373556406,-0.26289210973635513,8.547142076512934,3.4343123779730202,1.3526334183810655,"POLYGON ((684374.6 2484675, 684373.9 2484649, 684371.9 2484622, 684368.5 2484596, 684363.7 2484571, 684357.6 2484545, 684350.2 2484520, 684341.4 2484495, 684331.4 2484471, 684320.1 2484448, 684307.6 2484425, 684294 2484402, 684279.1 2484381, 684263.2 2484360, 684246.2 2484340, 684228.2 2484321, 684209.2 2484303, 684189.3 2484286, 684168.5 2484270, 684147 2484255, 684124.6 2484242, 684101.6 2484229, 684078 2484218, 684053.8 2484208, 684029.1 2484199, 684004 2484192, 683978.6 2484186, 683952.9 2484181, 683926.9 2484177, 683900.8 2484175, 683874.6 2484175, 683848.5 2484175, 683822.4 2484177, 683796.4 2484181, 683770.7 2484186, 683745.2 2484192, 683720.1 2484199, 683695.4 2484208, 683671.3 2484218, 683647.6 2484229, 683624.6 2484242, 683602.3 2484255, 683580.7 2484270, 683560 2484286, 683540.1 2484303, 683521.1 2484321, 683503.1 2484340, 683486.1 2484360, 683470.1 2484381, 683455.3 2484402, 683441.6 2484425, 683429.1 2484448, 683417.9 2484471, 683407.8 2484495, 683399.1 2484520, 683391.7 2484545, 683385.6 2484571, 683380.8 2484596, 683377.4 2484622, 683375.3 2484649, 683374.6 2484675, 683375.3 2484701, 683377.4 2484727, 683380.8 2484753, 683385.6 2484779, 683391.7 2484804, 683399.1 2484829, 683407.8 2484854, 683417.9 2484878, 683429.1 2484902, 683441.6 2484925, 683455.3 2484947, 683470.1 2484969, 683486.1 2484989, 683503.1 2485009, 683521.1 2485028, 683540.1 2485046, 683560 2485063, 683580.7 2485079, 683602.3 2485094, 683624.6 2485108, 683647.6 2485120, 683671.3 2485131, 683695.4 2485141, 683720.1 2485150, 683745.2 2485158, 683770.7 2485164, 683796.4 2485169, 683822.4 2485172, 683848.5 2485174, 683874.6 2485175, 683900.8 2485174, 683926.9 2485172, 683952.9 2485169, 683978.6 2485164, 684004 2485158, 684029.1 2485150, 684053.8 2485141, 684078 2485131, 684101.6 2485120, 684124.6 2485108, 684147 2485094, 684168.5 2485079, 684189.3 2485063, 684209.2 2485046, 684228.2 2485028, 684246.2 2485009, 684263.2 2484989, 684279.1 2484969, 684294 2484947, 684307.6 2484925, 684320.1 2484902, 684331.4 2484878, 684341.4 2484854, 684350.2 2484829, 684357.6 2484804, 684363.7 2484779, 684368.5 2484753, 684371.9 2484727, 684373.9 2484701, 684374.6 2484675))"
41,20260550,Forest,3230,21.909102328849816,1.4846071044133478,1,Dai,土葬,无,1,0,0,116,32.728747034729025,1009.6455535861922,714.51983642578125,7.234174728393555,184.22444827676313,785039.3371582031,0,0.6236864233959647,1,32,142913.6444091797,0.18204647543716573,292959.0087890625,0.37317748923201366,1,0,-0.997283135479192,-0.07366374745281075,8.080237416216702,3.0869021819259577,0.3951501610955902,"POLYGON ((752571.7 2425555, 752571 2425528, 752568.9 2425502, 752565.5 2425476, 752560.8 2425451, 752554.6 2425425, 752547.2 2425400, 752538.5 2425375, 752528.5 2425351, 752517.2 2425328, 752504.7 2425305, 752491 2425282, 752476.2 2425261, 752460.3 2425240, 752443.3 2425220, 752425.2 2425201, 752406.2 2425183, 752386.3 2425166, 752365.6 2425150, 752344 2425135, 752321.7 2425122, 752298.7 2425109, 752275 2425098, 752250.9 2425088, 752226.2 2425079, 752201.1 2425072, 752175.6 2425065, 752149.9 2425061, 752123.9 2425057, 752097.8 2425055, 752071.7 2425055, 752045.5 2425055, 752019.4 2425057, 751993.5 2425061, 751967.7 2425065, 751942.3 2425072, 751917.2 2425079, 751892.5 2425088, 751868.3 2425098, 751844.7 2425109, 751821.7 2425122, 751799.4 2425135, 751777.8 2425150, 751757 2425166, 751737.1 2425183, 751718.1 2425201, 751700.1 2425220, 751683.1 2425240, 751667.2 2425261, 751652.3 2425282, 751638.7 2425305, 751626.2 2425328, 751614.9 2425351, 751604.9 2425375, 751596.2 2425400, 751588.7 2425425, 751582.6 2425451, 751577.8 2425476, 751574.4 2425502, 751572.4 2425528, 751571.7 2425555, 751572.4 2425581, 751574.4 2425607, 751577.8 2425633, 751582.6 2425658, 751588.7 2425684, 751596.2 2425709, 751604.9 2425734, 751614.9 2425758, 751626.2 2425782, 751638.7 2425805, 751652.3 2425827, 751667.2 2425848, 751683.1 2425869, 751700.1 2425889, 751718.1 2425908, 751737.1 2425926, 751757 2425943, 751777.8 2425959, 751799.4 2425974, 751821.7 2425988, 751844.7 2426000, 751868.3 2426011, 751892.5 2426021, 751917.2 2426030, 751942.3 2426037, 751967.7 2426044, 751993.5 2426048, 752019.4 2426052, 752045.5 2426054, 752071.7 2426055, 752097.8 2426054, 752123.9 2426052, 752149.9 2426048, 752175.6 2426044, 752201.1 2426037, 752226.2 2426030, 752250.9 2426021, 752275 2426011, 752298.7 2426000, 752321.7 2425988, 752344 2425974, 752365.6 2425959, 752386.3 2425943, 752406.2 2425926, 752425.2 2425908, 752443.3 2425889, 752460.3 2425869, 752476.2 2425848, 752491 2425827, 752504.7 2425805, 752517.2 2425782, 752528.5 2425758, 752538.5 2425734, 752547.2 2425709, 752554.6 2425684, 752560.8 2425658, 752565.5 2425633, 752568.9 2425607, 752571 2425581, 752571.7 2425555))"
41,20260550,Forest,5465,23.428444351802323,2.060169070114371,1,Dai,土葬,无,1,0,0,125,131.1099992659472,329.5848520169167,614.95068359375,16.547378540039062,273.3410148053489,15818.345260620117,67983.39157104492,0.5301112666549851,1,33,14018.346118927002,0.8862081265747672,1800,0.11379192768545221,1,0,0.0582786685454919,-0.9983003539980163,8.60611940061064,3.1539508547457378,0.7227880523047497,"POLYGON ((745618.6 2421391, 745617.9 2421364, 745615.8 2421338, 745612.4 2421312, 745607.6 2421287, 745601.5 2421261, 745594.1 2421236, 745585.4 2421211, 745575.3 2421187, 745564.1 2421164, 745551.6 2421141, 745537.9 2421118, 745523.1 2421097, 745507.1 2421076, 745490.1 2421056, 745472.1 2421037, 745453.1 2421019, 745433.2 2421002, 745412.5 2420986, 745390.9 2420971, 745368.6 2420958, 745345.6 2420945, 745321.9 2420934, 745297.8 2420924, 745273.1 2420915, 745248 2420908, 745222.5 2420902, 745196.8 2420897, 745170.8 2420893, 745144.7 2420891, 745118.6 2420891, 745092.4 2420891, 745066.3 2420893, 745040.4 2420897, 745014.6 2420902, 744989.2 2420908, 744964.1 2420915, 744939.4 2420924, 744915.2 2420934, 744891.6 2420945, 744868.6 2420958, 744846.3 2420971, 744824.7 2420986, 744803.9 2421002, 744784 2421019, 744765 2421037, 744747 2421056, 744730 2421076, 744714.1 2421097, 744699.2 2421118, 744685.6 2421141, 744673.1 2421164, 744661.8 2421187, 744651.8 2421211, 744643 2421236, 744635.6 2421261, 744629.5 2421287, 744624.7 2421312, 744621.3 2421338, 744619.3 2421364, 744618.6 2421391, 744619.3 2421417, 744621.3 2421443, 744624.7 2421469, 744629.5 2421495, 744635.6 2421520, 744643 2421545, 744651.8 2421570, 744661.8 2421594, 744673.1 2421618, 744685.6 2421641, 744699.2 2421663, 744714.1 2421685, 744730 2421705, 744747 2421725, 744765 2421744, 744784 2421762, 744803.9 2421779, 744824.7 2421795, 744846.3 2421810, 744868.6 2421824, 744891.6 2421836, 744915.2 2421847, 744939.4 2421857, 744964.1 2421866, 744989.2 2421874, 745014.6 2421880, 745040.4 2421885, 745066.3 2421888, 745092.4 2421890, 745118.6 2421891, 745144.7 2421890, 745170.8 2421888, 745196.8 2421885, 745222.5 2421880, 745248 2421874, 745273.1 2421866, 745297.8 2421857, 745321.9 2421847, 745345.6 2421836, 745368.6 2421824, 745390.9 2421810, 745412.5 2421795, 745433.2 2421779, 745453.1 2421762, 745472.1 2421744, 745490.1 2421725, 745507.1 2421705, 745523.1 2421685, 745537.9 2421663, 745551.6 2421641, 745564.1 2421618, 745575.3 2421594, 745585.4 2421570, 745594.1 2421545, 745601.5 2421520, 745607.6 2421495, 745612.4 2421469, 745615.8 2421443, 745617.9 2421417, 745618.6 2421391))"
41,20260550,Forest,4472,80.2233765191585,1.6158910329171396,1,Dai,火葬,有,1,0,0,134,808.8577525310783,851.5891022969463,603.6024169921875,9.75855541229248,225.43141331613054,156811.52801513672,55243.556213378906,0.4333128685028606,1,34,53988.72871398926,0.34429055948474546,3600,0.02295749582678959,1,0,-0.7017625679562555,-0.7124109054579681,8.405591014834934,4.384814950196063,0.4798865276998581,"POLYGON ((731786.3 2425527, 731785.6 2425501, 731783.5 2425475, 731780.1 2425449, 731775.4 2425423, 731769.2 2425398, 731761.8 2425373, 731753.1 2425348, 731743.1 2425324, 731731.8 2425300, 731719.3 2425277, 731705.6 2425255, 731690.8 2425234, 731674.9 2425213, 731657.9 2425193, 731639.8 2425174, 731620.9 2425156, 731600.9 2425139, 731580.2 2425123, 731558.6 2425108, 731536.3 2425094, 731513.3 2425082, 731489.7 2425071, 731465.5 2425061, 731440.8 2425052, 731415.7 2425044, 731390.2 2425038, 731364.5 2425034, 731338.6 2425030, 731312.5 2425028, 731286.3 2425027, 731260.1 2425028, 731234 2425030, 731208.1 2425034, 731182.3 2425038, 731156.9 2425044, 731131.8 2425052, 731107.1 2425061, 731082.9 2425071, 731059.3 2425082, 731036.3 2425094, 731014 2425108, 730992.4 2425123, 730971.6 2425139, 730951.7 2425156, 730932.7 2425174, 730914.7 2425193, 730897.7 2425213, 730881.8 2425234, 730867 2425255, 730853.3 2425277, 730840.8 2425300, 730829.5 2425324, 730819.5 2425348, 730810.8 2425373, 730803.3 2425398, 730797.2 2425423, 730792.4 2425449, 730789 2425475, 730787 2425501, 730786.3 2425527, 730787 2425554, 730789 2425580, 730792.4 2425606, 730797.2 2425631, 730803.3 2425657, 730810.8 2425682, 730819.5 2425707, 730829.5 2425731, 730840.8 2425754, 730853.3 2425777, 730867 2425800, 730881.8 2425821, 730897.7 2425842, 730914.7 2425862, 730932.7 2425881, 730951.7 2425899, 730971.6 2425916, 730992.4 2425932, 731014 2425947, 731036.3 2425960, 731059.3 2425973, 731082.9 2425984, 731107.1 2425994, 731131.8 2426003, 731156.9 2426010, 731182.3 2426016, 731208.1 2426021, 731234 2426025, 731260.1 2426027, 731286.3 2426027, 731312.5 2426027, 731338.6 2426025, 731364.5 2426021, 731390.2 2426016, 731415.7 2426010, 731440.8 2426003, 731465.5 2425994, 731489.7 2425984, 731513.3 2425973, 731536.3 2425960, 731558.6 2425947, 731580.2 2425932, 731600.9 2425916, 731620.9 2425899, 731639.8 2425881, 731657.9 2425862, 731674.9 2425842, 731690.8 2425821, 731705.6 2425800, 731719.3 2425777, 731731.8 2425754, 731743.1 2425731, 731753.1 2425707, 731761.8 2425682, 731769.2 2425657, 731775.4 2425631, 731780.1 2425606, 731783.5 2425580, 731785.6 2425554, 731786.3 2425527))"
41,20260550,Forest,4515,22.149829986848378,1.7557289127254998,1,Dai,土葬,无,1,0,0,138,302.78031119932564,548.8884099544822,589.6767578125,13.987273216247559,314.1546532921039,579605.3283691406,0,0.46990577093800096,1,35,160949.99542236328,0.2776889506437681,22000.41904449463,0.03795758590832509,1,0,0.696597486124487,-0.7174621539322092,8.415160465851086,3.0978298209243684,0.5628841055764946,"POLYGON ((736160.6 2421863, 736159.9 2421837, 736157.8 2421811, 736154.4 2421785, 736149.7 2421760, 736143.5 2421734, 736136.1 2421709, 736127.4 2421684, 736117.4 2421660, 736106.1 2421636, 736093.6 2421613, 736079.9 2421591, 736065.1 2421570, 736049.2 2421549, 736032.2 2421529, 736014.1 2421510, 735995.1 2421492, 735975.2 2421475, 735954.5 2421459, 735932.9 2421444, 735910.6 2421430, 735887.6 2421418, 735863.9 2421407, 735839.8 2421397, 735815.1 2421388, 735790 2421381, 735764.5 2421374, 735738.8 2421370, 735712.8 2421366, 735686.7 2421364, 735660.6 2421363, 735634.4 2421364, 735608.3 2421366, 735582.4 2421370, 735556.6 2421374, 735531.2 2421381, 735506.1 2421388, 735481.4 2421397, 735457.2 2421407, 735433.6 2421418, 735410.6 2421430, 735388.3 2421444, 735366.7 2421459, 735345.9 2421475, 735326 2421492, 735307 2421510, 735289 2421529, 735272 2421549, 735256.1 2421570, 735241.2 2421591, 735227.6 2421613, 735215.1 2421636, 735203.8 2421660, 735193.8 2421684, 735185.1 2421709, 735177.6 2421734, 735171.5 2421760, 735166.7 2421785, 735163.3 2421811, 735161.3 2421837, 735160.6 2421863, 735161.3 2421890, 735163.3 2421916, 735166.7 2421942, 735171.5 2421967, 735177.6 2421993, 735185.1 2422018, 735193.8 2422043, 735203.8 2422067, 735215.1 2422090, 735227.6 2422113, 735241.2 2422136, 735256.1 2422157, 735272 2422178, 735289 2422198, 735307 2422217, 735326 2422235, 735345.9 2422252, 735366.7 2422268, 735388.3 2422283, 735410.6 2422296, 735433.6 2422309, 735457.2 2422320, 735481.4 2422330, 735506.1 2422339, 735531.2 2422346, 735556.6 2422353, 735582.4 2422357, 735608.3 2422361, 735634.4 2422363, 735660.6 2422363, 735686.7 2422363, 735712.8 2422361, 735738.8 2422357, 735764.5 2422353, 735790 2422346, 735815.1 2422339, 735839.8 2422330, 735863.9 2422320, 735887.6 2422309, 735910.6 2422296, 735932.9 2422283, 735954.5 2422268, 735975.2 2422252, 735995.1 2422235, 736014.1 2422217, 736032.2 2422198, 736049.2 2422178, 736065.1 2422157, 736079.9 2422136, 736093.6 2422113, 736106.1 2422090, 736117.4 2422067, 736127.4 2422043, 736136.1 2422018, 736143.5 2421993, 736149.7 2421967, 736154.4 2421942, 736157.8 2421916, 736159.9 2421890, 736160.6 2421863))"
41,20260550,Forest,4515,22.149829986848378,1.7557289127254998,1,Dai,火葬,无,1,0,0,139,167.67092450162374,269.2261178303549,602.754150390625,13.53898811340332,7.925387976143548,104786.75308227539,478960.400390625,0.5809683211804649,1,36,35759.76676940918,0.3412622847597128,6901.093769073486,0.06585845601738376,1,0,0.990448463804435,0.13788343101125303,8.415160465851086,3.0978298209243684,0.5628841055764946,"POLYGON ((735125.7 2419255, 735125 2419229, 735122.9 2419203, 735119.5 2419177, 735114.7 2419151, 735108.6 2419125, 735101.2 2419100, 735092.5 2419076, 735082.4 2419051, 735071.2 2419028, 735058.7 2419005, 735045 2418983, 735030.2 2418961, 735014.2 2418940, 734997.2 2418920, 734979.2 2418901, 734960.2 2418883, 734940.3 2418866, 734919.6 2418850, 734898 2418836, 734875.7 2418822, 734852.7 2418809, 734829 2418798, 734804.9 2418788, 734780.2 2418779, 734755.1 2418772, 734729.6 2418766, 734703.9 2418761, 734677.9 2418758, 734651.8 2418756, 734625.7 2418755, 734599.5 2418756, 734573.4 2418758, 734547.5 2418761, 734521.7 2418766, 734496.3 2418772, 734471.2 2418779, 734446.5 2418788, 734422.3 2418798, 734398.7 2418809, 734375.7 2418822, 734353.4 2418836, 734331.8 2418850, 734311 2418866, 734291.1 2418883, 734272.1 2418901, 734254.1 2418920, 734237.1 2418940, 734221.2 2418961, 734206.3 2418983, 734192.7 2419005, 734180.2 2419028, 734168.9 2419051, 734158.9 2419076, 734150.1 2419100, 734142.7 2419125, 734136.6 2419151, 734131.8 2419177, 734128.4 2419203, 734126.4 2419229, 734125.7 2419255, 734126.4 2419281, 734128.4 2419307, 734131.8 2419333, 734136.6 2419359, 734142.7 2419384, 734150.1 2419409, 734158.9 2419434, 734168.9 2419458, 734180.2 2419482, 734192.7 2419505, 734206.3 2419527, 734221.2 2419549, 734237.1 2419570, 734254.1 2419589, 734272.1 2419608, 734291.1 2419626, 734311 2419643, 734331.8 2419659, 734353.4 2419674, 734375.7 2419688, 734398.7 2419700, 734422.3 2419712, 734446.5 2419722, 734471.2 2419730, 734496.3 2419738, 734521.7 2419744, 734547.5 2419749, 734573.4 2419752, 734599.5 2419754, 734625.7 2419755, 734651.8 2419754, 734677.9 2419752, 734703.9 2419749, 734729.6 2419744, 734755.1 2419738, 734780.2 2419730, 734804.9 2419722, 734829 2419712, 734852.7 2419700, 734875.7 2419688, 734898 2419674, 734919.6 2419659, 734940.3 2419643, 734960.2 2419626, 734979.2 2419608, 734997.2 2419589, 735014.2 2419570, 735030.2 2419549, 735045 2419527, 735058.7 2419505, 735071.2 2419482, 735082.4 2419458, 735092.5 2419434, 735101.2 2419409, 735108.6 2419384, 735114.7 2419359, 735119.5 2419333, 735122.9 2419307, 735125 2419281, 735125.7 2419255))"
41,20260550,Forest,4515,22.149829986848378,1.7557289127254998,1,Dai,火葬,有,1,0,0,141,22.225652017067492,1093.9510776347859,571.4715576171875,10.168498039245605,80.03807789757823,100913.68789672852,86589.89181518555,0.4634514026875486,1,37,56127.07328796387,0.5561889021973146,13684.397792816162,0.13560497171424643,1,0,0.17299365121697255,0.984922939441772,8.415160465851086,3.0978298209243684,0.5628841055764946,"POLYGON ((734971.1 2421417, 734970.4 2421391, 734968.3 2421365, 734964.9 2421339, 734960.2 2421313, 734954 2421288, 734946.6 2421263, 734937.9 2421238, 734927.9 2421214, 734916.6 2421190, 734904.1 2421167, 734890.4 2421145, 734875.6 2421124, 734859.7 2421103, 734842.7 2421083, 734824.6 2421064, 734805.6 2421046, 734785.7 2421029, 734765 2421013, 734743.4 2420998, 734721.1 2420984, 734698.1 2420972, 734674.4 2420961, 734650.3 2420951, 734625.6 2420942, 734600.5 2420934, 734575 2420928, 734549.3 2420924, 734523.3 2420920, 734497.2 2420918, 734471.1 2420917, 734444.9 2420918, 734418.8 2420920, 734392.9 2420924, 734367.1 2420928, 734341.7 2420934, 734316.6 2420942, 734291.9 2420951, 734267.7 2420961, 734244.1 2420972, 734221.1 2420984, 734198.8 2420998, 734177.2 2421013, 734156.4 2421029, 734136.5 2421046, 734117.5 2421064, 734099.5 2421083, 734082.5 2421103, 734066.6 2421124, 734051.7 2421145, 734038.1 2421167, 734025.6 2421190, 734014.3 2421214, 734004.3 2421238, 733995.6 2421263, 733988.1 2421288, 733982 2421313, 733977.2 2421339, 733973.8 2421365, 733971.8 2421391, 733971.1 2421417, 733971.8 2421444, 733973.8 2421470, 733977.2 2421496, 733982 2421521, 733988.1 2421547, 733995.6 2421572, 734004.3 2421597, 734014.3 2421621, 734025.6 2421644, 734038.1 2421667, 734051.7 2421690, 734066.6 2421711, 734082.5 2421732, 734099.5 2421752, 734117.5 2421771, 734136.5 2421789, 734156.4 2421806, 734177.2 2421822, 734198.8 2421837, 734221.1 2421850, 734244.1 2421863, 734267.7 2421874, 734291.9 2421884, 734316.6 2421893, 734341.7 2421900, 734367.1 2421907, 734392.9 2421911, 734418.8 2421915, 734444.9 2421917, 734471.1 2421917, 734497.2 2421917, 734523.3 2421915, 734549.3 2421911, 734575 2421907, 734600.5 2421900, 734625.6 2421893, 734650.3 2421884, 734674.4 2421874, 734698.1 2421863, 734721.1 2421850, 734743.4 2421837, 734765 2421822, 734785.7 2421806, 734805.6 2421789, 734824.6 2421771, 734842.7 2421752, 734859.7 2421732, 734875.6 2421711, 734890.4 2421690, 734904.1 2421667, 734916.6 2421644, 734927.9 2421621, 734937.9 2421597, 734946.6 2421572, 734954 2421547, 734960.2 2421521, 734964.9 2421496, 734968.3 2421470, 734970.4 2421444, 734971.1 2421417))"
41,20260550,Forest,3276,13.328938169353023,1.439689756619417,1,Dai,土葬,无,1,0,0,148,81.21570362063375,153.8799645378097,667.4227294921875,8.916974067687988,201.4603422972941,193883.40911865234,8831.592464447021,0.8999404638885048,1,38,57074.544525146484,0.2943755981215398,7999.423599243164,0.0412589382227527,1,0,-0.9306710216563339,-0.365857143498874,8.09437844497296,2.5899374738049867,0.3644276435838435,"POLYGON ((744679.7 2399004, 744679 2398978, 744676.9 2398952, 744673.5 2398926, 744668.7 2398900, 744662.6 2398875, 744655.2 2398850, 744646.5 2398825, 744636.4 2398801, 744625.2 2398777, 744612.7 2398754, 744599 2398732, 744584.2 2398710, 744568.2 2398689, 744551.2 2398669, 744533.2 2398650, 744514.2 2398632, 744494.3 2398615, 744473.6 2398600, 744452 2398585, 744429.7 2398571, 744406.7 2398559, 744383 2398547, 744358.8 2398537, 744334.2 2398528, 744309.1 2398521, 744283.6 2398515, 744257.9 2398510, 744231.9 2398507, 744205.8 2398505, 744179.7 2398504, 744153.5 2398505, 744127.4 2398507, 744101.4 2398510, 744075.7 2398515, 744050.3 2398521, 744025.2 2398528, 744000.5 2398537, 743976.3 2398547, 743952.7 2398559, 743929.7 2398571, 743907.3 2398585, 743885.8 2398600, 743865 2398615, 743845.1 2398632, 743826.1 2398650, 743808.1 2398669, 743791.1 2398689, 743775.2 2398710, 743760.3 2398732, 743746.7 2398754, 743734.2 2398777, 743722.9 2398801, 743712.9 2398825, 743704.1 2398850, 743696.7 2398875, 743690.6 2398900, 743685.8 2398926, 743682.4 2398952, 743680.4 2398978, 743679.7 2399004, 743680.4 2399030, 743682.4 2399056, 743685.8 2399082, 743690.6 2399108, 743696.7 2399133, 743704.1 2399159, 743712.9 2399183, 743722.9 2399207, 743734.2 2399231, 743746.7 2399254, 743760.3 2399276, 743775.2 2399298, 743791.1 2399319, 743808.1 2399339, 743826.1 2399358, 743845.1 2399376, 743865 2399393, 743885.8 2399409, 743907.3 2399423, 743929.7 2399437, 743952.7 2399450, 743976.3 2399461, 744000.5 2399471, 744025.2 2399480, 744050.3 2399487, 744075.7 2399493, 744101.4 2399498, 744127.4 2399501, 744153.5 2399503, 744179.7 2399504, 744205.8 2399503, 744231.9 2399501, 744257.9 2399498, 744283.6 2399493, 744309.1 2399487, 744334.2 2399480, 744358.8 2399471, 744383 2399461, 744406.7 2399450, 744429.7 2399437, 744452 2399423, 744473.6 2399409, 744494.3 2399393, 744514.2 2399376, 744533.2 2399358, 744551.2 2399339, 744568.2 2399319, 744584.2 2399298, 744599 2399276, 744612.7 2399254, 744625.2 2399231, 744636.4 2399207, 744646.5 2399183, 744655.2 2399159, 744662.6 2399133, 744668.7 2399108, 744673.5 2399082, 744676.9 2399056, 744679 2399030, 744679.7 2399004))"
41,20260550,Forest,3276,13.328938169353023,1.439689756619417,1,Dai,土葬,无,1,0,0,151,208.3192722925006,2347.7771773940217,647.27374267578125,14.103187561035156,266.7269636071464,31396.83494567871,287874.5635986328,0.021625126527015696,1,39,15196.83666229248,0.484024478536939,5400,0.17199185871260014,1,0,-0.057094197226974286,-0.998368795908109,8.09437844497296,2.5899374738049867,0.3644276435838435,"POLYGON ((740498.1 2396033, 740497.4 2396007, 740495.4 2395980, 740491.9 2395954, 740487.2 2395929, 740481.1 2395903, 740473.6 2395878, 740464.9 2395854, 740454.9 2395829, 740443.6 2395806, 740431.1 2395783, 740417.4 2395760, 740402.6 2395739, 740386.7 2395718, 740369.7 2395698, 740351.7 2395679, 740332.7 2395661, 740312.8 2395644, 740292 2395628, 740270.4 2395613, 740248.1 2395600, 740225.1 2395587, 740201.5 2395576, 740177.3 2395566, 740152.6 2395557, 740127.5 2395550, 740102.1 2395544, 740076.3 2395539, 740050.4 2395535, 740024.3 2395533, 739998.1 2395533, 739971.9 2395533, 739945.8 2395535, 739919.9 2395539, 739894.1 2395544, 739868.7 2395550, 739843.6 2395557, 739818.9 2395566, 739794.7 2395576, 739771.1 2395587, 739748.1 2395600, 739725.8 2395613, 739704.2 2395628, 739683.4 2395644, 739663.5 2395661, 739644.6 2395679, 739626.5 2395698, 739609.5 2395718, 739593.6 2395739, 739578.8 2395760, 739565.1 2395783, 739552.6 2395806, 739541.3 2395829, 739531.3 2395854, 739522.6 2395878, 739515.1 2395903, 739509 2395929, 739504.3 2395954, 739500.8 2395980, 739498.8 2396007, 739498.1 2396033, 739498.8 2396059, 739500.8 2396085, 739504.3 2396111, 739509 2396137, 739515.1 2396162, 739522.6 2396187, 739531.3 2396212, 739541.3 2396236, 739552.6 2396260, 739565.1 2396283, 739578.8 2396305, 739593.6 2396327, 739609.5 2396347, 739626.5 2396367, 739644.6 2396386, 739663.5 2396404, 739683.4 2396421, 739704.2 2396437, 739725.8 2396452, 739748.1 2396466, 739771.1 2396478, 739794.7 2396489, 739818.9 2396500, 739843.6 2396508, 739868.7 2396516, 739894.1 2396522, 739919.9 2396527, 739945.8 2396530, 739971.9 2396532, 739998.1 2396533, 740024.3 2396532, 740050.4 2396530, 740076.3 2396527, 740102.1 2396522, 740127.5 2396516, 740152.6 2396508, 740177.3 2396500, 740201.5 2396489, 740225.1 2396478, 740248.1 2396466, 740270.4 2396452, 740292 2396437, 740312.8 2396421, 740332.7 2396404, 740351.7 2396386, 740369.7 2396367, 740386.7 2396347, 740402.6 2396327, 740417.4 2396305, 740431.1 2396283, 740443.6 2396260, 740454.9 2396236, 740464.9 2396212, 740473.6 2396187, 740481.1 2396162, 740487.2 2396137, 740491.9 2396111, 740495.4 2396085, 740497.4 2396059, 740498.1 2396033))"
41,20260550,Forest,3276,13.328938169353023,1.439689756619417,1,Dai,土葬,无,1,0,0,154,541.5490868653997,1250.3934855809732,698.79168701171875,8.339984893798828,264.1931020244001,35100,14907.225036621094,0.2687372158598947,1,40,4500,0.1282051282051282,0,0,1,0,-0.10117607251254772,-0.9948685352100225,8.09437844497296,2.5899374738049867,0.3644276435838435,"POLYGON ((746719.2 2395499, 746718.5 2395473, 746716.4 2395447, 746713 2395421, 746708.2 2395395, 746702.1 2395370, 746694.7 2395345, 746686 2395320, 746675.9 2395296, 746664.7 2395272, 746652.2 2395249, 746638.5 2395227, 746623.7 2395206, 746607.7 2395185, 746590.7 2395165, 746572.7 2395146, 746553.7 2395128, 746533.8 2395111, 746513.1 2395095, 746491.5 2395080, 746469.2 2395066, 746446.2 2395054, 746422.5 2395043, 746398.4 2395033, 746373.7 2395024, 746348.6 2395016, 746323.1 2395010, 746297.4 2395006, 746271.4 2395002, 746245.3 2395000, 746219.2 2394999, 746193 2395000, 746166.9 2395002, 746141 2395006, 746115.2 2395010, 746089.8 2395016, 746064.7 2395024, 746040 2395033, 746015.8 2395043, 745992.2 2395054, 745969.2 2395066, 745946.9 2395080, 745925.3 2395095, 745904.5 2395111, 745884.6 2395128, 745865.6 2395146, 745847.6 2395165, 745830.6 2395185, 745814.7 2395206, 745799.8 2395227, 745786.2 2395249, 745773.7 2395272, 745762.4 2395296, 745752.4 2395320, 745743.6 2395345, 745736.2 2395370, 745730.1 2395395, 745725.3 2395421, 745721.9 2395447, 745719.9 2395473, 745719.2 2395499, 745719.9 2395526, 745721.9 2395552, 745725.3 2395578, 745730.1 2395603, 745736.2 2395629, 745743.6 2395654, 745752.4 2395679, 745762.4 2395703, 745773.7 2395726, 745786.2 2395749, 745799.8 2395772, 745814.7 2395793, 745830.6 2395814, 745847.6 2395834, 745865.6 2395853, 745884.6 2395871, 745904.5 2395888, 745925.3 2395904, 745946.9 2395919, 745969.2 2395932, 745992.2 2395945, 746015.8 2395956, 746040 2395966, 746064.7 2395975, 746089.8 2395982, 746115.2 2395988, 746141 2395993, 746166.9 2395997, 746193 2395999, 746219.2 2395999, 746245.3 2395999, 746271.4 2395997, 746297.4 2395993, 746323.1 2395988, 746348.6 2395982, 746373.7 2395975, 746398.4 2395966, 746422.5 2395956, 746446.2 2395945, 746469.2 2395932, 746491.5 2395919, 746513.1 2395904, 746533.8 2395888, 746553.7 2395871, 746572.7 2395853, 746590.7 2395834, 746607.7 2395814, 746623.7 2395793, 746638.5 2395772, 746652.2 2395749, 746664.7 2395726, 746675.9 2395703, 746686 2395679, 746694.7 2395654, 746702.1 2395629, 746708.2 2395603, 746713 2395578, 746716.4 2395552, 746718.5 2395526, 746719.2 2395499))"
41,20260550,Forest,3276,13.328938169353023,1.439689756619417,1,Dai,土葬,无,1,0,0,155,88.16744270852993,814.2189446753133,714.15655517578125,13.202869415283203,256.6047191338204,22243.058967590332,2700,0.3590334798414275,1,41,2492.674469947815,0.11206527274777328,6748.800086975098,0.30341150903787845,1,0,-0.23166778058424572,-0.9727949626921234,8.09437844497296,2.5899374738049867,0.3644276435838435,"POLYGON ((746666.7 2396109, 746666 2396083, 746663.9 2396057, 746660.5 2396031, 746655.7 2396005, 746649.6 2395979, 746642.2 2395954, 746633.4 2395930, 746623.4 2395905, 746612.2 2395882, 746599.7 2395859, 746586 2395836, 746571.2 2395815, 746555.2 2395794, 746538.2 2395774, 746520.2 2395755, 746501.2 2395737, 746481.3 2395720, 746460.6 2395704, 746439 2395689, 746416.7 2395676, 746393.7 2395663, 746370 2395652, 746345.8 2395642, 746321.2 2395633, 746296.1 2395626, 746270.6 2395620, 746244.9 2395615, 746218.9 2395612, 746192.8 2395609, 746166.7 2395609, 746140.5 2395609, 746114.4 2395612, 746088.4 2395615, 746062.7 2395620, 746037.2 2395626, 746012.1 2395633, 745987.5 2395642, 745963.3 2395652, 745939.7 2395663, 745916.7 2395676, 745894.3 2395689, 745872.8 2395704, 745852 2395720, 745832.1 2395737, 745813.1 2395755, 745795.1 2395774, 745778.1 2395794, 745762.1 2395815, 745747.3 2395836, 745733.6 2395859, 745721.2 2395882, 745709.9 2395905, 745699.9 2395930, 745691.1 2395954, 745683.7 2395979, 745677.6 2396005, 745672.8 2396031, 745669.4 2396057, 745667.3 2396083, 745666.7 2396109, 745667.3 2396135, 745669.4 2396161, 745672.8 2396187, 745677.6 2396213, 745683.7 2396238, 745691.1 2396263, 745699.9 2396288, 745709.9 2396312, 745721.2 2396336, 745733.6 2396359, 745747.3 2396381, 745762.1 2396403, 745778.1 2396423, 745795.1 2396443, 745813.1 2396462, 745832.1 2396480, 745852 2396497, 745872.8 2396513, 745894.3 2396528, 745916.7 2396542, 745939.7 2396554, 745963.3 2396566, 745987.5 2396576, 746012.1 2396584, 746037.2 2396592, 746062.7 2396598, 746088.4 2396603, 746114.4 2396606, 746140.5 2396608, 746166.7 2396609, 746192.8 2396608, 746218.9 2396606, 746244.9 2396603, 746270.6 2396598, 746296.1 2396592, 746321.2 2396584, 746345.8 2396576, 746370 2396566, 746393.7 2396554, 746416.7 2396542, 746439 2396528, 746460.6 2396513, 746481.3 2396497, 746501.2 2396480, 746520.2 2396462, 746538.2 2396443, 746555.2 2396423, 746571.2 2396403, 746586 2396381, 746599.7 2396359, 746612.2 2396336, 746623.4 2396312, 746633.4 2396288, 746642.2 2396263, 746649.6 2396238, 746655.7 2396213, 746660.5 2396187, 746663.9 2396161, 746666 2396135, 746666.7 2396109))"
41,20260550,Forest,4604,4.552080596935946,1.627922077922078,1,Dai,土葬,有,1,0,0,159,496.3564306524513,373.9410674997703,689.7659912109375,11.541891098022461,350.87590297884645,184706.99615478516,4303.078651428223,0.38709577435149267,1,42,23118.447875976562,0.12516281655408015,2700,0.014617746247886516,1,0,0.9873472025140007,-0.15857333220871975,8.434680769841773,1.515584402496797,0.4873044027506186,"POLYGON ((770698.6 2382394, 770697.9 2382368, 770695.9 2382342, 770692.5 2382316, 770687.7 2382290, 770681.6 2382265, 770674.1 2382240, 770665.4 2382215, 770655.4 2382191, 770644.1 2382167, 770631.6 2382144, 770618 2382122, 770603.1 2382101, 770587.2 2382080, 770570.2 2382060, 770552.2 2382041, 770533.2 2382023, 770513.3 2382006, 770492.5 2381990, 770470.9 2381975, 770448.6 2381961, 770425.6 2381949, 770402 2381938, 770377.8 2381928, 770353.1 2381919, 770328 2381911, 770302.6 2381905, 770276.8 2381901, 770250.9 2381897, 770224.8 2381895, 770198.6 2381894, 770172.5 2381895, 770146.4 2381897, 770120.4 2381901, 770094.7 2381905, 770069.2 2381911, 770044.1 2381919, 770019.4 2381928, 769995.2 2381938, 769971.6 2381949, 769948.6 2381961, 769926.3 2381975, 769904.7 2381990, 769884 2382006, 769864.1 2382023, 769845.1 2382041, 769827 2382060, 769810 2382080, 769794.1 2382101, 769779.3 2382122, 769765.6 2382144, 769753.1 2382167, 769741.8 2382191, 769731.8 2382215, 769723.1 2382240, 769715.7 2382265, 769709.5 2382290, 769704.8 2382316, 769701.4 2382342, 769699.3 2382368, 769698.6 2382394, 769699.3 2382421, 769701.4 2382447, 769704.8 2382473, 769709.5 2382498, 769715.7 2382524, 769723.1 2382549, 769731.8 2382574, 769741.8 2382598, 769753.1 2382621, 769765.6 2382644, 769779.3 2382667, 769794.1 2382688, 769810 2382709, 769827 2382729, 769845.1 2382748, 769864.1 2382766, 769884 2382783, 769904.7 2382799, 769926.3 2382814, 769948.6 2382827, 769971.6 2382840, 769995.2 2382851, 770019.4 2382861, 770044.1 2382870, 770069.2 2382877, 770094.7 2382884, 770120.4 2382888, 770146.4 2382892, 770172.5 2382894, 770198.6 2382894, 770224.8 2382894, 770250.9 2382892, 770276.8 2382888, 770302.6 2382884, 770328 2382877, 770353.1 2382870, 770377.8 2382861, 770402 2382851, 770425.6 2382840, 770448.6 2382827, 770470.9 2382814, 770492.5 2382799, 770513.3 2382783, 770533.2 2382766, 770552.2 2382748, 770570.2 2382729, 770587.2 2382709, 770603.1 2382688, 770618 2382667, 770631.6 2382644, 770644.1 2382621, 770655.4 2382598, 770665.4 2382574, 770674.1 2382549, 770681.6 2382524, 770687.7 2382498, 770692.5 2382473, 770695.9 2382447, 770697.9 2382421, 770698.6 2382394))"
41,20260550,Forest,6199,88.76182152611432,1.9497753106000528,1,Dai,土葬,有,1,0,0,162,915.299944169136,1659.5004298418696,658.1519775390625,4.5691657066345215,91.80305576235153,11582.906341552734,78711.9255065918,0.1146703082947373,1,43,11582.906341552734,1,0,0,1,0,-0.03146406583095068,0.9995048837106228,8.73214326770192,4.485956619779399,0.6677141406034005,"POLYGON ((769100.4 2385623, 769099.7 2385597, 769097.6 2385571, 769094.2 2385545, 769089.5 2385519, 769083.4 2385494, 769075.9 2385469, 769067.2 2385444, 769057.2 2385420, 769045.9 2385396, 769033.4 2385373, 769019.7 2385351, 769004.9 2385329, 768989 2385308, 768972 2385288, 768953.9 2385269, 768935 2385251, 768915 2385234, 768894.3 2385219, 768872.7 2385204, 768850.4 2385190, 768827.4 2385178, 768803.8 2385166, 768779.6 2385156, 768754.9 2385147, 768729.8 2385140, 768704.3 2385134, 768678.6 2385129, 768652.7 2385126, 768626.6 2385124, 768600.4 2385123, 768574.2 2385124, 768548.1 2385126, 768522.2 2385129, 768496.4 2385134, 768471 2385140, 768445.9 2385147, 768421.2 2385156, 768397 2385166, 768373.4 2385178, 768350.4 2385190, 768328.1 2385204, 768306.5 2385219, 768285.7 2385234, 768265.8 2385251, 768246.8 2385269, 768228.8 2385288, 768211.8 2385308, 768195.9 2385329, 768181.1 2385351, 768167.4 2385373, 768154.9 2385396, 768143.6 2385420, 768133.6 2385444, 768124.9 2385469, 768117.4 2385494, 768111.3 2385519, 768106.5 2385545, 768103.1 2385571, 768101.1 2385597, 768100.4 2385623, 768101.1 2385649, 768103.1 2385675, 768106.5 2385701, 768111.3 2385727, 768117.4 2385752, 768124.9 2385778, 768133.6 2385802, 768143.6 2385826, 768154.9 2385850, 768167.4 2385873, 768181.1 2385895, 768195.9 2385917, 768211.8 2385938, 768228.8 2385958, 768246.8 2385977, 768265.8 2385995, 768285.7 2386012, 768306.5 2386028, 768328.1 2386042, 768350.4 2386056, 768373.4 2386069, 768397 2386080, 768421.2 2386090, 768445.9 2386099, 768471 2386106, 768496.4 2386112, 768522.2 2386117, 768548.1 2386120, 768574.2 2386122, 768600.4 2386123, 768626.6 2386122, 768652.7 2386120, 768678.6 2386117, 768704.3 2386112, 768729.8 2386106, 768754.9 2386099, 768779.6 2386090, 768803.8 2386080, 768827.4 2386069, 768850.4 2386056, 768872.7 2386042, 768894.3 2386028, 768915 2386012, 768935 2385995, 768953.9 2385977, 768972 2385958, 768989 2385938, 769004.9 2385917, 769019.7 2385895, 769033.4 2385873, 769045.9 2385850, 769057.2 2385826, 769067.2 2385802, 769075.9 2385778, 769083.4 2385752, 769089.5 2385727, 769094.2 2385701, 769097.6 2385675, 769099.7 2385649, 769100.4 2385623))"
41,20260550,Forest,6199,88.76182152611432,1.9497753106000528,1,Dai,土葬,有,1,0,0,163,730.5756360097824,1499.3293075936385,650.17303466796875,2.997880697250366,204.2708358142517,21177.366256713867,135782.67974853516,0.4613842820103792,1,44,21177.366256713867,1,0,0,1,0,-0.9116126239195579,-0.41105039096259083,8.73214326770192,4.485956619779399,0.6677141406034005,"POLYGON ((769693.4 2384535, 769692.7 2384509, 769690.6 2384482, 769687.2 2384456, 769682.4 2384431, 769676.3 2384405, 769668.9 2384380, 769660.2 2384355, 769650.1 2384331, 769638.9 2384308, 769626.4 2384285, 769612.7 2384262, 769597.9 2384241, 769581.9 2384220, 769564.9 2384200, 769546.9 2384181, 769527.9 2384163, 769508 2384146, 769487.3 2384130, 769465.7 2384115, 769443.4 2384102, 769420.4 2384089, 769396.7 2384078, 769372.6 2384068, 769347.9 2384059, 769322.8 2384052, 769297.3 2384046, 769271.6 2384041, 769245.6 2384037, 769219.5 2384035, 769193.4 2384035, 769167.2 2384035, 769141.1 2384037, 769115.2 2384041, 769089.4 2384046, 769064 2384052, 769038.9 2384059, 769014.2 2384068, 768990 2384078, 768966.4 2384089, 768943.4 2384102, 768921.1 2384115, 768899.5 2384130, 768878.7 2384146, 768858.8 2384163, 768839.8 2384181, 768821.8 2384200, 768804.8 2384220, 768788.9 2384241, 768774 2384262, 768760.4 2384285, 768747.9 2384308, 768736.6 2384331, 768726.6 2384355, 768717.8 2384380, 768710.4 2384405, 768704.3 2384431, 768699.5 2384456, 768696.1 2384482, 768694.1 2384509, 768693.4 2384535, 768694.1 2384561, 768696.1 2384587, 768699.5 2384613, 768704.3 2384639, 768710.4 2384664, 768717.8 2384689, 768726.6 2384714, 768736.6 2384738, 768747.9 2384762, 768760.4 2384785, 768774 2384807, 768788.9 2384829, 768804.8 2384849, 768821.8 2384869, 768839.8 2384888, 768858.8 2384906, 768878.7 2384923, 768899.5 2384939, 768921.1 2384954, 768943.4 2384968, 768966.4 2384980, 768990 2384991, 769014.2 2385001, 769038.9 2385010, 769064 2385018, 769089.4 2385024, 769115.2 2385029, 769141.1 2385032, 769167.2 2385034, 769193.4 2385035, 769219.5 2385034, 769245.6 2385032, 769271.6 2385029, 769297.3 2385024, 769322.8 2385018, 769347.9 2385010, 769372.6 2385001, 769396.7 2384991, 769420.4 2384980, 769443.4 2384968, 769465.7 2384954, 769487.3 2384939, 769508 2384923, 769527.9 2384906, 769546.9 2384888, 769564.9 2384869, 769581.9 2384849, 769597.9 2384829, 769612.7 2384807, 769626.4 2384785, 769638.9 2384762, 769650.1 2384738, 769660.2 2384714, 769668.9 2384689, 769676.3 2384664, 769682.4 2384639, 769687.2 2384613, 769690.6 2384587, 769692.7 2384561, 769693.4 2384535))"
41,20260550,Forest,6199,88.76182152611432,1.9497753106000528,1,Dai,土葬,有,1,0,0,172,925.3577139197153,884.5986360327329,644.111083984375,2.5302083492279053,8.08943015835154,3600,428924.18518066406,0.5436858478259717,1,45,0,0,0,0,1,0,0.9900496341232994,0.14071859142388068,8.73214326770192,4.485956619779399,0.6677141406034005,"POLYGON ((769239.9 2383108, 769239.2 2383081, 769237.1 2383055, 769233.7 2383029, 769228.9 2383004, 769222.8 2382978, 769215.4 2382953, 769206.6 2382928, 769196.6 2382904, 769185.4 2382881, 769172.9 2382858, 769159.2 2382835, 769144.4 2382814, 769128.4 2382793, 769111.4 2382773, 769093.4 2382754, 769074.4 2382736, 769054.5 2382719, 769033.8 2382703, 769012.2 2382688, 768989.9 2382675, 768966.9 2382662, 768943.2 2382651, 768919 2382641, 768894.4 2382632, 768869.3 2382625, 768843.8 2382618, 768818.1 2382614, 768792.1 2382610, 768766 2382608, 768739.9 2382608, 768713.7 2382608, 768687.6 2382610, 768661.6 2382614, 768635.9 2382618, 768610.4 2382625, 768585.4 2382632, 768560.7 2382641, 768536.5 2382651, 768512.9 2382662, 768489.9 2382675, 768467.5 2382688, 768446 2382703, 768425.2 2382719, 768405.3 2382736, 768386.3 2382754, 768368.3 2382773, 768351.3 2382793, 768335.4 2382814, 768320.5 2382835, 768306.8 2382858, 768294.4 2382881, 768283.1 2382904, 768273.1 2382928, 768264.3 2382953, 768256.9 2382978, 768250.8 2383004, 768246 2383029, 768242.6 2383055, 768240.5 2383081, 768239.9 2383108, 768240.5 2383134, 768242.6 2383160, 768246 2383186, 768250.8 2383212, 768256.9 2383237, 768264.3 2383262, 768273.1 2383287, 768283.1 2383311, 768294.4 2383335, 768306.8 2383358, 768320.5 2383380, 768335.4 2383401, 768351.3 2383422, 768368.3 2383442, 768386.3 2383461, 768405.3 2383479, 768425.2 2383496, 768446 2383512, 768467.5 2383527, 768489.9 2383541, 768512.9 2383553, 768536.5 2383564, 768560.7 2383574, 768585.4 2383583, 768610.4 2383591, 768635.9 2383597, 768661.6 2383601, 768687.6 2383605, 768713.7 2383607, 768739.9 2383608, 768766 2383607, 768792.1 2383605, 768818.1 2383601, 768843.8 2383597, 768869.3 2383591, 768894.4 2383583, 768919 2383574, 768943.2 2383564, 768966.9 2383553, 768989.9 2383541, 769012.2 2383527, 769033.8 2383512, 769054.5 2383496, 769074.4 2383479, 769093.4 2383461, 769111.4 2383442, 769128.4 2383422, 769144.4 2383401, 769159.2 2383380, 769172.9 2383358, 769185.4 2383335, 769196.6 2383311, 769206.6 2383287, 769215.4 2383262, 769222.8 2383237, 769228.9 2383212, 769233.7 2383186, 769237.1 2383160, 769239.2 2383134, 769239.9 2383108))"
41,20260550,Forest,6199,88.76182152611432,1.9497753106000528,1,Dai,土葬,无,1,0,0,177,457.74828553262984,1840.683215894791,651.09735107421875,2.9056670665740967,240.5427237011012,12698.959350585938,31773.655700683594,0.4190573045585014,1,46,12698.959350585938,1,0,0,1,0,-0.49177442578278485,-0.8707226390453002,8.73214326770192,4.485956619779399,0.6677141406034005,"POLYGON ((768851.2 2385172, 768850.5 2385146, 768848.4 2385120, 768845 2385094, 768840.2 2385068, 768834.1 2385043, 768826.7 2385018, 768818 2384993, 768807.9 2384969, 768796.7 2384945, 768784.2 2384922, 768770.5 2384900, 768755.7 2384879, 768739.7 2384858, 768722.7 2384838, 768704.7 2384819, 768685.7 2384801, 768665.8 2384784, 768645.1 2384768, 768623.5 2384753, 768601.2 2384739, 768578.2 2384727, 768554.5 2384716, 768530.4 2384706, 768505.7 2384697, 768480.6 2384689, 768455.1 2384683, 768429.4 2384679, 768403.4 2384675, 768377.3 2384673, 768351.2 2384672, 768325 2384673, 768298.9 2384675, 768272.9 2384679, 768247.2 2384683, 768221.8 2384689, 768196.7 2384697, 768172 2384706, 768147.8 2384716, 768124.2 2384727, 768101.2 2384739, 768078.8 2384753, 768057.3 2384768, 768036.5 2384784, 768016.6 2384801, 767997.6 2384819, 767979.6 2384838, 767962.6 2384858, 767946.7 2384879, 767931.8 2384900, 767918.2 2384922, 767905.7 2384945, 767894.4 2384969, 767884.4 2384993, 767875.6 2385018, 767868.2 2385043, 767862.1 2385068, 767857.3 2385094, 767853.9 2385120, 767851.9 2385146, 767851.2 2385172, 767851.9 2385199, 767853.9 2385225, 767857.3 2385251, 767862.1 2385276, 767868.2 2385302, 767875.6 2385327, 767884.4 2385352, 767894.4 2385376, 767905.7 2385399, 767918.2 2385422, 767931.8 2385445, 767946.7 2385466, 767962.6 2385487, 767979.6 2385507, 767997.6 2385526, 768016.6 2385544, 768036.5 2385561, 768057.3 2385577, 768078.8 2385592, 768101.2 2385605, 768124.2 2385618, 768147.8 2385629, 768172 2385639, 768196.7 2385648, 768221.8 2385655, 768247.2 2385662, 768272.9 2385666, 768298.9 2385670, 768325 2385672, 768351.2 2385672, 768377.3 2385672, 768403.4 2385670, 768429.4 2385666, 768455.1 2385662, 768480.6 2385655, 768505.7 2385648, 768530.4 2385639, 768554.5 2385629, 768578.2 2385618, 768601.2 2385605, 768623.5 2385592, 768645.1 2385577, 768665.8 2385561, 768685.7 2385544, 768704.7 2385526, 768722.7 2385507, 768739.7 2385487, 768755.7 2385466, 768770.5 2385445, 768784.2 2385422, 768796.7 2385399, 768807.9 2385376, 768818 2385352, 768826.7 2385327, 768834.1 2385302, 768840.2 2385276, 768845 2385251, 768848.4 2385225, 768850.5 2385199, 768851.2 2385172))"
41,20260550,Forest,4016,17.382211004373175,1.8414195867026055,1,Dai,土葬,有,1,0,0,194,160.58106544039845,2324.588716577777,631.45684814453125,10.328139305114746,215.2902513667261,212153.64532470703,230852.47192382812,0.07240151031650385,1,47,129906.80694580078,0.612324180180712,6665.733575820923,0.031419368569504585,1,0,-0.8162358982841208,-0.577718753678911,8.298041661371565,2.8554473271875427,0.6105367886688474,"POLYGON ((737484.7 2399297, 737484 2399271, 737481.9 2399245, 737478.5 2399219, 737473.8 2399193, 737467.7 2399168, 737460.2 2399143, 737451.5 2399118, 737441.5 2399094, 737430.2 2399070, 737417.7 2399047, 737404 2399025, 737389.2 2399003, 737373.3 2398982, 737356.3 2398962, 737338.2 2398943, 737319.3 2398925, 737299.3 2398908, 737278.6 2398893, 737257 2398878, 737234.7 2398864, 737211.7 2398852, 737188.1 2398840, 737163.9 2398830, 737139.2 2398821, 737114.1 2398814, 737088.6 2398808, 737062.9 2398803, 737037 2398800, 737010.9 2398798, 736984.7 2398797, 736958.5 2398798, 736932.4 2398800, 736906.5 2398803, 736880.7 2398808, 736855.3 2398814, 736830.2 2398821, 736805.5 2398830, 736781.3 2398840, 736757.7 2398852, 736734.7 2398864, 736712.4 2398878, 736690.8 2398893, 736670 2398908, 736650.1 2398925, 736631.1 2398943, 736613.1 2398962, 736596.1 2398982, 736580.2 2399003, 736565.4 2399025, 736551.7 2399047, 736539.2 2399070, 736527.9 2399094, 736517.9 2399118, 736509.2 2399143, 736501.7 2399168, 736495.6 2399193, 736490.8 2399219, 736487.4 2399245, 736485.4 2399271, 736484.7 2399297, 736485.4 2399323, 736487.4 2399349, 736490.8 2399375, 736495.6 2399401, 736501.7 2399426, 736509.2 2399452, 736517.9 2399476, 736527.9 2399500, 736539.2 2399524, 736551.7 2399547, 736565.4 2399569, 736580.2 2399591, 736596.1 2399612, 736613.1 2399632, 736631.1 2399651, 736650.1 2399669, 736670 2399686, 736690.8 2399702, 736712.4 2399716, 736734.7 2399730, 736757.7 2399743, 736781.3 2399754, 736805.5 2399764, 736830.2 2399773, 736855.3 2399780, 736880.7 2399786, 736906.5 2399791, 736932.4 2399794, 736958.5 2399796, 736984.7 2399797, 737010.9 2399796, 737037 2399794, 737062.9 2399791, 737088.6 2399786, 737114.1 2399780, 737139.2 2399773, 737163.9 2399764, 737188.1 2399754, 737211.7 2399743, 737234.7 2399730, 737257 2399716, 737278.6 2399702, 737299.3 2399686, 737319.3 2399669, 737338.2 2399651, 737356.3 2399632, 737373.3 2399612, 737389.2 2399591, 737404 2399569, 737417.7 2399547, 737430.2 2399524, 737441.5 2399500, 737451.5 2399476, 737460.2 2399452, 737467.7 2399426, 737473.8 2399401, 737478.5 2399375, 737481.9 2399349, 737484 2399323, 737484.7 2399297))"
41,20260550,Forest,4016,17.382211004373175,1.8414195867026055,1,Dai,土葬,有,1,0,0,195,56.35253114979233,2282.4477199236167,630.28753662109375,7.121172904968262,215.71847192463272,175599.76959228516,143524.86877441406,0.1878280633840743,1,48,166810.7208251953,0.9499484037621654,1720.2444076538086,0.009796393307621892,1,0,-0.8118953533950738,-0.5838029934279956,8.298041661371565,2.8554473271875427,0.6105367886688474,"POLYGON ((737675.7 2399558, 737675 2399532, 737672.9 2399506, 737669.5 2399480, 737664.8 2399454, 737658.7 2399429, 737651.2 2399404, 737642.5 2399379, 737632.5 2399355, 737621.2 2399331, 737608.7 2399308, 737595 2399286, 737580.2 2399264, 737564.3 2399243, 737547.3 2399224, 737529.2 2399205, 737510.3 2399187, 737490.3 2399170, 737469.6 2399154, 737448 2399139, 737425.7 2399125, 737402.7 2399113, 737379.1 2399101, 737354.9 2399091, 737330.2 2399083, 737305.1 2399075, 737279.6 2399069, 737253.9 2399064, 737228 2399061, 737201.9 2399059, 737175.7 2399058, 737149.5 2399059, 737123.4 2399061, 737097.5 2399064, 737071.7 2399069, 737046.3 2399075, 737021.2 2399083, 736996.5 2399091, 736972.3 2399101, 736948.7 2399113, 736925.7 2399125, 736903.4 2399139, 736881.8 2399154, 736861 2399170, 736841.1 2399187, 736822.1 2399205, 736804.1 2399224, 736787.1 2399243, 736771.2 2399264, 736756.4 2399286, 736742.7 2399308, 736730.2 2399331, 736718.9 2399355, 736708.9 2399379, 736700.2 2399404, 736692.7 2399429, 736686.6 2399454, 736681.8 2399480, 736678.4 2399506, 736676.4 2399532, 736675.7 2399558, 736676.4 2399584, 736678.4 2399610, 736681.8 2399636, 736686.6 2399662, 736692.7 2399688, 736700.2 2399713, 736708.9 2399737, 736718.9 2399762, 736730.2 2399785, 736742.7 2399808, 736756.4 2399830, 736771.2 2399852, 736787.1 2399873, 736804.1 2399893, 736822.1 2399912, 736841.1 2399930, 736861 2399947, 736881.8 2399963, 736903.4 2399977, 736925.7 2399991, 736948.7 2400004, 736972.3 2400015, 736996.5 2400025, 737021.2 2400034, 737046.3 2400041, 737071.7 2400047, 737097.5 2400052, 737123.4 2400055, 737149.5 2400057, 737175.7 2400058, 737201.9 2400057, 737228 2400055, 737253.9 2400052, 737279.6 2400047, 737305.1 2400041, 737330.2 2400034, 737354.9 2400025, 737379.1 2400015, 737402.7 2400004, 737425.7 2399991, 737448 2399977, 737469.6 2399963, 737490.3 2399947, 737510.3 2399930, 737529.2 2399912, 737547.3 2399893, 737564.3 2399873, 737580.2 2399852, 737595 2399830, 737608.7 2399808, 737621.2 2399785, 737632.5 2399762, 737642.5 2399737, 737651.2 2399713, 737658.7 2399688, 737664.8 2399662, 737669.5 2399636, 737672.9 2399610, 737675 2399584, 737675.7 2399558))"
41,20260550,Forest,3811,10.661592163113635,1.3790983606557377,1,Dai,土葬,有,1,0,0,202,38.929999854224924,416.0643893573023,444.84454345703125,27.798574447631836,90,183382.7178955078,900,0.09380623853507938,1,49,56073.906326293945,0.30577530407333736,0,0,1,0,6.123233995736766e-17,1,8.24564690087386,2.366647766225861,0.3214299237915806,"POLYGON ((720354 2400251, 720353.3 2400225, 720351.2 2400199, 720347.8 2400173, 720343.1 2400147, 720336.9 2400121, 720329.5 2400096, 720320.8 2400072, 720310.7 2400047, 720299.5 2400024, 720287 2400001, 720273.3 2399978, 720258.5 2399957, 720242.5 2399936, 720225.5 2399916, 720207.5 2399897, 720188.5 2399879, 720168.6 2399862, 720147.9 2399846, 720126.3 2399831, 720104 2399818, 720081 2399805, 720057.3 2399794, 720033.2 2399784, 720008.5 2399775, 719983.4 2399768, 719957.9 2399762, 719932.2 2399757, 719906.2 2399754, 719880.1 2399751, 719854 2399751, 719827.8 2399751, 719801.7 2399754, 719775.8 2399757, 719750 2399762, 719724.6 2399768, 719699.5 2399775, 719674.8 2399784, 719650.6 2399794, 719627 2399805, 719604 2399818, 719581.7 2399831, 719560.1 2399846, 719539.3 2399862, 719519.4 2399879, 719500.4 2399897, 719482.4 2399916, 719465.4 2399936, 719449.5 2399957, 719434.6 2399978, 719421 2400001, 719408.5 2400024, 719397.2 2400047, 719387.2 2400072, 719378.4 2400096, 719371 2400121, 719364.9 2400147, 719360.1 2400173, 719356.7 2400199, 719354.7 2400225, 719354 2400251, 719354.7 2400277, 719356.7 2400303, 719360.1 2400329, 719364.9 2400355, 719371 2400380, 719378.4 2400405, 719387.2 2400430, 719397.2 2400454, 719408.5 2400478, 719421 2400501, 719434.6 2400523, 719449.5 2400545, 719465.4 2400565, 719482.4 2400585, 719500.4 2400604, 719519.4 2400622, 719539.3 2400639, 719560.1 2400655, 719581.7 2400670, 719604 2400684, 719627 2400696, 719650.6 2400708, 719674.8 2400718, 719699.5 2400726, 719724.6 2400734, 719750 2400740, 719775.8 2400745, 719801.7 2400748, 719827.8 2400750, 719854 2400751, 719880.1 2400750, 719906.2 2400748, 719932.2 2400745, 719957.9 2400740, 719983.4 2400734, 720008.5 2400726, 720033.2 2400718, 720057.3 2400708, 720081 2400696, 720104 2400684, 720126.3 2400670, 720147.9 2400655, 720168.6 2400639, 720188.5 2400622, 720207.5 2400604, 720225.5 2400585, 720242.5 2400565, 720258.5 2400545, 720273.3 2400523, 720287 2400501, 720299.5 2400478, 720310.7 2400454, 720320.8 2400430, 720329.5 2400405, 720336.9 2400380, 720343.1 2400355, 720347.8 2400329, 720351.2 2400303, 720353.3 2400277, 720354 2400251))"
41,20260550,Forest,3811,10.661592163113635,1.3790983606557377,1,Dai,土葬,有,1,0,0,205,27.65794071181076,327.6028257951622,447.0551452636719,26.87339210510254,90,241861.5692138672,900,0.1363420035414883,1,50,89650.16098022461,0.37066724271912355,0,0,1,0,6.123233995736766e-17,1,8.24564690087386,2.366647766225861,0.3214299237915806,"POLYGON ((720269.8 2400291, 720269.1 2400265, 720267 2400239, 720263.6 2400213, 720258.8 2400187, 720252.7 2400162, 720245.3 2400136, 720236.5 2400112, 720226.5 2400088, 720215.3 2400064, 720202.8 2400041, 720189.1 2400019, 720174.3 2399997, 720158.3 2399976, 720141.3 2399956, 720123.3 2399937, 720104.3 2399919, 720084.4 2399902, 720063.6 2399886, 720042.1 2399872, 720019.8 2399858, 719996.7 2399845, 719973.1 2399834, 719948.9 2399824, 719924.3 2399815, 719899.2 2399808, 719873.7 2399802, 719848 2399797, 719822 2399794, 719795.9 2399792, 719769.8 2399791, 719743.6 2399792, 719717.5 2399794, 719691.5 2399797, 719665.8 2399802, 719640.3 2399808, 719615.2 2399815, 719590.6 2399824, 719566.4 2399834, 719542.8 2399845, 719519.8 2399858, 719497.4 2399872, 719475.9 2399886, 719455.1 2399902, 719435.2 2399919, 719416.2 2399937, 719398.2 2399956, 719381.2 2399976, 719365.2 2399997, 719350.4 2400019, 719336.7 2400041, 719324.2 2400064, 719313 2400088, 719303 2400112, 719294.2 2400136, 719286.8 2400162, 719280.7 2400187, 719275.9 2400213, 719272.5 2400239, 719270.4 2400265, 719269.8 2400291, 719270.4 2400317, 719272.5 2400343, 719275.9 2400369, 719280.7 2400395, 719286.8 2400420, 719294.2 2400445, 719303 2400470, 719313 2400494, 719324.2 2400518, 719336.7 2400541, 719350.4 2400563, 719365.2 2400585, 719381.2 2400606, 719398.2 2400626, 719416.2 2400645, 719435.2 2400663, 719455.1 2400680, 719475.9 2400695, 719497.4 2400710, 719519.8 2400724, 719542.8 2400736, 719566.4 2400748, 719590.6 2400758, 719615.2 2400766, 719640.3 2400774, 719665.8 2400780, 719691.5 2400785, 719717.5 2400788, 719743.6 2400790, 719769.8 2400791, 719795.9 2400790, 719822 2400788, 719848 2400785, 719873.7 2400780, 719899.2 2400774, 719924.3 2400766, 719948.9 2400758, 719973.1 2400748, 719996.7 2400736, 720019.8 2400724, 720042.1 2400710, 720063.6 2400695, 720084.4 2400680, 720104.3 2400663, 720123.3 2400645, 720141.3 2400626, 720158.3 2400606, 720174.3 2400585, 720189.1 2400563, 720202.8 2400541, 720215.3 2400518, 720226.5 2400494, 720236.5 2400470, 720245.3 2400445, 720252.7 2400420, 720258.8 2400395, 720263.6 2400369, 720267 2400343, 720269.1 2400317, 720269.8 2400291))"
41,20260550,Forest,6054,20.96777302958274,0.8063792673810117,1,Dai,土葬,有,1,0,0,207,515.8060511674105,994.0140644784105,644.33917236328125,5.435031414031982,54.941129260989484,35882.77931213379,257208.1787109375,0.45466302317101287,1,51,34982.77931213379,0.9749183308190493,0,0,1,0,0.5744178025145774,0.8185622689535134,8.708474489581665,3.0429866413527678,-0.21520109208853438,"POLYGON ((765601.2 2372477, 765600.5 2372451, 765598.5 2372424, 765595 2372398, 765590.3 2372373, 765584.2 2372347, 765576.7 2372322, 765568 2372297, 765558 2372273, 765546.7 2372250, 765534.2 2372227, 765520.5 2372204, 765505.7 2372183, 765489.8 2372162, 765472.8 2372142, 765454.7 2372123, 765435.8 2372105, 765415.9 2372088, 765395.1 2372072, 765373.5 2372057, 765351.2 2372044, 765328.2 2372031, 765304.6 2372020, 765280.4 2372010, 765255.7 2372001, 765230.6 2371994, 765205.1 2371988, 765179.4 2371983, 765153.5 2371979, 765127.4 2371977, 765101.2 2371977, 765075 2371977, 765048.9 2371979, 765023 2371983, 764997.2 2371988, 764971.8 2371994, 764946.7 2372001, 764922 2372010, 764897.8 2372020, 764874.2 2372031, 764851.2 2372044, 764828.9 2372057, 764807.3 2372072, 764786.5 2372088, 764766.6 2372105, 764747.6 2372123, 764729.6 2372142, 764712.6 2372162, 764696.7 2372183, 764681.9 2372204, 764668.2 2372227, 764655.7 2372250, 764644.4 2372273, 764634.4 2372297, 764625.7 2372322, 764618.2 2372347, 764612.1 2372373, 764607.3 2372398, 764603.9 2372424, 764601.9 2372451, 764601.2 2372477, 764601.9 2372503, 764603.9 2372529, 764607.3 2372555, 764612.1 2372581, 764618.2 2372606, 764625.7 2372631, 764634.4 2372656, 764644.4 2372680, 764655.7 2372704, 764668.2 2372727, 764681.9 2372749, 764696.7 2372771, 764712.6 2372791, 764729.6 2372811, 764747.6 2372830, 764766.6 2372848, 764786.5 2372865, 764807.3 2372881, 764828.9 2372896, 764851.2 2372910, 764874.2 2372922, 764897.8 2372933, 764922 2372943, 764946.7 2372952, 764971.8 2372960, 764997.2 2372966, 765023 2372971, 765048.9 2372974, 765075 2372976, 765101.2 2372977, 765127.4 2372976, 765153.5 2372974, 765179.4 2372971, 765205.1 2372966, 765230.6 2372960, 765255.7 2372952, 765280.4 2372943, 765304.6 2372933, 765328.2 2372922, 765351.2 2372910, 765373.5 2372896, 765395.1 2372881, 765415.9 2372865, 765435.8 2372848, 765454.7 2372830, 765472.8 2372811, 765489.8 2372791, 765505.7 2372771, 765520.5 2372749, 765534.2 2372727, 765546.7 2372704, 765558 2372680, 765568 2372656, 765576.7 2372631, 765584.2 2372606, 765590.3 2372581, 765595 2372555, 765598.5 2372529, 765600.5 2372503, 765601.2 2372477))"
41,20260550,Forest,6054,20.96777302958274,0.8063792673810117,1,Dai,土葬,有,1,0,0,222,246.06332363151856,338.00069638760544,675.173828125,8.17698860168457,32.792277853645864,239630.0262451172,66114.404296875,0.6880746589725929,1,52,21468.71852874756,0.0895911036907672,18900,0.07887158506867256,1,0,0.8406396056031173,0.5415949164194909,8.708474489581665,3.0429866413527678,-0.21520109208853438,"POLYGON ((767765 2375573, 767764.3 2375547, 767762.2 2375521, 767758.8 2375495, 767754 2375470, 767747.9 2375444, 767740.5 2375419, 767731.8 2375394, 767721.7 2375370, 767710.5 2375346, 767698 2375323, 767684.3 2375301, 767669.5 2375280, 767653.5 2375259, 767636.5 2375239, 767618.5 2375220, 767599.5 2375202, 767579.6 2375185, 767558.9 2375169, 767537.3 2375154, 767515 2375140, 767492 2375128, 767468.3 2375117, 767444.2 2375107, 767419.5 2375098, 767394.4 2375090, 767368.9 2375084, 767343.2 2375080, 767317.2 2375076, 767291.1 2375074, 767265 2375073, 767238.8 2375074, 767212.7 2375076, 767186.7 2375080, 767161 2375084, 767135.6 2375090, 767110.5 2375098, 767085.8 2375107, 767061.6 2375117, 767038 2375128, 767015 2375140, 766992.6 2375154, 766971.1 2375169, 766950.3 2375185, 766930.4 2375202, 766911.4 2375220, 766893.4 2375239, 766876.4 2375259, 766860.5 2375280, 766845.6 2375301, 766832 2375323, 766819.5 2375346, 766808.2 2375370, 766798.2 2375394, 766789.4 2375419, 766782 2375444, 766775.9 2375470, 766771.1 2375495, 766767.7 2375521, 766765.7 2375547, 766765 2375573, 766765.7 2375600, 766767.7 2375626, 766771.1 2375652, 766775.9 2375677, 766782 2375703, 766789.4 2375728, 766798.2 2375753, 766808.2 2375777, 766819.5 2375800, 766832 2375823, 766845.6 2375846, 766860.5 2375867, 766876.4 2375888, 766893.4 2375908, 766911.4 2375927, 766930.4 2375945, 766950.3 2375962, 766971.1 2375978, 766992.6 2375993, 767015 2376006, 767038 2376019, 767061.6 2376030, 767085.8 2376040, 767110.5 2376049, 767135.6 2376056, 767161 2376063, 767186.7 2376067, 767212.7 2376071, 767238.8 2376073, 767265 2376073, 767291.1 2376073, 767317.2 2376071, 767343.2 2376067, 767368.9 2376063, 767394.4 2376056, 767419.5 2376049, 767444.2 2376040, 767468.3 2376030, 767492 2376019, 767515 2376006, 767537.3 2375993, 767558.9 2375978, 767579.6 2375962, 767599.5 2375945, 767618.5 2375927, 767636.5 2375908, 767653.5 2375888, 767669.5 2375867, 767684.3 2375846, 767698 2375823, 767710.5 2375800, 767721.7 2375777, 767731.8 2375753, 767740.5 2375728, 767747.9 2375703, 767754 2375677, 767758.8 2375652, 767762.2 2375626, 767764.3 2375600, 767765 2375573))"
41,20260550,Forest,6132,233.80223404901614,1.5049730036942313,1,Dai,土葬,有,1,0,0,223,964.0537190217418,1017.4423371387262,667.3026123046875,8.417494773864746,308.5195241432233,100800,12918.188095092773,0.2042404886817119,1,53,13500,0.13392857142857142,0,0,1,0,0.6227812825016449,-0.7823959829687308,8.721276239991704,5.454475604377329,0.40877496029525895,"POLYGON ((768423.4 2376913, 768422.7 2376887, 768420.6 2376861, 768417.2 2376835, 768412.5 2376809, 768406.3 2376783, 768398.9 2376758, 768390.2 2376734, 768380.2 2376709, 768368.9 2376686, 768356.4 2376663, 768342.7 2376641, 768327.9 2376619, 768312 2376598, 768295 2376578, 768276.9 2376559, 768258 2376541, 768238 2376524, 768217.3 2376508, 768195.7 2376494, 768173.4 2376480, 768150.4 2376467, 768126.8 2376456, 768102.6 2376446, 768077.9 2376437, 768052.8 2376430, 768027.3 2376424, 768001.6 2376419, 767975.6 2376416, 767949.6 2376414, 767923.4 2376413, 767897.2 2376414, 767871.1 2376416, 767845.2 2376419, 767819.4 2376424, 767794 2376430, 767768.9 2376437, 767744.2 2376446, 767720 2376456, 767696.4 2376467, 767673.4 2376480, 767651.1 2376494, 767629.5 2376508, 767608.7 2376524, 767588.8 2376541, 767569.8 2376559, 767551.8 2376578, 767534.8 2376598, 767518.9 2376619, 767504 2376641, 767490.4 2376663, 767477.9 2376686, 767466.6 2376709, 767456.6 2376734, 767447.9 2376758, 767440.4 2376783, 767434.3 2376809, 767429.5 2376835, 767426.1 2376861, 767424.1 2376887, 767423.4 2376913, 767424.1 2376939, 767426.1 2376965, 767429.5 2376991, 767434.3 2377017, 767440.4 2377042, 767447.9 2377067, 767456.6 2377092, 767466.6 2377116, 767477.9 2377140, 767490.4 2377163, 767504 2377185, 767518.9 2377207, 767534.8 2377228, 767551.8 2377247, 767569.8 2377266, 767588.8 2377284, 767608.7 2377301, 767629.5 2377317, 767651.1 2377332, 767673.4 2377346, 767696.4 2377358, 767720 2377370, 767744.2 2377380, 767768.9 2377388, 767794 2377396, 767819.4 2377402, 767845.2 2377407, 767871.1 2377410, 767897.2 2377412, 767923.4 2377413, 767949.6 2377412, 767975.6 2377410, 768001.6 2377407, 768027.3 2377402, 768052.8 2377396, 768077.9 2377388, 768102.6 2377380, 768126.8 2377370, 768150.4 2377358, 768173.4 2377346, 768195.7 2377332, 768217.3 2377317, 768238 2377301, 768258 2377284, 768276.9 2377266, 768295 2377247, 768312 2377228, 768327.9 2377207, 768342.7 2377185, 768356.4 2377163, 768368.9 2377140, 768380.2 2377116, 768390.2 2377092, 768398.9 2377067, 768406.3 2377042, 768412.5 2377017, 768417.2 2376991, 768420.6 2376965, 768422.7 2376939, 768423.4 2376913))"
41,20260550,Forest,6132,233.80223404901614,1.5049730036942313,1,Dai,土葬,有,1,0,0,226,258.7067229217865,1888.9634692115658,656.36358642578125,5.062176704406738,241.08075866890832,900,6300,0.34233082712075713,1,54,900,1,0,0,1,0,-0.48357635850472924,-0.8753021795330488,8.721276239991704,5.454475604377329,0.40877496029525895,"POLYGON ((769037.8 2378480, 769037.1 2378453, 769035.1 2378427, 769031.7 2378401, 769026.9 2378376, 769020.8 2378350, 769013.4 2378325, 769004.6 2378300, 768994.6 2378276, 768983.3 2378253, 768970.8 2378230, 768957.2 2378207, 768942.3 2378186, 768926.4 2378165, 768909.4 2378145, 768891.4 2378126, 768872.4 2378108, 768852.5 2378091, 768831.7 2378075, 768810.1 2378060, 768787.8 2378047, 768764.8 2378034, 768741.2 2378023, 768717 2378013, 768692.3 2378004, 768667.2 2377997, 768641.8 2377990, 768616 2377986, 768590.1 2377982, 768564 2377980, 768537.8 2377980, 768511.7 2377980, 768485.6 2377982, 768459.6 2377986, 768433.9 2377990, 768408.4 2377997, 768383.3 2378004, 768358.6 2378013, 768334.5 2378023, 768310.8 2378034, 768287.8 2378047, 768265.5 2378060, 768243.9 2378075, 768223.2 2378091, 768203.3 2378108, 768184.3 2378126, 768166.2 2378145, 768149.2 2378165, 768133.3 2378186, 768118.5 2378207, 768104.8 2378230, 768092.3 2378253, 768081 2378276, 768071 2378300, 768062.3 2378325, 768054.9 2378350, 768048.7 2378376, 768044 2378401, 768040.6 2378427, 768038.5 2378453, 768037.8 2378480, 768038.5 2378506, 768040.6 2378532, 768044 2378558, 768048.7 2378584, 768054.9 2378609, 768062.3 2378634, 768071 2378659, 768081 2378683, 768092.3 2378707, 768104.8 2378730, 768118.5 2378752, 768133.3 2378773, 768149.2 2378794, 768166.2 2378814, 768184.3 2378833, 768203.3 2378851, 768223.2 2378868, 768243.9 2378884, 768265.5 2378899, 768287.8 2378913, 768310.8 2378925, 768334.5 2378936, 768358.6 2378946, 768383.3 2378955, 768408.4 2378963, 768433.9 2378969, 768459.6 2378973, 768485.6 2378977, 768511.7 2378979, 768537.8 2378980, 768564 2378979, 768590.1 2378977, 768616 2378973, 768641.8 2378969, 768667.2 2378963, 768692.3 2378955, 768717 2378946, 768741.2 2378936, 768764.8 2378925, 768787.8 2378913, 768810.1 2378899, 768831.7 2378884, 768852.5 2378868, 768872.4 2378851, 768891.4 2378833, 768909.4 2378814, 768926.4 2378794, 768942.3 2378773, 768957.2 2378752, 768970.8 2378730, 768983.3 2378707, 768994.6 2378683, 769004.6 2378659, 769013.4 2378634, 769020.8 2378609, 769026.9 2378584, 769031.7 2378558, 769035.1 2378532, 769037.1 2378506, 769037.8 2378480))"
41,20260550,Forest,6132,233.80223404901614,1.5049730036942313,1,Dai,土葬,有,1,0,0,228,207.5661965933815,1781.2064139303154,656.56951904296875,5.205219745635986,337.51221410604506,900,6300,0.27389933056353705,1,55,900,1,0,0,1,0,0.9239610905815182,-0.38248647439015615,8.721276239991704,5.454475604377329,0.40877496029525895,"POLYGON ((768844.1 2378268, 768843.4 2378242, 768841.3 2378216, 768837.9 2378190, 768833.1 2378164, 768827 2378138, 768819.6 2378113, 768810.9 2378089, 768800.8 2378064, 768789.6 2378041, 768777.1 2378018, 768763.4 2377996, 768748.6 2377974, 768732.6 2377953, 768715.6 2377933, 768697.6 2377914, 768678.6 2377896, 768658.7 2377879, 768638 2377863, 768616.4 2377849, 768594.1 2377835, 768571.1 2377822, 768547.4 2377811, 768523.2 2377801, 768498.6 2377792, 768473.5 2377785, 768448 2377779, 768422.3 2377774, 768396.3 2377771, 768370.2 2377769, 768344.1 2377768, 768317.9 2377769, 768291.8 2377771, 768265.8 2377774, 768240.1 2377779, 768214.7 2377785, 768189.6 2377792, 768164.9 2377801, 768140.7 2377811, 768117.1 2377822, 768094.1 2377835, 768071.7 2377849, 768050.2 2377863, 768029.4 2377879, 768009.5 2377896, 767990.5 2377914, 767972.5 2377933, 767955.5 2377953, 767939.6 2377974, 767924.7 2377996, 767911.1 2378018, 767898.6 2378041, 767887.3 2378064, 767877.3 2378089, 767868.5 2378113, 767861.1 2378138, 767855 2378164, 767850.2 2378190, 767846.8 2378216, 767844.7 2378242, 767844.1 2378268, 767844.7 2378294, 767846.8 2378320, 767850.2 2378346, 767855 2378372, 767861.1 2378397, 767868.5 2378422, 767877.3 2378447, 767887.3 2378471, 767898.6 2378495, 767911.1 2378518, 767924.7 2378540, 767939.6 2378562, 767955.5 2378583, 767972.5 2378602, 767990.5 2378621, 768009.5 2378639, 768029.4 2378656, 768050.2 2378672, 768071.7 2378687, 768094.1 2378701, 768117.1 2378713, 768140.7 2378725, 768164.9 2378735, 768189.6 2378743, 768214.7 2378751, 768240.1 2378757, 768265.8 2378762, 768291.8 2378765, 768317.9 2378767, 768344.1 2378768, 768370.2 2378767, 768396.3 2378765, 768422.3 2378762, 768448 2378757, 768473.5 2378751, 768498.6 2378743, 768523.2 2378735, 768547.4 2378725, 768571.1 2378713, 768594.1 2378701, 768616.4 2378687, 768638 2378672, 768658.7 2378656, 768678.6 2378639, 768697.6 2378621, 768715.6 2378602, 768732.6 2378583, 768748.6 2378562, 768763.4 2378540, 768777.1 2378518, 768789.6 2378495, 768800.8 2378471, 768810.9 2378447, 768819.6 2378422, 768827 2378397, 768833.1 2378372, 768837.9 2378346, 768841.3 2378320, 768843.4 2378294, 768844.1 2378268))"
41,20260550,Forest,6054,20.96777302958274,0.8063792673810117,1,Dai,土葬,有,1,0,0,237,611.2733275279741,804.8474446430195,633.58319091796875,2.3375771045684814,21.887386852957142,60055.128479003906,78140.313720703125,0.721619367098508,1,57,19800,0.3296970716984204,26909.36794281006,0.44807776828281937,1,0,0.927918341298746,0.37278351878990584,8.708474489581665,3.0429866413527678,-0.21520109208853438,"POLYGON ((767128 2375882, 767127.3 2375856, 767125.2 2375830, 767121.8 2375804, 767117 2375778, 767110.9 2375753, 767103.5 2375728, 767094.8 2375703, 767084.7 2375679, 767073.5 2375655, 767061 2375632, 767047.3 2375610, 767032.5 2375588, 767016.5 2375568, 766999.5 2375548, 766981.5 2375529, 766962.5 2375511, 766942.6 2375494, 766921.9 2375478, 766900.3 2375463, 766878 2375449, 766855 2375437, 766831.3 2375426, 766807.2 2375415, 766782.5 2375407, 766757.4 2375399, 766731.9 2375393, 766706.2 2375388, 766680.2 2375385, 766654.1 2375383, 766628 2375382, 766601.8 2375383, 766575.7 2375385, 766549.8 2375388, 766524 2375393, 766498.6 2375399, 766473.5 2375407, 766448.8 2375415, 766424.6 2375426, 766401 2375437, 766378 2375449, 766355.6 2375463, 766334.1 2375478, 766313.3 2375494, 766293.4 2375511, 766274.4 2375529, 766256.4 2375548, 766239.4 2375568, 766223.5 2375588, 766208.6 2375610, 766195 2375632, 766182.5 2375655, 766171.2 2375679, 766161.2 2375703, 766152.4 2375728, 766145 2375753, 766138.9 2375778, 766134.1 2375804, 766130.7 2375830, 766128.7 2375856, 766128 2375882, 766128.7 2375908, 766130.7 2375935, 766134.1 2375960, 766138.9 2375986, 766145 2376012, 766152.4 2376037, 766161.2 2376061, 766171.2 2376086, 766182.5 2376109, 766195 2376132, 766208.6 2376155, 766223.5 2376176, 766239.4 2376197, 766256.4 2376217, 766274.4 2376236, 766293.4 2376254, 766313.3 2376271, 766334.1 2376287, 766355.6 2376302, 766378 2376315, 766401 2376328, 766424.6 2376339, 766448.8 2376349, 766473.5 2376358, 766498.6 2376365, 766524 2376371, 766549.8 2376376, 766575.7 2376380, 766601.8 2376382, 766628 2376382, 766654.1 2376382, 766680.2 2376380, 766706.2 2376376, 766731.9 2376371, 766757.4 2376365, 766782.5 2376358, 766807.2 2376349, 766831.3 2376339, 766855 2376328, 766878 2376315, 766900.3 2376302, 766921.9 2376287, 766942.6 2376271, 766962.5 2376254, 766981.5 2376236, 766999.5 2376217, 767016.5 2376197, 767032.5 2376176, 767047.3 2376155, 767061 2376132, 767073.5 2376109, 767084.7 2376086, 767094.8 2376061, 767103.5 2376037, 767110.9 2376012, 767117 2375986, 767121.8 2375960, 767125.2 2375935, 767127.3 2375908, 767128 2375882))"
41,20260550,Forest,6215.315315315314,26.94583142792417,4.228671328671329,1,Dai,火葬,无,1,0,0,241,71.7399050593063,605.4780499761498,1144.9384765625,4.1127495765686035,241.81143381399454,308323.05908203125,0,0.3226420996577147,1,58,0,0,66967.31414794922,0.21719852659522346,1,0,-0.47237488457083177,-0.881397735660067,8.734771737221866,3.2938286073920278,1.4418878370192598,"POLYGON ((737730.6 2491310, 737730 2491284, 737727.9 2491258, 737724.5 2491232, 737719.7 2491206, 737713.6 2491181, 737706.2 2491156, 737697.4 2491131, 737687.4 2491107, 737676.2 2491083, 737663.7 2491060, 737650 2491038, 737635.2 2491016, 737619.2 2490996, 737602.2 2490976, 737584.2 2490957, 737565.2 2490939, 737545.3 2490922, 737524.5 2490906, 737503 2490891, 737480.6 2490877, 737457.6 2490865, 737434 2490854, 737409.8 2490844, 737385.2 2490835, 737360.1 2490827, 737334.6 2490821, 737308.9 2490817, 737282.9 2490813, 737256.8 2490811, 737230.6 2490810, 737204.5 2490811, 737178.4 2490813, 737152.4 2490817, 737126.7 2490821, 737101.2 2490827, 737076.1 2490835, 737051.5 2490844, 737027.3 2490854, 737003.7 2490865, 736980.6 2490877, 736958.3 2490891, 736936.8 2490906, 736916 2490922, 736896.1 2490939, 736877.1 2490957, 736859.1 2490976, 736842.1 2490996, 736826.1 2491016, 736811.3 2491038, 736797.6 2491060, 736785.1 2491083, 736773.9 2491107, 736763.9 2491131, 736755.1 2491156, 736747.7 2491181, 736741.6 2491206, 736736.8 2491232, 736733.4 2491258, 736731.3 2491284, 736730.6 2491310, 736731.3 2491337, 736733.4 2491363, 736736.8 2491389, 736741.6 2491414, 736747.7 2491440, 736755.1 2491465, 736763.9 2491490, 736773.9 2491514, 736785.1 2491537, 736797.6 2491560, 736811.3 2491583, 736826.1 2491604, 736842.1 2491625, 736859.1 2491645, 736877.1 2491664, 736896.1 2491682, 736916 2491699, 736936.8 2491715, 736958.3 2491730, 736980.6 2491743, 737003.7 2491756, 737027.3 2491767, 737051.5 2491777, 737076.1 2491786, 737101.2 2491793, 737126.7 2491799, 737152.4 2491804, 737178.4 2491808, 737204.5 2491810, 737230.6 2491810, 737256.8 2491810, 737282.9 2491808, 737308.9 2491804, 737334.6 2491799, 737360.1 2491793, 737385.2 2491786, 737409.8 2491777, 737434 2491767, 737457.6 2491756, 737480.6 2491743, 737503 2491730, 737524.5 2491715, 737545.3 2491699, 737565.2 2491682, 737584.2 2491664, 737602.2 2491645, 737619.2 2491625, 737635.2 2491604, 737650 2491583, 737663.7 2491560, 737676.2 2491537, 737687.4 2491514, 737697.4 2491490, 737706.2 2491465, 737713.6 2491440, 737719.7 2491414, 737724.5 2491389, 737727.9 2491363, 737730 2491337, 737730.6 2491310))"
41,20260550,Forest,6215.315315315314,26.94583142792417,4.228671328671329,1,Dai,火葬,无,1,0,0,242,52.747110192108835,227.03368478908453,1149.7767333984375,4.494739532470703,150.8876895798024,286780.18798828125,0,0.3954199346460825,1,59,0,0,91106.81076049805,0.3176886499712489,1,0,-0.8736677101297721,0.48652310559376366,8.734771737221866,3.2938286073920278,1.4418878370192598,"POLYGON ((738297 2490865, 738296.3 2490839, 738294.3 2490812, 738290.9 2490786, 738286.1 2490761, 738280 2490735, 738272.5 2490710, 738263.8 2490686, 738253.8 2490661, 738242.5 2490638, 738230 2490615, 738216.4 2490592, 738201.5 2490571, 738185.6 2490550, 738168.6 2490530, 738150.6 2490511, 738131.6 2490493, 738111.7 2490476, 738090.9 2490460, 738069.3 2490445, 738047 2490432, 738024 2490419, 738000.4 2490408, 737976.2 2490398, 737951.5 2490389, 737926.4 2490382, 737901 2490376, 737875.2 2490371, 737849.3 2490367, 737823.2 2490365, 737797 2490365, 737770.8 2490365, 737744.8 2490367, 737718.8 2490371, 737693.1 2490376, 737667.6 2490382, 737642.5 2490389, 737617.8 2490398, 737593.6 2490408, 737570 2490419, 737547 2490432, 737524.7 2490445, 737503.1 2490460, 737482.4 2490476, 737462.5 2490493, 737443.5 2490511, 737425.4 2490530, 737408.4 2490550, 737392.5 2490571, 737377.7 2490592, 737364 2490615, 737351.5 2490638, 737340.2 2490661, 737330.2 2490686, 737321.5 2490710, 737314.1 2490735, 737307.9 2490761, 737303.2 2490786, 737299.8 2490812, 737297.7 2490839, 737297 2490865, 737297.7 2490891, 737299.8 2490917, 737303.2 2490943, 737307.9 2490969, 737314.1 2490994, 737321.5 2491019, 737330.2 2491044, 737340.2 2491068, 737351.5 2491092, 737364 2491115, 737377.7 2491137, 737392.5 2491159, 737408.4 2491179, 737425.4 2491199, 737443.5 2491218, 737462.5 2491236, 737482.4 2491253, 737503.1 2491269, 737524.7 2491284, 737547 2491298, 737570 2491310, 737593.6 2491321, 737617.8 2491331, 737642.5 2491340, 737667.6 2491348, 737693.1 2491354, 737718.8 2491359, 737744.8 2491362, 737770.8 2491364, 737797 2491365, 737823.2 2491364, 737849.3 2491362, 737875.2 2491359, 737901 2491354, 737926.4 2491348, 737951.5 2491340, 737976.2 2491331, 738000.4 2491321, 738024 2491310, 738047 2491298, 738069.3 2491284, 738090.9 2491269, 738111.7 2491253, 738131.6 2491236, 738150.6 2491218, 738168.6 2491199, 738185.6 2491179, 738201.5 2491159, 738216.4 2491137, 738230 2491115, 738242.5 2491092, 738253.8 2491068, 738263.8 2491044, 738272.5 2491019, 738280 2490994, 738286.1 2490969, 738290.9 2490943, 738294.3 2490917, 738296.3 2490891, 738297 2490865))"
41,20260550,Forest,6215.315315315314,26.94583142792417,4.228671328671329,1,Dai,火葬,无,1,0,0,243,75.92420921611043,553.427004004312,1139.578857421875,2.506574869155884,231.79934018902884,124571.5576171875,0,0.452197305004942,1,60,0,0,68664.19372558594,0.5512028189981638,1,0,-0.6184174451454244,-0.7858497716102016,8.734771737221866,3.2938286073920278,1.4418878370192598,"POLYGON ((738142.3 2490560, 738141.6 2490534, 738139.5 2490508, 738136.1 2490482, 738131.4 2490456, 738125.2 2490430, 738117.8 2490405, 738109.1 2490381, 738099.1 2490356, 738087.8 2490333, 738075.3 2490310, 738061.6 2490288, 738046.8 2490266, 738030.9 2490245, 738013.9 2490225, 737995.8 2490206, 737976.9 2490188, 737956.9 2490171, 737936.2 2490155, 737914.6 2490141, 737892.3 2490127, 737869.3 2490114, 737845.7 2490103, 737821.5 2490093, 737796.8 2490084, 737771.7 2490077, 737746.2 2490071, 737720.5 2490066, 737694.6 2490063, 737668.5 2490061, 737642.3 2490060, 737616.1 2490061, 737590 2490063, 737564.1 2490066, 737538.3 2490071, 737512.9 2490077, 737487.8 2490084, 737463.1 2490093, 737438.9 2490103, 737415.3 2490114, 737392.3 2490127, 737370 2490141, 737348.4 2490155, 737327.6 2490171, 737307.7 2490188, 737288.7 2490206, 737270.7 2490225, 737253.7 2490245, 737237.8 2490266, 737223 2490288, 737209.3 2490310, 737196.8 2490333, 737185.5 2490356, 737175.5 2490381, 737166.8 2490405, 737159.3 2490430, 737153.2 2490456, 737148.4 2490482, 737145 2490508, 737143 2490534, 737142.3 2490560, 737143 2490586, 737145 2490612, 737148.4 2490638, 737153.2 2490664, 737159.3 2490689, 737166.8 2490714, 737175.5 2490739, 737185.5 2490763, 737196.8 2490787, 737209.3 2490810, 737223 2490832, 737237.8 2490854, 737253.7 2490875, 737270.7 2490894, 737288.7 2490913, 737307.7 2490931, 737327.6 2490948, 737348.4 2490964, 737370 2490979, 737392.3 2490993, 737415.3 2491005, 737438.9 2491017, 737463.1 2491027, 737487.8 2491035, 737512.9 2491043, 737538.3 2491049, 737564.1 2491054, 737590 2491057, 737616.1 2491059, 737642.3 2491060, 737668.5 2491059, 737694.6 2491057, 737720.5 2491054, 737746.2 2491049, 737771.7 2491043, 737796.8 2491035, 737821.5 2491027, 737845.7 2491017, 737869.3 2491005, 737892.3 2490993, 737914.6 2490979, 737936.2 2490964, 737956.9 2490948, 737976.9 2490931, 737995.8 2490913, 738013.9 2490894, 738030.9 2490875, 738046.8 2490854, 738061.6 2490832, 738075.3 2490810, 738087.8 2490787, 738099.1 2490763, 738109.1 2490739, 738117.8 2490714, 738125.2 2490689, 738131.4 2490664, 738136.1 2490638, 738139.5 2490612, 738141.6 2490586, 738142.3 2490560))"
41,20260550,Forest,6109.060402684564,16.49307014828121,2.182649842271293,1,Dai,火葬,无,1,0,0,250,571.8095909667991,690.7170416910553,870.3758544921875,11.08084774017334,256.54987472412,424005.77087402344,40407.6358795166,0.15266297096907278,1,61,92422.74627685547,0.21797520841836662,253220.74584960938,0.59721061184529,1,0,-0.23259884874941203,-0.9725727610623527,8.717528260092221,2.802940301672347,0.7805396626274846,"POLYGON ((719551.1 2474519, 719550.4 2474493, 719548.4 2474467, 719544.9 2474441, 719540.2 2474415, 719534.1 2474390, 719526.6 2474365, 719517.9 2474340, 719507.9 2474316, 719496.6 2474292, 719484.1 2474269, 719470.4 2474247, 719455.6 2474225, 719439.7 2474205, 719422.7 2474185, 719404.7 2474166, 719385.7 2474148, 719365.8 2474131, 719345 2474115, 719323.4 2474100, 719301.1 2474086, 719278.1 2474074, 719254.5 2474062, 719230.3 2474052, 719205.6 2474044, 719180.5 2474036, 719155.1 2474030, 719129.3 2474025, 719103.4 2474022, 719077.3 2474020, 719051.1 2474019, 719024.9 2474020, 718998.8 2474022, 718972.9 2474025, 718947.1 2474030, 718921.7 2474036, 718896.6 2474044, 718871.9 2474052, 718847.7 2474062, 718824.1 2474074, 718801.1 2474086, 718778.8 2474100, 718757.2 2474115, 718736.4 2474131, 718716.5 2474148, 718697.5 2474166, 718679.5 2474185, 718662.5 2474205, 718646.6 2474225, 718631.8 2474247, 718618.1 2474269, 718605.6 2474292, 718594.3 2474316, 718584.3 2474340, 718575.6 2474365, 718568.1 2474390, 718562 2474415, 718557.3 2474441, 718553.8 2474467, 718551.8 2474493, 718551.1 2474519, 718551.8 2474545, 718553.8 2474571, 718557.3 2474597, 718562 2474623, 718568.1 2474649, 718575.6 2474674, 718584.3 2474698, 718594.3 2474723, 718605.6 2474746, 718618.1 2474769, 718631.8 2474792, 718646.6 2474813, 718662.5 2474834, 718679.5 2474854, 718697.5 2474873, 718716.5 2474891, 718736.4 2474908, 718757.2 2474924, 718778.8 2474939, 718801.1 2474952, 718824.1 2474965, 718847.7 2474976, 718871.9 2474986, 718896.6 2474995, 718921.7 2475002, 718947.1 2475008, 718972.9 2475013, 718998.8 2475016, 719024.9 2475018, 719051.1 2475019, 719077.3 2475018, 719103.4 2475016, 719129.3 2475013, 719155.1 2475008, 719180.5 2475002, 719205.6 2474995, 719230.3 2474986, 719254.5 2474976, 719278.1 2474965, 719301.1 2474952, 719323.4 2474939, 719345 2474924, 719365.8 2474908, 719385.7 2474891, 719404.7 2474873, 719422.7 2474854, 719439.7 2474834, 719455.6 2474813, 719470.4 2474792, 719484.1 2474769, 719496.6 2474746, 719507.9 2474723, 719517.9 2474698, 719526.6 2474674, 719534.1 2474649, 719540.2 2474623, 719544.9 2474597, 719548.4 2474571, 719550.4 2474545, 719551.1 2474519))"
41,20260550,Forest,6074.664429530201,13.119310196178745,1.7788079470198674,1,Dai,火葬,无,1,0,0,251,420.15143532974935,318.46741840406634,887.5546875,4.8407368659973145,72.47301897378661,35276.536560058594,272655.0109863281,0.4796755451413179,1,62,12532.87353515625,0.35527505694383943,21228.51963043213,0.6017744852670103,1,0,0.3011548788430312,0.9535752403187906,8.711882028745663,2.5740852056229833,0.5759434472742128,"POLYGON ((713332.3 2485393, 713331.6 2485367, 713329.5 2485341, 713326.1 2485315, 713321.4 2485289, 713315.2 2485263, 713307.8 2485238, 713299.1 2485214, 713289.1 2485189, 713277.8 2485166, 713265.3 2485143, 713251.6 2485121, 713236.8 2485099, 713220.9 2485078, 713203.9 2485058, 713185.8 2485039, 713166.8 2485021, 713146.9 2485004, 713126.2 2484988, 713104.6 2484974, 713082.3 2484960, 713059.3 2484947, 713035.7 2484936, 713011.5 2484926, 712986.8 2484917, 712961.7 2484910, 712936.2 2484904, 712910.5 2484899, 712884.5 2484896, 712858.5 2484894, 712832.3 2484893, 712806.1 2484894, 712780 2484896, 712754.1 2484899, 712728.3 2484904, 712702.9 2484910, 712677.8 2484917, 712653.1 2484926, 712628.9 2484936, 712605.3 2484947, 712582.3 2484960, 712560 2484974, 712538.4 2484988, 712517.6 2485004, 712497.7 2485021, 712478.7 2485039, 712460.7 2485058, 712443.7 2485078, 712427.8 2485099, 712412.9 2485121, 712399.3 2485143, 712386.8 2485166, 712375.5 2485189, 712365.5 2485214, 712356.8 2485238, 712349.3 2485263, 712343.2 2485289, 712338.4 2485315, 712335 2485341, 712333 2485367, 712332.3 2485393, 712333 2485419, 712335 2485445, 712338.4 2485471, 712343.2 2485497, 712349.3 2485522, 712356.8 2485547, 712365.5 2485572, 712375.5 2485596, 712386.8 2485620, 712399.3 2485643, 712412.9 2485665, 712427.8 2485687, 712443.7 2485708, 712460.7 2485727, 712478.7 2485746, 712497.7 2485764, 712517.6 2485781, 712538.4 2485797, 712560 2485812, 712582.3 2485826, 712605.3 2485838, 712628.9 2485850, 712653.1 2485860, 712677.8 2485868, 712702.9 2485876, 712728.3 2485882, 712754.1 2485887, 712780 2485890, 712806.1 2485892, 712832.3 2485893, 712858.5 2485892, 712884.5 2485890, 712910.5 2485887, 712936.2 2485882, 712961.7 2485876, 712986.8 2485868, 713011.5 2485860, 713035.7 2485850, 713059.3 2485838, 713082.3 2485826, 713104.6 2485812, 713126.2 2485797, 713146.9 2485781, 713166.8 2485764, 713185.8 2485746, 713203.9 2485727, 713220.9 2485708, 713236.8 2485687, 713251.6 2485665, 713265.3 2485643, 713277.8 2485620, 713289.1 2485596, 713299.1 2485572, 713307.8 2485547, 713315.2 2485522, 713321.4 2485497, 713326.1 2485471, 713329.5 2485445, 713331.6 2485419, 713332.3 2485393))"
41,20260550,Forest,6383.3892617449665,33.70123791548138,2.8425728500355367,1,Dai,火葬,无,1,0,0,258,110.83350322704884,489.11690462465396,920.61004638671875,8.634428977966309,161.93747485022152,109063.6001586914,287055.97229003906,0.38718881304137753,1,63,104628.91387939453,0.9593385302443322,0,0,1,0,-0.9507187291782956,0.3100546693562391,8.761454467533365,3.517534570080735,1.0447095751744875,"POLYGON ((711455.6 2495577, 711454.9 2495551, 711452.9 2495525, 711449.5 2495499, 711444.7 2495473, 711438.6 2495448, 711431.1 2495423, 711422.4 2495398, 711412.4 2495374, 711401.1 2495350, 711388.6 2495327, 711375 2495305, 711360.1 2495283, 711344.2 2495262, 711327.2 2495243, 711309.2 2495224, 711290.2 2495206, 711270.3 2495189, 711249.5 2495173, 711227.9 2495158, 711205.6 2495144, 711182.6 2495132, 711159 2495120, 711134.8 2495110, 711110.1 2495102, 711085 2495094, 711059.6 2495088, 711033.8 2495083, 711007.9 2495080, 710981.8 2495078, 710955.6 2495077, 710929.5 2495078, 710903.4 2495080, 710877.4 2495083, 710851.7 2495088, 710826.2 2495094, 710801.1 2495102, 710776.4 2495110, 710752.3 2495120, 710728.6 2495132, 710705.6 2495144, 710683.3 2495158, 710661.7 2495173, 710641 2495189, 710621.1 2495206, 710602.1 2495224, 710584 2495243, 710567 2495262, 710551.1 2495283, 710536.3 2495305, 710522.6 2495327, 710510.1 2495350, 710498.8 2495374, 710488.8 2495398, 710480.1 2495423, 710472.7 2495448, 710466.5 2495473, 710461.8 2495499, 710458.4 2495525, 710456.3 2495551, 710455.6 2495577, 710456.3 2495603, 710458.4 2495629, 710461.8 2495655, 710466.5 2495681, 710472.7 2495707, 710480.1 2495732, 710488.8 2495756, 710498.8 2495781, 710510.1 2495804, 710522.6 2495827, 710536.3 2495849, 710551.1 2495871, 710567 2495892, 710584 2495912, 710602.1 2495931, 710621.1 2495949, 710641 2495966, 710661.7 2495982, 710683.3 2495996, 710705.6 2496010, 710728.6 2496023, 710752.3 2496034, 710776.4 2496044, 710801.1 2496053, 710826.2 2496060, 710851.7 2496066, 710877.4 2496071, 710903.4 2496074, 710929.5 2496076, 710955.6 2496077, 710981.8 2496076, 711007.9 2496074, 711033.8 2496071, 711059.6 2496066, 711085 2496060, 711110.1 2496053, 711134.8 2496044, 711159 2496034, 711182.6 2496023, 711205.6 2496010, 711227.9 2495996, 711249.5 2495982, 711270.3 2495966, 711290.2 2495949, 711309.2 2495931, 711327.2 2495912, 711344.2 2495892, 711360.1 2495871, 711375 2495849, 711388.6 2495827, 711401.1 2495804, 711412.4 2495781, 711422.4 2495756, 711431.1 2495732, 711438.6 2495707, 711444.7 2495681, 711449.5 2495655, 711452.9 2495629, 711454.9 2495603, 711455.6 2495577))"
41,20260550,Forest,6175.335570469799,21.769282139453722,3.3278787878787877,1,Dai,火葬,无,1,0,0,259,201.7882874807375,844.8506438640595,903.98590087890625,6.9688897132873535,133.2807772130688,12237.792778015137,92309.326171875,0.25639122307171075,1,64,9331.69355392456,0.7625307703108599,2906.0994386672974,0.23746924722307983,1,0,-0.6855741459016129,0.7280028093841905,8.728318503415547,3.0804998999418083,1.2023351003842462,"POLYGON ((712546.9 2494900, 712546.2 2494874, 712544.1 2494848, 712540.7 2494822, 712536 2494796, 712529.8 2494771, 712522.4 2494746, 712513.7 2494721, 712503.7 2494697, 712492.4 2494673, 712479.9 2494650, 712466.2 2494628, 712451.4 2494606, 712435.5 2494586, 712418.5 2494566, 712400.4 2494547, 712381.4 2494529, 712361.5 2494512, 712340.8 2494496, 712319.2 2494481, 712296.9 2494467, 712273.9 2494455, 712250.2 2494443, 712226.1 2494433, 712201.4 2494425, 712176.3 2494417, 712150.8 2494411, 712125.1 2494406, 712099.1 2494403, 712073 2494401, 712046.9 2494400, 712020.7 2494401, 711994.6 2494403, 711968.7 2494406, 711942.9 2494411, 711917.5 2494417, 711892.4 2494425, 711867.7 2494433, 711843.5 2494443, 711819.9 2494455, 711796.9 2494467, 711774.6 2494481, 711753 2494496, 711732.2 2494512, 711712.3 2494529, 711693.3 2494547, 711675.3 2494566, 711658.3 2494586, 711642.4 2494606, 711627.5 2494628, 711613.9 2494650, 711601.4 2494673, 711590.1 2494697, 711580.1 2494721, 711571.3 2494746, 711563.9 2494771, 711557.8 2494796, 711553 2494822, 711549.6 2494848, 711547.6 2494874, 711546.9 2494900, 711547.6 2494926, 711549.6 2494953, 711553 2494978, 711557.8 2495004, 711563.9 2495030, 711571.3 2495055, 711580.1 2495079, 711590.1 2495104, 711601.4 2495127, 711613.9 2495150, 711627.5 2495173, 711642.4 2495194, 711658.3 2495215, 711675.3 2495235, 711693.3 2495254, 711712.3 2495272, 711732.2 2495289, 711753 2495305, 711774.6 2495320, 711796.9 2495333, 711819.9 2495346, 711843.5 2495357, 711867.7 2495367, 711892.4 2495376, 711917.5 2495383, 711942.9 2495389, 711968.7 2495394, 711994.6 2495398, 712020.7 2495400, 712046.9 2495400, 712073 2495400, 712099.1 2495398, 712125.1 2495394, 712150.8 2495389, 712176.3 2495383, 712201.4 2495376, 712226.1 2495367, 712250.2 2495357, 712273.9 2495346, 712296.9 2495333, 712319.2 2495320, 712340.8 2495305, 712361.5 2495289, 712381.4 2495272, 712400.4 2495254, 712418.5 2495235, 712435.5 2495215, 712451.4 2495194, 712466.2 2495173, 712479.9 2495150, 712492.4 2495127, 712503.7 2495104, 712513.7 2495079, 712522.4 2495055, 712529.8 2495030, 712536 2495004, 712540.7 2494978, 712544.1 2494953, 712546.2 2494926, 712546.9 2494900))"
41,20260550,Forest,7630.691399662732,27.6544837918879,1.344620015048909,1,Dai,火葬,无,1,0,0,318,439.51684637399654,1564.8097481804343,579.0496826171875,17.47246551513672,189.5360036458489,26100,474641.7297363281,0.047964855425198114,1,66,9900,0.3793103448275862,0,0,1,0,-0.9861816938481208,-0.16566733751361865,8.939933736118437,3.3197878772766924,0.2961114564461827,"POLYGON ((712883.7 2414857, 712883 2414831, 712880.9 2414805, 712877.5 2414779, 712872.7 2414753, 712866.6 2414728, 712859.2 2414703, 712850.5 2414678, 712840.4 2414654, 712829.2 2414630, 712816.7 2414607, 712803 2414585, 712788.2 2414563, 712772.2 2414542, 712755.2 2414522, 712737.2 2414503, 712718.2 2414485, 712698.3 2414468, 712677.6 2414453, 712656 2414438, 712633.7 2414424, 712610.7 2414412, 712587 2414400, 712562.8 2414390, 712538.2 2414381, 712513.1 2414374, 712487.6 2414368, 712461.9 2414363, 712435.9 2414360, 712409.8 2414358, 712383.7 2414357, 712357.5 2414358, 712331.4 2414360, 712305.4 2414363, 712279.7 2414368, 712254.3 2414374, 712229.2 2414381, 712204.5 2414390, 712180.3 2414400, 712156.7 2414412, 712133.7 2414424, 712111.3 2414438, 712089.8 2414453, 712069 2414468, 712049.1 2414485, 712030.1 2414503, 712012.1 2414522, 711995.1 2414542, 711979.2 2414563, 711964.3 2414585, 711950.6 2414607, 711938.2 2414630, 711926.9 2414654, 711916.9 2414678, 711908.1 2414703, 711900.7 2414728, 711894.6 2414753, 711889.8 2414779, 711886.4 2414805, 711884.3 2414831, 711883.7 2414857, 711884.3 2414883, 711886.4 2414909, 711889.8 2414935, 711894.6 2414961, 711900.7 2414986, 711908.1 2415012, 711916.9 2415036, 711926.9 2415060, 711938.2 2415084, 711950.6 2415107, 711964.3 2415129, 711979.2 2415151, 711995.1 2415172, 712012.1 2415192, 712030.1 2415211, 712049.1 2415229, 712069 2415246, 712089.8 2415262, 712111.3 2415276, 712133.7 2415290, 712156.7 2415303, 712180.3 2415314, 712204.5 2415324, 712229.2 2415333, 712254.3 2415340, 712279.7 2415346, 712305.4 2415351, 712331.4 2415354, 712357.5 2415356, 712383.7 2415357, 712409.8 2415356, 712435.9 2415354, 712461.9 2415351, 712487.6 2415346, 712513.1 2415340, 712538.2 2415333, 712562.8 2415324, 712587 2415314, 712610.7 2415303, 712633.7 2415290, 712656 2415276, 712677.6 2415262, 712698.3 2415246, 712718.2 2415229, 712737.2 2415211, 712755.2 2415192, 712772.2 2415172, 712788.2 2415151, 712803 2415129, 712816.7 2415107, 712829.2 2415084, 712840.4 2415060, 712850.5 2415036, 712859.2 2415012, 712866.6 2414986, 712872.7 2414961, 712877.5 2414935, 712880.9 2414909, 712883 2414883, 712883.7 2414857))"
41,20260550,Forest,7630.691399662732,27.6544837918879,1.344620015048909,1,Dai,火葬,有,1,0,0,321,90.82509645872813,257.3323728060716,983.46197509765625,17.320606231689453,97.60261837448417,84227.508544921875,117528.22265625,0.04560324207025246,1,67,84227.508544921875,1,0,0,1,0,-0.13230168793152902,0.9912094951978963,8.939933736118437,3.3197878772766924,0.2961114564461827,"POLYGON ((714961.3 2417246, 714960.6 2417220, 714958.6 2417194, 714955.2 2417168, 714950.4 2417142, 714944.3 2417117, 714936.9 2417091, 714928.1 2417067, 714918.1 2417043, 714906.8 2417019, 714894.3 2416996, 714880.7 2416974, 714865.8 2416952, 714849.9 2416931, 714832.9 2416911, 714814.9 2416892, 714795.9 2416874, 714776 2416857, 714755.2 2416841, 714733.6 2416827, 714711.3 2416813, 714688.3 2416800, 714664.7 2416789, 714640.5 2416779, 714615.8 2416770, 714590.7 2416763, 714565.3 2416757, 714539.5 2416752, 714513.6 2416749, 714487.5 2416747, 714461.3 2416746, 714435.2 2416747, 714409.1 2416749, 714383.1 2416752, 714357.4 2416757, 714331.9 2416763, 714306.8 2416770, 714282.1 2416779, 714258 2416789, 714234.3 2416800, 714211.3 2416813, 714189 2416827, 714167.4 2416841, 714146.7 2416857, 714126.8 2416874, 714107.8 2416892, 714089.8 2416911, 714072.8 2416931, 714056.8 2416952, 714042 2416974, 714028.3 2416996, 714015.8 2417019, 714004.6 2417043, 713994.5 2417067, 713985.8 2417091, 713978.4 2417117, 713972.3 2417142, 713967.5 2417168, 713964.1 2417194, 713962 2417220, 713961.3 2417246, 713962 2417272, 713964.1 2417298, 713967.5 2417324, 713972.3 2417350, 713978.4 2417375, 713985.8 2417400, 713994.5 2417425, 714004.6 2417449, 714015.8 2417473, 714028.3 2417496, 714042 2417518, 714056.8 2417540, 714072.8 2417561, 714089.8 2417581, 714107.8 2417600, 714126.8 2417618, 714146.7 2417635, 714167.4 2417650, 714189 2417665, 714211.3 2417679, 714234.3 2417691, 714258 2417703, 714282.1 2417713, 714306.8 2417721, 714331.9 2417729, 714357.4 2417735, 714383.1 2417740, 714409.1 2417743, 714435.2 2417745, 714461.3 2417746, 714487.5 2417745, 714513.6 2417743, 714539.5 2417740, 714565.3 2417735, 714590.7 2417729, 714615.8 2417721, 714640.5 2417713, 714664.7 2417703, 714688.3 2417691, 714711.3 2417679, 714733.6 2417665, 714755.2 2417650, 714776 2417635, 714795.9 2417618, 714814.9 2417600, 714832.9 2417581, 714849.9 2417561, 714865.8 2417540, 714880.7 2417518, 714894.3 2417496, 714906.8 2417473, 714918.1 2417449, 714928.1 2417425, 714936.9 2417400, 714944.3 2417375, 714950.4 2417350, 714955.2 2417324, 714958.6 2417298, 714960.6 2417272, 714961.3 2417246))"
41,20260550,Forest,7630.691399662732,27.6544837918879,1.344620015048909,1,Dai,火葬,有,1,0,0,322,26.005140311125437,188.97747462443573,1008.5733642578125,17.069568634033203,21.937184031210283,128013.78021240234,152107.82775878906,0.04817710657191483,1,68,114459.96780395508,0.8941222391373914,13553.815841674805,0.1058777876818114,1,0,0.9275939955041993,0.37358985465956573,8.939933736118437,3.3197878772766924,0.2961114564461827,"POLYGON ((714910.1 2417356, 714909.4 2417330, 714907.4 2417304, 714904 2417278, 714899.2 2417252, 714893.1 2417227, 714885.7 2417202, 714876.9 2417177, 714866.9 2417153, 714855.6 2417129, 714843.1 2417106, 714829.5 2417084, 714814.6 2417062, 714798.7 2417042, 714781.7 2417022, 714763.7 2417003, 714744.7 2416985, 714724.8 2416968, 714704 2416952, 714682.4 2416937, 714660.1 2416923, 714637.1 2416911, 714613.5 2416900, 714589.3 2416890, 714564.6 2416881, 714539.5 2416873, 714514.1 2416867, 714488.3 2416863, 714462.4 2416859, 714436.3 2416857, 714410.1 2416856, 714384 2416857, 714357.9 2416859, 714331.9 2416863, 714306.2 2416867, 714280.7 2416873, 714255.6 2416881, 714230.9 2416890, 714206.8 2416900, 714183.1 2416911, 714160.1 2416923, 714137.8 2416937, 714116.2 2416952, 714095.5 2416968, 714075.6 2416985, 714056.6 2417003, 714038.6 2417022, 714021.6 2417042, 714005.6 2417062, 713990.8 2417084, 713977.1 2417106, 713964.6 2417129, 713953.4 2417153, 713943.3 2417177, 713934.6 2417202, 713927.2 2417227, 713921.1 2417252, 713916.3 2417278, 713912.9 2417304, 713910.8 2417330, 713910.1 2417356, 713910.8 2417383, 713912.9 2417409, 713916.3 2417435, 713921.1 2417460, 713927.2 2417486, 713934.6 2417511, 713943.3 2417536, 713953.4 2417560, 713964.6 2417583, 713977.1 2417606, 713990.8 2417629, 714005.6 2417650, 714021.6 2417671, 714038.6 2417691, 714056.6 2417710, 714075.6 2417728, 714095.5 2417745, 714116.2 2417761, 714137.8 2417776, 714160.1 2417789, 714183.1 2417802, 714206.8 2417813, 714230.9 2417823, 714255.6 2417832, 714280.7 2417839, 714306.2 2417845, 714331.9 2417850, 714357.9 2417854, 714384 2417856, 714410.1 2417856, 714436.3 2417856, 714462.4 2417854, 714488.3 2417850, 714514.1 2417845, 714539.5 2417839, 714564.6 2417832, 714589.3 2417823, 714613.5 2417813, 714637.1 2417802, 714660.1 2417789, 714682.4 2417776, 714704 2417761, 714724.8 2417745, 714744.7 2417728, 714763.7 2417710, 714781.7 2417691, 714798.7 2417671, 714814.6 2417650, 714829.5 2417629, 714843.1 2417606, 714855.6 2417583, 714866.9 2417560, 714876.9 2417536, 714885.7 2417511, 714893.1 2417486, 714899.2 2417460, 714904 2417435, 714907.4 2417409, 714909.4 2417383, 714910.1 2417356))"
41,20260550,Forest,7124.137931034484,51.67247087351391,2.2232954545454544,1,Dai,火葬,无,1,0,0,365,31.03788091482125,1649.59586800577,1080.351318359375,2.5733065605163574,269.3848377328124,46537.60185241699,0,0.10709220820251851,1,69,0,0,27263.057327270508,0.5858285825240598,1,0,-0.010736400721067872,-0.9999423631887773,8.871244005681202,3.944925161428895,0.798990534178215,"POLYGON ((639679.7 2450694, 639679 2450667, 639676.9 2450641, 639673.5 2450615, 639668.7 2450590, 639662.6 2450564, 639655.2 2450539, 639646.5 2450514, 639636.4 2450490, 639625.2 2450467, 639612.7 2450444, 639599 2450421, 639584.2 2450400, 639568.2 2450379, 639551.2 2450359, 639533.2 2450340, 639514.2 2450322, 639494.3 2450305, 639473.6 2450289, 639452 2450274, 639429.7 2450261, 639406.7 2450248, 639383 2450237, 639358.8 2450227, 639334.2 2450218, 639309.1 2450211, 639283.6 2450205, 639257.9 2450200, 639231.9 2450196, 639205.8 2450194, 639179.7 2450194, 639153.5 2450194, 639127.4 2450196, 639101.4 2450200, 639075.7 2450205, 639050.3 2450211, 639025.2 2450218, 639000.5 2450227, 638976.3 2450237, 638952.7 2450248, 638929.7 2450261, 638907.3 2450274, 638885.8 2450289, 638865 2450305, 638845.1 2450322, 638826.1 2450340, 638808.1 2450359, 638791.1 2450379, 638775.2 2450400, 638760.3 2450421, 638746.7 2450444, 638734.2 2450467, 638722.9 2450490, 638712.9 2450514, 638704.1 2450539, 638696.7 2450564, 638690.6 2450590, 638685.8 2450615, 638682.4 2450641, 638680.3 2450667, 638679.7 2450694, 638680.3 2450720, 638682.4 2450746, 638685.8 2450772, 638690.6 2450798, 638696.7 2450823, 638704.1 2450848, 638712.9 2450873, 638722.9 2450897, 638734.2 2450921, 638746.7 2450944, 638760.3 2450966, 638775.2 2450988, 638791.1 2451008, 638808.1 2451028, 638826.1 2451047, 638845.1 2451065, 638865 2451082, 638885.8 2451098, 638907.3 2451113, 638929.7 2451127, 638952.7 2451139, 638976.3 2451150, 639000.5 2451160, 639025.2 2451169, 639050.3 2451177, 639075.7 2451183, 639101.4 2451188, 639127.4 2451191, 639153.5 2451193, 639179.7 2451194, 639205.8 2451193, 639231.9 2451191, 639257.9 2451188, 639283.6 2451183, 639309.1 2451177, 639334.2 2451169, 639358.8 2451160, 639383 2451150, 639406.7 2451139, 639429.7 2451127, 639452 2451113, 639473.6 2451098, 639494.3 2451082, 639514.2 2451065, 639533.2 2451047, 639551.2 2451028, 639568.2 2451008, 639584.2 2450988, 639599 2450966, 639612.7 2450944, 639625.2 2450921, 639636.4 2450897, 639646.5 2450873, 639655.2 2450848, 639662.6 2450823, 639668.7 2450798, 639673.5 2450772, 639676.9 2450746, 639679 2450720, 639679.7 2450694))"
41,20260550,Forest,7124.137931034484,51.67247087351391,2.2232954545454544,1,Dai,火葬,有,1,0,0,366,436.48263577131183,453.80153501937224,1074.3531494140625,2.844439744949341,280.77570258519967,55212.04605102539,0,0.39423424528152734,1,70,0,0,32555.82733154297,0.5896508037658269,1,0,0.18696473930493615,-0.9823666251744495,8.871244005681202,3.944925161428895,0.798990534178215,"POLYGON ((638844.6 2451773, 638843.9 2451746, 638841.8 2451720, 638838.4 2451694, 638833.6 2451669, 638827.5 2451643, 638820.1 2451618, 638811.4 2451593, 638801.3 2451569, 638790.1 2451546, 638777.6 2451523, 638763.9 2451500, 638749.1 2451479, 638733.1 2451458, 638716.1 2451438, 638698.1 2451419, 638679.1 2451401, 638659.2 2451384, 638638.5 2451368, 638616.9 2451353, 638594.6 2451340, 638571.6 2451327, 638547.9 2451316, 638523.8 2451306, 638499.1 2451297, 638474 2451290, 638448.5 2451284, 638422.8 2451279, 638396.8 2451275, 638370.7 2451273, 638344.6 2451273, 638318.4 2451273, 638292.3 2451275, 638266.4 2451279, 638240.6 2451284, 638215.2 2451290, 638190.1 2451297, 638165.4 2451306, 638141.2 2451316, 638117.6 2451327, 638094.6 2451340, 638072.3 2451353, 638050.7 2451368, 638029.9 2451384, 638010 2451401, 637991 2451419, 637973 2451438, 637956 2451458, 637940.1 2451479, 637925.2 2451500, 637911.6 2451523, 637899.1 2451546, 637887.8 2451569, 637877.8 2451593, 637869 2451618, 637861.6 2451643, 637855.5 2451669, 637850.7 2451694, 637847.3 2451720, 637845.3 2451746, 637844.6 2451773, 637845.3 2451799, 637847.3 2451825, 637850.7 2451851, 637855.5 2451877, 637861.6 2451902, 637869 2451927, 637877.8 2451952, 637887.8 2451976, 637899.1 2452000, 637911.6 2452023, 637925.2 2452045, 637940.1 2452067, 637956 2452087, 637973 2452107, 637991 2452126, 638010 2452144, 638029.9 2452161, 638050.7 2452177, 638072.3 2452192, 638094.6 2452206, 638117.6 2452218, 638141.2 2452229, 638165.4 2452239, 638190.1 2452248, 638215.2 2452256, 638240.6 2452262, 638266.4 2452266, 638292.3 2452270, 638318.4 2452272, 638344.6 2452273, 638370.7 2452272, 638396.8 2452270, 638422.8 2452266, 638448.5 2452262, 638474 2452256, 638499.1 2452248, 638523.8 2452239, 638547.9 2452229, 638571.6 2452218, 638594.6 2452206, 638616.9 2452192, 638638.5 2452177, 638659.2 2452161, 638679.1 2452144, 638698.1 2452126, 638716.1 2452107, 638733.1 2452087, 638749.1 2452067, 638763.9 2452045, 638777.6 2452023, 638790.1 2452000, 638801.3 2451976, 638811.4 2451952, 638820.1 2451927, 638827.5 2451902, 638833.6 2451877, 638838.4 2451851, 638841.8 2451825, 638843.9 2451799, 638844.6 2451773))"
41,20260550,Forest,7124.137931034484,51.67247087351391,2.2232954545454544,1,Dai,火葬,有,1,0,0,367,696.8669523772945,504.1778299764359,1075.818603515625,4.011298179626465,160.74234304087773,164943.81408691406,0,0.1915832395525299,1,71,0,0,70020.73745727539,0.4245126611439897,1,0,-0.9440449523857432,0.3298168095701006,8.871244005681202,3.944925161428895,0.798990534178215,"POLYGON ((638562.8 2453257, 638562.1 2453231, 638560 2453205, 638556.6 2453179, 638551.8 2453154, 638545.7 2453128, 638538.3 2453103, 638529.6 2453078, 638519.5 2453054, 638508.3 2453030, 638495.8 2453007, 638482.1 2452985, 638467.3 2452964, 638451.3 2452943, 638434.3 2452923, 638416.3 2452904, 638397.3 2452886, 638377.4 2452869, 638356.7 2452853, 638335.1 2452838, 638312.8 2452824, 638289.8 2452812, 638266.1 2452801, 638242 2452791, 638217.3 2452782, 638192.2 2452775, 638166.7 2452768, 638141 2452764, 638115 2452760, 638088.9 2452758, 638062.8 2452757, 638036.6 2452758, 638010.5 2452760, 637984.6 2452764, 637958.8 2452768, 637933.4 2452775, 637908.3 2452782, 637883.6 2452791, 637859.4 2452801, 637835.8 2452812, 637812.8 2452824, 637790.5 2452838, 637768.9 2452853, 637748.1 2452869, 637728.2 2452886, 637709.2 2452904, 637691.2 2452923, 637674.2 2452943, 637658.3 2452964, 637643.4 2452985, 637629.8 2453007, 637617.3 2453030, 637606 2453054, 637596 2453078, 637587.2 2453103, 637579.8 2453128, 637573.7 2453154, 637568.9 2453179, 637565.5 2453205, 637563.5 2453231, 637562.8 2453257, 637563.5 2453284, 637565.5 2453310, 637568.9 2453336, 637573.7 2453361, 637579.8 2453387, 637587.2 2453412, 637596 2453437, 637606 2453461, 637617.3 2453484, 637629.8 2453507, 637643.4 2453530, 637658.3 2453551, 637674.2 2453572, 637691.2 2453592, 637709.2 2453611, 637728.2 2453629, 637748.1 2453646, 637768.9 2453662, 637790.5 2453677, 637812.8 2453690, 637835.8 2453703, 637859.4 2453714, 637883.6 2453724, 637908.3 2453733, 637933.4 2453740, 637958.8 2453747, 637984.6 2453751, 638010.5 2453755, 638036.6 2453757, 638062.8 2453757, 638088.9 2453757, 638115 2453755, 638141 2453751, 638166.7 2453747, 638192.2 2453740, 638217.3 2453733, 638242 2453724, 638266.1 2453714, 638289.8 2453703, 638312.8 2453690, 638335.1 2453677, 638356.7 2453662, 638377.4 2453646, 638397.3 2453629, 638416.3 2453611, 638434.3 2453592, 638451.3 2453572, 638467.3 2453551, 638482.1 2453530, 638495.8 2453507, 638508.3 2453484, 638519.5 2453461, 638529.6 2453437, 638538.3 2453412, 638545.7 2453387, 638551.8 2453361, 638556.6 2453336, 638560 2453310, 638562.1 2453284, 638562.8 2453257))"
41,20260550,Forest,5138.793103448276,33.26277154901823,2.497802636835797,1,Dai,火葬,无,1,0,0,371,51.254423608818236,912.2386038484025,797.70654296875,5.329923629760742,101.64949248992902,6149.246549606323,198785.1104736328,0.49065343051780036,1,72,0,0,4349.246549606323,0.7072812115306653,1,0,-0.20192400988620832,0.979401191663291,8.544573526101653,3.5044388000891455,0.915411400109593,"POLYGON ((650682.6 2478782, 650681.9 2478756, 650679.8 2478730, 650676.4 2478704, 650671.6 2478678, 650665.5 2478653, 650658.1 2478627, 650649.4 2478603, 650639.3 2478579, 650628.1 2478555, 650615.6 2478532, 650601.9 2478510, 650587.1 2478488, 650571.1 2478467, 650554.1 2478447, 650536.1 2478428, 650517.1 2478410, 650497.2 2478393, 650476.5 2478377, 650454.9 2478363, 650432.6 2478349, 650409.6 2478336, 650385.9 2478325, 650361.7 2478315, 650337.1 2478306, 650312 2478299, 650286.5 2478293, 650260.8 2478288, 650234.8 2478285, 650208.7 2478283, 650182.6 2478282, 650156.4 2478283, 650130.3 2478285, 650104.3 2478288, 650078.6 2478293, 650053.2 2478299, 650028.1 2478306, 650003.4 2478315, 649979.2 2478325, 649955.6 2478336, 649932.6 2478349, 649910.2 2478363, 649888.7 2478377, 649867.9 2478393, 649848 2478410, 649829 2478428, 649811 2478447, 649794 2478467, 649778.1 2478488, 649763.2 2478510, 649749.5 2478532, 649737.1 2478555, 649725.8 2478579, 649715.8 2478603, 649707 2478627, 649699.6 2478653, 649693.5 2478678, 649688.7 2478704, 649685.3 2478730, 649683.2 2478756, 649682.6 2478782, 649683.2 2478808, 649685.3 2478834, 649688.7 2478860, 649693.5 2478886, 649699.6 2478911, 649707 2478936, 649715.8 2478961, 649725.8 2478985, 649737.1 2479009, 649749.5 2479032, 649763.2 2479054, 649778.1 2479076, 649794 2479097, 649811 2479117, 649829 2479136, 649848 2479154, 649867.9 2479171, 649888.7 2479186, 649910.2 2479201, 649932.6 2479215, 649955.6 2479227, 649979.2 2479239, 650003.4 2479249, 650028.1 2479257, 650053.2 2479265, 650078.6 2479271, 650104.3 2479276, 650130.3 2479279, 650156.4 2479281, 650182.6 2479282, 650208.7 2479281, 650234.8 2479279, 650260.8 2479276, 650286.5 2479271, 650312 2479265, 650337.1 2479257, 650361.7 2479249, 650385.9 2479239, 650409.6 2479227, 650432.6 2479215, 650454.9 2479201, 650476.5 2479186, 650497.2 2479171, 650517.1 2479154, 650536.1 2479136, 650554.1 2479117, 650571.1 2479097, 650587.1 2479076, 650601.9 2479054, 650615.6 2479032, 650628.1 2479009, 650639.3 2478985, 650649.4 2478961, 650658.1 2478936, 650665.5 2478911, 650671.6 2478886, 650676.4 2478860, 650679.8 2478834, 650681.9 2478808, 650682.6 2478782))"
41,20260550,Forest,5041.379310344828,62.39110124860256,1.6771919932337187,1,Dai,火葬,无,1,0,0,372,231.89630666347338,1053.7498428259887,792.2310791015625,5.128676414489746,148.946017126002,9662.96911239624,100150.94833374023,0.4500523229811051,1,73,0,0,7862.96911239624,0.8137218510104879,1,0,-0.8566816623175546,0.5158454511274007,8.525434996311342,4.133422657010395,0.5171209624142838,"POLYGON ((650676.3 2478096, 650675.7 2478070, 650673.6 2478044, 650670.2 2478018, 650665.4 2477992, 650659.3 2477967, 650651.9 2477942, 650643.1 2477917, 650633.1 2477893, 650621.8 2477869, 650609.4 2477846, 650595.7 2477824, 650580.9 2477802, 650564.9 2477782, 650547.9 2477762, 650529.9 2477743, 650510.9 2477725, 650491 2477708, 650470.2 2477692, 650448.7 2477677, 650426.3 2477663, 650403.3 2477651, 650379.7 2477640, 650355.5 2477629, 650330.9 2477621, 650305.8 2477613, 650280.3 2477607, 650254.6 2477602, 650228.6 2477599, 650202.5 2477597, 650176.3 2477596, 650150.2 2477597, 650124.1 2477599, 650098.1 2477602, 650072.4 2477607, 650046.9 2477613, 650021.8 2477621, 649997.2 2477629, 649973 2477640, 649949.3 2477651, 649926.3 2477663, 649904 2477677, 649882.5 2477692, 649861.7 2477708, 649841.8 2477725, 649822.8 2477743, 649804.8 2477762, 649787.8 2477782, 649771.8 2477802, 649757 2477824, 649743.3 2477846, 649730.8 2477869, 649719.6 2477893, 649709.6 2477917, 649700.8 2477942, 649693.4 2477967, 649687.3 2477992, 649682.5 2478018, 649679.1 2478044, 649677 2478070, 649676.3 2478096, 649677 2478122, 649679.1 2478149, 649682.5 2478174, 649687.3 2478200, 649693.4 2478226, 649700.8 2478251, 649709.6 2478275, 649719.6 2478300, 649730.8 2478323, 649743.3 2478346, 649757 2478369, 649771.8 2478390, 649787.8 2478411, 649804.8 2478431, 649822.8 2478450, 649841.8 2478468, 649861.7 2478485, 649882.5 2478501, 649904 2478516, 649926.3 2478529, 649949.3 2478542, 649973 2478553, 649997.2 2478563, 650021.8 2478572, 650046.9 2478579, 650072.4 2478585, 650098.1 2478590, 650124.1 2478594, 650150.2 2478596, 650176.3 2478596, 650202.5 2478596, 650228.6 2478594, 650254.6 2478590, 650280.3 2478585, 650305.8 2478579, 650330.9 2478572, 650355.5 2478563, 650379.7 2478553, 650403.3 2478542, 650426.3 2478529, 650448.7 2478516, 650470.2 2478501, 650491 2478485, 650510.9 2478468, 650529.9 2478450, 650547.9 2478431, 650564.9 2478411, 650580.9 2478390, 650595.7 2478369, 650609.4 2478346, 650621.8 2478323, 650633.1 2478300, 650643.1 2478275, 650651.9 2478251, 650659.3 2478226, 650665.4 2478200, 650670.2 2478174, 650673.6 2478149, 650675.7 2478122, 650676.3 2478096))"
41,20260550,Forest,5041.379310344828,62.39110124860256,1.6771919932337187,1,Dai,火葬,无,1,0,0,374,206.88160862220096,412.70200861563836,830.9930419921875,9.462969779968262,284.1631638101235,462085.1806640625,10059.433937072754,0.5113978008718967,1,74,302122.7325439453,0.6538247604256964,11673.45085144043,0.02526255188418836,1,0,0.2446840664027799,-0.9696028607881683,8.525434996311342,4.133422657010395,0.5171209624142838,"POLYGON ((652106.7 2476600, 652106 2476573, 652104 2476547, 652100.6 2476521, 652095.8 2476496, 652089.7 2476470, 652082.2 2476445, 652073.5 2476420, 652063.5 2476396, 652052.2 2476373, 652039.7 2476350, 652026 2476327, 652011.2 2476306, 651995.3 2476285, 651978.3 2476265, 651960.3 2476246, 651941.3 2476228, 651921.4 2476211, 651900.6 2476195, 651879 2476180, 651856.7 2476167, 651833.7 2476154, 651810.1 2476143, 651785.9 2476133, 651761.2 2476124, 651736.1 2476117, 651710.7 2476111, 651684.9 2476106, 651659 2476102, 651632.9 2476100, 651606.7 2476100, 651580.5 2476100, 651554.4 2476102, 651528.5 2476106, 651502.8 2476111, 651477.3 2476117, 651452.2 2476124, 651427.5 2476133, 651403.3 2476143, 651379.7 2476154, 651356.7 2476167, 651334.4 2476180, 651312.8 2476195, 651292.1 2476211, 651272.1 2476228, 651253.2 2476246, 651235.1 2476265, 651218.1 2476285, 651202.2 2476306, 651187.4 2476327, 651173.7 2476350, 651161.2 2476373, 651149.9 2476396, 651139.9 2476420, 651131.2 2476445, 651123.7 2476470, 651117.6 2476496, 651112.9 2476521, 651109.5 2476547, 651107.4 2476573, 651106.7 2476600, 651107.4 2476626, 651109.5 2476652, 651112.9 2476678, 651117.6 2476704, 651123.7 2476729, 651131.2 2476754, 651139.9 2476779, 651149.9 2476803, 651161.2 2476827, 651173.7 2476850, 651187.4 2476872, 651202.2 2476894, 651218.1 2476914, 651235.1 2476934, 651253.2 2476953, 651272.1 2476971, 651292.1 2476988, 651312.8 2477004, 651334.4 2477019, 651356.7 2477033, 651379.7 2477045, 651403.3 2477056, 651427.5 2477066, 651452.2 2477075, 651477.3 2477083, 651502.8 2477089, 651528.5 2477093, 651554.4 2477097, 651580.5 2477099, 651606.7 2477100, 651632.9 2477099, 651659 2477097, 651684.9 2477093, 651710.7 2477089, 651736.1 2477083, 651761.2 2477075, 651785.9 2477066, 651810.1 2477056, 651833.7 2477045, 651856.7 2477033, 651879 2477019, 651900.6 2477004, 651921.4 2476988, 651941.3 2476971, 651960.3 2476953, 651978.3 2476934, 651995.3 2476914, 652011.2 2476894, 652026 2476872, 652039.7 2476850, 652052.2 2476827, 652063.5 2476803, 652073.5 2476779, 652082.2 2476754, 652089.7 2476729, 652095.8 2476704, 652100.6 2476678, 652104 2476652, 652106 2476626, 652106.7 2476600))"
41,20260550,Forest,5282.758620689656,45.034925325073786,2.4836279339321936,1,Dai,火葬,无,1,0,0,376,214.4595042505053,282.257859803933,943.2071533203125,8.9162015914917,253.69630838742734,65702.87704467773,128913.6703491211,0.4571377464781859,1,75,26762.527084350586,0.40732656297763276,36510.71319580078,0.5556942836913157,1,0,-0.28072854935531977,-0.9597872064040329,8.572203706302155,3.8074383070812012,0.9097203678008794,"POLYGON ((654297.6 2469492, 654296.9 2469466, 654294.8 2469439, 654291.4 2469413, 654286.7 2469388, 654280.5 2469362, 654273.1 2469337, 654264.4 2469313, 654254.4 2469288, 654243.1 2469265, 654230.6 2469242, 654216.9 2469219, 654202.1 2469198, 654186.2 2469177, 654169.2 2469157, 654151.1 2469138, 654132.1 2469120, 654112.2 2469103, 654091.5 2469087, 654069.9 2469072, 654047.6 2469059, 654024.6 2469046, 654000.9 2469035, 653976.8 2469025, 653952.1 2469016, 653927 2469009, 653901.5 2469003, 653875.8 2468998, 653849.8 2468994, 653823.7 2468992, 653797.6 2468992, 653771.4 2468992, 653745.3 2468994, 653719.4 2468998, 653693.6 2469003, 653668.2 2469009, 653643.1 2469016, 653618.4 2469025, 653594.2 2469035, 653570.6 2469046, 653547.6 2469059, 653525.3 2469072, 653503.7 2469087, 653482.9 2469103, 653463 2469120, 653444 2469138, 653426 2469157, 653409 2469177, 653393.1 2469198, 653378.2 2469219, 653364.6 2469242, 653352.1 2469265, 653340.8 2469288, 653330.8 2469313, 653322.1 2469337, 653314.6 2469362, 653308.5 2469388, 653303.7 2469413, 653300.3 2469439, 653298.3 2469466, 653297.6 2469492, 653298.3 2469518, 653300.3 2469544, 653303.7 2469570, 653308.5 2469596, 653314.6 2469621, 653322.1 2469646, 653330.8 2469671, 653340.8 2469695, 653352.1 2469719, 653364.6 2469742, 653378.2 2469764, 653393.1 2469786, 653409 2469806, 653426 2469826, 653444 2469845, 653463 2469863, 653482.9 2469880, 653503.7 2469896, 653525.3 2469911, 653547.6 2469925, 653570.6 2469937, 653594.2 2469948, 653618.4 2469958, 653643.1 2469967, 653668.2 2469975, 653693.6 2469981, 653719.4 2469986, 653745.3 2469989, 653771.4 2469991, 653797.6 2469992, 653823.7 2469991, 653849.8 2469989, 653875.8 2469986, 653901.5 2469981, 653927 2469975, 653952.1 2469967, 653976.8 2469958, 654000.9 2469948, 654024.6 2469937, 654047.6 2469925, 654069.9 2469911, 654091.5 2469896, 654112.2 2469880, 654132.1 2469863, 654151.1 2469845, 654169.2 2469826, 654186.2 2469806, 654202.1 2469786, 654216.9 2469764, 654230.6 2469742, 654243.1 2469719, 654254.4 2469695, 654264.4 2469671, 654273.1 2469646, 654280.5 2469621, 654286.7 2469596, 654291.4 2469570, 654294.8 2469544, 654296.9 2469518, 654297.6 2469492))"
41,20260550,Forest,5282.758620689656,45.034925325073786,2.4836279339321936,1,Dai,火葬,无,1,0,0,380,158.31207184846718,190.64917010201276,851.24566650390625,10.434332847595215,255.11086052443366,276178.16162109375,6550.932884216309,0.5897161493730594,1,76,233725.69885253906,0.8462859535331476,16995.319175720215,0.06153752011369083,1,0,-0.2569496101049329,-0.9664248019721571,8.572203706302155,3.8074383070812012,0.9097203678008794,"POLYGON ((652734 2473390, 652733.3 2473364, 652731.3 2473338, 652727.8 2473312, 652723.1 2473286, 652717 2473260, 652709.5 2473235, 652700.8 2473211, 652690.8 2473186, 652679.5 2473163, 652667 2473140, 652653.3 2473118, 652638.5 2473096, 652622.6 2473075, 652605.6 2473055, 652587.6 2473036, 652568.6 2473018, 652548.7 2473001, 652527.9 2472985, 652506.3 2472970, 652484 2472957, 652461 2472944, 652437.4 2472933, 652413.2 2472923, 652388.5 2472914, 652363.4 2472907, 652338 2472901, 652312.2 2472896, 652286.3 2472893, 652260.2 2472891, 652234 2472890, 652207.8 2472891, 652181.7 2472893, 652155.8 2472896, 652130 2472901, 652104.6 2472907, 652079.5 2472914, 652054.8 2472923, 652030.6 2472933, 652007 2472944, 651984 2472957, 651961.7 2472970, 651940.1 2472985, 651919.3 2473001, 651899.4 2473018, 651880.4 2473036, 651862.4 2473055, 651845.4 2473075, 651829.5 2473096, 651814.7 2473118, 651801 2473140, 651788.5 2473163, 651777.2 2473186, 651767.2 2473211, 651758.5 2473235, 651751 2473260, 651744.9 2473286, 651740.2 2473312, 651736.7 2473338, 651734.7 2473364, 651734 2473390, 651734.7 2473416, 651736.7 2473442, 651740.2 2473468, 651744.9 2473494, 651751 2473519, 651758.5 2473544, 651767.2 2473569, 651777.2 2473593, 651788.5 2473617, 651801 2473640, 651814.7 2473662, 651829.5 2473684, 651845.4 2473704, 651862.4 2473724, 651880.4 2473743, 651899.4 2473761, 651919.3 2473778, 651940.1 2473794, 651961.7 2473809, 651984 2473823, 652007 2473835, 652030.6 2473847, 652054.8 2473857, 652079.5 2473865, 652104.6 2473873, 652130 2473879, 652155.8 2473884, 652181.7 2473887, 652207.8 2473889, 652234 2473890, 652260.2 2473889, 652286.3 2473887, 652312.2 2473884, 652338 2473879, 652363.4 2473873, 652388.5 2473865, 652413.2 2473857, 652437.4 2473847, 652461 2473835, 652484 2473823, 652506.3 2473809, 652527.9 2473794, 652548.7 2473778, 652568.6 2473761, 652587.6 2473743, 652605.6 2473724, 652622.6 2473704, 652638.5 2473684, 652653.3 2473662, 652667 2473640, 652679.5 2473617, 652690.8 2473593, 652700.8 2473569, 652709.5 2473544, 652717 2473519, 652723.1 2473494, 652727.8 2473468, 652731.3 2473442, 652733.3 2473416, 652734 2473390))"
41,20260550,Forest,5282.758620689656,45.034925325073786,2.4836279339321936,1,Dai,火葬,无,1,0,0,382,189.85039789327055,192.07578264981484,823.4312744140625,6.152965068817139,131.18531051122505,346274.69787597656,6300,0.7428294242557294,1,78,201723.55499267578,0.5825535513568655,20545.393180847168,0.059332643438492885,1,0,-0.6584965343801154,0.75258375893277,8.572203706302155,3.8074383070812012,0.9097203678008794,"POLYGON ((651260.4 2474178, 651259.7 2474152, 651257.7 2474126, 651254.3 2474100, 651249.5 2474074, 651243.4 2474049, 651236 2474024, 651227.2 2473999, 651217.2 2473975, 651205.9 2473951, 651193.4 2473928, 651179.8 2473906, 651164.9 2473884, 651149 2473864, 651132 2473844, 651114 2473825, 651095 2473807, 651075.1 2473790, 651054.3 2473774, 651032.8 2473759, 651010.4 2473745, 650987.4 2473733, 650963.8 2473722, 650939.6 2473712, 650914.9 2473703, 650889.8 2473695, 650864.4 2473689, 650838.7 2473684, 650812.7 2473681, 650786.6 2473679, 650760.4 2473678, 650734.3 2473679, 650708.2 2473681, 650682.2 2473684, 650656.5 2473689, 650631 2473695, 650605.9 2473703, 650581.2 2473712, 650557.1 2473722, 650533.4 2473733, 650510.4 2473745, 650488.1 2473759, 650466.5 2473774, 650445.8 2473790, 650425.9 2473807, 650406.9 2473825, 650388.9 2473844, 650371.9 2473864, 650355.9 2473884, 650341.1 2473906, 650327.4 2473928, 650314.9 2473951, 650303.7 2473975, 650293.6 2473999, 650284.9 2474024, 650277.5 2474049, 650271.4 2474074, 650266.6 2474100, 650263.2 2474126, 650261.1 2474152, 650260.4 2474178, 650261.1 2474204, 650263.2 2474231, 650266.6 2474257, 650271.4 2474282, 650277.5 2474308, 650284.9 2474333, 650293.6 2474357, 650303.7 2474382, 650314.9 2474405, 650327.4 2474428, 650341.1 2474451, 650355.9 2474472, 650371.9 2474493, 650388.9 2474513, 650406.9 2474532, 650425.9 2474550, 650445.8 2474567, 650466.5 2474583, 650488.1 2474598, 650510.4 2474611, 650533.4 2474624, 650557.1 2474635, 650581.2 2474645, 650605.9 2474654, 650631 2474661, 650656.5 2474667, 650682.2 2474672, 650708.2 2474676, 650734.3 2474678, 650760.4 2474678, 650786.6 2474678, 650812.7 2474676, 650838.7 2474672, 650864.4 2474667, 650889.8 2474661, 650914.9 2474654, 650939.6 2474645, 650963.8 2474635, 650987.4 2474624, 651010.4 2474611, 651032.8 2474598, 651054.3 2474583, 651075.1 2474567, 651095 2474550, 651114 2474532, 651132 2474513, 651149 2474493, 651164.9 2474472, 651179.8 2474451, 651193.4 2474428, 651205.9 2474405, 651217.2 2474382, 651227.2 2474357, 651236 2474333, 651243.4 2474308, 651249.5 2474282, 651254.3 2474257, 651257.7 2474231, 651259.7 2474204, 651260.4 2474178))"
41,20260550,Forest,5282.758620689656,45.034925325073786,2.4836279339321936,1,Dai,火葬,无,1,0,0,385,72.39559036416064,1029.2131023698134,833.9482421875,8.714137077331543,305.53262783082215,341604.0802001953,0,0.269743952387165,1,79,144787.44506835938,0.4238457719343031,26794.062995910645,0.078436015694567,1,0,0.5811664702553301,-0.8137846974789834,8.572203706302155,3.8074383070812012,0.9097203678008794,"POLYGON ((652247.2 2475284, 652246.5 2475258, 652244.5 2475232, 652241.1 2475206, 652236.3 2475180, 652230.2 2475155, 652222.8 2475130, 652214 2475105, 652204 2475081, 652192.7 2475057, 652180.2 2475034, 652166.6 2475012, 652151.7 2474990, 652135.8 2474970, 652118.8 2474950, 652100.8 2474931, 652081.8 2474913, 652061.9 2474896, 652041.1 2474880, 652019.6 2474865, 651997.2 2474851, 651974.2 2474839, 651950.6 2474827, 651926.4 2474817, 651901.7 2474809, 651876.6 2474801, 651851.2 2474795, 651825.5 2474790, 651799.5 2474787, 651773.4 2474785, 651747.2 2474784, 651721.1 2474785, 651695 2474787, 651669 2474790, 651643.3 2474795, 651617.8 2474801, 651592.7 2474809, 651568 2474817, 651543.9 2474827, 651520.2 2474839, 651497.2 2474851, 651474.9 2474865, 651453.3 2474880, 651432.6 2474896, 651412.7 2474913, 651393.7 2474931, 651375.7 2474950, 651358.7 2474970, 651342.7 2474990, 651327.9 2475012, 651314.2 2475034, 651301.7 2475057, 651290.5 2475081, 651280.4 2475105, 651271.7 2475130, 651264.3 2475155, 651258.2 2475180, 651253.4 2475206, 651250 2475232, 651247.9 2475258, 651247.2 2475284, 651247.9 2475310, 651250 2475336, 651253.4 2475362, 651258.2 2475388, 651264.3 2475414, 651271.7 2475439, 651280.4 2475463, 651290.5 2475488, 651301.7 2475511, 651314.2 2475534, 651327.9 2475557, 651342.7 2475578, 651358.7 2475599, 651375.7 2475619, 651393.7 2475638, 651412.7 2475656, 651432.6 2475673, 651453.3 2475689, 651474.9 2475704, 651497.2 2475717, 651520.2 2475730, 651543.9 2475741, 651568 2475751, 651592.7 2475760, 651617.8 2475767, 651643.3 2475773, 651669 2475778, 651695 2475781, 651721.1 2475784, 651747.2 2475784, 651773.4 2475784, 651799.5 2475781, 651825.5 2475778, 651851.2 2475773, 651876.6 2475767, 651901.7 2475760, 651926.4 2475751, 651950.6 2475741, 651974.2 2475730, 651997.2 2475717, 652019.6 2475704, 652041.1 2475689, 652061.9 2475673, 652081.8 2475656, 652100.8 2475638, 652118.8 2475619, 652135.8 2475599, 652151.7 2475578, 652166.6 2475557, 652180.2 2475534, 652192.7 2475511, 652204 2475488, 652214 2475463, 652222.8 2475439, 652230.2 2475414, 652236.3 2475388, 652241.1 2475362, 652244.5 2475336, 652246.5 2475310, 652247.2 2475284))"
41,20260550,Forest,4379.310344827587,12.81155322983162,2.304106548279689,1,Dai,火葬,无,1,0,0,386,345.262009282469,311.1739031533394,1231.5745849609375,9.024701118469238,187.39800866431153,419530.59997558594,0,0.07210961056837027,1,80,0,0,240194.69604492188,0.5725320061490144,1,0,-0.9916756381220284,-0.12876113060729022,8.384646535454255,2.5503473599112674,0.8346929866774413,"POLYGON ((658441.2 2471115, 658440.5 2471089, 658438.5 2471063, 658435 2471037, 658430.3 2471011, 658424.2 2470986, 658416.7 2470961, 658408 2470936, 658398 2470912, 658386.7 2470888, 658374.2 2470865, 658360.5 2470843, 658345.7 2470821, 658329.8 2470801, 658312.8 2470781, 658294.7 2470762, 658275.8 2470744, 658255.9 2470727, 658235.1 2470711, 658213.5 2470696, 658191.2 2470682, 658168.2 2470670, 658144.6 2470658, 658120.4 2470648, 658095.7 2470640, 658070.6 2470632, 658045.1 2470626, 658019.4 2470621, 657993.5 2470618, 657967.4 2470616, 657941.2 2470615, 657915 2470616, 657888.9 2470618, 657863 2470621, 657837.2 2470626, 657811.8 2470632, 657786.7 2470640, 657762 2470648, 657737.8 2470658, 657714.2 2470670, 657691.2 2470682, 657668.9 2470696, 657647.3 2470711, 657626.5 2470727, 657606.6 2470744, 657587.6 2470762, 657569.6 2470781, 657552.6 2470801, 657536.7 2470821, 657521.9 2470843, 657508.2 2470865, 657495.7 2470888, 657484.4 2470912, 657474.4 2470936, 657465.7 2470961, 657458.2 2470986, 657452.1 2471011, 657447.3 2471037, 657443.9 2471063, 657441.9 2471089, 657441.2 2471115, 657441.9 2471141, 657443.9 2471167, 657447.3 2471193, 657452.1 2471219, 657458.2 2471245, 657465.7 2471270, 657474.4 2471294, 657484.4 2471319, 657495.7 2471342, 657508.2 2471365, 657521.9 2471388, 657536.7 2471409, 657552.6 2471430, 657569.6 2471450, 657587.6 2471469, 657606.6 2471487, 657626.5 2471504, 657647.3 2471520, 657668.9 2471535, 657691.2 2471548, 657714.2 2471561, 657737.8 2471572, 657762 2471582, 657786.7 2471591, 657811.8 2471598, 657837.2 2471604, 657863 2471609, 657888.9 2471612, 657915 2471615, 657941.2 2471615, 657967.4 2471615, 657993.5 2471612, 658019.4 2471609, 658045.1 2471604, 658070.6 2471598, 658095.7 2471591, 658120.4 2471582, 658144.6 2471572, 658168.2 2471561, 658191.2 2471548, 658213.5 2471535, 658235.1 2471520, 658255.9 2471504, 658275.8 2471487, 658294.7 2471469, 658312.8 2471450, 658329.8 2471430, 658345.7 2471409, 658360.5 2471388, 658374.2 2471365, 658386.7 2471342, 658398 2471319, 658408 2471294, 658416.7 2471270, 658424.2 2471245, 658430.3 2471219, 658435 2471193, 658438.5 2471167, 658440.5 2471141, 658441.2 2471115))"
41,20260550,Forest,3582.2736762193963,128.48206221372232,0.9385007278020379,1,Dai,火葬,有,1,0,0,407,521.9291789614742,891.3449100651519,704.26080322265625,9.04515266418457,354.3817655775202,346116.8243408203,30495.063400268555,0.2526262256360148,1,81,5417.19446182251,0.015651346831057865,2168.17524433136,0.00626428734997396,1,0,0.9951962937552109,-0.09789962663816386,8.183752982890077,4.855789300923641,-0.06347164746089516,"POLYGON ((668679.4 2380323, 668678.7 2380297, 668676.6 2380271, 668673.2 2380245, 668668.4 2380219, 668662.3 2380194, 668654.9 2380169, 668646.2 2380144, 668636.1 2380120, 668624.9 2380096, 668612.4 2380073, 668598.7 2380051, 668583.9 2380029, 668567.9 2380008, 668550.9 2379989, 668532.9 2379970, 668513.9 2379951, 668494 2379934, 668473.3 2379919, 668451.7 2379904, 668429.4 2379890, 668406.4 2379878, 668382.7 2379866, 668358.5 2379856, 668333.9 2379848, 668308.8 2379840, 668283.3 2379834, 668257.6 2379829, 668231.6 2379826, 668205.5 2379824, 668179.4 2379823, 668153.2 2379824, 668127.1 2379826, 668101.1 2379829, 668075.4 2379834, 668050 2379840, 668024.9 2379848, 668000.2 2379856, 667976 2379866, 667952.4 2379878, 667929.4 2379890, 667907 2379904, 667885.5 2379919, 667864.7 2379934, 667844.8 2379951, 667825.8 2379970, 667807.8 2379989, 667790.8 2380008, 667774.9 2380029, 667760 2380051, 667746.3 2380073, 667733.9 2380096, 667722.6 2380120, 667712.6 2380144, 667703.8 2380169, 667696.4 2380194, 667690.3 2380219, 667685.5 2380245, 667682.1 2380271, 667680 2380297, 667679.4 2380323, 667680 2380349, 667682.1 2380375, 667685.5 2380401, 667690.3 2380427, 667696.4 2380452, 667703.8 2380478, 667712.6 2380502, 667722.6 2380526, 667733.9 2380550, 667746.3 2380573, 667760 2380595, 667774.9 2380617, 667790.8 2380638, 667807.8 2380658, 667825.8 2380677, 667844.8 2380695, 667864.7 2380712, 667885.5 2380728, 667907 2380742, 667929.4 2380756, 667952.4 2380769, 667976 2380780, 668000.2 2380790, 668024.9 2380799, 668050 2380806, 668075.4 2380812, 668101.1 2380817, 668127.1 2380820, 668153.2 2380822, 668179.4 2380823, 668205.5 2380822, 668231.6 2380820, 668257.6 2380817, 668283.3 2380812, 668308.8 2380806, 668333.9 2380799, 668358.5 2380790, 668382.7 2380780, 668406.4 2380769, 668429.4 2380756, 668451.7 2380742, 668473.3 2380728, 668494 2380712, 668513.9 2380695, 668532.9 2380677, 668550.9 2380658, 668567.9 2380638, 668583.9 2380617, 668598.7 2380595, 668612.4 2380573, 668624.9 2380550, 668636.1 2380526, 668646.2 2380502, 668654.9 2380478, 668662.3 2380452, 668668.4 2380427, 668673.2 2380401, 668676.6 2380375, 668678.7 2380349, 668679.4 2380323))"
41,20260550,Forest,3582.2736762193963,128.48206221372232,0.9385007278020379,1,Dai,火葬,有,1,0,0,411,299.04527086622886,284.457135631384,687.71990966796875,6.474679946899414,11.318064864570548,39278.4782409668,65538.28811645508,0.7746548312319779,1,82,37538.2438659668,0.9556949644453139,1740.2337312698364,0.044305019165808764,1,0,0.9805528296794311,0.19625531383292677,8.183752982890077,4.855789300923641,-0.06347164746089516,"POLYGON ((666949.5 2380203, 666948.8 2380177, 666946.7 2380151, 666943.3 2380125, 666938.5 2380099, 666932.4 2380073, 666925 2380048, 666916.3 2380024, 666906.2 2379999, 666895 2379976, 666882.5 2379953, 666868.8 2379931, 666854 2379909, 666838 2379888, 666821 2379868, 666803 2379849, 666784 2379831, 666764.1 2379814, 666743.4 2379798, 666721.8 2379784, 666699.5 2379770, 666676.5 2379757, 666652.8 2379746, 666628.6 2379736, 666604 2379727, 666578.9 2379720, 666553.4 2379714, 666527.7 2379709, 666501.7 2379706, 666475.6 2379704, 666449.5 2379703, 666423.3 2379704, 666397.2 2379706, 666371.2 2379709, 666345.5 2379714, 666320.1 2379720, 666295 2379727, 666270.3 2379736, 666246.1 2379746, 666222.5 2379757, 666199.5 2379770, 666177.1 2379784, 666155.6 2379798, 666134.8 2379814, 666114.9 2379831, 666095.9 2379849, 666077.9 2379868, 666060.9 2379888, 666045 2379909, 666030.1 2379931, 666016.4 2379953, 666004 2379976, 665992.7 2379999, 665982.7 2380024, 665973.9 2380048, 665966.5 2380073, 665960.4 2380099, 665955.6 2380125, 665952.2 2380151, 665950.1 2380177, 665949.5 2380203, 665950.1 2380229, 665952.2 2380255, 665955.6 2380281, 665960.4 2380307, 665966.5 2380332, 665973.9 2380357, 665982.7 2380382, 665992.7 2380406, 666004 2380430, 666016.4 2380453, 666030.1 2380475, 666045 2380497, 666060.9 2380518, 666077.9 2380537, 666095.9 2380556, 666114.9 2380574, 666134.8 2380591, 666155.6 2380607, 666177.1 2380622, 666199.5 2380636, 666222.5 2380648, 666246.1 2380660, 666270.3 2380670, 666295 2380678, 666320.1 2380686, 666345.5 2380692, 666371.2 2380697, 666397.2 2380700, 666423.3 2380702, 666449.5 2380703, 666475.6 2380702, 666501.7 2380700, 666527.7 2380697, 666553.4 2380692, 666578.9 2380686, 666604 2380678, 666628.6 2380670, 666652.8 2380660, 666676.5 2380648, 666699.5 2380636, 666721.8 2380622, 666743.4 2380607, 666764.1 2380591, 666784 2380574, 666803 2380556, 666821 2380537, 666838 2380518, 666854 2380497, 666868.8 2380475, 666882.5 2380453, 666895 2380430, 666906.2 2380406, 666916.3 2380382, 666925 2380357, 666932.4 2380332, 666938.5 2380307, 666943.3 2380281, 666946.7 2380255, 666948.8 2380229, 666949.5 2380203))"
41,20260550,Forest,3582.2736762193963,128.48206221372232,0.9385007278020379,1,Dai,火葬,有,1,0,0,425,1082.7074436254888,1510.588386029367,751.45245361328125,8.388432502746582,257.3808903989037,111752.95028686523,47750.997161865234,0.05477863169815632,1,83,46682.5080871582,0.4177295361538655,270.43852508068085,0.0024199676553189535,1,0,-0.21846872234233636,-0.975843951335513,8.183752982890077,4.855789300923641,-0.06347164746089516,"POLYGON ((667336 2385604, 667335.3 2385577, 667333.2 2385551, 667329.8 2385525, 667325 2385500, 667318.9 2385474, 667311.5 2385449, 667302.8 2385424, 667292.7 2385400, 667281.5 2385377, 667269 2385354, 667255.3 2385331, 667240.5 2385310, 667224.5 2385289, 667207.5 2385269, 667189.5 2385250, 667170.5 2385232, 667150.6 2385215, 667129.9 2385199, 667108.3 2385184, 667086 2385171, 667063 2385158, 667039.3 2385147, 667015.1 2385137, 666990.5 2385128, 666965.4 2385121, 666939.9 2385114, 666914.2 2385110, 666888.2 2385106, 666862.1 2385104, 666836 2385104, 666809.8 2385104, 666783.7 2385106, 666757.7 2385110, 666732 2385114, 666706.6 2385121, 666681.5 2385128, 666656.8 2385137, 666632.6 2385147, 666609 2385158, 666586 2385171, 666563.6 2385184, 666542.1 2385199, 666521.3 2385215, 666501.4 2385232, 666482.4 2385250, 666464.4 2385269, 666447.4 2385289, 666431.5 2385310, 666416.6 2385331, 666403 2385354, 666390.5 2385377, 666379.2 2385400, 666369.2 2385424, 666360.4 2385449, 666353 2385474, 666346.9 2385500, 666342.1 2385525, 666338.7 2385551, 666336.7 2385577, 666336 2385604, 666336.7 2385630, 666338.7 2385656, 666342.1 2385682, 666346.9 2385708, 666353 2385733, 666360.4 2385758, 666369.2 2385783, 666379.2 2385807, 666390.5 2385831, 666403 2385854, 666416.6 2385876, 666431.5 2385897, 666447.4 2385918, 666464.4 2385938, 666482.4 2385957, 666501.4 2385975, 666521.3 2385992, 666542.1 2386008, 666563.6 2386023, 666586 2386037, 666609 2386049, 666632.6 2386060, 666656.8 2386070, 666681.5 2386079, 666706.6 2386087, 666732 2386093, 666757.7 2386097, 666783.7 2386101, 666809.8 2386103, 666836 2386104, 666862.1 2386103, 666888.2 2386101, 666914.2 2386097, 666939.9 2386093, 666965.4 2386087, 666990.5 2386079, 667015.1 2386070, 667039.3 2386060, 667063 2386049, 667086 2386037, 667108.3 2386023, 667129.9 2386008, 667150.6 2385992, 667170.5 2385975, 667189.5 2385957, 667207.5 2385938, 667224.5 2385918, 667240.5 2385897, 667255.3 2385876, 667269 2385854, 667281.5 2385831, 667292.7 2385807, 667302.8 2385783, 667311.5 2385758, 667318.9 2385733, 667325 2385708, 667329.8 2385682, 667333.2 2385656, 667335.3 2385630, 667336 2385604))"
41,20260550,Forest,6519.263617384702,143.3536045654432,0.9216765453005927,1,Dai,火葬,有,1,0,0,434,27.81241026015689,1041.0596328653935,658.40966796875,7.538304328918457,340.1389826127787,5400,72227.6985168457,0.5679603572290024,1,84,5400,1,0,0,1,0,0.9405194950755624,-0.3397397229980754,8.782516706423346,4.965314337220381,-0.08156093552276016,"POLYGON ((673987.1 2386499, 673986.4 2386473, 673984.4 2386447, 673981 2386421, 673976.2 2386396, 673970.1 2386370, 673962.6 2386345, 673953.9 2386320, 673943.9 2386296, 673932.6 2386272, 673920.1 2386249, 673906.5 2386227, 673891.6 2386206, 673875.7 2386185, 673858.7 2386165, 673840.7 2386146, 673821.7 2386128, 673801.8 2386111, 673781 2386095, 673759.4 2386080, 673737.1 2386066, 673714.1 2386054, 673690.5 2386043, 673666.3 2386033, 673641.6 2386024, 673616.5 2386017, 673591.1 2386010, 673565.3 2386006, 673539.4 2386002, 673513.3 2386000, 673487.1 2385999, 673460.9 2386000, 673434.9 2386002, 673408.9 2386006, 673383.2 2386010, 673357.7 2386017, 673332.6 2386024, 673307.9 2386033, 673283.7 2386043, 673260.1 2386054, 673237.1 2386066, 673214.8 2386080, 673193.2 2386095, 673172.5 2386111, 673152.5 2386128, 673133.6 2386146, 673115.5 2386165, 673098.5 2386185, 673082.6 2386206, 673067.8 2386227, 673054.1 2386249, 673041.6 2386272, 673030.3 2386296, 673020.3 2386320, 673011.6 2386345, 673004.2 2386370, 672998 2386396, 672993.3 2386421, 672989.9 2386447, 672987.8 2386473, 672987.1 2386499, 672987.8 2386526, 672989.9 2386552, 672993.3 2386578, 672998 2386603, 673004.2 2386629, 673011.6 2386654, 673020.3 2386679, 673030.3 2386703, 673041.6 2386726, 673054.1 2386749, 673067.8 2386772, 673082.6 2386793, 673098.5 2386814, 673115.5 2386834, 673133.6 2386853, 673152.5 2386871, 673172.5 2386888, 673193.2 2386904, 673214.8 2386919, 673237.1 2386933, 673260.1 2386945, 673283.7 2386956, 673307.9 2386966, 673332.6 2386975, 673357.7 2386982, 673383.2 2386989, 673408.9 2386993, 673434.9 2386997, 673460.9 2386999, 673487.1 2386999, 673513.3 2386999, 673539.4 2386997, 673565.3 2386993, 673591.1 2386989, 673616.5 2386982, 673641.6 2386975, 673666.3 2386966, 673690.5 2386956, 673714.1 2386945, 673737.1 2386933, 673759.4 2386919, 673781 2386904, 673801.8 2386888, 673821.7 2386871, 673840.7 2386853, 673858.7 2386834, 673875.7 2386814, 673891.6 2386793, 673906.5 2386772, 673920.1 2386749, 673932.6 2386726, 673943.9 2386703, 673953.9 2386679, 673962.6 2386654, 673970.1 2386629, 673976.2 2386603, 673981 2386578, 673984.4 2386552, 673986.4 2386526, 673987.1 2386499))"
41,20260550,Forest,4740.827023878858,28.393067437574942,2.9508196721311477,1,Dai,土葬,无,1,0,0,528,510.69855275861715,1274.1316832842142,923.431640625,4.928971767425537,219.11762647943425,680263.65966796875,0,0.16683321725050976,1,86,299571.4599609375,0.44037551573334954,51170.69778442383,0.07522186002027484,1,0,-0.7758523491766329,-0.630914520578739,8.463966877081248,3.346145011058112,1.0820829867168993,"POLYGON ((682642.6 2481539, 682641.9 2481513, 682639.9 2481487, 682636.5 2481461, 682631.7 2481435, 682625.6 2481410, 682618.1 2481385, 682609.4 2481360, 682599.4 2481336, 682588.1 2481312, 682575.6 2481289, 682561.9 2481267, 682547.1 2481245, 682531.2 2481225, 682514.2 2481205, 682496.2 2481186, 682477.2 2481168, 682457.3 2481151, 682436.5 2481135, 682414.9 2481120, 682392.6 2481106, 682369.6 2481094, 682346 2481083, 682321.8 2481073, 682297.1 2481064, 682272 2481056, 682246.6 2481050, 682220.8 2481046, 682194.9 2481042, 682168.8 2481040, 682142.6 2481039, 682116.4 2481040, 682090.3 2481042, 682064.4 2481046, 682038.7 2481050, 682013.2 2481056, 681988.1 2481064, 681963.4 2481073, 681939.2 2481083, 681915.6 2481094, 681892.6 2481106, 681870.3 2481120, 681848.7 2481135, 681828 2481151, 681808 2481168, 681789.1 2481186, 681771 2481205, 681754 2481225, 681738.1 2481245, 681723.3 2481267, 681709.6 2481289, 681697.1 2481312, 681685.8 2481336, 681675.8 2481360, 681667.1 2481385, 681659.7 2481410, 681653.5 2481435, 681648.8 2481461, 681645.4 2481487, 681643.3 2481513, 681642.6 2481539, 681643.3 2481566, 681645.4 2481592, 681648.8 2481618, 681653.5 2481643, 681659.7 2481669, 681667.1 2481694, 681675.8 2481719, 681685.8 2481743, 681697.1 2481766, 681709.6 2481789, 681723.3 2481812, 681738.1 2481833, 681754 2481854, 681771 2481874, 681789.1 2481893, 681808 2481911, 681828 2481928, 681848.7 2481944, 681870.3 2481959, 681892.6 2481972, 681915.6 2481985, 681939.2 2481996, 681963.4 2482006, 681988.1 2482015, 682013.2 2482022, 682038.7 2482028, 682064.4 2482033, 682090.3 2482037, 682116.4 2482039, 682142.6 2482039, 682168.8 2482039, 682194.9 2482037, 682220.8 2482033, 682246.6 2482028, 682272 2482022, 682297.1 2482015, 682321.8 2482006, 682346 2481996, 682369.6 2481985, 682392.6 2481972, 682414.9 2481959, 682436.5 2481944, 682457.3 2481928, 682477.2 2481911, 682496.2 2481893, 682514.2 2481874, 682531.2 2481854, 682547.1 2481833, 682561.9 2481812, 682575.6 2481789, 682588.1 2481766, 682599.4 2481743, 682609.4 2481719, 682618.1 2481694, 682625.6 2481669, 682631.7 2481643, 682636.5 2481618, 682639.9 2481592, 682641.9 2481566, 682642.6 2481539))"
41,20260550,Forest,4740.827023878858,28.393067437574942,2.9508196721311477,1,Dai,土葬,无,1,0,0,529,797.6793763930077,1196.2928219107973,947.7213134765625,7.426086902618408,20.226614988682698,785039.3371582031,0,0.02620408862607693,1,87,338804.18701171875,0.4315760637399016,47274.478912353516,0.060219248481846004,1,0,0.9383325238749654,0.3457341097410517,8.463966877081248,3.346145011058112,1.0820829867168993,"POLYGON ((682872.7 2481105, 682872 2481079, 682869.9 2481053, 682866.5 2481027, 682861.8 2481001, 682855.7 2480975, 682848.2 2480950, 682839.5 2480926, 682829.5 2480901, 682818.2 2480878, 682805.7 2480855, 682792 2480833, 682777.2 2480811, 682761.3 2480790, 682744.3 2480770, 682726.2 2480751, 682707.3 2480733, 682687.3 2480716, 682666.6 2480700, 682645 2480686, 682622.7 2480672, 682599.7 2480659, 682576.1 2480648, 682551.9 2480638, 682527.2 2480629, 682502.1 2480622, 682476.6 2480616, 682450.9 2480611, 682425 2480608, 682398.9 2480606, 682372.7 2480605, 682346.5 2480606, 682320.4 2480608, 682294.5 2480611, 682268.7 2480616, 682243.3 2480622, 682218.2 2480629, 682193.5 2480638, 682169.3 2480648, 682145.7 2480659, 682122.7 2480672, 682100.4 2480686, 682078.8 2480700, 682058 2480716, 682038.1 2480733, 682019.1 2480751, 682001.1 2480770, 681984.1 2480790, 681968.2 2480811, 681953.4 2480833, 681939.7 2480855, 681927.2 2480878, 681915.9 2480901, 681905.9 2480926, 681897.2 2480950, 681889.7 2480975, 681883.6 2481001, 681878.8 2481027, 681875.4 2481053, 681873.4 2481079, 681872.7 2481105, 681873.4 2481131, 681875.4 2481157, 681878.8 2481183, 681883.6 2481209, 681889.7 2481234, 681897.2 2481259, 681905.9 2481284, 681915.9 2481308, 681927.2 2481332, 681939.7 2481355, 681953.4 2481377, 681968.2 2481399, 681984.1 2481420, 682001.1 2481439, 682019.1 2481458, 682038.1 2481476, 682058 2481493, 682078.8 2481509, 682100.4 2481524, 682122.7 2481538, 682145.7 2481550, 682169.3 2481562, 682193.5 2481572, 682218.2 2481580, 682243.3 2481588, 682268.7 2481594, 682294.5 2481599, 682320.4 2481602, 682346.5 2481604, 682372.7 2481605, 682398.9 2481604, 682425 2481602, 682450.9 2481599, 682476.6 2481594, 682502.1 2481588, 682527.2 2481580, 682551.9 2481572, 682576.1 2481562, 682599.7 2481550, 682622.7 2481538, 682645 2481524, 682666.6 2481509, 682687.3 2481493, 682707.3 2481476, 682726.2 2481458, 682744.3 2481439, 682761.3 2481420, 682777.2 2481399, 682792 2481377, 682805.7 2481355, 682818.2 2481332, 682829.5 2481308, 682839.5 2481284, 682848.2 2481259, 682855.7 2481234, 682861.8 2481209, 682866.5 2481183, 682869.9 2481157, 682872 2481131, 682872.7 2481105))"
41,20260550,Forest,6639.069767441861,18.580990665382664,1.670074349442379,1,Dai,火葬,无,1,0,0,535,195.04017027779594,518.5802235182917,709.11468505859375,9.555737495422363,211.02077509545128,7200,69945.6802368164,0.6940346693196757,1,88,7200,1,0,0,1,0,-0.8569804947364614,-0.5153488446103763,8.80072713739144,2.9221390508761664,0.5128681460618293,"POLYGON ((681689 2413863, 681688.4 2413837, 681686.3 2413811, 681682.9 2413785, 681678.1 2413759, 681672 2413733, 681664.6 2413708, 681655.8 2413684, 681645.8 2413659, 681634.5 2413636, 681622.1 2413613, 681608.4 2413591, 681593.5 2413569, 681577.6 2413548, 681560.6 2413528, 681542.6 2413509, 681523.6 2413491, 681503.7 2413474, 681482.9 2413458, 681461.4 2413444, 681439 2413430, 681416 2413417, 681392.4 2413406, 681368.2 2413396, 681343.5 2413387, 681318.5 2413380, 681293 2413374, 681267.3 2413369, 681241.3 2413366, 681215.2 2413364, 681189 2413363, 681162.9 2413364, 681136.8 2413366, 681110.8 2413369, 681085.1 2413374, 681059.6 2413380, 681034.5 2413387, 681009.9 2413396, 680985.7 2413406, 680962 2413417, 680939 2413430, 680916.7 2413444, 680895.1 2413458, 680874.4 2413474, 680854.5 2413491, 680835.5 2413509, 680817.5 2413528, 680800.5 2413548, 680784.5 2413569, 680769.7 2413591, 680756 2413613, 680743.5 2413636, 680732.3 2413659, 680722.3 2413684, 680713.5 2413708, 680706.1 2413733, 680700 2413759, 680695.2 2413785, 680691.8 2413811, 680689.7 2413837, 680689 2413863, 680689.7 2413889, 680691.8 2413915, 680695.2 2413941, 680700 2413967, 680706.1 2413992, 680713.5 2414017, 680722.3 2414042, 680732.3 2414066, 680743.5 2414090, 680756 2414113, 680769.7 2414135, 680784.5 2414157, 680800.5 2414178, 680817.5 2414197, 680835.5 2414216, 680854.5 2414234, 680874.4 2414251, 680895.1 2414267, 680916.7 2414282, 680939 2414296, 680962 2414308, 680985.7 2414320, 681009.9 2414330, 681034.5 2414338, 681059.6 2414346, 681085.1 2414352, 681110.8 2414357, 681136.8 2414360, 681162.9 2414362, 681189 2414363, 681215.2 2414362, 681241.3 2414360, 681267.3 2414357, 681293 2414352, 681318.5 2414346, 681343.5 2414338, 681368.2 2414330, 681392.4 2414320, 681416 2414308, 681439 2414296, 681461.4 2414282, 681482.9 2414267, 681503.7 2414251, 681523.6 2414234, 681542.6 2414216, 681560.6 2414197, 681577.6 2414178, 681593.5 2414157, 681608.4 2414135, 681622.1 2414113, 681634.5 2414090, 681645.8 2414066, 681655.8 2414042, 681664.6 2414017, 681672 2413992, 681678.1 2413967, 681682.9 2413941, 681686.3 2413915, 681688.4 2413889, 681689 2413863))"
41,20260550,Forest,5152.0093185789165,31.010082017237615,3.867597133157299,1,Dai,土葬,无,1,0,0,575,319.2239345713028,1104.307997649653,912.3970947265625,2.266026496887207,234.5615453738787,281296.6094970703,0,0.4596370320301523,1,89,179273.583984375,0.6373115705336723,68303.9794921875,0.24281835324751358,1,0,-0.5798281228710974,-0.8147388219102976,8.547142076512934,3.4343123779730202,1.3526334183810655,"POLYGON ((684791.6 2486383, 684791 2486357, 684788.9 2486331, 684785.5 2486305, 684780.7 2486279, 684774.6 2486254, 684767.2 2486229, 684758.4 2486204, 684748.4 2486180, 684737.1 2486156, 684724.7 2486133, 684711 2486111, 684696.1 2486089, 684680.2 2486069, 684663.2 2486049, 684645.2 2486030, 684626.2 2486012, 684606.3 2485995, 684585.5 2485979, 684564 2485964, 684541.6 2485950, 684518.6 2485938, 684495 2485927, 684470.8 2485917, 684446.1 2485908, 684421 2485900, 684395.6 2485894, 684369.9 2485889, 684343.9 2485886, 684317.8 2485884, 684291.6 2485883, 684265.5 2485884, 684239.4 2485886, 684213.4 2485889, 684187.7 2485894, 684162.2 2485900, 684137.1 2485908, 684112.5 2485917, 684088.3 2485927, 684064.6 2485938, 684041.6 2485950, 684019.3 2485964, 683997.7 2485979, 683977 2485995, 683957.1 2486012, 683938.1 2486030, 683920.1 2486049, 683903.1 2486069, 683887.1 2486089, 683872.3 2486111, 683858.6 2486133, 683846.1 2486156, 683834.9 2486180, 683824.8 2486204, 683816.1 2486229, 683808.7 2486254, 683802.6 2486279, 683797.8 2486305, 683794.4 2486331, 683792.3 2486357, 683791.6 2486383, 683792.3 2486409, 683794.4 2486436, 683797.8 2486462, 683802.6 2486487, 683808.7 2486513, 683816.1 2486538, 683824.8 2486562, 683834.9 2486587, 683846.1 2486610, 683858.6 2486633, 683872.3 2486656, 683887.1 2486677, 683903.1 2486698, 683920.1 2486718, 683938.1 2486737, 683957.1 2486755, 683977 2486772, 683997.7 2486788, 684019.3 2486803, 684041.6 2486816, 684064.6 2486829, 684088.3 2486840, 684112.5 2486850, 684137.1 2486859, 684162.2 2486866, 684187.7 2486872, 684213.4 2486877, 684239.4 2486881, 684265.5 2486883, 684291.6 2486883, 684317.8 2486883, 684343.9 2486881, 684369.9 2486877, 684395.6 2486872, 684421 2486866, 684446.1 2486859, 684470.8 2486850, 684495 2486840, 684518.6 2486829, 684541.6 2486816, 684564 2486803, 684585.5 2486788, 684606.3 2486772, 684626.2 2486755, 684645.2 2486737, 684663.2 2486718, 684680.2 2486698, 684696.1 2486677, 684711 2486656, 684724.7 2486633, 684737.1 2486610, 684748.4 2486587, 684758.4 2486562, 684767.2 2486538, 684774.6 2486513, 684780.7 2486487, 684785.5 2486462, 684788.9 2486436, 684791 2486409, 684791.6 2486383))"
41,20260550,Forest,5152.0093185789165,31.010082017237615,3.867597133157299,1,Dai,土葬,无,1,0,0,576,415.7715179605235,1114.7538874093789,916.0458984375,2.742849349975586,281.88493263826757,330061.04736328125,0,0.33752437086087694,1,90,205408.3282470703,0.6223343526538225,74064.09072875977,0.22439512726638483,1,0,0.2059468547988445,-0.9785631778267889,8.547142076512934,3.4343123779730202,1.3526334183810655,"POLYGON ((684886.1 2486404, 684885.4 2486378, 684883.3 2486352, 684879.9 2486326, 684875.2 2486300, 684869 2486275, 684861.6 2486250, 684852.9 2486225, 684842.9 2486201, 684831.6 2486177, 684819.1 2486154, 684805.4 2486132, 684790.6 2486111, 684774.7 2486090, 684757.7 2486070, 684739.6 2486051, 684720.6 2486033, 684700.7 2486016, 684680 2486000, 684658.4 2485985, 684636.1 2485971, 684613.1 2485959, 684589.4 2485948, 684565.3 2485938, 684540.6 2485929, 684515.5 2485921, 684490 2485915, 684464.3 2485911, 684438.3 2485907, 684412.2 2485905, 684386.1 2485904, 684359.9 2485905, 684333.8 2485907, 684307.9 2485911, 684282.1 2485915, 684256.7 2485921, 684231.6 2485929, 684206.9 2485938, 684182.7 2485948, 684159.1 2485959, 684136.1 2485971, 684113.8 2485985, 684092.2 2486000, 684071.4 2486016, 684051.5 2486033, 684032.5 2486051, 684014.5 2486070, 683997.5 2486090, 683981.6 2486111, 683966.7 2486132, 683953.1 2486154, 683940.6 2486177, 683929.3 2486201, 683919.3 2486225, 683910.6 2486250, 683903.1 2486275, 683897 2486300, 683892.2 2486326, 683888.8 2486352, 683886.8 2486378, 683886.1 2486404, 683886.8 2486431, 683888.8 2486457, 683892.2 2486483, 683897 2486508, 683903.1 2486534, 683910.6 2486559, 683919.3 2486584, 683929.3 2486608, 683940.6 2486631, 683953.1 2486654, 683966.7 2486677, 683981.6 2486698, 683997.5 2486719, 684014.5 2486739, 684032.5 2486758, 684051.5 2486776, 684071.4 2486793, 684092.2 2486809, 684113.8 2486824, 684136.1 2486837, 684159.1 2486850, 684182.7 2486861, 684206.9 2486871, 684231.6 2486880, 684256.7 2486887, 684282.1 2486893, 684307.9 2486898, 684333.8 2486902, 684359.9 2486904, 684386.1 2486904, 684412.2 2486904, 684438.3 2486902, 684464.3 2486898, 684490 2486893, 684515.5 2486887, 684540.6 2486880, 684565.3 2486871, 684589.4 2486861, 684613.1 2486850, 684636.1 2486837, 684658.4 2486824, 684680 2486809, 684700.7 2486793, 684720.6 2486776, 684739.6 2486758, 684757.7 2486739, 684774.7 2486719, 684790.6 2486698, 684805.4 2486677, 684819.1 2486654, 684831.6 2486631, 684842.9 2486608, 684852.9 2486584, 684861.6 2486559, 684869 2486534, 684875.2 2486508, 684879.9 2486483, 684883.3 2486457, 684885.4 2486431, 684886.1 2486404))"
41,20260550,Forest,5152.0093185789165,31.010082017237615,3.867597133157299,1,Dai,土葬,无,1,0,0,577,292.82012770960716,272.05918673542163,945.54620361328125,4.955063819885254,150.05618933608386,497642.98095703125,0,0.581974635367898,1,91,309724.7772216797,0.6223834939378412,7710.007667541504,0.015493050163621661,1,0,-0.8665153317151669,0.4991504581812525,8.547142076512934,3.4343123779730202,1.3526334183810655,"POLYGON ((682300.5 2486571, 682299.8 2486545, 682297.8 2486519, 682294.3 2486493, 682289.6 2486467, 682283.5 2486442, 682276 2486417, 682267.3 2486392, 682257.3 2486368, 682246 2486344, 682233.5 2486321, 682219.8 2486299, 682205 2486277, 682189.1 2486256, 682172.1 2486237, 682154 2486218, 682135.1 2486200, 682115.2 2486183, 682094.4 2486167, 682072.8 2486152, 682050.5 2486138, 682027.5 2486126, 682003.9 2486114, 681979.7 2486104, 681955 2486096, 681929.9 2486088, 681904.4 2486082, 681878.7 2486077, 681852.8 2486074, 681826.7 2486072, 681800.5 2486071, 681774.3 2486072, 681748.2 2486074, 681722.3 2486077, 681696.5 2486082, 681671.1 2486088, 681646 2486096, 681621.3 2486104, 681597.1 2486114, 681573.5 2486126, 681550.5 2486138, 681528.2 2486152, 681506.6 2486167, 681485.8 2486183, 681465.9 2486200, 681446.9 2486218, 681428.9 2486237, 681411.9 2486256, 681396 2486277, 681381.2 2486299, 681367.5 2486321, 681355 2486344, 681343.7 2486368, 681333.7 2486392, 681325 2486417, 681317.5 2486442, 681311.4 2486467, 681306.6 2486493, 681303.2 2486519, 681301.2 2486545, 681300.5 2486571, 681301.2 2486597, 681303.2 2486623, 681306.6 2486649, 681311.4 2486675, 681317.5 2486701, 681325 2486726, 681333.7 2486750, 681343.7 2486775, 681355 2486798, 681367.5 2486821, 681381.2 2486843, 681396 2486865, 681411.9 2486886, 681428.9 2486906, 681446.9 2486925, 681465.9 2486943, 681485.8 2486960, 681506.6 2486976, 681528.2 2486990, 681550.5 2487004, 681573.5 2487017, 681597.1 2487028, 681621.3 2487038, 681646 2487047, 681671.1 2487054, 681696.5 2487060, 681722.3 2487065, 681748.2 2487068, 681774.3 2487070, 681800.5 2487071, 681826.7 2487070, 681852.8 2487068, 681878.7 2487065, 681904.4 2487060, 681929.9 2487054, 681955 2487047, 681979.7 2487038, 682003.9 2487028, 682027.5 2487017, 682050.5 2487004, 682072.8 2486990, 682094.4 2486976, 682115.2 2486960, 682135.1 2486943, 682154 2486925, 682172.1 2486906, 682189.1 2486886, 682205 2486865, 682219.8 2486843, 682233.5 2486821, 682246 2486798, 682257.3 2486775, 682267.3 2486750, 682276 2486726, 682283.5 2486701, 682289.6 2486675, 682294.3 2486649, 682297.8 2486623, 682299.8 2486597, 682300.5 2486571))"
41,20260550,Forest,7228.991849999999,125.94885561236832,2.2268100633762242,1,Dai,火葬,有,1,0,0,578,41.47840460310257,711.607629931342,1190.8331298828125,5.41815710067749,50.512658022185924,133323.84338378906,0,0.07681625069782287,1,92,0,0,12600,0.0945067264804942,1,0,0.6359077342405046,0.77176508960506085,8.885854865596148,4.835875916710245,0.8005700965267329,"POLYGON ((647979.1 2430418, 647978.4 2430392, 647976.4 2430366, 647973 2430340, 647968.2 2430314, 647962.1 2430288, 647954.7 2430263, 647945.9 2430239, 647935.9 2430215, 647924.6 2430191, 647912.1 2430168, 647898.5 2430146, 647883.6 2430124, 647867.7 2430103, 647850.7 2430083, 647832.7 2430064, 647813.7 2430046, 647793.8 2430029, 647773 2430013, 647751.4 2429999, 647729.1 2429985, 647706.1 2429972, 647682.5 2429961, 647658.3 2429951, 647633.6 2429942, 647608.5 2429935, 647583.1 2429929, 647557.3 2429924, 647531.4 2429921, 647505.3 2429919, 647479.1 2429918, 647453 2429919, 647426.9 2429921, 647400.9 2429924, 647375.2 2429929, 647349.7 2429935, 647324.6 2429942, 647299.9 2429951, 647275.8 2429961, 647252.1 2429972, 647229.1 2429985, 647206.8 2429999, 647185.2 2430013, 647164.5 2430029, 647144.6 2430046, 647125.6 2430064, 647107.6 2430083, 647090.6 2430103, 647074.6 2430124, 647059.8 2430146, 647046.1 2430168, 647033.6 2430191, 647022.4 2430215, 647012.3 2430239, 647003.6 2430263, 646996.2 2430288, 646990.1 2430314, 646985.3 2430340, 646981.9 2430366, 646979.8 2430392, 646979.1 2430418, 646979.8 2430444, 646981.9 2430470, 646985.3 2430496, 646990.1 2430522, 646996.2 2430547, 647003.6 2430572, 647012.3 2430597, 647022.4 2430621, 647033.6 2430645, 647046.1 2430668, 647059.8 2430690, 647074.6 2430712, 647090.6 2430733, 647107.6 2430752, 647125.6 2430771, 647144.6 2430789, 647164.5 2430806, 647185.2 2430822, 647206.8 2430837, 647229.1 2430851, 647252.1 2430863, 647275.8 2430875, 647299.9 2430885, 647324.6 2430893, 647349.7 2430901, 647375.2 2430907, 647400.9 2430912, 647426.9 2430915, 647453 2430917, 647479.1 2430918, 647505.3 2430917, 647531.4 2430915, 647557.3 2430912, 647583.1 2430907, 647608.5 2430901, 647633.6 2430893, 647658.3 2430885, 647682.5 2430875, 647706.1 2430863, 647729.1 2430851, 647751.4 2430837, 647773 2430822, 647793.8 2430806, 647813.7 2430789, 647832.7 2430771, 647850.7 2430752, 647867.7 2430733, 647883.6 2430712, 647898.5 2430690, 647912.1 2430668, 647924.6 2430645, 647935.9 2430621, 647945.9 2430597, 647954.7 2430572, 647962.1 2430547, 647968.2 2430522, 647973 2430496, 647976.4 2430470, 647978.4 2430444, 647979.1 2430418))"
41,20260550,Forest,7049.3814250000005,62.13958925543634,2.551398109032388,1,Dai,火葬,有,1,0,0,579,92.60869326501532,888.6677688071637,1137.699951171875,6.999038219451904,279.8993390886093,618537.2497558594,0,0.09971417637710597,1,93,0,0,103767.0295715332,0.16776197328857836,1,0,0.17191773695325105,-0.9851113093051327,8.860695150822083,4.129383293956514,0.936641486972757,"POLYGON ((645087.5 2445375, 645086.8 2445349, 645084.7 2445323, 645081.3 2445297, 645076.6 2445271, 645070.4 2445246, 645063 2445220, 645054.3 2445196, 645044.3 2445172, 645033 2445148, 645020.5 2445125, 645006.8 2445103, 644992 2445081, 644976.1 2445060, 644959.1 2445040, 644941 2445021, 644922 2445003, 644902.1 2444986, 644881.4 2444970, 644859.8 2444956, 644837.5 2444942, 644814.5 2444929, 644790.9 2444918, 644766.7 2444908, 644742 2444899, 644716.9 2444892, 644691.4 2444886, 644665.7 2444881, 644639.7 2444878, 644613.7 2444876, 644587.5 2444875, 644561.3 2444876, 644535.2 2444878, 644509.3 2444881, 644483.5 2444886, 644458.1 2444892, 644433 2444899, 644408.3 2444908, 644384.1 2444918, 644360.5 2444929, 644337.5 2444942, 644315.2 2444956, 644293.6 2444970, 644272.8 2444986, 644252.9 2445003, 644233.9 2445021, 644215.9 2445040, 644198.9 2445060, 644183 2445081, 644168.1 2445103, 644154.5 2445125, 644142 2445148, 644130.7 2445172, 644120.7 2445196, 644112 2445220, 644104.5 2445246, 644098.4 2445271, 644093.6 2445297, 644090.2 2445323, 644088.2 2445349, 644087.5 2445375, 644088.2 2445401, 644090.2 2445427, 644093.6 2445453, 644098.4 2445479, 644104.5 2445504, 644112 2445529, 644120.7 2445554, 644130.7 2445578, 644142 2445602, 644154.5 2445625, 644168.1 2445647, 644183 2445669, 644198.9 2445690, 644215.9 2445710, 644233.9 2445729, 644252.9 2445747, 644272.8 2445764, 644293.6 2445779, 644315.2 2445794, 644337.5 2445808, 644360.5 2445820, 644384.1 2445832, 644408.3 2445842, 644433 2445851, 644458.1 2445858, 644483.5 2445864, 644509.3 2445869, 644535.2 2445872, 644561.3 2445874, 644587.5 2445875, 644613.7 2445874, 644639.7 2445872, 644665.7 2445869, 644691.4 2445864, 644716.9 2445858, 644742 2445851, 644766.7 2445842, 644790.9 2445832, 644814.5 2445820, 644837.5 2445808, 644859.8 2445794, 644881.4 2445779, 644902.1 2445764, 644922 2445747, 644941 2445729, 644959.1 2445710, 644976.1 2445690, 644992 2445669, 645006.8 2445647, 645020.5 2445625, 645033 2445602, 645044.3 2445578, 645054.3 2445554, 645063 2445529, 645070.4 2445504, 645076.6 2445479, 645081.3 2445453, 645084.7 2445427, 645086.8 2445401, 645087.5 2445375))"
41,20260550,Forest,7049.3814250000005,62.13958925543634,2.551398109032388,1,Dai,火葬,有,1,0,0,580,221.3452171030917,469.74629276517123,1183.573974609375,5.149966239929199,264.253832871748,339914.8498535156,0,0.21132398258136004,1,94,0,0,36907.8483581543,0.10857968804263633,1,0,-0.10012150174331032,-0.9949752182284061,8.860695150822083,4.129383293956514,0.936641486972757,"POLYGON ((646774.8 2441410, 646774.1 2441384, 646772.1 2441358, 646768.7 2441332, 646763.9 2441306, 646757.8 2441280, 646750.4 2441255, 646741.6 2441231, 646731.6 2441206, 646720.3 2441183, 646707.8 2441160, 646694.2 2441137, 646679.3 2441116, 646663.4 2441095, 646646.4 2441075, 646628.4 2441056, 646609.4 2441038, 646589.5 2441021, 646568.7 2441005, 646547.1 2440990, 646524.8 2440977, 646501.8 2440964, 646478.2 2440953, 646454 2440943, 646429.3 2440934, 646404.2 2440927, 646378.8 2440921, 646353 2440916, 646327.1 2440913, 646301 2440910, 646274.8 2440910, 646248.7 2440910, 646222.6 2440913, 646196.6 2440916, 646170.9 2440921, 646145.4 2440927, 646120.3 2440934, 646095.6 2440943, 646071.5 2440953, 646047.8 2440964, 646024.8 2440977, 646002.5 2440990, 645980.9 2441005, 645960.2 2441021, 645940.3 2441038, 645921.3 2441056, 645903.2 2441075, 645886.2 2441095, 645870.3 2441116, 645855.5 2441137, 645841.8 2441160, 645829.3 2441183, 645818 2441206, 645808 2441231, 645799.3 2441255, 645791.9 2441280, 645785.7 2441306, 645781 2441332, 645777.6 2441358, 645775.5 2441384, 645774.8 2441410, 645775.5 2441436, 645777.6 2441462, 645781 2441488, 645785.7 2441514, 645791.9 2441539, 645799.3 2441564, 645808 2441589, 645818 2441613, 645829.3 2441637, 645841.8 2441660, 645855.5 2441682, 645870.3 2441704, 645886.2 2441724, 645903.2 2441744, 645921.3 2441763, 645940.3 2441781, 645960.2 2441798, 645980.9 2441814, 646002.5 2441829, 646024.8 2441843, 646047.8 2441855, 646071.5 2441867, 646095.6 2441877, 646120.3 2441885, 646145.4 2441893, 646170.9 2441899, 646196.6 2441904, 646222.6 2441907, 646248.7 2441909, 646274.8 2441910, 646301 2441909, 646327.1 2441907, 646353 2441904, 646378.8 2441899, 646404.2 2441893, 646429.3 2441885, 646454 2441877, 646478.2 2441867, 646501.8 2441855, 646524.8 2441843, 646547.1 2441829, 646568.7 2441814, 646589.5 2441798, 646609.4 2441781, 646628.4 2441763, 646646.4 2441744, 646663.4 2441724, 646679.3 2441704, 646694.2 2441682, 646707.8 2441660, 646720.3 2441637, 646731.6 2441613, 646741.6 2441589, 646750.4 2441564, 646757.8 2441539, 646763.9 2441514, 646768.7 2441488, 646772.1 2441462, 646774.1 2441436, 646774.8 2441410))"
41,20260550,Forest,7049.3814250000005,62.13958925543634,2.551398109032388,1,Dai,火葬,有,1,0,0,581,10.396902742597273,212.58218364289513,1129.99169921875,6.696994781494141,30.01633911593537,441786.31896972656,0,0.2207072031142737,1,95,0,0,20714.75944519043,0.04688863949770683,1,0,0.8658827828876363,0.5002469453167729,8.860695150822083,4.129383293956514,0.936641486972757,"POLYGON ((644172.6 2439105, 644171.9 2439079, 644169.9 2439053, 644166.5 2439027, 644161.7 2439001, 644155.6 2438976, 644148.1 2438951, 644139.4 2438926, 644129.4 2438902, 644118.1 2438878, 644105.6 2438855, 644091.9 2438833, 644077.1 2438811, 644061.2 2438790, 644044.2 2438771, 644026.2 2438752, 644007.2 2438734, 643987.3 2438717, 643966.5 2438701, 643944.9 2438686, 643922.6 2438672, 643899.6 2438660, 643876 2438648, 643851.8 2438638, 643827.1 2438630, 643802 2438622, 643776.6 2438616, 643750.8 2438611, 643724.9 2438608, 643698.8 2438606, 643672.6 2438605, 643646.4 2438606, 643620.3 2438608, 643594.4 2438611, 643568.7 2438616, 643543.2 2438622, 643518.1 2438630, 643493.4 2438638, 643469.2 2438648, 643445.6 2438660, 643422.6 2438672, 643400.3 2438686, 643378.7 2438701, 643357.9 2438717, 643338 2438734, 643319.1 2438752, 643301 2438771, 643284 2438790, 643268.1 2438811, 643253.3 2438833, 643239.6 2438855, 643227.1 2438878, 643215.8 2438902, 643205.8 2438926, 643197.1 2438951, 643189.6 2438976, 643183.5 2439001, 643178.8 2439027, 643175.3 2439053, 643173.3 2439079, 643172.6 2439105, 643173.3 2439131, 643175.3 2439157, 643178.8 2439183, 643183.5 2439209, 643189.6 2439235, 643197.1 2439260, 643205.8 2439284, 643215.8 2439309, 643227.1 2439332, 643239.6 2439355, 643253.3 2439377, 643268.1 2439399, 643284 2439420, 643301 2439440, 643319.1 2439459, 643338 2439477, 643357.9 2439494, 643378.7 2439510, 643400.3 2439524, 643422.6 2439538, 643445.6 2439551, 643469.2 2439562, 643493.4 2439572, 643518.1 2439581, 643543.2 2439588, 643568.7 2439594, 643594.4 2439599, 643620.3 2439602, 643646.4 2439604, 643672.6 2439605, 643698.8 2439604, 643724.9 2439602, 643750.8 2439599, 643776.6 2439594, 643802 2439588, 643827.1 2439581, 643851.8 2439572, 643876 2439562, 643899.6 2439551, 643922.6 2439538, 643944.9 2439524, 643966.5 2439510, 643987.3 2439494, 644007.2 2439477, 644026.2 2439459, 644044.2 2439440, 644061.2 2439420, 644077.1 2439399, 644091.9 2439377, 644105.6 2439355, 644118.1 2439332, 644129.4 2439309, 644139.4 2439284, 644148.1 2439260, 644155.6 2439235, 644161.7 2439209, 644166.5 2439183, 644169.9 2439157, 644171.9 2439131, 644172.6 2439105))"
41,20260550,Forest,7472.8425,44.82738108566082,3.0142299107142856,1,Dai,火葬,有,1,0,0,582,580.0382761591869,880.5790161633657,1205.963134765625,5.910378456115723,192.08582702257323,272315.56091308594,0,0.039922167081291815,1,96,0,0,116149.49340820312,0.4265253627767316,1,0,-0.9778350591641997,-0.20937668702447804,8.919030727835047,3.8028191376712726,1.1033443782221637,"POLYGON ((639527 2433785, 639526.3 2433758, 639524.3 2433732, 639520.9 2433706, 639516.1 2433681, 639510 2433655, 639502.5 2433630, 639493.8 2433605, 639483.8 2433581, 639472.5 2433558, 639460 2433535, 639446.4 2433512, 639431.5 2433491, 639415.6 2433470, 639398.6 2433450, 639380.6 2433431, 639361.6 2433413, 639341.7 2433396, 639320.9 2433380, 639299.3 2433365, 639277 2433352, 639254 2433339, 639230.4 2433328, 639206.2 2433318, 639181.5 2433309, 639156.4 2433302, 639131 2433296, 639105.2 2433291, 639079.3 2433287, 639053.2 2433285, 639027 2433285, 639000.8 2433285, 638974.8 2433287, 638948.8 2433291, 638923.1 2433296, 638897.6 2433302, 638872.5 2433309, 638847.8 2433318, 638823.6 2433328, 638800 2433339, 638777 2433352, 638754.7 2433365, 638733.1 2433380, 638712.4 2433396, 638692.4 2433413, 638673.5 2433431, 638655.4 2433450, 638638.4 2433470, 638622.5 2433491, 638607.7 2433512, 638594 2433535, 638581.5 2433558, 638570.2 2433581, 638560.2 2433605, 638551.5 2433630, 638544.1 2433655, 638537.9 2433681, 638533.2 2433706, 638529.8 2433732, 638527.7 2433758, 638527 2433785, 638527.7 2433811, 638529.8 2433837, 638533.2 2433863, 638537.9 2433889, 638544.1 2433914, 638551.5 2433939, 638560.2 2433964, 638570.2 2433988, 638581.5 2434012, 638594 2434035, 638607.7 2434057, 638622.5 2434079, 638638.4 2434099, 638655.4 2434119, 638673.5 2434138, 638692.4 2434156, 638712.4 2434173, 638733.1 2434189, 638754.7 2434204, 638777 2434218, 638800 2434230, 638823.6 2434241, 638847.8 2434251, 638872.5 2434260, 638897.6 2434268, 638923.1 2434274, 638948.8 2434278, 638974.8 2434282, 639000.8 2434284, 639027 2434285, 639053.2 2434284, 639079.3 2434282, 639105.2 2434278, 639131 2434274, 639156.4 2434268, 639181.5 2434260, 639206.2 2434251, 639230.4 2434241, 639254 2434230, 639277 2434218, 639299.3 2434204, 639320.9 2434189, 639341.7 2434173, 639361.6 2434156, 639380.6 2434138, 639398.6 2434119, 639415.6 2434099, 639431.5 2434079, 639446.4 2434057, 639460 2434035, 639472.5 2434012, 639483.8 2433988, 639493.8 2433964, 639502.5 2433939, 639510 2433914, 639516.1 2433889, 639520.9 2433863, 639524.3 2433837, 639526.3 2433811, 639527 2433785))"
41,20260550,Forest,7668.695652173914,133.19513203141992,2.0375399361022364,1,Dai,火葬,有,1,0,0,583,87.7649466651277,1033.8904126160248,1203.2183837890625,7.499274730682373,214.9241456795712,348785.5682373047,2272.1052646636963,0.051006455830808733,1,97,0,0,91365.80657958984,0.26195409128117053,1,0,-0.8199106884186239,-0.572491452352695,8.944901821513023,4.891815211127795,0.7117431664817675,"POLYGON ((644075.5 2427919, 644074.8 2427892, 644072.7 2427866, 644069.3 2427840, 644064.6 2427815, 644058.4 2427789, 644051 2427764, 644042.3 2427739, 644032.3 2427715, 644021 2427692, 644008.5 2427669, 643994.8 2427646, 643980 2427625, 643964.1 2427604, 643947.1 2427584, 643929 2427565, 643910 2427547, 643890.1 2427530, 643869.4 2427514, 643847.8 2427499, 643825.5 2427486, 643802.5 2427473, 643778.8 2427462, 643754.7 2427452, 643730 2427443, 643704.9 2427436, 643679.4 2427430, 643653.7 2427425, 643627.7 2427421, 643601.6 2427419, 643575.5 2427419, 643549.3 2427419, 643523.2 2427421, 643497.3 2427425, 643471.5 2427430, 643446.1 2427436, 643421 2427443, 643396.3 2427452, 643372.1 2427462, 643348.5 2427473, 643325.5 2427486, 643303.2 2427499, 643281.6 2427514, 643260.8 2427530, 643240.9 2427547, 643221.9 2427565, 643203.9 2427584, 643186.9 2427604, 643171 2427625, 643156.1 2427646, 643142.5 2427669, 643130 2427692, 643118.7 2427715, 643108.7 2427739, 643100 2427764, 643092.5 2427789, 643086.4 2427815, 643081.6 2427840, 643078.2 2427866, 643076.2 2427892, 643075.5 2427919, 643076.2 2427945, 643078.2 2427971, 643081.6 2427997, 643086.4 2428023, 643092.5 2428048, 643100 2428073, 643108.7 2428098, 643118.7 2428122, 643130 2428146, 643142.5 2428169, 643156.1 2428191, 643171 2428213, 643186.9 2428233, 643203.9 2428253, 643221.9 2428272, 643240.9 2428290, 643260.8 2428307, 643281.6 2428323, 643303.2 2428338, 643325.5 2428352, 643348.5 2428364, 643372.1 2428375, 643396.3 2428385, 643421 2428394, 643446.1 2428402, 643471.5 2428408, 643497.3 2428413, 643523.2 2428416, 643549.3 2428418, 643575.5 2428419, 643601.6 2428418, 643627.7 2428416, 643653.7 2428413, 643679.4 2428408, 643704.9 2428402, 643730 2428394, 643754.7 2428385, 643778.8 2428375, 643802.5 2428364, 643825.5 2428352, 643847.8 2428338, 643869.4 2428323, 643890.1 2428307, 643910 2428290, 643929 2428272, 643947.1 2428253, 643964.1 2428233, 643980 2428213, 643994.8 2428191, 644008.5 2428169, 644021 2428146, 644032.3 2428122, 644042.3 2428098, 644051 2428073, 644058.4 2428048, 644064.6 2428023, 644069.3 2427997, 644072.7 2427971, 644074.8 2427945, 644075.5 2427919))"
41,20260550,Forest,7228.991849999999,125.94885561236832,2.2268100633762242,1,Dai,火葬,有,1,0,0,584,185.02977737865342,500.3519307863354,1184.4986572265625,3.1361913681030273,261.54511701472734,61519.96994018555,0,0.30875707333593233,1,98,0,0,3600,0.058517583859358145,1,0,-0.14703057428245808,-0.9891319478341454,8.885854865596148,4.835875916710245,0.8005700965267329,"POLYGON ((645501.9 2433734, 645501.2 2433708, 645499.2 2433682, 645495.7 2433656, 645491 2433630, 645484.9 2433605, 645477.4 2433580, 645468.7 2433555, 645458.7 2433531, 645447.4 2433507, 645434.9 2433484, 645421.2 2433462, 645406.4 2433440, 645390.5 2433420, 645373.5 2433400, 645355.5 2433381, 645336.5 2433363, 645316.6 2433346, 645295.8 2433330, 645274.2 2433315, 645251.9 2433301, 645228.9 2433289, 645205.3 2433278, 645181.1 2433268, 645156.4 2433259, 645131.3 2433251, 645105.9 2433245, 645080.1 2433240, 645054.2 2433237, 645028.1 2433235, 645001.9 2433234, 644975.7 2433235, 644949.6 2433237, 644923.7 2433240, 644897.9 2433245, 644872.5 2433251, 644847.4 2433259, 644822.7 2433268, 644798.5 2433278, 644774.9 2433289, 644751.9 2433301, 644729.6 2433315, 644708 2433330, 644687.2 2433346, 644667.3 2433363, 644648.3 2433381, 644630.3 2433400, 644613.3 2433420, 644597.4 2433440, 644582.6 2433462, 644568.9 2433484, 644556.4 2433507, 644545.1 2433531, 644535.1 2433555, 644526.4 2433580, 644518.9 2433605, 644512.8 2433630, 644508.1 2433656, 644504.6 2433682, 644502.6 2433708, 644501.9 2433734, 644502.6 2433760, 644504.6 2433787, 644508.1 2433813, 644512.8 2433838, 644518.9 2433864, 644526.4 2433889, 644535.1 2433913, 644545.1 2433938, 644556.4 2433961, 644568.9 2433984, 644582.6 2434007, 644597.4 2434028, 644613.3 2434049, 644630.3 2434069, 644648.3 2434088, 644667.3 2434106, 644687.2 2434123, 644708 2434139, 644729.6 2434154, 644751.9 2434167, 644774.9 2434180, 644798.5 2434191, 644822.7 2434201, 644847.4 2434210, 644872.5 2434217, 644897.9 2434223, 644923.7 2434228, 644949.6 2434232, 644975.7 2434234, 645001.9 2434234, 645028.1 2434234, 645054.2 2434232, 645080.1 2434228, 645105.9 2434223, 645131.3 2434217, 645156.4 2434210, 645181.1 2434201, 645205.3 2434191, 645228.9 2434180, 645251.9 2434167, 645274.2 2434154, 645295.8 2434139, 645316.6 2434123, 645336.5 2434106, 645355.5 2434088, 645373.5 2434069, 645390.5 2434049, 645406.4 2434028, 645421.2 2434007, 645434.9 2433984, 645447.4 2433961, 645458.7 2433938, 645468.7 2433913, 645477.4 2433889, 645484.9 2433864, 645491 2433838, 645495.7 2433813, 645499.2 2433787, 645501.2 2433760, 645501.9 2433734))"
41,20260550,Forest,7049.3814250000005,62.13958925543634,2.551398109032388,1,Dai,火葬,有,1,0,0,585,5.035152082355086,429.4694428700016,1174.6080322265625,6.283308982849121,86.09328853148492,361031.0119628906,0,0.13583209269811836,1,99,0,0,53069.42710876465,0.14699409566017976,1,0,0.06813215616444272,0.9976763048686603,8.860695150822083,4.129383293956514,0.936641486972757,"POLYGON ((647011.7 2440202, 647011.1 2440175, 647009 2440149, 647005.6 2440123, 647000.8 2440098, 646994.7 2440072, 646987.3 2440047, 646978.5 2440022, 646968.5 2439998, 646957.3 2439975, 646944.8 2439952, 646931.1 2439929, 646916.3 2439908, 646900.3 2439887, 646883.3 2439867, 646865.3 2439848, 646846.3 2439830, 646826.4 2439813, 646805.6 2439797, 646784.1 2439782, 646761.7 2439768, 646738.7 2439756, 646715.1 2439745, 646690.9 2439735, 646666.3 2439726, 646641.2 2439719, 646615.7 2439712, 646590 2439708, 646564 2439704, 646537.9 2439702, 646511.7 2439702, 646485.6 2439702, 646459.5 2439704, 646433.5 2439708, 646407.8 2439712, 646382.3 2439719, 646357.2 2439726, 646332.6 2439735, 646308.4 2439745, 646284.8 2439756, 646261.7 2439768, 646239.4 2439782, 646217.9 2439797, 646197.1 2439813, 646177.2 2439830, 646158.2 2439848, 646140.2 2439867, 646123.2 2439887, 646107.2 2439908, 646092.4 2439929, 646078.7 2439952, 646066.2 2439975, 646055 2439998, 646045 2440022, 646036.2 2440047, 646028.8 2440072, 646022.7 2440098, 646017.9 2440123, 646014.5 2440149, 646012.4 2440175, 646011.7 2440202, 646012.4 2440228, 646014.5 2440254, 646017.9 2440280, 646022.7 2440305, 646028.8 2440331, 646036.2 2440356, 646045 2440381, 646055 2440405, 646066.2 2440428, 646078.7 2440452, 646092.4 2440474, 646107.2 2440495, 646123.2 2440516, 646140.2 2440536, 646158.2 2440555, 646177.2 2440573, 646197.1 2440590, 646217.9 2440606, 646239.4 2440621, 646261.7 2440635, 646284.8 2440647, 646308.4 2440658, 646332.6 2440668, 646357.2 2440677, 646382.3 2440684, 646407.8 2440691, 646433.5 2440695, 646459.5 2440699, 646485.6 2440701, 646511.7 2440702, 646537.9 2440701, 646564 2440699, 646590 2440695, 646615.7 2440691, 646641.2 2440684, 646666.3 2440677, 646690.9 2440668, 646715.1 2440658, 646738.7 2440647, 646761.7 2440635, 646784.1 2440621, 646805.6 2440606, 646826.4 2440590, 646846.3 2440573, 646865.3 2440555, 646883.3 2440536, 646900.3 2440516, 646916.3 2440495, 646931.1 2440474, 646944.8 2440452, 646957.3 2440428, 646968.5 2440405, 646978.5 2440381, 646987.3 2440356, 646994.7 2440331, 647000.8 2440305, 647005.6 2440280, 647009 2440254, 647011.1 2440228, 647011.7 2440202))"
41,20260550,Forest,7049.3814250000005,62.13958925543634,2.551398109032388,1,Dai,火葬,有,1,0,0,586,221.10172517800828,307.92204722502055,1173.0074462890625,4.01411771774292,206.3846175345885,223817.04711914062,0,0.35804691985162784,1,100,0,0,48731.65397644043,0.2177298583985873,1,0,-0.8958311012394702,-0.4443946872455589,8.860695150822083,4.129383293956514,0.936641486972757,"POLYGON ((646889.9 2440793, 646889.2 2440767, 646887.1 2440741, 646883.7 2440715, 646878.9 2440689, 646872.8 2440664, 646865.4 2440639, 646856.6 2440614, 646846.6 2440590, 646835.4 2440566, 646822.9 2440543, 646809.2 2440521, 646794.4 2440499, 646778.4 2440478, 646761.4 2440459, 646743.4 2440440, 646724.4 2440422, 646704.5 2440405, 646683.7 2440389, 646662.2 2440374, 646639.9 2440360, 646616.9 2440348, 646593.2 2440336, 646569 2440326, 646544.4 2440318, 646519.3 2440310, 646493.8 2440304, 646468.1 2440299, 646442.1 2440296, 646416 2440294, 646389.9 2440293, 646363.7 2440294, 646337.6 2440296, 646311.6 2440299, 646285.9 2440304, 646260.4 2440310, 646235.3 2440318, 646210.7 2440326, 646186.5 2440336, 646162.9 2440348, 646139.9 2440360, 646117.5 2440374, 646096 2440389, 646075.2 2440405, 646055.3 2440422, 646036.3 2440440, 646018.3 2440459, 646001.3 2440478, 645985.3 2440499, 645970.5 2440521, 645956.8 2440543, 645944.4 2440566, 645933.1 2440590, 645923.1 2440614, 645914.3 2440639, 645906.9 2440664, 645900.8 2440689, 645896 2440715, 645892.6 2440741, 645890.5 2440767, 645889.9 2440793, 645890.5 2440819, 645892.6 2440845, 645896 2440871, 645900.8 2440897, 645906.9 2440923, 645914.3 2440948, 645923.1 2440972, 645933.1 2440997, 645944.4 2441020, 645956.8 2441043, 645970.5 2441065, 645985.3 2441087, 646001.3 2441108, 646018.3 2441128, 646036.3 2441147, 646055.3 2441165, 646075.2 2441182, 646096 2441198, 646117.5 2441212, 646139.9 2441226, 646162.9 2441239, 646186.5 2441250, 646210.7 2441260, 646235.3 2441269, 646260.4 2441276, 646285.9 2441282, 646311.6 2441287, 646337.6 2441290, 646363.7 2441292, 646389.9 2441293, 646416 2441292, 646442.1 2441290, 646468.1 2441287, 646493.8 2441282, 646519.3 2441276, 646544.4 2441269, 646569 2441260, 646593.2 2441250, 646616.9 2441239, 646639.9 2441226, 646662.2 2441212, 646683.7 2441198, 646704.5 2441182, 646724.4 2441165, 646743.4 2441147, 646761.4 2441128, 646778.4 2441108, 646794.4 2441087, 646809.2 2441065, 646822.9 2441043, 646835.4 2441020, 646846.6 2440997, 646856.6 2440972, 646865.4 2440948, 646872.8 2440923, 646878.9 2440897, 646883.7 2440871, 646887.1 2440845, 646889.2 2440819, 646889.9 2440793))"
41,20260550,Forest,7228.991849999999,125.94885561236832,2.2268100633762242,1,Dai,火葬,有,1,0,0,588,163.2039759918787,803.8243917104655,1173.0335693359375,1.7144948244094849,135.89587288898733,39910.79292297363,0,0.19598344887228344,1,102,0,0,9945.574378967285,0.24919510865549274,1,0,-0.7180761681352847,0.695964522627516,8.885854865596148,4.835875916710245,0.8005700965267329,"POLYGON ((648628.4 2432940, 648627.7 2432913, 648625.6 2432887, 648622.2 2432861, 648617.5 2432836, 648611.3 2432810, 648603.9 2432785, 648595.2 2432760, 648585.2 2432736, 648573.9 2432713, 648561.4 2432690, 648547.7 2432667, 648532.9 2432646, 648517 2432625, 648500 2432605, 648481.9 2432586, 648462.9 2432568, 648443 2432551, 648422.3 2432535, 648400.7 2432520, 648378.4 2432507, 648355.4 2432494, 648331.7 2432483, 648307.6 2432473, 648282.9 2432464, 648257.8 2432457, 648232.3 2432451, 648206.6 2432446, 648180.6 2432442, 648154.5 2432440, 648128.4 2432440, 648102.2 2432440, 648076.1 2432442, 648050.2 2432446, 648024.4 2432451, 647999 2432457, 647973.9 2432464, 647949.2 2432473, 647925 2432483, 647901.4 2432494, 647878.4 2432507, 647856.1 2432520, 647834.5 2432535, 647813.7 2432551, 647793.8 2432568, 647774.8 2432586, 647756.8 2432605, 647739.8 2432625, 647723.9 2432646, 647709 2432667, 647695.4 2432690, 647682.9 2432713, 647671.6 2432736, 647661.6 2432760, 647652.9 2432785, 647645.4 2432810, 647639.3 2432836, 647634.5 2432861, 647631.1 2432887, 647629.1 2432913, 647628.4 2432940, 647629.1 2432966, 647631.1 2432992, 647634.5 2433018, 647639.3 2433044, 647645.4 2433069, 647652.9 2433094, 647661.6 2433119, 647671.6 2433143, 647682.9 2433167, 647695.4 2433190, 647709 2433212, 647723.9 2433234, 647739.8 2433254, 647756.8 2433274, 647774.8 2433293, 647793.8 2433311, 647813.7 2433328, 647834.5 2433344, 647856.1 2433359, 647878.4 2433373, 647901.4 2433385, 647925 2433396, 647949.2 2433406, 647973.9 2433415, 647999 2433423, 648024.4 2433429, 648050.2 2433433, 648076.1 2433437, 648102.2 2433439, 648128.4 2433440, 648154.5 2433439, 648180.6 2433437, 648206.6 2433433, 648232.3 2433429, 648257.8 2433423, 648282.9 2433415, 648307.6 2433406, 648331.7 2433396, 648355.4 2433385, 648378.4 2433373, 648400.7 2433359, 648422.3 2433344, 648443 2433328, 648462.9 2433311, 648481.9 2433293, 648500 2433274, 648517 2433254, 648532.9 2433234, 648547.7 2433212, 648561.4 2433190, 648573.9 2433167, 648585.2 2433143, 648595.2 2433119, 648603.9 2433094, 648611.3 2433069, 648617.5 2433044, 648622.2 2433018, 648625.6 2432992, 648627.7 2432966, 648628.4 2432940))"
41,20260550,Forest,9919.21515,122.74373955556506,2.1520049735778675,1,Dai,火葬,有,1,0,0,590,301.14864673906413,304.94024925634085,1189.4105224609375,5.093732833862305,116.45555503088269,91657.4592590332,0,0.1510813170169872,1,103,0,0,40130.94177246094,0.4378360702651255,1,0,-0.44550346846398625,0.8952802128867576,9.202229079205381,4.8100987637900134,0.766399953438999,"POLYGON ((655781.9 2433399, 655781.2 2433373, 655779.2 2433347, 655775.7 2433321, 655771 2433295, 655764.9 2433269, 655757.4 2433244, 655748.7 2433220, 655738.7 2433195, 655727.4 2433172, 655714.9 2433149, 655701.2 2433127, 655686.4 2433105, 655670.5 2433084, 655653.5 2433064, 655635.5 2433045, 655616.5 2433027, 655596.6 2433010, 655575.8 2432994, 655554.2 2432979, 655531.9 2432966, 655508.9 2432953, 655485.3 2432942, 655461.1 2432932, 655436.4 2432923, 655411.3 2432916, 655385.9 2432910, 655360.1 2432905, 655334.2 2432902, 655308.1 2432900, 655281.9 2432899, 655255.7 2432900, 655229.6 2432902, 655203.7 2432905, 655177.9 2432910, 655152.5 2432916, 655127.4 2432923, 655102.7 2432932, 655078.5 2432942, 655054.9 2432953, 655031.9 2432966, 655009.6 2432979, 654988 2432994, 654967.2 2433010, 654947.3 2433027, 654928.4 2433045, 654910.3 2433064, 654893.3 2433084, 654877.4 2433105, 654862.6 2433127, 654848.9 2433149, 654836.4 2433172, 654825.1 2433195, 654815.1 2433220, 654806.4 2433244, 654798.9 2433269, 654792.8 2433295, 654788.1 2433321, 654784.6 2433347, 654782.6 2433373, 654781.9 2433399, 654782.6 2433425, 654784.6 2433451, 654788.1 2433477, 654792.8 2433503, 654798.9 2433528, 654806.4 2433553, 654815.1 2433578, 654825.1 2433602, 654836.4 2433626, 654848.9 2433649, 654862.6 2433671, 654877.4 2433693, 654893.3 2433713, 654910.3 2433733, 654928.4 2433752, 654947.3 2433770, 654967.2 2433787, 654988 2433803, 655009.6 2433818, 655031.9 2433832, 655054.9 2433844, 655078.5 2433856, 655102.7 2433866, 655127.4 2433874, 655152.5 2433882, 655177.9 2433888, 655203.7 2433893, 655229.6 2433896, 655255.7 2433898, 655281.9 2433899, 655308.1 2433898, 655334.2 2433896, 655360.1 2433893, 655385.9 2433888, 655411.3 2433882, 655436.4 2433874, 655461.1 2433866, 655485.3 2433856, 655508.9 2433844, 655531.9 2433832, 655554.2 2433818, 655575.8 2433803, 655596.6 2433787, 655616.5 2433770, 655635.5 2433752, 655653.5 2433733, 655670.5 2433713, 655686.4 2433693, 655701.2 2433671, 655714.9 2433649, 655727.4 2433626, 655738.7 2433602, 655748.7 2433578, 655757.4 2433553, 655764.9 2433528, 655771 2433503, 655775.7 2433477, 655779.2 2433451, 655781.2 2433425, 655781.9 2433399))"
41,20260550,Forest,9919.21515,122.74373955556506,2.1520049735778675,1,Dai,火葬,有,1,0,0,591,355.80344587774965,374.752055591421,1188.30078125,5.261242389678955,262.27872254495634,267253.93981933594,0,0.19657437806164113,1,104,0,0,66152.56805419922,0.24752700782977588,1,0,-0.13435418932400411,-0.9909333740525089,9.202229079205381,4.8100987637900134,0.766399953438999,"POLYGON ((655916.5 2432971, 655915.8 2432945, 655913.8 2432919, 655910.4 2432893, 655905.6 2432867, 655899.5 2432841, 655892 2432816, 655883.3 2432792, 655873.3 2432768, 655862 2432744, 655849.5 2432721, 655835.9 2432699, 655821 2432677, 655805.1 2432656, 655788.1 2432636, 655770.1 2432617, 655751.1 2432599, 655731.2 2432582, 655710.4 2432566, 655688.8 2432552, 655666.5 2432538, 655643.5 2432525, 655619.9 2432514, 655595.7 2432504, 655571 2432495, 655545.9 2432488, 655520.5 2432482, 655494.7 2432477, 655468.8 2432474, 655442.7 2432472, 655416.5 2432471, 655390.4 2432472, 655364.3 2432474, 655338.3 2432477, 655312.6 2432482, 655287.1 2432488, 655262 2432495, 655237.3 2432504, 655213.2 2432514, 655189.5 2432525, 655166.5 2432538, 655144.2 2432552, 655122.6 2432566, 655101.9 2432582, 655082 2432599, 655063 2432617, 655044.9 2432636, 655027.9 2432656, 655012 2432677, 654997.2 2432699, 654983.5 2432721, 654971 2432744, 654959.7 2432768, 654949.7 2432792, 654941 2432816, 654933.6 2432841, 654927.4 2432867, 654922.7 2432893, 654919.3 2432919, 654917.2 2432945, 654916.5 2432971, 654917.2 2432997, 654919.3 2433023, 654922.7 2433049, 654927.4 2433075, 654933.6 2433100, 654941 2433125, 654949.7 2433150, 654959.7 2433174, 654971 2433198, 654983.5 2433221, 654997.2 2433243, 655012 2433265, 655027.9 2433286, 655044.9 2433305, 655063 2433324, 655082 2433342, 655101.9 2433359, 655122.6 2433375, 655144.2 2433390, 655166.5 2433404, 655189.5 2433416, 655213.2 2433428, 655237.3 2433438, 655262 2433446, 655287.1 2433454, 655312.6 2433460, 655338.3 2433465, 655364.3 2433468, 655390.4 2433470, 655416.5 2433471, 655442.7 2433470, 655468.8 2433468, 655494.7 2433465, 655520.5 2433460, 655545.9 2433454, 655571 2433446, 655595.7 2433438, 655619.9 2433428, 655643.5 2433416, 655666.5 2433404, 655688.8 2433390, 655710.4 2433375, 655731.2 2433359, 655751.1 2433342, 655770.1 2433324, 655788.1 2433305, 655805.1 2433286, 655821 2433265, 655835.9 2433243, 655849.5 2433221, 655862 2433198, 655873.3 2433174, 655883.3 2433150, 655892 2433125, 655899.5 2433100, 655905.6 2433075, 655910.4 2433049, 655913.8 2433023, 655915.8 2432997, 655916.5 2432971))"
41,20260550,Forest,9919.21515,122.74373955556506,2.1520049735778675,1,Dai,火葬,有,1,0,0,592,324.6316624142457,840.6614945425165,1207.5272216796875,9.651277542114258,291.18971772938187,217523.35052490234,0,0.02343471417768089,1,105,0,0,55507.69844055176,0.25518041307568573,1,0,0.36145724991816625,-0.9323886831582612,9.202229079205381,4.8100987637900134,0.766399953438999,"POLYGON ((656629.2 2433942, 656628.5 2433916, 656626.4 2433890, 656623 2433864, 656618.3 2433838, 656612.1 2433813, 656604.7 2433788, 656596 2433763, 656586 2433739, 656574.7 2433715, 656562.2 2433692, 656548.5 2433670, 656533.7 2433648, 656517.8 2433627, 656500.8 2433608, 656482.7 2433589, 656463.7 2433571, 656443.8 2433554, 656423.1 2433538, 656401.5 2433523, 656379.2 2433509, 656356.2 2433497, 656332.5 2433485, 656308.4 2433475, 656283.7 2433467, 656258.6 2433459, 656233.1 2433453, 656207.4 2433448, 656181.4 2433445, 656155.3 2433443, 656129.2 2433442, 656103 2433443, 656076.9 2433445, 656051 2433448, 656025.2 2433453, 655999.8 2433459, 655974.7 2433467, 655950 2433475, 655925.8 2433485, 655902.2 2433497, 655879.2 2433509, 655856.9 2433523, 655835.3 2433538, 655814.5 2433554, 655794.6 2433571, 655775.6 2433589, 655757.6 2433608, 655740.6 2433627, 655724.7 2433648, 655709.8 2433670, 655696.2 2433692, 655683.7 2433715, 655672.4 2433739, 655662.4 2433763, 655653.7 2433788, 655646.2 2433813, 655640.1 2433838, 655635.3 2433864, 655631.9 2433890, 655629.9 2433916, 655629.2 2433942, 655629.9 2433968, 655631.9 2433994, 655635.3 2434020, 655640.1 2434046, 655646.2 2434072, 655653.7 2434097, 655662.4 2434121, 655672.4 2434146, 655683.7 2434169, 655696.2 2434192, 655709.8 2434214, 655724.7 2434236, 655740.6 2434257, 655757.6 2434277, 655775.6 2434296, 655794.6 2434314, 655814.5 2434331, 655835.3 2434347, 655856.9 2434361, 655879.2 2434375, 655902.2 2434388, 655925.8 2434399, 655950 2434409, 655974.7 2434418, 655999.8 2434425, 656025.2 2434431, 656051 2434436, 656076.9 2434439, 656103 2434441, 656129.2 2434442, 656155.3 2434441, 656181.4 2434439, 656207.4 2434436, 656233.1 2434431, 656258.6 2434425, 656283.7 2434418, 656308.4 2434409, 656332.5 2434399, 656356.2 2434388, 656379.2 2434375, 656401.5 2434361, 656423.1 2434347, 656443.8 2434331, 656463.7 2434314, 656482.7 2434296, 656500.8 2434277, 656517.8 2434257, 656533.7 2434236, 656548.5 2434214, 656562.2 2434192, 656574.7 2434169, 656586 2434146, 656596 2434121, 656604.7 2434097, 656612.1 2434072, 656618.3 2434046, 656623 2434020, 656626.4 2433994, 656628.5 2433968, 656629.2 2433942))"
41,20260550,Forest,9919.21515,122.74373955556506,2.1520049735778675,1,Dai,火葬,有,1,0,0,593,718.0651856612362,458.53149255781665,1191.773681640625,6.217772006988525,16.466282544750978,80558.60366821289,0,0.03624407797262703,1,106,0,0,4491.705751419067,0.05575699611078812,1,0,0.9589867063575498,0.28345104873593,9.202229079205381,4.8100987637900134,0.766399953438999,"POLYGON ((654591 2432212, 654590.3 2432185, 654588.3 2432159, 654584.9 2432133, 654580.1 2432108, 654574 2432082, 654566.5 2432057, 654557.8 2432032, 654547.8 2432008, 654536.5 2431985, 654524 2431962, 654510.4 2431939, 654495.5 2431918, 654479.6 2431897, 654462.6 2431877, 654444.6 2431858, 654425.6 2431840, 654405.7 2431823, 654384.9 2431807, 654363.3 2431792, 654341 2431779, 654318 2431766, 654294.4 2431755, 654270.2 2431745, 654245.5 2431736, 654220.4 2431729, 654195 2431723, 654169.2 2431718, 654143.3 2431714, 654117.2 2431712, 654091 2431712, 654064.9 2431712, 654038.8 2431714, 654012.8 2431718, 653987.1 2431723, 653961.6 2431729, 653936.5 2431736, 653911.8 2431745, 653887.7 2431755, 653864 2431766, 653841 2431779, 653818.7 2431792, 653797.1 2431807, 653776.4 2431823, 653756.5 2431840, 653737.5 2431858, 653719.4 2431877, 653702.4 2431897, 653686.5 2431918, 653671.7 2431939, 653658 2431962, 653645.5 2431985, 653634.2 2432008, 653624.2 2432032, 653615.5 2432057, 653608.1 2432082, 653601.9 2432108, 653597.2 2432133, 653593.8 2432159, 653591.7 2432185, 653591 2432212, 653591.7 2432238, 653593.8 2432264, 653597.2 2432290, 653601.9 2432316, 653608.1 2432341, 653615.5 2432366, 653624.2 2432391, 653634.2 2432415, 653645.5 2432439, 653658 2432462, 653671.7 2432484, 653686.5 2432505, 653702.4 2432526, 653719.4 2432546, 653737.5 2432565, 653756.5 2432583, 653776.4 2432600, 653797.1 2432616, 653818.7 2432631, 653841 2432645, 653864 2432657, 653887.7 2432668, 653911.8 2432678, 653936.5 2432687, 653961.6 2432695, 653987.1 2432701, 654012.8 2432705, 654038.8 2432709, 654064.9 2432711, 654091 2432712, 654117.2 2432711, 654143.3 2432709, 654169.2 2432705, 654195 2432701, 654220.4 2432695, 654245.5 2432687, 654270.2 2432678, 654294.4 2432668, 654318 2432657, 654341 2432645, 654363.3 2432631, 654384.9 2432616, 654405.7 2432600, 654425.6 2432583, 654444.6 2432565, 654462.6 2432546, 654479.6 2432526, 654495.5 2432505, 654510.4 2432484, 654524 2432462, 654536.5 2432439, 654547.8 2432415, 654557.8 2432391, 654566.5 2432366, 654574 2432341, 654580.1 2432316, 654584.9 2432290, 654588.3 2432264, 654590.3 2432238, 654591 2432212))"
41,20260550,Forest,9919.21515,122.74373955556506,2.1520049735778675,1,Dai,火葬,有,1,0,0,594,5.625274139359995,853.9034958327421,1173.6851806640625,2.8487331867218018,128.06304564678308,58294.15740966797,1800,0.16938529587525436,1,107,0,0,8533.570289611816,0.14638808876919354,1,0,-0.6165281933113936,0.7873328310518931,9.202229079205381,4.8100987637900134,0.766399953438999,"POLYGON ((652582.9 2432409, 652582.2 2432383, 652580.1 2432356, 652576.7 2432331, 652572 2432305, 652565.8 2432279, 652558.4 2432254, 652549.7 2432230, 652539.7 2432205, 652528.4 2432182, 652515.9 2432159, 652502.2 2432136, 652487.4 2432115, 652471.5 2432094, 652454.5 2432074, 652436.4 2432055, 652417.5 2432037, 652397.5 2432020, 652376.8 2432004, 652355.2 2431989, 652332.9 2431976, 652309.9 2431963, 652286.3 2431952, 652262.1 2431942, 652237.4 2431933, 652212.3 2431926, 652186.8 2431920, 652161.1 2431915, 652135.1 2431911, 652109.1 2431909, 652082.9 2431909, 652056.7 2431909, 652030.6 2431911, 652004.7 2431915, 651978.9 2431920, 651953.5 2431926, 651928.4 2431933, 651903.7 2431942, 651879.5 2431952, 651855.9 2431963, 651832.9 2431976, 651810.6 2431989, 651789 2432004, 651768.2 2432020, 651748.3 2432037, 651729.3 2432055, 651711.3 2432074, 651694.3 2432094, 651678.4 2432115, 651663.6 2432136, 651649.9 2432159, 651637.4 2432182, 651626.1 2432205, 651616.1 2432230, 651607.4 2432254, 651599.9 2432279, 651593.8 2432305, 651589 2432331, 651585.6 2432356, 651583.6 2432383, 651582.9 2432409, 651583.6 2432435, 651585.6 2432461, 651589 2432487, 651593.8 2432513, 651599.9 2432538, 651607.4 2432563, 651616.1 2432588, 651626.1 2432612, 651637.4 2432636, 651649.9 2432659, 651663.6 2432681, 651678.4 2432703, 651694.3 2432723, 651711.3 2432743, 651729.3 2432762, 651748.3 2432780, 651768.2 2432797, 651789 2432813, 651810.6 2432828, 651832.9 2432842, 651855.9 2432854, 651879.5 2432866, 651903.7 2432876, 651928.4 2432884, 651953.5 2432892, 651978.9 2432898, 652004.7 2432903, 652030.6 2432906, 652056.7 2432908, 652082.9 2432909, 652109.1 2432908, 652135.1 2432906, 652161.1 2432903, 652186.8 2432898, 652212.3 2432892, 652237.4 2432884, 652262.1 2432876, 652286.3 2432866, 652309.9 2432854, 652332.9 2432842, 652355.2 2432828, 652376.8 2432813, 652397.5 2432797, 652417.5 2432780, 652436.4 2432762, 652454.5 2432743, 652471.5 2432723, 652487.4 2432703, 652502.2 2432681, 652515.9 2432659, 652528.4 2432636, 652539.7 2432612, 652549.7 2432588, 652558.4 2432563, 652565.8 2432538, 652572 2432513, 652576.7 2432487, 652580.1 2432461, 652582.2 2432435, 652582.9 2432409))"
41,20260550,Forest,11480.645924999999,197.10260251095193,1.7151607963246553,1,Dai,火葬,有,1,0,0,595,249.689826251221,412.1989162034064,1187.7845458984375,5.1845269203186035,277.9559811818571,163514.5477294922,0,0.20469055647048603,1,108,0,0,5400,0.03302458450934536,1,0,0.13841226343547963,-0.9903746994600919,9.34841793353463,5.28372441808445,0.5395068350127091,"POLYGON ((650189.4 2431623, 650188.7 2431597, 650186.7 2431571, 650183.3 2431545, 650178.5 2431519, 650172.4 2431494, 650165 2431469, 650156.2 2431444, 650146.2 2431420, 650134.9 2431396, 650122.4 2431373, 650108.8 2431351, 650093.9 2431330, 650078 2431309, 650061 2431289, 650043 2431270, 650024 2431252, 650004.1 2431235, 649983.3 2431219, 649961.7 2431204, 649939.4 2431190, 649916.4 2431178, 649892.8 2431167, 649868.6 2431157, 649843.9 2431148, 649818.8 2431140, 649793.4 2431134, 649767.6 2431130, 649741.7 2431126, 649715.6 2431124, 649689.4 2431123, 649663.3 2431124, 649637.2 2431126, 649611.2 2431130, 649585.5 2431134, 649560 2431140, 649534.9 2431148, 649510.2 2431157, 649486.1 2431167, 649462.4 2431178, 649439.4 2431190, 649417.1 2431204, 649395.5 2431219, 649374.8 2431235, 649354.9 2431252, 649335.9 2431270, 649317.9 2431289, 649300.9 2431309, 649284.9 2431330, 649270.1 2431351, 649256.4 2431373, 649243.9 2431396, 649232.7 2431420, 649222.6 2431444, 649213.9 2431469, 649206.5 2431494, 649200.4 2431519, 649195.6 2431545, 649192.2 2431571, 649190.1 2431597, 649189.4 2431623, 649190.1 2431650, 649192.2 2431676, 649195.6 2431702, 649200.4 2431727, 649206.5 2431753, 649213.9 2431778, 649222.6 2431803, 649232.7 2431827, 649243.9 2431850, 649256.4 2431873, 649270.1 2431896, 649284.9 2431917, 649300.9 2431938, 649317.9 2431958, 649335.9 2431977, 649354.9 2431995, 649374.8 2432012, 649395.5 2432028, 649417.1 2432043, 649439.4 2432056, 649462.4 2432069, 649486.1 2432080, 649510.2 2432090, 649534.9 2432099, 649560 2432106, 649585.5 2432113, 649611.2 2432117, 649637.2 2432121, 649663.3 2432123, 649689.4 2432123, 649715.6 2432123, 649741.7 2432121, 649767.6 2432117, 649793.4 2432113, 649818.8 2432106, 649843.9 2432099, 649868.6 2432090, 649892.8 2432080, 649916.4 2432069, 649939.4 2432056, 649961.7 2432043, 649983.3 2432028, 650004.1 2432012, 650024 2431995, 650043 2431977, 650061 2431958, 650078 2431938, 650093.9 2431917, 650108.8 2431896, 650122.4 2431873, 650134.9 2431850, 650146.2 2431827, 650156.2 2431803, 650165 2431778, 650172.4 2431753, 650178.5 2431727, 650183.3 2431702, 650186.7 2431676, 650188.7 2431650, 650189.4 2431623))"
41,20260550,Forest,11480.645924999999,197.10260251095193,1.7151607963246553,1,Dai,火葬,有,1,0,0,596,219.99356063921158,478.9931867171715,1185.5638427734375,4.8368144035339355,83.31742652260215,146354.5623779297,0,0.11309237854199387,1,109,0,0,5400,0.03689669739202009,1,0,0.11636865865924534,0.9932060890277747,9.34841793353463,5.28372441808445,0.5395068350127091,"POLYGON ((650134.4 2431563, 650133.7 2431537, 650131.7 2431511, 650128.3 2431485, 650123.5 2431459, 650117.4 2431434, 650110 2431409, 650101.2 2431384, 650091.2 2431360, 650079.9 2431336, 650067.4 2431313, 650053.8 2431291, 650038.9 2431270, 650023 2431249, 650006 2431229, 649988 2431210, 649969 2431192, 649949.1 2431175, 649928.3 2431159, 649906.8 2431144, 649884.4 2431130, 649861.4 2431118, 649837.8 2431107, 649813.6 2431097, 649788.9 2431088, 649763.8 2431080, 649738.4 2431074, 649712.7 2431070, 649686.7 2431066, 649660.6 2431064, 649634.4 2431063, 649608.3 2431064, 649582.2 2431066, 649556.2 2431070, 649530.5 2431074, 649505 2431080, 649479.9 2431088, 649455.2 2431097, 649431.1 2431107, 649407.4 2431118, 649384.4 2431130, 649362.1 2431144, 649340.5 2431159, 649319.8 2431175, 649299.9 2431192, 649280.9 2431210, 649262.9 2431229, 649245.9 2431249, 649229.9 2431270, 649215.1 2431291, 649201.4 2431313, 649188.9 2431336, 649177.7 2431360, 649167.6 2431384, 649158.9 2431409, 649151.5 2431434, 649145.4 2431459, 649140.6 2431485, 649137.2 2431511, 649135.1 2431537, 649134.4 2431563, 649135.1 2431590, 649137.2 2431616, 649140.6 2431642, 649145.4 2431667, 649151.5 2431693, 649158.9 2431718, 649167.6 2431743, 649177.7 2431767, 649188.9 2431790, 649201.4 2431813, 649215.1 2431836, 649229.9 2431857, 649245.9 2431878, 649262.9 2431898, 649280.9 2431917, 649299.9 2431935, 649319.8 2431952, 649340.5 2431968, 649362.1 2431983, 649384.4 2431996, 649407.4 2432009, 649431.1 2432020, 649455.2 2432030, 649479.9 2432039, 649505 2432046, 649530.5 2432052, 649556.2 2432057, 649582.2 2432061, 649608.3 2432063, 649634.4 2432063, 649660.6 2432063, 649686.7 2432061, 649712.7 2432057, 649738.4 2432052, 649763.8 2432046, 649788.9 2432039, 649813.6 2432030, 649837.8 2432020, 649861.4 2432009, 649884.4 2431996, 649906.8 2431983, 649928.3 2431968, 649949.1 2431952, 649969 2431935, 649988 2431917, 650006 2431898, 650023 2431878, 650038.9 2431857, 650053.8 2431836, 650067.4 2431813, 650079.9 2431790, 650091.2 2431767, 650101.2 2431743, 650110 2431718, 650117.4 2431693, 650123.5 2431667, 650128.3 2431642, 650131.7 2431616, 650133.7 2431590, 650134.4 2431563))"
41,20260550,Forest,10452.802325,124.13642428963009,1.6224724264705883,1,Dai,火葬,有,1,0,0,597,300.78110038711105,805.6942566229682,1186.747802734375,4.088342189788818,20.54961533309902,73269.49081420898,0,0.06196691002501429,1,110,0,0,2700,0.03685026291292849,1,0,0.9363685756899546,0.3510183619988644,9.2546253865149,4.821381156717196,0.48395117498056833,"POLYGON ((648466.6 2427734, 648465.9 2427708, 648463.9 2427682, 648460.5 2427656, 648455.7 2427630, 648449.6 2427605, 648442.2 2427580, 648433.4 2427555, 648423.4 2427531, 648412.1 2427507, 648399.6 2427484, 648386 2427462, 648371.1 2427440, 648355.2 2427420, 648338.2 2427400, 648320.2 2427381, 648301.2 2427363, 648281.3 2427346, 648260.5 2427330, 648239 2427315, 648216.6 2427301, 648193.6 2427289, 648170 2427277, 648145.8 2427267, 648121.1 2427259, 648096 2427251, 648070.6 2427245, 648044.9 2427240, 648018.9 2427237, 647992.8 2427235, 647966.6 2427234, 647940.5 2427235, 647914.4 2427237, 647888.4 2427240, 647862.7 2427245, 647837.2 2427251, 647812.1 2427259, 647787.5 2427267, 647763.3 2427277, 647739.6 2427289, 647716.6 2427301, 647694.3 2427315, 647672.7 2427330, 647652 2427346, 647632.1 2427363, 647613.1 2427381, 647595.1 2427400, 647578.1 2427420, 647562.1 2427440, 647547.3 2427462, 647533.6 2427484, 647521.1 2427507, 647509.9 2427531, 647499.8 2427555, 647491.1 2427580, 647483.7 2427605, 647477.6 2427630, 647472.8 2427656, 647469.4 2427682, 647467.3 2427708, 647466.6 2427734, 647467.3 2427760, 647469.4 2427787, 647472.8 2427812, 647477.6 2427838, 647483.7 2427864, 647491.1 2427889, 647499.8 2427913, 647509.9 2427938, 647521.1 2427961, 647533.6 2427984, 647547.3 2428007, 647562.1 2428028, 647578.1 2428049, 647595.1 2428069, 647613.1 2428088, 647632.1 2428106, 647652 2428123, 647672.7 2428139, 647694.3 2428154, 647716.6 2428167, 647739.6 2428180, 647763.3 2428191, 647787.5 2428201, 647812.1 2428210, 647837.2 2428217, 647862.7 2428223, 647888.4 2428228, 647914.4 2428232, 647940.5 2428234, 647966.6 2428234, 647992.8 2428234, 648018.9 2428232, 648044.9 2428228, 648070.6 2428223, 648096 2428217, 648121.1 2428210, 648145.8 2428201, 648170 2428191, 648193.6 2428180, 648216.6 2428167, 648239 2428154, 648260.5 2428139, 648281.3 2428123, 648301.2 2428106, 648320.2 2428088, 648338.2 2428069, 648355.2 2428049, 648371.1 2428028, 648386 2428007, 648399.6 2427984, 648412.1 2427961, 648423.4 2427938, 648433.4 2427913, 648442.2 2427889, 648449.6 2427864, 648455.7 2427838, 648460.5 2427812, 648463.9 2427787, 648465.9 2427760, 648466.6 2427734))"
41,20260550,Forest,7228.991849999999,125.94885561236832,2.2268100633762242,1,Dai,火葬,有,1,0,0,598,56.405607388466166,544.244586060227,1190.66162109375,5.630478858947754,12.392746434032015,102917.3469543457,0,0.10781395105666605,1,111,0,0,3198.9277839660645,0.031082493657605785,1,0,0.9766994557010783,0.21461168009504358,8.885854865596148,4.835875916710245,0.8005700965267329,"POLYGON ((647928.5 2430598, 647927.8 2430572, 647925.7 2430546, 647922.3 2430520, 647917.6 2430494, 647911.5 2430469, 647904 2430444, 647895.3 2430419, 647885.3 2430395, 647874 2430371, 647861.5 2430348, 647847.8 2430326, 647833 2430304, 647817.1 2430283, 647800.1 2430263, 647782 2430244, 647763.1 2430226, 647743.1 2430209, 647722.4 2430194, 647700.8 2430179, 647678.5 2430165, 647655.5 2430153, 647631.9 2430141, 647607.7 2430131, 647583 2430123, 647557.9 2430115, 647532.4 2430109, 647506.7 2430104, 647480.8 2430101, 647454.7 2430099, 647428.5 2430098, 647402.3 2430099, 647376.2 2430101, 647350.3 2430104, 647324.5 2430109, 647299.1 2430115, 647274 2430123, 647249.3 2430131, 647225.1 2430141, 647201.5 2430153, 647178.5 2430165, 647156.2 2430179, 647134.6 2430194, 647113.8 2430209, 647093.9 2430226, 647074.9 2430244, 647056.9 2430263, 647039.9 2430283, 647024 2430304, 647009.2 2430326, 646995.5 2430348, 646983 2430371, 646971.7 2430395, 646961.7 2430419, 646953 2430444, 646945.5 2430469, 646939.4 2430494, 646934.6 2430520, 646931.2 2430546, 646929.2 2430572, 646928.5 2430598, 646929.2 2430624, 646931.2 2430650, 646934.6 2430676, 646939.4 2430702, 646945.5 2430727, 646953 2430753, 646961.7 2430777, 646971.7 2430801, 646983 2430825, 646995.5 2430848, 647009.2 2430870, 647024 2430892, 647039.9 2430913, 647056.9 2430933, 647074.9 2430952, 647093.9 2430970, 647113.8 2430987, 647134.6 2431003, 647156.2 2431017, 647178.5 2431031, 647201.5 2431044, 647225.1 2431055, 647249.3 2431065, 647274 2431074, 647299.1 2431081, 647324.5 2431087, 647350.3 2431092, 647376.2 2431095, 647402.3 2431097, 647428.5 2431098, 647454.7 2431097, 647480.8 2431095, 647506.7 2431092, 647532.4 2431087, 647557.9 2431081, 647583 2431074, 647607.7 2431065, 647631.9 2431055, 647655.5 2431044, 647678.5 2431031, 647700.8 2431017, 647722.4 2431003, 647743.1 2430987, 647763.1 2430970, 647782 2430952, 647800.1 2430933, 647817.1 2430913, 647833 2430892, 647847.8 2430870, 647861.5 2430848, 647874 2430825, 647885.3 2430801, 647895.3 2430777, 647904 2430753, 647911.5 2430727, 647917.6 2430702, 647922.3 2430676, 647925.7 2430650, 647927.8 2430624, 647928.5 2430598))"
41,20260550,Forest,9919.21515,122.74373955556506,2.1520049735778675,1,Dai,火葬,有,1,0,0,599,356.56915568311376,385.7978848122744,1192.546875,4.720492362976074,20.771729869381172,207719.08264160156,3600,0.1055849927924762,1,112,0,0,28361.0652923584,0.13653567564272645,1,0,0.9350007748081242,0.35464566980044665,9.202229079205381,4.8100987637900134,0.766399953438999,"POLYGON ((651871.3 2432194, 651870.6 2432168, 651868.5 2432141, 651865.1 2432115, 651860.3 2432090, 651854.2 2432064, 651846.8 2432039, 651838 2432015, 651828 2431990, 651816.8 2431967, 651804.3 2431944, 651790.6 2431921, 651775.8 2431900, 651759.8 2431879, 651742.8 2431859, 651724.8 2431840, 651705.8 2431822, 651685.9 2431805, 651665.1 2431789, 651643.6 2431774, 651621.3 2431761, 651598.2 2431748, 651574.6 2431737, 651550.4 2431727, 651525.8 2431718, 651500.7 2431711, 651475.2 2431705, 651449.5 2431700, 651423.5 2431696, 651397.4 2431694, 651371.3 2431694, 651345.1 2431694, 651319 2431696, 651293 2431700, 651267.3 2431705, 651241.8 2431711, 651216.7 2431718, 651192.1 2431727, 651167.9 2431737, 651144.3 2431748, 651121.3 2431761, 651098.9 2431774, 651077.4 2431789, 651056.6 2431805, 651036.7 2431822, 651017.7 2431840, 650999.7 2431859, 650982.7 2431879, 650966.7 2431900, 650951.9 2431921, 650938.2 2431944, 650925.7 2431967, 650914.5 2431990, 650904.5 2432015, 650895.7 2432039, 650888.3 2432064, 650882.2 2432090, 650877.4 2432115, 650874 2432141, 650871.9 2432168, 650871.3 2432194, 650871.9 2432220, 650874 2432246, 650877.4 2432272, 650882.2 2432298, 650888.3 2432323, 650895.7 2432348, 650904.5 2432373, 650914.5 2432397, 650925.7 2432421, 650938.2 2432444, 650951.9 2432466, 650966.7 2432488, 650982.7 2432508, 650999.7 2432528, 651017.7 2432547, 651036.7 2432565, 651056.6 2432582, 651077.4 2432598, 651098.9 2432613, 651121.3 2432627, 651144.3 2432639, 651167.9 2432650, 651192.1 2432660, 651216.7 2432669, 651241.8 2432677, 651267.3 2432683, 651293 2432688, 651319 2432691, 651345.1 2432693, 651371.3 2432694, 651397.4 2432693, 651423.5 2432691, 651449.5 2432688, 651475.2 2432683, 651500.7 2432677, 651525.8 2432669, 651550.4 2432660, 651574.6 2432650, 651598.2 2432639, 651621.3 2432627, 651643.6 2432613, 651665.1 2432598, 651685.9 2432582, 651705.8 2432565, 651724.8 2432547, 651742.8 2432528, 651759.8 2432508, 651775.8 2432488, 651790.6 2432466, 651804.3 2432444, 651816.8 2432421, 651828 2432397, 651838 2432373, 651846.8 2432348, 651854.2 2432323, 651860.3 2432298, 651865.1 2432272, 651868.5 2432246, 651870.6 2432220, 651871.3 2432194))"
41,20260550,Forest,9919.21515,122.74373955556506,2.1520049735778675,1,Dai,火葬,有,1,0,0,600,72.06187960154215,564.25736992889,1180.826416015625,4.7612714767456055,139.71328347025644,215665.9881591797,11700,0.17723697462954452,1,113,0,0,18491.71199798584,0.08574236557104868,1,0,-0.7628182611290507,0.646612944881288,9.202229079205381,4.8100987637900134,0.766399953438999,"POLYGON ((651185.3 2432465, 651184.6 2432439, 651182.5 2432413, 651179.1 2432387, 651174.3 2432361, 651168.2 2432336, 651160.8 2432311, 651152 2432286, 651142 2432262, 651130.8 2432238, 651118.3 2432215, 651104.6 2432193, 651089.8 2432171, 651073.8 2432151, 651056.8 2432131, 651038.8 2432112, 651019.8 2432094, 650999.9 2432077, 650979.1 2432061, 650957.6 2432046, 650935.3 2432032, 650912.3 2432020, 650888.6 2432009, 650864.4 2431999, 650839.8 2431990, 650814.7 2431982, 650789.2 2431976, 650763.5 2431971, 650737.5 2431968, 650711.4 2431966, 650685.3 2431965, 650659.1 2431966, 650633 2431968, 650607 2431971, 650581.3 2431976, 650555.8 2431982, 650530.7 2431990, 650506.1 2431999, 650481.9 2432009, 650458.3 2432020, 650435.3 2432032, 650412.9 2432046, 650391.4 2432061, 650370.6 2432077, 650350.7 2432094, 650331.7 2432112, 650313.7 2432131, 650296.7 2432151, 650280.7 2432171, 650265.9 2432193, 650252.2 2432215, 650239.8 2432238, 650228.5 2432262, 650218.5 2432286, 650209.7 2432311, 650202.3 2432336, 650196.2 2432361, 650191.4 2432387, 650188 2432413, 650185.9 2432439, 650185.3 2432465, 650185.9 2432491, 650188 2432518, 650191.4 2432544, 650196.2 2432569, 650202.3 2432595, 650209.7 2432620, 650218.5 2432644, 650228.5 2432669, 650239.8 2432692, 650252.2 2432715, 650265.9 2432738, 650280.7 2432759, 650296.7 2432780, 650313.7 2432800, 650331.7 2432819, 650350.7 2432837, 650370.6 2432854, 650391.4 2432870, 650412.9 2432885, 650435.3 2432898, 650458.3 2432911, 650481.9 2432922, 650506.1 2432932, 650530.7 2432941, 650555.8 2432948, 650581.3 2432954, 650607 2432959, 650633 2432963, 650659.1 2432965, 650685.3 2432965, 650711.4 2432965, 650737.5 2432963, 650763.5 2432959, 650789.2 2432954, 650814.7 2432948, 650839.8 2432941, 650864.4 2432932, 650888.6 2432922, 650912.3 2432911, 650935.3 2432898, 650957.6 2432885, 650979.1 2432870, 650999.9 2432854, 651019.8 2432837, 651038.8 2432819, 651056.8 2432800, 651073.8 2432780, 651089.8 2432759, 651104.6 2432738, 651118.3 2432715, 651130.8 2432692, 651142 2432669, 651152 2432644, 651160.8 2432620, 651168.2 2432595, 651174.3 2432569, 651179.1 2432544, 651182.5 2432518, 651184.6 2432491, 651185.3 2432465))"
41,20260550,Forest,7228.991849999999,125.94885561236832,2.2268100633762242,1,Dai,火葬,有,1,0,0,601,157.44264652027633,1741.355100601926,1193.6031494140625,5.257259368896484,73.71592792771719,250519.86694335938,0,0.008266883348475498,1,114,0,0,67764.66751098633,0.2704961819507409,1,0,0.28039987721650644,0.959883278767251,8.885854865596148,4.835875916710245,0.8005700965267329,"POLYGON ((644195.2 2433204, 644194.5 2433178, 644192.5 2433152, 644189.1 2433126, 644184.3 2433100, 644178.2 2433075, 644170.7 2433050, 644162 2433025, 644152 2433001, 644140.7 2432977, 644128.2 2432954, 644114.5 2432932, 644099.7 2432910, 644083.8 2432889, 644066.8 2432869, 644048.8 2432850, 644029.8 2432832, 644009.9 2432815, 643989.1 2432800, 643967.5 2432785, 643945.2 2432771, 643922.2 2432759, 643898.6 2432747, 643874.4 2432737, 643849.7 2432729, 643824.6 2432721, 643799.2 2432715, 643773.4 2432710, 643747.5 2432707, 643721.4 2432705, 643695.2 2432704, 643669 2432705, 643642.9 2432707, 643617 2432710, 643591.3 2432715, 643565.8 2432721, 643540.7 2432729, 643516 2432737, 643491.8 2432747, 643468.2 2432759, 643445.2 2432771, 643422.9 2432785, 643401.3 2432800, 643380.6 2432815, 643360.6 2432832, 643341.7 2432850, 643323.6 2432869, 643306.6 2432889, 643290.7 2432910, 643275.9 2432932, 643262.2 2432954, 643249.7 2432977, 643238.4 2433001, 643228.4 2433025, 643219.7 2433050, 643212.2 2433075, 643206.1 2433100, 643201.4 2433126, 643198 2433152, 643195.9 2433178, 643195.2 2433204, 643195.9 2433230, 643198 2433256, 643201.4 2433282, 643206.1 2433308, 643212.2 2433333, 643219.7 2433359, 643228.4 2433383, 643238.4 2433407, 643249.7 2433431, 643262.2 2433454, 643275.9 2433476, 643290.7 2433498, 643306.6 2433519, 643323.6 2433539, 643341.7 2433558, 643360.6 2433576, 643380.6 2433593, 643401.3 2433609, 643422.9 2433623, 643445.2 2433637, 643468.2 2433650, 643491.8 2433661, 643516 2433671, 643540.7 2433680, 643565.8 2433687, 643591.3 2433693, 643617 2433698, 643642.9 2433701, 643669 2433703, 643695.2 2433704, 643721.4 2433703, 643747.5 2433701, 643773.4 2433698, 643799.2 2433693, 643824.6 2433687, 643849.7 2433680, 643874.4 2433671, 643898.6 2433661, 643922.2 2433650, 643945.2 2433637, 643967.5 2433623, 643989.1 2433609, 644009.9 2433593, 644029.8 2433576, 644048.8 2433558, 644066.8 2433539, 644083.8 2433519, 644099.7 2433498, 644114.5 2433476, 644128.2 2433454, 644140.7 2433431, 644152 2433407, 644162 2433383, 644170.7 2433359, 644178.2 2433333, 644184.3 2433308, 644189.1 2433282, 644192.5 2433256, 644194.5 2433230, 644195.2 2433204))"
41,20260550,Forest,7228.991849999999,125.94885561236832,2.2268100633762242,1,Dai,火葬,有,1,0,0,602,56.48700842592292,1417.7136525914934,1193.99853515625,4.522947311401367,316.63108471792043,137185.4278564453,0,0.03618865756511264,1,115,0,0,37978.17077636719,0.27683822815429504,1,0,0.7269473300737269,-0.686693220658745,8.885854865596148,4.835875916710245,0.8005700965267329,"POLYGON ((644523.4 2433309, 644522.7 2433283, 644520.7 2433257, 644517.3 2433231, 644512.5 2433205, 644506.4 2433180, 644499 2433155, 644490.2 2433130, 644480.2 2433106, 644468.9 2433082, 644456.4 2433059, 644442.8 2433037, 644427.9 2433015, 644412 2432995, 644395 2432975, 644377 2432956, 644358 2432938, 644338.1 2432921, 644317.3 2432905, 644295.7 2432890, 644273.4 2432876, 644250.4 2432864, 644226.8 2432852, 644202.6 2432842, 644177.9 2432834, 644152.8 2432826, 644127.4 2432820, 644101.6 2432815, 644075.7 2432812, 644049.6 2432810, 644023.4 2432809, 643997.3 2432810, 643971.2 2432812, 643945.2 2432815, 643919.5 2432820, 643894 2432826, 643868.9 2432834, 643844.2 2432842, 643820.1 2432852, 643796.4 2432864, 643773.4 2432876, 643751.1 2432890, 643729.5 2432905, 643708.8 2432921, 643688.9 2432938, 643669.9 2432956, 643651.9 2432975, 643634.8 2432995, 643618.9 2433015, 643604.1 2433037, 643590.4 2433059, 643577.9 2433082, 643566.6 2433106, 643556.6 2433130, 643547.9 2433155, 643540.5 2433180, 643534.3 2433205, 643529.6 2433231, 643526.2 2433257, 643524.1 2433283, 643523.4 2433309, 643524.1 2433335, 643526.2 2433362, 643529.6 2433387, 643534.3 2433413, 643540.5 2433439, 643547.9 2433464, 643556.6 2433488, 643566.6 2433513, 643577.9 2433536, 643590.4 2433559, 643604.1 2433582, 643618.9 2433603, 643634.8 2433624, 643651.9 2433644, 643669.9 2433663, 643688.9 2433681, 643708.8 2433698, 643729.5 2433714, 643751.1 2433729, 643773.4 2433742, 643796.4 2433755, 643820.1 2433766, 643844.2 2433776, 643868.9 2433785, 643894 2433792, 643919.5 2433798, 643945.2 2433803, 643971.2 2433807, 643997.3 2433809, 644023.4 2433809, 644049.6 2433809, 644075.7 2433807, 644101.6 2433803, 644127.4 2433798, 644152.8 2433792, 644177.9 2433785, 644202.6 2433776, 644226.8 2433766, 644250.4 2433755, 644273.4 2433742, 644295.7 2433729, 644317.3 2433714, 644338.1 2433698, 644358 2433681, 644377 2433663, 644395 2433644, 644412 2433624, 644427.9 2433603, 644442.8 2433582, 644456.4 2433559, 644468.9 2433536, 644480.2 2433513, 644490.2 2433488, 644499 2433464, 644506.4 2433439, 644512.5 2433413, 644517.3 2433387, 644520.7 2433362, 644522.7 2433335, 644523.4 2433309))"
41,20260550,Forest,7472.8425,44.82738108566082,3.0142299107142856,1,Dai,火葬,有,1,0,0,603,436.3702522226037,427.5748014049998,1201.47509765625,5.674787521362305,30.000323484533432,216471.2173461914,0,0.06307328139210858,1,116,0,0,61243.31359863281,0.28291665908031316,1,0,0.8660225808355422,0.50000488945904,8.919030727835047,3.8028191376712726,1.1033443782221637,"POLYGON ((642770.2 2433026, 642769.6 2432999, 642767.5 2432973, 642764.1 2432947, 642759.3 2432922, 642753.2 2432896, 642745.8 2432871, 642737 2432846, 642727 2432822, 642715.7 2432799, 642703.3 2432776, 642689.6 2432753, 642674.7 2432732, 642658.8 2432711, 642641.8 2432691, 642623.8 2432672, 642604.8 2432654, 642584.9 2432637, 642564.1 2432621, 642542.6 2432606, 642520.2 2432593, 642497.2 2432580, 642473.6 2432569, 642449.4 2432559, 642424.7 2432550, 642399.6 2432543, 642374.2 2432536, 642348.5 2432532, 642322.5 2432528, 642296.4 2432526, 642270.2 2432526, 642244.1 2432526, 642218 2432528, 642192 2432532, 642166.3 2432536, 642140.8 2432543, 642115.7 2432550, 642091.1 2432559, 642066.9 2432569, 642043.2 2432580, 642020.2 2432593, 641997.9 2432606, 641976.3 2432621, 641955.6 2432637, 641935.7 2432654, 641916.7 2432672, 641898.7 2432691, 641881.7 2432711, 641865.7 2432732, 641850.9 2432753, 641837.2 2432776, 641824.7 2432799, 641813.5 2432822, 641803.4 2432846, 641794.7 2432871, 641787.3 2432896, 641781.2 2432922, 641776.4 2432947, 641773 2432973, 641770.9 2432999, 641770.2 2433026, 641770.9 2433052, 641773 2433078, 641776.4 2433104, 641781.2 2433129, 641787.3 2433155, 641794.7 2433180, 641803.4 2433205, 641813.5 2433229, 641824.7 2433253, 641837.2 2433276, 641850.9 2433298, 641865.7 2433319, 641881.7 2433340, 641898.7 2433360, 641916.7 2433379, 641935.7 2433397, 641955.6 2433414, 641976.3 2433430, 641997.9 2433445, 642020.2 2433459, 642043.2 2433471, 642066.9 2433482, 642091.1 2433492, 642115.7 2433501, 642140.8 2433508, 642166.3 2433515, 642192 2433519, 642218 2433523, 642244.1 2433525, 642270.2 2433526, 642296.4 2433525, 642322.5 2433523, 642348.5 2433519, 642374.2 2433515, 642399.6 2433508, 642424.7 2433501, 642449.4 2433492, 642473.6 2433482, 642497.2 2433471, 642520.2 2433459, 642542.6 2433445, 642564.1 2433430, 642584.9 2433414, 642604.8 2433397, 642623.8 2433379, 642641.8 2433360, 642658.8 2433340, 642674.7 2433319, 642689.6 2433298, 642703.3 2433276, 642715.7 2433253, 642727 2433229, 642737 2433205, 642745.8 2433180, 642753.2 2433155, 642759.3 2433129, 642764.1 2433104, 642767.5 2433078, 642769.6 2433052, 642770.2 2433026))"
41,20260550,Forest,7833.374375,115.3172411408328,2.1823284446858593,1,Dai,火葬,有,1,0,0,604,0.05312147077963102,465.7567133806201,1170.796630859375,1.7886792421340942,156.05622046006891,3600,0,0.43679848515559,1,117,0,0,1800,0.5,1,0,-0.9139441208550155,0.40584004725329015,8.966148650812118,4.747686948974081,0.7803924006871561,"POLYGON ((649745.2 2434183, 649744.5 2434157, 649742.4 2434130, 649739 2434104, 649734.3 2434079, 649728.1 2434053, 649720.7 2434028, 649712 2434004, 649702 2433979, 649690.7 2433956, 649678.2 2433933, 649664.5 2433910, 649649.7 2433889, 649633.8 2433868, 649616.8 2433848, 649598.7 2433829, 649579.7 2433811, 649559.8 2433794, 649539.1 2433778, 649517.5 2433763, 649495.2 2433750, 649472.2 2433737, 649448.5 2433726, 649424.4 2433716, 649399.7 2433707, 649374.6 2433700, 649349.1 2433694, 649323.4 2433689, 649297.4 2433685, 649271.3 2433683, 649245.2 2433683, 649219 2433683, 649192.9 2433685, 649167 2433689, 649141.2 2433694, 649115.8 2433700, 649090.7 2433707, 649066 2433716, 649041.8 2433726, 649018.2 2433737, 648995.2 2433750, 648972.9 2433763, 648951.3 2433778, 648930.5 2433794, 648910.6 2433811, 648891.6 2433829, 648873.6 2433848, 648856.6 2433868, 648840.7 2433889, 648825.8 2433910, 648812.2 2433933, 648799.7 2433956, 648788.4 2433979, 648778.4 2434004, 648769.7 2434028, 648762.2 2434053, 648756.1 2434079, 648751.3 2434104, 648747.9 2434130, 648745.9 2434157, 648745.2 2434183, 648745.9 2434209, 648747.9 2434235, 648751.3 2434261, 648756.1 2434287, 648762.2 2434312, 648769.7 2434337, 648778.4 2434362, 648788.4 2434386, 648799.7 2434410, 648812.2 2434433, 648825.8 2434455, 648840.7 2434477, 648856.6 2434497, 648873.6 2434517, 648891.6 2434536, 648910.6 2434554, 648930.5 2434571, 648951.3 2434587, 648972.9 2434602, 648995.2 2434616, 649018.2 2434628, 649041.8 2434639, 649066 2434649, 649090.7 2434658, 649115.8 2434666, 649141.2 2434672, 649167 2434677, 649192.9 2434680, 649219 2434682, 649245.2 2434683, 649271.3 2434682, 649297.4 2434680, 649323.4 2434677, 649349.1 2434672, 649374.6 2434666, 649399.7 2434658, 649424.4 2434649, 649448.5 2434639, 649472.2 2434628, 649495.2 2434616, 649517.5 2434602, 649539.1 2434587, 649559.8 2434571, 649579.7 2434554, 649598.7 2434536, 649616.8 2434517, 649633.8 2434497, 649649.7 2434477, 649664.5 2434455, 649678.2 2434433, 649690.7 2434410, 649702 2434386, 649712 2434362, 649720.7 2434337, 649728.1 2434312, 649734.3 2434287, 649739 2434261, 649742.4 2434235, 649744.5 2434209, 649745.2 2434183))"
41,20260550,Forest,7833.374375,115.3172411408328,2.1823284446858593,1,Dai,火葬,有,1,0,0,607,162.94360407935898,532.626679078843,1170.2646484375,2.029796838760376,187.82418063673654,13002.049827575684,0,0.3731792190827656,1,118,0,0,7200,0.5537588376818647,1,0,-0.9906904759643932,-0.13613368735711256,8.966148650812118,4.747686948974081,0.7803924006871561,"POLYGON ((652793.7 2433876, 652793 2433850, 652790.9 2433824, 652787.5 2433798, 652782.7 2433772, 652776.6 2433747, 652769.2 2433722, 652760.4 2433697, 652750.4 2433673, 652739.2 2433649, 652726.7 2433626, 652713 2433604, 652698.2 2433582, 652682.2 2433562, 652665.2 2433542, 652647.2 2433523, 652628.2 2433505, 652608.3 2433488, 652587.5 2433472, 652566 2433457, 652543.7 2433443, 652520.6 2433431, 652497 2433420, 652472.8 2433410, 652448.2 2433401, 652423.1 2433393, 652397.6 2433387, 652371.9 2433383, 652345.9 2433379, 652319.8 2433377, 652293.7 2433376, 652267.5 2433377, 652241.4 2433379, 652215.4 2433383, 652189.7 2433387, 652164.2 2433393, 652139.1 2433401, 652114.5 2433410, 652090.3 2433420, 652066.7 2433431, 652043.7 2433443, 652021.3 2433457, 651999.8 2433472, 651979 2433488, 651959.1 2433505, 651940.1 2433523, 651922.1 2433542, 651905.1 2433562, 651889.1 2433582, 651874.3 2433604, 651860.6 2433626, 651848.2 2433649, 651836.9 2433673, 651826.9 2433697, 651818.1 2433722, 651810.7 2433747, 651804.6 2433772, 651799.8 2433798, 651796.4 2433824, 651794.3 2433850, 651793.7 2433876, 651794.3 2433903, 651796.4 2433929, 651799.8 2433955, 651804.6 2433980, 651810.7 2434006, 651818.1 2434031, 651826.9 2434056, 651836.9 2434080, 651848.2 2434103, 651860.6 2434126, 651874.3 2434149, 651889.1 2434170, 651905.1 2434191, 651922.1 2434211, 651940.1 2434230, 651959.1 2434248, 651979 2434265, 651999.8 2434281, 652021.3 2434296, 652043.7 2434309, 652066.7 2434322, 652090.3 2434333, 652114.5 2434343, 652139.1 2434352, 652164.2 2434359, 652189.7 2434365, 652215.4 2434370, 652241.4 2434374, 652267.5 2434376, 652293.7 2434376, 652319.8 2434376, 652345.9 2434374, 652371.9 2434370, 652397.6 2434365, 652423.1 2434359, 652448.2 2434352, 652472.8 2434343, 652497 2434333, 652520.6 2434322, 652543.7 2434309, 652566 2434296, 652587.5 2434281, 652608.3 2434265, 652628.2 2434248, 652647.2 2434230, 652665.2 2434211, 652682.2 2434191, 652698.2 2434170, 652713 2434149, 652726.7 2434126, 652739.2 2434103, 652750.4 2434080, 652760.4 2434056, 652769.2 2434031, 652776.6 2434006, 652782.7 2433980, 652787.5 2433955, 652790.9 2433929, 652793 2433903, 652793.7 2433876))"
41,20260550,Forest,7194.782608695653,63.517738393158304,3.507178354500276,0,Dai,NA,NA,1,0,0,666,110.61259182629948,526.7503231317132,1187.1788330078125,1.8922288417816162,79.64543892369844,65594.40078735352,8100,0.222081109583136,1,95,0,0,18462.769889831543,0.2814686873912435,1,0,0.17973905852725255,0.9837143237951437,8.881111404646198,4.1513192116633055,1.254811826580102,"POLYGON ((631270.4 2427314, 631269.7 2427288, 631267.7 2427262, 631264.2 2427236, 631259.5 2427210, 631253.4 2427185, 631245.9 2427160, 631237.2 2427135, 631227.2 2427111, 631215.9 2427087, 631203.4 2427064, 631189.7 2427042, 631174.9 2427020, 631159 2427000, 631142 2426980, 631124 2426961, 631105 2426943, 631085.1 2426926, 631064.3 2426910, 631042.7 2426895, 631020.4 2426881, 630997.4 2426869, 630973.8 2426858, 630949.6 2426848, 630924.9 2426839, 630899.8 2426831, 630874.4 2426825, 630848.6 2426820, 630822.7 2426817, 630796.6 2426815, 630770.4 2426814, 630744.2 2426815, 630718.1 2426817, 630692.2 2426820, 630666.4 2426825, 630641 2426831, 630615.9 2426839, 630591.2 2426848, 630567 2426858, 630543.4 2426869, 630520.4 2426881, 630498.1 2426895, 630476.5 2426910, 630455.7 2426926, 630435.8 2426943, 630416.8 2426961, 630398.8 2426980, 630381.8 2427000, 630365.9 2427020, 630351.1 2427042, 630337.4 2427064, 630324.9 2427087, 630313.6 2427111, 630303.6 2427135, 630294.9 2427160, 630287.4 2427185, 630281.3 2427210, 630276.6 2427236, 630273.1 2427262, 630271.1 2427288, 630270.4 2427314, 630271.1 2427340, 630273.1 2427367, 630276.6 2427393, 630281.3 2427418, 630287.4 2427444, 630294.9 2427469, 630303.6 2427494, 630313.6 2427518, 630324.9 2427541, 630337.4 2427564, 630351.1 2427587, 630365.9 2427608, 630381.8 2427629, 630398.8 2427649, 630416.8 2427668, 630435.8 2427686, 630455.7 2427703, 630476.5 2427719, 630498.1 2427734, 630520.4 2427747, 630543.4 2427760, 630567 2427771, 630591.2 2427781, 630615.9 2427790, 630641 2427797, 630666.4 2427803, 630692.2 2427808, 630718.1 2427812, 630744.2 2427814, 630770.4 2427814, 630796.6 2427814, 630822.7 2427812, 630848.6 2427808, 630874.4 2427803, 630899.8 2427797, 630924.9 2427790, 630949.6 2427781, 630973.8 2427771, 630997.4 2427760, 631020.4 2427747, 631042.7 2427734, 631064.3 2427719, 631085.1 2427703, 631105 2427686, 631124 2427668, 631142 2427649, 631159 2427629, 631174.9 2427608, 631189.7 2427587, 631203.4 2427564, 631215.9 2427541, 631227.2 2427518, 631237.2 2427494, 631245.9 2427469, 631253.4 2427444, 631259.5 2427418, 631264.2 2427393, 631267.7 2427367, 631269.7 2427340, 631270.4 2427314))"
41,20260550,Forest,7781.739130434783,93.74461428755224,2.279844357976654,0,Dai,NA,NA,1,0,0,795,91.12785219987597,684.1110623739542,1191.6307373046875,1.1116886138916016,65.44698261022317,29236.370086669922,0,0.19366369288411847,1,102,0,0,6947.8187084198,0.23764300040748218,1,0,0.41553507765345254,0.9095771540883925,8.9595351308077,4.540574215600901,0.8241071765909261,"POLYGON ((630906 2436038, 630905.3 2436012, 630903.2 2435986, 630899.8 2435960, 630895 2435934, 630888.9 2435909, 630881.5 2435884, 630872.7 2435859, 630862.7 2435835, 630851.5 2435811, 630839 2435788, 630825.3 2435766, 630810.5 2435744, 630794.5 2435723, 630777.5 2435704, 630759.5 2435685, 630740.5 2435667, 630720.6 2435650, 630699.8 2435634, 630678.3 2435619, 630656 2435605, 630632.9 2435593, 630609.3 2435581, 630585.1 2435571, 630560.5 2435563, 630535.4 2435555, 630509.9 2435549, 630484.2 2435544, 630458.2 2435541, 630432.1 2435539, 630406 2435538, 630379.8 2435539, 630353.7 2435541, 630327.7 2435544, 630302 2435549, 630276.5 2435555, 630251.4 2435563, 630226.8 2435571, 630202.6 2435581, 630179 2435593, 630156 2435605, 630133.6 2435619, 630112.1 2435634, 630091.3 2435650, 630071.4 2435667, 630052.4 2435685, 630034.4 2435704, 630017.4 2435723, 630001.4 2435744, 629986.6 2435766, 629972.9 2435788, 629960.4 2435811, 629949.2 2435835, 629939.2 2435859, 629930.4 2435884, 629923 2435909, 629916.9 2435934, 629912.1 2435960, 629908.7 2435986, 629906.6 2436012, 629906 2436038, 629906.6 2436064, 629908.7 2436090, 629912.1 2436116, 629916.9 2436142, 629923 2436168, 629930.4 2436193, 629939.2 2436217, 629949.2 2436241, 629960.4 2436265, 629972.9 2436288, 629986.6 2436310, 630001.4 2436332, 630017.4 2436353, 630034.4 2436373, 630052.4 2436392, 630071.4 2436410, 630091.3 2436427, 630112.1 2436443, 630133.6 2436457, 630156 2436471, 630179 2436484, 630202.6 2436495, 630226.8 2436505, 630251.4 2436514, 630276.5 2436521, 630302 2436527, 630327.7 2436532, 630353.7 2436535, 630379.8 2436537, 630406 2436538, 630432.1 2436537, 630458.2 2436535, 630484.2 2436532, 630509.9 2436527, 630535.4 2436521, 630560.5 2436514, 630585.1 2436505, 630609.3 2436495, 630632.9 2436484, 630656 2436471, 630678.3 2436457, 630699.8 2436443, 630720.6 2436427, 630740.5 2436410, 630759.5 2436392, 630777.5 2436373, 630794.5 2436353, 630810.5 2436332, 630825.3 2436310, 630839 2436288, 630851.5 2436265, 630862.7 2436241, 630872.7 2436217, 630881.5 2436193, 630888.9 2436168, 630895 2436142, 630899.8 2436116, 630903.2 2436090, 630905.3 2436064, 630906 2436038))"
41,20260550,Forest,5300,11.357870574345577,3.2247191011235956,0,Dai,NA,NA,1,0,0,876,258.71783719843893,792.3091488828866,740.07659912109375,13.075732231140137,249.35199783627363,157338.29498291016,0,0.277167756428637,1,4,70569.42901611328,0.4485203619613294,26555.67855834961,0.16878076987699686,1,0,-0.3526257515861947,-0.9357644358054389,8.575462099540212,2.4299109462807524,1.1708458460274813,"POLYGON ((744588.4 2351967, 744587.7 2351941, 744585.6 2351914, 744582.2 2351888, 744577.4 2351863, 744571.3 2351837, 744563.9 2351812, 744555.2 2351788, 744545.1 2351763, 744533.9 2351740, 744521.4 2351717, 744507.7 2351694, 744492.9 2351673, 744476.9 2351652, 744459.9 2351632, 744441.9 2351613, 744422.9 2351595, 744403 2351578, 744382.3 2351562, 744360.7 2351547, 744338.4 2351534, 744315.4 2351521, 744291.7 2351510, 744267.5 2351500, 744242.9 2351491, 744217.8 2351484, 744192.3 2351478, 744166.6 2351473, 744140.6 2351469, 744114.5 2351467, 744088.4 2351467, 744062.2 2351467, 744036.1 2351469, 744010.1 2351473, 743984.4 2351478, 743959 2351484, 743933.9 2351491, 743909.2 2351500, 743885 2351510, 743861.4 2351521, 743838.4 2351534, 743816 2351547, 743794.5 2351562, 743773.7 2351578, 743753.8 2351595, 743734.8 2351613, 743716.8 2351632, 743699.8 2351652, 743683.9 2351673, 743669 2351694, 743655.3 2351717, 743642.9 2351740, 743631.6 2351763, 743621.6 2351788, 743612.8 2351812, 743605.4 2351837, 743599.3 2351863, 743594.5 2351888, 743591.1 2351914, 743589 2351941, 743588.4 2351967, 743589 2351993, 743591.1 2352019, 743594.5 2352045, 743599.3 2352071, 743605.4 2352096, 743612.8 2352121, 743621.6 2352146, 743631.6 2352170, 743642.9 2352194, 743655.3 2352217, 743669 2352239, 743683.9 2352261, 743699.8 2352281, 743716.8 2352301, 743734.8 2352320, 743753.8 2352338, 743773.7 2352355, 743794.5 2352371, 743816 2352386, 743838.4 2352400, 743861.4 2352412, 743885 2352423, 743909.2 2352434, 743933.9 2352442, 743959 2352450, 743984.4 2352456, 744010.1 2352461, 744036.1 2352464, 744062.2 2352466, 744088.4 2352467, 744114.5 2352466, 744140.6 2352464, 744166.6 2352461, 744192.3 2352456, 744217.8 2352450, 744242.9 2352442, 744267.5 2352434, 744291.7 2352423, 744315.4 2352412, 744338.4 2352400, 744360.7 2352386, 744382.3 2352371, 744403 2352355, 744422.9 2352338, 744441.9 2352320, 744459.9 2352301, 744476.9 2352281, 744492.9 2352261, 744507.7 2352239, 744521.4 2352217, 744533.9 2352194, 744545.1 2352170, 744555.2 2352146, 744563.9 2352121, 744571.3 2352096, 744577.4 2352071, 744582.2 2352045, 744585.6 2352019, 744587.7 2351993, 744588.4 2351967))"
41,20260550,Forest,7708.695652173914,237.2321719678974,3.3891168599464763,0,Dai,NA,NA,1,0,0,1027,294.16020512102386,659.717299853162,1194.266845703125,0.5543644428253174,99.2942792856774,6456.693363189697,1256.534457206726,0.18711770877025194,1,48,0,0,6456.693363189697,1,1,0,-0.16150528739245357,0.986871846869836,8.95010427613315,5.46903929016875,1.2205693741627521,"POLYGON ((627522.7 2427454, 627522 2427427, 627520 2427401, 627516.6 2427375, 627511.8 2427350, 627505.7 2427324, 627498.2 2427299, 627489.5 2427274, 627479.5 2427250, 627468.2 2427227, 627455.7 2427204, 627442 2427181, 627427.2 2427160, 627411.3 2427139, 627394.3 2427119, 627376.3 2427100, 627357.3 2427082, 627337.4 2427065, 627316.6 2427049, 627295 2427034, 627272.7 2427020, 627249.7 2427008, 627226.1 2426997, 627201.9 2426987, 627177.2 2426978, 627152.1 2426971, 627126.7 2426964, 627100.9 2426960, 627075 2426956, 627048.9 2426954, 627022.7 2426954, 626996.5 2426954, 626970.4 2426956, 626944.5 2426960, 626918.8 2426964, 626893.3 2426971, 626868.2 2426978, 626843.5 2426987, 626819.3 2426997, 626795.7 2427008, 626772.7 2427020, 626750.4 2427034, 626728.8 2427049, 626708.1 2427065, 626688.1 2427082, 626669.2 2427100, 626651.1 2427119, 626634.1 2427139, 626618.2 2427160, 626603.4 2427181, 626589.7 2427204, 626577.2 2427227, 626565.9 2427250, 626555.9 2427274, 626547.2 2427299, 626539.7 2427324, 626533.6 2427350, 626528.9 2427375, 626525.5 2427401, 626523.4 2427427, 626522.7 2427454, 626523.4 2427480, 626525.5 2427506, 626528.9 2427532, 626533.6 2427557, 626539.7 2427583, 626547.2 2427608, 626555.9 2427633, 626565.9 2427657, 626577.2 2427681, 626589.7 2427704, 626603.4 2427726, 626618.2 2427747, 626634.1 2427768, 626651.1 2427788, 626669.2 2427807, 626688.1 2427825, 626708.1 2427842, 626728.8 2427858, 626750.4 2427873, 626772.7 2427887, 626795.7 2427899, 626819.3 2427910, 626843.5 2427920, 626868.2 2427929, 626893.3 2427936, 626918.8 2427943, 626944.5 2427947, 626970.4 2427951, 626996.5 2427953, 627022.7 2427954, 627048.9 2427953, 627075 2427951, 627100.9 2427947, 627126.7 2427943, 627152.1 2427936, 627177.2 2427929, 627201.9 2427920, 627226.1 2427910, 627249.7 2427899, 627272.7 2427887, 627295 2427873, 627316.6 2427858, 627337.4 2427842, 627357.3 2427825, 627376.3 2427807, 627394.3 2427788, 627411.3 2427768, 627427.2 2427747, 627442 2427726, 627455.7 2427704, 627468.2 2427681, 627479.5 2427657, 627489.5 2427633, 627498.2 2427608, 627505.7 2427583, 627511.8 2427557, 627516.6 2427532, 627520 2427506, 627522 2427480, 627522.7 2427454))"
41,20260550,Forest,6109.060402684564,16.49307014828121,2.182649842271293,0,Dai,NA,NA,1,0,0,1165,86.83573623167099,276.8149728113585,870.5179443359375,8.8156585693359375,52.0886836485109,628308.7646484375,17108.366775512695,0.42115247754474194,1,13,379879.7882080078,0.6046068582547387,35952.18544006348,0.05722056966717643,1,0,0.6144410382146385,0.7889627434535278,8.717528260092221,2.802940301672347,0.7805396626274846,"POLYGON ((718328.9 2477799, 718328.2 2477772, 718326.2 2477746, 718322.7 2477720, 718318 2477695, 718311.9 2477669, 718304.4 2477644, 718295.7 2477619, 718285.7 2477595, 718274.4 2477572, 718261.9 2477549, 718248.2 2477526, 718233.4 2477505, 718217.5 2477484, 718200.5 2477464, 718182.4 2477445, 718163.5 2477427, 718143.5 2477410, 718122.8 2477394, 718101.2 2477379, 718078.9 2477366, 718055.9 2477353, 718032.3 2477342, 718008.1 2477332, 717983.4 2477323, 717958.3 2477316, 717932.8 2477310, 717907.1 2477305, 717881.2 2477301, 717855.1 2477299, 717828.9 2477299, 717802.7 2477299, 717776.6 2477301, 717750.7 2477305, 717724.9 2477310, 717699.5 2477316, 717674.4 2477323, 717649.7 2477332, 717625.5 2477342, 717601.9 2477353, 717578.9 2477366, 717556.6 2477379, 717535 2477394, 717514.2 2477410, 717494.3 2477427, 717475.3 2477445, 717457.3 2477464, 717440.3 2477484, 717424.4 2477505, 717409.6 2477526, 717395.9 2477549, 717383.4 2477572, 717372.1 2477595, 717362.1 2477619, 717353.4 2477644, 717345.9 2477669, 717339.8 2477695, 717335 2477720, 717331.6 2477746, 717329.6 2477772, 717328.9 2477799, 717329.6 2477825, 717331.6 2477851, 717335 2477877, 717339.8 2477903, 717345.9 2477928, 717353.4 2477953, 717362.1 2477978, 717372.1 2478002, 717383.4 2478026, 717395.9 2478049, 717409.6 2478071, 717424.4 2478093, 717440.3 2478113, 717457.3 2478133, 717475.3 2478152, 717494.3 2478170, 717514.2 2478187, 717535 2478203, 717556.6 2478218, 717578.9 2478232, 717601.9 2478244, 717625.5 2478255, 717649.7 2478265, 717674.4 2478274, 717699.5 2478282, 717724.9 2478288, 717750.7 2478292, 717776.6 2478296, 717802.7 2478298, 717828.9 2478299, 717855.1 2478298, 717881.2 2478296, 717907.1 2478292, 717932.8 2478288, 717958.3 2478282, 717983.4 2478274, 718008.1 2478265, 718032.3 2478255, 718055.9 2478244, 718078.9 2478232, 718101.2 2478218, 718122.8 2478203, 718143.5 2478187, 718163.5 2478170, 718182.4 2478152, 718200.5 2478133, 718217.5 2478113, 718233.4 2478093, 718248.2 2478071, 718261.9 2478049, 718274.4 2478026, 718285.7 2478002, 718295.7 2477978, 718304.4 2477953, 718311.9 2477928, 718318 2477903, 718322.7 2477877, 718326.2 2477851, 718328.2 2477825, 718328.9 2477799))"
41,20260550,Forest,7668.695652173914,133.19513203141992,2.0375399361022364,0,Dai,NA,NA,1,0,0,1174,618.006169157581,845.5916039822393,1210.7269287109375,6.758923053741455,300.4551027651066,193631.6436767578,0,0.025952337346064173,1,87,0,0,24706.34651184082,0.12759457102520272,1,0,0.5068630306552084,-0.8620266052477831,8.944901821513023,4.891815211127795,0.7117431664817675,"POLYGON ((640806.1 2426778, 640805.4 2426752, 640803.4 2426726, 640800 2426700, 640795.2 2426674, 640789.1 2426649, 640781.7 2426624, 640772.9 2426599, 640762.9 2426575, 640751.6 2426551, 640739.1 2426528, 640725.5 2426506, 640710.6 2426484, 640694.7 2426464, 640677.7 2426444, 640659.7 2426425, 640640.7 2426407, 640620.8 2426390, 640600 2426374, 640578.5 2426359, 640556.1 2426345, 640533.1 2426333, 640509.5 2426321, 640485.3 2426311, 640460.6 2426303, 640435.5 2426295, 640410.1 2426289, 640384.4 2426284, 640358.4 2426281, 640332.3 2426279, 640306.1 2426278, 640280 2426279, 640253.9 2426281, 640227.9 2426284, 640202.2 2426289, 640176.7 2426295, 640151.6 2426303, 640127 2426311, 640102.8 2426321, 640079.1 2426333, 640056.1 2426345, 640033.8 2426359, 640012.2 2426374, 639991.5 2426390, 639971.6 2426407, 639952.6 2426425, 639934.6 2426444, 639917.6 2426464, 639901.6 2426484, 639886.8 2426506, 639873.1 2426528, 639860.6 2426551, 639849.4 2426575, 639839.3 2426599, 639830.6 2426624, 639823.2 2426649, 639817.1 2426674, 639812.3 2426700, 639808.9 2426726, 639806.8 2426752, 639806.1 2426778, 639806.8 2426804, 639808.9 2426830, 639812.3 2426856, 639817.1 2426882, 639823.2 2426908, 639830.6 2426933, 639839.3 2426957, 639849.4 2426982, 639860.6 2427005, 639873.1 2427028, 639886.8 2427051, 639901.6 2427072, 639917.6 2427093, 639934.6 2427113, 639952.6 2427132, 639971.6 2427150, 639991.5 2427167, 640012.2 2427183, 640033.8 2427198, 640056.1 2427211, 640079.1 2427224, 640102.8 2427235, 640127 2427245, 640151.6 2427254, 640176.7 2427261, 640202.2 2427267, 640227.9 2427272, 640253.9 2427275, 640280 2427278, 640306.1 2427278, 640332.3 2427278, 640358.4 2427275, 640384.4 2427272, 640410.1 2427267, 640435.5 2427261, 640460.6 2427254, 640485.3 2427245, 640509.5 2427235, 640533.1 2427224, 640556.1 2427211, 640578.5 2427198, 640600 2427183, 640620.8 2427167, 640640.7 2427150, 640659.7 2427132, 640677.7 2427113, 640694.7 2427093, 640710.6 2427072, 640725.5 2427051, 640739.1 2427028, 640751.6 2427005, 640762.9 2426982, 640772.9 2426957, 640781.7 2426933, 640789.1 2426908, 640795.2 2426882, 640800 2426856, 640803.4 2426830, 640805.4 2426804, 640806.1 2426778))"
41,20260550,Forest,3364.0069889341876,13.660357418805527,4.024451939291737,0,Dai,NA,NA,1,0,0,1187,40.413816684528925,274.01159567382587,971.9063720703125,9.098052024841309,111.56229087473201,471189.7705078125,8100,0.3203220876888198,1,58,7815.814590454102,0.016587402952383305,25912.993812561035,0.05499481405259282,1,0,-0.3675125420996282,0.9300185650832294,8.120888098657323,2.614498019159453,1.3923887374482258,"POLYGON ((679228.9 2477169, 679228.2 2477143, 679226.2 2477117, 679222.8 2477091, 679218 2477065, 679211.9 2477040, 679204.5 2477015, 679195.7 2476990, 679185.7 2476966, 679174.4 2476942, 679161.9 2476919, 679148.3 2476897, 679133.4 2476875, 679117.5 2476855, 679100.5 2476835, 679082.5 2476816, 679063.5 2476798, 679043.6 2476781, 679022.8 2476765, 679001.2 2476750, 678978.9 2476736, 678955.9 2476724, 678932.3 2476713, 678908.1 2476703, 678883.4 2476694, 678858.3 2476686, 678832.9 2476680, 678807.1 2476675, 678781.2 2476672, 678755.1 2476670, 678728.9 2476669, 678702.8 2476670, 678676.7 2476672, 678650.7 2476675, 678625 2476680, 678599.5 2476686, 678574.4 2476694, 678549.7 2476703, 678525.6 2476713, 678501.9 2476724, 678478.9 2476736, 678456.6 2476750, 678435 2476765, 678414.3 2476781, 678394.4 2476798, 678375.4 2476816, 678357.4 2476835, 678340.3 2476855, 678324.4 2476875, 678309.6 2476897, 678295.9 2476919, 678283.4 2476942, 678272.1 2476966, 678262.1 2476990, 678253.4 2477015, 678246 2477040, 678239.8 2477065, 678235.1 2477091, 678231.7 2477117, 678229.6 2477143, 678228.9 2477169, 678229.6 2477195, 678231.7 2477222, 678235.1 2477248, 678239.8 2477273, 678246 2477299, 678253.4 2477324, 678262.1 2477349, 678272.1 2477373, 678283.4 2477396, 678295.9 2477419, 678309.6 2477442, 678324.4 2477463, 678340.3 2477484, 678357.4 2477504, 678375.4 2477523, 678394.4 2477541, 678414.3 2477558, 678435 2477574, 678456.6 2477589, 678478.9 2477602, 678501.9 2477615, 678525.6 2477626, 678549.7 2477636, 678574.4 2477645, 678599.5 2477652, 678625 2477658, 678650.7 2477663, 678676.7 2477667, 678702.8 2477669, 678728.9 2477669, 678755.1 2477669, 678781.2 2477667, 678807.1 2477663, 678832.9 2477658, 678858.3 2477652, 678883.4 2477645, 678908.1 2477636, 678932.3 2477626, 678955.9 2477615, 678978.9 2477602, 679001.2 2477589, 679022.8 2477574, 679043.6 2477558, 679063.5 2477541, 679082.5 2477523, 679100.5 2477504, 679117.5 2477484, 679133.4 2477463, 679148.3 2477442, 679161.9 2477419, 679174.4 2477396, 679185.7 2477373, 679195.7 2477349, 679204.5 2477324, 679211.9 2477299, 679218 2477273, 679222.8 2477248, 679226.2 2477222, 679228.2 2477195, 679228.9 2477169))"
41,20260550,Forest,3364.0069889341876,13.660357418805527,4.024451939291737,0,Dai,NA,NA,1,0,0,1240,0.3947247247383065,57.335276297356536,1153.3271484375,12.972091674804688,301.82276382992546,375122.7355957031,0,0.11316874258347022,1,109,0,0,5802.926158905029,0.015469406698823135,1,0,0.5272934194794278,-0.8496832643836716,8.120888098657323,2.614498019159453,1.3923887374482258,"POLYGON ((672898.6 2476044, 672897.9 2476018, 672895.9 2475992, 672892.5 2475966, 672887.7 2475941, 672881.6 2475915, 672874.1 2475890, 672865.4 2475865, 672855.4 2475841, 672844.1 2475817, 672831.6 2475794, 672818 2475772, 672803.1 2475751, 672787.2 2475730, 672770.2 2475710, 672752.2 2475691, 672733.2 2475673, 672713.3 2475656, 672692.5 2475640, 672670.9 2475625, 672648.6 2475611, 672625.6 2475599, 672602 2475588, 672577.8 2475578, 672553.1 2475569, 672528 2475562, 672502.6 2475555, 672476.8 2475551, 672450.9 2475547, 672424.8 2475545, 672398.6 2475544, 672372.5 2475545, 672346.4 2475547, 672320.4 2475551, 672294.7 2475555, 672269.2 2475562, 672244.1 2475569, 672219.4 2475578, 672195.3 2475588, 672171.6 2475599, 672148.6 2475611, 672126.3 2475625, 672104.7 2475640, 672084 2475656, 672064.1 2475673, 672045.1 2475691, 672027 2475710, 672010 2475730, 671994.1 2475751, 671979.3 2475772, 671965.6 2475794, 671953.1 2475817, 671941.8 2475841, 671931.8 2475865, 671923.1 2475890, 671915.7 2475915, 671909.5 2475941, 671904.8 2475966, 671901.4 2475992, 671899.3 2476018, 671898.6 2476044, 671899.3 2476071, 671901.4 2476097, 671904.8 2476123, 671909.5 2476148, 671915.7 2476174, 671923.1 2476199, 671931.8 2476224, 671941.8 2476248, 671953.1 2476271, 671965.6 2476294, 671979.3 2476317, 671994.1 2476338, 672010 2476359, 672027 2476379, 672045.1 2476398, 672064.1 2476416, 672084 2476433, 672104.7 2476449, 672126.3 2476464, 672148.6 2476477, 672171.6 2476490, 672195.3 2476501, 672219.4 2476511, 672244.1 2476520, 672269.2 2476527, 672294.7 2476534, 672320.4 2476538, 672346.4 2476542, 672372.5 2476544, 672398.6 2476544, 672424.8 2476544, 672450.9 2476542, 672476.8 2476538, 672502.6 2476534, 672528 2476527, 672553.1 2476520, 672577.8 2476511, 672602 2476501, 672625.6 2476490, 672648.6 2476477, 672670.9 2476464, 672692.5 2476449, 672713.3 2476433, 672733.2 2476416, 672752.2 2476398, 672770.2 2476379, 672787.2 2476359, 672803.1 2476338, 672818 2476317, 672831.6 2476294, 672844.1 2476271, 672855.4 2476248, 672865.4 2476224, 672874.1 2476199, 672881.6 2476174, 672887.7 2476148, 672892.5 2476123, 672895.9 2476097, 672897.9 2476071, 672898.6 2476044))"
41,20260550,Forest,7140.869565217392,136.6695132063556,2.088718220338983,0,Dai,NA,NA,1,0,0,1290,189.90873796324607,696.6648326396072,1200.1043701171875,1.971714735031128,81.52780960995528,87659.47265625,0,0.13585593928171788,1,50,0,0,37500.03547668457,0.427792163703039,1,0,0.14732935584257187,0.9890874890054028,8.873589835763665,4.917565699152524,0.7365505861325996,"POLYGON ((631739.5 2437102, 631738.8 2437075, 631736.8 2437049, 631733.4 2437023, 631728.6 2436998, 631722.5 2436972, 631715 2436947, 631706.3 2436922, 631696.3 2436898, 631685 2436875, 631672.5 2436852, 631658.9 2436829, 631644 2436808, 631628.1 2436787, 631611.1 2436767, 631593.1 2436748, 631574.1 2436730, 631554.2 2436713, 631533.4 2436697, 631511.8 2436682, 631489.5 2436669, 631466.5 2436656, 631442.9 2436645, 631418.7 2436635, 631394 2436626, 631368.9 2436619, 631343.5 2436613, 631317.7 2436608, 631291.8 2436604, 631265.7 2436602, 631239.5 2436602, 631213.3 2436602, 631187.3 2436604, 631161.3 2436608, 631135.6 2436613, 631110.1 2436619, 631085 2436626, 631060.3 2436635, 631036.1 2436645, 631012.5 2436656, 630989.5 2436669, 630967.2 2436682, 630945.6 2436697, 630924.9 2436713, 630905 2436730, 630886 2436748, 630867.9 2436767, 630850.9 2436787, 630835 2436808, 630820.2 2436829, 630806.5 2436852, 630794 2436875, 630782.7 2436898, 630772.7 2436922, 630764 2436947, 630756.6 2436972, 630750.4 2436998, 630745.7 2437023, 630742.3 2437049, 630740.2 2437075, 630739.5 2437102, 630740.2 2437128, 630742.3 2437154, 630745.7 2437180, 630750.4 2437206, 630756.6 2437231, 630764 2437256, 630772.7 2437281, 630782.7 2437305, 630794 2437329, 630806.5 2437352, 630820.2 2437374, 630835 2437396, 630850.9 2437416, 630867.9 2437436, 630886 2437455, 630905 2437473, 630924.9 2437490, 630945.6 2437506, 630967.2 2437521, 630989.5 2437535, 631012.5 2437547, 631036.1 2437558, 631060.3 2437568, 631085 2437577, 631110.1 2437585, 631135.6 2437591, 631161.3 2437595, 631187.3 2437599, 631213.3 2437601, 631239.5 2437602, 631265.7 2437601, 631291.8 2437599, 631317.7 2437595, 631343.5 2437591, 631368.9 2437585, 631394 2437577, 631418.7 2437568, 631442.9 2437558, 631466.5 2437547, 631489.5 2437535, 631511.8 2437521, 631533.4 2437506, 631554.2 2437490, 631574.1 2437473, 631593.1 2437455, 631611.1 2437436, 631628.1 2437416, 631644 2437396, 631658.9 2437374, 631672.5 2437352, 631685 2437329, 631696.3 2437305, 631706.3 2437281, 631715 2437256, 631722.5 2437231, 631728.6 2437206, 631733.4 2437180, 631736.8 2437154, 631738.8 2437128, 631739.5 2437102))"
41,20260550,Forest,4468,96.47661604022574,2.467409608717187,0,Dai,NA,NA,1,0,0,1334,473.1350235418309,959.4578755654471,658.2567138671875,9.005805015563965,188.782547507255,16044.711685180664,47228.05824279785,0.4493834846152674,1,60,16044.711685180664,1,0,0,1,0,-0.9882749356155314,-0.1526848114061031,8.404696160189092,4.5693006581538285,0.9031688589157757,"POLYGON ((741751.6 2365057, 741750.9 2365031, 741748.9 2365005, 741745.4 2364979, 741740.7 2364953, 741734.6 2364928, 741727.1 2364903, 741718.4 2364878, 741708.4 2364854, 741697.1 2364830, 741684.6 2364807, 741670.9 2364785, 741656.1 2364763, 741640.2 2364742, 741623.2 2364723, 741605.1 2364704, 741586.2 2364686, 741566.3 2364669, 741545.5 2364653, 741523.9 2364638, 741501.6 2364624, 741478.6 2364612, 741455 2364600, 741430.8 2364590, 741406.1 2364582, 741381 2364574, 741355.6 2364568, 741329.8 2364563, 741303.9 2364560, 741277.8 2364558, 741251.6 2364557, 741225.4 2364558, 741199.3 2364560, 741173.4 2364563, 741147.6 2364568, 741122.2 2364574, 741097.1 2364582, 741072.4 2364590, 741048.2 2364600, 741024.6 2364612, 741001.6 2364624, 740979.3 2364638, 740957.7 2364653, 740936.9 2364669, 740917 2364686, 740898 2364704, 740880 2364723, 740863 2364742, 740847.1 2364763, 740832.3 2364785, 740818.6 2364807, 740806.1 2364830, 740794.8 2364854, 740784.8 2364878, 740776.1 2364903, 740768.6 2364928, 740762.5 2364953, 740757.8 2364979, 740754.3 2365005, 740752.3 2365031, 740751.6 2365057, 740752.3 2365083, 740754.3 2365109, 740757.8 2365135, 740762.5 2365161, 740768.6 2365187, 740776.1 2365212, 740784.8 2365236, 740794.8 2365260, 740806.1 2365284, 740818.6 2365307, 740832.3 2365329, 740847.1 2365351, 740863 2365372, 740880 2365392, 740898 2365411, 740917 2365429, 740936.9 2365446, 740957.7 2365462, 740979.3 2365476, 741001.6 2365490, 741024.6 2365503, 741048.2 2365514, 741072.4 2365524, 741097.1 2365533, 741122.2 2365540, 741147.6 2365546, 741173.4 2365551, 741199.3 2365554, 741225.4 2365556, 741251.6 2365557, 741277.8 2365556, 741303.9 2365554, 741329.8 2365551, 741355.6 2365546, 741381 2365540, 741406.1 2365533, 741430.8 2365524, 741455 2365514, 741478.6 2365503, 741501.6 2365490, 741523.9 2365476, 741545.5 2365462, 741566.3 2365446, 741586.2 2365429, 741605.1 2365411, 741623.2 2365392, 741640.2 2365372, 741656.1 2365351, 741670.9 2365329, 741684.6 2365307, 741697.1 2365284, 741708.4 2365260, 741718.4 2365236, 741727.1 2365212, 741734.6 2365187, 741740.7 2365161, 741745.4 2365135, 741748.9 2365109, 741750.9 2365083, 741751.6 2365057))"
41,20260550,Forest,4468,96.47661604022574,2.467409608717187,0,Dai,NA,NA,1,0,0,1556,514.2526495378708,609.1295683363173,623.72967529296875,8.281720161437988,308.36031682195005,40500,175771.34857177734,0.6511990258025028,1,26,39600,0.9777777777777777,0,0,1,0,0.6206048435943716,-0.7841234775895984,8.404696160189092,4.5693006581538285,0.9031688589157757,"POLYGON ((739508 2363915, 739507.4 2363889, 739505.3 2363863, 739501.9 2363837, 739497.1 2363811, 739491 2363786, 739483.6 2363761, 739474.8 2363736, 739464.8 2363712, 739453.5 2363688, 739441.1 2363665, 739427.4 2363643, 739412.6 2363621, 739396.6 2363600, 739379.6 2363581, 739361.6 2363562, 739342.6 2363544, 739322.7 2363527, 739301.9 2363511, 739280.4 2363496, 739258 2363482, 739235 2363470, 739211.4 2363458, 739187.2 2363448, 739162.6 2363440, 739137.5 2363432, 739112 2363426, 739086.3 2363421, 739060.3 2363418, 739034.2 2363416, 739008 2363415, 738981.9 2363416, 738955.8 2363418, 738929.8 2363421, 738904.1 2363426, 738878.6 2363432, 738853.5 2363440, 738828.9 2363448, 738804.7 2363458, 738781 2363470, 738758 2363482, 738735.7 2363496, 738714.1 2363511, 738693.4 2363527, 738673.5 2363544, 738654.5 2363562, 738636.5 2363581, 738619.5 2363600, 738603.5 2363621, 738588.7 2363643, 738575 2363665, 738562.5 2363688, 738551.3 2363712, 738541.3 2363736, 738532.5 2363761, 738525.1 2363786, 738519 2363811, 738514.2 2363837, 738510.8 2363863, 738508.7 2363889, 738508 2363915, 738508.7 2363941, 738510.8 2363967, 738514.2 2363993, 738519 2364019, 738525.1 2364045, 738532.5 2364070, 738541.3 2364094, 738551.3 2364118, 738562.5 2364142, 738575 2364165, 738588.7 2364187, 738603.5 2364209, 738619.5 2364230, 738636.5 2364250, 738654.5 2364269, 738673.5 2364287, 738693.4 2364304, 738714.1 2364320, 738735.7 2364334, 738758 2364348, 738781 2364361, 738804.7 2364372, 738828.9 2364382, 738853.5 2364391, 738878.6 2364398, 738904.1 2364404, 738929.8 2364409, 738955.8 2364412, 738981.9 2364414, 739008 2364415, 739034.2 2364414, 739060.3 2364412, 739086.3 2364409, 739112 2364404, 739137.5 2364398, 739162.6 2364391, 739187.2 2364382, 739211.4 2364372, 739235 2364361, 739258 2364348, 739280.4 2364334, 739301.9 2364320, 739322.7 2364304, 739342.6 2364287, 739361.6 2364269, 739379.6 2364250, 739396.6 2364230, 739412.6 2364209, 739427.4 2364187, 739441.1 2364165, 739453.5 2364142, 739464.8 2364118, 739474.8 2364094, 739483.6 2364070, 739491 2364045, 739497.1 2364019, 739501.9 2363993, 739505.3 2363967, 739507.4 2363941, 739508 2363915))"
41,20260550,Forest,5258.260869565218,120.6173163240242,1.831053660003006,0,Dai,NA,NA,1,0,0,1574,243.94520954925974,683.3537945122689,1077.6243896484375,12.352766036987305,320.8315408272395,598612.39013671875,8184.010219573975,0.03624953106250489,1,106,0,0,530791.9189453125,0.8867038632863637,1,0,0.7752922978892005,-0.6316026067343953,8.567555617898055,4.792622858762098,0.6048915716545423,"POLYGON ((612139.9 2454500, 612139.2 2454474, 612137.2 2454448, 612133.7 2454422, 612129 2454396, 612122.9 2454371, 612115.4 2454346, 612106.7 2454321, 612096.7 2454297, 612085.4 2454273, 612072.9 2454250, 612059.2 2454228, 612044.4 2454206, 612028.5 2454186, 612011.5 2454166, 611993.5 2454147, 611974.5 2454129, 611954.6 2454112, 611933.8 2454096, 611912.2 2454081, 611889.9 2454067, 611866.9 2454055, 611843.3 2454044, 611819.1 2454034, 611794.4 2454025, 611769.3 2454017, 611743.9 2454011, 611718.1 2454007, 611692.2 2454003, 611666.1 2454001, 611639.9 2454000, 611613.7 2454001, 611587.6 2454003, 611561.7 2454007, 611535.9 2454011, 611510.5 2454017, 611485.4 2454025, 611460.7 2454034, 611436.5 2454044, 611412.9 2454055, 611389.9 2454067, 611367.6 2454081, 611346 2454096, 611325.2 2454112, 611305.3 2454129, 611286.3 2454147, 611268.3 2454166, 611251.3 2454186, 611235.4 2454206, 611220.6 2454228, 611206.9 2454250, 611194.4 2454273, 611183.1 2454297, 611173.1 2454321, 611164.4 2454346, 611156.9 2454371, 611150.8 2454396, 611146.1 2454422, 611142.6 2454448, 611140.6 2454474, 611139.9 2454500, 611140.6 2454527, 611142.6 2454553, 611146.1 2454579, 611150.8 2454604, 611156.9 2454630, 611164.4 2454655, 611173.1 2454680, 611183.1 2454704, 611194.4 2454727, 611206.9 2454750, 611220.6 2454773, 611235.4 2454794, 611251.3 2454815, 611268.3 2454835, 611286.3 2454854, 611305.3 2454872, 611325.2 2454889, 611346 2454905, 611367.6 2454920, 611389.9 2454933, 611412.9 2454946, 611436.5 2454957, 611460.7 2454967, 611485.4 2454976, 611510.5 2454983, 611535.9 2454989, 611561.7 2454994, 611587.6 2454998, 611613.7 2455000, 611639.9 2455000, 611666.1 2455000, 611692.2 2454998, 611718.1 2454994, 611743.9 2454989, 611769.3 2454983, 611794.4 2454976, 611819.1 2454967, 611843.3 2454957, 611866.9 2454946, 611889.9 2454933, 611912.2 2454920, 611933.8 2454905, 611954.6 2454889, 611974.5 2454872, 611993.5 2454854, 612011.5 2454835, 612028.5 2454815, 612044.4 2454794, 612059.2 2454773, 612072.9 2454750, 612085.4 2454727, 612096.7 2454704, 612106.7 2454680, 612115.4 2454655, 612122.9 2454630, 612129 2454604, 612133.7 2454579, 612137.2 2454553, 612139.2 2454527, 612139.9 2454500))"
41,20260550,Forest,4841,40.475513715159785,0.8751300728407908,0,Dai,NA,NA,1,0,0,1589,152.5769246888005,198.428956526153,917.4725341796875,14.754548072814941,287.3677629722562,29868.101119995117,185095.3628540039,0.20577378915159947,1,108,25091.499710083008,0.8400768301030551,1021.2365984916687,0.03419154751046442,1,0,0.29850384900178073,-0.954408430458953,8.484876589939695,3.7006971916427536,-0.13338274899734448,"POLYGON ((733211 2431060, 733210.3 2431034, 733208.3 2431008, 733204.8 2430982, 733200.1 2430956, 733194 2430931, 733186.5 2430906, 733177.8 2430881, 733167.8 2430857, 733156.5 2430833, 733144 2430810, 733130.3 2430788, 733115.5 2430766, 733099.6 2430745, 733082.6 2430725, 733064.6 2430706, 733045.6 2430688, 733025.7 2430671, 733004.9 2430656, 732983.3 2430641, 732961 2430627, 732938 2430615, 732914.4 2430603, 732890.2 2430593, 732865.5 2430585, 732840.4 2430577, 732815 2430571, 732789.2 2430566, 732763.3 2430563, 732737.2 2430561, 732711 2430560, 732684.8 2430561, 732658.7 2430563, 732632.8 2430566, 732607 2430571, 732581.6 2430577, 732556.5 2430585, 732531.8 2430593, 732507.6 2430603, 732484 2430615, 732461 2430627, 732438.7 2430641, 732417.1 2430656, 732396.3 2430671, 732376.4 2430688, 732357.4 2430706, 732339.4 2430725, 732322.4 2430745, 732306.5 2430766, 732291.7 2430788, 732278 2430810, 732265.5 2430833, 732254.2 2430857, 732244.2 2430881, 732235.5 2430906, 732228 2430931, 732221.9 2430956, 732217.2 2430982, 732213.7 2431008, 732211.7 2431034, 732211 2431060, 732211.7 2431086, 732213.7 2431112, 732217.2 2431138, 732221.9 2431164, 732228 2431189, 732235.5 2431215, 732244.2 2431239, 732254.2 2431263, 732265.5 2431287, 732278 2431310, 732291.7 2431332, 732306.5 2431354, 732322.4 2431375, 732339.4 2431395, 732357.4 2431414, 732376.4 2431432, 732396.3 2431449, 732417.1 2431465, 732438.7 2431479, 732461 2431493, 732484 2431506, 732507.6 2431517, 732531.8 2431527, 732556.5 2431536, 732581.6 2431543, 732607 2431549, 732632.8 2431554, 732658.7 2431557, 732684.8 2431559, 732711 2431560, 732737.2 2431559, 732763.3 2431557, 732789.2 2431554, 732815 2431549, 732840.4 2431543, 732865.5 2431536, 732890.2 2431527, 732914.4 2431517, 732938 2431506, 732961 2431493, 732983.3 2431479, 733004.9 2431465, 733025.7 2431449, 733045.6 2431432, 733064.6 2431414, 733082.6 2431395, 733099.6 2431375, 733115.5 2431354, 733130.3 2431332, 733144 2431310, 733156.5 2431287, 733167.8 2431263, 733177.8 2431239, 733186.5 2431215, 733194 2431189, 733200.1 2431164, 733204.8 2431138, 733208.3 2431112, 733210.3 2431086, 733211 2431060))"
41,20260550,Forest,4729.178800232964,28.284346991989317,25.912513445679455,0,Dai,NA,NA,1,0,0,1602,192.8957763125093,929.7150948498265,1145.0833740234375,14.137310981750488,143.79580430083524,785039.3371582031,0,0.010073214539284874,1,2,0,0,0,0,1,0,-0.8069170606566454,0.5906647587432652,8.461506851240385,3.3423085418038267,3.2547259966495377,"POLYGON ((688941.7 2479366, 688941 2479340, 688938.9 2479314, 688935.5 2479288, 688930.7 2479262, 688924.6 2479237, 688917.2 2479212, 688908.5 2479187, 688898.4 2479163, 688887.2 2479139, 688874.7 2479116, 688861 2479094, 688846.2 2479072, 688830.2 2479052, 688813.2 2479032, 688795.2 2479013, 688776.2 2478995, 688756.3 2478978, 688735.6 2478962, 688714 2478947, 688691.7 2478933, 688668.7 2478921, 688645 2478910, 688620.9 2478900, 688596.2 2478891, 688571.1 2478883, 688545.6 2478877, 688519.9 2478872, 688493.9 2478869, 688467.8 2478867, 688441.7 2478866, 688415.5 2478867, 688389.4 2478869, 688363.5 2478872, 688337.7 2478877, 688312.3 2478883, 688287.2 2478891, 688262.5 2478900, 688238.3 2478910, 688214.7 2478921, 688191.7 2478933, 688169.4 2478947, 688147.8 2478962, 688127 2478978, 688107.1 2478995, 688088.1 2479013, 688070.1 2479032, 688053.1 2479052, 688037.2 2479072, 688022.3 2479094, 688008.7 2479116, 687996.2 2479139, 687984.9 2479163, 687974.9 2479187, 687966.1 2479212, 687958.7 2479237, 687952.6 2479262, 687947.8 2479288, 687944.4 2479314, 687942.4 2479340, 687941.7 2479366, 687942.4 2479393, 687944.4 2479419, 687947.8 2479445, 687952.6 2479470, 687958.7 2479496, 687966.1 2479521, 687974.9 2479546, 687984.9 2479570, 687996.2 2479593, 688008.7 2479616, 688022.3 2479639, 688037.2 2479660, 688053.1 2479681, 688070.1 2479701, 688088.1 2479720, 688107.1 2479738, 688127 2479755, 688147.8 2479771, 688169.4 2479786, 688191.7 2479799, 688214.7 2479812, 688238.3 2479823, 688262.5 2479833, 688287.2 2479842, 688312.3 2479849, 688337.7 2479855, 688363.5 2479860, 688389.4 2479864, 688415.5 2479866, 688441.7 2479866, 688467.8 2479866, 688493.9 2479864, 688519.9 2479860, 688545.6 2479855, 688571.1 2479849, 688596.2 2479842, 688620.9 2479833, 688645 2479823, 688668.7 2479812, 688691.7 2479799, 688714 2479786, 688735.6 2479771, 688756.3 2479755, 688776.2 2479738, 688795.2 2479720, 688813.2 2479701, 688830.2 2479681, 688846.2 2479660, 688861 2479639, 688874.7 2479616, 688887.2 2479593, 688898.4 2479570, 688908.5 2479546, 688917.2 2479521, 688924.6 2479496, 688930.7 2479470, 688935.5 2479445, 688938.9 2479419, 688941 2479393, 688941.7 2479366))"
41,20260550,Forest,3276,13.328938169353023,1.439689756619417,0,Dai,NA,NA,1,0,0,1689,343.2970984876581,2804.8406498891386,656.03265380859375,12.239757537841797,204.6053317002976,60248.11019897461,62875.05111694336,0.010379046680760002,1,21,57548.11019897461,0.9551853163346864,0,0,1,0,-0.9091973677995244,-0.41636540008316775,8.09437844497296,2.5899374738049867,0.3644276435838435,"POLYGON ((742828.6 2396537, 742828 2396510, 742825.9 2396484, 742822.5 2396458, 742817.7 2396433, 742811.6 2396407, 742804.2 2396382, 742795.4 2396357, 742785.4 2396333, 742774.1 2396310, 742761.6 2396287, 742748 2396264, 742733.1 2396243, 742717.2 2396222, 742700.2 2396202, 742682.2 2396183, 742663.2 2396165, 742643.3 2396148, 742622.5 2396132, 742601 2396117, 742578.6 2396104, 742555.6 2396091, 742532 2396080, 742507.8 2396070, 742483.1 2396061, 742458 2396054, 742432.6 2396048, 742406.9 2396043, 742380.9 2396039, 742354.8 2396037, 742328.6 2396037, 742302.5 2396037, 742276.4 2396039, 742250.4 2396043, 742224.7 2396048, 742199.2 2396054, 742174.1 2396061, 742149.5 2396070, 742125.3 2396080, 742101.6 2396091, 742078.6 2396104, 742056.3 2396117, 742034.7 2396132, 742014 2396148, 741994.1 2396165, 741975.1 2396183, 741957.1 2396202, 741940.1 2396222, 741924.1 2396243, 741909.3 2396264, 741895.6 2396287, 741883.1 2396310, 741871.9 2396333, 741861.8 2396357, 741853.1 2396382, 741845.7 2396407, 741839.6 2396433, 741834.8 2396458, 741831.4 2396484, 741829.3 2396510, 741828.6 2396537, 741829.3 2396563, 741831.4 2396589, 741834.8 2396615, 741839.6 2396641, 741845.7 2396666, 741853.1 2396691, 741861.8 2396716, 741871.9 2396740, 741883.1 2396764, 741895.6 2396787, 741909.3 2396809, 741924.1 2396831, 741940.1 2396851, 741957.1 2396871, 741975.1 2396890, 741994.1 2396908, 742014 2396925, 742034.7 2396941, 742056.3 2396956, 742078.6 2396970, 742101.6 2396982, 742125.3 2396993, 742149.5 2397003, 742174.1 2397012, 742199.2 2397020, 742224.7 2397026, 742250.4 2397031, 742276.4 2397034, 742302.5 2397036, 742328.6 2397037, 742354.8 2397036, 742380.9 2397034, 742406.9 2397031, 742432.6 2397026, 742458 2397020, 742483.1 2397012, 742507.8 2397003, 742532 2396993, 742555.6 2396982, 742578.6 2396970, 742601 2396956, 742622.5 2396941, 742643.3 2396925, 742663.2 2396908, 742682.2 2396890, 742700.2 2396871, 742717.2 2396851, 742733.1 2396831, 742748 2396809, 742761.6 2396787, 742774.1 2396764, 742785.4 2396740, 742795.4 2396716, 742804.2 2396691, 742811.6 2396666, 742817.7 2396641, 742822.5 2396615, 742825.9 2396589, 742828 2396563, 742828.6 2396537))"
41,20260550,Forest,8188.0269814502535,88.83161082476238,1.7932636469221834,0,Dai,NA,NA,1,0,0,1821,236.59127340724933,1358.510706659697,898.0308837890625,10.850934028625488,268.18075329996117,38572.023010253906,55041.194915771484,0.06302980977190661,1,116,17195.35789489746,0.44579870468101407,0,0,1,0,-0.03174650983002691,-0.9994959525248774,9.01042824201882,4.4867425644094086,0.5840372261569906,"POLYGON ((720101.1 2423309, 720100.4 2423283, 720098.4 2423257, 720094.9 2423231, 720090.2 2423205, 720084.1 2423179, 720076.6 2423154, 720067.9 2423130, 720057.9 2423105, 720046.6 2423082, 720034.1 2423059, 720020.4 2423037, 720005.6 2423015, 719989.7 2422994, 719972.7 2422974, 719954.7 2422955, 719935.7 2422937, 719915.8 2422920, 719895 2422904, 719873.4 2422889, 719851.1 2422876, 719828.1 2422863, 719804.5 2422852, 719780.3 2422842, 719755.6 2422833, 719730.5 2422826, 719705.1 2422820, 719679.3 2422815, 719653.4 2422812, 719627.3 2422810, 719601.1 2422809, 719574.9 2422810, 719548.8 2422812, 719522.9 2422815, 719497.1 2422820, 719471.7 2422826, 719446.6 2422833, 719421.9 2422842, 719397.7 2422852, 719374.1 2422863, 719351.1 2422876, 719328.8 2422889, 719307.2 2422904, 719286.4 2422920, 719266.5 2422937, 719247.5 2422955, 719229.5 2422974, 719212.5 2422994, 719196.6 2423015, 719181.8 2423037, 719168.1 2423059, 719155.6 2423082, 719144.3 2423105, 719134.3 2423130, 719125.6 2423154, 719118.1 2423179, 719112 2423205, 719107.3 2423231, 719103.8 2423257, 719101.8 2423283, 719101.1 2423309, 719101.8 2423335, 719103.8 2423361, 719107.3 2423387, 719112 2423413, 719118.1 2423438, 719125.6 2423463, 719134.3 2423488, 719144.3 2423512, 719155.6 2423536, 719168.1 2423559, 719181.8 2423581, 719196.6 2423603, 719212.5 2423623, 719229.5 2423643, 719247.5 2423662, 719266.5 2423680, 719286.4 2423697, 719307.2 2423713, 719328.8 2423728, 719351.1 2423742, 719374.1 2423754, 719397.7 2423766, 719421.9 2423776, 719446.6 2423784, 719471.7 2423792, 719497.1 2423798, 719522.9 2423803, 719548.8 2423806, 719574.9 2423808, 719601.1 2423809, 719627.3 2423808, 719653.4 2423806, 719679.3 2423803, 719705.1 2423798, 719730.5 2423792, 719755.6 2423784, 719780.3 2423776, 719804.5 2423766, 719828.1 2423754, 719851.1 2423742, 719873.4 2423728, 719895 2423713, 719915.8 2423697, 719935.7 2423680, 719954.7 2423662, 719972.7 2423643, 719989.7 2423623, 720005.6 2423603, 720020.4 2423581, 720034.1 2423559, 720046.6 2423536, 720057.9 2423512, 720067.9 2423488, 720076.6 2423463, 720084.1 2423438, 720090.2 2423413, 720094.9 2423387, 720098.4 2423361, 720100.4 2423335, 720101.1 2423309))"
41,20260550,Forest,6109.060402684564,16.49307014828121,2.182649842271293,0,Dai,NA,NA,1,0,0,1861,13.582678273809542,218.65063940276076,870.76849365234375,8.270574569702148,263.80743891858657,743136.2731933594,0,0.7181577726388525,1,57,360938.8916015625,0.4856967754387202,55455.95283508301,0.07462420397914518,1,0,-0.10787028057553572,-0.9941649775407275,8.717528260092221,2.802940301672347,0.7805396626274846,"POLYGON ((718536.2 2477383, 718535.5 2477357, 718533.5 2477331, 718530 2477305, 718525.3 2477279, 718519.2 2477254, 718511.7 2477229, 718503 2477204, 718493 2477180, 718481.7 2477156, 718469.2 2477133, 718455.5 2477111, 718440.7 2477089, 718424.8 2477069, 718407.8 2477049, 718389.8 2477030, 718370.8 2477012, 718350.9 2476995, 718330.1 2476979, 718308.5 2476964, 718286.2 2476950, 718263.2 2476938, 718239.6 2476926, 718215.4 2476916, 718190.7 2476908, 718165.6 2476900, 718140.2 2476894, 718114.4 2476889, 718088.5 2476886, 718062.4 2476884, 718036.2 2476883, 718010 2476884, 717983.9 2476886, 717958 2476889, 717932.2 2476894, 717906.8 2476900, 717881.7 2476908, 717857 2476916, 717832.8 2476926, 717809.2 2476938, 717786.2 2476950, 717763.9 2476964, 717742.3 2476979, 717721.5 2476995, 717701.6 2477012, 717682.7 2477030, 717664.6 2477049, 717647.6 2477069, 717631.7 2477089, 717616.9 2477111, 717603.2 2477133, 717590.7 2477156, 717579.4 2477180, 717569.4 2477204, 717560.7 2477229, 717553.2 2477254, 717547.1 2477279, 717542.4 2477305, 717538.9 2477331, 717536.9 2477357, 717536.2 2477383, 717536.9 2477409, 717538.9 2477435, 717542.4 2477461, 717547.1 2477487, 717553.2 2477513, 717560.7 2477538, 717569.4 2477562, 717579.4 2477587, 717590.7 2477610, 717603.2 2477633, 717616.9 2477656, 717631.7 2477677, 717647.6 2477698, 717664.6 2477718, 717682.7 2477737, 717701.6 2477755, 717721.5 2477772, 717742.3 2477788, 717763.9 2477803, 717786.2 2477816, 717809.2 2477829, 717832.8 2477840, 717857 2477850, 717881.7 2477859, 717906.8 2477866, 717932.2 2477872, 717958 2477877, 717983.9 2477880, 718010 2477883, 718036.2 2477883, 718062.4 2477883, 718088.5 2477880, 718114.4 2477877, 718140.2 2477872, 718165.6 2477866, 718190.7 2477859, 718215.4 2477850, 718239.6 2477840, 718263.2 2477829, 718286.2 2477816, 718308.5 2477803, 718330.1 2477788, 718350.9 2477772, 718370.8 2477755, 718389.8 2477737, 718407.8 2477718, 718424.8 2477698, 718440.7 2477677, 718455.5 2477656, 718469.2 2477633, 718481.7 2477610, 718493 2477587, 718503 2477562, 718511.7 2477538, 718519.2 2477513, 718525.3 2477487, 718530 2477461, 718533.5 2477435, 718535.5 2477409, 718536.2 2477383))"
41,20260550,Forest,12077.571669477235,47.050868206321354,1.8036923076923077,0,Dai,NA,NA,1,0,0,1869,479.0516951760374,1053.9965209654115,569.1893310546875,4.978269100189209,209.78570261329358,11699.675559997559,35046.06742858887,0.785468233752748,1,7,11699.675559997559,1,0,0,1,0,-0.8678894394795746,-0.4967574064267485,9.39910543054279,3.851229318705374,0.5898358459470546,"POLYGON ((698998.4 2419607, 698997.8 2419581, 698995.7 2419555, 698992.3 2419529, 698987.5 2419503, 698981.4 2419478, 698974 2419453, 698965.2 2419428, 698955.2 2419404, 698943.9 2419380, 698931.5 2419357, 698917.8 2419335, 698902.9 2419313, 698887 2419292, 698870 2419272, 698852 2419254, 698833 2419235, 698813.1 2419218, 698792.3 2419203, 698770.8 2419188, 698748.4 2419174, 698725.4 2419162, 698701.8 2419150, 698677.6 2419140, 698652.9 2419132, 698627.9 2419124, 698602.4 2419118, 698576.7 2419113, 698550.7 2419110, 698524.6 2419108, 698498.4 2419107, 698472.3 2419108, 698446.2 2419110, 698420.2 2419113, 698394.5 2419118, 698369 2419124, 698343.9 2419132, 698319.3 2419140, 698295.1 2419150, 698271.4 2419162, 698248.4 2419174, 698226.1 2419188, 698204.5 2419203, 698183.8 2419218, 698163.9 2419235, 698144.9 2419254, 698126.9 2419272, 698109.9 2419292, 698093.9 2419313, 698079.1 2419335, 698065.4 2419357, 698052.9 2419380, 698041.7 2419404, 698031.7 2419428, 698022.9 2419453, 698015.5 2419478, 698009.4 2419503, 698004.6 2419529, 698001.2 2419555, 697999.1 2419581, 697998.4 2419607, 697999.1 2419633, 698001.2 2419659, 698004.6 2419685, 698009.4 2419711, 698015.5 2419736, 698022.9 2419762, 698031.7 2419786, 698041.7 2419810, 698052.9 2419834, 698065.4 2419857, 698079.1 2419879, 698093.9 2419901, 698109.9 2419922, 698126.9 2419942, 698144.9 2419961, 698163.9 2419979, 698183.8 2419996, 698204.5 2420012, 698226.1 2420026, 698248.4 2420040, 698271.4 2420053, 698295.1 2420064, 698319.3 2420074, 698343.9 2420083, 698369 2420090, 698394.5 2420096, 698420.2 2420101, 698446.2 2420104, 698472.3 2420106, 698498.4 2420107, 698524.6 2420106, 698550.7 2420104, 698576.7 2420101, 698602.4 2420096, 698627.9 2420090, 698652.9 2420083, 698677.6 2420074, 698701.8 2420064, 698725.4 2420053, 698748.4 2420040, 698770.8 2420026, 698792.3 2420012, 698813.1 2419996, 698833 2419979, 698852 2419961, 698870 2419942, 698887 2419922, 698902.9 2419901, 698917.8 2419879, 698931.5 2419857, 698943.9 2419834, 698955.2 2419810, 698965.2 2419786, 698974 2419762, 698981.4 2419736, 698987.5 2419711, 698992.3 2419685, 698995.7 2419659, 698997.8 2419633, 698998.4 2419607))"
41,20260550,Forest,7185.217391304348,124.03782797024019,3.332928679817906,0,Dai,NA,NA,1,0,0,2033,338.33906019011954,318.9227824592064,1201.0745849609375,2.9837934970855713,216.79445448898588,167713.70086669922,22555.896377563477,0.32738698323258486,1,15,0,0,16200,0.09659318181092401,1,0,-0.8007893451502498,-0.5989460949817054,8.879781054326026,4.820586583358523,1.2038514009022103,"POLYGON ((627040.8 2438074, 627040.1 2438047, 627038 2438021, 627034.6 2437995, 627029.9 2437970, 627023.7 2437944, 627016.3 2437919, 627007.6 2437894, 626997.6 2437870, 626986.3 2437847, 626973.8 2437824, 626960.1 2437801, 626945.3 2437780, 626929.4 2437759, 626912.4 2437739, 626894.3 2437720, 626875.3 2437702, 626855.4 2437685, 626834.7 2437669, 626813.1 2437654, 626790.8 2437641, 626767.8 2437628, 626744.1 2437617, 626720 2437607, 626695.3 2437598, 626670.2 2437591, 626644.7 2437585, 626619 2437580, 626593 2437576, 626566.9 2437574, 626540.8 2437574, 626514.6 2437574, 626488.5 2437576, 626462.6 2437580, 626436.8 2437585, 626411.4 2437591, 626386.3 2437598, 626361.6 2437607, 626337.4 2437617, 626313.8 2437628, 626290.8 2437641, 626268.5 2437654, 626246.9 2437669, 626226.1 2437685, 626206.2 2437702, 626187.2 2437720, 626169.2 2437739, 626152.2 2437759, 626136.3 2437780, 626121.4 2437801, 626107.8 2437824, 626095.3 2437847, 626084 2437870, 626074 2437894, 626065.3 2437919, 626057.8 2437944, 626051.7 2437970, 626046.9 2437995, 626043.5 2438021, 626041.5 2438047, 626040.8 2438074, 626041.5 2438100, 626043.5 2438126, 626046.9 2438152, 626051.7 2438178, 626057.8 2438203, 626065.3 2438228, 626074 2438253, 626084 2438277, 626095.3 2438301, 626107.8 2438324, 626121.4 2438346, 626136.3 2438367, 626152.2 2438388, 626169.2 2438408, 626187.2 2438427, 626206.2 2438445, 626226.1 2438462, 626246.9 2438478, 626268.5 2438493, 626290.8 2438507, 626313.8 2438519, 626337.4 2438530, 626361.6 2438540, 626386.3 2438549, 626411.4 2438557, 626436.8 2438563, 626462.6 2438567, 626488.5 2438571, 626514.6 2438573, 626540.8 2438574, 626566.9 2438573, 626593 2438571, 626619 2438567, 626644.7 2438563, 626670.2 2438557, 626695.3 2438549, 626720 2438540, 626744.1 2438530, 626767.8 2438519, 626790.8 2438507, 626813.1 2438493, 626834.7 2438478, 626855.4 2438462, 626875.3 2438445, 626894.3 2438427, 626912.4 2438408, 626929.4 2438388, 626945.3 2438367, 626960.1 2438346, 626973.8 2438324, 626986.3 2438301, 626997.6 2438277, 627007.6 2438253, 627016.3 2438228, 627023.7 2438203, 627029.9 2438178, 627034.6 2438152, 627038 2438126, 627040.1 2438100, 627040.8 2438074))"
41,20260550,Forest,5300,11.357870574345577,3.2247191011235956,0,Dai,NA,NA,1,0,0,2038,733.6946943635099,492.57349372094916,743.21832275390625,8.250333786010742,325.1148653791163,3261.0902309417725,0,0.38528785524616077,1,42,3261.0902309417725,1,0,0,1,0,0.820300291406407,-0.5719330659426535,8.575462099540212,2.4299109462807524,1.1708458460274813,"POLYGON ((736308 2350414, 736307.3 2350388, 736305.2 2350362, 736301.8 2350336, 736297 2350310, 736290.9 2350285, 736283.5 2350259, 736274.7 2350235, 736264.7 2350211, 736253.5 2350187, 736241 2350164, 736227.3 2350142, 736212.5 2350120, 736196.5 2350099, 736179.5 2350079, 736161.5 2350060, 736142.5 2350042, 736122.6 2350025, 736101.9 2350009, 736080.3 2349995, 736058 2349981, 736035 2349968, 736011.3 2349957, 735987.1 2349947, 735962.5 2349938, 735937.4 2349931, 735911.9 2349925, 735886.2 2349920, 735860.2 2349917, 735834.1 2349915, 735808 2349914, 735781.8 2349915, 735755.7 2349917, 735729.7 2349920, 735704 2349925, 735678.5 2349931, 735653.5 2349938, 735628.8 2349947, 735604.6 2349957, 735581 2349968, 735558 2349981, 735535.6 2349995, 735514.1 2350009, 735493.3 2350025, 735473.4 2350042, 735454.4 2350060, 735436.4 2350079, 735419.4 2350099, 735403.5 2350120, 735388.6 2350142, 735374.9 2350164, 735362.5 2350187, 735351.2 2350211, 735341.2 2350235, 735332.4 2350259, 735325 2350285, 735318.9 2350310, 735314.1 2350336, 735310.7 2350362, 735308.6 2350388, 735308 2350414, 735308.6 2350440, 735310.7 2350466, 735314.1 2350492, 735318.9 2350518, 735325 2350543, 735332.4 2350568, 735341.2 2350593, 735351.2 2350617, 735362.5 2350641, 735374.9 2350664, 735388.6 2350686, 735403.5 2350708, 735419.4 2350729, 735436.4 2350749, 735454.4 2350768, 735473.4 2350786, 735493.3 2350803, 735514.1 2350818, 735535.6 2350833, 735558 2350847, 735581 2350859, 735604.6 2350871, 735628.8 2350881, 735653.5 2350889, 735678.5 2350897, 735704 2350903, 735729.7 2350908, 735755.7 2350911, 735781.8 2350913, 735808 2350914, 735834.1 2350913, 735860.2 2350911, 735886.2 2350908, 735911.9 2350903, 735937.4 2350897, 735962.5 2350889, 735987.1 2350881, 736011.3 2350871, 736035 2350859, 736058 2350847, 736080.3 2350833, 736101.9 2350818, 736122.6 2350803, 736142.5 2350786, 736161.5 2350768, 736179.5 2350749, 736196.5 2350729, 736212.5 2350708, 736227.3 2350686, 736241 2350664, 736253.5 2350641, 736264.7 2350617, 736274.7 2350593, 736283.5 2350568, 736290.9 2350543, 736297 2350518, 736301.8 2350492, 736305.2 2350466, 736307.3 2350440, 736308 2350414))"
41,20260550,Forest,7204.347826086957,146.16778988586938,2.8947116535056234,0,Dai,NA,NA,1,0,0,2158,65.80204190616047,149.96387216836334,1202.24365234375,2.654589891433716,110.80596025127693,152828.3660888672,10115.367221832275,0.3769738107161807,1,118,0,0,33039.6240234375,0.21618777239446177,1,0,-0.35520420667083524,0.9347887309779374,8.882439987485505,4.984755207624541,1.062885504511933,"POLYGON ((623726.8 2437583, 623726.1 2437557, 623724 2437531, 623720.6 2437505, 623715.8 2437479, 623709.7 2437454, 623702.3 2437428, 623693.6 2437404, 623683.5 2437380, 623672.3 2437356, 623659.8 2437333, 623646.1 2437311, 623631.3 2437289, 623615.3 2437268, 623598.3 2437248, 623580.3 2437229, 623561.3 2437211, 623541.4 2437194, 623520.7 2437178, 623499.1 2437164, 623476.8 2437150, 623453.8 2437137, 623430.1 2437126, 623405.9 2437116, 623381.3 2437107, 623356.2 2437100, 623330.7 2437094, 623305 2437089, 623279 2437086, 623252.9 2437084, 623226.8 2437083, 623200.6 2437084, 623174.5 2437086, 623148.5 2437089, 623122.8 2437094, 623097.4 2437100, 623072.3 2437107, 623047.6 2437116, 623023.4 2437126, 622999.8 2437137, 622976.8 2437150, 622954.4 2437164, 622932.9 2437178, 622912.1 2437194, 622892.2 2437211, 622873.2 2437229, 622855.2 2437248, 622838.2 2437268, 622822.3 2437289, 622807.4 2437311, 622793.8 2437333, 622781.3 2437356, 622770 2437380, 622760 2437404, 622751.2 2437428, 622743.8 2437454, 622737.7 2437479, 622732.9 2437505, 622729.5 2437531, 622727.4 2437557, 622726.8 2437583, 622727.4 2437609, 622729.5 2437635, 622732.9 2437661, 622737.7 2437687, 622743.8 2437712, 622751.2 2437737, 622760 2437762, 622770 2437786, 622781.3 2437810, 622793.8 2437833, 622807.4 2437855, 622822.3 2437877, 622838.2 2437898, 622855.2 2437918, 622873.2 2437937, 622892.2 2437955, 622912.1 2437972, 622932.9 2437987, 622954.4 2438002, 622976.8 2438016, 622999.8 2438028, 623023.4 2438040, 623047.6 2438050, 623072.3 2438059, 623097.4 2438066, 623122.8 2438072, 623148.5 2438077, 623174.5 2438080, 623200.6 2438082, 623226.8 2438083, 623252.9 2438082, 623279 2438080, 623305 2438077, 623330.7 2438072, 623356.2 2438066, 623381.3 2438059, 623405.9 2438050, 623430.1 2438040, 623453.8 2438028, 623476.8 2438016, 623499.1 2438002, 623520.7 2437987, 623541.4 2437972, 623561.3 2437955, 623580.3 2437937, 623598.3 2437918, 623615.3 2437898, 623631.3 2437877, 623646.1 2437855, 623659.8 2437833, 623672.3 2437810, 623683.5 2437786, 623693.6 2437762, 623702.3 2437737, 623709.7 2437712, 623715.8 2437687, 623720.6 2437661, 623724 2437635, 623726.1 2437609, 623726.8 2437583))"
41,20260550,Forest,8188.0269814502535,88.83161082476238,1.7932636469221834,0,Dai,NA,NA,1,0,0,2269,375.57999375259703,396.8313847382756,940.21514892578125,11.669087409973145,20.347740196643798,275153.5217285156,15115.112113952637,0.09897654171467261,1,93,1800,0.006541802513347429,0,0,1,0,0.9375995340967667,0.34771700226121544,9.01042824201882,4.4867425644094086,0.5840372261569906,"POLYGON ((720086.8 2421603, 720086.1 2421576, 720084.1 2421550, 720080.7 2421524, 720075.9 2421499, 720069.8 2421473, 720062.3 2421448, 720053.6 2421423, 720043.6 2421399, 720032.3 2421376, 720019.8 2421353, 720006.2 2421330, 719991.3 2421309, 719975.4 2421288, 719958.4 2421268, 719940.4 2421249, 719921.4 2421231, 719901.5 2421214, 719880.7 2421198, 719859.1 2421183, 719836.8 2421170, 719813.8 2421157, 719790.2 2421146, 719766 2421136, 719741.3 2421127, 719716.2 2421120, 719690.8 2421114, 719665 2421109, 719639.1 2421105, 719613 2421103, 719586.8 2421103, 719560.7 2421103, 719534.6 2421105, 719508.6 2421109, 719482.9 2421114, 719457.4 2421120, 719432.3 2421127, 719407.6 2421136, 719383.5 2421146, 719359.8 2421157, 719336.8 2421170, 719314.5 2421183, 719292.9 2421198, 719272.2 2421214, 719252.3 2421231, 719233.3 2421249, 719215.2 2421268, 719198.2 2421288, 719182.3 2421309, 719167.5 2421330, 719153.8 2421353, 719141.3 2421376, 719130 2421399, 719120 2421423, 719111.3 2421448, 719103.9 2421473, 719097.7 2421499, 719093 2421524, 719089.6 2421550, 719087.5 2421576, 719086.8 2421603, 719087.5 2421629, 719089.6 2421655, 719093 2421681, 719097.7 2421707, 719103.9 2421732, 719111.3 2421757, 719120 2421782, 719130 2421806, 719141.3 2421830, 719153.8 2421853, 719167.5 2421875, 719182.3 2421896, 719198.2 2421917, 719215.2 2421937, 719233.3 2421956, 719252.3 2421974, 719272.2 2421991, 719292.9 2422007, 719314.5 2422022, 719336.8 2422036, 719359.8 2422048, 719383.5 2422059, 719407.6 2422069, 719432.3 2422078, 719457.4 2422086, 719482.9 2422092, 719508.6 2422096, 719534.6 2422100, 719560.7 2422102, 719586.8 2422103, 719613 2422102, 719639.1 2422100, 719665 2422096, 719690.8 2422092, 719716.2 2422086, 719741.3 2422078, 719766 2422069, 719790.2 2422059, 719813.8 2422048, 719836.8 2422036, 719859.1 2422022, 719880.7 2422007, 719901.5 2421991, 719921.4 2421974, 719940.4 2421956, 719958.4 2421937, 719975.4 2421917, 719991.3 2421896, 720006.2 2421875, 720019.8 2421853, 720032.3 2421830, 720043.6 2421806, 720053.6 2421782, 720062.3 2421757, 720069.8 2421732, 720075.9 2421707, 720080.7 2421681, 720084.1 2421655, 720086.1 2421629, 720086.8 2421603))"
41,20260550,Forest,7826.956521739131,214.29487428046653,4.8661487899611595,0,Dai,NA,NA,1,0,0,2332,12.680683412449543,420.5519624911448,1183.0194091796875,2.667489528656006,241.85697104721783,30296.04606628418,21456.472206115723,0.4630244163832004,1,37,0,0,3333.319330215454,0.11002489641461939,1,0,-0.47167422287420624,-0.8817728888302325,8.965329018881926,5.367352983763554,1.5823028213622343,"POLYGON ((637457 2428644, 637456.3 2428618, 637454.3 2428591, 637450.9 2428566, 637446.1 2428540, 637440 2428514, 637432.5 2428489, 637423.8 2428465, 637413.8 2428440, 637402.5 2428417, 637390 2428394, 637376.4 2428371, 637361.5 2428350, 637345.6 2428329, 637328.6 2428309, 637310.6 2428290, 637291.6 2428272, 637271.7 2428255, 637250.9 2428239, 637229.3 2428224, 637207 2428211, 637184 2428198, 637160.4 2428187, 637136.2 2428177, 637111.5 2428168, 637086.4 2428161, 637061 2428155, 637035.2 2428150, 637009.3 2428146, 636983.2 2428144, 636957 2428144, 636930.9 2428144, 636904.8 2428146, 636878.8 2428150, 636853.1 2428155, 636827.6 2428161, 636802.5 2428168, 636777.8 2428177, 636753.7 2428187, 636730 2428198, 636707 2428211, 636684.7 2428224, 636663.1 2428239, 636642.4 2428255, 636622.5 2428272, 636603.5 2428290, 636585.4 2428309, 636568.4 2428329, 636552.5 2428350, 636537.7 2428371, 636524 2428394, 636511.5 2428417, 636500.2 2428440, 636490.2 2428465, 636481.5 2428489, 636474.1 2428514, 636467.9 2428540, 636463.2 2428566, 636459.8 2428591, 636457.7 2428618, 636457 2428644, 636457.7 2428670, 636459.8 2428696, 636463.2 2428722, 636467.9 2428748, 636474.1 2428773, 636481.5 2428798, 636490.2 2428823, 636500.2 2428847, 636511.5 2428871, 636524 2428894, 636537.7 2428916, 636552.5 2428938, 636568.4 2428958, 636585.4 2428978, 636603.5 2428997, 636622.5 2429015, 636642.4 2429032, 636663.1 2429048, 636684.7 2429063, 636707 2429077, 636730 2429089, 636753.7 2429101, 636777.8 2429111, 636802.5 2429119, 636827.6 2429127, 636853.1 2429133, 636878.8 2429138, 636904.8 2429141, 636930.9 2429143, 636957 2429144, 636983.2 2429143, 637009.3 2429141, 637035.2 2429138, 637061 2429133, 637086.4 2429127, 637111.5 2429119, 637136.2 2429111, 637160.4 2429101, 637184 2429089, 637207 2429077, 637229.3 2429063, 637250.9 2429048, 637271.7 2429032, 637291.6 2429015, 637310.6 2428997, 637328.6 2428978, 637345.6 2428958, 637361.5 2428938, 637376.4 2428916, 637390 2428894, 637402.5 2428871, 637413.8 2428847, 637423.8 2428823, 637432.5 2428798, 637440 2428773, 637446.1 2428748, 637450.9 2428722, 637454.3 2428696, 637456.3 2428670, 637457 2428644))"
41,20260550,Forest,4729.178800232964,28.284346991989317,25.912513445679455,0,Dai,NA,NA,1,0,0,2370,150.71306444099557,1231.8760181212062,1207.688232421875,8.17305850982666,192.97540133316423,785039.3371582031,0,0.02344015343384666,1,105,0,0,0,0,1,0,-0.974466552708252,-0.22453270953893462,8.461506851240385,3.3423085418038267,3.2547259966495377,"POLYGON ((693056.6 2483571, 693055.9 2483545, 693053.8 2483519, 693050.4 2483493, 693045.7 2483467, 693039.5 2483442, 693032.1 2483417, 693023.4 2483392, 693013.4 2483368, 693002.1 2483344, 692989.6 2483321, 692975.9 2483299, 692961.1 2483277, 692945.2 2483256, 692928.2 2483236, 692910.1 2483217, 692891.1 2483199, 692871.2 2483182, 692850.5 2483167, 692828.9 2483152, 692806.6 2483138, 692783.6 2483126, 692759.9 2483114, 692735.8 2483104, 692711.1 2483096, 692686 2483088, 692660.5 2483082, 692634.8 2483077, 692608.8 2483074, 692582.7 2483072, 692556.6 2483071, 692530.4 2483072, 692504.3 2483074, 692478.4 2483077, 692452.6 2483082, 692427.2 2483088, 692402.1 2483096, 692377.4 2483104, 692353.2 2483114, 692329.6 2483126, 692306.6 2483138, 692284.3 2483152, 692262.7 2483167, 692241.9 2483182, 692222 2483199, 692203 2483217, 692185 2483236, 692168 2483256, 692152.1 2483277, 692137.2 2483299, 692123.6 2483321, 692111.1 2483344, 692099.8 2483368, 692089.8 2483392, 692081 2483417, 692073.6 2483442, 692067.5 2483467, 692062.7 2483493, 692059.3 2483519, 692057.3 2483545, 692056.6 2483571, 692057.3 2483597, 692059.3 2483623, 692062.7 2483649, 692067.5 2483675, 692073.6 2483700, 692081 2483726, 692089.8 2483750, 692099.8 2483774, 692111.1 2483798, 692123.6 2483821, 692137.2 2483843, 692152.1 2483865, 692168 2483886, 692185 2483906, 692203 2483925, 692222 2483943, 692241.9 2483960, 692262.7 2483976, 692284.3 2483990, 692306.6 2484004, 692329.6 2484017, 692353.2 2484028, 692377.4 2484038, 692402.1 2484047, 692427.2 2484054, 692452.6 2484060, 692478.4 2484065, 692504.3 2484068, 692530.4 2484070, 692556.6 2484071, 692582.7 2484070, 692608.8 2484068, 692634.8 2484065, 692660.5 2484060, 692686 2484054, 692711.1 2484047, 692735.8 2484038, 692759.9 2484028, 692783.6 2484017, 692806.6 2484004, 692828.9 2483990, 692850.5 2483976, 692871.2 2483960, 692891.1 2483943, 692910.1 2483925, 692928.2 2483906, 692945.2 2483886, 692961.1 2483865, 692975.9 2483843, 692989.6 2483821, 693002.1 2483798, 693013.4 2483774, 693023.4 2483750, 693032.1 2483726, 693039.5 2483700, 693045.7 2483675, 693050.4 2483649, 693053.8 2483623, 693055.9 2483597, 693056.6 2483571))"
41,20260550,Forest,6109.060402684564,16.49307014828121,2.182649842271293,0,Dai,NA,NA,1,0,0,2531,45.272853394609264,999.4184330185267,891.27044677734375,2.9971702098846436,13.180181482812804,22834.176635742188,142960.4736328125,0.41551865099088087,1,46,2700,0.11824380808956815,19234.176635742188,0.8423415892139091,1,0,0.9736578308248629,0.2280140970936284,8.717528260092221,2.802940301672347,0.7805396626274846,"POLYGON ((716168.4 2486889, 716167.7 2486863, 716165.7 2486837, 716162.2 2486811, 716157.5 2486785, 716151.4 2486760, 716143.9 2486735, 716135.2 2486710, 716125.2 2486686, 716113.9 2486662, 716101.4 2486639, 716087.7 2486617, 716072.9 2486595, 716057 2486574, 716040 2486555, 716022 2486536, 716003 2486518, 715983.1 2486501, 715962.3 2486485, 715940.7 2486470, 715918.4 2486456, 715895.4 2486444, 715871.8 2486432, 715847.6 2486422, 715822.9 2486414, 715797.8 2486406, 715772.4 2486400, 715746.6 2486395, 715720.7 2486392, 715694.6 2486390, 715668.4 2486389, 715642.2 2486390, 715616.1 2486392, 715590.2 2486395, 715564.4 2486400, 715539 2486406, 715513.9 2486414, 715489.2 2486422, 715465 2486432, 715441.4 2486444, 715418.4 2486456, 715396.1 2486470, 715374.5 2486485, 715353.7 2486501, 715333.8 2486518, 715314.8 2486536, 715296.8 2486555, 715279.8 2486574, 715263.9 2486595, 715249.1 2486617, 715235.4 2486639, 715222.9 2486662, 715211.6 2486686, 715201.6 2486710, 715192.9 2486735, 715185.4 2486760, 715179.3 2486785, 715174.6 2486811, 715171.1 2486837, 715169.1 2486863, 715168.4 2486889, 715169.1 2486915, 715171.1 2486941, 715174.6 2486967, 715179.3 2486993, 715185.4 2487019, 715192.9 2487044, 715201.6 2487068, 715211.6 2487092, 715222.9 2487116, 715235.4 2487139, 715249.1 2487161, 715263.9 2487183, 715279.8 2487204, 715296.8 2487224, 715314.8 2487243, 715333.8 2487261, 715353.7 2487278, 715374.5 2487294, 715396.1 2487308, 715418.4 2487322, 715441.4 2487335, 715465 2487346, 715489.2 2487356, 715513.9 2487365, 715539 2487372, 715564.4 2487378, 715590.2 2487383, 715616.1 2487386, 715642.2 2487388, 715668.4 2487389, 715694.6 2487388, 715720.7 2487386, 715746.6 2487383, 715772.4 2487378, 715797.8 2487372, 715822.9 2487365, 715847.6 2487356, 715871.8 2487346, 715895.4 2487335, 715918.4 2487322, 715940.7 2487308, 715962.3 2487294, 715983.1 2487278, 716003 2487261, 716022 2487243, 716040 2487224, 716057 2487204, 716072.9 2487183, 716087.7 2487161, 716101.4 2487139, 716113.9 2487116, 716125.2 2487092, 716135.2 2487068, 716143.9 2487044, 716151.4 2487019, 716157.5 2486993, 716162.2 2486967, 716165.7 2486941, 716167.7 2486915, 716168.4 2486889))"
41,20260550,Forest,7781.739130434783,93.74461428755224,2.279844357976654,0,Dai,NA,NA,1,0,0,2547,108.93414245299212,1280.6643273929913,1183.87109375,0.4321492612361908,38.09234699818289,13644.863319396973,0,0.0767965304938404,1,92,0,0,13644.863319396973,1,1,0,0.7870174324720682,0.6169307586634609,8.9595351308077,4.540574215600901,0.8241071765909261,"POLYGON ((629747.2 2434426, 629746.5 2434400, 629744.4 2434374, 629741 2434348, 629736.3 2434322, 629730.1 2434297, 629722.7 2434271, 629714 2434247, 629704 2434223, 629692.7 2434199, 629680.2 2434176, 629666.5 2434154, 629651.7 2434132, 629635.8 2434111, 629618.8 2434091, 629600.7 2434072, 629581.7 2434054, 629561.8 2434037, 629541.1 2434021, 629519.5 2434007, 629497.2 2433993, 629474.2 2433980, 629450.6 2433969, 629426.4 2433959, 629401.7 2433950, 629376.6 2433943, 629351.1 2433937, 629325.4 2433932, 629299.4 2433929, 629273.4 2433927, 629247.2 2433926, 629221 2433927, 629194.9 2433929, 629169 2433932, 629143.2 2433937, 629117.8 2433943, 629092.7 2433950, 629068 2433959, 629043.8 2433969, 629020.2 2433980, 628997.2 2433993, 628974.9 2434007, 628953.3 2434021, 628932.5 2434037, 628912.6 2434054, 628893.6 2434072, 628875.6 2434091, 628858.6 2434111, 628842.7 2434132, 628827.8 2434154, 628814.2 2434176, 628801.7 2434199, 628790.4 2434223, 628780.4 2434247, 628771.7 2434271, 628764.2 2434297, 628758.1 2434322, 628753.3 2434348, 628749.9 2434374, 628747.9 2434400, 628747.2 2434426, 628747.9 2434452, 628749.9 2434478, 628753.3 2434504, 628758.1 2434530, 628764.2 2434555, 628771.7 2434580, 628780.4 2434605, 628790.4 2434629, 628801.7 2434653, 628814.2 2434676, 628827.8 2434698, 628842.7 2434720, 628858.6 2434741, 628875.6 2434761, 628893.6 2434779, 628912.6 2434798, 628932.5 2434815, 628953.3 2434830, 628974.9 2434845, 628997.2 2434859, 629020.2 2434871, 629043.8 2434883, 629068 2434893, 629092.7 2434901, 629117.8 2434909, 629143.2 2434915, 629169 2434920, 629194.9 2434923, 629221 2434925, 629247.2 2434926, 629273.4 2434925, 629299.4 2434923, 629325.4 2434920, 629351.1 2434915, 629376.6 2434909, 629401.7 2434901, 629426.4 2434893, 629450.6 2434883, 629474.2 2434871, 629497.2 2434859, 629519.5 2434845, 629541.1 2434830, 629561.8 2434815, 629581.7 2434798, 629600.7 2434779, 629618.8 2434761, 629635.8 2434741, 629651.7 2434720, 629666.5 2434698, 629680.2 2434676, 629692.7 2434653, 629704 2434629, 629714 2434605, 629722.7 2434580, 629730.1 2434555, 629736.3 2434530, 629741 2434504, 629744.4 2434478, 629746.5 2434452, 629747.2 2434426))"
41,20260550,Forest,7781.739130434783,93.74461428755224,2.279844357976654,0,Dai,NA,NA,1,0,0,2609,1.3602027624263477,535.5099458324069,1181.3280029296875,1.175777792930603,91.01266251240739,6451.949501037598,900,0.3088446578948549,1,98,0,0,4007.0516109466553,0.6210605973128346,1,0,-0.01767337488260576,0.9998438137130513,8.9595351308077,4.540574215600901,0.8241071765909261,"POLYGON ((631618.2 2432838, 631617.5 2432812, 631615.5 2432786, 631612 2432760, 631607.3 2432734, 631601.2 2432708, 631593.7 2432683, 631585 2432659, 631575 2432634, 631563.7 2432611, 631551.2 2432588, 631537.5 2432566, 631522.7 2432544, 631506.8 2432523, 631489.8 2432503, 631471.7 2432484, 631452.8 2432466, 631432.9 2432449, 631412.1 2432433, 631390.5 2432419, 631368.2 2432405, 631345.2 2432392, 631321.6 2432381, 631297.4 2432371, 631272.7 2432362, 631247.6 2432355, 631222.1 2432349, 631196.4 2432344, 631170.5 2432341, 631144.4 2432339, 631118.2 2432338, 631092 2432339, 631065.9 2432341, 631040 2432344, 631014.2 2432349, 630988.8 2432355, 630963.7 2432362, 630939 2432371, 630914.8 2432381, 630891.2 2432392, 630868.2 2432405, 630845.9 2432419, 630824.3 2432433, 630803.5 2432449, 630783.6 2432466, 630764.6 2432484, 630746.6 2432503, 630729.6 2432523, 630713.7 2432544, 630698.9 2432566, 630685.2 2432588, 630672.7 2432611, 630661.4 2432634, 630651.4 2432659, 630642.7 2432683, 630635.2 2432708, 630629.1 2432734, 630624.3 2432760, 630620.9 2432786, 630618.9 2432812, 630618.2 2432838, 630618.9 2432864, 630620.9 2432890, 630624.3 2432916, 630629.1 2432942, 630635.2 2432967, 630642.7 2432992, 630651.4 2433017, 630661.4 2433041, 630672.7 2433065, 630685.2 2433088, 630698.9 2433110, 630713.7 2433132, 630729.6 2433153, 630746.6 2433172, 630764.6 2433191, 630783.6 2433209, 630803.5 2433226, 630824.3 2433242, 630845.9 2433257, 630868.2 2433271, 630891.2 2433283, 630914.8 2433295, 630939 2433305, 630963.7 2433313, 630988.8 2433321, 631014.2 2433327, 631040 2433332, 631065.9 2433335, 631092 2433337, 631118.2 2433338, 631144.4 2433337, 631170.5 2433335, 631196.4 2433332, 631222.1 2433327, 631247.6 2433321, 631272.7 2433313, 631297.4 2433305, 631321.6 2433295, 631345.2 2433283, 631368.2 2433271, 631390.5 2433257, 631412.1 2433242, 631432.9 2433226, 631452.8 2433209, 631471.7 2433191, 631489.8 2433172, 631506.8 2433153, 631522.7 2433132, 631537.5 2433110, 631551.2 2433088, 631563.7 2433065, 631575 2433041, 631585 2433017, 631593.7 2432992, 631601.2 2432967, 631607.3 2432942, 631612 2432916, 631615.5 2432890, 631617.5 2432864, 631618.2 2432838))"
41,20260550,Forest,7708.695652173914,237.2321719678974,3.3891168599464763,0,Dai,NA,NA,1,0,0,2684,61.228236725098924,743.9511276334898,1194.4390869140625,1.6512367725372314,125.4370097603269,44979.39033508301,0,0.21065482733386687,1,94,0,0,15323.023223876953,0.3406676504444594,1,0,-0.5798075768757658,0.8147534435628075,8.95010427613315,5.46903929016875,1.2205693741627521,"POLYGON ((629115.1 2427033, 629114.4 2427006, 629112.4 2426980, 629109 2426954, 629104.2 2426929, 629098.1 2426903, 629090.7 2426878, 629081.9 2426853, 629071.9 2426829, 629060.6 2426806, 629048.1 2426783, 629034.5 2426760, 629019.6 2426739, 629003.7 2426718, 628986.7 2426698, 628968.7 2426679, 628949.7 2426661, 628929.8 2426644, 628909 2426628, 628887.5 2426613, 628865.1 2426600, 628842.1 2426587, 628818.5 2426576, 628794.3 2426566, 628769.6 2426557, 628744.5 2426550, 628719.1 2426543, 628693.4 2426539, 628667.4 2426535, 628641.3 2426533, 628615.1 2426533, 628589 2426533, 628562.9 2426535, 628536.9 2426539, 628511.2 2426543, 628485.7 2426550, 628460.6 2426557, 628435.9 2426566, 628411.8 2426576, 628388.1 2426587, 628365.1 2426600, 628342.8 2426613, 628321.2 2426628, 628300.5 2426644, 628280.6 2426661, 628261.6 2426679, 628243.6 2426698, 628226.6 2426718, 628210.6 2426739, 628195.8 2426760, 628182.1 2426783, 628169.6 2426806, 628158.4 2426829, 628148.3 2426853, 628139.6 2426878, 628132.2 2426903, 628126.1 2426929, 628121.3 2426954, 628117.9 2426980, 628115.8 2427006, 628115.1 2427033, 628115.8 2427059, 628117.9 2427085, 628121.3 2427111, 628126.1 2427136, 628132.2 2427162, 628139.6 2427187, 628148.3 2427212, 628158.4 2427236, 628169.6 2427260, 628182.1 2427283, 628195.8 2427305, 628210.6 2427326, 628226.6 2427347, 628243.6 2427367, 628261.6 2427386, 628280.6 2427404, 628300.5 2427421, 628321.2 2427437, 628342.8 2427452, 628365.1 2427466, 628388.1 2427478, 628411.8 2427489, 628435.9 2427499, 628460.6 2427508, 628485.7 2427515, 628511.2 2427522, 628536.9 2427526, 628562.9 2427530, 628589 2427532, 628615.1 2427533, 628641.3 2427532, 628667.4 2427530, 628693.4 2427526, 628719.1 2427522, 628744.5 2427515, 628769.6 2427508, 628794.3 2427499, 628818.5 2427489, 628842.1 2427478, 628865.1 2427466, 628887.5 2427452, 628909 2427437, 628929.8 2427421, 628949.7 2427404, 628968.7 2427386, 628986.7 2427367, 629003.7 2427347, 629019.6 2427326, 629034.5 2427305, 629048.1 2427283, 629060.6 2427260, 629071.9 2427236, 629081.9 2427212, 629090.7 2427187, 629098.1 2427162, 629104.2 2427136, 629109 2427111, 629112.4 2427085, 629114.4 2427059, 629115.1 2427033))"
41,20260550,Forest,4468,96.47661604022574,2.467409608717187,0,Dai,NA,NA,1,0,0,2745,1247.3629596465248,1355.0589909846915,605.465087890625,8.511492729187012,292.17992652839024,5360.514450073242,56737.9508972168,0.11476866520983273,1,43,5360.514450073242,1,0,0,1,0,0.3775163865694878,-0.9260029038137607,8.404696160189092,4.5693006581538285,0.9031688589157757,"POLYGON ((739489.3 2364877, 739488.6 2364851, 739486.6 2364824, 739483.2 2364799, 739478.4 2364773, 739472.3 2364747, 739464.8 2364722, 739456.1 2364698, 739446.1 2364673, 739434.8 2364650, 739422.3 2364627, 739408.6 2364604, 739393.8 2364583, 739377.9 2364562, 739360.9 2364542, 739342.9 2364523, 739323.9 2364505, 739304 2364488, 739283.2 2364472, 739261.6 2364457, 739239.3 2364444, 739216.3 2364431, 739192.7 2364420, 739168.5 2364410, 739143.8 2364401, 739118.7 2364394, 739093.3 2364388, 739067.5 2364383, 739041.6 2364379, 739015.5 2364377, 738989.3 2364377, 738963.1 2364377, 738937 2364379, 738911.1 2364383, 738885.4 2364388, 738859.9 2364394, 738834.8 2364401, 738810.1 2364410, 738785.9 2364420, 738762.3 2364431, 738739.3 2364444, 738717 2364457, 738695.4 2364472, 738674.6 2364488, 738654.7 2364505, 738635.8 2364523, 738617.7 2364542, 738600.7 2364562, 738584.8 2364583, 738570 2364604, 738556.3 2364627, 738543.8 2364650, 738532.5 2364673, 738522.5 2364698, 738513.8 2364722, 738506.3 2364747, 738500.2 2364773, 738495.5 2364799, 738492 2364824, 738490 2364851, 738489.3 2364877, 738490 2364903, 738492 2364929, 738495.5 2364955, 738500.2 2364981, 738506.3 2365006, 738513.8 2365031, 738522.5 2365056, 738532.5 2365080, 738543.8 2365104, 738556.3 2365127, 738570 2365149, 738584.8 2365171, 738600.7 2365191, 738617.7 2365211, 738635.8 2365230, 738654.7 2365248, 738674.6 2365265, 738695.4 2365281, 738717 2365296, 738739.3 2365310, 738762.3 2365322, 738785.9 2365333, 738810.1 2365344, 738834.8 2365352, 738859.9 2365360, 738885.4 2365366, 738911.1 2365371, 738937 2365374, 738963.1 2365376, 738989.3 2365377, 739015.5 2365376, 739041.6 2365374, 739067.5 2365371, 739093.3 2365366, 739118.7 2365360, 739143.8 2365352, 739168.5 2365344, 739192.7 2365333, 739216.3 2365322, 739239.3 2365310, 739261.6 2365296, 739283.2 2365281, 739304 2365265, 739323.9 2365248, 739342.9 2365230, 739360.9 2365211, 739377.9 2365191, 739393.8 2365171, 739408.6 2365149, 739422.3 2365127, 739434.8 2365104, 739446.1 2365080, 739456.1 2365056, 739464.8 2365031, 739472.3 2365006, 739478.4 2364981, 739483.2 2364955, 739486.6 2364929, 739488.6 2364903, 739489.3 2364877))"
41,20260550,Forest,4740.827023878858,28.393067437574942,2.9508196721311477,0,Dai,NA,NA,1,0,0,2751,299.31960218883137,1046.6291486724947,1064.6787109375,9.495576858520508,285.36346409020047,779473.1140136719,0,0.04482293565914812,1,20,0,0,44100,0.0565766787938583,1,0,0.26494128696888125,-0.9642645458893907,8.463966877081248,3.346145011058112,1.0820829867168993,"POLYGON ((678189.3 2480177, 678188.6 2480150, 678186.5 2480124, 678183.1 2480098, 678178.3 2480073, 678172.2 2480047, 678164.8 2480022, 678156 2479997, 678146 2479973, 678134.8 2479950, 678122.3 2479927, 678108.6 2479904, 678093.8 2479883, 678077.8 2479862, 678060.8 2479842, 678042.8 2479823, 678023.8 2479805, 678003.9 2479788, 677983.2 2479772, 677961.6 2479757, 677939.3 2479744, 677916.3 2479731, 677892.6 2479720, 677868.4 2479710, 677843.8 2479701, 677818.7 2479694, 677793.2 2479687, 677767.5 2479683, 677741.5 2479679, 677715.4 2479677, 677689.3 2479677, 677663.1 2479677, 677637 2479679, 677611 2479683, 677585.3 2479687, 677559.8 2479694, 677534.7 2479701, 677510.1 2479710, 677485.9 2479720, 677462.3 2479731, 677439.3 2479744, 677416.9 2479757, 677395.4 2479772, 677374.6 2479788, 677354.7 2479805, 677335.7 2479823, 677317.7 2479842, 677300.7 2479862, 677284.7 2479883, 677269.9 2479904, 677256.2 2479927, 677243.8 2479950, 677232.5 2479973, 677222.5 2479997, 677213.7 2480022, 677206.3 2480047, 677200.2 2480073, 677195.4 2480098, 677192 2480124, 677189.9 2480150, 677189.3 2480177, 677189.9 2480203, 677192 2480229, 677195.4 2480255, 677200.2 2480281, 677206.3 2480306, 677213.7 2480331, 677222.5 2480356, 677232.5 2480380, 677243.8 2480404, 677256.2 2480427, 677269.9 2480449, 677284.7 2480470, 677300.7 2480491, 677317.7 2480511, 677335.7 2480530, 677354.7 2480548, 677374.6 2480565, 677395.4 2480581, 677416.9 2480596, 677439.3 2480610, 677462.3 2480622, 677485.9 2480633, 677510.1 2480643, 677534.7 2480652, 677559.8 2480660, 677585.3 2480666, 677611 2480670, 677637 2480674, 677663.1 2480676, 677689.3 2480677, 677715.4 2480676, 677741.5 2480674, 677767.5 2480670, 677793.2 2480666, 677818.7 2480660, 677843.8 2480652, 677868.4 2480643, 677892.6 2480633, 677916.3 2480622, 677939.3 2480610, 677961.6 2480596, 677983.2 2480581, 678003.9 2480565, 678023.8 2480548, 678042.8 2480530, 678060.8 2480511, 678077.8 2480491, 678093.8 2480470, 678108.6 2480449, 678122.3 2480427, 678134.8 2480404, 678146 2480380, 678156 2480356, 678164.8 2480331, 678172.2 2480306, 678178.3 2480281, 678183.1 2480255, 678186.5 2480229, 678188.6 2480203, 678189.3 2480177))"
41,20260550,Forest,4468,96.47661604022574,2.467409608717187,0,Dai,NA,NA,1,0,0,2786,10.894987646006864,896.0007547040121,674.24652099609375,9.509112358093262,2.9680776906423074,3058.8733434677124,87226.36413574219,0.4610632071757725,1,44,3058.8733434677124,1,0,0,1,0,0.9986585387048305,0.05177956229954584,8.404696160189092,4.5693006581538285,0.9031688589157757,"POLYGON ((742045.9 2364211, 742045.2 2364185, 742043.2 2364159, 742039.8 2364133, 742035 2364107, 742028.9 2364082, 742021.5 2364057, 742012.7 2364032, 742002.7 2364008, 741991.4 2363984, 741978.9 2363961, 741965.3 2363939, 741950.4 2363917, 741934.5 2363897, 741917.5 2363877, 741899.5 2363858, 741880.5 2363840, 741860.6 2363823, 741839.8 2363807, 741818.2 2363792, 741795.9 2363778, 741772.9 2363766, 741749.3 2363755, 741725.1 2363744, 741700.4 2363736, 741675.3 2363728, 741649.9 2363722, 741624.1 2363717, 741598.2 2363714, 741572.1 2363712, 741545.9 2363711, 741519.8 2363712, 741493.7 2363714, 741467.7 2363717, 741442 2363722, 741416.5 2363728, 741391.4 2363736, 741366.7 2363744, 741342.6 2363755, 741318.9 2363766, 741295.9 2363778, 741273.6 2363792, 741252 2363807, 741231.3 2363823, 741211.4 2363840, 741192.4 2363858, 741174.4 2363877, 741157.4 2363897, 741141.4 2363917, 741126.6 2363939, 741112.9 2363961, 741100.4 2363984, 741089.2 2364008, 741079.1 2364032, 741070.4 2364057, 741063 2364082, 741056.9 2364107, 741052.1 2364133, 741048.7 2364159, 741046.6 2364185, 741045.9 2364211, 741046.6 2364237, 741048.7 2364264, 741052.1 2364290, 741056.9 2364315, 741063 2364341, 741070.4 2364366, 741079.1 2364390, 741089.2 2364415, 741100.4 2364438, 741112.9 2364461, 741126.6 2364484, 741141.4 2364505, 741157.4 2364526, 741174.4 2364546, 741192.4 2364565, 741211.4 2364583, 741231.3 2364600, 741252 2364616, 741273.6 2364631, 741295.9 2364644, 741318.9 2364657, 741342.6 2364668, 741366.7 2364678, 741391.4 2364687, 741416.5 2364694, 741442 2364700, 741467.7 2364705, 741493.7 2364709, 741519.8 2364711, 741545.9 2364711, 741572.1 2364711, 741598.2 2364709, 741624.1 2364705, 741649.9 2364700, 741675.3 2364694, 741700.4 2364687, 741725.1 2364678, 741749.3 2364668, 741772.9 2364657, 741795.9 2364644, 741818.2 2364631, 741839.8 2364616, 741860.6 2364600, 741880.5 2364583, 741899.5 2364565, 741917.5 2364546, 741934.5 2364526, 741950.4 2364505, 741965.3 2364484, 741978.9 2364461, 741991.4 2364438, 742002.7 2364415, 742012.7 2364390, 742021.5 2364366, 742028.9 2364341, 742035 2364315, 742039.8 2364290, 742043.2 2364264, 742045.2 2364237, 742045.9 2364211))"
41,20260550,Forest,7781.739130434783,93.74461428755224,2.279844357976654,0,Dai,NA,NA,1,0,0,2868,317.428078326311,824.4405723145683,1183.30419921875,0.44356000423431396,308.2359266752893,11700,0,0.20780950129216594,1,53,0,0,11700,1,1,0,0.6189010364952194,-0.7854689726686491,8.9595351308077,4.540574215600901,0.8241071765909261,"POLYGON ((631277 2434006, 631276.3 2433979, 631274.3 2433953, 631270.8 2433927, 631266.1 2433902, 631260 2433876, 631252.5 2433851, 631243.8 2433826, 631233.8 2433802, 631222.5 2433779, 631210 2433756, 631196.3 2433733, 631181.5 2433712, 631165.6 2433691, 631148.6 2433671, 631130.5 2433652, 631111.6 2433634, 631091.7 2433617, 631070.9 2433601, 631049.3 2433586, 631027 2433573, 631004 2433560, 630980.4 2433549, 630956.2 2433539, 630931.5 2433530, 630906.4 2433523, 630880.9 2433517, 630855.2 2433512, 630829.3 2433508, 630803.2 2433506, 630777 2433506, 630750.8 2433506, 630724.7 2433508, 630698.8 2433512, 630673 2433517, 630647.6 2433523, 630622.5 2433530, 630597.8 2433539, 630573.6 2433549, 630550 2433560, 630527 2433573, 630504.7 2433586, 630483.1 2433601, 630462.3 2433617, 630442.4 2433634, 630423.4 2433652, 630405.4 2433671, 630388.4 2433691, 630372.5 2433712, 630357.7 2433733, 630344 2433756, 630331.5 2433779, 630320.2 2433802, 630310.2 2433826, 630301.5 2433851, 630294 2433876, 630287.9 2433902, 630283.1 2433927, 630279.7 2433953, 630277.7 2433979, 630277 2434006, 630277.7 2434032, 630279.7 2434058, 630283.1 2434084, 630287.9 2434110, 630294 2434135, 630301.5 2434160, 630310.2 2434185, 630320.2 2434209, 630331.5 2434233, 630344 2434256, 630357.7 2434278, 630372.5 2434300, 630388.4 2434320, 630405.4 2434340, 630423.4 2434359, 630442.4 2434377, 630462.3 2434394, 630483.1 2434410, 630504.7 2434425, 630527 2434439, 630550 2434451, 630573.6 2434462, 630597.8 2434472, 630622.5 2434481, 630647.6 2434489, 630673 2434495, 630698.8 2434499, 630724.7 2434503, 630750.8 2434505, 630777 2434506, 630803.2 2434505, 630829.3 2434503, 630855.2 2434499, 630880.9 2434495, 630906.4 2434489, 630931.5 2434481, 630956.2 2434472, 630980.4 2434462, 631004 2434451, 631027 2434439, 631049.3 2434425, 631070.9 2434410, 631091.7 2434394, 631111.6 2434377, 631130.5 2434359, 631148.6 2434340, 631165.6 2434320, 631181.5 2434300, 631196.3 2434278, 631210 2434256, 631222.5 2434233, 631233.8 2434209, 631243.8 2434185, 631252.5 2434160, 631260 2434135, 631266.1 2434110, 631270.8 2434084, 631274.3 2434058, 631276.3 2434032, 631277 2434006))"
41,20260550,Forest,5300,11.357870574345577,3.2247191011235956,0,Dai,NA,NA,1,0,0,2874,65.30678070006196,665.0494445036636,711.9632568359375,10.7793607711792,137.7564150334659,36900,0,0.48686985491617524,1,72,35100,0.9512195121951219,1800,0.04878048780487805,1,0,-0.7402934033582508,0.6722839258410529,8.575462099540212,2.4299109462807524,1.1708458460274813,"POLYGON ((735665.9 2350994, 735665.2 2350967, 735663.2 2350941, 735659.8 2350915, 735655 2350890, 735648.9 2350864, 735641.4 2350839, 735632.7 2350814, 735622.7 2350790, 735611.4 2350767, 735598.9 2350744, 735585.2 2350721, 735570.4 2350700, 735554.5 2350679, 735537.5 2350659, 735519.5 2350640, 735500.5 2350622, 735480.6 2350605, 735459.8 2350589, 735438.2 2350574, 735415.9 2350561, 735392.9 2350548, 735369.3 2350537, 735345.1 2350527, 735320.4 2350518, 735295.3 2350511, 735269.9 2350505, 735244.1 2350500, 735218.2 2350496, 735192.1 2350494, 735165.9 2350494, 735139.7 2350494, 735113.6 2350496, 735087.7 2350500, 735062 2350505, 735036.5 2350511, 735011.4 2350518, 734986.7 2350527, 734962.5 2350537, 734938.9 2350548, 734915.9 2350561, 734893.6 2350574, 734872 2350589, 734851.2 2350605, 734831.3 2350622, 734812.4 2350640, 734794.3 2350659, 734777.3 2350679, 734761.4 2350700, 734746.6 2350721, 734732.9 2350744, 734720.4 2350767, 734709.1 2350790, 734699.1 2350814, 734690.4 2350839, 734682.9 2350864, 734676.8 2350890, 734672.1 2350915, 734668.6 2350941, 734666.6 2350967, 734665.9 2350994, 734666.6 2351020, 734668.6 2351046, 734672.1 2351072, 734676.8 2351098, 734682.9 2351123, 734690.4 2351148, 734699.1 2351173, 734709.1 2351197, 734720.4 2351221, 734732.9 2351244, 734746.6 2351266, 734761.4 2351287, 734777.3 2351308, 734794.3 2351328, 734812.4 2351347, 734831.3 2351365, 734851.2 2351382, 734872 2351398, 734893.6 2351413, 734915.9 2351427, 734938.9 2351439, 734962.5 2351450, 734986.7 2351460, 735011.4 2351469, 735036.5 2351477, 735062 2351483, 735087.7 2351487, 735113.6 2351491, 735139.7 2351493, 735165.9 2351494, 735192.1 2351493, 735218.2 2351491, 735244.1 2351487, 735269.9 2351483, 735295.3 2351477, 735320.4 2351469, 735345.1 2351460, 735369.3 2351450, 735392.9 2351439, 735415.9 2351427, 735438.2 2351413, 735459.8 2351398, 735480.6 2351382, 735500.5 2351365, 735519.5 2351347, 735537.5 2351328, 735554.5 2351308, 735570.4 2351287, 735585.2 2351266, 735598.9 2351244, 735611.4 2351221, 735622.7 2351197, 735632.7 2351173, 735641.4 2351148, 735648.9 2351123, 735655 2351098, 735659.8 2351072, 735663.2 2351046, 735665.2 2351020, 735665.9 2350994))"
41,20260550,Forest,4841,40.475513715159785,0.8751300728407908,0,Dai,NA,NA,1,0,0,2907,34.091936921871294,1107.4354850113605,587.09124755859375,10.559529304504395,185.4263495833251,7217.262268066406,128313.85803222656,0.5848763745639461,1,91,3617.2622680664062,0.5011959013975967,0,0,1,0,-0.9955185801373737,-0.09456614934143916,8.484876589939695,3.7006971916427536,-0.13338274899734448,"POLYGON ((742644.2 2426872, 742643.5 2426846, 742641.5 2426820, 742638.1 2426794, 742633.3 2426768, 742627.2 2426742, 742619.7 2426717, 742611 2426693, 742601 2426669, 742589.7 2426645, 742577.2 2426622, 742563.6 2426600, 742548.7 2426578, 742532.8 2426557, 742515.8 2426537, 742497.8 2426518, 742478.8 2426500, 742458.9 2426483, 742438.1 2426467, 742416.5 2426453, 742394.2 2426439, 742371.2 2426426, 742347.6 2426415, 742323.4 2426405, 742298.7 2426396, 742273.6 2426389, 742248.2 2426383, 742222.4 2426378, 742196.5 2426375, 742170.4 2426373, 742144.2 2426372, 742118 2426373, 742092 2426375, 742066 2426378, 742040.3 2426383, 742014.8 2426389, 741989.7 2426396, 741965 2426405, 741940.8 2426415, 741917.2 2426426, 741894.2 2426439, 741871.9 2426453, 741850.3 2426467, 741829.6 2426483, 741809.7 2426500, 741790.7 2426518, 741772.6 2426537, 741755.6 2426557, 741739.7 2426578, 741724.9 2426600, 741711.2 2426622, 741698.7 2426645, 741687.4 2426669, 741677.4 2426693, 741668.7 2426717, 741661.3 2426742, 741655.1 2426768, 741650.4 2426794, 741647 2426820, 741644.9 2426846, 741644.2 2426872, 741644.9 2426898, 741647 2426924, 741650.4 2426950, 741655.1 2426976, 741661.3 2427001, 741668.7 2427026, 741677.4 2427051, 741687.4 2427075, 741698.7 2427099, 741711.2 2427122, 741724.9 2427144, 741739.7 2427166, 741755.6 2427187, 741772.6 2427206, 741790.7 2427225, 741809.7 2427243, 741829.6 2427260, 741850.3 2427276, 741871.9 2427291, 741894.2 2427305, 741917.2 2427317, 741940.8 2427329, 741965 2427339, 741989.7 2427347, 742014.8 2427355, 742040.3 2427361, 742066 2427366, 742092 2427369, 742118 2427371, 742144.2 2427372, 742170.4 2427371, 742196.5 2427369, 742222.4 2427366, 742248.2 2427361, 742273.6 2427355, 742298.7 2427347, 742323.4 2427339, 742347.6 2427329, 742371.2 2427317, 742394.2 2427305, 742416.5 2427291, 742438.1 2427276, 742458.9 2427260, 742478.8 2427243, 742497.8 2427225, 742515.8 2427206, 742532.8 2427187, 742548.7 2427166, 742563.6 2427144, 742577.2 2427122, 742589.7 2427099, 742601 2427075, 742611 2427051, 742619.7 2427026, 742627.2 2427001, 742633.3 2426976, 742638.1 2426950, 742641.5 2426924, 742643.5 2426898, 742644.2 2426872))"
41,20260550,Forest,5300,11.357870574345577,3.2247191011235956,0,Dai,NA,NA,1,0,0,2934,30.304391726290515,67.92264592363995,704.9176025390625,12.04347038269043,177.88826123893924,92105.77697753906,0,0.7857120567916558,1,6,20187.657737731934,0.21917906129443868,3645.9400177001953,0.03958427079540619,1,0,-0.9993208652407293,0.036848450367961375,8.575462099540212,2.4299109462807524,1.1708458460274813,"POLYGON ((743833.7 2351656, 743833 2351630, 743831 2351604, 743827.6 2351578, 743822.8 2351552, 743816.7 2351527, 743809.2 2351502, 743800.5 2351477, 743790.5 2351453, 743779.2 2351429, 743766.7 2351406, 743753.1 2351384, 743738.2 2351362, 743722.3 2351341, 743705.3 2351321, 743687.3 2351302, 743668.3 2351284, 743648.4 2351267, 743627.6 2351252, 743606 2351237, 743583.7 2351223, 743560.7 2351211, 743537.1 2351199, 743512.9 2351189, 743488.2 2351181, 743463.1 2351173, 743437.7 2351167, 743411.9 2351162, 743386 2351159, 743359.9 2351157, 743333.7 2351156, 743307.6 2351157, 743281.5 2351159, 743255.5 2351162, 743229.8 2351167, 743204.3 2351173, 743179.2 2351181, 743154.5 2351189, 743130.4 2351199, 743106.7 2351211, 743083.7 2351223, 743061.4 2351237, 743039.8 2351252, 743019.1 2351267, 742999.2 2351284, 742980.2 2351302, 742962.1 2351321, 742945.1 2351341, 742929.2 2351362, 742914.4 2351384, 742900.7 2351406, 742888.2 2351429, 742876.9 2351453, 742866.9 2351477, 742858.2 2351502, 742850.8 2351527, 742844.6 2351552, 742839.9 2351578, 742836.5 2351604, 742834.4 2351630, 742833.7 2351656, 742834.4 2351682, 742836.5 2351708, 742839.9 2351734, 742844.6 2351760, 742850.8 2351785, 742858.2 2351811, 742866.9 2351835, 742876.9 2351859, 742888.2 2351883, 742900.7 2351906, 742914.4 2351928, 742929.2 2351950, 742945.1 2351971, 742962.1 2351991, 742980.2 2352010, 742999.2 2352028, 743019.1 2352045, 743039.8 2352061, 743061.4 2352075, 743083.7 2352089, 743106.7 2352102, 743130.4 2352113, 743154.5 2352123, 743179.2 2352132, 743204.3 2352139, 743229.8 2352145, 743255.5 2352150, 743281.5 2352153, 743307.6 2352155, 743333.7 2352156, 743359.9 2352155, 743386 2352153, 743411.9 2352150, 743437.7 2352145, 743463.1 2352139, 743488.2 2352132, 743512.9 2352123, 743537.1 2352113, 743560.7 2352102, 743583.7 2352089, 743606 2352075, 743627.6 2352061, 743648.4 2352045, 743668.3 2352028, 743687.3 2352010, 743705.3 2351991, 743722.3 2351971, 743738.2 2351950, 743753.1 2351928, 743766.7 2351906, 743779.2 2351883, 743790.5 2351859, 743800.5 2351835, 743809.2 2351811, 743816.7 2351785, 743822.8 2351760, 743827.6 2351734, 743831 2351708, 743833 2351682, 743833.7 2351656))"
41,20260550,Forest,7781.739130434783,93.74461428755224,2.279844357976654,0,Dai,NA,NA,1,0,0,3014,576.833121887974,465.3553027746487,1186.5198974609375,0.4940062165260315,108.06447628394962,26769.513702392578,6300,0.191997746763904,1,71,0,0,5400,0.20172200586211486,1,0,-0.31008704468151593,0.9507081701135651,8.9595351308077,4.540574215600901,0.8241071765909261,"POLYGON ((626901.2 2432889, 626900.6 2432863, 626898.5 2432837, 626895.1 2432811, 626890.3 2432785, 626884.2 2432760, 626876.8 2432735, 626868 2432710, 626858 2432686, 626846.7 2432662, 626834.3 2432639, 626820.6 2432617, 626805.7 2432595, 626789.8 2432575, 626772.8 2432555, 626754.8 2432536, 626735.8 2432518, 626715.9 2432501, 626695.1 2432485, 626673.6 2432470, 626651.2 2432456, 626628.2 2432444, 626604.6 2432432, 626580.4 2432422, 626555.7 2432414, 626530.6 2432406, 626505.2 2432400, 626479.5 2432395, 626453.5 2432392, 626427.4 2432390, 626401.2 2432389, 626375.1 2432390, 626349 2432392, 626323 2432395, 626297.3 2432400, 626271.8 2432406, 626246.7 2432414, 626222.1 2432422, 626197.9 2432432, 626174.2 2432444, 626151.2 2432456, 626128.9 2432470, 626107.3 2432485, 626086.6 2432501, 626066.7 2432518, 626047.7 2432536, 626029.7 2432555, 626012.7 2432575, 625996.7 2432595, 625981.9 2432617, 625968.2 2432639, 625955.7 2432662, 625944.5 2432686, 625934.4 2432710, 625925.7 2432735, 625918.3 2432760, 625912.2 2432785, 625907.4 2432811, 625904 2432837, 625901.9 2432863, 625901.2 2432889, 625901.9 2432915, 625904 2432942, 625907.4 2432967, 625912.2 2432993, 625918.3 2433019, 625925.7 2433044, 625934.4 2433068, 625944.5 2433093, 625955.7 2433116, 625968.2 2433139, 625981.9 2433162, 625996.7 2433183, 626012.7 2433204, 626029.7 2433224, 626047.7 2433243, 626066.7 2433261, 626086.6 2433278, 626107.3 2433294, 626128.9 2433309, 626151.2 2433322, 626174.2 2433335, 626197.9 2433346, 626222.1 2433356, 626246.7 2433365, 626271.8 2433372, 626297.3 2433378, 626323 2433383, 626349 2433387, 626375.1 2433389, 626401.2 2433389, 626427.4 2433389, 626453.5 2433387, 626479.5 2433383, 626505.2 2433378, 626530.6 2433372, 626555.7 2433365, 626580.4 2433356, 626604.6 2433346, 626628.2 2433335, 626651.2 2433322, 626673.6 2433309, 626695.1 2433294, 626715.9 2433278, 626735.8 2433261, 626754.8 2433243, 626772.8 2433224, 626789.8 2433204, 626805.7 2433183, 626820.6 2433162, 626834.3 2433139, 626846.7 2433116, 626858 2433093, 626868 2433068, 626876.8 2433044, 626884.2 2433019, 626890.3 2432993, 626895.1 2432967, 626898.5 2432942, 626900.6 2432915, 626901.2 2432889))"
41,20260550,Forest,7194.782608695653,63.517738393158304,3.507178354500276,0,Dai,NA,NA,1,0,0,3048,168.35575215865074,630.9544426525265,1302.02880859375,7.533690452575684,150.78131598869555,135115.4525756836,0,0.03629357408135941,1,115,0,0,71162.80746459961,0.5266814868916526,1,0,-0.8727629410371538,0.4881442909142517,8.881111404646198,4.1513192116633055,1.254811826580102,"POLYGON ((635335.2 2423401, 635334.5 2423375, 635332.4 2423349, 635329 2423323, 635324.2 2423297, 635318.1 2423272, 635310.7 2423247, 635301.9 2423222, 635291.9 2423198, 635280.7 2423174, 635268.2 2423151, 635254.5 2423129, 635239.7 2423107, 635223.7 2423087, 635206.7 2423067, 635188.7 2423048, 635169.7 2423030, 635149.8 2423013, 635129 2422997, 635107.5 2422982, 635085.2 2422968, 635062.2 2422956, 635038.5 2422944, 635014.3 2422934, 634989.7 2422926, 634964.6 2422918, 634939.1 2422912, 634913.4 2422907, 634887.4 2422904, 634861.3 2422902, 634835.2 2422901, 634809 2422902, 634782.9 2422904, 634756.9 2422907, 634731.2 2422912, 634705.7 2422918, 634680.6 2422926, 634656 2422934, 634631.8 2422944, 634608.2 2422956, 634585.2 2422968, 634562.8 2422982, 634541.3 2422997, 634520.5 2423013, 634500.6 2423030, 634481.6 2423048, 634463.6 2423067, 634446.6 2423087, 634430.6 2423107, 634415.8 2423129, 634402.1 2423151, 634389.7 2423174, 634378.4 2423198, 634368.4 2423222, 634359.6 2423247, 634352.2 2423272, 634346.1 2423297, 634341.3 2423323, 634337.9 2423349, 634335.8 2423375, 634335.2 2423401, 634335.8 2423427, 634337.9 2423453, 634341.3 2423479, 634346.1 2423505, 634352.2 2423531, 634359.6 2423556, 634368.4 2423580, 634378.4 2423605, 634389.7 2423628, 634402.1 2423651, 634415.8 2423674, 634430.6 2423695, 634446.6 2423716, 634463.6 2423736, 634481.6 2423755, 634500.6 2423773, 634520.5 2423790, 634541.3 2423806, 634562.8 2423821, 634585.2 2423834, 634608.2 2423847, 634631.8 2423858, 634656 2423868, 634680.6 2423877, 634705.7 2423884, 634731.2 2423890, 634756.9 2423895, 634782.9 2423898, 634809 2423901, 634835.2 2423901, 634861.3 2423901, 634887.4 2423898, 634913.4 2423895, 634939.1 2423890, 634964.6 2423884, 634989.7 2423877, 635014.3 2423868, 635038.5 2423858, 635062.2 2423847, 635085.2 2423834, 635107.5 2423821, 635129 2423806, 635149.8 2423790, 635169.7 2423773, 635188.7 2423755, 635206.7 2423736, 635223.7 2423716, 635239.7 2423695, 635254.5 2423674, 635268.2 2423651, 635280.7 2423628, 635291.9 2423605, 635301.9 2423580, 635310.7 2423556, 635318.1 2423531, 635324.2 2423505, 635329 2423479, 635332.4 2423453, 635334.5 2423427, 635335.2 2423401))"
41,20260550,Forest,3364.0069889341876,13.660357418805527,4.024451939291737,0,Dai,NA,NA,1,0,0,3052,48.46300505600465,163.7271130409236,960.0955810546875,7.785520553588867,56.38909231686259,507365.22216796875,3329.485058784485,0.40959435938157385,1,19,3350.4183053970337,0.006603563190793242,63346.673583984375,0.12485418947972901,1,0,0.5535501065825025,0.8328158737094894,8.120888098657323,2.614498019159453,1.3923887374482258,"POLYGON ((679456.9 2477540, 679456.2 2477514, 679454.1 2477487, 679450.7 2477461, 679446 2477436, 679439.8 2477410, 679432.4 2477385, 679423.7 2477360, 679413.7 2477336, 679402.4 2477313, 679389.9 2477290, 679376.2 2477267, 679361.4 2477246, 679345.5 2477225, 679328.5 2477205, 679310.4 2477186, 679291.5 2477168, 679271.5 2477151, 679250.8 2477135, 679229.2 2477120, 679206.9 2477107, 679183.9 2477094, 679160.3 2477083, 679136.1 2477073, 679111.4 2477064, 679086.3 2477057, 679060.8 2477051, 679035.1 2477046, 679009.1 2477042, 678983.1 2477040, 678956.9 2477040, 678930.7 2477040, 678904.6 2477042, 678878.7 2477046, 678852.9 2477051, 678827.5 2477057, 678802.4 2477064, 678777.7 2477073, 678753.5 2477083, 678729.9 2477094, 678706.9 2477107, 678684.6 2477120, 678663 2477135, 678642.2 2477151, 678622.3 2477168, 678603.3 2477186, 678585.3 2477205, 678568.3 2477225, 678552.4 2477246, 678537.5 2477267, 678523.9 2477290, 678511.4 2477313, 678500.1 2477336, 678490.1 2477360, 678481.4 2477385, 678473.9 2477410, 678467.8 2477436, 678463 2477461, 678459.6 2477487, 678457.6 2477514, 678456.9 2477540, 678457.6 2477566, 678459.6 2477592, 678463 2477618, 678467.8 2477644, 678473.9 2477669, 678481.4 2477694, 678490.1 2477719, 678500.1 2477743, 678511.4 2477767, 678523.9 2477790, 678537.5 2477812, 678552.4 2477834, 678568.3 2477854, 678585.3 2477874, 678603.3 2477893, 678622.3 2477911, 678642.2 2477928, 678663 2477944, 678684.6 2477959, 678706.9 2477973, 678729.9 2477985, 678753.5 2477996, 678777.7 2478006, 678802.4 2478015, 678827.5 2478023, 678852.9 2478029, 678878.7 2478034, 678904.6 2478037, 678930.7 2478039, 678956.9 2478040, 678983.1 2478039, 679009.1 2478037, 679035.1 2478034, 679060.8 2478029, 679086.3 2478023, 679111.4 2478015, 679136.1 2478006, 679160.3 2477996, 679183.9 2477985, 679206.9 2477973, 679229.2 2477959, 679250.8 2477944, 679271.5 2477928, 679291.5 2477911, 679310.4 2477893, 679328.5 2477874, 679345.5 2477854, 679361.4 2477834, 679376.2 2477812, 679389.9 2477790, 679402.4 2477767, 679413.7 2477743, 679423.7 2477719, 679432.4 2477694, 679439.8 2477669, 679446 2477644, 679450.7 2477618, 679454.1 2477592, 679456.2 2477566, 679456.9 2477540))"
41,20260550,Forest,9030.17650408047,281.6806482633849,1.1805929919137466,0,Dai,NA,NA,1,0,0,3053,998.6905318629297,1271.0568456760514,649.84930419921875,4.900996685028076,246.2495330806745,1696.9600439071655,37766.96891784668,0.3554247317423021,1,41,1696.9600439071655,1,0,0,1,0,-0.40275414897450196,-0.9153081969936818,9.1083271926298,5.640773976262016,0.16601684776901093,"POLYGON ((677856.4 2389676, 677855.7 2389650, 677853.7 2389624, 677850.2 2389598, 677845.5 2389572, 677839.4 2389547, 677831.9 2389522, 677823.2 2389497, 677813.2 2389473, 677801.9 2389449, 677789.4 2389426, 677775.7 2389404, 677760.9 2389382, 677745 2389361, 677728 2389341, 677710 2389322, 677691 2389304, 677671.1 2389287, 677650.3 2389272, 677628.7 2389257, 677606.4 2389243, 677583.4 2389231, 677559.8 2389219, 677535.6 2389209, 677510.9 2389201, 677485.8 2389193, 677460.4 2389187, 677434.6 2389182, 677408.7 2389179, 677382.6 2389177, 677356.4 2389176, 677330.2 2389177, 677304.1 2389179, 677278.2 2389182, 677252.4 2389187, 677227 2389193, 677201.9 2389201, 677177.2 2389209, 677153 2389219, 677129.4 2389231, 677106.4 2389243, 677084.1 2389257, 677062.5 2389272, 677041.7 2389287, 677021.8 2389304, 677002.8 2389322, 676984.8 2389341, 676967.8 2389361, 676951.9 2389382, 676937.1 2389404, 676923.4 2389426, 676910.9 2389449, 676899.6 2389473, 676889.6 2389497, 676880.9 2389522, 676873.4 2389547, 676867.3 2389572, 676862.6 2389598, 676859.1 2389624, 676857.1 2389650, 676856.4 2389676, 676857.1 2389702, 676859.1 2389728, 676862.6 2389754, 676867.3 2389780, 676873.4 2389805, 676880.9 2389831, 676889.6 2389855, 676899.6 2389879, 676910.9 2389903, 676923.4 2389926, 676937.1 2389948, 676951.9 2389970, 676967.8 2389991, 676984.8 2390011, 677002.8 2390030, 677021.8 2390048, 677041.7 2390065, 677062.5 2390081, 677084.1 2390095, 677106.4 2390109, 677129.4 2390122, 677153 2390133, 677177.2 2390143, 677201.9 2390152, 677227 2390159, 677252.4 2390165, 677278.2 2390170, 677304.1 2390173, 677330.2 2390175, 677356.4 2390176, 677382.6 2390175, 677408.7 2390173, 677434.6 2390170, 677460.4 2390165, 677485.8 2390159, 677510.9 2390152, 677535.6 2390143, 677559.8 2390133, 677583.4 2390122, 677606.4 2390109, 677628.7 2390095, 677650.3 2390081, 677671.1 2390065, 677691 2390048, 677710 2390030, 677728 2390011, 677745 2389991, 677760.9 2389970, 677775.7 2389948, 677789.4 2389926, 677801.9 2389903, 677813.2 2389879, 677823.2 2389855, 677831.9 2389831, 677839.4 2389805, 677845.5 2389780, 677850.2 2389754, 677853.7 2389728, 677855.7 2389702, 677856.4 2389676))"
41,20260550,Forest,5152.0093185789165,31.010082017237615,3.867597133157299,0,Dai,NA,NA,1,0,0,3090,24.599393543951994,564.0683424457758,954.82928466796875,7.394110202789307,236.12389372564346,785039.3371582031,0,0.47814842167606375,1,62,0,0,71582.80792236328,0.0911837210368195,1,0,-0.5573989252961188,-0.8302448061136738,8.547142076512934,3.4343123779730202,1.3526334183810655,"POLYGON ((678358.2 2486922, 678357.5 2486895, 678355.4 2486869, 678352 2486843, 678347.2 2486818, 678341.1 2486792, 678333.7 2486767, 678325 2486742, 678314.9 2486718, 678303.7 2486695, 678291.2 2486672, 678277.5 2486649, 678262.7 2486628, 678246.7 2486607, 678229.7 2486587, 678211.7 2486568, 678192.7 2486550, 678172.8 2486533, 678152.1 2486517, 678130.5 2486502, 678108.2 2486489, 678085.2 2486476, 678061.5 2486465, 678037.3 2486455, 678012.7 2486446, 677987.6 2486439, 677962.1 2486433, 677936.4 2486428, 677910.4 2486424, 677884.3 2486422, 677858.2 2486422, 677832 2486422, 677805.9 2486424, 677779.9 2486428, 677754.2 2486433, 677728.8 2486439, 677703.7 2486446, 677679 2486455, 677654.8 2486465, 677631.2 2486476, 677608.2 2486489, 677585.8 2486502, 677564.3 2486517, 677543.5 2486533, 677523.6 2486550, 677504.6 2486568, 677486.6 2486587, 677469.6 2486607, 677453.7 2486628, 677438.8 2486649, 677425.2 2486672, 677412.7 2486695, 677401.4 2486718, 677391.4 2486742, 677382.6 2486767, 677375.2 2486792, 677369.1 2486818, 677364.3 2486843, 677360.9 2486869, 677358.8 2486895, 677358.2 2486922, 677358.8 2486948, 677360.9 2486974, 677364.3 2487000, 677369.1 2487026, 677375.2 2487051, 677382.6 2487076, 677391.4 2487101, 677401.4 2487125, 677412.7 2487149, 677425.2 2487172, 677438.8 2487194, 677453.7 2487215, 677469.6 2487236, 677486.6 2487256, 677504.6 2487275, 677523.6 2487293, 677543.5 2487310, 677564.3 2487326, 677585.8 2487341, 677608.2 2487355, 677631.2 2487367, 677654.8 2487378, 677679 2487388, 677703.7 2487397, 677728.8 2487405, 677754.2 2487411, 677779.9 2487415, 677805.9 2487419, 677832 2487421, 677858.2 2487422, 677884.3 2487421, 677910.4 2487419, 677936.4 2487415, 677962.1 2487411, 677987.6 2487405, 678012.7 2487397, 678037.3 2487388, 678061.5 2487378, 678085.2 2487367, 678108.2 2487355, 678130.5 2487341, 678152.1 2487326, 678172.8 2487310, 678192.7 2487293, 678211.7 2487275, 678229.7 2487256, 678246.7 2487236, 678262.7 2487215, 678277.5 2487194, 678291.2 2487172, 678303.7 2487149, 678314.9 2487125, 678325 2487101, 678333.7 2487076, 678341.1 2487051, 678347.2 2487026, 678352 2487000, 678355.4 2486974, 678357.5 2486948, 678358.2 2486922))"
41,20260550,Forest,8082.412914188615,48.483721067496745,1.5257279617072197,0,Dai,NA,NA,1,0,0,3180,253.4706022525802,843.4334718698018,955.9967041015625,14.055076599121094,281.62084435990596,598491.8151855469,7853.555202484131,0.05075608618101181,1,97,596691.8151855469,0.9969924400729825,0,0,1,0,0.2014342799627951,-0.9795020320835839,8.997445734928318,3.881228093508158,0.4224716481023428,"POLYGON ((697765.9 2440129, 697765.2 2440103, 697763.1 2440076, 697759.7 2440050, 697754.9 2440025, 697748.8 2439999, 697741.4 2439974, 697732.7 2439950, 697722.6 2439925, 697711.4 2439902, 697698.9 2439879, 697685.2 2439856, 697670.4 2439835, 697654.4 2439814, 697637.4 2439794, 697619.4 2439775, 697600.4 2439757, 697580.5 2439740, 697559.8 2439724, 697538.2 2439709, 697515.9 2439696, 697492.9 2439683, 697469.2 2439672, 697445 2439662, 697420.4 2439653, 697395.3 2439646, 697369.8 2439640, 697344.1 2439635, 697318.1 2439631, 697292 2439629, 697265.9 2439629, 697239.7 2439629, 697213.6 2439631, 697187.6 2439635, 697161.9 2439640, 697136.5 2439646, 697111.4 2439653, 697086.7 2439662, 697062.5 2439672, 697038.9 2439683, 697015.9 2439696, 696993.5 2439709, 696972 2439724, 696951.2 2439740, 696931.3 2439757, 696912.3 2439775, 696894.3 2439794, 696877.3 2439814, 696861.4 2439835, 696846.5 2439856, 696832.9 2439879, 696820.4 2439902, 696809.1 2439925, 696799.1 2439950, 696790.3 2439974, 696782.9 2439999, 696776.8 2440025, 696772 2440050, 696768.6 2440076, 696766.6 2440103, 696765.9 2440129, 696766.6 2440155, 696768.6 2440181, 696772 2440207, 696776.8 2440233, 696782.9 2440258, 696790.3 2440283, 696799.1 2440308, 696809.1 2440332, 696820.4 2440356, 696832.9 2440379, 696846.5 2440401, 696861.4 2440423, 696877.3 2440443, 696894.3 2440463, 696912.3 2440482, 696931.3 2440500, 696951.2 2440517, 696972 2440533, 696993.5 2440548, 697015.9 2440562, 697038.9 2440574, 697062.5 2440585, 697086.7 2440595, 697111.4 2440604, 697136.5 2440612, 697161.9 2440618, 697187.6 2440623, 697213.6 2440626, 697239.7 2440628, 697265.9 2440629, 697292 2440628, 697318.1 2440626, 697344.1 2440623, 697369.8 2440618, 697395.3 2440612, 697420.4 2440604, 697445 2440595, 697469.2 2440585, 697492.9 2440574, 697515.9 2440562, 697538.2 2440548, 697559.8 2440533, 697580.5 2440517, 697600.4 2440500, 697619.4 2440482, 697637.4 2440463, 697654.4 2440443, 697670.4 2440423, 697685.2 2440401, 697698.9 2440379, 697711.4 2440356, 697722.6 2440332, 697732.7 2440308, 697741.4 2440283, 697748.8 2440258, 697754.9 2440233, 697759.7 2440207, 697763.1 2440181, 697765.2 2440155, 697765.9 2440129))"
41,20260550,Forest,4895.615866388309,145.06059227472352,0.8104849279161206,0,Dai,NA,NA,1,0,0,3222,426.6884557569567,603.085527706362,674.100341796875,7.844417095184326,314.8996069972108,19800,740.0228083133698,0.6234025824452277,1,32,19800,1,0,0,1,0,0.7058667120226739,-0.7083446794169485,8.496095362451602,4.977151532890694,-0.21012253401124478,"POLYGON ((675352.1 2396820, 675351.4 2396794, 675349.3 2396768, 675345.9 2396742, 675341.1 2396716, 675335 2396691, 675327.6 2396666, 675318.9 2396641, 675308.8 2396617, 675297.6 2396593, 675285.1 2396570, 675271.4 2396548, 675256.6 2396526, 675240.6 2396506, 675223.6 2396486, 675205.6 2396467, 675186.6 2396449, 675166.7 2396432, 675146 2396416, 675124.4 2396401, 675102.1 2396387, 675079.1 2396375, 675055.4 2396364, 675031.3 2396353, 675006.6 2396345, 674981.5 2396337, 674956 2396331, 674930.3 2396326, 674904.3 2396323, 674878.2 2396321, 674852.1 2396320, 674825.9 2396321, 674799.8 2396323, 674773.9 2396326, 674748.1 2396331, 674722.7 2396337, 674697.6 2396345, 674672.9 2396353, 674648.7 2396364, 674625.1 2396375, 674602.1 2396387, 674579.8 2396401, 674558.2 2396416, 674537.4 2396432, 674517.5 2396449, 674498.5 2396467, 674480.5 2396486, 674463.5 2396506, 674447.6 2396526, 674432.7 2396548, 674419.1 2396570, 674406.6 2396593, 674395.3 2396617, 674385.3 2396641, 674376.5 2396666, 674369.1 2396691, 674363 2396716, 674358.2 2396742, 674354.8 2396768, 674352.8 2396794, 674352.1 2396820, 674352.8 2396846, 674354.8 2396873, 674358.2 2396899, 674363 2396924, 674369.1 2396950, 674376.5 2396975, 674385.3 2396999, 674395.3 2397024, 674406.6 2397047, 674419.1 2397070, 674432.7 2397093, 674447.6 2397114, 674463.5 2397135, 674480.5 2397155, 674498.5 2397174, 674517.5 2397192, 674537.4 2397209, 674558.2 2397225, 674579.8 2397240, 674602.1 2397253, 674625.1 2397266, 674648.7 2397277, 674672.9 2397287, 674697.6 2397296, 674722.7 2397303, 674748.1 2397309, 674773.9 2397314, 674799.8 2397318, 674825.9 2397320, 674852.1 2397320, 674878.2 2397320, 674904.3 2397318, 674930.3 2397314, 674956 2397309, 674981.5 2397303, 675006.6 2397296, 675031.3 2397287, 675055.4 2397277, 675079.1 2397266, 675102.1 2397253, 675124.4 2397240, 675146 2397225, 675166.7 2397209, 675186.6 2397192, 675205.6 2397174, 675223.6 2397155, 675240.6 2397135, 675256.6 2397114, 675271.4 2397093, 675285.1 2397070, 675297.6 2397047, 675308.8 2397024, 675318.9 2396999, 675327.6 2396975, 675335 2396950, 675341.1 2396924, 675345.9 2396899, 675349.3 2396873, 675351.4 2396846, 675352.1 2396820))"
41,20260550,Forest,4740.827023878858,28.393067437574942,2.9508196721311477,0,Dai,NA,NA,1,0,0,3287,214.67756358742722,539.9885703222268,1041.9945068359375,10.051641464233398,68.65537856758746,601151.4953613281,4500,0.07207283875580295,1,47,53633.64028930664,0.08921817662130177,11183.188533782959,0.018602945547130663,1,0,0.3639767129022757,0.9314080483144079,8.463966877081248,3.346145011058112,1.0820829867168993,"POLYGON ((678449.9 2479720, 678449.2 2479694, 678447.2 2479668, 678443.7 2479642, 678439 2479616, 678432.9 2479591, 678425.4 2479566, 678416.7 2479541, 678406.7 2479517, 678395.4 2479493, 678382.9 2479470, 678369.2 2479448, 678354.4 2479426, 678338.5 2479406, 678321.5 2479386, 678303.5 2479367, 678284.5 2479349, 678264.6 2479332, 678243.8 2479316, 678222.2 2479301, 678199.9 2479287, 678176.9 2479275, 678153.3 2479263, 678129.1 2479253, 678104.4 2479245, 678079.3 2479237, 678053.9 2479231, 678028.1 2479226, 678002.2 2479223, 677976.1 2479221, 677949.9 2479220, 677923.7 2479221, 677897.6 2479223, 677871.7 2479226, 677845.9 2479231, 677820.5 2479237, 677795.4 2479245, 677770.7 2479253, 677746.5 2479263, 677722.9 2479275, 677699.9 2479287, 677677.6 2479301, 677656 2479316, 677635.2 2479332, 677615.3 2479349, 677596.3 2479367, 677578.3 2479386, 677561.3 2479406, 677545.4 2479426, 677530.6 2479448, 677516.9 2479470, 677504.4 2479493, 677493.1 2479517, 677483.1 2479541, 677474.4 2479566, 677466.9 2479591, 677460.8 2479616, 677456.1 2479642, 677452.6 2479668, 677450.6 2479694, 677449.9 2479720, 677450.6 2479746, 677452.6 2479773, 677456.1 2479798, 677460.8 2479824, 677466.9 2479850, 677474.4 2479875, 677483.1 2479899, 677493.1 2479924, 677504.4 2479947, 677516.9 2479970, 677530.6 2479993, 677545.4 2480014, 677561.3 2480035, 677578.3 2480055, 677596.3 2480074, 677615.3 2480092, 677635.2 2480109, 677656 2480125, 677677.6 2480140, 677699.9 2480153, 677722.9 2480166, 677746.5 2480177, 677770.7 2480187, 677795.4 2480196, 677820.5 2480203, 677845.9 2480209, 677871.7 2480214, 677897.6 2480218, 677923.7 2480220, 677949.9 2480220, 677976.1 2480220, 678002.2 2480218, 678028.1 2480214, 678053.9 2480209, 678079.3 2480203, 678104.4 2480196, 678129.1 2480187, 678153.3 2480177, 678176.9 2480166, 678199.9 2480153, 678222.2 2480140, 678243.8 2480125, 678264.6 2480109, 678284.5 2480092, 678303.5 2480074, 678321.5 2480055, 678338.5 2480035, 678354.4 2480014, 678369.2 2479993, 678382.9 2479970, 678395.4 2479947, 678406.7 2479924, 678416.7 2479899, 678425.4 2479875, 678432.9 2479850, 678439 2479824, 678443.7 2479798, 678447.2 2479773, 678449.2 2479746, 678449.9 2479720))"
41,20260550,Forest,3276,13.328938169353023,1.439689756619417,0,Dai,NA,NA,1,0,0,3330,372.52340366776895,1663.4985047366931,714.7958984375,10.65212631225586,194.29667439398403,785039.3371582031,0,0.093717574465125,1,49,671673.8342285156,0.8555925829907275,72766.16592407227,0.09269110792266992,1,0,-0.9690300662825947,-0.24694276794502415,8.09437844497296,2.5899374738049867,0.3644276435838435,"POLYGON ((743771 2400382, 743770.4 2400356, 743768.3 2400330, 743764.9 2400304, 743760.1 2400278, 743754 2400253, 743746.6 2400228, 743737.8 2400203, 743727.8 2400179, 743716.5 2400155, 743704.1 2400132, 743690.4 2400110, 743675.6 2400088, 743659.6 2400068, 743642.6 2400048, 743624.6 2400029, 743605.6 2400011, 743585.7 2399994, 743564.9 2399978, 743543.4 2399963, 743521 2399949, 743498 2399937, 743474.4 2399926, 743450.2 2399916, 743425.6 2399907, 743400.5 2399899, 743375 2399893, 743349.3 2399889, 743323.3 2399885, 743297.2 2399883, 743271 2399882, 743244.9 2399883, 743218.8 2399885, 743192.8 2399889, 743167.1 2399893, 743141.6 2399899, 743116.5 2399907, 743091.9 2399916, 743067.7 2399926, 743044 2399937, 743021 2399949, 742998.7 2399963, 742977.1 2399978, 742956.4 2399994, 742936.5 2400011, 742917.5 2400029, 742899.5 2400048, 742882.5 2400068, 742866.5 2400088, 742851.7 2400110, 742838 2400132, 742825.5 2400155, 742814.3 2400179, 742804.3 2400203, 742795.5 2400228, 742788.1 2400253, 742782 2400278, 742777.2 2400304, 742773.8 2400330, 742771.7 2400356, 742771 2400382, 742771.7 2400409, 742773.8 2400435, 742777.2 2400461, 742782 2400486, 742788.1 2400512, 742795.5 2400537, 742804.3 2400562, 742814.3 2400586, 742825.5 2400609, 742838 2400632, 742851.7 2400655, 742866.5 2400676, 742882.5 2400697, 742899.5 2400717, 742917.5 2400736, 742936.5 2400754, 742956.4 2400771, 742977.1 2400787, 742998.7 2400802, 743021 2400815, 743044 2400828, 743067.7 2400839, 743091.9 2400849, 743116.5 2400858, 743141.6 2400865, 743167.1 2400871, 743192.8 2400876, 743218.8 2400880, 743244.9 2400882, 743271 2400882, 743297.2 2400882, 743323.3 2400880, 743349.3 2400876, 743375 2400871, 743400.5 2400865, 743425.6 2400858, 743450.2 2400849, 743474.4 2400839, 743498 2400828, 743521 2400815, 743543.4 2400802, 743564.9 2400787, 743585.7 2400771, 743605.6 2400754, 743624.6 2400736, 743642.6 2400717, 743659.6 2400697, 743675.6 2400676, 743690.4 2400655, 743704.1 2400632, 743716.5 2400609, 743727.8 2400586, 743737.8 2400562, 743746.6 2400537, 743754 2400512, 743760.1 2400486, 743764.9 2400461, 743768.3 2400435, 743770.4 2400409, 743771 2400382))"
41,20260550,Forest,5152.0093185789165,31.010082017237615,3.867597133157299,0,Dai,NA,NA,1,0,0,3432,110.24168485540957,583.7644848451387,953.20526123046875,7.252406597137451,236.12389372564346,785039.3371582031,0,0.4418414578878234,1,117,0,0,162091.95556640625,0.20647622086451073,1,0,-0.5573989252961188,-0.8302448061136738,8.547142076512934,3.4343123779730202,1.3526334183810655,"POLYGON ((678524.2 2486942, 678523.5 2486915, 678521.5 2486889, 678518.1 2486863, 678513.3 2486838, 678507.2 2486812, 678499.8 2486787, 678491 2486762, 678481 2486738, 678469.7 2486715, 678457.2 2486692, 678443.6 2486669, 678428.7 2486648, 678412.8 2486627, 678395.8 2486607, 678377.8 2486588, 678358.8 2486570, 678338.9 2486553, 678318.1 2486537, 678296.5 2486522, 678274.2 2486509, 678251.2 2486496, 678227.6 2486485, 678203.4 2486475, 678178.7 2486466, 678153.6 2486459, 678128.2 2486452, 678102.4 2486448, 678076.5 2486444, 678050.4 2486442, 678024.2 2486442, 677998.1 2486442, 677972 2486444, 677946 2486448, 677920.3 2486452, 677894.8 2486459, 677869.7 2486466, 677845 2486475, 677820.9 2486485, 677797.2 2486496, 677774.2 2486509, 677751.9 2486522, 677730.3 2486537, 677709.6 2486553, 677689.7 2486570, 677670.7 2486588, 677652.7 2486607, 677635.7 2486627, 677619.7 2486648, 677604.9 2486669, 677591.2 2486692, 677578.7 2486715, 677567.5 2486738, 677557.4 2486762, 677548.7 2486787, 677541.3 2486812, 677535.2 2486838, 677530.4 2486863, 677527 2486889, 677524.9 2486915, 677524.2 2486942, 677524.9 2486968, 677527 2486994, 677530.4 2487020, 677535.2 2487045, 677541.3 2487071, 677548.7 2487096, 677557.4 2487121, 677567.5 2487145, 677578.7 2487169, 677591.2 2487192, 677604.9 2487214, 677619.7 2487235, 677635.7 2487256, 677652.7 2487276, 677670.7 2487295, 677689.7 2487313, 677709.6 2487330, 677730.3 2487346, 677751.9 2487361, 677774.2 2487375, 677797.2 2487387, 677820.9 2487398, 677845 2487408, 677869.7 2487417, 677894.8 2487425, 677920.3 2487431, 677946 2487435, 677972 2487439, 677998.1 2487441, 678024.2 2487442, 678050.4 2487441, 678076.5 2487439, 678102.4 2487435, 678128.2 2487431, 678153.6 2487425, 678178.7 2487417, 678203.4 2487408, 678227.6 2487398, 678251.2 2487387, 678274.2 2487375, 678296.5 2487361, 678318.1 2487346, 678338.9 2487330, 678358.8 2487313, 678377.8 2487295, 678395.8 2487276, 678412.8 2487256, 678428.7 2487235, 678443.6 2487214, 678457.2 2487192, 678469.7 2487169, 678481 2487145, 678491 2487121, 678499.8 2487096, 678507.2 2487071, 678513.3 2487045, 678518.1 2487020, 678521.5 2486994, 678523.5 2486968, 678524.2 2486942))"
41,20260550,Forest,4871,11.311868803688643,0.5554728220402085,0,Dai,NA,NA,1,0,0,3493,138.40534231293296,490.746919491285,697.45281982421875,6.290735721588135,131.49630140439993,8768.729209899902,486606.2255859375,0.7952251438876736,1,77,8768.729209899902,1,0,0,1,0,-0.6625716997430081,0.7489984931224235,8.491054533806542,2.425852511110355,-0.5879355963194767,"POLYGON ((763371.9 2377957, 763371.2 2377931, 763369.2 2377904, 763365.7 2377878, 763361 2377853, 763354.9 2377827, 763347.4 2377802, 763338.7 2377778, 763328.7 2377753, 763317.4 2377730, 763304.9 2377707, 763291.2 2377684, 763276.4 2377663, 763260.5 2377642, 763243.5 2377622, 763225.5 2377603, 763206.5 2377585, 763186.6 2377568, 763165.8 2377552, 763144.2 2377537, 763121.9 2377524, 763098.9 2377511, 763075.3 2377500, 763051.1 2377490, 763026.4 2377481, 763001.3 2377474, 762975.9 2377468, 762950.1 2377463, 762924.2 2377459, 762898.1 2377457, 762871.9 2377457, 762845.7 2377457, 762819.6 2377459, 762793.7 2377463, 762767.9 2377468, 762742.5 2377474, 762717.4 2377481, 762692.7 2377490, 762668.5 2377500, 762644.9 2377511, 762621.9 2377524, 762599.6 2377537, 762578 2377552, 762557.2 2377568, 762537.3 2377585, 762518.3 2377603, 762500.3 2377622, 762483.3 2377642, 762467.4 2377663, 762452.6 2377684, 762438.9 2377707, 762426.4 2377730, 762415.1 2377753, 762405.1 2377778, 762396.4 2377802, 762388.9 2377827, 762382.8 2377853, 762378.1 2377878, 762374.6 2377904, 762372.6 2377931, 762371.9 2377957, 762372.6 2377983, 762374.6 2378009, 762378.1 2378035, 762382.8 2378061, 762388.9 2378086, 762396.4 2378111, 762405.1 2378136, 762415.1 2378160, 762426.4 2378184, 762438.9 2378207, 762452.6 2378229, 762467.4 2378251, 762483.3 2378271, 762500.3 2378291, 762518.3 2378310, 762537.3 2378328, 762557.2 2378345, 762578 2378361, 762599.6 2378376, 762621.9 2378390, 762644.9 2378402, 762668.5 2378413, 762692.7 2378423, 762717.4 2378432, 762742.5 2378440, 762767.9 2378446, 762793.7 2378451, 762819.6 2378454, 762845.7 2378456, 762871.9 2378457, 762898.1 2378456, 762924.2 2378454, 762950.1 2378451, 762975.9 2378446, 763001.3 2378440, 763026.4 2378432, 763051.1 2378423, 763075.3 2378413, 763098.9 2378402, 763121.9 2378390, 763144.2 2378376, 763165.8 2378361, 763186.6 2378345, 763206.5 2378328, 763225.5 2378310, 763243.5 2378291, 763260.5 2378271, 763276.4 2378251, 763291.2 2378229, 763304.9 2378207, 763317.4 2378184, 763328.7 2378160, 763338.7 2378136, 763347.4 2378111, 763354.9 2378086, 763361 2378061, 763365.7 2378035, 763369.2 2378009, 763371.2 2377983, 763371.9 2377957))"
41,20260550,Forest,12077.571669477235,47.050868206321354,1.8036923076923077,0,Dai,NA,NA,1,0,0,3517,245.81807063936486,1220.019932695637,570.31610107421875,7.232763290405273,148.032074586798,11700,118957.99713134766,0.601036792902246,1,25,11700,1,0,0,1,0,-0.8483446158494025,0.5294444378396373,9.39910543054279,3.851229318705374,0.5898358459470546,"POLYGON ((698737.5 2419848, 698736.9 2419822, 698734.8 2419796, 698731.4 2419770, 698726.6 2419744, 698720.5 2419719, 698713.1 2419694, 698704.3 2419669, 698694.3 2419645, 698683 2419621, 698670.6 2419598, 698656.9 2419576, 698642.1 2419554, 698626.1 2419534, 698609.1 2419514, 698591.1 2419495, 698572.1 2419477, 698552.2 2419460, 698531.4 2419444, 698509.9 2419429, 698487.5 2419415, 698464.5 2419403, 698440.9 2419392, 698416.7 2419382, 698392.1 2419373, 698367 2419365, 698341.5 2419359, 698315.8 2419355, 698289.8 2419351, 698263.7 2419349, 698237.5 2419348, 698211.4 2419349, 698185.3 2419351, 698159.3 2419355, 698133.6 2419359, 698108.1 2419365, 698083 2419373, 698058.4 2419382, 698034.2 2419392, 698010.5 2419403, 697987.5 2419415, 697965.2 2419429, 697943.6 2419444, 697922.9 2419460, 697903 2419477, 697884 2419495, 697866 2419514, 697849 2419534, 697833 2419554, 697818.2 2419576, 697804.5 2419598, 697792 2419621, 697780.8 2419645, 697770.8 2419669, 697762 2419694, 697754.6 2419719, 697748.5 2419744, 697743.7 2419770, 697740.3 2419796, 697738.2 2419822, 697737.5 2419848, 697738.2 2419875, 697740.3 2419901, 697743.7 2419927, 697748.5 2419952, 697754.6 2419978, 697762 2420003, 697770.8 2420028, 697780.8 2420052, 697792 2420075, 697804.5 2420098, 697818.2 2420121, 697833 2420142, 697849 2420163, 697866 2420183, 697884 2420202, 697903 2420220, 697922.9 2420237, 697943.6 2420253, 697965.2 2420268, 697987.5 2420281, 698010.5 2420294, 698034.2 2420305, 698058.4 2420315, 698083 2420324, 698108.1 2420331, 698133.6 2420337, 698159.3 2420342, 698185.3 2420346, 698211.4 2420348, 698237.5 2420348, 698263.7 2420348, 698289.8 2420346, 698315.8 2420342, 698341.5 2420337, 698367 2420331, 698392.1 2420324, 698416.7 2420315, 698440.9 2420305, 698464.5 2420294, 698487.5 2420281, 698509.9 2420268, 698531.4 2420253, 698552.2 2420237, 698572.1 2420220, 698591.1 2420202, 698609.1 2420183, 698626.1 2420163, 698642.1 2420142, 698656.9 2420121, 698670.6 2420098, 698683 2420075, 698694.3 2420052, 698704.3 2420028, 698713.1 2420003, 698720.5 2419978, 698726.6 2419952, 698731.4 2419927, 698734.8 2419901, 698736.9 2419875, 698737.5 2419848))"
41,20260550,Forest,8082.412914188615,48.483721067496745,1.5257279617072197,0,Dai,NA,NA,1,0,0,3546,153.17962926939097,513.8568838697594,1035.789794921875,9.4063138961792,273.2718369865118,486730.7556152344,107370.73059082031,0.19923553353788784,1,104,477837.5427246094,0.9817286810253364,0,0,1,0,0.05707329777168925,-0.9983699908758596,8.997445734928318,3.881228093508158,0.4224716481023428,"POLYGON ((699142.6 2438922, 699141.9 2438895, 699139.9 2438869, 699136.5 2438843, 699131.7 2438818, 699125.6 2438792, 699118.2 2438767, 699109.4 2438742, 699099.4 2438718, 699088.1 2438695, 699075.6 2438672, 699062 2438649, 699047.1 2438628, 699031.2 2438607, 699014.2 2438587, 698996.2 2438568, 698977.2 2438550, 698957.3 2438533, 698936.5 2438517, 698915 2438502, 698892.6 2438489, 698869.6 2438476, 698846 2438465, 698821.8 2438455, 698797.1 2438446, 698772 2438439, 698746.6 2438433, 698720.8 2438428, 698694.9 2438424, 698668.8 2438422, 698642.6 2438422, 698616.5 2438422, 698590.4 2438424, 698564.4 2438428, 698538.7 2438433, 698513.2 2438439, 698488.1 2438446, 698463.4 2438455, 698439.3 2438465, 698415.6 2438476, 698392.6 2438489, 698370.3 2438502, 698348.7 2438517, 698328 2438533, 698308.1 2438550, 698289.1 2438568, 698271.1 2438587, 698254.1 2438607, 698238.1 2438628, 698223.3 2438649, 698209.6 2438672, 698197.1 2438695, 698185.9 2438718, 698175.8 2438742, 698167.1 2438767, 698159.7 2438792, 698153.6 2438818, 698148.8 2438843, 698145.4 2438869, 698143.3 2438895, 698142.6 2438922, 698143.3 2438948, 698145.4 2438974, 698148.8 2439000, 698153.6 2439026, 698159.7 2439051, 698167.1 2439076, 698175.8 2439101, 698185.9 2439125, 698197.1 2439149, 698209.6 2439172, 698223.3 2439194, 698238.1 2439216, 698254.1 2439236, 698271.1 2439256, 698289.1 2439275, 698308.1 2439293, 698328 2439310, 698348.7 2439326, 698370.3 2439341, 698392.6 2439355, 698415.6 2439367, 698439.3 2439378, 698463.4 2439388, 698488.1 2439397, 698513.2 2439405, 698538.7 2439411, 698564.4 2439415, 698590.4 2439419, 698616.5 2439421, 698642.6 2439422, 698668.8 2439421, 698694.9 2439419, 698720.8 2439415, 698746.6 2439411, 698772 2439405, 698797.1 2439397, 698821.8 2439388, 698846 2439378, 698869.6 2439367, 698892.6 2439355, 698915 2439341, 698936.5 2439326, 698957.3 2439310, 698977.2 2439293, 698996.2 2439275, 699014.2 2439256, 699031.2 2439236, 699047.1 2439216, 699062 2439194, 699075.6 2439172, 699088.1 2439149, 699099.4 2439125, 699109.4 2439101, 699118.2 2439076, 699125.6 2439051, 699131.7 2439026, 699136.5 2439000, 699139.9 2438974, 699141.9 2438948, 699142.6 2438922))"
41,20260550,Forest,6109.060402684564,16.49307014828121,2.182649842271293,0,Dai,NA,NA,1,0,0,3635,11.707614842132834,1214.0392608523,865.6256103515625,8.282931327819824,135.33626173996424,270857.5653076172,10362.788772583008,0.1749446426384424,1,27,155276.91650390625,0.5732788608933844,35188.06915283203,0.12991355479721745,1,0,-0.7112445006803222,0.7029447063973091,8.717528260092221,2.802940301672347,0.7805396626274846,"POLYGON ((718008.1 2478701, 718007.5 2478675, 718005.4 2478649, 718002 2478623, 717997.2 2478597, 717991.1 2478571, 717983.7 2478546, 717974.9 2478522, 717964.9 2478497, 717953.6 2478474, 717941.2 2478451, 717927.5 2478429, 717912.7 2478407, 717896.7 2478386, 717879.7 2478366, 717861.7 2478347, 717842.7 2478329, 717822.8 2478312, 717802 2478296, 717780.5 2478281, 717758.1 2478268, 717735.1 2478255, 717711.5 2478244, 717687.3 2478234, 717662.7 2478225, 717637.6 2478218, 717612.1 2478212, 717586.4 2478207, 717560.4 2478204, 717534.3 2478202, 717508.1 2478201, 717482 2478202, 717455.9 2478204, 717429.9 2478207, 717404.2 2478212, 717378.7 2478218, 717353.6 2478225, 717329 2478234, 717304.8 2478244, 717281.1 2478255, 717258.1 2478268, 717235.8 2478281, 717214.2 2478296, 717193.5 2478312, 717173.6 2478329, 717154.6 2478347, 717136.6 2478366, 717119.6 2478386, 717103.6 2478407, 717088.8 2478429, 717075.1 2478451, 717062.6 2478474, 717051.4 2478497, 717041.4 2478522, 717032.6 2478546, 717025.2 2478571, 717019.1 2478597, 717014.3 2478623, 717010.9 2478649, 717008.8 2478675, 717008.1 2478701, 717008.8 2478727, 717010.9 2478753, 717014.3 2478779, 717019.1 2478805, 717025.2 2478830, 717032.6 2478855, 717041.4 2478880, 717051.4 2478904, 717062.6 2478928, 717075.1 2478951, 717088.8 2478973, 717103.6 2478995, 717119.6 2479015, 717136.6 2479035, 717154.6 2479054, 717173.6 2479072, 717193.5 2479089, 717214.2 2479105, 717235.8 2479120, 717258.1 2479134, 717281.1 2479146, 717304.8 2479158, 717329 2479168, 717353.6 2479176, 717378.7 2479184, 717404.2 2479190, 717429.9 2479195, 717455.9 2479198, 717482 2479200, 717508.1 2479201, 717534.3 2479200, 717560.4 2479198, 717586.4 2479195, 717612.1 2479190, 717637.6 2479184, 717662.7 2479176, 717687.3 2479168, 717711.5 2479158, 717735.1 2479146, 717758.1 2479134, 717780.5 2479120, 717802 2479105, 717822.8 2479089, 717842.7 2479072, 717861.7 2479054, 717879.7 2479035, 717896.7 2479015, 717912.7 2478995, 717927.5 2478973, 717941.2 2478951, 717953.6 2478928, 717964.9 2478904, 717974.9 2478880, 717983.7 2478855, 717991.1 2478830, 717997.2 2478805, 718002 2478779, 718005.4 2478753, 718007.5 2478727, 718008.1 2478701))"
41,20260550,Forest,4895.615866388309,145.06059227472352,0.8104849279161206,0,Dai,NA,NA,1,0,0,3737,752.7043478924751,784.5474432043417,692.43255615234375,8.718945503234863,335.23865512224626,1143.821382522583,0,0.2760842374160749,1,55,1143.821382522583,1,0,0,1,0,0.9080602591050996,-0.41883954664522727,8.496095362451602,4.977151532890694,-0.21012253401124478,"POLYGON ((675454.6 2396447, 675453.9 2396421, 675451.8 2396395, 675448.4 2396369, 675443.7 2396343, 675437.5 2396318, 675430.1 2396292, 675421.4 2396268, 675411.4 2396244, 675400.1 2396220, 675387.6 2396197, 675373.9 2396175, 675359.1 2396153, 675343.2 2396132, 675326.2 2396112, 675308.1 2396093, 675289.1 2396075, 675269.2 2396058, 675248.5 2396042, 675226.9 2396028, 675204.6 2396014, 675181.6 2396001, 675158 2395990, 675133.8 2395980, 675109.1 2395971, 675084 2395964, 675058.5 2395958, 675032.8 2395953, 675006.8 2395950, 674980.8 2395948, 674954.6 2395947, 674928.4 2395948, 674902.3 2395950, 674876.4 2395953, 674850.6 2395958, 674825.2 2395964, 674800.1 2395971, 674775.4 2395980, 674751.2 2395990, 674727.6 2396001, 674704.6 2396014, 674682.3 2396028, 674660.7 2396042, 674639.9 2396058, 674620 2396075, 674601 2396093, 674583 2396112, 674566 2396132, 674550.1 2396153, 674535.2 2396175, 674521.6 2396197, 674509.1 2396220, 674497.8 2396244, 674487.8 2396268, 674479.1 2396292, 674471.6 2396318, 674465.5 2396343, 674460.7 2396369, 674457.3 2396395, 674455.3 2396421, 674454.6 2396447, 674455.3 2396473, 674457.3 2396499, 674460.7 2396525, 674465.5 2396551, 674471.6 2396576, 674479.1 2396601, 674487.8 2396626, 674497.8 2396650, 674509.1 2396674, 674521.6 2396697, 674535.2 2396719, 674550.1 2396741, 674566 2396762, 674583 2396781, 674601 2396800, 674620 2396818, 674639.9 2396835, 674660.7 2396851, 674682.3 2396866, 674704.6 2396880, 674727.6 2396892, 674751.2 2396904, 674775.4 2396914, 674800.1 2396922, 674825.2 2396930, 674850.6 2396936, 674876.4 2396941, 674902.3 2396944, 674928.4 2396946, 674954.6 2396947, 674980.8 2396946, 675006.8 2396944, 675032.8 2396941, 675058.5 2396936, 675084 2396930, 675109.1 2396922, 675133.8 2396914, 675158 2396904, 675181.6 2396892, 675204.6 2396880, 675226.9 2396866, 675248.5 2396851, 675269.2 2396835, 675289.1 2396818, 675308.1 2396800, 675326.2 2396781, 675343.2 2396762, 675359.1 2396741, 675373.9 2396719, 675387.6 2396697, 675400.1 2396674, 675411.4 2396650, 675421.4 2396626, 675430.1 2396601, 675437.5 2396576, 675443.7 2396551, 675448.4 2396525, 675451.8 2396499, 675453.9 2396473, 675454.6 2396447))"
41,20260550,Forest,7204.347826086957,146.16778988586938,2.8947116535056234,0,Dai,NA,NA,1,0,0,3746,193.82436045717589,212.47571623642926,1221.1929931640625,6.192651271820068,48.90454397364337,385507.28759765625,9958.442115783691,0.10777255401913191,1,111,0,0,39645.15380859375,0.10283892181558536,1,0,0.6573154806479019,0.753615524588379,8.882439987485505,4.984755207624541,1.062885504511933,"POLYGON ((623564.8 2437334, 623564.1 2437307, 623562 2437281, 623558.6 2437255, 623553.9 2437230, 623547.7 2437204, 623540.3 2437179, 623531.6 2437154, 623521.6 2437130, 623510.3 2437107, 623497.8 2437084, 623484.1 2437061, 623469.3 2437040, 623453.4 2437019, 623436.4 2436999, 623418.3 2436980, 623399.4 2436962, 623379.4 2436945, 623358.7 2436929, 623337.1 2436914, 623314.8 2436901, 623291.8 2436888, 623268.2 2436877, 623244 2436867, 623219.3 2436858, 623194.2 2436851, 623168.7 2436844, 623143 2436840, 623117.1 2436836, 623091 2436834, 623064.8 2436834, 623038.6 2436834, 623012.5 2436836, 622986.6 2436840, 622960.8 2436844, 622935.4 2436851, 622910.3 2436858, 622885.6 2436867, 622861.4 2436877, 622837.8 2436888, 622814.8 2436901, 622792.5 2436914, 622770.9 2436929, 622750.1 2436945, 622730.2 2436962, 622711.2 2436980, 622693.2 2436999, 622676.2 2437019, 622660.3 2437040, 622645.5 2437061, 622631.8 2437084, 622619.3 2437107, 622608 2437130, 622598 2437154, 622589.3 2437179, 622581.8 2437204, 622575.7 2437230, 622570.9 2437255, 622567.5 2437281, 622565.5 2437307, 622564.8 2437334, 622565.5 2437360, 622567.5 2437386, 622570.9 2437412, 622575.7 2437437, 622581.8 2437463, 622589.3 2437488, 622598 2437513, 622608 2437537, 622619.3 2437561, 622631.8 2437584, 622645.5 2437606, 622660.3 2437627, 622676.2 2437648, 622693.2 2437668, 622711.2 2437687, 622730.2 2437705, 622750.1 2437722, 622770.9 2437738, 622792.5 2437753, 622814.8 2437767, 622837.8 2437779, 622861.4 2437790, 622885.6 2437800, 622910.3 2437809, 622935.4 2437816, 622960.8 2437823, 622986.6 2437827, 623012.5 2437831, 623038.6 2437833, 623064.8 2437834, 623091 2437833, 623117.1 2437831, 623143 2437827, 623168.7 2437823, 623194.2 2437816, 623219.3 2437809, 623244 2437800, 623268.2 2437790, 623291.8 2437779, 623314.8 2437767, 623337.1 2437753, 623358.7 2437738, 623379.4 2437722, 623399.4 2437705, 623418.3 2437687, 623436.4 2437668, 623453.4 2437648, 623469.3 2437627, 623484.1 2437606, 623497.8 2437584, 623510.3 2437561, 623521.6 2437537, 623531.6 2437513, 623540.3 2437488, 623547.7 2437463, 623553.9 2437437, 623558.6 2437412, 623562 2437386, 623564.1 2437360, 623564.8 2437334))"
41,20260550,Forest,4468,96.47661604022574,2.467409608717187,0,Dai,NA,NA,1,0,0,3975,1057.6549878423305,1222.5537925999352,613.08526611328125,6.81217622756958,99.4412664576066,88531.8489074707,130812.17651367188,0.16912535659683692,1,107,88531.8489074707,1,0,0,1,0,-0.16403648416761765,0.9864542725650931,8.404696160189092,4.5693006581538285,0.9031688589157757,"POLYGON ((740155.4 2365010, 740154.7 2364984, 740152.7 2364958, 740149.3 2364932, 740144.5 2364906, 740138.4 2364880, 740131 2364855, 740122.2 2364831, 740112.2 2364806, 740100.9 2364783, 740088.4 2364760, 740074.8 2364737, 740059.9 2364716, 740044 2364695, 740027 2364675, 740009 2364656, 739990 2364638, 739970.1 2364621, 739949.3 2364605, 739927.8 2364590, 739905.4 2364577, 739882.4 2364564, 739858.8 2364553, 739834.6 2364543, 739809.9 2364534, 739784.8 2364527, 739759.4 2364521, 739733.6 2364516, 739707.7 2364513, 739681.6 2364510, 739655.4 2364510, 739629.3 2364510, 739603.2 2364513, 739577.2 2364516, 739551.5 2364521, 739526 2364527, 739500.9 2364534, 739476.2 2364543, 739452.1 2364553, 739428.4 2364564, 739405.4 2364577, 739383.1 2364590, 739361.5 2364605, 739340.8 2364621, 739320.9 2364638, 739301.9 2364656, 739283.9 2364675, 739266.9 2364695, 739250.9 2364716, 739236.1 2364737, 739222.4 2364760, 739209.9 2364783, 739198.7 2364806, 739188.6 2364831, 739179.9 2364855, 739172.5 2364880, 739166.4 2364906, 739161.6 2364932, 739158.2 2364958, 739156.1 2364984, 739155.4 2365010, 739156.1 2365036, 739158.2 2365062, 739161.6 2365088, 739166.4 2365114, 739172.5 2365139, 739179.9 2365164, 739188.6 2365189, 739198.7 2365213, 739209.9 2365237, 739222.4 2365260, 739236.1 2365282, 739250.9 2365304, 739266.9 2365324, 739283.9 2365344, 739301.9 2365363, 739320.9 2365381, 739340.8 2365398, 739361.5 2365414, 739383.1 2365429, 739405.4 2365443, 739428.4 2365455, 739452.1 2365467, 739476.2 2365477, 739500.9 2365485, 739526 2365493, 739551.5 2365499, 739577.2 2365504, 739603.2 2365507, 739629.3 2365509, 739655.4 2365510, 739681.6 2365509, 739707.7 2365507, 739733.6 2365504, 739759.4 2365499, 739784.8 2365493, 739809.9 2365485, 739834.6 2365477, 739858.8 2365467, 739882.4 2365455, 739905.4 2365443, 739927.8 2365429, 739949.3 2365414, 739970.1 2365398, 739990 2365381, 740009 2365363, 740027 2365344, 740044 2365324, 740059.9 2365304, 740074.8 2365282, 740088.4 2365260, 740100.9 2365237, 740112.2 2365213, 740122.2 2365189, 740131 2365164, 740138.4 2365139, 740144.5 2365114, 740149.3 2365088, 740152.7 2365062, 740154.7 2365036, 740155.4 2365010))"
41,20260550,Forest,6109.060402684564,16.49307014828121,2.182649842271293,0,Dai,NA,NA,1,0,0,4044,244.71848757057086,599.5399930516725,928.43902587890625,6.5579705238342285,107.40372973789873,65789.263916015625,177114.41345214844,0.29112367173467324,1,16,38897.31788635254,0.591241117031003,19883.549308776855,0.3022309131495912,1,0,-0.2991029090479893,0.954220860073301,8.717528260092221,2.802940301672347,0.7805396626274846,"POLYGON ((716570.4 2478391, 716569.7 2478365, 716567.7 2478339, 716564.3 2478313, 716559.5 2478287, 716553.4 2478261, 716546 2478236, 716537.2 2478212, 716527.2 2478188, 716515.9 2478164, 716503.4 2478141, 716489.8 2478119, 716474.9 2478097, 716459 2478076, 716442 2478056, 716424 2478037, 716405 2478019, 716385.1 2478002, 716364.3 2477986, 716342.7 2477972, 716320.4 2477958, 716297.4 2477945, 716273.8 2477934, 716249.6 2477924, 716224.9 2477915, 716199.8 2477908, 716174.4 2477902, 716148.6 2477897, 716122.7 2477894, 716096.6 2477892, 716070.4 2477891, 716044.3 2477892, 716018.2 2477894, 715992.2 2477897, 715966.5 2477902, 715941 2477908, 715915.9 2477915, 715891.2 2477924, 715867.1 2477934, 715843.4 2477945, 715820.4 2477958, 715798.1 2477972, 715776.5 2477986, 715755.8 2478002, 715735.9 2478019, 715716.9 2478037, 715698.9 2478056, 715681.9 2478076, 715665.9 2478097, 715651.1 2478119, 715637.4 2478141, 715624.9 2478164, 715613.7 2478188, 715603.6 2478212, 715594.9 2478236, 715587.5 2478261, 715581.3 2478287, 715576.6 2478313, 715573.2 2478339, 715571.1 2478365, 715570.4 2478391, 715571.1 2478417, 715573.2 2478443, 715576.6 2478469, 715581.3 2478495, 715587.5 2478520, 715594.9 2478545, 715603.6 2478570, 715613.7 2478594, 715624.9 2478618, 715637.4 2478641, 715651.1 2478663, 715665.9 2478685, 715681.9 2478706, 715698.9 2478725, 715716.9 2478744, 715735.9 2478762, 715755.8 2478779, 715776.5 2478795, 715798.1 2478810, 715820.4 2478824, 715843.4 2478836, 715867.1 2478848, 715891.2 2478858, 715915.9 2478866, 715941 2478874, 715966.5 2478880, 715992.2 2478885, 716018.2 2478888, 716044.3 2478890, 716070.4 2478891, 716096.6 2478890, 716122.7 2478888, 716148.6 2478885, 716174.4 2478880, 716199.8 2478874, 716224.9 2478866, 716249.6 2478858, 716273.8 2478848, 716297.4 2478836, 716320.4 2478824, 716342.7 2478810, 716364.3 2478795, 716385.1 2478779, 716405 2478762, 716424 2478744, 716442 2478725, 716459 2478706, 716474.9 2478685, 716489.8 2478663, 716503.4 2478641, 716515.9 2478618, 716527.2 2478594, 716537.2 2478570, 716546 2478545, 716553.4 2478520, 716559.5 2478495, 716564.3 2478469, 716567.7 2478443, 716569.7 2478417, 716570.4 2478391))"
41,20260550,Forest,5300,11.357870574345577,3.2247191011235956,0,Dai,NA,NA,1,0,0,4182,7.095907595380523,891.2429095190628,803.06036376953125,13.619805335998535,156.50183397639708,485660.3576660156,0,0.16718967637024532,1,86,109764.404296875,0.22601063184234407,57600,0.11860140341042827,1,0,-0.9170728374449775,0.39871971461243044,8.575462099540212,2.4299109462807524,1.1708458460274813,"POLYGON ((734276.8 2348212, 734276.1 2348185, 734274 2348159, 734270.6 2348133, 734265.8 2348108, 734259.7 2348082, 734252.3 2348057, 734243.5 2348032, 734233.5 2348008, 734222.3 2347985, 734209.8 2347962, 734196.1 2347939, 734181.3 2347918, 734165.3 2347897, 734148.3 2347877, 734130.3 2347858, 734111.3 2347840, 734091.4 2347823, 734070.6 2347807, 734049.1 2347792, 734026.8 2347779, 734003.7 2347766, 733980.1 2347755, 733955.9 2347745, 733931.3 2347736, 733906.2 2347729, 733880.7 2347723, 733855 2347718, 733829 2347714, 733802.9 2347712, 733776.8 2347712, 733750.6 2347712, 733724.5 2347714, 733698.5 2347718, 733672.8 2347723, 733647.3 2347729, 733622.2 2347736, 733597.6 2347745, 733573.4 2347755, 733549.8 2347766, 733526.8 2347779, 733504.4 2347792, 733482.9 2347807, 733462.1 2347823, 733442.2 2347840, 733423.2 2347858, 733405.2 2347877, 733388.2 2347897, 733372.2 2347918, 733357.4 2347939, 733343.7 2347962, 733331.3 2347985, 733320 2348008, 733310 2348032, 733301.2 2348057, 733293.8 2348082, 733287.7 2348108, 733282.9 2348133, 733279.5 2348159, 733277.4 2348185, 733276.8 2348212, 733277.4 2348238, 733279.5 2348264, 733282.9 2348290, 733287.7 2348316, 733293.8 2348341, 733301.2 2348366, 733310 2348391, 733320 2348415, 733331.3 2348439, 733343.7 2348462, 733357.4 2348484, 733372.2 2348505, 733388.2 2348526, 733405.2 2348546, 733423.2 2348565, 733442.2 2348583, 733462.1 2348600, 733482.9 2348616, 733504.4 2348631, 733526.8 2348645, 733549.8 2348657, 733573.4 2348668, 733597.6 2348678, 733622.2 2348687, 733647.3 2348695, 733672.8 2348701, 733698.5 2348705, 733724.5 2348709, 733750.6 2348711, 733776.8 2348712, 733802.9 2348711, 733829 2348709, 733855 2348705, 733880.7 2348701, 733906.2 2348695, 733931.3 2348687, 733955.9 2348678, 733980.1 2348668, 734003.7 2348657, 734026.8 2348645, 734049.1 2348631, 734070.6 2348616, 734091.4 2348600, 734111.3 2348583, 734130.3 2348565, 734148.3 2348546, 734165.3 2348526, 734181.3 2348505, 734196.1 2348484, 734209.8 2348462, 734222.3 2348439, 734233.5 2348415, 734243.5 2348391, 734252.3 2348366, 734259.7 2348341, 734265.8 2348316, 734270.6 2348290, 734274 2348264, 734276.1 2348238, 734276.8 2348212))"
41,20260550,Forest,7708.695652173914,237.2321719678974,3.3891168599464763,0,Dai,NA,NA,1,0,0,4190,155.05249340279204,215.91706104862905,1199.740234375,3.4322266578674316,93.23862610726114,227548.59466552734,0,0.25181560782647,1,22,0,0,46936.37809753418,0.20626969007005186,1,0,-0.05649459384306886,0.998402905077157,8.95010427613315,5.46903929016875,1.2205693741627521,"POLYGON ((628211.7 2427038, 628211 2427012, 628209 2426986, 628205.6 2426960, 628200.8 2426934, 628194.7 2426909, 628187.2 2426883, 628178.5 2426859, 628168.5 2426835, 628157.2 2426811, 628144.7 2426788, 628131.1 2426766, 628116.2 2426744, 628100.3 2426723, 628083.3 2426703, 628065.3 2426684, 628046.3 2426666, 628026.4 2426649, 628005.6 2426633, 627984 2426619, 627961.7 2426605, 627938.7 2426592, 627915.1 2426581, 627890.9 2426571, 627866.2 2426562, 627841.1 2426555, 627815.7 2426549, 627789.9 2426544, 627764 2426541, 627737.9 2426539, 627711.7 2426538, 627685.6 2426539, 627659.5 2426541, 627633.5 2426544, 627607.8 2426549, 627582.3 2426555, 627557.2 2426562, 627532.5 2426571, 627508.4 2426581, 627484.7 2426592, 627461.7 2426605, 627439.4 2426619, 627417.8 2426633, 627397.1 2426649, 627377.2 2426666, 627358.2 2426684, 627340.1 2426703, 627323.1 2426723, 627307.2 2426744, 627292.4 2426766, 627278.7 2426788, 627266.2 2426811, 627254.9 2426835, 627244.9 2426859, 627236.2 2426883, 627228.8 2426909, 627222.6 2426934, 627217.9 2426960, 627214.5 2426986, 627212.4 2427012, 627211.7 2427038, 627212.4 2427064, 627214.5 2427090, 627217.9 2427116, 627222.6 2427142, 627228.8 2427167, 627236.2 2427192, 627244.9 2427217, 627254.9 2427241, 627266.2 2427265, 627278.7 2427288, 627292.4 2427310, 627307.2 2427332, 627323.1 2427353, 627340.1 2427372, 627358.2 2427391, 627377.2 2427410, 627397.1 2427427, 627417.8 2427442, 627439.4 2427457, 627461.7 2427471, 627484.7 2427483, 627508.4 2427495, 627532.5 2427505, 627557.2 2427513, 627582.3 2427521, 627607.8 2427527, 627633.5 2427532, 627659.5 2427535, 627685.6 2427537, 627711.7 2427538, 627737.9 2427537, 627764 2427535, 627789.9 2427532, 627815.7 2427527, 627841.1 2427521, 627866.2 2427513, 627890.9 2427505, 627915.1 2427495, 627938.7 2427483, 627961.7 2427471, 627984 2427457, 628005.6 2427442, 628026.4 2427427, 628046.3 2427410, 628065.3 2427391, 628083.3 2427372, 628100.3 2427353, 628116.2 2427332, 628131.1 2427310, 628144.7 2427288, 628157.2 2427265, 628168.5 2427241, 628178.5 2427217, 628187.2 2427192, 628194.7 2427167, 628200.8 2427142, 628205.6 2427116, 628209 2427090, 628211 2427064, 628211.7 2427038))"
41,20260550,Forest,5300,11.357870574345577,3.2247191011235956,0,Dai,NA,NA,1,0,0,4335,96.93362178249647,1095.4178569682183,724.31243896484375,13.867241859436035,181.02633598185975,1887.963366508484,0,0.17675491157525952,1,113,1887.963366508484,1,0,0,1,0,-0.9998395675423356,-0.017911984165786057,8.575462099540212,2.4299109462807524,1.1708458460274813,"POLYGON ((742788.9 2351534, 742788.2 2351508, 742786.2 2351482, 742782.8 2351456, 742778 2351431, 742771.9 2351405, 742764.4 2351380, 742755.7 2351355, 742745.7 2351331, 742734.4 2351307, 742721.9 2351284, 742708.2 2351262, 742693.4 2351241, 742677.5 2351220, 742660.5 2351200, 742642.5 2351181, 742623.5 2351163, 742603.6 2351146, 742582.8 2351130, 742561.2 2351115, 742538.9 2351101, 742515.9 2351089, 742492.3 2351078, 742468.1 2351068, 742443.4 2351059, 742418.3 2351052, 742392.9 2351045, 742367.1 2351041, 742341.2 2351037, 742315.1 2351035, 742288.9 2351034, 742262.7 2351035, 742236.6 2351037, 742210.7 2351041, 742185 2351045, 742159.5 2351052, 742134.4 2351059, 742109.7 2351068, 742085.5 2351078, 742061.9 2351089, 742038.9 2351101, 742016.6 2351115, 741995 2351130, 741974.2 2351146, 741954.3 2351163, 741935.4 2351181, 741917.3 2351200, 741900.3 2351220, 741884.4 2351241, 741869.6 2351262, 741855.9 2351284, 741843.4 2351307, 741832.1 2351331, 741822.1 2351355, 741813.4 2351380, 741805.9 2351405, 741799.8 2351431, 741795.1 2351456, 741791.6 2351482, 741789.6 2351508, 741788.9 2351534, 741789.6 2351561, 741791.6 2351587, 741795.1 2351613, 741799.8 2351638, 741805.9 2351664, 741813.4 2351689, 741822.1 2351714, 741832.1 2351738, 741843.4 2351761, 741855.9 2351784, 741869.6 2351807, 741884.4 2351828, 741900.3 2351849, 741917.3 2351869, 741935.4 2351888, 741954.3 2351906, 741974.2 2351923, 741995 2351939, 742016.6 2351954, 742038.9 2351967, 742061.9 2351980, 742085.5 2351991, 742109.7 2352001, 742134.4 2352010, 742159.5 2352017, 742185 2352024, 742210.7 2352028, 742236.6 2352032, 742262.7 2352034, 742288.9 2352034, 742315.1 2352034, 742341.2 2352032, 742367.1 2352028, 742392.9 2352024, 742418.3 2352017, 742443.4 2352010, 742468.1 2352001, 742492.3 2351991, 742515.9 2351980, 742538.9 2351967, 742561.2 2351954, 742582.8 2351939, 742603.6 2351923, 742623.5 2351906, 742642.5 2351888, 742660.5 2351869, 742677.5 2351849, 742693.4 2351828, 742708.2 2351807, 742721.9 2351784, 742734.4 2351761, 742745.7 2351738, 742755.7 2351714, 742764.4 2351689, 742771.9 2351664, 742778 2351638, 742782.8 2351613, 742786.2 2351587, 742788.2 2351561, 742788.9 2351534))"
41,20260550,Forest,4740.827023878858,28.393067437574942,2.9508196721311477,0,Dai,NA,NA,1,0,0,4336,75.34559891331058,1067.261864860435,1073.8111572265625,8.84348201751709,101.24037539302168,779591.7663574219,0,0.04003376808885932,1,96,0,0,41927.141189575195,0.053780892768373244,1,0,-0.19492556589279483,0.9808180380485331,8.463966877081248,3.346145011058112,1.0820829867168993,"POLYGON ((677649.2 2479794, 677648.5 2479767, 677646.5 2479741, 677643.1 2479715, 677638.3 2479690, 677632.2 2479664, 677624.7 2479639, 677616 2479614, 677606 2479590, 677594.7 2479567, 677582.2 2479544, 677568.5 2479521, 677553.7 2479500, 677537.8 2479479, 677520.8 2479459, 677502.8 2479440, 677483.8 2479422, 677463.9 2479405, 677443.1 2479389, 677421.5 2479374, 677399.2 2479361, 677376.2 2479348, 677352.6 2479337, 677328.4 2479327, 677303.7 2479318, 677278.6 2479311, 677253.2 2479304, 677227.4 2479300, 677201.5 2479296, 677175.4 2479294, 677149.2 2479294, 677123 2479294, 677096.9 2479296, 677071 2479300, 677045.3 2479304, 677019.8 2479311, 676994.7 2479318, 676970 2479327, 676945.8 2479337, 676922.2 2479348, 676899.2 2479361, 676876.9 2479374, 676855.3 2479389, 676834.6 2479405, 676814.6 2479422, 676795.7 2479440, 676777.6 2479459, 676760.6 2479479, 676744.7 2479500, 676729.9 2479521, 676716.2 2479544, 676703.7 2479567, 676692.4 2479590, 676682.4 2479614, 676673.7 2479639, 676666.2 2479664, 676660.1 2479690, 676655.4 2479715, 676651.9 2479741, 676649.9 2479767, 676649.2 2479794, 676649.9 2479820, 676651.9 2479846, 676655.4 2479872, 676660.1 2479897, 676666.2 2479923, 676673.7 2479948, 676682.4 2479973, 676692.4 2479997, 676703.7 2480021, 676716.2 2480044, 676729.9 2480066, 676744.7 2480087, 676760.6 2480108, 676777.6 2480128, 676795.7 2480147, 676814.6 2480165, 676834.6 2480182, 676855.3 2480198, 676876.9 2480213, 676899.2 2480227, 676922.2 2480239, 676945.8 2480250, 676970 2480260, 676994.7 2480269, 677019.8 2480276, 677045.3 2480283, 677071 2480287, 677096.9 2480291, 677123 2480293, 677149.2 2480294, 677175.4 2480293, 677201.5 2480291, 677227.4 2480287, 677253.2 2480283, 677278.6 2480276, 677303.7 2480269, 677328.4 2480260, 677352.6 2480250, 677376.2 2480239, 677399.2 2480227, 677421.5 2480213, 677443.1 2480198, 677463.9 2480182, 677483.8 2480165, 677502.8 2480147, 677520.8 2480128, 677537.8 2480108, 677553.7 2480087, 677568.5 2480066, 677582.2 2480044, 677594.7 2480021, 677606 2479997, 677616 2479973, 677624.7 2479948, 677632.2 2479923, 677638.3 2479897, 677643.1 2479872, 677646.5 2479846, 677648.5 2479820, 677649.2 2479794))"
41,20260550,Forest,7781.739130434783,93.74461428755224,2.279844357976654,0,Dai,NA,NA,1,0,0,4360,132.84233182343718,266.57278631091026,1204.202392578125,5.146241188049316,191.16017426762153,101541.33682250977,0,0.28812371333834447,1,11,0,0,28022.911262512207,0.27597540213100746,1,0,-0.9810899287496163,-0.19355245207972127,8.9595351308077,4.540574215600901,0.8241071765909261,"POLYGON ((630706.7 2432332, 630706 2432306, 630704 2432280, 630700.6 2432254, 630695.8 2432228, 630689.7 2432203, 630682.2 2432178, 630673.5 2432153, 630663.5 2432129, 630652.2 2432105, 630639.7 2432082, 630626.1 2432060, 630611.2 2432038, 630595.3 2432018, 630578.3 2431998, 630560.3 2431979, 630541.3 2431961, 630521.4 2431944, 630500.6 2431928, 630479 2431913, 630456.7 2431899, 630433.7 2431887, 630410.1 2431876, 630385.9 2431866, 630361.2 2431857, 630336.1 2431849, 630310.7 2431843, 630284.9 2431838, 630259 2431835, 630232.9 2431833, 630206.7 2431832, 630180.5 2431833, 630154.5 2431835, 630128.5 2431838, 630102.8 2431843, 630077.3 2431849, 630052.2 2431857, 630027.5 2431866, 630003.3 2431876, 629979.7 2431887, 629956.7 2431899, 629934.4 2431913, 629912.8 2431928, 629892.1 2431944, 629872.2 2431961, 629853.2 2431979, 629835.1 2431998, 629818.1 2432018, 629802.2 2432038, 629787.4 2432060, 629773.7 2432082, 629761.2 2432105, 629749.9 2432129, 629739.9 2432153, 629731.2 2432178, 629723.8 2432203, 629717.6 2432228, 629712.9 2432254, 629709.5 2432280, 629707.4 2432306, 629706.7 2432332, 629707.4 2432358, 629709.5 2432385, 629712.9 2432411, 629717.6 2432436, 629723.8 2432462, 629731.2 2432487, 629739.9 2432511, 629749.9 2432536, 629761.2 2432559, 629773.7 2432582, 629787.4 2432605, 629802.2 2432626, 629818.1 2432647, 629835.1 2432667, 629853.2 2432686, 629872.2 2432704, 629892.1 2432721, 629912.8 2432737, 629934.4 2432752, 629956.7 2432765, 629979.7 2432778, 630003.3 2432789, 630027.5 2432799, 630052.2 2432808, 630077.3 2432815, 630102.8 2432821, 630128.5 2432826, 630154.5 2432830, 630180.5 2432832, 630206.7 2432832, 630232.9 2432832, 630259 2432830, 630284.9 2432826, 630310.7 2432821, 630336.1 2432815, 630361.2 2432808, 630385.9 2432799, 630410.1 2432789, 630433.7 2432778, 630456.7 2432765, 630479 2432752, 630500.6 2432737, 630521.4 2432721, 630541.3 2432704, 630560.3 2432686, 630578.3 2432667, 630595.3 2432647, 630611.2 2432626, 630626.1 2432605, 630639.7 2432582, 630652.2 2432559, 630663.5 2432536, 630673.5 2432511, 630682.2 2432487, 630689.7 2432462, 630695.8 2432436, 630700.6 2432411, 630704 2432385, 630706 2432358, 630706.7 2432332))"
41,20260550,Forest,7668.695652173914,133.19513203141992,2.0375399361022364,0,Dai,NA,NA,1,0,0,4386,148.7833525224094,809.1519610306925,1217.8082275390625,7.089565277099609,215.82076826844465,379687.9119873047,0,0.0719978316749149,1,80,0,0,90698.5725402832,0.23887663967378509,1,0,-0.8108517333751227,-0.5852516266381145,8.944901821513023,4.891815211127795,0.7117431664817675,"POLYGON ((638700.4 2430135, 638699.7 2430109, 638697.6 2430083, 638694.2 2430057, 638689.4 2430031, 638683.3 2430006, 638675.9 2429981, 638667.1 2429956, 638657.1 2429932, 638645.9 2429908, 638633.4 2429885, 638619.7 2429863, 638604.9 2429842, 638588.9 2429821, 638571.9 2429801, 638553.9 2429782, 638534.9 2429764, 638515 2429747, 638494.2 2429731, 638472.7 2429716, 638450.4 2429702, 638427.3 2429690, 638403.7 2429679, 638379.5 2429669, 638354.9 2429660, 638329.8 2429652, 638304.3 2429646, 638278.6 2429642, 638252.6 2429638, 638226.5 2429636, 638200.4 2429635, 638174.2 2429636, 638148.1 2429638, 638122.1 2429642, 638096.4 2429646, 638070.9 2429652, 638045.8 2429660, 638021.2 2429669, 637997 2429679, 637973.4 2429690, 637950.4 2429702, 637928 2429716, 637906.5 2429731, 637885.7 2429747, 637865.8 2429764, 637846.8 2429782, 637828.8 2429801, 637811.8 2429821, 637795.8 2429842, 637781 2429863, 637767.3 2429885, 637754.9 2429908, 637743.6 2429932, 637733.6 2429956, 637724.8 2429981, 637717.4 2430006, 637711.3 2430031, 637706.5 2430057, 637703.1 2430083, 637701 2430109, 637700.4 2430135, 637701 2430162, 637703.1 2430188, 637706.5 2430214, 637711.3 2430239, 637717.4 2430265, 637724.8 2430290, 637733.6 2430315, 637743.6 2430339, 637754.9 2430362, 637767.3 2430385, 637781 2430408, 637795.8 2430429, 637811.8 2430450, 637828.8 2430470, 637846.8 2430489, 637865.8 2430507, 637885.7 2430524, 637906.5 2430540, 637928 2430555, 637950.4 2430568, 637973.4 2430581, 637997 2430592, 638021.2 2430602, 638045.8 2430611, 638070.9 2430618, 638096.4 2430624, 638122.1 2430629, 638148.1 2430633, 638174.2 2430635, 638200.4 2430635, 638226.5 2430635, 638252.6 2430633, 638278.6 2430629, 638304.3 2430624, 638329.8 2430618, 638354.9 2430611, 638379.5 2430602, 638403.7 2430592, 638427.3 2430581, 638450.4 2430568, 638472.7 2430555, 638494.2 2430540, 638515 2430524, 638534.9 2430507, 638553.9 2430489, 638571.9 2430470, 638588.9 2430450, 638604.9 2430429, 638619.7 2430408, 638633.4 2430385, 638645.9 2430362, 638657.1 2430339, 638667.1 2430315, 638675.9 2430290, 638683.3 2430265, 638689.4 2430239, 638694.2 2430214, 638697.6 2430188, 638699.7 2430162, 638700.4 2430135))"
41,20260550,Forest,7185.217391304348,124.03782797024019,3.332928679817906,0,Dai,NA,NA,1,0,0,4486,587.674921501732,613.8452082281943,1198.35888671875,2.134965658187866,178.26050660135013,108871.61407470703,2061.949896812439,0.15219833755869383,1,1,0,0,2781.8015813827515,0.02555121098391998,1,0,-0.9995391740247148,0.030355223438328048,8.879781054326026,4.820586583358523,1.2038514009022103,"POLYGON ((627326.4 2438000, 627325.7 2437974, 627323.7 2437947, 627320.2 2437922, 627315.5 2437896, 627309.4 2437870, 627301.9 2437845, 627293.2 2437821, 627283.2 2437796, 627271.9 2437773, 627259.4 2437750, 627245.7 2437727, 627230.9 2437706, 627215 2437685, 627198 2437665, 627180 2437646, 627161 2437628, 627141.1 2437611, 627120.3 2437595, 627098.7 2437580, 627076.4 2437567, 627053.4 2437554, 627029.8 2437543, 627005.6 2437533, 626980.9 2437524, 626955.8 2437517, 626930.4 2437511, 626904.6 2437506, 626878.7 2437502, 626852.6 2437500, 626826.4 2437500, 626800.2 2437500, 626774.1 2437502, 626748.2 2437506, 626722.4 2437511, 626697 2437517, 626671.9 2437524, 626647.2 2437533, 626623 2437543, 626599.4 2437554, 626576.4 2437567, 626554.1 2437580, 626532.5 2437595, 626511.7 2437611, 626491.8 2437628, 626472.8 2437646, 626454.8 2437665, 626437.8 2437685, 626421.9 2437706, 626407.1 2437727, 626393.4 2437750, 626380.9 2437773, 626369.6 2437796, 626359.6 2437821, 626350.9 2437845, 626343.4 2437870, 626337.3 2437896, 626332.6 2437922, 626329.1 2437947, 626327.1 2437974, 626326.4 2438000, 626327.1 2438026, 626329.1 2438052, 626332.6 2438078, 626337.3 2438104, 626343.4 2438129, 626350.9 2438154, 626359.6 2438179, 626369.6 2438203, 626380.9 2438227, 626393.4 2438250, 626407.1 2438272, 626421.9 2438294, 626437.8 2438314, 626454.8 2438334, 626472.8 2438353, 626491.8 2438371, 626511.7 2438388, 626532.5 2438404, 626554.1 2438419, 626576.4 2438433, 626599.4 2438445, 626623 2438457, 626647.2 2438467, 626671.9 2438475, 626697 2438483, 626722.4 2438489, 626748.2 2438494, 626774.1 2438497, 626800.2 2438499, 626826.4 2438500, 626852.6 2438499, 626878.7 2438497, 626904.6 2438494, 626930.4 2438489, 626955.8 2438483, 626980.9 2438475, 627005.6 2438467, 627029.8 2438457, 627053.4 2438445, 627076.4 2438433, 627098.7 2438419, 627120.3 2438404, 627141.1 2438388, 627161 2438371, 627180 2438353, 627198 2438334, 627215 2438314, 627230.9 2438294, 627245.7 2438272, 627259.4 2438250, 627271.9 2438227, 627283.2 2438203, 627293.2 2438179, 627301.9 2438154, 627309.4 2438129, 627315.5 2438104, 627320.2 2438078, 627323.7 2438052, 627325.7 2438026, 627326.4 2438000))"
41,20260550,Forest,7781.739130434783,93.74461428755224,2.279844357976654,0,Dai,NA,NA,1,0,0,4506,119.05894345724582,371.2241112927019,1196.388671875,3.4333336353302,138.73169242708917,5250.067949295044,56377.78129577637,0.26973535660709425,1,79,0,0,3918.6498641967773,0.7463998374959997,1,0,-0.7516290900312672,0.6595860148750647,8.9595351308077,4.540574215600901,0.8241071765909261,"POLYGON ((634833.3 2431316, 634832.6 2431290, 634830.5 2431264, 634827.1 2431238, 634822.4 2431212, 634816.3 2431187, 634808.8 2431162, 634800.1 2431137, 634790.1 2431113, 634778.8 2431089, 634766.3 2431066, 634752.6 2431044, 634737.8 2431023, 634721.9 2431002, 634704.9 2430982, 634686.8 2430963, 634667.9 2430945, 634647.9 2430928, 634627.2 2430912, 634605.6 2430897, 634583.3 2430883, 634560.3 2430871, 634536.7 2430860, 634512.5 2430850, 634487.8 2430841, 634462.7 2430833, 634437.2 2430827, 634411.5 2430823, 634385.6 2430819, 634359.5 2430817, 634333.3 2430816, 634307.1 2430817, 634281 2430819, 634255.1 2430823, 634229.3 2430827, 634203.9 2430833, 634178.8 2430841, 634154.1 2430850, 634129.9 2430860, 634106.3 2430871, 634083.3 2430883, 634061 2430897, 634039.4 2430912, 634018.6 2430928, 633998.7 2430945, 633979.7 2430963, 633961.7 2430982, 633944.7 2431002, 633928.8 2431023, 633914 2431044, 633900.3 2431066, 633887.8 2431089, 633876.5 2431113, 633866.5 2431137, 633857.8 2431162, 633850.3 2431187, 633844.2 2431212, 633839.4 2431238, 633836 2431264, 633834 2431290, 633833.3 2431316, 633834 2431343, 633836 2431369, 633839.4 2431395, 633844.2 2431420, 633850.3 2431446, 633857.8 2431471, 633866.5 2431496, 633876.5 2431520, 633887.8 2431543, 633900.3 2431566, 633914 2431589, 633928.8 2431610, 633944.7 2431631, 633961.7 2431651, 633979.7 2431670, 633998.7 2431688, 634018.6 2431705, 634039.4 2431721, 634061 2431736, 634083.3 2431749, 634106.3 2431762, 634129.9 2431773, 634154.1 2431783, 634178.8 2431792, 634203.9 2431799, 634229.3 2431805, 634255.1 2431810, 634281 2431814, 634307.1 2431816, 634333.3 2431816, 634359.5 2431816, 634385.6 2431814, 634411.5 2431810, 634437.2 2431805, 634462.7 2431799, 634487.8 2431792, 634512.5 2431783, 634536.7 2431773, 634560.3 2431762, 634583.3 2431749, 634605.6 2431736, 634627.2 2431721, 634647.9 2431705, 634667.9 2431688, 634686.8 2431670, 634704.9 2431651, 634721.9 2431631, 634737.8 2431610, 634752.6 2431589, 634766.3 2431566, 634778.8 2431543, 634790.1 2431520, 634800.1 2431496, 634808.8 2431471, 634816.3 2431446, 634822.4 2431420, 634827.1 2431395, 634830.5 2431369, 634832.6 2431343, 634833.3 2431316))"
41,20260550,Forest,5258.260869565218,120.6173163240242,1.831053660003006,0,Dai,NA,NA,1,0,0,4553,245.70246510004498,456.2920565746459,1050.9525146484375,8.469034194946289,49.792937735585255,229871.22802734375,24568.51100921631,0.10694402173698797,1,69,18037.858200073242,0.07846940373906905,64261.31286621094,0.2795535283718365,1,0,0.6455518281407859,0.7637164638686855,8.567555617898055,4.792622858762098,0.6048915716545423,"POLYGON ((613009.8 2453936, 613009.1 2453910, 613007.1 2453884, 613003.7 2453858, 612998.9 2453832, 612992.8 2453807, 612985.4 2453782, 612976.6 2453757, 612966.6 2453733, 612955.3 2453709, 612942.8 2453686, 612929.2 2453664, 612914.3 2453642, 612898.4 2453622, 612881.4 2453602, 612863.4 2453583, 612844.4 2453565, 612824.5 2453548, 612803.7 2453532, 612782.2 2453517, 612759.8 2453503, 612736.8 2453491, 612713.2 2453479, 612689 2453469, 612664.3 2453461, 612639.2 2453453, 612613.8 2453447, 612588 2453442, 612562.1 2453439, 612536 2453437, 612509.8 2453436, 612483.7 2453437, 612457.6 2453439, 612431.6 2453442, 612405.9 2453447, 612380.4 2453453, 612355.3 2453461, 612330.6 2453469, 612306.5 2453479, 612282.8 2453491, 612259.8 2453503, 612237.5 2453517, 612215.9 2453532, 612195.2 2453548, 612175.3 2453565, 612156.3 2453583, 612138.3 2453602, 612121.3 2453622, 612105.3 2453642, 612090.5 2453664, 612076.8 2453686, 612064.3 2453709, 612053.1 2453733, 612043 2453757, 612034.3 2453782, 612026.9 2453807, 612020.8 2453832, 612016 2453858, 612012.6 2453884, 612010.5 2453910, 612009.8 2453936, 612010.5 2453962, 612012.6 2453989, 612016 2454014, 612020.8 2454040, 612026.9 2454066, 612034.3 2454091, 612043 2454115, 612053.1 2454140, 612064.3 2454163, 612076.8 2454186, 612090.5 2454209, 612105.3 2454230, 612121.3 2454251, 612138.3 2454271, 612156.3 2454290, 612175.3 2454308, 612195.2 2454325, 612215.9 2454341, 612237.5 2454356, 612259.8 2454369, 612282.8 2454382, 612306.5 2454393, 612330.6 2454403, 612355.3 2454412, 612380.4 2454419, 612405.9 2454425, 612431.6 2454430, 612457.6 2454434, 612483.7 2454436, 612509.8 2454436, 612536 2454436, 612562.1 2454434, 612588 2454430, 612613.8 2454425, 612639.2 2454419, 612664.3 2454412, 612689 2454403, 612713.2 2454393, 612736.8 2454382, 612759.8 2454369, 612782.2 2454356, 612803.7 2454341, 612824.5 2454325, 612844.4 2454308, 612863.4 2454290, 612881.4 2454271, 612898.4 2454251, 612914.3 2454230, 612929.2 2454209, 612942.8 2454186, 612955.3 2454163, 612966.6 2454140, 612976.6 2454115, 612985.4 2454091, 612992.8 2454066, 612998.9 2454040, 613003.7 2454014, 613007.1 2453989, 613009.1 2453962, 613009.8 2453936))"
41,20260550,Forest,12077.571669477235,47.050868206321354,1.8036923076923077,0,Dai,NA,NA,1,0,0,4584,313.86386929317536,1111.7642541794228,570.4005126953125,6.481659889221191,304.34501772405173,11700,65564.68276977539,0.6848213852140355,1,52,11700,1,0,0,1,0,0.564174946559315,-0.8256552729043726,9.39910543054279,3.851229318705374,0.5898358459470546,"POLYGON ((698819.7 2419725, 698819 2419698, 698816.9 2419672, 698813.5 2419646, 698808.8 2419621, 698802.6 2419595, 698795.2 2419570, 698786.5 2419545, 698776.5 2419521, 698765.2 2419498, 698752.7 2419475, 698739 2419452, 698724.2 2419431, 698708.3 2419410, 698691.3 2419390, 698673.2 2419371, 698654.2 2419353, 698634.3 2419336, 698613.6 2419320, 698592 2419305, 698569.7 2419292, 698546.7 2419279, 698523 2419268, 698498.9 2419258, 698474.2 2419249, 698449.1 2419242, 698423.6 2419235, 698397.9 2419231, 698371.9 2419227, 698345.8 2419225, 698319.7 2419225, 698293.5 2419225, 698267.4 2419227, 698241.5 2419231, 698215.7 2419235, 698190.3 2419242, 698165.2 2419249, 698140.5 2419258, 698116.3 2419268, 698092.7 2419279, 698069.7 2419292, 698047.4 2419305, 698025.8 2419320, 698005 2419336, 697985.1 2419353, 697966.1 2419371, 697948.1 2419390, 697931.1 2419410, 697915.2 2419431, 697900.3 2419452, 697886.7 2419475, 697874.2 2419498, 697862.9 2419521, 697852.9 2419545, 697844.1 2419570, 697836.7 2419595, 697830.6 2419621, 697825.8 2419646, 697822.4 2419672, 697820.4 2419698, 697819.7 2419725, 697820.4 2419751, 697822.4 2419777, 697825.8 2419803, 697830.6 2419828, 697836.7 2419854, 697844.1 2419879, 697852.9 2419904, 697862.9 2419928, 697874.2 2419952, 697886.7 2419975, 697900.3 2419997, 697915.2 2420018, 697931.1 2420039, 697948.1 2420059, 697966.1 2420078, 697985.1 2420096, 698005 2420113, 698025.8 2420129, 698047.4 2420144, 698069.7 2420158, 698092.7 2420170, 698116.3 2420181, 698140.5 2420191, 698165.2 2420200, 698190.3 2420207, 698215.7 2420214, 698241.5 2420218, 698267.4 2420222, 698293.5 2420224, 698319.7 2420225, 698345.8 2420224, 698371.9 2420222, 698397.9 2420218, 698423.6 2420214, 698449.1 2420207, 698474.2 2420200, 698498.9 2420191, 698523 2420181, 698546.7 2420170, 698569.7 2420158, 698592 2420144, 698613.6 2420129, 698634.3 2420113, 698654.2 2420096, 698673.2 2420078, 698691.3 2420059, 698708.3 2420039, 698724.2 2420018, 698739 2419997, 698752.7 2419975, 698765.2 2419952, 698776.5 2419928, 698786.5 2419904, 698795.2 2419879, 698802.6 2419854, 698808.8 2419828, 698813.5 2419803, 698816.9 2419777, 698819 2419751, 698819.7 2419725))"
41,20260550,Forest,7668.695652173914,133.19513203141992,2.0375399361022364,0,Dai,NA,NA,1,0,0,4590,458.6745099873367,1054.5267220229546,1208.80078125,4.937882900238037,258.7340995375241,16749.53956604004,0,0.044922437415382696,1,67,0,0,16749.53956604004,1,1,0,-0.1953624975419741,-0.9807311020632323,8.944901821513023,4.891815211127795,0.7117431664817675,"POLYGON ((643568.6 2429397, 643567.9 2429371, 643565.8 2429345, 643562.4 2429319, 643557.6 2429293, 643551.5 2429267, 643544.1 2429242, 643535.4 2429218, 643525.3 2429194, 643514.1 2429170, 643501.6 2429147, 643487.9 2429125, 643473.1 2429103, 643457.1 2429082, 643440.1 2429062, 643422.1 2429043, 643403.1 2429025, 643383.2 2429008, 643362.5 2428992, 643340.9 2428978, 643318.6 2428964, 643295.6 2428951, 643271.9 2428940, 643247.7 2428930, 643223.1 2428921, 643198 2428914, 643172.5 2428908, 643146.8 2428903, 643120.8 2428900, 643094.7 2428898, 643068.6 2428897, 643042.4 2428898, 643016.3 2428900, 642990.3 2428903, 642964.6 2428908, 642939.2 2428914, 642914.1 2428921, 642889.4 2428930, 642865.2 2428940, 642841.6 2428951, 642818.6 2428964, 642796.2 2428978, 642774.7 2428992, 642753.9 2429008, 642734 2429025, 642715 2429043, 642697 2429062, 642680 2429082, 642664.1 2429103, 642649.2 2429125, 642635.5 2429147, 642623.1 2429170, 642611.8 2429194, 642601.8 2429218, 642593 2429242, 642585.6 2429267, 642579.5 2429293, 642574.7 2429319, 642571.3 2429345, 642569.2 2429371, 642568.6 2429397, 642569.2 2429423, 642571.3 2429449, 642574.7 2429475, 642579.5 2429501, 642585.6 2429526, 642593 2429551, 642601.8 2429576, 642611.8 2429600, 642623.1 2429624, 642635.5 2429647, 642649.2 2429669, 642664.1 2429691, 642680 2429712, 642697 2429731, 642715 2429750, 642734 2429768, 642753.9 2429785, 642774.7 2429801, 642796.2 2429816, 642818.6 2429830, 642841.6 2429842, 642865.2 2429854, 642889.4 2429864, 642914.1 2429872, 642939.2 2429880, 642964.6 2429886, 642990.3 2429891, 643016.3 2429894, 643042.4 2429896, 643068.6 2429897, 643094.7 2429896, 643120.8 2429894, 643146.8 2429891, 643172.5 2429886, 643198 2429880, 643223.1 2429872, 643247.7 2429864, 643271.9 2429854, 643295.6 2429842, 643318.6 2429830, 643340.9 2429816, 643362.5 2429801, 643383.2 2429785, 643403.1 2429768, 643422.1 2429750, 643440.1 2429731, 643457.1 2429712, 643473.1 2429691, 643487.9 2429669, 643501.6 2429647, 643514.1 2429624, 643525.3 2429600, 643535.4 2429576, 643544.1 2429551, 643551.5 2429526, 643557.6 2429501, 643562.4 2429475, 643565.8 2429449, 643567.9 2429423, 643568.6 2429397))"
41,20260550,Forest,6109.060402684564,16.49307014828121,2.182649842271293,0,Dai,NA,NA,1,0,0,4655,456.6225678202508,690.046855301394,879.37725830078125,4.768538475036621,240.6745143997641,21061.841583251953,21314.329719543457,0.5133941795272217,1,74,12961.841583251953,0.6154182449819111,8100,0.3845817550180889,1,0,-0.4897703063944258,-0.8718515051167316,8.717528260092221,2.802940301672347,0.7805396626274846,"POLYGON ((716762 2482599, 716761.3 2482573, 716759.2 2482547, 716755.8 2482521, 716751 2482495, 716744.9 2482470, 716737.5 2482445, 716728.8 2482420, 716718.7 2482396, 716707.5 2482372, 716695 2482349, 716681.3 2482327, 716666.5 2482305, 716650.5 2482284, 716633.5 2482265, 716615.5 2482246, 716596.5 2482227, 716576.6 2482210, 716555.9 2482195, 716534.3 2482180, 716512 2482166, 716489 2482154, 716465.3 2482142, 716441.2 2482132, 716416.5 2482124, 716391.4 2482116, 716365.9 2482110, 716340.2 2482105, 716314.2 2482102, 716288.1 2482100, 716262 2482099, 716235.8 2482100, 716209.7 2482102, 716183.8 2482105, 716158 2482110, 716132.6 2482116, 716107.5 2482124, 716082.8 2482132, 716058.6 2482142, 716035 2482154, 716012 2482166, 715989.6 2482180, 715968.1 2482195, 715947.3 2482210, 715927.4 2482227, 715908.4 2482246, 715890.4 2482265, 715873.4 2482284, 715857.5 2482305, 715842.6 2482327, 715829 2482349, 715816.5 2482372, 715805.2 2482396, 715795.2 2482420, 715786.4 2482445, 715779 2482470, 715772.9 2482495, 715768.1 2482521, 715764.7 2482547, 715762.7 2482573, 715762 2482599, 715762.7 2482625, 715764.7 2482651, 715768.1 2482677, 715772.9 2482703, 715779 2482728, 715786.4 2482754, 715795.2 2482778, 715805.2 2482802, 715816.5 2482826, 715829 2482849, 715842.6 2482871, 715857.5 2482893, 715873.4 2482914, 715890.4 2482934, 715908.4 2482953, 715927.4 2482971, 715947.3 2482988, 715968.1 2483004, 715989.6 2483018, 716012 2483032, 716035 2483045, 716058.6 2483056, 716082.8 2483066, 716107.5 2483075, 716132.6 2483082, 716158 2483088, 716183.8 2483093, 716209.7 2483096, 716235.8 2483098, 716262 2483099, 716288.1 2483098, 716314.2 2483096, 716340.2 2483093, 716365.9 2483088, 716391.4 2483082, 716416.5 2483075, 716441.2 2483066, 716465.3 2483056, 716489 2483045, 716512 2483032, 716534.3 2483018, 716555.9 2483004, 716576.6 2482988, 716596.5 2482971, 716615.5 2482953, 716633.5 2482934, 716650.5 2482914, 716666.5 2482893, 716681.3 2482871, 716695 2482849, 716707.5 2482826, 716718.7 2482802, 716728.8 2482778, 716737.5 2482754, 716744.9 2482728, 716751 2482703, 716755.8 2482677, 716759.2 2482651, 716761.3 2482625, 716762 2482599))"
41,20260550,Forest,3364.0069889341876,13.660357418805527,4.024451939291737,0,Dai,NA,NA,1,0,0,4712,177.88408513739742,268.5773905226917,887.5887451171875,12.080909729003906,276.7762175070829,780.3814709186554,0,0.35457792186335874,1,100,0,0,0,0,1,0,0.11799179520910133,-0.9930145700156335,8.120888098657323,2.614498019159453,1.3923887374482258,"POLYGON ((679219.9 2470029, 679219.2 2470003, 679217.1 2469977, 679213.7 2469951, 679208.9 2469925, 679202.8 2469900, 679195.4 2469874, 679186.6 2469850, 679176.6 2469826, 679165.4 2469802, 679152.9 2469779, 679139.2 2469757, 679124.4 2469735, 679108.4 2469714, 679091.4 2469694, 679073.4 2469675, 679054.4 2469657, 679034.5 2469640, 679013.7 2469624, 678992.2 2469610, 678969.9 2469596, 678946.9 2469583, 678923.2 2469572, 678899 2469562, 678874.4 2469553, 678849.3 2469546, 678823.8 2469540, 678798.1 2469535, 678772.1 2469532, 678746 2469530, 678719.9 2469529, 678693.7 2469530, 678667.6 2469532, 678641.6 2469535, 678615.9 2469540, 678590.4 2469546, 678565.3 2469553, 678540.7 2469562, 678516.5 2469572, 678492.9 2469583, 678469.9 2469596, 678447.5 2469610, 678426 2469624, 678405.2 2469640, 678385.3 2469657, 678366.3 2469675, 678348.3 2469694, 678331.3 2469714, 678315.3 2469735, 678300.5 2469757, 678286.8 2469779, 678274.4 2469802, 678263.1 2469826, 678253.1 2469850, 678244.3 2469874, 678236.9 2469900, 678230.8 2469925, 678226 2469951, 678222.6 2469977, 678220.5 2470003, 678219.9 2470029, 678220.5 2470055, 678222.6 2470081, 678226 2470107, 678230.8 2470133, 678236.9 2470158, 678244.3 2470183, 678253.1 2470208, 678263.1 2470232, 678274.4 2470256, 678286.8 2470279, 678300.5 2470301, 678315.3 2470323, 678331.3 2470344, 678348.3 2470364, 678366.3 2470383, 678385.3 2470401, 678405.2 2470418, 678426 2470433, 678447.5 2470448, 678469.9 2470462, 678492.9 2470474, 678516.5 2470486, 678540.7 2470496, 678565.3 2470504, 678590.4 2470512, 678615.9 2470518, 678641.6 2470523, 678667.6 2470526, 678693.7 2470528, 678719.9 2470529, 678746 2470528, 678772.1 2470526, 678798.1 2470523, 678823.8 2470518, 678849.3 2470512, 678874.4 2470504, 678899 2470496, 678923.2 2470486, 678946.9 2470474, 678969.9 2470462, 678992.2 2470448, 679013.7 2470433, 679034.5 2470418, 679054.4 2470401, 679073.4 2470383, 679091.4 2470364, 679108.4 2470344, 679124.4 2470323, 679139.2 2470301, 679152.9 2470279, 679165.4 2470256, 679176.6 2470232, 679186.6 2470208, 679195.4 2470183, 679202.8 2470158, 679208.9 2470133, 679213.7 2470107, 679217.1 2470081, 679219.2 2470055, 679219.9 2470029))"
41,20260550,Forest,5300,11.357870574345577,3.2247191011235956,0,Dai,NA,NA,1,0,0,4755,26.944787859625496,239.16704616257238,699.2353515625,11.659878730773926,176.86344181202352,57423.508071899414,0,0.7455987806829132,1,78,11062.778377532959,0.19265243014553138,3600,0.06269209459464711,1,0,-0.9985019614977723,0.05471592898874521,8.575462099540212,2.4299109462807524,1.1708458460274813,"POLYGON ((744003.6 2351814, 744002.9 2351788, 744000.8 2351762, 743997.4 2351736, 743992.7 2351710, 743986.5 2351685, 743979.1 2351659, 743970.4 2351635, 743960.4 2351611, 743949.1 2351587, 743936.6 2351564, 743922.9 2351542, 743908.1 2351520, 743892.2 2351499, 743875.2 2351479, 743857.1 2351460, 743838.2 2351442, 743818.2 2351425, 743797.5 2351409, 743775.9 2351395, 743753.6 2351381, 743730.6 2351368, 743707 2351357, 743682.8 2351347, 743658.1 2351338, 743633 2351331, 743607.5 2351325, 743581.8 2351320, 743555.9 2351317, 743529.8 2351315, 743503.6 2351314, 743477.4 2351315, 743451.3 2351317, 743425.4 2351320, 743399.6 2351325, 743374.2 2351331, 743349.1 2351338, 743324.4 2351347, 743300.2 2351357, 743276.6 2351368, 743253.6 2351381, 743231.3 2351395, 743209.7 2351409, 743188.9 2351425, 743169 2351442, 743150 2351460, 743132 2351479, 743115 2351499, 743099.1 2351520, 743084.3 2351542, 743070.6 2351564, 743058.1 2351587, 743046.8 2351611, 743036.8 2351635, 743028.1 2351659, 743020.6 2351685, 743014.5 2351710, 743009.7 2351736, 743006.3 2351762, 743004.3 2351788, 743003.6 2351814, 743004.3 2351840, 743006.3 2351866, 743009.7 2351892, 743014.5 2351918, 743020.6 2351943, 743028.1 2351968, 743036.8 2351993, 743046.8 2352017, 743058.1 2352041, 743070.6 2352064, 743084.3 2352086, 743099.1 2352108, 743115 2352129, 743132 2352149, 743150 2352168, 743169 2352186, 743188.9 2352203, 743209.7 2352218, 743231.3 2352233, 743253.6 2352247, 743276.6 2352259, 743300.2 2352271, 743324.4 2352281, 743349.1 2352290, 743374.2 2352297, 743399.6 2352303, 743425.4 2352308, 743451.3 2352311, 743477.4 2352313, 743503.6 2352314, 743529.8 2352313, 743555.9 2352311, 743581.8 2352308, 743607.5 2352303, 743633 2352297, 743658.1 2352290, 743682.8 2352281, 743707 2352271, 743730.6 2352259, 743753.6 2352247, 743775.9 2352233, 743797.5 2352218, 743818.2 2352203, 743838.2 2352186, 743857.1 2352168, 743875.2 2352149, 743892.2 2352129, 743908.1 2352108, 743922.9 2352086, 743936.6 2352064, 743949.1 2352041, 743960.4 2352017, 743970.4 2351993, 743979.1 2351968, 743986.5 2351943, 743992.7 2351918, 743997.4 2351892, 744000.8 2351866, 744002.9 2351840, 744003.6 2351814))"
41,20260550,Forest,6519.263617384702,143.3536045654432,0.9216765453005927,0,Dai,NA,NA,1,0,0,4841,204.53172203211693,580.0087415730187,724.35150146484375,11.81737232208252,208.4153594881863,49602.31704711914,107824.0951538086,0.4986142541688131,1,12,49602.31704711914,1,0,0,1,0,-0.8795210389477144,-0.47586000257253513,8.782516706423346,4.965314337220381,-0.08156093552276016,"POLYGON ((670810.1 2389884, 670809.4 2389858, 670807.4 2389832, 670803.9 2389806, 670799.2 2389780, 670793.1 2389755, 670785.6 2389730, 670776.9 2389705, 670766.9 2389681, 670755.6 2389657, 670743.1 2389634, 670729.4 2389612, 670714.6 2389590, 670698.7 2389569, 670681.7 2389550, 670663.6 2389531, 670644.7 2389513, 670624.8 2389496, 670604 2389480, 670582.4 2389465, 670560.1 2389451, 670537.1 2389439, 670513.5 2389427, 670489.3 2389417, 670464.6 2389409, 670439.5 2389401, 670414 2389395, 670388.3 2389390, 670362.4 2389387, 670336.3 2389385, 670310.1 2389384, 670283.9 2389385, 670257.8 2389387, 670231.9 2389390, 670206.1 2389395, 670180.7 2389401, 670155.6 2389409, 670130.9 2389417, 670106.7 2389427, 670083.1 2389439, 670060.1 2389451, 670037.8 2389465, 670016.2 2389480, 669995.4 2389496, 669975.5 2389513, 669956.5 2389531, 669938.5 2389550, 669921.5 2389569, 669905.6 2389590, 669890.8 2389612, 669877.1 2389634, 669864.6 2389657, 669853.3 2389681, 669843.3 2389705, 669834.6 2389730, 669827.1 2389755, 669821 2389780, 669816.2 2389806, 669812.8 2389832, 669810.8 2389858, 669810.1 2389884, 669810.8 2389910, 669812.8 2389936, 669816.2 2389962, 669821 2389988, 669827.1 2390014, 669834.6 2390039, 669843.3 2390063, 669853.3 2390088, 669864.6 2390111, 669877.1 2390134, 669890.8 2390156, 669905.6 2390178, 669921.5 2390199, 669938.5 2390219, 669956.5 2390238, 669975.5 2390256, 669995.4 2390273, 670016.2 2390289, 670037.8 2390303, 670060.1 2390317, 670083.1 2390330, 670106.7 2390341, 670130.9 2390351, 670155.6 2390360, 670180.7 2390367, 670206.1 2390373, 670231.9 2390378, 670257.8 2390381, 670283.9 2390383, 670310.1 2390384, 670336.3 2390383, 670362.4 2390381, 670388.3 2390378, 670414 2390373, 670439.5 2390367, 670464.6 2390360, 670489.3 2390351, 670513.5 2390341, 670537.1 2390330, 670560.1 2390317, 670582.4 2390303, 670604 2390289, 670624.8 2390273, 670644.7 2390256, 670663.6 2390238, 670681.7 2390219, 670698.7 2390199, 670714.6 2390178, 670729.4 2390156, 670743.1 2390134, 670755.6 2390111, 670766.9 2390088, 670776.9 2390063, 670785.6 2390039, 670793.1 2390014, 670799.2 2389988, 670803.9 2389962, 670807.4 2389936, 670809.4 2389910, 670810.1 2389884))"
41,20260550,Forest,6074.664429530201,13.119310196178745,1.7788079470198674,0,Dai,NA,NA,1,0,0,4843,783.1329640222808,984.7215602292509,908.72100830078125,7.3630290031433105,16.64596367252751,709762.2802734375,0,0.05475713147026727,1,83,440295.91369628906,0.6203427907251764,25408.92219543457,0.03579920052337203,1,0,0.9580930819385772,0.2864570584597954,8.711882028745663,2.5740852056229833,0.5759434472742128,"POLYGON ((717187.3 2479735, 717186.6 2479709, 717184.5 2479683, 717181.1 2479657, 717176.3 2479631, 717170.2 2479606, 717162.8 2479581, 717154.1 2479556, 717144 2479532, 717132.8 2479508, 717120.3 2479485, 717106.6 2479463, 717091.8 2479441, 717075.8 2479421, 717058.8 2479401, 717040.8 2479382, 717021.8 2479364, 717001.9 2479347, 716981.2 2479331, 716959.6 2479316, 716937.3 2479302, 716914.3 2479290, 716890.6 2479278, 716866.5 2479268, 716841.8 2479260, 716816.7 2479252, 716791.2 2479246, 716765.5 2479241, 716739.5 2479238, 716713.4 2479236, 716687.3 2479235, 716661.1 2479236, 716635 2479238, 716609.1 2479241, 716583.3 2479246, 716557.9 2479252, 716532.8 2479260, 716508.1 2479268, 716483.9 2479278, 716460.3 2479290, 716437.3 2479302, 716415 2479316, 716393.4 2479331, 716372.6 2479347, 716352.7 2479364, 716333.7 2479382, 716315.7 2479401, 716298.7 2479421, 716282.8 2479441, 716267.9 2479463, 716254.3 2479485, 716241.8 2479508, 716230.5 2479532, 716220.5 2479556, 716211.7 2479581, 716204.3 2479606, 716198.2 2479631, 716193.4 2479657, 716190 2479683, 716188 2479709, 716187.3 2479735, 716188 2479761, 716190 2479788, 716193.4 2479813, 716198.2 2479839, 716204.3 2479865, 716211.7 2479890, 716220.5 2479914, 716230.5 2479939, 716241.8 2479962, 716254.3 2479985, 716267.9 2480008, 716282.8 2480029, 716298.7 2480050, 716315.7 2480070, 716333.7 2480089, 716352.7 2480107, 716372.6 2480124, 716393.4 2480140, 716415 2480155, 716437.3 2480168, 716460.3 2480181, 716483.9 2480192, 716508.1 2480202, 716532.8 2480211, 716557.9 2480218, 716583.3 2480224, 716609.1 2480229, 716635 2480233, 716661.1 2480235, 716687.3 2480235, 716713.4 2480235, 716739.5 2480233, 716765.5 2480229, 716791.2 2480224, 716816.7 2480218, 716841.8 2480211, 716866.5 2480202, 716890.6 2480192, 716914.3 2480181, 716937.3 2480168, 716959.6 2480155, 716981.2 2480140, 717001.9 2480124, 717021.8 2480107, 717040.8 2480089, 717058.8 2480070, 717075.8 2480050, 717091.8 2480029, 717106.6 2480008, 717120.3 2479985, 717132.8 2479962, 717144 2479939, 717154.1 2479914, 717162.8 2479890, 717170.2 2479865, 717176.3 2479839, 717181.1 2479813, 717184.5 2479788, 717186.6 2479761, 717187.3 2479735))"
41,20260550,Forest,7140.869565217392,136.6695132063556,2.088718220338983,0,Dai,NA,NA,1,0,0,4848,651.5808238433534,1169.0549227878632,1198.22509765625,1.130289077758789,145.26436069798103,7200,2700,0.04790805861678115,1,66,0,0,7200,1,1,0,-0.821789776954553,0.5697908059042248,8.873589835763665,4.917565699152524,0.7365505861325996,"POLYGON ((629606.2 2439062, 629605.5 2439036, 629603.4 2439010, 629600 2438984, 629595.3 2438958, 629589.1 2438933, 629581.7 2438908, 629573 2438883, 629563 2438859, 629551.7 2438835, 629539.2 2438812, 629525.5 2438790, 629510.7 2438768, 629494.8 2438747, 629477.8 2438727, 629459.7 2438708, 629440.7 2438690, 629420.8 2438673, 629400.1 2438658, 629378.5 2438643, 629356.2 2438629, 629333.2 2438617, 629309.5 2438605, 629285.4 2438595, 629260.7 2438587, 629235.6 2438579, 629210.1 2438573, 629184.4 2438568, 629158.4 2438565, 629132.3 2438563, 629106.2 2438562, 629080 2438563, 629053.9 2438565, 629028 2438568, 629002.2 2438573, 628976.8 2438579, 628951.7 2438587, 628927 2438595, 628902.8 2438605, 628879.2 2438617, 628856.2 2438629, 628833.9 2438643, 628812.3 2438658, 628791.5 2438673, 628771.6 2438690, 628752.6 2438708, 628734.6 2438727, 628717.6 2438747, 628701.7 2438768, 628686.8 2438790, 628673.2 2438812, 628660.7 2438835, 628649.4 2438859, 628639.4 2438883, 628630.7 2438908, 628623.2 2438933, 628617.1 2438958, 628612.3 2438984, 628608.9 2439010, 628606.9 2439036, 628606.2 2439062, 628606.9 2439088, 628608.9 2439114, 628612.3 2439140, 628617.1 2439166, 628623.2 2439191, 628630.7 2439217, 628639.4 2439241, 628649.4 2439265, 628660.7 2439289, 628673.2 2439312, 628686.8 2439334, 628701.7 2439356, 628717.6 2439377, 628734.6 2439397, 628752.6 2439416, 628771.6 2439434, 628791.5 2439451, 628812.3 2439467, 628833.9 2439481, 628856.2 2439495, 628879.2 2439508, 628902.8 2439519, 628927 2439529, 628951.7 2439538, 628976.8 2439545, 629002.2 2439551, 629028 2439556, 629053.9 2439559, 629080 2439561, 629106.2 2439562, 629132.3 2439561, 629158.4 2439559, 629184.4 2439556, 629210.1 2439551, 629235.6 2439545, 629260.7 2439538, 629285.4 2439529, 629309.5 2439519, 629333.2 2439508, 629356.2 2439495, 629378.5 2439481, 629400.1 2439467, 629420.8 2439451, 629440.7 2439434, 629459.7 2439416, 629477.8 2439397, 629494.8 2439377, 629510.7 2439356, 629525.5 2439334, 629539.2 2439312, 629551.7 2439289, 629563 2439265, 629573 2439241, 629581.7 2439217, 629589.1 2439191, 629595.3 2439166, 629600 2439140, 629603.4 2439114, 629605.5 2439088, 629606.2 2439062))"
41,20260550,Forest,6519.263617384702,143.3536045654432,0.9216765453005927,0,Dai,NA,NA,1,0,0,4873,63.93193527304487,646.9875924904954,715.85443115234375,10.658512115478516,53.39643636204686,32402.468490600586,22109.599113464355,0.38797038471356393,1,63,32402.468490600586,1,0,0,1,0,0.5962748068239546,0.8027803901111783,8.782516706423346,4.965314337220381,-0.08156093552276016,"POLYGON ((670956.9 2389988, 670956.2 2389962, 670954.2 2389936, 670950.8 2389910, 670946 2389884, 670939.9 2389859, 670932.4 2389833, 670923.7 2389809, 670913.7 2389785, 670902.4 2389761, 670889.9 2389738, 670876.3 2389716, 670861.4 2389694, 670845.5 2389673, 670828.5 2389653, 670810.5 2389634, 670791.5 2389616, 670771.6 2389599, 670750.8 2389583, 670729.2 2389569, 670706.9 2389555, 670683.9 2389542, 670660.3 2389531, 670636.1 2389521, 670611.4 2389512, 670586.3 2389505, 670560.9 2389499, 670535.1 2389494, 670509.2 2389491, 670483.1 2389489, 670456.9 2389488, 670430.7 2389489, 670404.7 2389491, 670378.7 2389494, 670353 2389499, 670327.5 2389505, 670302.4 2389512, 670277.7 2389521, 670253.5 2389531, 670229.9 2389542, 670206.9 2389555, 670184.6 2389569, 670163 2389583, 670142.3 2389599, 670122.4 2389616, 670103.4 2389634, 670085.3 2389653, 670068.3 2389673, 670052.4 2389694, 670037.6 2389716, 670023.9 2389738, 670011.4 2389761, 670000.1 2389785, 669990.1 2389809, 669981.4 2389833, 669974 2389859, 669967.8 2389884, 669963.1 2389910, 669959.7 2389936, 669957.6 2389962, 669956.9 2389988, 669957.6 2390014, 669959.7 2390040, 669963.1 2390066, 669967.8 2390092, 669974 2390117, 669981.4 2390142, 669990.1 2390167, 670000.1 2390191, 670011.4 2390215, 670023.9 2390238, 670037.6 2390260, 670052.4 2390282, 670068.3 2390303, 670085.3 2390323, 670103.4 2390342, 670122.4 2390360, 670142.3 2390377, 670163 2390392, 670184.6 2390407, 670206.9 2390421, 670229.9 2390433, 670253.5 2390445, 670277.7 2390455, 670302.4 2390464, 670327.5 2390471, 670353 2390477, 670378.7 2390482, 670404.7 2390485, 670430.7 2390487, 670456.9 2390488, 670483.1 2390487, 670509.2 2390485, 670535.1 2390482, 670560.9 2390477, 670586.3 2390471, 670611.4 2390464, 670636.1 2390455, 670660.3 2390445, 670683.9 2390433, 670706.9 2390421, 670729.2 2390407, 670750.8 2390392, 670771.6 2390377, 670791.5 2390360, 670810.5 2390342, 670828.5 2390323, 670845.5 2390303, 670861.4 2390282, 670876.3 2390260, 670889.9 2390238, 670902.4 2390215, 670913.7 2390191, 670923.7 2390167, 670932.4 2390142, 670939.9 2390117, 670946 2390092, 670950.8 2390066, 670954.2 2390040, 670956.2 2390014, 670956.9 2389988))"
41,20260550,Forest,3364.0069889341876,13.660357418805527,4.024451939291737,0,Dai,NA,NA,1,0,0,4876,41.41965230502623,111.99604708632707,957.57330322265625,7.593157768249512,56.38909231686259,451271.6125488281,6300,0.4552633007722782,1,75,4627.112674713135,0.010253498217135197,44076.29699707031,0.0976713264725935,1,0,0.5535501065825025,0.8328158737094894,8.120888098657323,2.614498019159453,1.3923887374482258,"POLYGON ((679366.4 2477525, 679365.7 2477499, 679363.7 2477473, 679360.3 2477447, 679355.5 2477421, 679349.4 2477396, 679342 2477371, 679333.2 2477346, 679323.2 2477322, 679311.9 2477298, 679299.4 2477275, 679285.8 2477253, 679270.9 2477232, 679255 2477211, 679238 2477191, 679220 2477172, 679201 2477154, 679181.1 2477137, 679160.3 2477121, 679138.7 2477106, 679116.4 2477092, 679093.4 2477080, 679069.8 2477069, 679045.6 2477059, 679020.9 2477050, 678995.8 2477042, 678970.4 2477036, 678944.6 2477032, 678918.7 2477028, 678892.6 2477026, 678866.4 2477025, 678840.3 2477026, 678814.2 2477028, 678788.2 2477032, 678762.5 2477036, 678737 2477042, 678711.9 2477050, 678687.2 2477059, 678663.1 2477069, 678639.4 2477080, 678616.4 2477092, 678594.1 2477106, 678572.5 2477121, 678551.8 2477137, 678531.9 2477154, 678512.9 2477172, 678494.9 2477191, 678477.9 2477211, 678461.9 2477232, 678447.1 2477253, 678433.4 2477275, 678420.9 2477298, 678409.7 2477322, 678399.6 2477346, 678390.9 2477371, 678383.5 2477396, 678377.4 2477421, 678372.6 2477447, 678369.2 2477473, 678367.1 2477499, 678366.4 2477525, 678367.1 2477552, 678369.2 2477578, 678372.6 2477604, 678377.4 2477629, 678383.5 2477655, 678390.9 2477680, 678399.6 2477705, 678409.7 2477729, 678420.9 2477752, 678433.4 2477775, 678447.1 2477798, 678461.9 2477819, 678477.9 2477840, 678494.9 2477860, 678512.9 2477879, 678531.9 2477897, 678551.8 2477914, 678572.5 2477930, 678594.1 2477945, 678616.4 2477958, 678639.4 2477971, 678663.1 2477982, 678687.2 2477992, 678711.9 2478001, 678737 2478008, 678762.5 2478014, 678788.2 2478019, 678814.2 2478023, 678840.3 2478025, 678866.4 2478025, 678892.6 2478025, 678918.7 2478023, 678944.6 2478019, 678970.4 2478014, 678995.8 2478008, 679020.9 2478001, 679045.6 2477992, 679069.8 2477982, 679093.4 2477971, 679116.4 2477958, 679138.7 2477945, 679160.3 2477930, 679181.1 2477914, 679201 2477897, 679220 2477879, 679238 2477860, 679255 2477840, 679270.9 2477819, 679285.8 2477798, 679299.4 2477775, 679311.9 2477752, 679323.2 2477729, 679333.2 2477705, 679342 2477680, 679349.4 2477655, 679355.5 2477629, 679360.3 2477604, 679363.7 2477578, 679365.7 2477552, 679366.4 2477525))"
41,20260550,Forest,9439.29173693086,188.16805012166466,1.9389686684073106,0,Dai,NA,NA,1,0,0,4886,979.372064192871,1022.0227846107135,648.0345458984375,8.778801918029785,195.02572624013536,78466.02401733398,97029.23126220703,0.25510223120112324,1,81,76666.02401733398,0.9770601349750772,0,0,1,0,-0.9658095172070171,-0.25925272702972385,9.152636228457322,5.237335447179777,0.6621562174952594,"POLYGON ((705060.9 2427537, 705060.3 2427511, 705058.2 2427485, 705054.8 2427459, 705050 2427433, 705043.9 2427408, 705036.5 2427383, 705027.7 2427358, 705017.7 2427334, 705006.4 2427310, 704994 2427287, 704980.3 2427265, 704965.4 2427243, 704949.5 2427222, 704932.5 2427203, 704914.5 2427184, 704895.5 2427166, 704875.6 2427149, 704854.8 2427133, 704833.3 2427118, 704810.9 2427104, 704787.9 2427092, 704764.3 2427080, 704740.1 2427070, 704715.4 2427062, 704690.3 2427054, 704664.9 2427048, 704639.2 2427043, 704613.2 2427040, 704587.1 2427038, 704560.9 2427037, 704534.8 2427038, 704508.7 2427040, 704482.7 2427043, 704457 2427048, 704431.5 2427054, 704406.4 2427062, 704381.8 2427070, 704357.6 2427080, 704333.9 2427092, 704310.9 2427104, 704288.6 2427118, 704267 2427133, 704246.3 2427149, 704226.4 2427166, 704207.4 2427184, 704189.4 2427203, 704172.4 2427222, 704156.4 2427243, 704141.6 2427265, 704127.9 2427287, 704115.4 2427310, 704104.2 2427334, 704094.1 2427358, 704085.4 2427383, 704078 2427408, 704071.9 2427433, 704067.1 2427459, 704063.7 2427485, 704061.6 2427511, 704060.9 2427537, 704061.6 2427563, 704063.7 2427589, 704067.1 2427615, 704071.9 2427641, 704078 2427667, 704085.4 2427692, 704094.1 2427716, 704104.2 2427741, 704115.4 2427764, 704127.9 2427787, 704141.6 2427809, 704156.4 2427831, 704172.4 2427852, 704189.4 2427872, 704207.4 2427891, 704226.4 2427909, 704246.3 2427926, 704267 2427942, 704288.6 2427956, 704310.9 2427970, 704333.9 2427983, 704357.6 2427994, 704381.8 2428004, 704406.4 2428013, 704431.5 2428020, 704457 2428026, 704482.7 2428031, 704508.7 2428034, 704534.8 2428036, 704560.9 2428037, 704587.1 2428036, 704613.2 2428034, 704639.2 2428031, 704664.9 2428026, 704690.3 2428020, 704715.4 2428013, 704740.1 2428004, 704764.3 2427994, 704787.9 2427983, 704810.9 2427970, 704833.3 2427956, 704854.8 2427942, 704875.6 2427926, 704895.5 2427909, 704914.5 2427891, 704932.5 2427872, 704949.5 2427852, 704965.4 2427831, 704980.3 2427809, 704994 2427787, 705006.4 2427764, 705017.7 2427741, 705027.7 2427716, 705036.5 2427692, 705043.9 2427667, 705050 2427641, 705054.8 2427615, 705058.2 2427589, 705060.3 2427563, 705060.9 2427537))"
41,20260550,Forest,5300,11.357870574345577,3.2247191011235956,0,Dai,NA,NA,1,0,0,4925,1.2700972909777832,139.52002939652576,732.7860107421875,14.053767204284668,152.49580714314808,231526.89514160156,0,0.5786464641346595,1,36,65767.1401977539,0.2840583171019108,12429.884433746338,0.0536865681464101,1,0,-0.8869770404288736,0.46181352270373843,8.575462099540212,2.4299109462807524,1.1708458460274813,"POLYGON ((743935.3 2351479, 743934.6 2351453, 743932.5 2351427, 743929.1 2351401, 743924.4 2351375, 743918.2 2351350, 743910.8 2351325, 743902.1 2351300, 743892.1 2351276, 743880.8 2351252, 743868.3 2351229, 743854.6 2351207, 743839.8 2351185, 743823.9 2351165, 743806.9 2351145, 743788.8 2351126, 743769.9 2351108, 743749.9 2351091, 743729.2 2351075, 743707.6 2351060, 743685.3 2351046, 743662.3 2351034, 743638.7 2351022, 743614.5 2351012, 743589.8 2351004, 743564.7 2350996, 743539.2 2350990, 743513.5 2350985, 743487.5 2350982, 743461.5 2350980, 743435.3 2350979, 743409.1 2350980, 743383 2350982, 743357.1 2350985, 743331.3 2350990, 743305.9 2350996, 743280.8 2351004, 743256.1 2351012, 743231.9 2351022, 743208.3 2351034, 743185.3 2351046, 743163 2351060, 743141.4 2351075, 743120.6 2351091, 743100.7 2351108, 743081.7 2351126, 743063.7 2351145, 743046.7 2351165, 743030.8 2351185, 743015.9 2351207, 743002.3 2351229, 742989.8 2351252, 742978.5 2351276, 742968.5 2351300, 742959.8 2351325, 742952.3 2351350, 742946.2 2351375, 742941.4 2351401, 742938 2351427, 742936 2351453, 742935.3 2351479, 742936 2351505, 742938 2351532, 742941.4 2351557, 742946.2 2351583, 742952.3 2351609, 742959.8 2351634, 742968.5 2351658, 742978.5 2351683, 742989.8 2351706, 743002.3 2351729, 743015.9 2351752, 743030.8 2351773, 743046.7 2351794, 743063.7 2351814, 743081.7 2351833, 743100.7 2351851, 743120.6 2351868, 743141.4 2351884, 743163 2351899, 743185.3 2351912, 743208.3 2351925, 743231.9 2351936, 743256.1 2351946, 743280.8 2351955, 743305.9 2351962, 743331.3 2351968, 743357.1 2351973, 743383 2351976, 743409.1 2351979, 743435.3 2351979, 743461.5 2351979, 743487.5 2351976, 743513.5 2351973, 743539.2 2351968, 743564.7 2351962, 743589.8 2351955, 743614.5 2351946, 743638.7 2351936, 743662.3 2351925, 743685.3 2351912, 743707.6 2351899, 743729.2 2351884, 743749.9 2351868, 743769.9 2351851, 743788.8 2351833, 743806.9 2351814, 743823.9 2351794, 743839.8 2351773, 743854.6 2351752, 743868.3 2351729, 743880.8 2351706, 743892.1 2351683, 743902.1 2351658, 743910.8 2351634, 743918.2 2351609, 743924.4 2351583, 743929.1 2351557, 743932.5 2351532, 743934.6 2351505, 743935.3 2351479))"
41,20260550,Forest,8188.0269814502535,88.83161082476238,1.7932636469221834,0,Dai,NA,NA,1,0,0,4939,399.44967812345686,460.2854538871419,937.74853515625,11.573748588562012,292.1842506660258,220385.22033691406,30559.065628051758,0.1531033371365785,1,61,1800,0.00816751684731058,0,0,1,0,0.3775862713400067,-0.9259744098491873,9.01042824201882,4.4867425644094086,0.5840372261569906,"POLYGON ((720166.6 2421509, 720165.9 2421483, 720163.8 2421457, 720160.4 2421431, 720155.6 2421405, 720149.5 2421380, 720142.1 2421354, 720133.4 2421330, 720123.3 2421306, 720112.1 2421282, 720099.6 2421259, 720085.9 2421237, 720071.1 2421215, 720055.1 2421194, 720038.1 2421174, 720020.1 2421155, 720001.1 2421137, 719981.2 2421120, 719960.5 2421104, 719938.9 2421090, 719916.6 2421076, 719893.6 2421063, 719869.9 2421052, 719845.8 2421042, 719821.1 2421033, 719796 2421026, 719770.5 2421020, 719744.8 2421015, 719718.8 2421012, 719692.7 2421010, 719666.6 2421009, 719640.4 2421010, 719614.3 2421012, 719588.4 2421015, 719562.6 2421020, 719537.2 2421026, 719512.1 2421033, 719487.4 2421042, 719463.2 2421052, 719439.6 2421063, 719416.6 2421076, 719394.3 2421090, 719372.7 2421104, 719351.9 2421120, 719332 2421137, 719313 2421155, 719295 2421174, 719278 2421194, 719262.1 2421215, 719247.2 2421237, 719233.6 2421259, 719221.1 2421282, 719209.8 2421306, 719199.8 2421330, 719191 2421354, 719183.6 2421380, 719177.5 2421405, 719172.7 2421431, 719169.3 2421457, 719167.3 2421483, 719166.6 2421509, 719167.3 2421535, 719169.3 2421561, 719172.7 2421587, 719177.5 2421613, 719183.6 2421638, 719191 2421663, 719199.8 2421688, 719209.8 2421712, 719221.1 2421736, 719233.6 2421759, 719247.2 2421781, 719262.1 2421803, 719278 2421824, 719295 2421844, 719313 2421862, 719332 2421881, 719351.9 2421898, 719372.7 2421913, 719394.3 2421928, 719416.6 2421942, 719439.6 2421954, 719463.2 2421966, 719487.4 2421976, 719512.1 2421984, 719537.2 2421992, 719562.6 2421998, 719588.4 2422003, 719614.3 2422006, 719640.4 2422008, 719666.6 2422009, 719692.7 2422008, 719718.8 2422006, 719744.8 2422003, 719770.5 2421998, 719796 2421992, 719821.1 2421984, 719845.8 2421976, 719869.9 2421966, 719893.6 2421954, 719916.6 2421942, 719938.9 2421928, 719960.5 2421913, 719981.2 2421898, 720001.1 2421881, 720020.1 2421862, 720038.1 2421844, 720055.1 2421824, 720071.1 2421803, 720085.9 2421781, 720099.6 2421759, 720112.1 2421736, 720123.3 2421712, 720133.4 2421688, 720142.1 2421663, 720149.5 2421638, 720155.6 2421613, 720160.4 2421587, 720163.8 2421561, 720165.9 2421535, 720166.6 2421509))"
41,20260550,Forest,5300,11.357870574345577,3.2247191011235956,0,Dai,NA,NA,1,0,0,4945,348.10804598230413,921.1660980681656,701.090087890625,6.625682830810547,114.62399711865369,46901.348876953125,0,0.4610623369698292,1,89,33401.348876953125,0.7121617965526409,13500,0.2878382034473591,1,0,-0.4166615699439834,0.9090616789480321,8.575462099540212,2.4299109462807524,1.1708458460274813,"POLYGON ((736351.4 2351099, 736350.7 2351073, 736348.7 2351047, 736345.3 2351021, 736340.5 2350995, 736334.4 2350970, 736327 2350945, 736318.2 2350920, 736308.2 2350896, 736296.9 2350872, 736284.4 2350849, 736270.8 2350827, 736255.9 2350805, 736240 2350784, 736223 2350765, 736205 2350746, 736186 2350727, 736166.1 2350710, 736145.3 2350695, 736123.8 2350680, 736101.4 2350666, 736078.4 2350654, 736054.8 2350642, 736030.6 2350632, 736005.9 2350624, 735980.8 2350616, 735955.4 2350610, 735929.7 2350605, 735903.7 2350602, 735877.6 2350600, 735851.4 2350599, 735825.3 2350600, 735799.2 2350602, 735773.2 2350605, 735747.5 2350610, 735722 2350616, 735696.9 2350624, 735672.3 2350632, 735648.1 2350642, 735624.4 2350654, 735601.4 2350666, 735579.1 2350680, 735557.5 2350695, 735536.8 2350710, 735516.9 2350727, 735497.9 2350746, 735479.9 2350765, 735462.9 2350784, 735446.9 2350805, 735432.1 2350827, 735418.4 2350849, 735405.9 2350872, 735394.7 2350896, 735384.6 2350920, 735375.9 2350945, 735368.5 2350970, 735362.4 2350995, 735357.6 2351021, 735354.2 2351047, 735352.1 2351073, 735351.4 2351099, 735352.1 2351125, 735354.2 2351151, 735357.6 2351177, 735362.4 2351203, 735368.5 2351228, 735375.9 2351254, 735384.6 2351278, 735394.7 2351302, 735405.9 2351326, 735418.4 2351349, 735432.1 2351371, 735446.9 2351393, 735462.9 2351414, 735479.9 2351434, 735497.9 2351453, 735516.9 2351471, 735536.8 2351488, 735557.5 2351504, 735579.1 2351518, 735601.4 2351532, 735624.4 2351545, 735648.1 2351556, 735672.3 2351566, 735696.9 2351575, 735722 2351582, 735747.5 2351588, 735773.2 2351593, 735799.2 2351596, 735825.3 2351598, 735851.4 2351599, 735877.6 2351598, 735903.7 2351596, 735929.7 2351593, 735955.4 2351588, 735980.8 2351582, 736005.9 2351575, 736030.6 2351566, 736054.8 2351556, 736078.4 2351545, 736101.4 2351532, 736123.8 2351518, 736145.3 2351504, 736166.1 2351488, 736186 2351471, 736205 2351453, 736223 2351434, 736240 2351414, 736255.9 2351393, 736270.8 2351371, 736284.4 2351349, 736296.9 2351326, 736308.2 2351302, 736318.2 2351278, 736327 2351254, 736334.4 2351228, 736340.5 2351203, 736345.3 2351177, 736348.7 2351151, 736350.7 2351125, 736351.4 2351099))"
41,20260550,Forest,6109.060402684564,16.49307014828121,2.182649842271293,0,Dai,NA,NA,1,0,0,5066,127.81731529261805,501.4435395557098,860.503173828125,7.6276984214782715,286.33290406305207,777747.1618652344,0,0.5606822757098978,1,18,486966.02783203125,0.6261238249512394,110473.65417480469,0.14204314665689158,1,0,0.281217863658507,-0.9596439512440775,8.717528260092221,2.802940301672347,0.7805396626274846,"POLYGON ((718420.8 2477111, 718420.1 2477084, 718418.1 2477058, 718414.6 2477032, 718409.9 2477007, 718403.8 2476981, 718396.3 2476956, 718387.6 2476931, 718377.6 2476907, 718366.3 2476884, 718353.8 2476861, 718340.1 2476838, 718325.3 2476817, 718309.4 2476796, 718292.4 2476776, 718274.3 2476757, 718255.4 2476739, 718235.5 2476722, 718214.7 2476706, 718193.1 2476691, 718170.8 2476678, 718147.8 2476665, 718124.2 2476654, 718100 2476644, 718075.3 2476635, 718050.2 2476628, 718024.7 2476621, 717999 2476617, 717973.1 2476613, 717947 2476611, 717920.8 2476611, 717894.6 2476611, 717868.5 2476613, 717842.6 2476617, 717816.8 2476621, 717791.4 2476628, 717766.3 2476635, 717741.6 2476644, 717717.4 2476654, 717693.8 2476665, 717670.8 2476678, 717648.5 2476691, 717626.9 2476706, 717606.1 2476722, 717586.2 2476739, 717567.2 2476757, 717549.2 2476776, 717532.2 2476796, 717516.3 2476817, 717501.5 2476838, 717487.8 2476861, 717475.3 2476884, 717464 2476907, 717454 2476931, 717445.3 2476956, 717437.8 2476981, 717431.7 2477007, 717426.9 2477032, 717423.5 2477058, 717421.5 2477084, 717420.8 2477111, 717421.5 2477137, 717423.5 2477163, 717426.9 2477189, 717431.7 2477215, 717437.8 2477240, 717445.3 2477265, 717454 2477290, 717464 2477314, 717475.3 2477338, 717487.8 2477361, 717501.5 2477383, 717516.3 2477404, 717532.2 2477425, 717549.2 2477445, 717567.2 2477464, 717586.2 2477482, 717606.1 2477499, 717626.9 2477515, 717648.5 2477530, 717670.8 2477544, 717693.8 2477556, 717717.4 2477567, 717741.6 2477577, 717766.3 2477586, 717791.4 2477594, 717816.8 2477600, 717842.6 2477604, 717868.5 2477608, 717894.6 2477610, 717920.8 2477611, 717947 2477610, 717973.1 2477608, 717999 2477604, 718024.7 2477600, 718050.2 2477594, 718075.3 2477586, 718100 2477577, 718124.2 2477567, 718147.8 2477556, 718170.8 2477544, 718193.1 2477530, 718214.7 2477515, 718235.5 2477499, 718255.4 2477482, 718274.3 2477464, 718292.4 2477445, 718309.4 2477425, 718325.3 2477404, 718340.1 2477383, 718353.8 2477361, 718366.3 2477338, 718377.6 2477314, 718387.6 2477290, 718396.3 2477265, 718403.8 2477240, 718409.9 2477215, 718414.6 2477189, 718418.1 2477163, 718420.1 2477137, 718420.8 2477111))"
41,20260550,Forest,7540.000000000001,112.29978884729138,4.332196162046908,0,Dai,NA,NA,1,0,0,5072,58.29896250705996,346.1750312331668,1207.9075927734375,0.7430031895637512,56.05288624995062,6300,0,0.3332388397508549,1,90,0,0,6300,1,1,0,0.5584274311928666,0.8295533762762564,8.927977461002001,4.721171981486988,1.4660746102111653,"POLYGON ((624823.5 2430351, 624822.8 2430325, 624820.7 2430299, 624817.3 2430273, 624812.6 2430247, 624806.4 2430221, 624799 2430196, 624790.3 2430172, 624780.2 2430148, 624769 2430124, 624756.5 2430101, 624742.8 2430079, 624728 2430057, 624712 2430036, 624695 2430016, 624677 2429997, 624658 2429979, 624638.1 2429962, 624617.4 2429946, 624595.8 2429932, 624573.5 2429918, 624550.5 2429905, 624526.8 2429894, 624502.7 2429884, 624478 2429875, 624452.9 2429868, 624427.4 2429862, 624401.7 2429857, 624375.7 2429854, 624349.6 2429852, 624323.5 2429851, 624297.3 2429852, 624271.2 2429854, 624245.3 2429857, 624219.5 2429862, 624194.1 2429868, 624169 2429875, 624144.3 2429884, 624120.1 2429894, 624096.5 2429905, 624073.5 2429918, 624051.2 2429932, 624029.6 2429946, 624008.8 2429962, 623988.9 2429979, 623969.9 2429997, 623951.9 2430016, 623934.9 2430036, 623919 2430057, 623904.1 2430079, 623890.5 2430101, 623878 2430124, 623866.7 2430148, 623856.7 2430172, 623847.9 2430196, 623840.5 2430221, 623834.4 2430247, 623829.6 2430273, 623826.2 2430299, 623824.2 2430325, 623823.5 2430351, 623824.2 2430377, 623826.2 2430403, 623829.6 2430429, 623834.4 2430455, 623840.5 2430480, 623847.9 2430505, 623856.7 2430530, 623866.7 2430554, 623878 2430578, 623890.5 2430601, 623904.1 2430623, 623919 2430645, 623934.9 2430666, 623951.9 2430685, 623969.9 2430704, 623988.9 2430722, 624008.8 2430739, 624029.6 2430755, 624051.2 2430770, 624073.5 2430784, 624096.5 2430796, 624120.1 2430808, 624144.3 2430818, 624169 2430826, 624194.1 2430834, 624219.5 2430840, 624245.3 2430845, 624271.2 2430848, 624297.3 2430850, 624323.5 2430851, 624349.6 2430850, 624375.7 2430848, 624401.7 2430845, 624427.4 2430840, 624452.9 2430834, 624478 2430826, 624502.7 2430818, 624526.8 2430808, 624550.5 2430796, 624573.5 2430784, 624595.8 2430770, 624617.4 2430755, 624638.1 2430739, 624658 2430722, 624677 2430704, 624695 2430685, 624712 2430666, 624728 2430645, 624742.8 2430623, 624756.5 2430601, 624769 2430578, 624780.2 2430554, 624790.3 2430530, 624799 2430505, 624806.4 2430480, 624812.6 2430455, 624817.3 2430429, 624820.7 2430403, 624822.8 2430377, 624823.5 2430351))"
41,20260550,Forest,5300,11.357870574345577,3.2247191011235956,0,Dai,NA,NA,1,0,0,5096,155.9099262683276,422.1804042215185,707.776123046875,11.749650001525879,174.981826410481,23915.342903137207,0,0.5915477791612336,1,76,2315.343117713928,0.09681413003742473,2700,0.11289823486686511,1,0,-0.996167003138589,0.08747172033224473,8.575462099540212,2.4299109462807524,1.1708458460274813,"POLYGON ((743708.3 2351993, 743707.6 2351967, 743705.5 2351941, 743702.1 2351915, 743697.3 2351889, 743691.2 2351864, 743683.8 2351838, 743675.1 2351814, 743665 2351790, 743653.8 2351766, 743641.3 2351743, 743627.6 2351721, 743612.8 2351699, 743596.8 2351678, 743579.8 2351658, 743561.8 2351639, 743542.8 2351621, 743522.9 2351604, 743502.2 2351588, 743480.6 2351574, 743458.3 2351560, 743435.3 2351547, 743411.6 2351536, 743387.4 2351526, 743362.8 2351517, 743337.7 2351510, 743312.2 2351504, 743286.5 2351499, 743260.5 2351496, 743234.4 2351494, 743208.3 2351493, 743182.1 2351494, 743156 2351496, 743130 2351499, 743104.3 2351504, 743078.9 2351510, 743053.8 2351517, 743029.1 2351526, 743004.9 2351536, 742981.3 2351547, 742958.3 2351560, 742935.9 2351574, 742914.4 2351588, 742893.6 2351604, 742873.7 2351621, 742854.7 2351639, 742836.7 2351658, 742819.7 2351678, 742803.8 2351699, 742788.9 2351721, 742775.2 2351743, 742762.8 2351766, 742751.5 2351790, 742741.5 2351814, 742732.7 2351838, 742725.3 2351864, 742719.2 2351889, 742714.4 2351915, 742711 2351941, 742708.9 2351967, 742708.3 2351993, 742708.9 2352019, 742711 2352045, 742714.4 2352071, 742719.2 2352097, 742725.3 2352122, 742732.7 2352147, 742741.5 2352172, 742751.5 2352196, 742762.8 2352220, 742775.2 2352243, 742788.9 2352265, 742803.8 2352287, 742819.7 2352308, 742836.7 2352328, 742854.7 2352347, 742873.7 2352365, 742893.6 2352382, 742914.4 2352397, 742935.9 2352412, 742958.3 2352426, 742981.3 2352438, 743004.9 2352450, 743029.1 2352460, 743053.8 2352468, 743078.9 2352476, 743104.3 2352482, 743130 2352487, 743156 2352490, 743182.1 2352492, 743208.3 2352493, 743234.4 2352492, 743260.5 2352490, 743286.5 2352487, 743312.2 2352482, 743337.7 2352476, 743362.8 2352468, 743387.4 2352460, 743411.6 2352450, 743435.3 2352438, 743458.3 2352426, 743480.6 2352412, 743502.2 2352397, 743522.9 2352382, 743542.8 2352365, 743561.8 2352347, 743579.8 2352328, 743596.8 2352308, 743612.8 2352287, 743627.6 2352265, 743641.3 2352243, 743653.8 2352220, 743665 2352196, 743675.1 2352172, 743683.8 2352147, 743691.2 2352122, 743697.3 2352097, 743702.1 2352071, 743705.5 2352045, 743707.6 2352019, 743708.3 2351993))"
41,20260550,Forest,6109.060402684564,16.49307014828121,2.182649842271293,0,Dai,NA,NA,1,0,0,5171,530.8460694730696,1088.1524318913646,869.73809814453125,2.8733327388763428,199.5492084665637,34200,107608.65325927734,0.3940716159916438,1,59,2700,0.07894736842105263,31500,0.9210526315789473,1,0,-0.942354453529059,-0.3346163234421606,8.717528260092221,2.802940301672347,0.7805396626274846,"POLYGON ((715868.9 2486438, 715868.2 2486412, 715866.1 2486386, 715862.7 2486360, 715857.9 2486334, 715851.8 2486309, 715844.4 2486284, 715835.7 2486259, 715825.6 2486235, 715814.4 2486211, 715801.9 2486188, 715788.2 2486166, 715773.4 2486144, 715757.4 2486124, 715740.4 2486104, 715722.4 2486085, 715703.4 2486067, 715683.5 2486050, 715662.8 2486034, 715641.2 2486019, 715618.9 2486005, 715595.9 2485993, 715572.2 2485982, 715548.1 2485972, 715523.4 2485963, 715498.3 2485955, 715472.8 2485949, 715447.1 2485944, 715421.1 2485941, 715395 2485939, 715368.9 2485938, 715342.7 2485939, 715316.6 2485941, 715290.7 2485944, 715264.9 2485949, 715239.5 2485955, 715214.4 2485963, 715189.7 2485972, 715165.5 2485982, 715141.9 2485993, 715118.9 2486005, 715096.6 2486019, 715075 2486034, 715054.2 2486050, 715034.3 2486067, 715015.3 2486085, 714997.3 2486104, 714980.3 2486124, 714964.4 2486144, 714949.5 2486166, 714935.9 2486188, 714923.4 2486211, 714912.1 2486235, 714902.1 2486259, 714893.3 2486284, 714885.9 2486309, 714879.8 2486334, 714875 2486360, 714871.6 2486386, 714869.6 2486412, 714868.9 2486438, 714869.6 2486464, 714871.6 2486491, 714875 2486517, 714879.8 2486542, 714885.9 2486568, 714893.3 2486593, 714902.1 2486617, 714912.1 2486642, 714923.4 2486665, 714935.9 2486688, 714949.5 2486711, 714964.4 2486732, 714980.3 2486753, 714997.3 2486773, 715015.3 2486792, 715034.3 2486810, 715054.2 2486827, 715075 2486843, 715096.6 2486858, 715118.9 2486871, 715141.9 2486884, 715165.5 2486895, 715189.7 2486905, 715214.4 2486914, 715239.5 2486921, 715264.9 2486927, 715290.7 2486932, 715316.6 2486936, 715342.7 2486938, 715368.9 2486938, 715395 2486938, 715421.1 2486936, 715447.1 2486932, 715472.8 2486927, 715498.3 2486921, 715523.4 2486914, 715548.1 2486905, 715572.2 2486895, 715595.9 2486884, 715618.9 2486871, 715641.2 2486858, 715662.8 2486843, 715683.5 2486827, 715703.4 2486810, 715722.4 2486792, 715740.4 2486773, 715757.4 2486753, 715773.4 2486732, 715788.2 2486711, 715801.9 2486688, 715814.4 2486665, 715825.6 2486642, 715835.7 2486617, 715844.4 2486593, 715851.8 2486568, 715857.9 2486542, 715862.7 2486517, 715866.1 2486491, 715868.2 2486464, 715868.9 2486438))"
41,20260550,Forest,12077.571669477235,47.050868206321354,1.8036923076923077,0,Dai,NA,NA,1,0,0,5321,112.66205250917717,338.5477243417668,601.61895751953125,16.698789596557617,104.27304680550041,900,44301.64375305176,0.3918829180889036,1,14,900,1,0,0,1,0,-0.24654313910278353,0.9691318179491093,9.39910543054279,3.851229318705374,0.5898358459470546,"POLYGON ((695903.6 2426665, 695903 2426639, 695900.9 2426613, 695897.5 2426587, 695892.7 2426561, 695886.6 2426536, 695879.2 2426510, 695870.4 2426486, 695860.4 2426462, 695849.1 2426438, 695836.7 2426415, 695823 2426393, 695808.1 2426371, 695792.2 2426350, 695775.2 2426330, 695757.2 2426311, 695738.2 2426293, 695718.3 2426276, 695697.5 2426260, 695676 2426246, 695653.6 2426232, 695630.6 2426219, 695607 2426208, 695582.8 2426198, 695558.1 2426189, 695533 2426182, 695507.6 2426176, 695481.9 2426171, 695455.9 2426168, 695429.8 2426166, 695403.6 2426165, 695377.5 2426166, 695351.4 2426168, 695325.4 2426171, 695299.7 2426176, 695274.2 2426182, 695249.1 2426189, 695224.5 2426198, 695200.3 2426208, 695176.6 2426219, 695153.6 2426232, 695131.3 2426246, 695109.7 2426260, 695089 2426276, 695069.1 2426293, 695050.1 2426311, 695032.1 2426330, 695015.1 2426350, 694999.1 2426371, 694984.3 2426393, 694970.6 2426415, 694958.1 2426438, 694946.9 2426462, 694936.8 2426486, 694928.1 2426510, 694920.7 2426536, 694914.6 2426561, 694909.8 2426587, 694906.4 2426613, 694904.3 2426639, 694903.6 2426665, 694904.3 2426691, 694906.4 2426717, 694909.8 2426743, 694914.6 2426769, 694920.7 2426794, 694928.1 2426819, 694936.8 2426844, 694946.9 2426868, 694958.1 2426892, 694970.6 2426915, 694984.3 2426937, 694999.1 2426959, 695015.1 2426980, 695032.1 2427000, 695050.1 2427018, 695069.1 2427037, 695089 2427054, 695109.7 2427069, 695131.3 2427084, 695153.6 2427098, 695176.6 2427110, 695200.3 2427122, 695224.5 2427132, 695249.1 2427140, 695274.2 2427148, 695299.7 2427154, 695325.4 2427159, 695351.4 2427162, 695377.5 2427164, 695403.6 2427165, 695429.8 2427164, 695455.9 2427162, 695481.9 2427159, 695507.6 2427154, 695533 2427148, 695558.1 2427140, 695582.8 2427132, 695607 2427122, 695630.6 2427110, 695653.6 2427098, 695676 2427084, 695697.5 2427069, 695718.3 2427054, 695738.2 2427037, 695757.2 2427018, 695775.2 2427000, 695792.2 2426980, 695808.1 2426959, 695823 2426937, 695836.7 2426915, 695849.1 2426892, 695860.4 2426868, 695870.4 2426844, 695879.2 2426819, 695886.6 2426794, 695892.7 2426769, 695897.5 2426743, 695900.9 2426717, 695903 2426691, 695903.6 2426665))"
41,20260550,Forest,3582.2736762193963,128.48206221372232,0.9385007278020379,0,Dai,NA,NA,1,0,0,5386,198.90922399678135,803.5255140459033,765.92022705078125,8.45013427734375,73.65787008891488,156087.44659423828,242.01590716838837,0.3156124418356874,1,17,149787.44659423828,0.9596380097345217,6300,0.04036199026547824,1,0,0.2813723832481544,0.9595986567025059,8.183752982890077,4.855789300923641,-0.06347164746089516,"POLYGON ((666738 2384442, 666737.3 2384416, 666735.2 2384389, 666731.8 2384364, 666727 2384338, 666720.9 2384312, 666713.5 2384287, 666704.8 2384263, 666694.7 2384238, 666683.5 2384215, 666671 2384192, 666657.3 2384169, 666642.5 2384148, 666626.5 2384127, 666609.5 2384107, 666591.5 2384088, 666572.5 2384070, 666552.6 2384053, 666531.9 2384037, 666510.3 2384022, 666488 2384009, 666465 2383996, 666441.3 2383985, 666417.2 2383975, 666392.5 2383966, 666367.4 2383959, 666341.9 2383953, 666316.2 2383948, 666290.2 2383944, 666264.1 2383942, 666238 2383942, 666211.8 2383942, 666185.7 2383944, 666159.7 2383948, 666134 2383953, 666108.6 2383959, 666083.5 2383966, 666058.8 2383975, 666034.6 2383985, 666011 2383996, 665988 2384009, 665965.6 2384022, 665944.1 2384037, 665923.3 2384053, 665903.4 2384070, 665884.4 2384088, 665866.4 2384107, 665849.4 2384127, 665833.5 2384148, 665818.6 2384169, 665805 2384192, 665792.5 2384215, 665781.2 2384238, 665771.2 2384263, 665762.4 2384287, 665755 2384312, 665748.9 2384338, 665744.1 2384364, 665740.7 2384389, 665738.7 2384416, 665738 2384442, 665738.7 2384468, 665740.7 2384494, 665744.1 2384520, 665748.9 2384546, 665755 2384571, 665762.4 2384596, 665771.2 2384621, 665781.2 2384645, 665792.5 2384669, 665805 2384692, 665818.6 2384714, 665833.5 2384736, 665849.4 2384756, 665866.4 2384776, 665884.4 2384795, 665903.4 2384813, 665923.3 2384830, 665944.1 2384846, 665965.6 2384861, 665988 2384875, 666011 2384887, 666034.6 2384899, 666058.8 2384909, 666083.5 2384917, 666108.6 2384925, 666134 2384931, 666159.7 2384936, 666185.7 2384939, 666211.8 2384941, 666238 2384942, 666264.1 2384941, 666290.2 2384939, 666316.2 2384936, 666341.9 2384931, 666367.4 2384925, 666392.5 2384917, 666417.2 2384909, 666441.3 2384899, 666465 2384887, 666488 2384875, 666510.3 2384861, 666531.9 2384846, 666552.6 2384830, 666572.5 2384813, 666591.5 2384795, 666609.5 2384776, 666626.5 2384756, 666642.5 2384736, 666657.3 2384714, 666671 2384692, 666683.5 2384669, 666694.7 2384645, 666704.8 2384621, 666713.5 2384596, 666720.9 2384571, 666727 2384546, 666731.8 2384520, 666735.2 2384494, 666737.3 2384468, 666738 2384442))"
41,20260550,Forest,9698.14502529511,122.46956021056933,2.0331046823739936,0,Dai,NA,NA,1,0,0,5497,444.56923006785274,650.0089577642426,669.77264404296875,15.259413719177246,347.9301449493302,11169.556045532227,148824.9481201172,0.1518789899923309,1,103,11169.556045532227,1,0,0,1,0,0.9778933877477313,-0.20910409417145653,9.179689911698166,4.807862511029519,0.7095640248965568,"POLYGON ((707579.1 2419138, 707578.4 2419111, 707576.3 2419085, 707572.9 2419059, 707568.1 2419034, 707562 2419008, 707554.6 2418983, 707545.9 2418958, 707535.8 2418934, 707524.6 2418911, 707512.1 2418888, 707498.4 2418865, 707483.6 2418844, 707467.6 2418823, 707450.6 2418803, 707432.6 2418784, 707413.6 2418766, 707393.7 2418749, 707373 2418733, 707351.4 2418718, 707329.1 2418704, 707306.1 2418692, 707282.4 2418681, 707258.2 2418671, 707233.6 2418662, 707208.5 2418655, 707183 2418648, 707157.3 2418644, 707131.3 2418640, 707105.2 2418638, 707079.1 2418638, 707052.9 2418638, 707026.8 2418640, 707000.8 2418644, 706975.1 2418648, 706949.7 2418655, 706924.6 2418662, 706899.9 2418671, 706875.7 2418681, 706852.1 2418692, 706829.1 2418704, 706806.7 2418718, 706785.2 2418733, 706764.4 2418749, 706744.5 2418766, 706725.5 2418784, 706707.5 2418803, 706690.5 2418823, 706674.6 2418844, 706659.7 2418865, 706646.1 2418888, 706633.6 2418911, 706622.3 2418934, 706612.3 2418958, 706603.5 2418983, 706596.1 2419008, 706590 2419034, 706585.2 2419059, 706581.8 2419085, 706579.8 2419111, 706579.1 2419138, 706579.8 2419164, 706581.8 2419190, 706585.2 2419216, 706590 2419241, 706596.1 2419267, 706603.5 2419292, 706612.3 2419317, 706622.3 2419341, 706633.6 2419364, 706646.1 2419388, 706659.7 2419410, 706674.6 2419431, 706690.5 2419452, 706707.5 2419472, 706725.5 2419491, 706744.5 2419509, 706764.4 2419526, 706785.2 2419542, 706806.7 2419557, 706829.1 2419571, 706852.1 2419583, 706875.7 2419594, 706899.9 2419604, 706924.6 2419613, 706949.7 2419620, 706975.1 2419627, 707000.8 2419631, 707026.8 2419635, 707052.9 2419637, 707079.1 2419638, 707105.2 2419637, 707131.3 2419635, 707157.3 2419631, 707183 2419627, 707208.5 2419620, 707233.6 2419613, 707258.2 2419604, 707282.4 2419594, 707306.1 2419583, 707329.1 2419571, 707351.4 2419557, 707373 2419542, 707393.7 2419526, 707413.6 2419509, 707432.6 2419491, 707450.6 2419472, 707467.6 2419452, 707483.6 2419431, 707498.4 2419410, 707512.1 2419388, 707524.6 2419364, 707535.8 2419341, 707545.9 2419317, 707554.6 2419292, 707562 2419267, 707568.1 2419241, 707572.9 2419216, 707576.3 2419190, 707578.4 2419164, 707579.1 2419138))"
41,20260550,Forest,8188.0269814502535,88.83161082476238,1.7932636469221834,0,Dai,NA,NA,1,0,0,5602,132.1917588545235,1335.277755454507,837.60821533203125,7.024077415466309,235.44236627973802,7200,38907.34634399414,0.26966370593109756,1,40,3600,0.5,0,0,1,0,-0.5672349372635128,-0.8235560247777067,9.01042824201882,4.4867425644094086,0.5840372261569906,"POLYGON ((719297.4 2422885, 719296.7 2422859, 719294.7 2422833, 719291.2 2422807, 719286.5 2422781, 719280.4 2422756, 719272.9 2422731, 719264.2 2422706, 719254.2 2422682, 719242.9 2422658, 719230.4 2422635, 719216.7 2422613, 719201.9 2422591, 719186 2422570, 719169 2422551, 719151 2422532, 719132 2422514, 719112.1 2422497, 719091.3 2422481, 719069.7 2422466, 719047.4 2422452, 719024.4 2422440, 719000.8 2422428, 718976.6 2422418, 718951.9 2422410, 718926.8 2422402, 718901.4 2422396, 718875.6 2422391, 718849.7 2422388, 718823.6 2422386, 718797.4 2422385, 718771.2 2422386, 718745.1 2422388, 718719.2 2422391, 718693.4 2422396, 718668 2422402, 718642.9 2422410, 718618.2 2422418, 718594 2422428, 718570.4 2422440, 718547.4 2422452, 718525.1 2422466, 718503.5 2422481, 718482.7 2422497, 718462.8 2422514, 718443.8 2422532, 718425.8 2422551, 718408.8 2422570, 718392.9 2422591, 718378.1 2422613, 718364.4 2422635, 718351.9 2422658, 718340.6 2422682, 718330.6 2422706, 718321.9 2422731, 718314.4 2422756, 718308.3 2422781, 718303.6 2422807, 718300.1 2422833, 718298.1 2422859, 718297.4 2422885, 718298.1 2422911, 718300.1 2422937, 718303.6 2422963, 718308.3 2422989, 718314.4 2423014, 718321.9 2423040, 718330.6 2423064, 718340.6 2423088, 718351.9 2423112, 718364.4 2423135, 718378.1 2423157, 718392.9 2423179, 718408.8 2423200, 718425.8 2423220, 718443.8 2423239, 718462.8 2423257, 718482.7 2423274, 718503.5 2423290, 718525.1 2423304, 718547.4 2423318, 718570.4 2423331, 718594 2423342, 718618.2 2423352, 718642.9 2423361, 718668 2423368, 718693.4 2423374, 718719.2 2423379, 718745.1 2423382, 718771.2 2423384, 718797.4 2423385, 718823.6 2423384, 718849.7 2423382, 718875.6 2423379, 718901.4 2423374, 718926.8 2423368, 718951.9 2423361, 718976.6 2423352, 719000.8 2423342, 719024.4 2423331, 719047.4 2423318, 719069.7 2423304, 719091.3 2423290, 719112.1 2423274, 719132 2423257, 719151 2423239, 719169 2423220, 719186 2423200, 719201.9 2423179, 719216.7 2423157, 719230.4 2423135, 719242.9 2423112, 719254.2 2423088, 719264.2 2423064, 719272.9 2423040, 719280.4 2423014, 719286.5 2422989, 719291.2 2422963, 719294.7 2422937, 719296.7 2422911, 719297.4 2422885))"
41,20260550,Forest,6109.060402684564,16.49307014828121,2.182649842271293,0,Dai,NA,NA,1,0,0,5683,454.2508313681966,1717.1717899675402,937.99676513671875,6.494948387145996,199.80894959062218,14113.62590789795,0,0.048110104253755476,1,68,4500,0.3188408159154772,9613.62590789795,0.6811591840845228,1,0,-0.9408278466732483,-0.33888488152199847,8.717528260092221,2.802940301672347,0.7805396626274846,"POLYGON ((717288.3 2486748, 717287.6 2486722, 717285.5 2486696, 717282.1 2486670, 717277.3 2486644, 717271.2 2486619, 717263.8 2486594, 717255 2486569, 717245 2486545, 717233.8 2486521, 717221.3 2486498, 717207.6 2486476, 717192.8 2486454, 717176.8 2486434, 717159.8 2486414, 717141.8 2486395, 717122.8 2486377, 717102.9 2486360, 717082.1 2486344, 717060.6 2486329, 717038.3 2486315, 717015.2 2486303, 716991.6 2486292, 716967.4 2486282, 716942.8 2486273, 716917.7 2486265, 716892.2 2486259, 716866.5 2486255, 716840.5 2486251, 716814.4 2486249, 716788.3 2486248, 716762.1 2486249, 716736 2486251, 716710 2486255, 716684.3 2486259, 716658.8 2486265, 716633.7 2486273, 716609.1 2486282, 716584.9 2486292, 716561.3 2486303, 716538.3 2486315, 716515.9 2486329, 716494.4 2486344, 716473.6 2486360, 716453.7 2486377, 716434.7 2486395, 716416.7 2486414, 716399.7 2486434, 716383.7 2486454, 716368.9 2486476, 716355.2 2486498, 716342.8 2486521, 716331.5 2486545, 716321.5 2486569, 716312.7 2486594, 716305.3 2486619, 716299.2 2486644, 716294.4 2486670, 716291 2486696, 716288.9 2486722, 716288.3 2486748, 716288.9 2486775, 716291 2486801, 716294.4 2486827, 716299.2 2486852, 716305.3 2486878, 716312.7 2486903, 716321.5 2486928, 716331.5 2486952, 716342.8 2486975, 716355.2 2486998, 716368.9 2487021, 716383.7 2487042, 716399.7 2487063, 716416.7 2487083, 716434.7 2487102, 716453.7 2487120, 716473.6 2487137, 716494.4 2487153, 716515.9 2487168, 716538.3 2487181, 716561.3 2487194, 716584.9 2487205, 716609.1 2487215, 716633.7 2487224, 716658.8 2487231, 716684.3 2487237, 716710 2487242, 716736 2487246, 716762.1 2487248, 716788.3 2487248, 716814.4 2487248, 716840.5 2487246, 716866.5 2487242, 716892.2 2487237, 716917.7 2487231, 716942.8 2487224, 716967.4 2487215, 716991.6 2487205, 717015.2 2487194, 717038.3 2487181, 717060.6 2487168, 717082.1 2487153, 717102.9 2487137, 717122.8 2487120, 717141.8 2487102, 717159.8 2487083, 717176.8 2487063, 717192.8 2487042, 717207.6 2487021, 717221.3 2486998, 717233.8 2486975, 717245 2486952, 717255 2486928, 717263.8 2486903, 717271.2 2486878, 717277.3 2486852, 717282.1 2486827, 717285.5 2486801, 717287.6 2486775, 717288.3 2486748))"
41,20260550,Forest,6074.664429530201,13.119310196178745,1.7788079470198674,0,Dai,NA,NA,1,0,0,5879,338.64860972003163,1137.0991541223568,859.91851806640625,5.199251651763916,210.38521679268817,291648.5870361328,20700,0.33852421278681444,1,10,20700,0.0709758281717149,47700,0.1635529953522126,1,0,-0.8626442051224676,-0.5058112052620286,8.711882028745663,2.5740852056229833,0.5759434472742128,"POLYGON ((715667.1 2482488, 715666.5 2482462, 715664.4 2482436, 715661 2482410, 715656.2 2482384, 715650.1 2482359, 715642.7 2482334, 715633.9 2482309, 715623.9 2482285, 715612.6 2482261, 715600.2 2482238, 715586.5 2482216, 715571.7 2482194, 715555.7 2482173, 715538.7 2482153, 715520.7 2482135, 715501.7 2482116, 715481.8 2482099, 715461 2482084, 715439.5 2482069, 715417.1 2482055, 715394.1 2482043, 715370.5 2482031, 715346.3 2482021, 715321.7 2482013, 715296.6 2482005, 715271.1 2481999, 715245.4 2481994, 715219.4 2481991, 715193.3 2481989, 715167.1 2481988, 715141 2481989, 715114.9 2481991, 715088.9 2481994, 715063.2 2481999, 715037.7 2482005, 715012.6 2482013, 714988 2482021, 714963.8 2482031, 714940.2 2482043, 714917.1 2482055, 714894.8 2482069, 714873.3 2482084, 714852.5 2482099, 714832.6 2482116, 714813.6 2482135, 714795.6 2482153, 714778.6 2482173, 714762.6 2482194, 714747.8 2482216, 714734.1 2482238, 714721.6 2482261, 714710.4 2482285, 714700.4 2482309, 714691.6 2482334, 714684.2 2482359, 714678.1 2482384, 714673.3 2482410, 714669.9 2482436, 714667.8 2482462, 714667.1 2482488, 714667.8 2482514, 714669.9 2482540, 714673.3 2482566, 714678.1 2482592, 714684.2 2482617, 714691.6 2482643, 714700.4 2482667, 714710.4 2482691, 714721.6 2482715, 714734.1 2482738, 714747.8 2482760, 714762.6 2482782, 714778.6 2482803, 714795.6 2482823, 714813.6 2482842, 714832.6 2482860, 714852.5 2482877, 714873.3 2482893, 714894.8 2482907, 714917.1 2482921, 714940.2 2482934, 714963.8 2482945, 714988 2482955, 715012.6 2482964, 715037.7 2482971, 715063.2 2482977, 715088.9 2482982, 715114.9 2482985, 715141 2482987, 715167.1 2482988, 715193.3 2482987, 715219.4 2482985, 715245.4 2482982, 715271.1 2482977, 715296.6 2482971, 715321.7 2482964, 715346.3 2482955, 715370.5 2482945, 715394.1 2482934, 715417.1 2482921, 715439.5 2482907, 715461 2482893, 715481.8 2482877, 715501.7 2482860, 715520.7 2482842, 715538.7 2482823, 715555.7 2482803, 715571.7 2482782, 715586.5 2482760, 715600.2 2482738, 715612.6 2482715, 715623.9 2482691, 715633.9 2482667, 715642.7 2482643, 715650.1 2482617, 715656.2 2482592, 715661 2482566, 715664.4 2482540, 715666.5 2482514, 715667.1 2482488))"
41,20260550,Forest,6109.060402684564,16.49307014828121,2.182649842271293,0,Dai,NA,NA,1,0,0,5896,476.0682589028395,896.163602395071,948.097412109375,11.259387969970703,287.312345130609,634687.20703125,52328.965759277344,0.06205732109448233,1,110,25943.937492370605,0.04087672983629747,45900,0.07231908803502955,1,0,0.2975805829673813,-0.9546967040064575,8.717528260092221,2.802940301672347,0.7805396626274846,"POLYGON ((719787.4 2475917, 719786.7 2475890, 719784.7 2475864, 719781.2 2475838, 719776.5 2475813, 719770.4 2475787, 719762.9 2475762, 719754.2 2475737, 719744.2 2475713, 719732.9 2475690, 719720.4 2475667, 719706.7 2475644, 719691.9 2475623, 719676 2475602, 719659 2475582, 719640.9 2475563, 719622 2475545, 719602.1 2475528, 719581.3 2475512, 719559.7 2475497, 719537.4 2475484, 719514.4 2475471, 719490.8 2475460, 719466.6 2475450, 719441.9 2475441, 719416.8 2475434, 719391.4 2475428, 719365.6 2475423, 719339.7 2475419, 719313.6 2475417, 719287.4 2475417, 719261.2 2475417, 719235.1 2475419, 719209.2 2475423, 719183.4 2475428, 719158 2475434, 719132.9 2475441, 719108.2 2475450, 719084 2475460, 719060.4 2475471, 719037.4 2475484, 719015.1 2475497, 718993.5 2475512, 718972.7 2475528, 718952.8 2475545, 718933.8 2475563, 718915.8 2475582, 718898.8 2475602, 718882.9 2475623, 718868.1 2475644, 718854.4 2475667, 718841.9 2475690, 718830.6 2475713, 718820.6 2475737, 718811.9 2475762, 718804.4 2475787, 718798.3 2475813, 718793.6 2475838, 718790.1 2475864, 718788.1 2475890, 718787.4 2475917, 718788.1 2475943, 718790.1 2475969, 718793.6 2475995, 718798.3 2476021, 718804.4 2476046, 718811.9 2476071, 718820.6 2476096, 718830.6 2476120, 718841.9 2476144, 718854.4 2476167, 718868.1 2476189, 718882.9 2476210, 718898.8 2476231, 718915.8 2476251, 718933.8 2476270, 718952.8 2476288, 718972.7 2476305, 718993.5 2476321, 719015.1 2476336, 719037.4 2476350, 719060.4 2476362, 719084 2476373, 719108.2 2476383, 719132.9 2476392, 719158 2476400, 719183.4 2476406, 719209.2 2476410, 719235.1 2476414, 719261.2 2476416, 719287.4 2476417, 719313.6 2476416, 719339.7 2476414, 719365.6 2476410, 719391.4 2476406, 719416.8 2476400, 719441.9 2476392, 719466.6 2476383, 719490.8 2476373, 719514.4 2476362, 719537.4 2476350, 719559.7 2476336, 719581.3 2476321, 719602.1 2476305, 719622 2476288, 719640.9 2476270, 719659 2476251, 719676 2476231, 719691.9 2476210, 719706.7 2476189, 719720.4 2476167, 719732.9 2476144, 719744.2 2476120, 719754.2 2476096, 719762.9 2476071, 719770.4 2476046, 719776.5 2476021, 719781.2 2475995, 719784.7 2475969, 719786.7 2475943, 719787.4 2475917))"
41,20260550,Forest,7781.739130434783,93.74461428755224,2.279844357976654,0,Dai,NA,NA,1,0,0,5950,12.92436063101482,188.2618450326666,1195.9378662109375,3.581237316131592,290.73195622813967,220.90083360671997,65144.78530883789,0.44830137627971073,1,73,0,0,0,0,1,0,0.3539965246346223,-0.9352467377898782,8.9595351308077,4.540574215600901,0.8241071765909261,"POLYGON ((634642.7 2431307, 634642 2431281, 634640 2431255, 634636.6 2431229, 634631.8 2431203, 634625.7 2431177, 634618.2 2431152, 634609.5 2431128, 634599.5 2431104, 634588.2 2431080, 634575.7 2431057, 634562.1 2431035, 634547.2 2431013, 634531.3 2430992, 634514.3 2430972, 634496.3 2430953, 634477.3 2430935, 634457.4 2430918, 634436.6 2430902, 634415 2430888, 634392.7 2430874, 634369.7 2430861, 634346.1 2430850, 634321.9 2430840, 634297.2 2430831, 634272.1 2430824, 634246.7 2430818, 634220.9 2430813, 634195 2430810, 634168.9 2430808, 634142.7 2430807, 634116.6 2430808, 634090.5 2430810, 634064.5 2430813, 634038.8 2430818, 634013.3 2430824, 633988.2 2430831, 633963.5 2430840, 633939.4 2430850, 633915.7 2430861, 633892.7 2430874, 633870.4 2430888, 633848.8 2430902, 633828.1 2430918, 633808.2 2430935, 633789.2 2430953, 633771.1 2430972, 633754.1 2430992, 633738.2 2431013, 633723.4 2431035, 633709.7 2431057, 633697.2 2431080, 633685.9 2431104, 633675.9 2431128, 633667.2 2431152, 633659.8 2431177, 633653.6 2431203, 633648.9 2431229, 633645.5 2431255, 633643.4 2431281, 633642.7 2431307, 633643.4 2431333, 633645.5 2431359, 633648.9 2431385, 633653.6 2431411, 633659.8 2431436, 633667.2 2431461, 633675.9 2431486, 633685.9 2431510, 633697.2 2431534, 633709.7 2431557, 633723.4 2431579, 633738.2 2431601, 633754.1 2431622, 633771.1 2431641, 633789.2 2431660, 633808.2 2431678, 633828.1 2431695, 633848.8 2431711, 633870.4 2431726, 633892.7 2431740, 633915.7 2431752, 633939.4 2431764, 633963.5 2431774, 633988.2 2431782, 634013.3 2431790, 634038.8 2431796, 634064.5 2431801, 634090.5 2431804, 634116.6 2431806, 634142.7 2431807, 634168.9 2431806, 634195 2431804, 634220.9 2431801, 634246.7 2431796, 634272.1 2431790, 634297.2 2431782, 634321.9 2431774, 634346.1 2431764, 634369.7 2431752, 634392.7 2431740, 634415 2431726, 634436.6 2431711, 634457.4 2431695, 634477.3 2431678, 634496.3 2431660, 634514.3 2431641, 634531.3 2431622, 634547.2 2431601, 634562.1 2431579, 634575.7 2431557, 634588.2 2431534, 634599.5 2431510, 634609.5 2431486, 634618.2 2431461, 634625.7 2431436, 634631.8 2431411, 634636.6 2431385, 634640 2431359, 634642 2431333, 634642.7 2431307))"
41,20260550,Forest,3364.0069889341876,13.660357418805527,4.024451939291737,0,Dai,NA,NA,1,0,0,5984,301.5757870883122,413.9183130111433,953.7508544921875,6.605435848236084,172.54715434802534,288656.5704345703,6300,0.4306254379184067,1,34,0,0,34531.37168884277,0.11962787348597695,1,0,-0.9915519484729761,0.12971019034541784,8.120888098657323,2.614498019159453,1.3923887374482258,"POLYGON ((679114.4 2477754, 679113.7 2477728, 679111.7 2477701, 679108.2 2477676, 679103.5 2477650, 679097.4 2477624, 679089.9 2477599, 679081.2 2477575, 679071.2 2477550, 679059.9 2477527, 679047.4 2477504, 679033.7 2477481, 679018.9 2477460, 679003 2477439, 678986 2477419, 678967.9 2477400, 678949 2477382, 678929.1 2477365, 678908.3 2477349, 678886.7 2477334, 678864.4 2477321, 678841.4 2477308, 678817.8 2477297, 678793.6 2477287, 678768.9 2477278, 678743.8 2477271, 678718.3 2477265, 678692.6 2477260, 678666.7 2477256, 678640.6 2477254, 678614.4 2477254, 678588.2 2477254, 678562.1 2477256, 678536.2 2477260, 678510.4 2477265, 678485 2477271, 678459.9 2477278, 678435.2 2477287, 678411 2477297, 678387.4 2477308, 678364.4 2477321, 678342.1 2477334, 678320.5 2477349, 678299.7 2477365, 678279.8 2477382, 678260.8 2477400, 678242.8 2477419, 678225.8 2477439, 678209.9 2477460, 678195.1 2477481, 678181.4 2477504, 678168.9 2477527, 678157.6 2477550, 678147.6 2477575, 678138.9 2477599, 678131.4 2477624, 678125.3 2477650, 678120.5 2477676, 678117.1 2477701, 678115.1 2477728, 678114.4 2477754, 678115.1 2477780, 678117.1 2477806, 678120.5 2477832, 678125.3 2477858, 678131.4 2477883, 678138.9 2477908, 678147.6 2477933, 678157.6 2477957, 678168.9 2477981, 678181.4 2478004, 678195.1 2478026, 678209.9 2478048, 678225.8 2478068, 678242.8 2478088, 678260.8 2478107, 678279.8 2478125, 678299.7 2478142, 678320.5 2478158, 678342.1 2478173, 678364.4 2478187, 678387.4 2478199, 678411 2478211, 678435.2 2478221, 678459.9 2478229, 678485 2478237, 678510.4 2478243, 678536.2 2478248, 678562.1 2478251, 678588.2 2478253, 678614.4 2478254, 678640.6 2478253, 678666.7 2478251, 678692.6 2478248, 678718.3 2478243, 678743.8 2478237, 678768.9 2478229, 678793.6 2478221, 678817.8 2478211, 678841.4 2478199, 678864.4 2478187, 678886.7 2478173, 678908.3 2478158, 678929.1 2478142, 678949 2478125, 678967.9 2478107, 678986 2478088, 679003 2478068, 679018.9 2478048, 679033.7 2478026, 679047.4 2478004, 679059.9 2477981, 679071.2 2477957, 679081.2 2477933, 679089.9 2477908, 679097.4 2477883, 679103.5 2477858, 679108.2 2477832, 679111.7 2477806, 679113.7 2477780, 679114.4 2477754))"
41,20260550,Forest,4468,96.47661604022574,2.467409608717187,0,Dai,NA,NA,1,0,0,6206,286.1021371513832,446.07008619764025,859.9541015625,15.361106872558594,355.68949513117855,493285.58349609375,20637.843132019043,0.08365001749261392,1,23,425741.5557861328,0.8630731771416227,43604.643630981445,0.0883963470449299,1,0,0.9971713698240808,-0.07516155402309255,8.404696160189092,4.5693006581538285,0.9031688589157757,"POLYGON ((744874.3 2364015, 744873.6 2363989, 744871.5 2363963, 744868.1 2363937, 744863.4 2363911, 744857.2 2363886, 744849.8 2363861, 744841.1 2363836, 744831.1 2363812, 744819.8 2363788, 744807.3 2363765, 744793.6 2363743, 744778.8 2363721, 744762.9 2363701, 744745.9 2363681, 744727.8 2363662, 744708.9 2363644, 744688.9 2363627, 744668.2 2363611, 744646.6 2363596, 744624.3 2363582, 744601.3 2363570, 744577.7 2363559, 744553.5 2363549, 744528.8 2363540, 744503.7 2363532, 744478.2 2363526, 744452.5 2363522, 744426.5 2363518, 744400.5 2363516, 744374.3 2363515, 744348.1 2363516, 744322 2363518, 744296.1 2363522, 744270.3 2363526, 744244.9 2363532, 744219.8 2363540, 744195.1 2363549, 744170.9 2363559, 744147.3 2363570, 744124.3 2363582, 744102 2363596, 744080.4 2363611, 744059.6 2363627, 744039.7 2363644, 744020.7 2363662, 744002.7 2363681, 743985.7 2363701, 743969.8 2363721, 743955 2363743, 743941.3 2363765, 743928.8 2363788, 743917.5 2363812, 743907.5 2363836, 743898.8 2363861, 743891.3 2363886, 743885.2 2363911, 743880.4 2363937, 743877 2363963, 743875 2363989, 743874.3 2364015, 743875 2364042, 743877 2364068, 743880.4 2364094, 743885.2 2364119, 743891.3 2364145, 743898.8 2364170, 743907.5 2364195, 743917.5 2364219, 743928.8 2364242, 743941.3 2364265, 743955 2364288, 743969.8 2364309, 743985.7 2364330, 744002.7 2364350, 744020.7 2364369, 744039.7 2364387, 744059.6 2364404, 744080.4 2364420, 744102 2364435, 744124.3 2364448, 744147.3 2364461, 744170.9 2364472, 744195.1 2364482, 744219.8 2364491, 744244.9 2364498, 744270.3 2364504, 744296.1 2364509, 744322 2364513, 744348.1 2364515, 744374.3 2364515, 744400.5 2364515, 744426.5 2364513, 744452.5 2364509, 744478.2 2364504, 744503.7 2364498, 744528.8 2364491, 744553.5 2364482, 744577.7 2364472, 744601.3 2364461, 744624.3 2364448, 744646.6 2364435, 744668.2 2364420, 744688.9 2364404, 744708.9 2364387, 744727.8 2364369, 744745.9 2364350, 744762.9 2364330, 744778.8 2364309, 744793.6 2364288, 744807.3 2364265, 744819.8 2364242, 744831.1 2364219, 744841.1 2364195, 744849.8 2364170, 744857.2 2364145, 744863.4 2364119, 744868.1 2364094, 744871.5 2364068, 744873.6 2364042, 744874.3 2364015))"
41,20260550,Forest,6074.664429530201,13.119310196178745,1.7788079470198674,0,Dai,NA,NA,1,0,0,6220,281.85463923895236,1217.7682756480665,862.99810791015625,5.504461288452148,293.9364989901596,301202.2430419922,25962.55931854248,0.25618587756015515,1,64,28670.819664001465,0.09518793543647122,34568.30291748047,0.11476774730612188,1,0,0.4057239094953681,-0.9139956833945083,8.711882028745663,2.5740852056229833,0.5759434472742128,"POLYGON ((715877.1 2482208, 715876.4 2482181, 715874.4 2482155, 715870.9 2482129, 715866.2 2482104, 715860.1 2482078, 715852.6 2482053, 715843.9 2482028, 715833.9 2482004, 715822.6 2481981, 715810.1 2481958, 715796.4 2481935, 715781.6 2481914, 715765.7 2481893, 715748.7 2481873, 715730.6 2481854, 715711.7 2481836, 715691.8 2481819, 715671 2481803, 715649.4 2481788, 715627.1 2481775, 715604.1 2481762, 715580.5 2481751, 715556.3 2481741, 715531.6 2481732, 715506.5 2481725, 715481.1 2481719, 715455.3 2481714, 715429.4 2481710, 715403.3 2481708, 715377.1 2481708, 715350.9 2481708, 715324.8 2481710, 715298.9 2481714, 715273.1 2481719, 715247.7 2481725, 715222.6 2481732, 715197.9 2481741, 715173.7 2481751, 715150.1 2481762, 715127.1 2481775, 715104.8 2481788, 715083.2 2481803, 715062.4 2481819, 715042.5 2481836, 715023.5 2481854, 715005.5 2481873, 714988.5 2481893, 714972.6 2481914, 714957.8 2481935, 714944.1 2481958, 714931.6 2481981, 714920.3 2482004, 714910.3 2482028, 714901.6 2482053, 714894.1 2482078, 714888 2482104, 714883.3 2482129, 714879.8 2482155, 714877.8 2482181, 714877.1 2482208, 714877.8 2482234, 714879.8 2482260, 714883.3 2482286, 714888 2482312, 714894.1 2482337, 714901.6 2482362, 714910.3 2482387, 714920.3 2482411, 714931.6 2482435, 714944.1 2482458, 714957.8 2482480, 714972.6 2482502, 714988.5 2482522, 715005.5 2482542, 715023.5 2482561, 715042.5 2482579, 715062.4 2482596, 715083.2 2482612, 715104.8 2482627, 715127.1 2482641, 715150.1 2482653, 715173.7 2482664, 715197.9 2482674, 715222.6 2482683, 715247.7 2482691, 715273.1 2482697, 715298.9 2482702, 715324.8 2482705, 715350.9 2482707, 715377.1 2482708, 715403.3 2482707, 715429.4 2482705, 715455.3 2482702, 715481.1 2482697, 715506.5 2482691, 715531.6 2482683, 715556.3 2482674, 715580.5 2482664, 715604.1 2482653, 715627.1 2482641, 715649.4 2482627, 715671 2482612, 715691.8 2482596, 715711.7 2482579, 715730.6 2482561, 715748.7 2482542, 715765.7 2482522, 715781.6 2482502, 715796.4 2482480, 715810.1 2482458, 715822.6 2482435, 715833.9 2482411, 715843.9 2482387, 715852.6 2482362, 715860.1 2482337, 715866.2 2482312, 715870.9 2482286, 715874.4 2482260, 715876.4 2482234, 715877.1 2482208))"
41,20260550,Forest,6383.3892617449665,33.70123791548138,2.8425728500355367,0,Dai,NA,NA,1,0,0,6346,283.04350249912835,393.61385564186094,966.65826416015625,10.840332984924316,17.120486274951933,66791.31317138672,424710.3240966797,0.11952325357144812,1,29,28380.485343933105,0.42491282168848354,11696.645736694336,0.175122260385579,1,0,0.955687818718793,0.2943820530407984,8.761454467533365,3.517534570080735,1.0447095751744875,"POLYGON ((709705.9 2495143, 709705.2 2495117, 709703.2 2495091, 709699.7 2495065, 709695 2495039, 709688.9 2495013, 709681.4 2494988, 709672.7 2494964, 709662.7 2494939, 709651.4 2494916, 709638.9 2494893, 709625.2 2494871, 709610.4 2494849, 709594.5 2494828, 709577.5 2494808, 709559.4 2494789, 709540.5 2494771, 709520.6 2494754, 709499.8 2494738, 709478.2 2494724, 709455.9 2494710, 709432.9 2494697, 709409.3 2494686, 709385.1 2494676, 709360.4 2494667, 709335.3 2494660, 709309.9 2494654, 709284.1 2494649, 709258.2 2494646, 709232.1 2494644, 709205.9 2494643, 709179.7 2494644, 709153.6 2494646, 709127.7 2494649, 709101.9 2494654, 709076.5 2494660, 709051.4 2494667, 709026.7 2494676, 709002.5 2494686, 708978.9 2494697, 708955.9 2494710, 708933.6 2494724, 708912 2494738, 708891.2 2494754, 708871.3 2494771, 708852.3 2494789, 708834.3 2494808, 708817.3 2494828, 708801.4 2494849, 708786.6 2494871, 708772.9 2494893, 708760.4 2494916, 708749.1 2494939, 708739.1 2494964, 708730.4 2494988, 708722.9 2495013, 708716.8 2495039, 708712.1 2495065, 708708.6 2495091, 708706.6 2495117, 708705.9 2495143, 708706.6 2495169, 708708.6 2495195, 708712.1 2495221, 708716.8 2495247, 708722.9 2495272, 708730.4 2495297, 708739.1 2495322, 708749.1 2495346, 708760.4 2495370, 708772.9 2495393, 708786.6 2495415, 708801.4 2495437, 708817.3 2495458, 708834.3 2495477, 708852.3 2495496, 708871.3 2495514, 708891.2 2495531, 708912 2495547, 708933.6 2495562, 708955.9 2495576, 708978.9 2495588, 709002.5 2495600, 709026.7 2495610, 709051.4 2495618, 709076.5 2495626, 709101.9 2495632, 709127.7 2495637, 709153.6 2495640, 709179.7 2495642, 709205.9 2495643, 709232.1 2495642, 709258.2 2495640, 709284.1 2495637, 709309.9 2495632, 709335.3 2495626, 709360.4 2495618, 709385.1 2495610, 709409.3 2495600, 709432.9 2495588, 709455.9 2495576, 709478.2 2495562, 709499.8 2495547, 709520.6 2495531, 709540.5 2495514, 709559.4 2495496, 709577.5 2495477, 709594.5 2495458, 709610.4 2495437, 709625.2 2495415, 709638.9 2495393, 709651.4 2495370, 709662.7 2495346, 709672.7 2495322, 709681.4 2495297, 709688.9 2495272, 709695 2495247, 709699.7 2495221, 709703.2 2495195, 709705.2 2495169, 709705.9 2495143))"
41,20260550,Forest,5300,11.357870574345577,3.2247191011235956,0,Dai,NA,NA,1,0,0,6410,582.991109051677,615.5304072773974,745.51483154296875,9.822587013244629,194.18913063615958,359652.69470214844,1409.0473294258118,0.38892336740430256,1,70,56374.94201660156,0.1567482820149291,17086.770057678223,0.047509083928396194,1,0,-0.9694918687791713,-0.2451234716853327,8.575462099540212,2.4299109462807524,1.1708458460274813,"POLYGON ((732871.9 2359802, 732871.3 2359776, 732869.2 2359750, 732865.8 2359724, 732861 2359698, 732854.9 2359673, 732847.5 2359647, 732838.7 2359623, 732828.7 2359599, 732817.4 2359575, 732805 2359552, 732791.3 2359530, 732776.5 2359508, 732760.5 2359487, 732743.5 2359467, 732725.5 2359448, 732706.5 2359430, 732686.6 2359413, 732665.8 2359397, 732644.3 2359383, 732621.9 2359369, 732598.9 2359356, 732575.3 2359345, 732551.1 2359335, 732526.5 2359326, 732501.4 2359319, 732475.9 2359313, 732450.2 2359308, 732424.2 2359305, 732398.1 2359303, 732371.9 2359302, 732345.8 2359303, 732319.7 2359305, 732293.7 2359308, 732268 2359313, 732242.5 2359319, 732217.4 2359326, 732192.8 2359335, 732168.6 2359345, 732144.9 2359356, 732121.9 2359369, 732099.6 2359383, 732078.1 2359397, 732057.3 2359413, 732037.4 2359430, 732018.4 2359448, 732000.4 2359467, 731983.4 2359487, 731967.4 2359508, 731952.6 2359530, 731938.9 2359552, 731926.4 2359575, 731915.2 2359599, 731905.2 2359623, 731896.4 2359647, 731889 2359673, 731882.9 2359698, 731878.1 2359724, 731874.7 2359750, 731872.6 2359776, 731871.9 2359802, 731872.6 2359828, 731874.7 2359854, 731878.1 2359880, 731882.9 2359906, 731889 2359931, 731896.4 2359956, 731905.2 2359981, 731915.2 2360005, 731926.4 2360029, 731938.9 2360052, 731952.6 2360074, 731967.4 2360096, 731983.4 2360117, 732000.4 2360137, 732018.4 2360156, 732037.4 2360174, 732057.3 2360191, 732078.1 2360206, 732099.6 2360221, 732121.9 2360235, 732144.9 2360247, 732168.6 2360259, 732192.8 2360269, 732217.4 2360278, 732242.5 2360285, 732268 2360291, 732293.7 2360296, 732319.7 2360299, 732345.8 2360301, 732371.9 2360302, 732398.1 2360301, 732424.2 2360299, 732450.2 2360296, 732475.9 2360291, 732501.4 2360285, 732526.5 2360278, 732551.1 2360269, 732575.3 2360259, 732598.9 2360247, 732621.9 2360235, 732644.3 2360221, 732665.8 2360206, 732686.6 2360191, 732706.5 2360174, 732725.5 2360156, 732743.5 2360137, 732760.5 2360117, 732776.5 2360096, 732791.3 2360074, 732805 2360052, 732817.4 2360029, 732828.7 2360005, 732838.7 2359981, 732847.5 2359956, 732854.9 2359931, 732861 2359906, 732865.8 2359880, 732869.2 2359854, 732871.3 2359828, 732871.9 2359802))"
41,20260550,Forest,4871,11.311868803688643,0.5554728220402085,0,Dai,NA,NA,1,0,0,6526,140.92874380400818,504.371164156749,697.61883544921875,6.282167434692383,122.38465319521102,7958.217144012451,492604.3762207031,0.7776351964585029,1,82,7958.217144012451,1,0,0,1,0,-0.5356006206061009,0.8444714176373049,8.491054533806542,2.425852511110355,-0.5879355963194767,"POLYGON ((763369.4 2377970, 763368.7 2377944, 763366.7 2377918, 763363.3 2377892, 763358.5 2377866, 763352.4 2377841, 763344.9 2377816, 763336.2 2377791, 763326.2 2377767, 763314.9 2377743, 763302.4 2377720, 763288.7 2377698, 763273.9 2377676, 763258 2377656, 763241 2377636, 763223 2377617, 763204 2377599, 763184.1 2377582, 763163.3 2377566, 763141.7 2377551, 763119.4 2377537, 763096.4 2377525, 763072.8 2377513, 763048.6 2377503, 763023.9 2377495, 762998.8 2377487, 762973.4 2377481, 762947.6 2377476, 762921.7 2377473, 762895.6 2377471, 762869.4 2377470, 762843.2 2377471, 762817.1 2377473, 762791.2 2377476, 762765.5 2377481, 762740 2377487, 762714.9 2377495, 762690.2 2377503, 762666 2377513, 762642.4 2377525, 762619.4 2377537, 762597.1 2377551, 762575.5 2377566, 762554.7 2377582, 762534.8 2377599, 762515.9 2377617, 762497.8 2377636, 762480.8 2377656, 762464.9 2377676, 762450.1 2377698, 762436.4 2377720, 762423.9 2377743, 762412.6 2377767, 762402.6 2377791, 762393.9 2377816, 762386.4 2377841, 762380.3 2377866, 762375.6 2377892, 762372.1 2377918, 762370.1 2377944, 762369.4 2377970, 762370.1 2377996, 762372.1 2378022, 762375.6 2378048, 762380.3 2378074, 762386.4 2378100, 762393.9 2378125, 762402.6 2378149, 762412.6 2378174, 762423.9 2378197, 762436.4 2378220, 762450.1 2378242, 762464.9 2378264, 762480.8 2378285, 762497.8 2378305, 762515.9 2378324, 762534.8 2378342, 762554.7 2378359, 762575.5 2378375, 762597.1 2378390, 762619.4 2378403, 762642.4 2378416, 762666 2378427, 762690.2 2378437, 762714.9 2378446, 762740 2378453, 762765.5 2378459, 762791.2 2378464, 762817.1 2378467, 762843.2 2378469, 762869.4 2378470, 762895.6 2378469, 762921.7 2378467, 762947.6 2378464, 762973.4 2378459, 762998.8 2378453, 763023.9 2378446, 763048.6 2378437, 763072.8 2378427, 763096.4 2378416, 763119.4 2378403, 763141.7 2378390, 763163.3 2378375, 763184.1 2378359, 763204 2378342, 763223 2378324, 763241 2378305, 763258 2378285, 763273.9 2378264, 763288.7 2378242, 763302.4 2378220, 763314.9 2378197, 763326.2 2378174, 763336.2 2378149, 763344.9 2378125, 763352.4 2378100, 763358.5 2378074, 763363.3 2378048, 763366.7 2378022, 763368.7 2377996, 763369.4 2377970))"
41,20260550,Forest,7175.9347124691585,177.2698027597876,1.3453038674033149,0,Dai,NA,NA,1,0,0,6563,746.8889693126636,820.3102382775585,822.40576171875,14.940552711486816,35.08011087429936,283531.201171875,460439.3737792969,0.021578072616262982,1,39,162593.65997314453,0.5734594968776687,0,0,1,0,0.8183492701198166,0.5747212124972971,8.87848830565783,5.177672881370861,0.2966199112568187,"POLYGON ((685410.9 2397970, 685410.3 2397944, 685408.2 2397918, 685404.8 2397892, 685400 2397866, 685393.9 2397841, 685386.5 2397815, 685377.7 2397791, 685367.7 2397767, 685356.5 2397743, 685344 2397720, 685330.3 2397698, 685315.5 2397676, 685299.5 2397655, 685282.5 2397635, 685264.5 2397616, 685245.5 2397598, 685225.6 2397581, 685204.8 2397565, 685183.3 2397551, 685160.9 2397537, 685137.9 2397524, 685114.3 2397513, 685090.1 2397503, 685065.5 2397494, 685040.4 2397487, 685014.9 2397481, 684989.2 2397476, 684963.2 2397473, 684937.1 2397471, 684910.9 2397470, 684884.8 2397471, 684858.7 2397473, 684832.7 2397476, 684807 2397481, 684781.5 2397487, 684756.4 2397494, 684731.8 2397503, 684707.6 2397513, 684684 2397524, 684660.9 2397537, 684638.6 2397551, 684617.1 2397565, 684596.3 2397581, 684576.4 2397598, 684557.4 2397616, 684539.4 2397635, 684522.4 2397655, 684506.4 2397676, 684491.6 2397698, 684477.9 2397720, 684465.4 2397743, 684454.2 2397767, 684444.2 2397791, 684435.4 2397815, 684428 2397841, 684421.9 2397866, 684417.1 2397892, 684413.7 2397918, 684411.6 2397944, 684410.9 2397970, 684411.6 2397996, 684413.7 2398022, 684417.1 2398048, 684421.9 2398074, 684428 2398099, 684435.4 2398124, 684444.2 2398149, 684454.2 2398173, 684465.4 2398197, 684477.9 2398220, 684491.6 2398242, 684506.4 2398264, 684522.4 2398285, 684539.4 2398305, 684557.4 2398324, 684576.4 2398342, 684596.3 2398359, 684617.1 2398374, 684638.6 2398389, 684660.9 2398403, 684684 2398415, 684707.6 2398427, 684731.8 2398437, 684756.4 2398445, 684781.5 2398453, 684807 2398459, 684832.7 2398464, 684858.7 2398467, 684884.8 2398469, 684910.9 2398470, 684937.1 2398469, 684963.2 2398467, 684989.2 2398464, 685014.9 2398459, 685040.4 2398453, 685065.5 2398445, 685090.1 2398437, 685114.3 2398427, 685137.9 2398415, 685160.9 2398403, 685183.3 2398389, 685204.8 2398374, 685225.6 2398359, 685245.5 2398342, 685264.5 2398324, 685282.5 2398305, 685299.5 2398285, 685315.5 2398264, 685330.3 2398242, 685344 2398220, 685356.5 2398197, 685367.7 2398173, 685377.7 2398149, 685386.5 2398124, 685393.9 2398099, 685400 2398074, 685404.8 2398048, 685408.2 2398022, 685410.3 2397996, 685410.9 2397970))"
41,20260550,Forest,4740.827023878858,28.393067437574942,2.9508196721311477,0,Dai,NA,NA,1,0,0,6667,122.60902850924504,1077.6089394714324,966.607177734375,9.115549087524414,239.54446590505648,508307.3547363281,7708.969974517822,0.1357104428462345,1,99,145932.42645263672,0.287094855293478,33575.265884399414,0.06605307905059873,1,0,-0.5068695200855879,-0.8620227894946895,8.463966877081248,3.346145011058112,1.0820829867168993,"POLYGON ((679604.1 2479183, 679603.4 2479156, 679601.4 2479130, 679598 2479104, 679593.2 2479079, 679587.1 2479053, 679579.6 2479028, 679570.9 2479003, 679560.9 2478979, 679549.6 2478956, 679537.1 2478933, 679523.5 2478910, 679508.6 2478889, 679492.7 2478868, 679475.7 2478848, 679457.7 2478829, 679438.7 2478811, 679418.8 2478794, 679398 2478778, 679376.4 2478763, 679354.1 2478749, 679331.1 2478737, 679307.5 2478726, 679283.3 2478716, 679258.6 2478707, 679233.5 2478700, 679208.1 2478693, 679182.3 2478689, 679156.4 2478685, 679130.3 2478683, 679104.1 2478683, 679078 2478683, 679051.9 2478685, 679025.9 2478689, 679000.2 2478693, 678974.7 2478700, 678949.6 2478707, 678924.9 2478716, 678900.8 2478726, 678877.1 2478737, 678854.1 2478749, 678831.8 2478763, 678810.2 2478778, 678789.5 2478794, 678769.6 2478811, 678750.6 2478829, 678732.5 2478848, 678715.5 2478868, 678699.6 2478889, 678684.8 2478910, 678671.1 2478933, 678658.6 2478956, 678647.3 2478979, 678637.3 2479003, 678628.6 2479028, 678621.2 2479053, 678615 2479079, 678610.3 2479104, 678606.9 2479130, 678604.8 2479156, 678604.1 2479183, 678604.8 2479209, 678606.9 2479235, 678610.3 2479261, 678615 2479286, 678621.2 2479312, 678628.6 2479337, 678637.3 2479362, 678647.3 2479386, 678658.6 2479409, 678671.1 2479433, 678684.8 2479455, 678699.6 2479476, 678715.5 2479497, 678732.5 2479517, 678750.6 2479536, 678769.6 2479554, 678789.5 2479571, 678810.2 2479587, 678831.8 2479602, 678854.1 2479616, 678877.1 2479628, 678900.8 2479639, 678924.9 2479649, 678949.6 2479658, 678974.7 2479665, 679000.2 2479672, 679025.9 2479676, 679051.9 2479680, 679078 2479682, 679104.1 2479683, 679130.3 2479682, 679156.4 2479680, 679182.3 2479676, 679208.1 2479672, 679233.5 2479665, 679258.6 2479658, 679283.3 2479649, 679307.5 2479639, 679331.1 2479628, 679354.1 2479616, 679376.4 2479602, 679398 2479587, 679418.8 2479571, 679438.7 2479554, 679457.7 2479536, 679475.7 2479517, 679492.7 2479497, 679508.6 2479476, 679523.5 2479455, 679537.1 2479433, 679549.6 2479409, 679560.9 2479386, 679570.9 2479362, 679579.6 2479337, 679587.1 2479312, 679593.2 2479286, 679598 2479261, 679601.4 2479235, 679603.4 2479209, 679604.1 2479183))"
41,20260550,Forest,5158.139534883721,191.697119660596,0.6052880075542965,0,Dai,NA,NA,1,0,0,6697,262.33008565349814,1298.4756974593686,570.22808837890625,4.207526683807373,251.50051349569648,9000,47700,0.7952136994433103,1,5,9000,1,0,0,1,0,-0.3172961573350017,-0.9483264989129229,8.548331238204842,5.255916624694045,-0.5020508886807366,"POLYGON ((684233.4 2430185, 684232.7 2430159, 684230.6 2430133, 684227.2 2430107, 684222.4 2430081, 684216.3 2430056, 684208.9 2430031, 684200.2 2430006, 684190.1 2429982, 684178.9 2429958, 684166.4 2429935, 684152.7 2429913, 684137.9 2429891, 684121.9 2429870, 684104.9 2429850, 684086.9 2429831, 684067.9 2429813, 684048 2429796, 684027.3 2429781, 684005.7 2429766, 683983.4 2429752, 683960.4 2429740, 683936.7 2429728, 683912.6 2429718, 683887.9 2429710, 683862.8 2429702, 683837.3 2429696, 683811.6 2429691, 683785.6 2429688, 683759.5 2429686, 683733.4 2429685, 683707.2 2429686, 683681.1 2429688, 683655.2 2429691, 683629.4 2429696, 683604 2429702, 683578.9 2429710, 683554.2 2429718, 683530 2429728, 683506.4 2429740, 683483.4 2429752, 683461.1 2429766, 683439.5 2429781, 683418.7 2429796, 683398.8 2429813, 683379.8 2429831, 683361.8 2429850, 683344.8 2429870, 683328.9 2429891, 683314 2429913, 683300.4 2429935, 683287.9 2429958, 683276.6 2429982, 683266.6 2430006, 683257.8 2430031, 683250.4 2430056, 683244.3 2430081, 683239.5 2430107, 683236.1 2430133, 683234.1 2430159, 683233.4 2430185, 683234.1 2430211, 683236.1 2430237, 683239.5 2430263, 683244.3 2430289, 683250.4 2430314, 683257.8 2430340, 683266.6 2430364, 683276.6 2430388, 683287.9 2430412, 683300.4 2430435, 683314 2430457, 683328.9 2430479, 683344.8 2430500, 683361.8 2430520, 683379.8 2430539, 683398.8 2430557, 683418.7 2430574, 683439.5 2430590, 683461.1 2430604, 683483.4 2430618, 683506.4 2430631, 683530 2430642, 683554.2 2430652, 683578.9 2430661, 683604 2430668, 683629.4 2430674, 683655.2 2430679, 683681.1 2430682, 683707.2 2430684, 683733.4 2430685, 683759.5 2430684, 683785.6 2430682, 683811.6 2430679, 683837.3 2430674, 683862.8 2430668, 683887.9 2430661, 683912.6 2430652, 683936.7 2430642, 683960.4 2430631, 683983.4 2430618, 684005.7 2430604, 684027.3 2430590, 684048 2430574, 684067.9 2430557, 684086.9 2430539, 684104.9 2430520, 684121.9 2430500, 684137.9 2430479, 684152.7 2430457, 684166.4 2430435, 684178.9 2430412, 684190.1 2430388, 684200.2 2430364, 684208.9 2430340, 684216.3 2430314, 684222.4 2430289, 684227.2 2430263, 684230.6 2430237, 684232.7 2430211, 684233.4 2430185))"
41,20260550,Forest,9439.29173693086,188.16805012166466,1.9389686684073106,0,Dai,NA,NA,1,0,0,6847,1018.0496508071243,1227.8843581507858,628.7064208984375,8.220104217529297,38.44495105707642,53302.39906311035,77841.02554321289,0.10499087829162825,1,112,53302.39906311035,1,0,0,1,0,0.7832058984585972,0.6217624310133747,9.152636228457322,5.237335447179777,0.6621562174952594,"POLYGON ((703345.9 2426703, 703345.2 2426676, 703343.2 2426650, 703339.8 2426624, 703335 2426599, 703328.9 2426573, 703321.5 2426548, 703312.7 2426523, 703302.7 2426499, 703291.4 2426476, 703278.9 2426453, 703265.3 2426430, 703250.4 2426409, 703234.5 2426388, 703217.5 2426368, 703199.5 2426349, 703180.5 2426331, 703160.6 2426314, 703139.8 2426298, 703118.3 2426283, 703095.9 2426270, 703072.9 2426257, 703049.3 2426246, 703025.1 2426236, 703000.4 2426227, 702975.3 2426220, 702949.9 2426214, 702924.1 2426209, 702898.2 2426205, 702872.1 2426203, 702845.9 2426203, 702819.8 2426203, 702793.7 2426205, 702767.7 2426209, 702742 2426214, 702716.5 2426220, 702691.4 2426227, 702666.7 2426236, 702642.6 2426246, 702618.9 2426257, 702595.9 2426270, 702573.6 2426283, 702552 2426298, 702531.3 2426314, 702511.4 2426331, 702492.4 2426349, 702474.4 2426368, 702457.4 2426388, 702441.4 2426409, 702426.6 2426430, 702412.9 2426453, 702400.4 2426476, 702389.2 2426499, 702379.1 2426523, 702370.4 2426548, 702363 2426573, 702356.9 2426599, 702352.1 2426624, 702348.7 2426650, 702346.6 2426676, 702345.9 2426703, 702346.6 2426729, 702348.7 2426755, 702352.1 2426781, 702356.9 2426807, 702363 2426832, 702370.4 2426857, 702379.1 2426882, 702389.2 2426906, 702400.4 2426930, 702412.9 2426953, 702426.6 2426975, 702441.4 2426996, 702457.4 2427017, 702474.4 2427037, 702492.4 2427056, 702511.4 2427074, 702531.3 2427091, 702552 2427107, 702573.6 2427122, 702595.9 2427136, 702618.9 2427148, 702642.6 2427159, 702666.7 2427169, 702691.4 2427178, 702716.5 2427186, 702742 2427192, 702767.7 2427196, 702793.7 2427200, 702819.8 2427202, 702845.9 2427203, 702872.1 2427202, 702898.2 2427200, 702924.1 2427196, 702949.9 2427192, 702975.3 2427186, 703000.4 2427178, 703025.1 2427169, 703049.3 2427159, 703072.9 2427148, 703095.9 2427136, 703118.3 2427122, 703139.8 2427107, 703160.6 2427091, 703180.5 2427074, 703199.5 2427056, 703217.5 2427037, 703234.5 2427017, 703250.4 2426996, 703265.3 2426975, 703278.9 2426953, 703291.4 2426930, 703302.7 2426906, 703312.7 2426882, 703321.5 2426857, 703328.9 2426832, 703335 2426807, 703339.8 2426781, 703343.2 2426755, 703345.2 2426729, 703345.9 2426703))"
41,20260550,Forest,5300,11.357870574345577,3.2247191011235956,0,Dai,NA,NA,1,0,0,6878,261.55884193158107,724.2575592741133,702.976806640625,13.467540740966797,220.91637745613616,19589.86415863037,0,0.3435020304431809,1,3,15648.160171508789,0.7987886003086421,0,0,1,0,-0.7556662868287979,-0.6549568405249135,8.575462099540212,2.4299109462807524,1.1708458460274813,"POLYGON ((743198.8 2351367, 743198.1 2351341, 743196 2351315, 743192.6 2351289, 743187.8 2351263, 743181.7 2351238, 743174.3 2351213, 743165.6 2351188, 743155.5 2351164, 743144.3 2351140, 743131.8 2351117, 743118.1 2351095, 743103.3 2351073, 743087.3 2351053, 743070.3 2351033, 743052.3 2351014, 743033.3 2350996, 743013.4 2350979, 742992.7 2350963, 742971.1 2350948, 742948.8 2350934, 742925.8 2350922, 742902.1 2350911, 742878 2350901, 742853.3 2350892, 742828.2 2350884, 742802.7 2350878, 742777 2350874, 742751 2350870, 742724.9 2350868, 742698.8 2350867, 742672.6 2350868, 742646.5 2350870, 742620.6 2350874, 742594.8 2350878, 742569.4 2350884, 742544.3 2350892, 742519.6 2350901, 742495.4 2350911, 742471.8 2350922, 742448.8 2350934, 742426.5 2350948, 742404.9 2350963, 742384.1 2350979, 742364.2 2350996, 742345.2 2351014, 742327.2 2351033, 742310.2 2351053, 742294.3 2351073, 742279.4 2351095, 742265.8 2351117, 742253.3 2351140, 742242 2351164, 742232 2351188, 742223.2 2351213, 742215.8 2351238, 742209.7 2351263, 742204.9 2351289, 742201.5 2351315, 742199.5 2351341, 742198.8 2351367, 742199.5 2351394, 742201.5 2351420, 742204.9 2351446, 742209.7 2351471, 742215.8 2351497, 742223.2 2351522, 742232 2351547, 742242 2351571, 742253.3 2351594, 742265.8 2351617, 742279.4 2351640, 742294.3 2351661, 742310.2 2351682, 742327.2 2351702, 742345.2 2351721, 742364.2 2351739, 742384.1 2351756, 742404.9 2351772, 742426.5 2351787, 742448.8 2351800, 742471.8 2351813, 742495.4 2351824, 742519.6 2351834, 742544.3 2351843, 742569.4 2351850, 742594.8 2351856, 742620.6 2351861, 742646.5 2351865, 742672.6 2351867, 742698.8 2351867, 742724.9 2351867, 742751 2351865, 742777 2351861, 742802.7 2351856, 742828.2 2351850, 742853.3 2351843, 742878 2351834, 742902.1 2351824, 742925.8 2351813, 742948.8 2351800, 742971.1 2351787, 742992.7 2351772, 743013.4 2351756, 743033.3 2351739, 743052.3 2351721, 743070.3 2351702, 743087.3 2351682, 743103.3 2351661, 743118.1 2351640, 743131.8 2351617, 743144.3 2351594, 743155.5 2351571, 743165.6 2351547, 743174.3 2351522, 743181.7 2351497, 743187.8 2351471, 743192.6 2351446, 743196 2351420, 743198.1 2351394, 743198.8 2351367))"
41,20260550,Forest,9030.17650408047,281.6806482633849,1.1805929919137466,0,Dai,NA,NA,1,0,0,6903,777.2598611390156,802.718930126337,681.99822998046875,4.843371391296387,303.0038763881257,9000,103804.43115234375,0.5646419743100854,1,84,0,0,9000,1,1,0,0.5446957746429304,-0.838633718071327,9.1083271926298,5.640773976262016,0.16601684776901093,"POLYGON ((675382 2383955, 675381.3 2383928, 675379.3 2383902, 675375.9 2383876, 675371.1 2383851, 675365 2383825, 675357.6 2383800, 675348.8 2383775, 675338.8 2383751, 675327.5 2383728, 675315 2383705, 675301.4 2383682, 675286.5 2383661, 675270.6 2383640, 675253.6 2383620, 675235.6 2383601, 675216.6 2383583, 675196.7 2383566, 675175.9 2383550, 675154.3 2383535, 675132 2383522, 675109 2383509, 675085.4 2383498, 675061.2 2383488, 675036.5 2383479, 675011.4 2383472, 674986 2383465, 674960.2 2383461, 674934.3 2383457, 674908.2 2383455, 674882 2383455, 674855.9 2383455, 674829.8 2383457, 674803.8 2383461, 674778.1 2383465, 674752.6 2383472, 674727.5 2383479, 674702.8 2383488, 674678.7 2383498, 674655 2383509, 674632 2383522, 674609.7 2383535, 674588.1 2383550, 674567.4 2383566, 674547.5 2383583, 674528.5 2383601, 674510.5 2383620, 674493.5 2383640, 674477.5 2383661, 674462.7 2383682, 674449 2383705, 674436.5 2383728, 674425.3 2383751, 674415.2 2383775, 674406.5 2383800, 674399.1 2383825, 674393 2383851, 674388.2 2383876, 674384.8 2383902, 674382.7 2383928, 674382 2383955, 674382.7 2383981, 674384.8 2384007, 674388.2 2384033, 674393 2384059, 674399.1 2384084, 674406.5 2384109, 674415.2 2384134, 674425.3 2384158, 674436.5 2384182, 674449 2384205, 674462.7 2384227, 674477.5 2384248, 674493.5 2384269, 674510.5 2384289, 674528.5 2384308, 674547.5 2384326, 674567.4 2384343, 674588.1 2384359, 674609.7 2384374, 674632 2384388, 674655 2384400, 674678.7 2384411, 674702.8 2384421, 674727.5 2384430, 674752.6 2384438, 674778.1 2384444, 674803.8 2384448, 674829.8 2384452, 674855.9 2384454, 674882 2384455, 674908.2 2384454, 674934.3 2384452, 674960.2 2384448, 674986 2384444, 675011.4 2384438, 675036.5 2384430, 675061.2 2384421, 675085.4 2384411, 675109 2384400, 675132 2384388, 675154.3 2384374, 675175.9 2384359, 675196.7 2384343, 675216.6 2384326, 675235.6 2384308, 675253.6 2384289, 675270.6 2384269, 675286.5 2384248, 675301.4 2384227, 675315 2384205, 675327.5 2384182, 675338.8 2384158, 675348.8 2384134, 675357.6 2384109, 675365 2384084, 675371.1 2384059, 675375.9 2384033, 675379.3 2384007, 675381.3 2383981, 675382 2383955))"
41,20260550,Forest,5300,11.357870574345577,3.2247191011235956,0,Dai,NA,NA,1,0,0,6955,150.93224601532287,322.72485374896877,720.70037841796875,13.566618919372559,155.83578943318938,104235.93292236328,0,0.47514137218052355,1,35,42432.8727722168,0.4070848850541927,3559.0285062789917,0.03414396942108071,1,0,-0.9123759939470617,0.4093532040537991,8.575462099540212,2.4299109462807524,1.1708458460274813,"POLYGON ((743600.8 2351449, 743600.2 2351423, 743598.1 2351397, 743594.7 2351371, 743589.9 2351345, 743583.8 2351320, 743576.4 2351295, 743567.6 2351270, 743557.6 2351246, 743546.3 2351222, 743533.9 2351199, 743520.2 2351177, 743505.3 2351156, 743489.4 2351135, 743472.4 2351115, 743454.4 2351096, 743435.4 2351078, 743415.5 2351061, 743394.7 2351045, 743373.2 2351030, 743350.8 2351016, 743327.8 2351004, 743304.2 2350993, 743280 2350983, 743255.3 2350974, 743230.2 2350966, 743204.8 2350960, 743179.1 2350956, 743153.1 2350952, 743127 2350950, 743100.8 2350949, 743074.7 2350950, 743048.6 2350952, 743022.6 2350956, 742996.9 2350960, 742971.4 2350966, 742946.3 2350974, 742921.7 2350983, 742897.5 2350993, 742873.8 2351004, 742850.8 2351016, 742828.5 2351030, 742806.9 2351045, 742786.2 2351061, 742766.3 2351078, 742747.3 2351096, 742729.3 2351115, 742712.3 2351135, 742696.3 2351156, 742681.5 2351177, 742667.8 2351199, 742655.3 2351222, 742644.1 2351246, 742634 2351270, 742625.3 2351295, 742617.9 2351320, 742611.8 2351345, 742607 2351371, 742603.6 2351397, 742601.5 2351423, 742600.8 2351449, 742601.5 2351476, 742603.6 2351502, 742607 2351528, 742611.8 2351553, 742617.9 2351579, 742625.3 2351604, 742634 2351629, 742644.1 2351653, 742655.3 2351676, 742667.8 2351699, 742681.5 2351722, 742696.3 2351743, 742712.3 2351764, 742729.3 2351784, 742747.3 2351803, 742766.3 2351821, 742786.2 2351838, 742806.9 2351854, 742828.5 2351869, 742850.8 2351882, 742873.8 2351895, 742897.5 2351906, 742921.7 2351916, 742946.3 2351925, 742971.4 2351932, 742996.9 2351938, 743022.6 2351943, 743048.6 2351947, 743074.7 2351949, 743100.8 2351949, 743127 2351949, 743153.1 2351947, 743179.1 2351943, 743204.8 2351938, 743230.2 2351932, 743255.3 2351925, 743280 2351916, 743304.2 2351906, 743327.8 2351895, 743350.8 2351882, 743373.2 2351869, 743394.7 2351854, 743415.5 2351838, 743435.4 2351821, 743454.4 2351803, 743472.4 2351784, 743489.4 2351764, 743505.3 2351743, 743520.2 2351722, 743533.9 2351699, 743546.3 2351676, 743557.6 2351653, 743567.6 2351629, 743576.4 2351604, 743583.8 2351579, 743589.9 2351553, 743594.7 2351528, 743598.1 2351502, 743600.2 2351476, 743600.8 2351449))"
41,20260550,Forest,6519.263617384702,143.3536045654432,0.9216765453005927,0,Dai,NA,NA,1,0,0,6987,36.84403738247968,557.4678492471819,704.8402099609375,9.383978843688965,47.14220400401636,7525.069999694824,53981.302642822266,0.5436048945924465,1,45,7525.069999694824,1,0,0,1,0,0.6801810940952732,0.7330441182052804,8.782516706423346,4.965314337220381,-0.08156093552276016,"POLYGON ((671052.8 2389901, 671052.2 2389875, 671050.1 2389849, 671046.7 2389823, 671041.9 2389797, 671035.8 2389772, 671028.4 2389746, 671019.6 2389722, 671009.6 2389698, 670998.3 2389674, 670985.9 2389651, 670972.2 2389629, 670957.3 2389607, 670941.4 2389586, 670924.4 2389566, 670906.4 2389547, 670887.4 2389529, 670867.5 2389512, 670846.7 2389496, 670825.2 2389482, 670802.8 2389468, 670779.8 2389455, 670756.2 2389444, 670732 2389434, 670707.3 2389425, 670682.2 2389418, 670656.8 2389412, 670631.1 2389407, 670605.1 2389404, 670579 2389402, 670552.8 2389401, 670526.7 2389402, 670500.6 2389404, 670474.6 2389407, 670448.9 2389412, 670423.4 2389418, 670398.3 2389425, 670373.7 2389434, 670349.5 2389444, 670325.8 2389455, 670302.8 2389468, 670280.5 2389482, 670258.9 2389496, 670238.2 2389512, 670218.3 2389529, 670199.3 2389547, 670181.3 2389566, 670164.3 2389586, 670148.3 2389607, 670133.5 2389629, 670119.8 2389651, 670107.3 2389674, 670096.1 2389698, 670086 2389722, 670077.3 2389746, 670069.9 2389772, 670063.8 2389797, 670059 2389823, 670055.6 2389849, 670053.5 2389875, 670052.8 2389901, 670053.5 2389927, 670055.6 2389953, 670059 2389979, 670063.8 2390005, 670069.9 2390030, 670077.3 2390055, 670086 2390080, 670096.1 2390104, 670107.3 2390128, 670119.8 2390151, 670133.5 2390173, 670148.3 2390195, 670164.3 2390216, 670181.3 2390235, 670199.3 2390254, 670218.3 2390272, 670238.2 2390289, 670258.9 2390305, 670280.5 2390320, 670302.8 2390334, 670325.8 2390346, 670349.5 2390358, 670373.7 2390368, 670398.3 2390376, 670423.4 2390384, 670448.9 2390390, 670474.6 2390395, 670500.6 2390398, 670526.7 2390400, 670552.8 2390401, 670579 2390400, 670605.1 2390398, 670631.1 2390395, 670656.8 2390390, 670682.2 2390384, 670707.3 2390376, 670732 2390368, 670756.2 2390358, 670779.8 2390346, 670802.8 2390334, 670825.2 2390320, 670846.7 2390305, 670867.5 2390289, 670887.4 2390272, 670906.4 2390254, 670924.4 2390235, 670941.4 2390216, 670957.3 2390195, 670972.2 2390173, 670985.9 2390151, 670998.3 2390128, 671009.6 2390104, 671019.6 2390080, 671028.4 2390055, 671035.8 2390030, 671041.9 2390005, 671046.7 2389979, 671050.1 2389953, 671052.2 2389927, 671052.8 2389901))"
41,20260550,Forest,7668.695652173914,133.19513203141992,2.0375399361022364,0,Dai,NA,NA,1,0,0,6999,202.6159071721932,787.3889279068858,1180.3870849609375,2.897733211517334,243.92388002048025,23630.405616760254,0,0.2149392123679256,1,28,0,0,9604.1107177734375,0.4064302100240533,1,0,-0.43956484724815775,-0.8982108577965999,8.944901821513023,4.891815211127795,0.7117431664817675,"POLYGON ((642007 2427788, 642006.3 2427762, 642004.3 2427736, 642000.9 2427710, 641996.1 2427684, 641990 2427659, 641982.5 2427634, 641973.8 2427609, 641963.8 2427585, 641952.5 2427561, 641940 2427538, 641926.3 2427516, 641911.5 2427494, 641895.6 2427473, 641878.6 2427453, 641860.6 2427434, 641841.6 2427416, 641821.7 2427399, 641800.9 2427384, 641779.3 2427369, 641757 2427355, 641734 2427343, 641710.4 2427331, 641686.2 2427321, 641661.5 2427313, 641636.4 2427305, 641611 2427299, 641585.2 2427294, 641559.3 2427291, 641533.2 2427289, 641507 2427288, 641480.8 2427289, 641454.7 2427291, 641428.8 2427294, 641403.1 2427299, 641377.6 2427305, 641352.5 2427313, 641327.8 2427321, 641303.6 2427331, 641280 2427343, 641257 2427355, 641234.7 2427369, 641213.1 2427384, 641192.3 2427399, 641172.4 2427416, 641153.5 2427434, 641135.4 2427453, 641118.4 2427473, 641102.5 2427494, 641087.7 2427516, 641074 2427538, 641061.5 2427561, 641050.2 2427585, 641040.2 2427609, 641031.5 2427634, 641024 2427659, 641017.9 2427684, 641013.2 2427710, 641009.7 2427736, 641007.7 2427762, 641007 2427788, 641007.7 2427814, 641009.7 2427840, 641013.2 2427866, 641017.9 2427892, 641024 2427917, 641031.5 2427943, 641040.2 2427967, 641050.2 2427991, 641061.5 2428015, 641074 2428038, 641087.7 2428060, 641102.5 2428082, 641118.4 2428103, 641135.4 2428123, 641153.5 2428142, 641172.4 2428160, 641192.3 2428177, 641213.1 2428193, 641234.7 2428207, 641257 2428221, 641280 2428234, 641303.6 2428245, 641327.8 2428255, 641352.5 2428264, 641377.6 2428271, 641403.1 2428277, 641428.8 2428282, 641454.7 2428285, 641480.8 2428287, 641507 2428288, 641533.2 2428287, 641559.3 2428285, 641585.2 2428282, 641611 2428277, 641636.4 2428271, 641661.5 2428264, 641686.2 2428255, 641710.4 2428245, 641734 2428234, 641757 2428221, 641779.3 2428207, 641800.9 2428193, 641821.7 2428177, 641841.6 2428160, 641860.6 2428142, 641878.6 2428123, 641895.6 2428103, 641911.5 2428082, 641926.3 2428060, 641940 2428038, 641952.5 2428015, 641963.8 2427991, 641973.8 2427967, 641982.5 2427943, 641990 2427917, 641996.1 2427892, 642000.9 2427866, 642004.3 2427840, 642006.3 2427814, 642007 2427788))"
41,20260550,Forest,5300,11.357870574345577,3.2247191011235956,0,Dai,NA,NA,1,0,0,7063,193.20638039005019,253.82193755712356,697.24102783203125,11.773364067077637,180.37383038815815,38115.28358459473,0,0.6809464455626475,1,9,8100,0.21251317682111706,3600,0.09445030080938537,1,0,-0.9999787150613757,-0.006524524825603856,8.575462099540212,2.4299109462807524,1.1708458460274813,"POLYGON ((743769.8 2351836, 743769.1 2351810, 743767.1 2351784, 743763.7 2351758, 743758.9 2351732, 743752.8 2351706, 743745.3 2351681, 743736.6 2351657, 743726.6 2351633, 743715.3 2351609, 743702.8 2351586, 743689.2 2351564, 743674.3 2351542, 743658.4 2351521, 743641.4 2351501, 743623.4 2351482, 743604.4 2351464, 743584.5 2351447, 743563.7 2351431, 743542.1 2351417, 743519.8 2351403, 743496.8 2351390, 743473.2 2351379, 743449 2351369, 743424.3 2351360, 743399.2 2351353, 743373.8 2351347, 743348 2351342, 743322.1 2351339, 743296 2351337, 743269.8 2351336, 743243.6 2351337, 743217.6 2351339, 743191.6 2351342, 743165.9 2351347, 743140.4 2351353, 743115.3 2351360, 743090.6 2351369, 743066.4 2351379, 743042.8 2351390, 743019.8 2351403, 742997.5 2351417, 742975.9 2351431, 742955.2 2351447, 742935.3 2351464, 742916.3 2351482, 742898.2 2351501, 742881.2 2351521, 742865.3 2351542, 742850.5 2351564, 742836.8 2351586, 742824.3 2351609, 742813 2351633, 742803 2351657, 742794.3 2351681, 742786.9 2351706, 742780.7 2351732, 742776 2351758, 742772.6 2351784, 742770.5 2351810, 742769.8 2351836, 742770.5 2351862, 742772.6 2351888, 742776 2351914, 742780.7 2351940, 742786.9 2351965, 742794.3 2351990, 742803 2352015, 742813 2352039, 742824.3 2352063, 742836.8 2352086, 742850.5 2352108, 742865.3 2352130, 742881.2 2352151, 742898.2 2352170, 742916.3 2352189, 742935.3 2352207, 742955.2 2352224, 742975.9 2352240, 742997.5 2352255, 743019.8 2352269, 743042.8 2352281, 743066.4 2352293, 743090.6 2352303, 743115.3 2352311, 743140.4 2352319, 743165.9 2352325, 743191.6 2352330, 743217.6 2352333, 743243.6 2352335, 743269.8 2352336, 743296 2352335, 743322.1 2352333, 743348 2352330, 743373.8 2352325, 743399.2 2352319, 743424.3 2352311, 743449 2352303, 743473.2 2352293, 743496.8 2352281, 743519.8 2352269, 743542.1 2352255, 743563.7 2352240, 743584.5 2352224, 743604.4 2352207, 743623.4 2352189, 743641.4 2352170, 743658.4 2352151, 743674.3 2352130, 743689.2 2352108, 743702.8 2352086, 743715.3 2352063, 743726.6 2352039, 743736.6 2352015, 743745.3 2351990, 743752.8 2351965, 743758.9 2351940, 743763.7 2351914, 743767.1 2351888, 743769.1 2351862, 743769.8 2351836))"
41,20260550,Forest,5152.0093185789165,31.010082017237615,3.867597133157299,0,Dai,NA,NA,1,0,0,7160,213.43701842051772,324.47866854663374,962.0487060546875,6.993899822235107,101.01146777213926,785039.3371582031,0,0.34510355738768267,1,54,0,0,98813.63067626953,0.1258709290084356,1,0,-0.1910054646087647,0.9815889732925844,8.547142076512934,3.4343123779730202,1.3526334183810655,"POLYGON ((678199.3 2487177, 678198.6 2487151, 678196.6 2487125, 678193.2 2487099, 678188.4 2487073, 678182.3 2487048, 678174.8 2487023, 678166.1 2486998, 678156.1 2486974, 678144.8 2486950, 678132.3 2486927, 678118.6 2486905, 678103.8 2486883, 678087.9 2486862, 678070.9 2486843, 678052.9 2486824, 678033.9 2486806, 678014 2486789, 677993.2 2486773, 677971.6 2486758, 677949.3 2486744, 677926.3 2486732, 677902.7 2486720, 677878.5 2486710, 677853.8 2486702, 677828.7 2486694, 677803.3 2486688, 677777.5 2486683, 677751.6 2486680, 677725.5 2486678, 677699.3 2486677, 677673.1 2486678, 677647.1 2486680, 677621.1 2486683, 677595.4 2486688, 677569.9 2486694, 677544.8 2486702, 677520.1 2486710, 677495.9 2486720, 677472.3 2486732, 677449.3 2486744, 677427 2486758, 677405.4 2486773, 677384.7 2486789, 677364.7 2486806, 677345.8 2486824, 677327.7 2486843, 677310.7 2486862, 677294.8 2486883, 677280 2486905, 677266.3 2486927, 677253.8 2486950, 677242.5 2486974, 677232.5 2486998, 677223.8 2487023, 677216.4 2487048, 677210.2 2487073, 677205.5 2487099, 677202.1 2487125, 677200 2487151, 677199.3 2487177, 677200 2487203, 677202.1 2487229, 677205.5 2487255, 677210.2 2487281, 677216.4 2487307, 677223.8 2487332, 677232.5 2487356, 677242.5 2487381, 677253.8 2487404, 677266.3 2487427, 677280 2487449, 677294.8 2487471, 677310.7 2487492, 677327.7 2487512, 677345.8 2487531, 677364.7 2487549, 677384.7 2487566, 677405.4 2487582, 677427 2487596, 677449.3 2487610, 677472.3 2487623, 677495.9 2487634, 677520.1 2487644, 677544.8 2487653, 677569.9 2487660, 677595.4 2487666, 677621.1 2487671, 677647.1 2487674, 677673.1 2487676, 677699.3 2487677, 677725.5 2487676, 677751.6 2487674, 677777.5 2487671, 677803.3 2487666, 677828.7 2487660, 677853.8 2487653, 677878.5 2487644, 677902.7 2487634, 677926.3 2487623, 677949.3 2487610, 677971.6 2487596, 677993.2 2487582, 678014 2487566, 678033.9 2487549, 678052.9 2487531, 678070.9 2487512, 678087.9 2487492, 678103.8 2487471, 678118.6 2487449, 678132.3 2487427, 678144.8 2487404, 678156.1 2487381, 678166.1 2487356, 678174.8 2487332, 678182.3 2487307, 678188.4 2487281, 678193.2 2487255, 678196.6 2487229, 678198.6 2487203, 678199.3 2487177))"
41,20260550,Forest,8082.412914188615,48.483721067496745,1.5257279617072197,0,Dai,NA,NA,1,0,0,7168,921.1734020229546,1432.2652318290955,888.6611328125,10.820442199707031,23.328791948286096,1500.3132462501526,7202.916526794434,0.008264021783596545,1,114,1500.3132462501526,1,0,0,1,0,0.918247498118511,0.39600698503826304,8.997445734928318,3.881228093508158,0.4224716481023428,"POLYGON ((691202.3 2443551, 691201.6 2443525, 691199.5 2443499, 691196.1 2443473, 691191.4 2443447, 691185.2 2443422, 691177.8 2443397, 691169.1 2443372, 691159.1 2443348, 691147.8 2443324, 691135.3 2443301, 691121.6 2443279, 691106.8 2443258, 691090.9 2443237, 691073.9 2443217, 691055.8 2443198, 691036.8 2443180, 691016.9 2443163, 690996.2 2443147, 690974.6 2443132, 690952.3 2443118, 690929.3 2443106, 690905.6 2443095, 690881.5 2443085, 690856.8 2443076, 690831.7 2443068, 690806.2 2443062, 690780.5 2443058, 690754.5 2443054, 690728.4 2443052, 690702.3 2443051, 690676.1 2443052, 690650 2443054, 690624.1 2443058, 690598.3 2443062, 690572.9 2443068, 690547.8 2443076, 690523.1 2443085, 690498.9 2443095, 690475.3 2443106, 690452.3 2443118, 690430 2443132, 690408.4 2443147, 690387.6 2443163, 690367.7 2443180, 690348.7 2443198, 690330.7 2443217, 690313.7 2443237, 690297.8 2443258, 690282.9 2443279, 690269.3 2443301, 690256.8 2443324, 690245.5 2443348, 690235.5 2443372, 690226.8 2443397, 690219.3 2443422, 690213.2 2443447, 690208.4 2443473, 690205 2443499, 690203 2443525, 690202.3 2443551, 690203 2443578, 690205 2443604, 690208.4 2443630, 690213.2 2443655, 690219.3 2443681, 690226.8 2443706, 690235.5 2443731, 690245.5 2443755, 690256.8 2443778, 690269.3 2443801, 690282.9 2443824, 690297.8 2443845, 690313.7 2443866, 690330.7 2443886, 690348.7 2443905, 690367.7 2443923, 690387.6 2443940, 690408.4 2443956, 690430 2443971, 690452.3 2443984, 690475.3 2443997, 690498.9 2444008, 690523.1 2444018, 690547.8 2444027, 690572.9 2444034, 690598.3 2444040, 690624.1 2444045, 690650 2444049, 690676.1 2444051, 690702.3 2444051, 690728.4 2444051, 690754.5 2444049, 690780.5 2444045, 690806.2 2444040, 690831.7 2444034, 690856.8 2444027, 690881.5 2444018, 690905.6 2444008, 690929.3 2443997, 690952.3 2443984, 690974.6 2443971, 690996.2 2443956, 691016.9 2443940, 691036.8 2443923, 691055.8 2443905, 691073.9 2443886, 691090.9 2443866, 691106.8 2443845, 691121.6 2443824, 691135.3 2443801, 691147.8 2443778, 691159.1 2443755, 691169.1 2443731, 691177.8 2443706, 691185.2 2443681, 691191.4 2443655, 691196.1 2443630, 691199.5 2443604, 691201.6 2443578, 691202.3 2443551))"
41,20260550,Forest,4871,11.311868803688643,0.5554728220402085,0,Dai,NA,NA,1,0,0,7529,42.56064695854238,907.4162250108354,719.1788330078125,8.413752555847168,116.14993105091614,40181.90803527832,589294.0612792969,0.4632948230752129,1,101,27583.26416015625,0.686459790210537,8100,0.20158325963238186,1,0,-0.4407215989245886,0.8976438448746552,8.491054533806542,2.425852511110355,-0.5879355963194767,"POLYGON ((762664.7 2377997, 762664.1 2377970, 762662 2377944, 762658.6 2377918, 762653.8 2377893, 762647.7 2377867, 762640.3 2377842, 762631.5 2377817, 762621.5 2377793, 762610.2 2377770, 762597.8 2377747, 762584.1 2377724, 762569.3 2377703, 762553.3 2377682, 762536.3 2377662, 762518.3 2377643, 762499.3 2377625, 762479.4 2377608, 762458.6 2377592, 762437.1 2377577, 762414.7 2377564, 762391.7 2377551, 762368.1 2377540, 762343.9 2377530, 762319.3 2377521, 762294.2 2377514, 762268.7 2377507, 762243 2377503, 762217 2377499, 762190.9 2377497, 762164.7 2377497, 762138.6 2377497, 762112.5 2377499, 762086.5 2377503, 762060.8 2377507, 762035.3 2377514, 762010.2 2377521, 761985.6 2377530, 761961.4 2377540, 761937.8 2377551, 761914.7 2377564, 761892.4 2377577, 761870.9 2377592, 761850.1 2377608, 761830.2 2377625, 761811.2 2377643, 761793.2 2377662, 761776.2 2377682, 761760.2 2377703, 761745.4 2377724, 761731.7 2377747, 761719.2 2377770, 761708 2377793, 761698 2377817, 761689.2 2377842, 761681.8 2377867, 761675.7 2377893, 761670.9 2377918, 761667.5 2377944, 761665.4 2377970, 761664.7 2377997, 761665.4 2378023, 761667.5 2378049, 761670.9 2378075, 761675.7 2378101, 761681.8 2378126, 761689.2 2378151, 761698 2378176, 761708 2378200, 761719.2 2378224, 761731.7 2378247, 761745.4 2378269, 761760.2 2378290, 761776.2 2378311, 761793.2 2378331, 761811.2 2378350, 761830.2 2378368, 761850.1 2378385, 761870.9 2378401, 761892.4 2378416, 761914.7 2378430, 761937.8 2378442, 761961.4 2378453, 761985.6 2378463, 762010.2 2378472, 762035.3 2378480, 762060.8 2378486, 762086.5 2378490, 762112.5 2378494, 762138.6 2378496, 762164.7 2378497, 762190.9 2378496, 762217 2378494, 762243 2378490, 762268.7 2378486, 762294.2 2378480, 762319.3 2378472, 762343.9 2378463, 762368.1 2378453, 762391.7 2378442, 762414.7 2378430, 762437.1 2378416, 762458.6 2378401, 762479.4 2378385, 762499.3 2378368, 762518.3 2378350, 762536.3 2378331, 762553.3 2378311, 762569.3 2378290, 762584.1 2378269, 762597.8 2378247, 762610.2 2378224, 762621.5 2378200, 762631.5 2378176, 762640.3 2378151, 762647.7 2378126, 762653.8 2378101, 762658.6 2378075, 762662 2378049, 762664.1 2378023, 762664.7 2377997))"
41,20260550,Forest,9620.300751879699,41.51503560607066,0.2980101804720037,1,Hani,土葬,无,0,1,0,87,479.79053989681483,1660.103547396882,699.64697265625,11.487675666809082,85.02310062132375,163712.38403320312,11849.044132232666,0.24567106273232364,1,1,65341.502380371094,0.399123760650379,0,0,0,1,0.0867540880022136,0.9962297567403335,9.171630806360227,3.726055665381232,-1.2106276304025323,"POLYGON ((698143.8 2406922, 698143.1 2406896, 698141 2406870, 698137.6 2406844, 698132.9 2406818, 698126.7 2406792, 698119.3 2406767, 698110.6 2406743, 698100.5 2406719, 698089.3 2406695, 698076.8 2406672, 698063.1 2406650, 698048.3 2406628, 698032.3 2406607, 698015.3 2406587, 697997.3 2406568, 697978.3 2406550, 697958.4 2406533, 697937.7 2406517, 697916.1 2406503, 697893.8 2406489, 697870.8 2406476, 697847.1 2406465, 697823 2406455, 697798.3 2406446, 697773.2 2406439, 697747.7 2406433, 697722 2406428, 697696 2406425, 697669.9 2406423, 697643.8 2406422, 697617.6 2406423, 697591.5 2406425, 697565.6 2406428, 697539.8 2406433, 697514.4 2406439, 697489.3 2406446, 697464.6 2406455, 697440.4 2406465, 697416.8 2406476, 697393.8 2406489, 697371.5 2406503, 697349.9 2406517, 697329.1 2406533, 697309.2 2406550, 697290.2 2406568, 697272.2 2406587, 697255.2 2406607, 697239.3 2406628, 697224.4 2406650, 697210.8 2406672, 697198.3 2406695, 697187 2406719, 697177 2406743, 697168.2 2406767, 697160.8 2406792, 697154.7 2406818, 697149.9 2406844, 697146.5 2406870, 697144.5 2406896, 697143.8 2406922, 697144.5 2406948, 697146.5 2406974, 697149.9 2407000, 697154.7 2407026, 697160.8 2407051, 697168.2 2407076, 697177 2407101, 697187 2407125, 697198.3 2407149, 697210.8 2407172, 697224.4 2407194, 697239.3 2407216, 697255.2 2407237, 697272.2 2407256, 697290.2 2407275, 697309.2 2407293, 697329.1 2407310, 697349.9 2407326, 697371.5 2407341, 697393.8 2407355, 697416.8 2407367, 697440.4 2407379, 697464.6 2407389, 697489.3 2407397, 697514.4 2407405, 697539.8 2407411, 697565.6 2407416, 697591.5 2407419, 697617.6 2407421, 697643.8 2407422, 697669.9 2407421, 697696 2407419, 697722 2407416, 697747.7 2407411, 697773.2 2407405, 697798.3 2407397, 697823 2407389, 697847.1 2407379, 697870.8 2407367, 697893.8 2407355, 697916.1 2407341, 697937.7 2407326, 697958.4 2407310, 697978.3 2407293, 697997.3 2407275, 698015.3 2407256, 698032.3 2407237, 698048.3 2407216, 698063.1 2407194, 698076.8 2407172, 698089.3 2407149, 698100.5 2407125, 698110.6 2407101, 698119.3 2407076, 698126.7 2407051, 698132.9 2407026, 698137.6 2407000, 698141 2406974, 698143.1 2406948, 698143.8 2406922))"
41,20260550,Forest,9620.300751879699,41.51503560607066,0.2980101804720037,1,Hani,土葬,无,0,1,0,88,649.617532588467,2129.797129006253,638.41455078125,7.709012508392334,55.15517947875635,31500,0,0.34480769197627364,1,2,31500,1,0,0,0,1,0.571355749832561,0.8207025083020473,9.171630806360227,3.726055665381232,-1.2106276304025323,"POLYGON ((698223.4 2408651, 698222.7 2408625, 698220.7 2408599, 698217.3 2408573, 698212.5 2408547, 698206.4 2408522, 698198.9 2408497, 698190.2 2408472, 698180.2 2408448, 698168.9 2408424, 698156.4 2408401, 698142.7 2408379, 698127.9 2408357, 698112 2408337, 698095 2408317, 698077 2408298, 698058 2408280, 698038.1 2408263, 698017.3 2408247, 697995.7 2408232, 697973.4 2408218, 697950.4 2408206, 697926.8 2408194, 697902.6 2408184, 697877.9 2408176, 697852.8 2408168, 697827.4 2408162, 697801.6 2408157, 697775.7 2408154, 697749.6 2408152, 697723.4 2408151, 697697.2 2408152, 697671.1 2408154, 697645.2 2408157, 697619.5 2408162, 697594 2408168, 697568.9 2408176, 697544.2 2408184, 697520 2408194, 697496.4 2408206, 697473.4 2408218, 697451.1 2408232, 697429.5 2408247, 697408.8 2408263, 697388.8 2408280, 697369.9 2408298, 697351.8 2408317, 697334.8 2408337, 697318.9 2408357, 697304.1 2408379, 697290.4 2408401, 697277.9 2408424, 697266.6 2408448, 697256.6 2408472, 697247.9 2408497, 697240.4 2408522, 697234.3 2408547, 697229.6 2408573, 697226.1 2408599, 697224.1 2408625, 697223.4 2408651, 697224.1 2408677, 697226.1 2408704, 697229.6 2408729, 697234.3 2408755, 697240.4 2408781, 697247.9 2408806, 697256.6 2408830, 697266.6 2408855, 697277.9 2408878, 697290.4 2408901, 697304.1 2408924, 697318.9 2408945, 697334.8 2408966, 697351.8 2408986, 697369.9 2409005, 697388.8 2409023, 697408.8 2409040, 697429.5 2409056, 697451.1 2409071, 697473.4 2409084, 697496.4 2409097, 697520 2409108, 697544.2 2409118, 697568.9 2409127, 697594 2409134, 697619.5 2409140, 697645.2 2409145, 697671.1 2409149, 697697.2 2409151, 697723.4 2409151, 697749.6 2409151, 697775.7 2409149, 697801.6 2409145, 697827.4 2409140, 697852.8 2409134, 697877.9 2409127, 697902.6 2409118, 697926.8 2409108, 697950.4 2409097, 697973.4 2409084, 697995.7 2409071, 698017.3 2409056, 698038.1 2409040, 698058 2409023, 698077 2409005, 698095 2408986, 698112 2408966, 698127.9 2408945, 698142.7 2408924, 698156.4 2408901, 698168.9 2408878, 698180.2 2408855, 698190.2 2408830, 698198.9 2408806, 698206.4 2408781, 698212.5 2408755, 698217.3 2408729, 698220.7 2408704, 698222.7 2408677, 698223.4 2408651))"
41,20260550,Forest,4472,80.2233765191585,1.6158910329171396,1,Hani,土葬,无,0,1,0,128,987.624251648906,2078.422306483125,657.32745361328125,10.943253517150879,28.400615064930825,230594.9249267578,93823.28338623047,0.15200564830904026,1,5,36710.71243286133,0.1592000016675193,1800,0.007805895990866759,0,1,0.8796434670337306,0.47563365198950963,8.405591014834934,4.384814950196063,0.4798865276998581,"POLYGON ((730772.9 2424739, 730772.2 2424712, 730770.1 2424686, 730766.7 2424660, 730761.9 2424635, 730755.8 2424609, 730748.4 2424584, 730739.6 2424559, 730729.6 2424535, 730718.4 2424512, 730705.9 2424489, 730692.2 2424466, 730677.4 2424445, 730661.4 2424424, 730644.4 2424404, 730626.4 2424385, 730607.4 2424367, 730587.5 2424350, 730566.7 2424334, 730545.2 2424319, 730522.9 2424306, 730499.8 2424293, 730476.2 2424282, 730452 2424272, 730427.4 2424263, 730402.3 2424256, 730376.8 2424249, 730351.1 2424245, 730325.1 2424241, 730299 2424239, 730272.9 2424239, 730246.7 2424239, 730220.6 2424241, 730194.6 2424245, 730168.9 2424249, 730143.4 2424256, 730118.3 2424263, 730093.7 2424272, 730069.5 2424282, 730045.9 2424293, 730022.9 2424306, 730000.5 2424319, 729979 2424334, 729958.2 2424350, 729938.3 2424367, 729919.3 2424385, 729901.3 2424404, 729884.3 2424424, 729868.3 2424445, 729853.5 2424466, 729839.8 2424489, 729827.3 2424512, 729816.1 2424535, 729806.1 2424559, 729797.3 2424584, 729789.9 2424609, 729783.8 2424635, 729779 2424660, 729775.6 2424686, 729773.5 2424712, 729772.9 2424739, 729773.5 2424765, 729775.6 2424791, 729779 2424817, 729783.8 2424843, 729789.9 2424868, 729797.3 2424893, 729806.1 2424918, 729816.1 2424942, 729827.3 2424966, 729839.8 2424989, 729853.5 2425011, 729868.3 2425032, 729884.3 2425053, 729901.3 2425073, 729919.3 2425092, 729938.3 2425110, 729958.2 2425127, 729979 2425143, 730000.5 2425158, 730022.9 2425172, 730045.9 2425184, 730069.5 2425195, 730093.7 2425205, 730118.3 2425214, 730143.4 2425222, 730168.9 2425228, 730194.6 2425232, 730220.6 2425236, 730246.7 2425238, 730272.9 2425239, 730299 2425238, 730325.1 2425236, 730351.1 2425232, 730376.8 2425228, 730402.3 2425222, 730427.4 2425214, 730452 2425205, 730476.2 2425195, 730499.8 2425184, 730522.9 2425172, 730545.2 2425158, 730566.7 2425143, 730587.5 2425127, 730607.4 2425110, 730626.4 2425092, 730644.4 2425073, 730661.4 2425053, 730677.4 2425032, 730692.2 2425011, 730705.9 2424989, 730718.4 2424966, 730729.6 2424942, 730739.6 2424918, 730748.4 2424893, 730755.8 2424868, 730761.9 2424843, 730766.7 2424817, 730770.1 2424791, 730772.2 2424765, 730772.9 2424739))"
41,20260550,Forest,4515,22.149829986848378,1.7557289127254998,1,Hani,土葬,无,0,1,0,129,332.45313855117195,772.7447179641796,1065.134033203125,17.14580726623535,123.9624987857196,785039.3371582031,0,0.09997778873548392,1,6,187495.36743164062,0.23883563352425496,0,0,0,1,-0.5586501623391503,0.829403397701288,8.415160465851086,3.0978298209243684,0.5628841055764946,"POLYGON ((726878 2418981, 726877.3 2418955, 726875.2 2418928, 726871.8 2418903, 726867 2418877, 726860.9 2418851, 726853.5 2418826, 726844.8 2418802, 726834.7 2418777, 726823.5 2418754, 726811 2418731, 726797.3 2418708, 726782.5 2418687, 726766.5 2418666, 726749.5 2418646, 726731.5 2418627, 726712.5 2418609, 726692.6 2418592, 726671.9 2418576, 726650.3 2418561, 726628 2418548, 726605 2418535, 726581.3 2418524, 726557.1 2418514, 726532.5 2418505, 726507.4 2418498, 726481.9 2418492, 726456.2 2418487, 726430.2 2418483, 726404.1 2418481, 726378 2418481, 726351.8 2418481, 726325.7 2418483, 726299.7 2418487, 726274 2418492, 726248.6 2418498, 726223.5 2418505, 726198.8 2418514, 726174.6 2418524, 726151 2418535, 726128 2418548, 726105.6 2418561, 726084.1 2418576, 726063.3 2418592, 726043.4 2418609, 726024.4 2418627, 726006.4 2418646, 725989.4 2418666, 725973.5 2418687, 725958.6 2418708, 725945 2418731, 725932.5 2418754, 725921.2 2418777, 725911.2 2418802, 725902.4 2418826, 725895 2418851, 725888.9 2418877, 725884.1 2418903, 725880.7 2418928, 725878.7 2418955, 725878 2418981, 725878.7 2419007, 725880.7 2419033, 725884.1 2419059, 725888.9 2419085, 725895 2419110, 725902.4 2419135, 725911.2 2419160, 725921.2 2419184, 725932.5 2419208, 725945 2419231, 725958.6 2419253, 725973.5 2419275, 725989.4 2419295, 726006.4 2419315, 726024.4 2419334, 726043.4 2419352, 726063.3 2419369, 726084.1 2419385, 726105.6 2419400, 726128 2419414, 726151 2419426, 726174.6 2419438, 726198.8 2419448, 726223.5 2419456, 726248.6 2419464, 726274 2419470, 726299.7 2419475, 726325.7 2419478, 726351.8 2419480, 726378 2419481, 726404.1 2419480, 726430.2 2419478, 726456.2 2419475, 726481.9 2419470, 726507.4 2419464, 726532.5 2419456, 726557.1 2419448, 726581.3 2419438, 726605 2419426, 726628 2419414, 726650.3 2419400, 726671.9 2419385, 726692.6 2419369, 726712.5 2419352, 726731.5 2419334, 726749.5 2419315, 726766.5 2419295, 726782.5 2419275, 726797.3 2419253, 726811 2419231, 726823.5 2419208, 726834.7 2419184, 726844.8 2419160, 726853.5 2419135, 726860.9 2419110, 726867 2419085, 726871.8 2419059, 726875.2 2419033, 726877.3 2419007, 726878 2418981))"
41,20260550,Forest,4515,22.149829986848378,1.7557289127254998,1,Hani,土葬,无,0,1,0,130,322.4118282171956,315.976532437513,647.369140625,10.725285530090332,343.1957298501002,93067.71240234375,296582.7392578125,0.29394569537438137,1,7,2700,0.029011135336899127,0,0,0,1,0.9572979538609645,-0.2891031434170349,8.415160465851086,3.0978298209243684,0.5628841055764946,"POLYGON ((732536.2 2423342, 732535.5 2423316, 732533.4 2423290, 732530 2423264, 732525.2 2423238, 732519.1 2423213, 732511.7 2423188, 732502.9 2423163, 732492.9 2423139, 732481.7 2423115, 732469.2 2423092, 732455.5 2423070, 732440.7 2423048, 732424.7 2423028, 732407.7 2423008, 732389.7 2422989, 732370.7 2422971, 732350.8 2422954, 732330 2422938, 732308.5 2422923, 732286.2 2422909, 732263.1 2422897, 732239.5 2422885, 732215.3 2422875, 732190.7 2422867, 732165.6 2422859, 732140.1 2422853, 732114.4 2422848, 732088.4 2422845, 732062.3 2422843, 732036.2 2422842, 732010 2422843, 731983.9 2422845, 731957.9 2422848, 731932.2 2422853, 731906.7 2422859, 731881.6 2422867, 731857 2422875, 731832.8 2422885, 731809.2 2422897, 731786.2 2422909, 731763.8 2422923, 731742.3 2422938, 731721.5 2422954, 731701.6 2422971, 731682.6 2422989, 731664.6 2423008, 731647.6 2423028, 731631.6 2423048, 731616.8 2423070, 731603.1 2423092, 731590.6 2423115, 731579.4 2423139, 731569.4 2423163, 731560.6 2423188, 731553.2 2423213, 731547.1 2423238, 731542.3 2423264, 731538.9 2423290, 731536.8 2423316, 731536.2 2423342, 731536.8 2423368, 731538.9 2423394, 731542.3 2423420, 731547.1 2423446, 731553.2 2423472, 731560.6 2423497, 731569.4 2423521, 731579.4 2423546, 731590.6 2423569, 731603.1 2423592, 731616.8 2423615, 731631.6 2423636, 731647.6 2423657, 731664.6 2423677, 731682.6 2423696, 731701.6 2423714, 731721.5 2423731, 731742.3 2423747, 731763.8 2423762, 731786.2 2423775, 731809.2 2423788, 731832.8 2423799, 731857 2423809, 731881.6 2423818, 731906.7 2423825, 731932.2 2423831, 731957.9 2423836, 731983.9 2423839, 732010 2423842, 732036.2 2423842, 732062.3 2423842, 732088.4 2423839, 732114.4 2423836, 732140.1 2423831, 732165.6 2423825, 732190.7 2423818, 732215.3 2423809, 732239.5 2423799, 732263.1 2423788, 732286.2 2423775, 732308.5 2423762, 732330 2423747, 732350.8 2423731, 732370.7 2423714, 732389.7 2423696, 732407.7 2423677, 732424.7 2423657, 732440.7 2423636, 732455.5 2423615, 732469.2 2423592, 732481.7 2423569, 732492.9 2423546, 732502.9 2423521, 732511.7 2423497, 732519.1 2423472, 732525.2 2423446, 732530 2423420, 732533.4 2423394, 732535.5 2423368, 732536.2 2423342))"
41,20260550,Forest,4241,9.072886586485563,1.3878819264629725,1,Hani,土葬,无,0,1,0,179,286.48375409382606,360.94990183235063,1256.0445556640625,14.775547981262207,180.6027225451726,785039.3371582031,0,0.13275160308059225,1,12,183577.4642944336,0.23384492420338243,9516.09992980957,0.012121812856228709,0,1,-0.9999446706449069,-0.010519298876293978,8.352554369474591,2.2052904699975566,0.32777879107638785,"POLYGON ((734813.8 2413828, 734813.1 2413802, 734811.1 2413776, 734807.6 2413750, 734802.9 2413724, 734796.8 2413699, 734789.3 2413674, 734780.6 2413649, 734770.6 2413625, 734759.3 2413601, 734746.8 2413578, 734733.1 2413556, 734718.3 2413534, 734702.4 2413514, 734685.4 2413494, 734667.3 2413475, 734648.4 2413457, 734628.5 2413440, 734607.7 2413424, 734586.1 2413409, 734563.8 2413395, 734540.8 2413383, 734517.2 2413372, 734493 2413362, 734468.3 2413353, 734443.2 2413345, 734417.7 2413339, 734392 2413335, 734366.1 2413331, 734340 2413329, 734313.8 2413328, 734287.6 2413329, 734261.5 2413331, 734235.6 2413335, 734209.8 2413339, 734184.4 2413345, 734159.3 2413353, 734134.6 2413362, 734110.4 2413372, 734086.8 2413383, 734063.8 2413395, 734041.5 2413409, 734019.9 2413424, 733999.1 2413440, 733979.2 2413457, 733960.2 2413475, 733942.2 2413494, 733925.2 2413514, 733909.3 2413534, 733894.5 2413556, 733880.8 2413578, 733868.3 2413601, 733857 2413625, 733847 2413649, 733838.3 2413674, 733830.8 2413699, 733824.7 2413724, 733819.9 2413750, 733816.5 2413776, 733814.5 2413802, 733813.8 2413828, 733814.5 2413855, 733816.5 2413881, 733819.9 2413907, 733824.7 2413932, 733830.8 2413958, 733838.3 2413983, 733847 2414008, 733857 2414032, 733868.3 2414055, 733880.8 2414078, 733894.5 2414101, 733909.3 2414122, 733925.2 2414143, 733942.2 2414163, 733960.2 2414182, 733979.2 2414200, 733999.1 2414217, 734019.9 2414233, 734041.5 2414248, 734063.8 2414261, 734086.8 2414274, 734110.4 2414285, 734134.6 2414295, 734159.3 2414304, 734184.4 2414311, 734209.8 2414317, 734235.6 2414322, 734261.5 2414326, 734287.6 2414328, 734313.8 2414328, 734340 2414328, 734366.1 2414326, 734392 2414322, 734417.7 2414317, 734443.2 2414311, 734468.3 2414304, 734493 2414295, 734517.2 2414285, 734540.8 2414274, 734563.8 2414261, 734586.1 2414248, 734607.7 2414233, 734628.5 2414217, 734648.4 2414200, 734667.3 2414182, 734685.4 2414163, 734702.4 2414143, 734718.3 2414122, 734733.1 2414101, 734746.8 2414078, 734759.3 2414055, 734770.6 2414032, 734780.6 2414008, 734789.3 2413983, 734796.8 2413958, 734802.9 2413932, 734807.6 2413907, 734811.1 2413881, 734813.1 2413855, 734813.8 2413828))"
41,20260550,Forest,4967,14.715169008011273,0.38470948012232414,1,Hani,土葬,无,0,1,0,180,100.1865693766016,2648.1056978204597,704.2801513671875,7.321033954620361,303.3870074262204,29283.899688720703,75380.47943115234,0.22165275925302502,1,13,26583.897972106934,0.9077991064948999,2700,0.09220083488538791,0,1,0.5502914131680589,-0.8349726705668281,8.51057131510735,2.688878867043283,-0.9552668266309133,"POLYGON ((770885.3 2388234, 770884.7 2388208, 770882.6 2388182, 770879.2 2388156, 770874.4 2388130, 770868.3 2388105, 770860.9 2388079, 770852.1 2388055, 770842.1 2388031, 770830.8 2388007, 770818.4 2387984, 770804.7 2387962, 770789.9 2387940, 770773.9 2387919, 770756.9 2387899, 770738.9 2387880, 770719.9 2387862, 770700 2387845, 770679.2 2387829, 770657.7 2387815, 770635.3 2387801, 770612.3 2387788, 770588.7 2387777, 770564.5 2387767, 770539.9 2387758, 770514.8 2387751, 770489.3 2387745, 770463.6 2387740, 770437.6 2387737, 770411.5 2387735, 770385.3 2387734, 770359.2 2387735, 770333.1 2387737, 770307.1 2387740, 770281.4 2387745, 770255.9 2387751, 770230.8 2387758, 770206.2 2387767, 770182 2387777, 770158.3 2387788, 770135.3 2387801, 770113 2387815, 770091.5 2387829, 770070.7 2387845, 770050.8 2387862, 770031.8 2387880, 770013.8 2387899, 769996.8 2387919, 769980.8 2387940, 769966 2387962, 769952.3 2387984, 769939.8 2388007, 769928.6 2388031, 769918.6 2388055, 769909.8 2388079, 769902.4 2388105, 769896.3 2388130, 769891.5 2388156, 769888.1 2388182, 769886 2388208, 769885.3 2388234, 769886 2388260, 769888.1 2388286, 769891.5 2388312, 769896.3 2388338, 769902.4 2388363, 769909.8 2388388, 769918.6 2388413, 769928.6 2388437, 769939.8 2388461, 769952.3 2388484, 769966 2388506, 769980.8 2388528, 769996.8 2388549, 770013.8 2388569, 770031.8 2388588, 770050.8 2388606, 770070.7 2388623, 770091.5 2388638, 770113 2388653, 770135.3 2388667, 770158.3 2388679, 770182 2388691, 770206.2 2388701, 770230.8 2388710, 770255.9 2388717, 770281.4 2388723, 770307.1 2388728, 770333.1 2388731, 770359.2 2388733, 770385.3 2388734, 770411.5 2388733, 770437.6 2388731, 770463.6 2388728, 770489.3 2388723, 770514.8 2388717, 770539.9 2388710, 770564.5 2388701, 770588.7 2388691, 770612.3 2388679, 770635.3 2388667, 770657.7 2388653, 770679.2 2388638, 770700 2388623, 770719.9 2388606, 770738.9 2388588, 770756.9 2388569, 770773.9 2388549, 770789.9 2388528, 770804.7 2388506, 770818.4 2388484, 770830.8 2388461, 770842.1 2388437, 770852.1 2388413, 770860.9 2388388, 770868.3 2388363, 770874.4 2388338, 770879.2 2388312, 770882.6 2388286, 770884.7 2388260, 770885.3 2388234))"
41,20260550,Forest,4241,9.072886586485563,1.3878819264629725,1,Hani,土葬,无,0,1,0,181,124.12840082916725,430.1318635587268,1115.98095703125,18.35643768310547,57.80653495594085,785039.3371582031,0,0.08358327513099996,1,14,307300.47912597656,0.3914459627442193,74176.05514526367,0.09448705515035297,0,1,0.5327797587760204,0.846253938625142,8.352554369474591,2.2052904699975566,0.32777879107638785,"POLYGON ((730571.7 2415279, 730571 2415252, 730568.9 2415226, 730565.5 2415200, 730560.8 2415175, 730554.7 2415149, 730547.2 2415124, 730538.5 2415099, 730528.5 2415075, 730517.2 2415052, 730504.7 2415029, 730491 2415006, 730476.2 2414985, 730460.3 2414964, 730443.3 2414944, 730425.2 2414925, 730406.3 2414907, 730386.3 2414890, 730365.6 2414874, 730344 2414859, 730321.7 2414846, 730298.7 2414833, 730275.1 2414822, 730250.9 2414812, 730226.2 2414803, 730201.1 2414796, 730175.6 2414790, 730149.9 2414785, 730124 2414781, 730097.9 2414779, 730071.7 2414779, 730045.5 2414779, 730019.4 2414781, 729993.5 2414785, 729967.7 2414790, 729942.3 2414796, 729917.2 2414803, 729892.5 2414812, 729868.3 2414822, 729844.7 2414833, 729821.7 2414846, 729799.4 2414859, 729777.8 2414874, 729757 2414890, 729737.1 2414907, 729718.1 2414925, 729700.1 2414944, 729683.1 2414964, 729667.2 2414985, 729652.4 2415006, 729638.7 2415029, 729626.2 2415052, 729614.9 2415075, 729604.9 2415099, 729596.2 2415124, 729588.7 2415149, 729582.6 2415175, 729577.8 2415200, 729574.4 2415226, 729572.4 2415252, 729571.7 2415279, 729572.4 2415305, 729574.4 2415331, 729577.8 2415357, 729582.6 2415383, 729588.7 2415408, 729596.2 2415433, 729604.9 2415458, 729614.9 2415482, 729626.2 2415506, 729638.7 2415529, 729652.4 2415551, 729667.2 2415573, 729683.1 2415593, 729700.1 2415613, 729718.1 2415632, 729737.1 2415650, 729757 2415667, 729777.8 2415683, 729799.4 2415698, 729821.7 2415712, 729844.7 2415724, 729868.3 2415735, 729892.5 2415745, 729917.2 2415754, 729942.3 2415762, 729967.7 2415768, 729993.5 2415772, 730019.4 2415776, 730045.5 2415778, 730071.7 2415779, 730097.9 2415778, 730124 2415776, 730149.9 2415772, 730175.6 2415768, 730201.1 2415762, 730226.2 2415754, 730250.9 2415745, 730275.1 2415735, 730298.7 2415724, 730321.7 2415712, 730344 2415698, 730365.6 2415683, 730386.3 2415667, 730406.3 2415650, 730425.2 2415632, 730443.3 2415613, 730460.3 2415593, 730476.2 2415573, 730491 2415551, 730504.7 2415529, 730517.2 2415506, 730528.5 2415482, 730538.5 2415458, 730547.2 2415433, 730554.7 2415408, 730560.8 2415383, 730565.5 2415357, 730568.9 2415331, 730571 2415305, 730571.7 2415279))"
41,20260550,Forest,4241,9.072886586485563,1.3878819264629725,1,Hani,土葬,无,0,1,0,182,28.403953140942804,1249.564221888181,1248.65380859375,14.356022834777832,217.06227819347566,785039.3371582031,0,0.08909080051662013,1,15,168233.84857177734,0.2142998963348437,97333.3740234375,0.12398534623217566,0,1,-0.7979808898160871,-0.6026827519419532,8.352554369474591,2.2052904699975566,0.32777879107638785,"POLYGON ((741848.9 2414218, 741848.2 2414192, 741846.2 2414166, 741842.8 2414140, 741838 2414114, 741831.9 2414088, 741824.5 2414063, 741815.7 2414039, 741805.7 2414014, 741794.4 2413991, 741781.9 2413968, 741768.3 2413946, 741753.4 2413924, 741737.5 2413903, 741720.5 2413883, 741702.5 2413864, 741683.5 2413846, 741663.6 2413829, 741642.8 2413813, 741621.2 2413798, 741598.9 2413785, 741575.9 2413772, 741552.3 2413761, 741528.1 2413751, 741503.4 2413742, 741478.3 2413735, 741452.9 2413729, 741427.1 2413724, 741401.2 2413721, 741375.1 2413719, 741348.9 2413718, 741322.8 2413719, 741296.7 2413721, 741270.7 2413724, 741245 2413729, 741219.5 2413735, 741194.4 2413742, 741169.7 2413751, 741145.6 2413761, 741121.9 2413772, 741098.9 2413785, 741076.6 2413798, 741055 2413813, 741034.3 2413829, 741014.4 2413846, 740995.4 2413864, 740977.4 2413883, 740960.4 2413903, 740944.4 2413924, 740929.6 2413946, 740915.9 2413968, 740903.4 2413991, 740892.2 2414014, 740882.1 2414039, 740873.4 2414063, 740866 2414088, 740859.9 2414114, 740855.1 2414140, 740851.7 2414166, 740849.6 2414192, 740848.9 2414218, 740849.6 2414244, 740851.7 2414270, 740855.1 2414296, 740859.9 2414322, 740866 2414347, 740873.4 2414372, 740882.1 2414397, 740892.2 2414421, 740903.4 2414445, 740915.9 2414468, 740929.6 2414490, 740944.4 2414512, 740960.4 2414532, 740977.4 2414552, 740995.4 2414571, 741014.4 2414589, 741034.3 2414606, 741055 2414622, 741076.6 2414637, 741098.9 2414651, 741121.9 2414663, 741145.6 2414675, 741169.7 2414685, 741194.4 2414693, 741219.5 2414701, 741245 2414707, 741270.7 2414712, 741296.7 2414715, 741322.8 2414717, 741348.9 2414718, 741375.1 2414717, 741401.2 2414715, 741427.1 2414712, 741452.9 2414707, 741478.3 2414701, 741503.4 2414693, 741528.1 2414685, 741552.3 2414675, 741575.9 2414663, 741598.9 2414651, 741621.2 2414637, 741642.8 2414622, 741663.6 2414606, 741683.5 2414589, 741702.5 2414571, 741720.5 2414552, 741737.5 2414532, 741753.4 2414512, 741768.3 2414490, 741781.9 2414468, 741794.4 2414445, 741805.7 2414421, 741815.7 2414397, 741824.5 2414372, 741831.9 2414347, 741838 2414322, 741842.8 2414296, 741846.2 2414270, 741848.2 2414244, 741848.9 2414218))"
41,20260550,Forest,4241,9.072886586485563,1.3878819264629725,1,Hani,土葬,无,0,1,0,184,514.2083826589842,734.0732624579123,898.3594970703125,19.120380401611328,0.13868625643173688,343031.94580078125,442007.3913574219,0.04122714256399092,1,17,172714.4302368164,0.5034937193200129,6223.4235763549805,0.018142402340478477,0,1,0.9999970705143281,0.002420529438360765,8.352554369474591,2.2052904699975566,0.32777879107638785,"POLYGON ((738868.4 2417134, 738867.7 2417108, 738865.6 2417082, 738862.2 2417056, 738857.5 2417030, 738851.3 2417005, 738843.9 2416980, 738835.2 2416955, 738825.1 2416931, 738813.9 2416907, 738801.4 2416884, 738787.7 2416862, 738772.9 2416840, 738757 2416819, 738739.9 2416800, 738721.9 2416781, 738702.9 2416763, 738683 2416746, 738662.3 2416730, 738640.7 2416715, 738618.4 2416701, 738595.4 2416689, 738571.7 2416677, 738547.6 2416667, 738522.9 2416659, 738497.8 2416651, 738472.3 2416645, 738446.6 2416640, 738420.6 2416637, 738394.5 2416635, 738368.4 2416634, 738342.2 2416635, 738316.1 2416637, 738290.2 2416640, 738264.4 2416645, 738239 2416651, 738213.9 2416659, 738189.2 2416667, 738165 2416677, 738141.4 2416689, 738118.4 2416701, 738096.1 2416715, 738074.5 2416730, 738053.7 2416746, 738033.8 2416763, 738014.8 2416781, 737996.8 2416800, 737979.8 2416819, 737963.9 2416840, 737949 2416862, 737935.4 2416884, 737922.9 2416907, 737911.6 2416931, 737901.6 2416955, 737892.8 2416980, 737885.4 2417005, 737879.3 2417030, 737874.5 2417056, 737871.1 2417082, 737869.1 2417108, 737868.4 2417134, 737869.1 2417160, 737871.1 2417186, 737874.5 2417212, 737879.3 2417238, 737885.4 2417264, 737892.8 2417289, 737901.6 2417313, 737911.6 2417337, 737922.9 2417361, 737935.4 2417384, 737949 2417406, 737963.9 2417428, 737979.8 2417449, 737996.8 2417469, 738014.8 2417488, 738033.8 2417506, 738053.7 2417523, 738074.5 2417539, 738096.1 2417553, 738118.4 2417567, 738141.4 2417580, 738165 2417591, 738189.2 2417601, 738213.9 2417610, 738239 2417617, 738264.4 2417623, 738290.2 2417628, 738316.1 2417631, 738342.2 2417633, 738368.4 2417634, 738394.5 2417633, 738420.6 2417631, 738446.6 2417628, 738472.3 2417623, 738497.8 2417617, 738522.9 2417610, 738547.6 2417601, 738571.7 2417591, 738595.4 2417580, 738618.4 2417567, 738640.7 2417553, 738662.3 2417539, 738683 2417523, 738702.9 2417506, 738721.9 2417488, 738739.9 2417469, 738757 2417449, 738772.9 2417428, 738787.7 2417406, 738801.4 2417384, 738813.9 2417361, 738825.1 2417337, 738835.2 2417313, 738843.9 2417289, 738851.3 2417264, 738857.5 2417238, 738862.2 2417212, 738865.6 2417186, 738867.7 2417160, 738868.4 2417134))"
41,20260550,Forest,4016,17.382211004373175,1.8414195867026055,1,Hani,土葬,无,0,1,0,188,215.86852665744715,1302.9206369899366,646.4871826171875,11.3733491897583,136.55877676704347,18860.04066467285,434781.62841796875,0.31212904386659573,1,20,8023.773765563965,0.4254377765257669,2770.439314842224,0.14689466285359573,0,1,-0.726080136448918,0.6876100896978756,8.298041661371565,2.8554473271875427,0.6105367886688474,"POLYGON ((736813.5 2400697, 736812.8 2400671, 736810.8 2400645, 736807.3 2400619, 736802.6 2400593, 736796.5 2400567, 736789 2400542, 736780.3 2400518, 736770.3 2400493, 736759 2400470, 736746.5 2400447, 736732.8 2400425, 736718 2400403, 736702.1 2400382, 736685.1 2400362, 736667 2400343, 736648.1 2400325, 736628.2 2400308, 736607.4 2400292, 736585.8 2400278, 736563.5 2400264, 736540.5 2400251, 736516.9 2400240, 736492.7 2400230, 736468 2400221, 736442.9 2400214, 736417.5 2400208, 736391.7 2400203, 736365.8 2400200, 736339.7 2400198, 736313.5 2400197, 736287.3 2400198, 736261.2 2400200, 736235.3 2400203, 736209.5 2400208, 736184.1 2400214, 736159 2400221, 736134.3 2400230, 736110.1 2400240, 736086.5 2400251, 736063.5 2400264, 736041.2 2400278, 736019.6 2400292, 735998.8 2400308, 735978.9 2400325, 735959.9 2400343, 735941.9 2400362, 735924.9 2400382, 735909 2400403, 735894.2 2400425, 735880.5 2400447, 735868 2400470, 735856.7 2400493, 735846.7 2400518, 735838 2400542, 735830.5 2400567, 735824.4 2400593, 735819.7 2400619, 735816.2 2400645, 735814.2 2400671, 735813.5 2400697, 735814.2 2400723, 735816.2 2400749, 735819.7 2400775, 735824.4 2400801, 735830.5 2400826, 735838 2400851, 735846.7 2400876, 735856.7 2400900, 735868 2400924, 735880.5 2400947, 735894.2 2400969, 735909 2400991, 735924.9 2401012, 735941.9 2401031, 735959.9 2401050, 735978.9 2401068, 735998.8 2401085, 736019.6 2401101, 736041.2 2401116, 736063.5 2401130, 736086.5 2401142, 736110.1 2401154, 736134.3 2401164, 736159 2401172, 736184.1 2401180, 736209.5 2401186, 736235.3 2401191, 736261.2 2401194, 736287.3 2401196, 736313.5 2401197, 736339.7 2401196, 736365.8 2401194, 736391.7 2401191, 736417.5 2401186, 736442.9 2401180, 736468 2401172, 736492.7 2401164, 736516.9 2401154, 736540.5 2401142, 736563.5 2401130, 736585.8 2401116, 736607.4 2401101, 736628.2 2401085, 736648.1 2401068, 736667 2401050, 736685.1 2401031, 736702.1 2401012, 736718 2400991, 736732.8 2400969, 736746.5 2400947, 736759 2400924, 736770.3 2400900, 736780.3 2400876, 736789 2400851, 736796.5 2400826, 736802.6 2400801, 736807.3 2400775, 736810.8 2400749, 736812.8 2400723, 736813.5 2400697))"
41,20260550,Forest,4016,17.382211004373175,1.8414195867026055,1,Hani,土葬,无,0,1,0,189,137.21434061685437,2040.6024855791748,694.8902587890625,10.726842880249023,84.32314396167865,422454.8034667969,8100,0.27815389954210534,1,21,258274.12719726562,0.6113651095402087,35244.154357910156,0.08342704135137191,0,1,0.09891780056333861,0.9950956078345997,8.298041661371565,2.8554473271875427,0.6105367886688474,"POLYGON ((738030.8 2403802, 738030.1 2403776, 738028 2403750, 738024.6 2403724, 738019.9 2403698, 738013.7 2403672, 738006.3 2403647, 737997.6 2403623, 737987.5 2403598, 737976.3 2403575, 737963.8 2403552, 737950.1 2403529, 737935.3 2403508, 737919.3 2403487, 737902.3 2403467, 737884.3 2403448, 737865.3 2403430, 737845.4 2403413, 737824.7 2403397, 737803.1 2403382, 737780.8 2403369, 737757.8 2403356, 737734.1 2403345, 737710 2403335, 737685.3 2403326, 737660.2 2403319, 737634.7 2403313, 737609 2403308, 737583 2403305, 737556.9 2403303, 737530.8 2403302, 737504.6 2403303, 737478.5 2403305, 737452.6 2403308, 737426.8 2403313, 737401.4 2403319, 737376.3 2403326, 737351.6 2403335, 737327.4 2403345, 737303.8 2403356, 737280.8 2403369, 737258.5 2403382, 737236.9 2403397, 737216.1 2403413, 737196.2 2403430, 737177.2 2403448, 737159.2 2403467, 737142.2 2403487, 737126.3 2403508, 737111.4 2403529, 737097.8 2403552, 737085.3 2403575, 737074 2403598, 737064 2403623, 737055.2 2403647, 737047.8 2403672, 737041.7 2403698, 737036.9 2403724, 737033.5 2403750, 737031.5 2403776, 737030.8 2403802, 737031.5 2403828, 737033.5 2403854, 737036.9 2403880, 737041.7 2403906, 737047.8 2403931, 737055.2 2403956, 737064 2403981, 737074 2404005, 737085.3 2404029, 737097.8 2404052, 737111.4 2404074, 737126.3 2404096, 737142.2 2404116, 737159.2 2404136, 737177.2 2404155, 737196.2 2404173, 737216.1 2404190, 737236.9 2404206, 737258.5 2404221, 737280.8 2404235, 737303.8 2404247, 737327.4 2404259, 737351.6 2404269, 737376.3 2404277, 737401.4 2404285, 737426.8 2404291, 737452.6 2404296, 737478.5 2404299, 737504.6 2404301, 737530.8 2404302, 737556.9 2404301, 737583 2404299, 737609 2404296, 737634.7 2404291, 737660.2 2404285, 737685.3 2404277, 737710 2404269, 737734.1 2404259, 737757.8 2404247, 737780.8 2404235, 737803.1 2404221, 737824.7 2404206, 737845.4 2404190, 737865.3 2404173, 737884.3 2404155, 737902.3 2404136, 737919.3 2404116, 737935.3 2404096, 737950.1 2404074, 737963.8 2404052, 737976.3 2404029, 737987.5 2404005, 737997.6 2403981, 738006.3 2403956, 738013.7 2403931, 738019.9 2403906, 738024.6 2403880, 738028 2403854, 738030.1 2403828, 738030.8 2403802))"
41,20260550,Forest,4016,17.382211004373175,1.8414195867026055,1,Hani,土葬,无,0,1,0,190,272.6172344052151,3081.2649702185167,715.23291015625,9.811060905456543,164.32962278074228,785039.3371582031,0,0.1894586381946772,1,22,470838.0432128906,0.5997636308484834,18882.854461669922,0.024053386330963693,0,1,-0.9628315222594462,0.27010268370299007,8.298041661371565,2.8554473271875427,0.6105367886688474,"POLYGON ((738021 2405143, 738020.3 2405117, 738018.2 2405091, 738014.8 2405065, 738010 2405039, 738003.9 2405014, 737996.5 2404988, 737987.8 2404964, 737977.7 2404940, 737966.5 2404916, 737954 2404893, 737940.3 2404871, 737925.5 2404849, 737909.5 2404828, 737892.5 2404808, 737874.5 2404789, 737855.5 2404771, 737835.6 2404754, 737814.9 2404738, 737793.3 2404724, 737771 2404710, 737748 2404697, 737724.3 2404686, 737700.2 2404676, 737675.5 2404667, 737650.4 2404660, 737624.9 2404654, 737599.2 2404649, 737573.2 2404646, 737547.1 2404644, 737521 2404643, 737494.8 2404644, 737468.7 2404646, 737442.8 2404649, 737417 2404654, 737391.6 2404660, 737366.5 2404667, 737341.8 2404676, 737317.6 2404686, 737294 2404697, 737271 2404710, 737248.7 2404724, 737227.1 2404738, 737206.3 2404754, 737186.4 2404771, 737167.4 2404789, 737149.4 2404808, 737132.4 2404828, 737116.5 2404849, 737101.6 2404871, 737088 2404893, 737075.5 2404916, 737064.2 2404940, 737054.2 2404964, 737045.4 2404988, 737038 2405014, 737031.9 2405039, 737027.1 2405065, 737023.7 2405091, 737021.7 2405117, 737021 2405143, 737021.7 2405169, 737023.7 2405195, 737027.1 2405221, 737031.9 2405247, 737038 2405272, 737045.4 2405297, 737054.2 2405322, 737064.2 2405346, 737075.5 2405370, 737088 2405393, 737101.6 2405415, 737116.5 2405437, 737132.4 2405458, 737149.4 2405478, 737167.4 2405497, 737186.4 2405515, 737206.3 2405532, 737227.1 2405547, 737248.7 2405562, 737271 2405576, 737294 2405588, 737317.6 2405600, 737341.8 2405610, 737366.5 2405619, 737391.6 2405626, 737417 2405632, 737442.8 2405637, 737468.7 2405640, 737494.8 2405642, 737521 2405643, 737547.1 2405642, 737573.2 2405640, 737599.2 2405637, 737624.9 2405632, 737650.4 2405626, 737675.5 2405619, 737700.2 2405610, 737724.3 2405600, 737748 2405588, 737771 2405576, 737793.3 2405562, 737814.9 2405547, 737835.6 2405532, 737855.5 2405515, 737874.5 2405497, 737892.5 2405478, 737909.5 2405458, 737925.5 2405437, 737940.3 2405415, 737954 2405393, 737966.5 2405370, 737977.7 2405346, 737987.8 2405322, 737996.5 2405297, 738003.9 2405272, 738010 2405247, 738014.8 2405221, 738018.2 2405195, 738020.3 2405169, 738021 2405143))"
41,20260550,Forest,4016,17.382211004373175,1.8414195867026055,1,Hani,土葬,无,0,1,0,191,135.70389098252332,2677.0618490592274,773.4237060546875,12.152076721191406,206.10013013728533,48506.11152648926,154649.30877685547,0.11032046009099672,1,23,48506.11152648926,1,0,0,0,1,-0.8980265765138565,-0.4399412095664631,8.298041661371565,2.8554473271875427,0.6105367886688474,"POLYGON ((731471.1 2400429, 731470.4 2400403, 731468.4 2400377, 731464.9 2400351, 731460.2 2400325, 731454.1 2400300, 731446.6 2400275, 731437.9 2400250, 731427.9 2400226, 731416.6 2400202, 731404.1 2400179, 731390.4 2400157, 731375.6 2400136, 731359.7 2400115, 731342.7 2400095, 731324.6 2400076, 731305.7 2400058, 731285.8 2400041, 731265 2400025, 731243.4 2400010, 731221.1 2399996, 731198.1 2399984, 731174.5 2399973, 731150.3 2399963, 731125.6 2399954, 731100.5 2399946, 731075 2399940, 731049.3 2399936, 731023.4 2399932, 730997.3 2399930, 730971.1 2399929, 730944.9 2399930, 730918.8 2399932, 730892.9 2399936, 730867.1 2399940, 730841.7 2399946, 730816.6 2399954, 730791.9 2399963, 730767.7 2399973, 730744.1 2399984, 730721.1 2399996, 730698.8 2400010, 730677.2 2400025, 730656.4 2400041, 730636.5 2400058, 730617.5 2400076, 730599.5 2400095, 730582.5 2400115, 730566.6 2400136, 730551.8 2400157, 730538.1 2400179, 730525.6 2400202, 730514.3 2400226, 730504.3 2400250, 730495.6 2400275, 730488.1 2400300, 730482 2400325, 730477.2 2400351, 730473.8 2400377, 730471.8 2400403, 730471.1 2400429, 730471.8 2400456, 730473.8 2400482, 730477.2 2400508, 730482 2400533, 730488.1 2400559, 730495.6 2400584, 730504.3 2400609, 730514.3 2400633, 730525.6 2400656, 730538.1 2400679, 730551.8 2400702, 730566.6 2400723, 730582.5 2400744, 730599.5 2400764, 730617.5 2400783, 730636.5 2400801, 730656.4 2400818, 730677.2 2400834, 730698.8 2400849, 730721.1 2400862, 730744.1 2400875, 730767.7 2400886, 730791.9 2400896, 730816.6 2400905, 730841.7 2400912, 730867.1 2400919, 730892.9 2400923, 730918.8 2400927, 730944.9 2400929, 730971.1 2400929, 730997.3 2400929, 731023.4 2400927, 731049.3 2400923, 731075 2400919, 731100.5 2400912, 731125.6 2400905, 731150.3 2400896, 731174.5 2400886, 731198.1 2400875, 731221.1 2400862, 731243.4 2400849, 731265 2400834, 731285.8 2400818, 731305.7 2400801, 731324.6 2400783, 731342.7 2400764, 731359.7 2400744, 731375.6 2400723, 731390.4 2400702, 731404.1 2400679, 731416.6 2400656, 731427.9 2400633, 731437.9 2400609, 731446.6 2400584, 731454.1 2400559, 731460.2 2400533, 731464.9 2400508, 731468.4 2400482, 731470.4 2400456, 731471.1 2400429))"
41,20260550,Forest,4016,17.382211004373175,1.8414195867026055,1,Hani,土葬,无,0,1,0,192,891.46987148349,1898.5515280691554,865.47979736328125,12.16067886352539,193.4561861403811,558724.2736816406,20685.82248687744,0.1118564843184711,1,24,304565.07568359375,0.5451080077060227,90772.66159057617,0.16246414531525824,0,1,-0.9725481508399623,-0.2327017281795945,8.298041661371565,2.8554473271875427,0.6105367886688474,"POLYGON ((732599.4 2401403, 732598.8 2401377, 732596.7 2401351, 732593.3 2401325, 732588.5 2401299, 732582.4 2401274, 732575 2401249, 732566.2 2401224, 732556.2 2401200, 732545 2401176, 732532.5 2401153, 732518.8 2401131, 732504 2401109, 732488 2401089, 732471 2401069, 732453 2401050, 732434 2401032, 732414.1 2401015, 732393.3 2400999, 732371.8 2400984, 732349.4 2400970, 732326.4 2400958, 732302.8 2400947, 732278.6 2400937, 732254 2400928, 732228.9 2400920, 732203.4 2400914, 732177.7 2400909, 732151.7 2400906, 732125.6 2400904, 732099.4 2400903, 732073.3 2400904, 732047.2 2400906, 732021.2 2400909, 731995.5 2400914, 731970 2400920, 731944.9 2400928, 731920.3 2400937, 731896.1 2400947, 731872.5 2400958, 731849.4 2400970, 731827.1 2400984, 731805.6 2400999, 731784.8 2401015, 731764.9 2401032, 731745.9 2401050, 731727.9 2401069, 731710.9 2401089, 731694.9 2401109, 731680.1 2401131, 731666.4 2401153, 731653.9 2401176, 731642.7 2401200, 731632.7 2401224, 731623.9 2401249, 731616.5 2401274, 731610.4 2401299, 731605.6 2401325, 731602.2 2401351, 731600.1 2401377, 731599.4 2401403, 731600.1 2401429, 731602.2 2401456, 731605.6 2401482, 731610.4 2401507, 731616.5 2401533, 731623.9 2401558, 731632.7 2401582, 731642.7 2401607, 731653.9 2401630, 731666.4 2401653, 731680.1 2401676, 731694.9 2401697, 731710.9 2401718, 731727.9 2401738, 731745.9 2401757, 731764.9 2401775, 731784.8 2401792, 731805.6 2401808, 731827.1 2401823, 731849.4 2401836, 731872.5 2401849, 731896.1 2401860, 731920.3 2401870, 731944.9 2401879, 731970 2401886, 731995.5 2401892, 732021.2 2401897, 732047.2 2401901, 732073.3 2401903, 732099.4 2401903, 732125.6 2401903, 732151.7 2401901, 732177.7 2401897, 732203.4 2401892, 732228.9 2401886, 732254 2401879, 732278.6 2401870, 732302.8 2401860, 732326.4 2401849, 732349.4 2401836, 732371.8 2401823, 732393.3 2401808, 732414.1 2401792, 732434 2401775, 732453 2401757, 732471 2401738, 732488 2401718, 732504 2401697, 732518.8 2401676, 732532.5 2401653, 732545 2401630, 732556.2 2401607, 732566.2 2401582, 732575 2401558, 732582.4 2401533, 732588.5 2401507, 732593.3 2401482, 732596.7 2401456, 732598.8 2401429, 732599.4 2401403))"
41,20260550,Forest,3811,10.661592163113635,1.3790983606557377,1,Hani,土葬,无,0,1,0,196,630.0468175154348,1447.6152493561315,722.5592041015625,17.82517433166504,203.69453057730385,63484.90905761719,261727.1026611328,0.04680995921174321,1,25,17471.135330200195,0.27520139178814707,14832.876777648926,0.23364413681662533,0,1,-0.9157009588748635,-0.4018603661916108,8.24564690087386,2.366647766225861,0.3214299237915806,"POLYGON ((728113.4 2400215, 728112.7 2400189, 728110.7 2400163, 728107.3 2400137, 728102.5 2400111, 728096.4 2400086, 728089 2400061, 728080.2 2400036, 728070.2 2400012, 728058.9 2399988, 728046.4 2399965, 728032.8 2399943, 728017.9 2399921, 728002 2399901, 727985 2399881, 727967 2399862, 727948 2399844, 727928.1 2399827, 727907.3 2399811, 727885.8 2399796, 727863.4 2399782, 727840.4 2399770, 727816.8 2399758, 727792.6 2399748, 727767.9 2399740, 727742.8 2399732, 727717.4 2399726, 727691.7 2399721, 727665.7 2399718, 727639.6 2399716, 727613.4 2399715, 727587.3 2399716, 727561.2 2399718, 727535.2 2399721, 727509.5 2399726, 727484 2399732, 727458.9 2399740, 727434.3 2399748, 727410.1 2399758, 727386.4 2399770, 727363.4 2399782, 727341.1 2399796, 727319.5 2399811, 727298.8 2399827, 727278.9 2399844, 727259.9 2399862, 727241.9 2399881, 727224.9 2399901, 727208.9 2399921, 727194.1 2399943, 727180.4 2399965, 727167.9 2399988, 727156.7 2400012, 727146.6 2400036, 727137.9 2400061, 727130.5 2400086, 727124.4 2400111, 727119.6 2400137, 727116.2 2400163, 727114.1 2400189, 727113.4 2400215, 727114.1 2400241, 727116.2 2400268, 727119.6 2400293, 727124.4 2400319, 727130.5 2400345, 727137.9 2400370, 727146.6 2400394, 727156.7 2400419, 727167.9 2400442, 727180.4 2400465, 727194.1 2400488, 727208.9 2400509, 727224.9 2400530, 727241.9 2400550, 727259.9 2400569, 727278.9 2400587, 727298.8 2400604, 727319.5 2400620, 727341.1 2400635, 727363.4 2400648, 727386.4 2400661, 727410.1 2400672, 727434.3 2400682, 727458.9 2400691, 727484 2400698, 727509.5 2400704, 727535.2 2400709, 727561.2 2400713, 727587.3 2400715, 727613.4 2400715, 727639.6 2400715, 727665.7 2400713, 727691.7 2400709, 727717.4 2400704, 727742.8 2400698, 727767.9 2400691, 727792.6 2400682, 727816.8 2400672, 727840.4 2400661, 727863.4 2400648, 727885.8 2400635, 727907.3 2400620, 727928.1 2400604, 727948 2400587, 727967 2400569, 727985 2400550, 728002 2400530, 728017.9 2400509, 728032.8 2400488, 728046.4 2400465, 728058.9 2400442, 728070.2 2400419, 728080.2 2400394, 728089 2400370, 728096.4 2400345, 728102.5 2400319, 728107.3 2400293, 728110.7 2400268, 728112.7 2400241, 728113.4 2400215))"
41,20260550,Forest,3811,10.661592163113635,1.3790983606557377,1,Hani,土葬,无,0,1,0,199,107.99604093965563,1895.1077632908427,676.84393310546875,12.20083236694336,28.197963660265888,13769.408798217773,359272.84240722656,0.1796706973489102,1,27,12869.408798217773,0.9346377166086832,900,0.06536228339131672,0,1,0.8813202463562207,0.4725194423117534,8.24564690087386,2.366647766225861,0.3214299237915806,"POLYGON ((727341 2400129, 727340.4 2400103, 727338.3 2400076, 727334.9 2400050, 727330.1 2400025, 727324 2399999, 727316.6 2399974, 727307.8 2399949, 727297.8 2399925, 727286.5 2399902, 727274.1 2399879, 727260.4 2399856, 727245.6 2399835, 727229.6 2399814, 727212.6 2399794, 727194.6 2399775, 727175.6 2399757, 727155.7 2399740, 727134.9 2399724, 727113.4 2399709, 727091 2399696, 727068 2399683, 727044.4 2399672, 727020.2 2399662, 726995.6 2399653, 726970.5 2399646, 726945 2399640, 726919.3 2399635, 726893.3 2399631, 726867.2 2399629, 726841 2399629, 726814.9 2399629, 726788.8 2399631, 726762.8 2399635, 726737.1 2399640, 726711.6 2399646, 726686.5 2399653, 726661.9 2399662, 726637.7 2399672, 726614.1 2399683, 726591 2399696, 726568.7 2399709, 726547.2 2399724, 726526.4 2399740, 726506.5 2399757, 726487.5 2399775, 726469.5 2399794, 726452.5 2399814, 726436.5 2399835, 726421.7 2399856, 726408 2399879, 726395.5 2399902, 726384.3 2399925, 726374.3 2399949, 726365.5 2399974, 726358.1 2399999, 726352 2400025, 726347.2 2400050, 726343.8 2400076, 726341.7 2400103, 726341 2400129, 726341.7 2400155, 726343.8 2400181, 726347.2 2400207, 726352 2400233, 726358.1 2400258, 726365.5 2400283, 726374.3 2400308, 726384.3 2400332, 726395.5 2400356, 726408 2400379, 726421.7 2400401, 726436.5 2400423, 726452.5 2400443, 726469.5 2400463, 726487.5 2400482, 726506.5 2400500, 726526.4 2400517, 726547.2 2400533, 726568.7 2400548, 726591 2400562, 726614.1 2400574, 726637.7 2400585, 726661.9 2400595, 726686.5 2400604, 726711.6 2400612, 726737.1 2400618, 726762.8 2400623, 726788.8 2400626, 726814.9 2400628, 726841 2400629, 726867.2 2400628, 726893.3 2400626, 726919.3 2400623, 726945 2400618, 726970.5 2400612, 726995.6 2400604, 727020.2 2400595, 727044.4 2400585, 727068 2400574, 727091 2400562, 727113.4 2400548, 727134.9 2400533, 727155.7 2400517, 727175.6 2400500, 727194.6 2400482, 727212.6 2400463, 727229.6 2400443, 727245.6 2400423, 727260.4 2400401, 727274.1 2400379, 727286.5 2400356, 727297.8 2400332, 727307.8 2400308, 727316.6 2400283, 727324 2400258, 727330.1 2400233, 727334.9 2400207, 727338.3 2400181, 727340.4 2400155, 727341 2400129))"
41,20260550,Forest,8886,8.992587088813218,0.5246636771300448,1,Hani,土葬,无,0,1,0,203,102.38964406765164,2246.6993228369256,692.236083984375,12.334798812866211,208.3894243706698,39277.825927734375,323813.80920410156,0.1327046275101281,1,30,11700,0.29787799410095506,10370.301532745361,0.26402432639284173,0,1,-0.8797363483850408,-0.47546183582928525,9.092232283495854,2.1964005811460527,-0.6449978366623628,"POLYGON ((729180.5 2396739, 729179.8 2396713, 729177.8 2396687, 729174.4 2396661, 729169.6 2396635, 729163.5 2396609, 729156 2396584, 729147.3 2396560, 729137.3 2396536, 729126 2396512, 729113.5 2396489, 729099.8 2396467, 729085 2396445, 729069.1 2396424, 729052.1 2396404, 729034.1 2396385, 729015.1 2396367, 728995.2 2396350, 728974.4 2396334, 728952.8 2396320, 728930.5 2396306, 728907.5 2396293, 728883.9 2396282, 728859.7 2396272, 728835 2396263, 728809.9 2396256, 728784.5 2396250, 728758.7 2396245, 728732.8 2396242, 728706.7 2396240, 728680.5 2396239, 728654.3 2396240, 728628.2 2396242, 728602.3 2396245, 728576.6 2396250, 728551.1 2396256, 728526 2396263, 728501.3 2396272, 728477.1 2396282, 728453.5 2396293, 728430.5 2396306, 728408.2 2396320, 728386.6 2396334, 728365.8 2396350, 728345.9 2396367, 728327 2396385, 728308.9 2396404, 728291.9 2396424, 728276 2396445, 728261.2 2396467, 728247.5 2396489, 728235 2396512, 728223.7 2396536, 728213.7 2396560, 728205 2396584, 728197.5 2396609, 728191.4 2396635, 728186.7 2396661, 728183.2 2396687, 728181.2 2396713, 728180.5 2396739, 728181.2 2396765, 728183.2 2396791, 728186.7 2396817, 728191.4 2396843, 728197.5 2396868, 728205 2396893, 728213.7 2396918, 728223.7 2396942, 728235 2396966, 728247.5 2396989, 728261.2 2397011, 728276 2397033, 728291.9 2397054, 728308.9 2397073, 728327 2397092, 728345.9 2397110, 728365.8 2397127, 728386.6 2397143, 728408.2 2397158, 728430.5 2397172, 728453.5 2397184, 728477.1 2397196, 728501.3 2397206, 728526 2397214, 728551.1 2397222, 728576.6 2397228, 728602.3 2397233, 728628.2 2397236, 728654.3 2397238, 728680.5 2397239, 728706.7 2397238, 728732.8 2397236, 728758.7 2397233, 728784.5 2397228, 728809.9 2397222, 728835 2397214, 728859.7 2397206, 728883.9 2397196, 728907.5 2397184, 728930.5 2397172, 728952.8 2397158, 728974.4 2397143, 728995.2 2397127, 729015.1 2397110, 729034.1 2397092, 729052.1 2397073, 729069.1 2397054, 729085 2397033, 729099.8 2397011, 729113.5 2396989, 729126 2396966, 729137.3 2396942, 729147.3 2396918, 729156 2396893, 729163.5 2396868, 729169.6 2396843, 729174.4 2396817, 729177.8 2396791, 729179.8 2396765, 729180.5 2396739))"
41,20260550,Forest,8886,8.992587088813218,0.5246636771300448,1,Hani,土葬,无,0,1,0,204,109.38889013607779,2121.6696573343293,701.19598388671875,11.629351615905762,254.3125383718353,50959.732818603516,385499.2126464844,0.12433589863513868,1,31,21069.083976745605,0.41344573080363684,10800,0.21193203736847926,0,1,-0.2703897680109486,-0.962750940459154,9.092232283495854,2.1964005811460527,-0.6449978366623628,"POLYGON ((729391.1 2396329, 729390.4 2396303, 729388.3 2396277, 729384.9 2396251, 729380.1 2396225, 729374 2396200, 729366.6 2396175, 729357.9 2396150, 729347.8 2396126, 729336.6 2396102, 729324.1 2396079, 729310.4 2396057, 729295.6 2396035, 729279.6 2396015, 729262.6 2395995, 729244.6 2395976, 729225.6 2395958, 729205.7 2395941, 729185 2395925, 729163.4 2395910, 729141.1 2395896, 729118.1 2395884, 729094.4 2395873, 729070.3 2395863, 729045.6 2395854, 729020.5 2395846, 728995 2395840, 728969.3 2395836, 728943.3 2395832, 728917.2 2395830, 728891.1 2395829, 728864.9 2395830, 728838.8 2395832, 728812.8 2395836, 728787.1 2395840, 728761.7 2395846, 728736.6 2395854, 728711.9 2395863, 728687.7 2395873, 728664.1 2395884, 728641.1 2395896, 728618.7 2395910, 728597.2 2395925, 728576.4 2395941, 728556.5 2395958, 728537.5 2395976, 728519.5 2395995, 728502.5 2396015, 728486.6 2396035, 728471.7 2396057, 728458.1 2396079, 728445.6 2396102, 728434.3 2396126, 728424.3 2396150, 728415.5 2396175, 728408.1 2396200, 728402 2396225, 728397.2 2396251, 728393.8 2396277, 728391.8 2396303, 728391.1 2396329, 728391.8 2396356, 728393.8 2396382, 728397.2 2396408, 728402 2396433, 728408.1 2396459, 728415.5 2396484, 728424.3 2396509, 728434.3 2396533, 728445.6 2396556, 728458.1 2396579, 728471.7 2396602, 728486.6 2396623, 728502.5 2396644, 728519.5 2396664, 728537.5 2396683, 728556.5 2396701, 728576.4 2396718, 728597.2 2396734, 728618.7 2396749, 728641.1 2396762, 728664.1 2396775, 728687.7 2396786, 728711.9 2396796, 728736.6 2396805, 728761.7 2396812, 728787.1 2396818, 728812.8 2396823, 728838.8 2396827, 728864.9 2396829, 728891.1 2396829, 728917.2 2396829, 728943.3 2396827, 728969.3 2396823, 728995 2396818, 729020.5 2396812, 729045.6 2396805, 729070.3 2396796, 729094.4 2396786, 729118.1 2396775, 729141.1 2396762, 729163.4 2396749, 729185 2396734, 729205.7 2396718, 729225.6 2396701, 729244.6 2396683, 729262.6 2396664, 729279.6 2396644, 729295.6 2396623, 729310.4 2396602, 729324.1 2396579, 729336.6 2396556, 729347.8 2396533, 729357.9 2396509, 729366.6 2396484, 729374 2396459, 729380.1 2396433, 729384.9 2396408, 729388.3 2396382, 729390.4 2396356, 729391.1 2396329))"
41,20260550,Forest,8886,8.992587088813218,0.5246636771300448,1,Hani,土葬,无,0,1,0,229,319.79822930249657,1215.4223012199905,595.862548828125,12.17822551727295,15.712838902341101,24189.815711975098,93859.1194152832,0.20687786973141664,1,32,20589.815711975098,0.8511770390124208,0,0,0,1,0.9626310858069619,0.2708161602233321,9.092232283495854,2.1964005811460527,-0.6449978366623628,"POLYGON ((736942.5 2390537, 736941.9 2390510, 736939.8 2390484, 736936.4 2390458, 736931.6 2390433, 736925.5 2390407, 736918.1 2390382, 736909.3 2390357, 736899.3 2390333, 736888 2390310, 736875.6 2390287, 736861.9 2390264, 736847 2390243, 736831.1 2390222, 736814.1 2390202, 736796.1 2390183, 736777.1 2390165, 736757.2 2390148, 736736.4 2390132, 736714.9 2390117, 736692.5 2390104, 736669.5 2390091, 736645.9 2390080, 736621.7 2390070, 736597 2390061, 736571.9 2390054, 736546.5 2390047, 736520.8 2390043, 736494.8 2390039, 736468.7 2390037, 736442.5 2390037, 736416.4 2390037, 736390.3 2390039, 736364.3 2390043, 736338.6 2390047, 736313.1 2390054, 736288 2390061, 736263.4 2390070, 736239.2 2390080, 736215.5 2390091, 736192.5 2390104, 736170.2 2390117, 736148.6 2390132, 736127.9 2390148, 736108 2390165, 736089 2390183, 736071 2390202, 736054 2390222, 736038 2390243, 736023.2 2390264, 736009.5 2390287, 735997 2390310, 735985.8 2390333, 735975.7 2390357, 735967 2390382, 735959.6 2390407, 735953.5 2390433, 735948.7 2390458, 735945.3 2390484, 735943.2 2390510, 735942.5 2390537, 735943.2 2390563, 735945.3 2390589, 735948.7 2390615, 735953.5 2390640, 735959.6 2390666, 735967 2390691, 735975.7 2390716, 735985.8 2390740, 735997 2390764, 736009.5 2390787, 736023.2 2390809, 736038 2390830, 736054 2390851, 736071 2390871, 736089 2390890, 736108 2390908, 736127.9 2390925, 736148.6 2390941, 736170.2 2390956, 736192.5 2390970, 736215.5 2390982, 736239.2 2390993, 736263.4 2391003, 736288 2391012, 736313.1 2391019, 736338.6 2391026, 736364.3 2391030, 736390.3 2391034, 736416.4 2391036, 736442.5 2391037, 736468.7 2391036, 736494.8 2391034, 736520.8 2391030, 736546.5 2391026, 736571.9 2391019, 736597 2391012, 736621.7 2391003, 736645.9 2390993, 736669.5 2390982, 736692.5 2390970, 736714.9 2390956, 736736.4 2390941, 736757.2 2390925, 736777.1 2390908, 736796.1 2390890, 736814.1 2390871, 736831.1 2390851, 736847 2390830, 736861.9 2390809, 736875.6 2390787, 736888 2390764, 736899.3 2390740, 736909.3 2390716, 736918.1 2390691, 736925.5 2390666, 736931.6 2390640, 736936.4 2390615, 736939.8 2390589, 736941.9 2390563, 736942.5 2390537))"
41,20260550,Forest,8886,8.992587088813218,0.5246636771300448,1,Hani,土葬,无,0,1,0,233,543.5540749903237,1445.3321762817204,614.96875,14.126867294311523,58.25934318665254,900,220912.94860839844,0.15231666054126075,1,36,0,0,900,1,0,1,0.5260752502546779,0.8504380230619266,9.092232283495854,2.1964005811460527,-0.6449978366623628,"POLYGON ((737364.1 2393575, 737363.4 2393549, 737361.3 2393523, 737357.9 2393497, 737353.2 2393471, 737347 2393446, 737339.6 2393421, 737330.9 2393396, 737320.9 2393372, 737309.6 2393348, 737297.1 2393325, 737283.4 2393303, 737268.6 2393281, 737252.7 2393260, 737235.7 2393240, 737217.6 2393221, 737198.7 2393203, 737178.7 2393186, 737158 2393171, 737136.4 2393156, 737114.1 2393142, 737091.1 2393130, 737067.5 2393118, 737043.3 2393108, 737018.6 2393100, 736993.5 2393092, 736968 2393086, 736942.3 2393081, 736916.3 2393078, 736890.3 2393076, 736864.1 2393075, 736837.9 2393076, 736811.8 2393078, 736785.9 2393081, 736760.1 2393086, 736734.7 2393092, 736709.6 2393100, 736684.9 2393108, 736660.7 2393118, 736637.1 2393130, 736614.1 2393142, 736591.8 2393156, 736570.2 2393171, 736549.4 2393186, 736529.5 2393203, 736510.5 2393221, 736492.5 2393240, 736475.5 2393260, 736459.6 2393281, 736444.8 2393303, 736431.1 2393325, 736418.6 2393348, 736407.3 2393372, 736397.3 2393396, 736388.6 2393421, 736381.1 2393446, 736375 2393471, 736370.2 2393497, 736366.8 2393523, 736364.8 2393549, 736364.1 2393575, 736364.8 2393601, 736366.8 2393627, 736370.2 2393653, 736375 2393679, 736381.1 2393704, 736388.6 2393730, 736397.3 2393754, 736407.3 2393778, 736418.6 2393802, 736431.1 2393825, 736444.8 2393847, 736459.6 2393869, 736475.5 2393890, 736492.5 2393910, 736510.5 2393929, 736529.5 2393947, 736549.4 2393964, 736570.2 2393980, 736591.8 2393994, 736614.1 2394008, 736637.1 2394021, 736660.7 2394032, 736684.9 2394042, 736709.6 2394051, 736734.7 2394058, 736760.1 2394064, 736785.9 2394069, 736811.8 2394072, 736837.9 2394074, 736864.1 2394075, 736890.3 2394074, 736916.3 2394072, 736942.3 2394069, 736968 2394064, 736993.5 2394058, 737018.6 2394051, 737043.3 2394042, 737067.5 2394032, 737091.1 2394021, 737114.1 2394008, 737136.4 2393994, 737158 2393980, 737178.7 2393964, 737198.7 2393947, 737217.6 2393929, 737235.7 2393910, 737252.7 2393890, 737268.6 2393869, 737283.4 2393847, 737297.1 2393825, 737309.6 2393802, 737320.9 2393778, 737330.9 2393754, 737339.6 2393730, 737347 2393704, 737353.2 2393679, 737357.9 2393653, 737361.3 2393627, 737363.4 2393601, 737364.1 2393575))"
41,20260550,Forest,5300,11.357870574345577,3.2247191011235956,1,Hani,土葬,无,0,1,0,278,673.6455747135255,1436.0606435368384,674.757080078125,7.947173118591309,180.1941604918325,5400,0,0.36438698689352533,1,39,0,0,0,0,0,1,-0.9999942582265761,-0.003388733373973969,8.575462099540212,2.4299109462807524,1.1708458460274813,"POLYGON ((742091.3 2354439, 742090.6 2354413, 742088.6 2354386, 742085.1 2354361, 742080.4 2354335, 742074.3 2354309, 742066.8 2354284, 742058.1 2354260, 742048.1 2354235, 742036.8 2354212, 742024.3 2354189, 742010.6 2354166, 741995.8 2354145, 741979.9 2354124, 741962.9 2354104, 741944.9 2354085, 741925.9 2354067, 741906 2354050, 741885.2 2354034, 741863.6 2354019, 741841.3 2354006, 741818.3 2353993, 741794.7 2353982, 741770.5 2353972, 741745.8 2353963, 741720.7 2353956, 741695.3 2353950, 741669.5 2353945, 741643.6 2353941, 741617.5 2353939, 741591.3 2353939, 741565.1 2353939, 741539 2353941, 741513.1 2353945, 741487.3 2353950, 741461.9 2353956, 741436.8 2353963, 741412.1 2353972, 741387.9 2353982, 741364.3 2353993, 741341.3 2354006, 741319 2354019, 741297.4 2354034, 741276.6 2354050, 741256.7 2354067, 741237.7 2354085, 741219.7 2354104, 741202.7 2354124, 741186.8 2354145, 741172 2354166, 741158.3 2354189, 741145.8 2354212, 741134.5 2354235, 741124.5 2354260, 741115.8 2354284, 741108.3 2354309, 741102.2 2354335, 741097.5 2354361, 741094 2354386, 741092 2354413, 741091.3 2354439, 741092 2354465, 741094 2354491, 741097.5 2354517, 741102.2 2354543, 741108.3 2354568, 741115.8 2354593, 741124.5 2354618, 741134.5 2354642, 741145.8 2354666, 741158.3 2354689, 741172 2354711, 741186.8 2354733, 741202.7 2354753, 741219.7 2354773, 741237.7 2354792, 741256.7 2354810, 741276.6 2354827, 741297.4 2354843, 741319 2354858, 741341.3 2354872, 741364.3 2354884, 741387.9 2354896, 741412.1 2354906, 741436.8 2354914, 741461.9 2354922, 741487.3 2354928, 741513.1 2354933, 741539 2354936, 741565.1 2354938, 741591.3 2354939, 741617.5 2354938, 741643.6 2354936, 741669.5 2354933, 741695.3 2354928, 741720.7 2354922, 741745.8 2354914, 741770.5 2354906, 741794.7 2354896, 741818.3 2354884, 741841.3 2354872, 741863.6 2354858, 741885.2 2354843, 741906 2354827, 741925.9 2354810, 741944.9 2354792, 741962.9 2354773, 741979.9 2354753, 741995.8 2354733, 742010.6 2354711, 742024.3 2354689, 742036.8 2354666, 742048.1 2354642, 742058.1 2354618, 742066.8 2354593, 742074.3 2354568, 742080.4 2354543, 742085.1 2354517, 742088.6 2354491, 742090.6 2354465, 742091.3 2354439))"
41,20260550,Forest,7630.691399662732,27.6544837918879,1.344620015048909,1,Hani,土葬,无,0,1,0,317,48.94427126522796,1962.6476947075894,572.821533203125,16.726295471191406,212.1835389085248,57452.000427246094,431285.6689453125,0.06476449838427031,1,40,56552.000427246094,0.9843347491243633,0,0,0,1,-0.8463462266869783,-0.5326331425781856,8.939933736118437,3.3197878772766924,0.2961114564461827,"POLYGON ((711559.2 2416675, 711558.5 2416649, 711556.4 2416623, 711553 2416597, 711548.2 2416571, 711542.1 2416545, 711534.7 2416520, 711526 2416496, 711515.9 2416471, 711504.7 2416448, 711492.2 2416425, 711478.5 2416403, 711463.7 2416381, 711447.7 2416360, 711430.7 2416340, 711412.7 2416321, 711393.7 2416303, 711373.8 2416286, 711353.1 2416270, 711331.5 2416256, 711309.2 2416242, 711286.2 2416229, 711262.5 2416218, 711238.3 2416208, 711213.7 2416199, 711188.6 2416192, 711163.1 2416186, 711137.4 2416181, 711111.4 2416178, 711085.3 2416176, 711059.2 2416175, 711033 2416176, 711006.9 2416178, 710980.9 2416181, 710955.2 2416186, 710929.8 2416192, 710904.7 2416199, 710880 2416208, 710855.8 2416218, 710832.2 2416229, 710809.2 2416242, 710786.8 2416256, 710765.3 2416270, 710744.5 2416286, 710724.6 2416303, 710705.6 2416321, 710687.6 2416340, 710670.6 2416360, 710654.7 2416381, 710639.8 2416403, 710626.1 2416425, 710613.7 2416448, 710602.4 2416471, 710592.4 2416496, 710583.6 2416520, 710576.2 2416545, 710570.1 2416571, 710565.3 2416597, 710561.9 2416623, 710559.8 2416649, 710559.2 2416675, 710559.8 2416701, 710561.9 2416727, 710565.3 2416753, 710570.1 2416779, 710576.2 2416804, 710583.6 2416829, 710592.4 2416854, 710602.4 2416878, 710613.7 2416902, 710626.1 2416925, 710639.8 2416947, 710654.7 2416969, 710670.6 2416990, 710687.6 2417009, 710705.6 2417028, 710724.6 2417046, 710744.5 2417063, 710765.3 2417079, 710786.8 2417094, 710809.2 2417108, 710832.2 2417120, 710855.8 2417132, 710880 2417142, 710904.7 2417150, 710929.8 2417158, 710955.2 2417164, 710980.9 2417169, 711006.9 2417172, 711033 2417174, 711059.2 2417175, 711085.3 2417174, 711111.4 2417172, 711137.4 2417169, 711163.1 2417164, 711188.6 2417158, 711213.7 2417150, 711238.3 2417142, 711262.5 2417132, 711286.2 2417120, 711309.2 2417108, 711331.5 2417094, 711353.1 2417079, 711373.8 2417063, 711393.7 2417046, 711412.7 2417028, 711430.7 2417009, 711447.7 2416990, 711463.7 2416969, 711478.5 2416947, 711492.2 2416925, 711504.7 2416902, 711515.9 2416878, 711526 2416854, 711534.7 2416829, 711542.1 2416804, 711548.2 2416779, 711553 2416753, 711556.4 2416727, 711558.5 2416701, 711559.2 2416675))"
41,20260550,Forest,7763.069139966274,45.20227133608371,0.045004500450045004,1,Hani,土葬,无,0,1,0,319,180.89787814816816,991.6791228965446,713.38067626953125,20.6931095123291,273.59536783865974,340541.4001464844,29700,0.026094644259170956,1,41,310833.02307128906,0.9127613351492176,0,0,0,1,0.06270983238936087,-0.9980318015582962,8.957133042712313,3.8111473363739687,-3.100992784211484,"POLYGON ((713697.8 2413840, 713697.1 2413813, 713695.1 2413787, 713691.6 2413761, 713686.9 2413736, 713680.8 2413710, 713673.3 2413685, 713664.6 2413660, 713654.6 2413636, 713643.3 2413613, 713630.8 2413590, 713617.1 2413567, 713602.3 2413546, 713586.4 2413525, 713569.4 2413505, 713551.4 2413486, 713532.4 2413468, 713512.5 2413451, 713491.7 2413435, 713470.1 2413420, 713447.8 2413407, 713424.8 2413394, 713401.2 2413383, 713377 2413373, 713352.3 2413364, 713327.2 2413357, 713301.8 2413351, 713276 2413346, 713250.1 2413342, 713224 2413340, 713197.8 2413340, 713171.6 2413340, 713145.5 2413342, 713119.6 2413346, 713093.8 2413351, 713068.4 2413357, 713043.3 2413364, 713018.6 2413373, 712994.4 2413383, 712970.8 2413394, 712947.8 2413407, 712925.5 2413420, 712903.9 2413435, 712883.1 2413451, 712863.2 2413468, 712844.2 2413486, 712826.2 2413505, 712809.2 2413525, 712793.3 2413546, 712778.5 2413567, 712764.8 2413590, 712752.3 2413613, 712741 2413636, 712731 2413660, 712722.3 2413685, 712714.8 2413710, 712708.7 2413736, 712704 2413761, 712700.5 2413787, 712698.5 2413813, 712697.8 2413840, 712698.5 2413866, 712700.5 2413892, 712704 2413918, 712708.7 2413944, 712714.8 2413969, 712722.3 2413994, 712731 2414019, 712741 2414043, 712752.3 2414067, 712764.8 2414090, 712778.5 2414112, 712793.3 2414134, 712809.2 2414154, 712826.2 2414174, 712844.2 2414193, 712863.2 2414211, 712883.1 2414228, 712903.9 2414244, 712925.5 2414259, 712947.8 2414273, 712970.8 2414285, 712994.4 2414296, 713018.6 2414306, 713043.3 2414315, 713068.4 2414323, 713093.8 2414329, 713119.6 2414333, 713145.5 2414337, 713171.6 2414339, 713197.8 2414340, 713224 2414339, 713250.1 2414337, 713276 2414333, 713301.8 2414329, 713327.2 2414323, 713352.3 2414315, 713377 2414306, 713401.2 2414296, 713424.8 2414285, 713447.8 2414273, 713470.1 2414259, 713491.7 2414244, 713512.5 2414228, 713532.4 2414211, 713551.4 2414193, 713569.4 2414174, 713586.4 2414154, 713602.3 2414134, 713617.1 2414112, 713630.8 2414090, 713643.3 2414067, 713654.6 2414043, 713664.6 2414019, 713673.3 2413994, 713680.8 2413969, 713686.9 2413944, 713691.6 2413918, 713695.1 2413892, 713697.1 2413866, 713697.8 2413840))"
41,20260550,Forest,7763.069139966274,45.20227133608371,0.045004500450045004,1,Hani,土葬,无,0,1,0,320,256.2297036511869,1111.4894052568168,608.50628662109375,16.638084411621094,208.22537294608117,56093.935775756836,102461.56539916992,0.08610481203002127,1,42,39893.935775756836,0.7111987280628389,0,0,0,1,-0.8810941005903268,-0.47294099621932023,8.957133042712313,3.8111473363739687,-3.100992784211484,"POLYGON ((713344.4 2414298, 713343.7 2414272, 713341.7 2414246, 713338.3 2414220, 713333.5 2414194, 713327.4 2414168, 713320 2414143, 713311.2 2414119, 713301.2 2414094, 713289.9 2414071, 713277.4 2414048, 713263.8 2414025, 713248.9 2414004, 713233 2413983, 713216 2413963, 713198 2413944, 713179 2413926, 713159.1 2413909, 713138.3 2413893, 713116.7 2413878, 713094.4 2413865, 713071.4 2413852, 713047.8 2413841, 713023.6 2413831, 712998.9 2413822, 712973.8 2413815, 712948.4 2413809, 712922.6 2413804, 712896.7 2413801, 712870.6 2413799, 712844.4 2413798, 712818.3 2413799, 712792.2 2413801, 712766.2 2413804, 712740.5 2413809, 712715 2413815, 712689.9 2413822, 712665.2 2413831, 712641.1 2413841, 712617.4 2413852, 712594.4 2413865, 712572.1 2413878, 712550.5 2413893, 712529.8 2413909, 712509.9 2413926, 712490.9 2413944, 712472.9 2413963, 712455.9 2413983, 712439.9 2414004, 712425.1 2414025, 712411.4 2414048, 712398.9 2414071, 712387.7 2414094, 712377.6 2414119, 712368.9 2414143, 712361.5 2414168, 712355.4 2414194, 712350.6 2414220, 712347.2 2414246, 712345.1 2414272, 712344.4 2414298, 712345.1 2414324, 712347.2 2414350, 712350.6 2414376, 712355.4 2414402, 712361.5 2414427, 712368.9 2414452, 712377.6 2414477, 712387.7 2414501, 712398.9 2414525, 712411.4 2414548, 712425.1 2414570, 712439.9 2414592, 712455.9 2414612, 712472.9 2414632, 712490.9 2414651, 712509.9 2414669, 712529.8 2414686, 712550.5 2414702, 712572.1 2414717, 712594.4 2414731, 712617.4 2414743, 712641.1 2414755, 712665.2 2414765, 712689.9 2414773, 712715 2414781, 712740.5 2414787, 712766.2 2414792, 712792.2 2414795, 712818.3 2414797, 712844.4 2414798, 712870.6 2414797, 712896.7 2414795, 712922.6 2414792, 712948.4 2414787, 712973.8 2414781, 712998.9 2414773, 713023.6 2414765, 713047.8 2414755, 713071.4 2414743, 713094.4 2414731, 713116.7 2414717, 713138.3 2414702, 713159.1 2414686, 713179 2414669, 713198 2414651, 713216 2414632, 713233 2414612, 713248.9 2414592, 713263.8 2414570, 713277.4 2414548, 713289.9 2414525, 713301.2 2414501, 713311.2 2414477, 713320 2414452, 713327.4 2414427, 713333.5 2414402, 713338.3 2414376, 713341.7 2414350, 713343.7 2414324, 713344.4 2414298))"
41,20260550,Forest,7630.691399662732,27.6544837918879,1.344620015048909,1,Hani,土葬,无,0,1,0,323,79.26865830191056,1160.214614694083,1149.95556640625,16.45021629333496,24.909378771281506,559971.5515136719,221003.31115722656,0.074713102833696865,1,43,143558.5968017578,0.25636766084580775,48211.51313781738,0.08609636151603728,0,1,0.9069750826028712,0.421184282158671,8.939933736118437,3.3197878772766924,0.2961114564461827,"POLYGON ((718071.5 2418955, 718070.8 2418929, 718068.8 2418902, 718065.4 2418876, 718060.6 2418851, 718054.5 2418825, 718047.1 2418800, 718038.3 2418776, 718028.3 2418751, 718017 2418728, 718004.5 2418705, 717990.9 2418682, 717976 2418661, 717960.1 2418640, 717943.1 2418620, 717925.1 2418601, 717906.1 2418583, 717886.2 2418566, 717865.4 2418550, 717843.8 2418535, 717821.5 2418522, 717798.5 2418509, 717774.9 2418498, 717750.7 2418488, 717726 2418479, 717700.9 2418472, 717675.5 2418466, 717649.7 2418461, 717623.8 2418457, 717597.7 2418455, 717571.5 2418455, 717545.4 2418455, 717519.3 2418457, 717493.3 2418461, 717467.6 2418466, 717442.1 2418472, 717417 2418479, 717392.3 2418488, 717368.2 2418498, 717344.5 2418509, 717321.5 2418522, 717299.2 2418535, 717277.6 2418550, 717256.9 2418566, 717237 2418583, 717218 2418601, 717200 2418620, 717183 2418640, 717167 2418661, 717152.2 2418682, 717138.5 2418705, 717126 2418728, 717114.8 2418751, 717104.7 2418776, 717096 2418800, 717088.6 2418825, 717082.5 2418851, 717077.7 2418876, 717074.3 2418902, 717072.2 2418929, 717071.5 2418955, 717072.2 2418981, 717074.3 2419007, 717077.7 2419033, 717082.5 2419059, 717088.6 2419084, 717096 2419109, 717104.7 2419134, 717114.8 2419158, 717126 2419182, 717138.5 2419205, 717152.2 2419227, 717167 2419249, 717183 2419269, 717200 2419289, 717218 2419308, 717237 2419326, 717256.9 2419343, 717277.6 2419359, 717299.2 2419374, 717321.5 2419388, 717344.5 2419400, 717368.2 2419411, 717392.3 2419421, 717417 2419430, 717442.1 2419438, 717467.6 2419444, 717493.3 2419449, 717519.3 2419452, 717545.4 2419454, 717571.5 2419455, 717597.7 2419454, 717623.8 2419452, 717649.7 2419449, 717675.5 2419444, 717700.9 2419438, 717726 2419430, 717750.7 2419421, 717774.9 2419411, 717798.5 2419400, 717821.5 2419388, 717843.8 2419374, 717865.4 2419359, 717886.2 2419343, 717906.1 2419326, 717925.1 2419308, 717943.1 2419289, 717960.1 2419269, 717976 2419249, 717990.9 2419227, 718004.5 2419205, 718017 2419182, 718028.3 2419158, 718038.3 2419134, 718047.1 2419109, 718054.5 2419084, 718060.6 2419059, 718065.4 2419033, 718068.8 2419007, 718070.8 2418981, 718071.5 2418955))"
41,20260550,Forest,7630.691399662732,27.6544837918879,1.344620015048909,1,Hani,土葬,无,0,1,0,324,21.40721505018863,136.08228947642854,1143.6904296875,14.275351524353027,30.269577881071132,468624.4079589844,315051.2512207031,0.18475886037195413,1,44,156272.40142822266,0.33347046968560834,20423.417472839355,0.04358163408899283,0,1,0.8636633159730883,0.5040691189136361,8.939933736118437,3.3197878772766924,0.2961114564461827,"POLYGON ((716602.6 2419303, 716601.9 2419276, 716599.9 2419250, 716596.5 2419224, 716591.7 2419199, 716585.6 2419173, 716578.1 2419148, 716569.4 2419123, 716559.4 2419099, 716548.1 2419076, 716535.6 2419053, 716521.9 2419030, 716507.1 2419009, 716491.2 2418988, 716474.2 2418968, 716456.2 2418949, 716437.2 2418931, 716417.3 2418914, 716396.5 2418898, 716374.9 2418883, 716352.6 2418870, 716329.6 2418857, 716306 2418846, 716281.8 2418836, 716257.1 2418827, 716232 2418820, 716206.6 2418814, 716180.8 2418809, 716154.9 2418805, 716128.8 2418803, 716102.6 2418803, 716076.4 2418803, 716050.3 2418805, 716024.4 2418809, 715998.7 2418814, 715973.2 2418820, 715948.1 2418827, 715923.4 2418836, 715899.2 2418846, 715875.6 2418857, 715852.6 2418870, 715830.3 2418883, 715808.7 2418898, 715788 2418914, 715768 2418931, 715749.1 2418949, 715731 2418968, 715714 2418988, 715698.1 2419009, 715683.3 2419030, 715669.6 2419053, 715657.1 2419076, 715645.8 2419099, 715635.8 2419123, 715627.1 2419148, 715619.7 2419173, 715613.5 2419199, 715608.8 2419224, 715605.4 2419250, 715603.3 2419276, 715602.6 2419303, 715603.3 2419329, 715605.4 2419355, 715608.8 2419381, 715613.5 2419407, 715619.7 2419432, 715627.1 2419457, 715635.8 2419482, 715645.8 2419506, 715657.1 2419530, 715669.6 2419553, 715683.3 2419575, 715698.1 2419596, 715714 2419617, 715731 2419637, 715749.1 2419656, 715768 2419674, 715788 2419691, 715808.7 2419707, 715830.3 2419722, 715852.6 2419736, 715875.6 2419748, 715899.2 2419759, 715923.4 2419769, 715948.1 2419778, 715973.2 2419786, 715998.7 2419792, 716024.4 2419796, 716050.3 2419800, 716076.4 2419802, 716102.6 2419803, 716128.8 2419802, 716154.9 2419800, 716180.8 2419796, 716206.6 2419792, 716232 2419786, 716257.1 2419778, 716281.8 2419769, 716306 2419759, 716329.6 2419748, 716352.6 2419736, 716374.9 2419722, 716396.5 2419707, 716417.3 2419691, 716437.2 2419674, 716456.2 2419656, 716474.2 2419637, 716491.2 2419617, 716507.1 2419596, 716521.9 2419575, 716535.6 2419553, 716548.1 2419530, 716559.4 2419506, 716569.4 2419482, 716578.1 2419457, 716585.6 2419432, 716591.7 2419407, 716596.5 2419381, 716599.9 2419355, 716601.9 2419329, 716602.6 2419303))"
41,20260550,Forest,7630.691399662732,27.6544837918879,1.344620015048909,1,Hani,土葬,无,0,1,0,326,146.40672257438752,2109.981570355832,962.83807373046875,12.79886245727539,98.37357922709657,235244.83337402344,297358.67614746094,0.1639164966553609,1,46,66350.994873046875,0.28205080605342464,143.1059092283249,6.083275333864448e-4,0,1,-0.1456268304124178,0.989339590971691,8.939933736118437,3.3197878772766924,0.2961114564461827,"POLYGON ((718437.2 2420101, 718436.5 2420075, 718434.4 2420049, 718431 2420023, 718426.2 2419997, 718420.1 2419971, 718412.7 2419946, 718404 2419922, 718393.9 2419897, 718382.7 2419874, 718370.2 2419851, 718356.5 2419828, 718341.7 2419807, 718325.7 2419786, 718308.7 2419766, 718290.7 2419747, 718271.7 2419729, 718251.8 2419712, 718231.1 2419696, 718209.5 2419681, 718187.2 2419668, 718164.2 2419655, 718140.5 2419644, 718116.4 2419634, 718091.7 2419625, 718066.6 2419618, 718041.1 2419612, 718015.4 2419607, 717989.4 2419604, 717963.3 2419601, 717937.2 2419601, 717911 2419601, 717884.9 2419604, 717859 2419607, 717833.2 2419612, 717807.8 2419618, 717782.7 2419625, 717758 2419634, 717733.8 2419644, 717710.2 2419655, 717687.2 2419668, 717664.9 2419681, 717643.3 2419696, 717622.5 2419712, 717602.6 2419729, 717583.6 2419747, 717565.6 2419766, 717548.6 2419786, 717532.7 2419807, 717517.8 2419828, 717504.2 2419851, 717491.7 2419874, 717480.4 2419897, 717470.4 2419922, 717461.6 2419946, 717454.2 2419971, 717448.1 2419997, 717443.3 2420023, 717439.9 2420049, 717437.9 2420075, 717437.2 2420101, 717437.9 2420127, 717439.9 2420153, 717443.3 2420179, 717448.1 2420205, 717454.2 2420230, 717461.6 2420255, 717470.4 2420280, 717480.4 2420304, 717491.7 2420328, 717504.2 2420351, 717517.8 2420373, 717532.7 2420395, 717548.6 2420415, 717565.6 2420435, 717583.6 2420454, 717602.6 2420472, 717622.5 2420489, 717643.3 2420505, 717664.9 2420520, 717687.2 2420534, 717710.2 2420546, 717733.8 2420558, 717758 2420568, 717782.7 2420576, 717807.8 2420584, 717833.2 2420590, 717859 2420595, 717884.9 2420598, 717911 2420600, 717937.2 2420601, 717963.3 2420600, 717989.4 2420598, 718015.4 2420595, 718041.1 2420590, 718066.6 2420584, 718091.7 2420576, 718116.4 2420568, 718140.5 2420558, 718164.2 2420546, 718187.2 2420534, 718209.5 2420520, 718231.1 2420505, 718251.8 2420489, 718271.7 2420472, 718290.7 2420454, 718308.7 2420435, 718325.7 2420415, 718341.7 2420395, 718356.5 2420373, 718370.2 2420351, 718382.7 2420328, 718393.9 2420304, 718404 2420280, 718412.7 2420255, 718420.1 2420230, 718426.2 2420205, 718431 2420179, 718434.4 2420153, 718436.5 2420127, 718437.2 2420101))"
41,20260550,Forest,7630.691399662732,27.6544837918879,1.344620015048909,1,Hani,土葬,无,0,1,0,327,1050.3563125604849,1270.353280267141,901.85595703125,8.275550842285156,20.230089176720075,29922.51091003418,234165.83862304688,0.2661820913768416,1,47,8100,0.27069920784233903,0,0,0,1,0.9383115582095595,0.3457910058551965,8.939933736118437,3.3197878772766924,0.2961114564461827,"POLYGON ((717052.6 2420930, 717051.9 2420904, 717049.9 2420878, 717046.5 2420852, 717041.7 2420826, 717035.6 2420801, 717028.1 2420776, 717019.4 2420751, 717009.4 2420727, 716998.1 2420703, 716985.6 2420680, 716971.9 2420658, 716957.1 2420636, 716941.2 2420616, 716924.2 2420596, 716906.2 2420577, 716887.2 2420559, 716867.3 2420542, 716846.5 2420526, 716824.9 2420511, 716802.6 2420497, 716779.6 2420485, 716756 2420474, 716731.8 2420464, 716707.1 2420455, 716682 2420447, 716656.6 2420441, 716630.8 2420437, 716604.9 2420433, 716578.8 2420431, 716552.6 2420430, 716526.4 2420431, 716500.4 2420433, 716474.4 2420437, 716448.7 2420441, 716423.2 2420447, 716398.1 2420455, 716373.4 2420464, 716349.2 2420474, 716325.6 2420485, 716302.6 2420497, 716280.3 2420511, 716258.7 2420526, 716238 2420542, 716218 2420559, 716199.1 2420577, 716181 2420596, 716164 2420616, 716148.1 2420636, 716133.3 2420658, 716119.6 2420680, 716107.1 2420703, 716095.8 2420727, 716085.8 2420751, 716077.1 2420776, 716069.7 2420801, 716063.5 2420826, 716058.8 2420852, 716055.4 2420878, 716053.3 2420904, 716052.6 2420930, 716053.3 2420957, 716055.4 2420983, 716058.8 2421009, 716063.5 2421034, 716069.7 2421060, 716077.1 2421085, 716085.8 2421110, 716095.8 2421134, 716107.1 2421157, 716119.6 2421180, 716133.3 2421203, 716148.1 2421224, 716164 2421245, 716181 2421265, 716199.1 2421284, 716218 2421302, 716238 2421319, 716258.7 2421335, 716280.3 2421350, 716302.6 2421363, 716325.6 2421376, 716349.2 2421387, 716373.4 2421397, 716398.1 2421406, 716423.2 2421413, 716448.7 2421419, 716474.4 2421424, 716500.4 2421428, 716526.4 2421430, 716552.6 2421430, 716578.8 2421430, 716604.9 2421428, 716630.8 2421424, 716656.6 2421419, 716682 2421413, 716707.1 2421406, 716731.8 2421397, 716756 2421387, 716779.6 2421376, 716802.6 2421363, 716824.9 2421350, 716846.5 2421335, 716867.3 2421319, 716887.2 2421302, 716906.2 2421284, 716924.2 2421265, 716941.2 2421245, 716957.1 2421224, 716971.9 2421203, 716985.6 2421180, 716998.1 2421157, 717009.4 2421134, 717019.4 2421110, 717028.1 2421085, 717035.6 2421060, 717041.7 2421034, 717046.5 2421009, 717049.9 2420983, 717051.9 2420957, 717052.6 2420930))"
41,20260550,Forest,7630.691399662732,27.6544837918879,1.344620015048909,1,Hani,土葬,无,0,1,0,328,115.74215757790031,582.7450851750624,1052.7138671875,14.321025848388672,106.60341171955714,20700,331924.96032714844,0.20838007342650583,1,48,20700,1,0,0,0,1,-0.28574543092476373,0.9583055612411008,8.939933736118437,3.3197878772766924,0.2961114564461827,"POLYGON ((713407 2420311, 713406.3 2420285, 713404.3 2420258, 713400.8 2420232, 713396.1 2420207, 713390 2420181, 713382.5 2420156, 713373.8 2420131, 713363.8 2420107, 713352.5 2420084, 713340 2420061, 713326.3 2420038, 713311.5 2420017, 713295.6 2419996, 713278.6 2419976, 713260.6 2419957, 713241.6 2419939, 713221.7 2419922, 713200.9 2419906, 713179.3 2419891, 713157 2419878, 713134 2419865, 713110.4 2419854, 713086.2 2419844, 713061.5 2419835, 713036.4 2419828, 713011 2419822, 712985.2 2419817, 712959.3 2419813, 712933.2 2419811, 712907 2419811, 712880.8 2419811, 712854.7 2419813, 712828.8 2419817, 712803 2419822, 712777.6 2419828, 712752.5 2419835, 712727.8 2419844, 712703.6 2419854, 712680 2419865, 712657 2419878, 712634.7 2419891, 712613.1 2419906, 712592.3 2419922, 712572.4 2419939, 712553.4 2419957, 712535.4 2419976, 712518.4 2419996, 712502.5 2420017, 712487.7 2420038, 712474 2420061, 712461.5 2420084, 712450.2 2420107, 712440.2 2420131, 712431.5 2420156, 712424 2420181, 712417.9 2420207, 712413.2 2420232, 712409.7 2420258, 712407.7 2420285, 712407 2420311, 712407.7 2420337, 712409.7 2420363, 712413.2 2420389, 712417.9 2420415, 712424 2420440, 712431.5 2420465, 712440.2 2420490, 712450.2 2420514, 712461.5 2420538, 712474 2420561, 712487.7 2420583, 712502.5 2420605, 712518.4 2420625, 712535.4 2420645, 712553.4 2420664, 712572.4 2420682, 712592.3 2420699, 712613.1 2420715, 712634.7 2420730, 712657 2420744, 712680 2420756, 712703.6 2420767, 712727.8 2420777, 712752.5 2420786, 712777.6 2420794, 712803 2420800, 712828.8 2420805, 712854.7 2420808, 712880.8 2420810, 712907 2420811, 712933.2 2420810, 712959.3 2420808, 712985.2 2420805, 713011 2420800, 713036.4 2420794, 713061.5 2420786, 713086.2 2420777, 713110.4 2420767, 713134 2420756, 713157 2420744, 713179.3 2420730, 713200.9 2420715, 713221.7 2420699, 713241.6 2420682, 713260.6 2420664, 713278.6 2420645, 713295.6 2420625, 713311.5 2420605, 713326.3 2420583, 713340 2420561, 713352.5 2420538, 713363.8 2420514, 713373.8 2420490, 713382.5 2420465, 713390 2420440, 713396.1 2420415, 713400.8 2420389, 713404.3 2420363, 713406.3 2420337, 713407 2420311))"
41,20260550,Forest,7630.691399662732,27.6544837918879,1.344620015048909,1,Hani,土葬,无,0,1,0,329,375.3977648533822,468.02721279827597,844.88079833984375,11.889787673950195,355.59653343982455,109196.6926574707,40689.66522216797,0.21448352048368224,1,49,58796.6926574707,0.5384475594137705,0,0,0,1,0.9970481086791916,-0.0767793525581386,8.939933736118437,3.3197878772766924,0.2961114564461827,"POLYGON ((714550.6 2422567, 714550 2422540, 714547.9 2422514, 714544.5 2422488, 714539.7 2422463, 714533.6 2422437, 714526.2 2422412, 714517.4 2422387, 714507.4 2422363, 714496.1 2422340, 714483.7 2422317, 714470 2422294, 714455.2 2422273, 714439.2 2422252, 714422.2 2422232, 714404.2 2422213, 714385.2 2422195, 714365.3 2422178, 714344.5 2422162, 714323 2422147, 714300.6 2422134, 714277.6 2422121, 714254 2422110, 714229.8 2422100, 714205.2 2422091, 714180.1 2422084, 714154.6 2422077, 714128.9 2422073, 714102.9 2422069, 714076.8 2422067, 714050.6 2422067, 714024.5 2422067, 713998.4 2422069, 713972.4 2422073, 713946.7 2422077, 713921.2 2422084, 713896.1 2422091, 713871.5 2422100, 713847.3 2422110, 713823.6 2422121, 713800.6 2422134, 713778.3 2422147, 713756.8 2422162, 713736 2422178, 713716.1 2422195, 713697.1 2422213, 713679.1 2422232, 713662.1 2422252, 713646.1 2422273, 713631.3 2422294, 713617.6 2422317, 713605.1 2422340, 713593.9 2422363, 713583.9 2422387, 713575.1 2422412, 713567.7 2422437, 713561.6 2422463, 713556.8 2422488, 713553.4 2422514, 713551.3 2422540, 713550.6 2422567, 713551.3 2422593, 713553.4 2422619, 713556.8 2422645, 713561.6 2422671, 713567.7 2422696, 713575.1 2422721, 713583.9 2422746, 713593.9 2422770, 713605.1 2422794, 713617.6 2422817, 713631.3 2422839, 713646.1 2422860, 713662.1 2422881, 713679.1 2422901, 713697.1 2422920, 713716.1 2422938, 713736 2422955, 713756.8 2422971, 713778.3 2422986, 713800.6 2423000, 713823.6 2423012, 713847.3 2423023, 713871.5 2423033, 713896.1 2423042, 713921.2 2423050, 713946.7 2423056, 713972.4 2423060, 713998.4 2423064, 714024.5 2423066, 714050.6 2423067, 714076.8 2423066, 714102.9 2423064, 714128.9 2423060, 714154.6 2423056, 714180.1 2423050, 714205.2 2423042, 714229.8 2423033, 714254 2423023, 714277.6 2423012, 714300.6 2423000, 714323 2422986, 714344.5 2422971, 714365.3 2422955, 714385.2 2422938, 714404.2 2422920, 714422.2 2422901, 714439.2 2422881, 714455.2 2422860, 714470 2422839, 714483.7 2422817, 714496.1 2422794, 714507.4 2422770, 714517.4 2422746, 714526.2 2422721, 714533.6 2422696, 714539.7 2422671, 714544.5 2422645, 714547.9 2422619, 714550 2422593, 714550.6 2422567))"
41,20260550,Forest,7630.691399662732,27.6544837918879,1.344620015048909,1,Hani,土葬,无,0,1,0,330,93.68070640694182,320.8541424685712,1040.8970947265625,15.823226928710938,270.21611378143274,700250.2624511719,0,0.08374686343384306,1,50,231816.8243408203,0.331048536175286,3600,0.005141019137070336,0,1,0.0037718881010158287,-0.9999928864047751,8.939933736118437,3.3197878772766924,0.2961114564461827,"POLYGON ((718472 2414559, 718471.3 2414533, 718469.3 2414507, 718465.8 2414481, 718461.1 2414455, 718455 2414430, 718447.5 2414405, 718438.8 2414380, 718428.8 2414356, 718417.5 2414332, 718405 2414309, 718391.3 2414287, 718376.5 2414265, 718360.6 2414245, 718343.6 2414225, 718325.6 2414206, 718306.6 2414188, 718286.7 2414171, 718265.9 2414155, 718244.3 2414140, 718222 2414126, 718199 2414114, 718175.4 2414103, 718151.2 2414093, 718126.5 2414084, 718101.4 2414076, 718076 2414070, 718050.2 2414066, 718024.3 2414062, 717998.2 2414060, 717972 2414059, 717945.8 2414060, 717919.7 2414062, 717893.8 2414066, 717868 2414070, 717842.6 2414076, 717817.5 2414084, 717792.8 2414093, 717768.6 2414103, 717745 2414114, 717722 2414126, 717699.7 2414140, 717678.1 2414155, 717657.3 2414171, 717637.4 2414188, 717618.4 2414206, 717600.4 2414225, 717583.4 2414245, 717567.5 2414265, 717552.7 2414287, 717539 2414309, 717526.5 2414332, 717515.2 2414356, 717505.2 2414380, 717496.5 2414405, 717489 2414430, 717482.9 2414455, 717478.2 2414481, 717474.7 2414507, 717472.7 2414533, 717472 2414559, 717472.7 2414586, 717474.7 2414612, 717478.2 2414638, 717482.9 2414663, 717489 2414689, 717496.5 2414714, 717505.2 2414739, 717515.2 2414763, 717526.5 2414786, 717539 2414809, 717552.7 2414832, 717567.5 2414853, 717583.4 2414874, 717600.4 2414894, 717618.4 2414913, 717637.4 2414931, 717657.3 2414948, 717678.1 2414964, 717699.7 2414979, 717722 2414992, 717745 2415005, 717768.6 2415016, 717792.8 2415026, 717817.5 2415035, 717842.6 2415042, 717868 2415048, 717893.8 2415053, 717919.7 2415057, 717945.8 2415059, 717972 2415059, 717998.2 2415059, 718024.3 2415057, 718050.2 2415053, 718076 2415048, 718101.4 2415042, 718126.5 2415035, 718151.2 2415026, 718175.4 2415016, 718199 2415005, 718222 2414992, 718244.3 2414979, 718265.9 2414964, 718286.7 2414948, 718306.6 2414931, 718325.6 2414913, 718343.6 2414894, 718360.6 2414874, 718376.5 2414853, 718391.3 2414832, 718405 2414809, 718417.5 2414786, 718428.8 2414763, 718438.8 2414739, 718447.5 2414714, 718455 2414689, 718461.1 2414663, 718465.8 2414638, 718469.3 2414612, 718471.3 2414586, 718472 2414559))"
41,20260550,Forest,8188.0269814502535,88.83161082476238,1.7932636469221834,1,Hani,土葬,无,0,1,0,361,635.367315599946,1587.307270614649,898.6361083984375,12.239222526550293,240.31074176626282,259026.1688232422,212719.09790039062,0.10173270964759527,1,52,57331.56967163086,0.2213350486249656,1800,0.006949104826656756,0,1,-0.49529580939439727,-0.8687243873613477,9.01042824201882,4.4867425644094086,0.5840372261569906,"POLYGON ((719635.4 2420500, 719634.7 2420474, 719632.6 2420448, 719629.2 2420422, 719624.4 2420396, 719618.3 2420371, 719610.9 2420346, 719602.2 2420321, 719592.1 2420297, 719580.9 2420273, 719568.4 2420250, 719554.7 2420228, 719539.9 2420207, 719523.9 2420186, 719506.9 2420166, 719488.9 2420147, 719469.9 2420129, 719450 2420112, 719429.3 2420096, 719407.7 2420081, 719385.4 2420067, 719362.4 2420055, 719338.7 2420044, 719314.6 2420034, 719289.9 2420025, 719264.8 2420017, 719239.3 2420011, 719213.6 2420007, 719187.6 2420003, 719161.5 2420001, 719135.4 2420000, 719109.2 2420001, 719083.1 2420003, 719057.2 2420007, 719031.4 2420011, 719006 2420017, 718980.9 2420025, 718956.2 2420034, 718932 2420044, 718908.4 2420055, 718885.4 2420067, 718863.1 2420081, 718841.5 2420096, 718820.7 2420112, 718800.8 2420129, 718781.8 2420147, 718763.8 2420166, 718746.8 2420186, 718730.9 2420207, 718716 2420228, 718702.4 2420250, 718689.9 2420273, 718678.6 2420297, 718668.6 2420321, 718659.8 2420346, 718652.4 2420371, 718646.3 2420396, 718641.5 2420422, 718638.1 2420448, 718636.1 2420474, 718635.4 2420500, 718636.1 2420527, 718638.1 2420553, 718641.5 2420579, 718646.3 2420604, 718652.4 2420630, 718659.8 2420655, 718668.6 2420680, 718678.6 2420704, 718689.9 2420727, 718702.4 2420750, 718716 2420773, 718730.9 2420794, 718746.8 2420815, 718763.8 2420835, 718781.8 2420854, 718800.8 2420872, 718820.7 2420889, 718841.5 2420905, 718863.1 2420920, 718885.4 2420933, 718908.4 2420946, 718932 2420957, 718956.2 2420967, 718980.9 2420976, 719006 2420983, 719031.4 2420989, 719057.2 2420994, 719083.1 2420998, 719109.2 2421000, 719135.4 2421000, 719161.5 2421000, 719187.6 2420998, 719213.6 2420994, 719239.3 2420989, 719264.8 2420983, 719289.9 2420976, 719314.6 2420967, 719338.7 2420957, 719362.4 2420946, 719385.4 2420933, 719407.7 2420920, 719429.3 2420905, 719450 2420889, 719469.9 2420872, 719488.9 2420854, 719506.9 2420835, 719523.9 2420815, 719539.9 2420794, 719554.7 2420773, 719568.4 2420750, 719580.9 2420727, 719592.1 2420704, 719602.2 2420680, 719610.9 2420655, 719618.3 2420630, 719624.4 2420604, 719629.2 2420579, 719632.6 2420553, 719634.7 2420527, 719635.4 2420500))"
41,20260550,Forest,8188.0269814502535,88.83161082476238,1.7932636469221834,1,Hani,土葬,无,0,1,0,362,1029.3166832949703,1958.9820195128054,819.9801025390625,6.166589736938477,284.62008079864455,22137.804794311523,55688.92478942871,0.22680870661656208,1,53,3284.7119092941284,0.14837568312727015,900,0.04065443743687097,0,1,0.25240850164520157,-0.9676207667765426,9.01042824201882,4.4867425644094086,0.5840372261569906,"POLYGON ((718314.1 2421733, 718313.4 2421707, 718311.4 2421681, 718308 2421655, 718303.2 2421629, 718297.1 2421604, 718289.6 2421579, 718280.9 2421554, 718270.9 2421530, 718259.6 2421506, 718247.1 2421483, 718233.4 2421461, 718218.6 2421439, 718202.7 2421419, 718185.7 2421399, 718167.7 2421380, 718148.7 2421362, 718128.8 2421345, 718108 2421329, 718086.4 2421314, 718064.1 2421300, 718041.1 2421288, 718017.5 2421277, 717993.3 2421267, 717968.6 2421258, 717943.5 2421250, 717918.1 2421244, 717892.3 2421239, 717866.4 2421236, 717840.3 2421234, 717814.1 2421233, 717787.9 2421234, 717761.8 2421236, 717735.9 2421239, 717710.2 2421244, 717684.7 2421250, 717659.6 2421258, 717634.9 2421267, 717610.7 2421277, 717587.1 2421288, 717564.1 2421300, 717541.8 2421314, 717520.2 2421329, 717499.4 2421345, 717479.5 2421362, 717460.6 2421380, 717442.5 2421399, 717425.5 2421419, 717409.6 2421439, 717394.8 2421461, 717381.1 2421483, 717368.6 2421506, 717357.3 2421530, 717347.3 2421554, 717338.6 2421579, 717331.1 2421604, 717325 2421629, 717320.3 2421655, 717316.8 2421681, 717314.8 2421707, 717314.1 2421733, 717314.8 2421759, 717316.8 2421786, 717320.3 2421812, 717325 2421837, 717331.1 2421863, 717338.6 2421888, 717347.3 2421913, 717357.3 2421937, 717368.6 2421960, 717381.1 2421983, 717394.8 2422006, 717409.6 2422027, 717425.5 2422048, 717442.5 2422068, 717460.6 2422087, 717479.5 2422105, 717499.4 2422122, 717520.2 2422138, 717541.8 2422153, 717564.1 2422166, 717587.1 2422179, 717610.7 2422190, 717634.9 2422200, 717659.6 2422209, 717684.7 2422216, 717710.2 2422222, 717735.9 2422227, 717761.8 2422231, 717787.9 2422233, 717814.1 2422233, 717840.3 2422233, 717866.4 2422231, 717892.3 2422227, 717918.1 2422222, 717943.5 2422216, 717968.6 2422209, 717993.3 2422200, 718017.5 2422190, 718041.1 2422179, 718064.1 2422166, 718086.4 2422153, 718108 2422138, 718128.8 2422122, 718148.7 2422105, 718167.7 2422087, 718185.7 2422068, 718202.7 2422048, 718218.6 2422027, 718233.4 2422006, 718247.1 2421983, 718259.6 2421960, 718270.9 2421937, 718280.9 2421913, 718289.6 2421888, 718297.1 2421863, 718303.2 2421837, 718308 2421812, 718311.4 2421786, 718313.4 2421759, 718314.1 2421733))"
41,20260550,Forest,28221.39534883721,36.32440798387466,1.8620967741935484,1,Hani,土葬,无,0,1,0,364,814.7055180619949,1201.7806774671276,815.42999267578125,12.252863883972168,105.30473453529372,21310.709381103516,25825.05340576172,0.21378911514112606,1,54,16654.331016540527,0.781500545979391,900,0.04223228724605675,0,1,-0.2639527535588417,0.9645356104824255,10.247835669571991,3.59248991156372,0.6217031507554128,"POLYGON ((673874.7 2425443, 673874 2425417, 673872 2425390, 673868.5 2425365, 673863.8 2425339, 673857.7 2425313, 673850.2 2425288, 673841.5 2425264, 673831.5 2425239, 673820.2 2425216, 673807.7 2425193, 673794 2425170, 673779.2 2425149, 673763.3 2425128, 673746.3 2425108, 673728.2 2425089, 673709.3 2425071, 673689.4 2425054, 673668.6 2425038, 673647 2425023, 673624.7 2425010, 673601.7 2424997, 673578.1 2424986, 673553.9 2424976, 673529.2 2424967, 673504.1 2424960, 673478.6 2424954, 673452.9 2424949, 673427 2424945, 673400.9 2424943, 673374.7 2424943, 673348.5 2424943, 673322.4 2424945, 673296.5 2424949, 673270.7 2424954, 673245.3 2424960, 673220.2 2424967, 673195.5 2424976, 673171.3 2424986, 673147.7 2424997, 673124.7 2425010, 673102.4 2425023, 673080.8 2425038, 673060 2425054, 673040.1 2425071, 673021.1 2425089, 673003.1 2425108, 672986.1 2425128, 672970.2 2425149, 672955.4 2425170, 672941.7 2425193, 672929.2 2425216, 672917.9 2425239, 672907.9 2425264, 672899.2 2425288, 672891.7 2425313, 672885.6 2425339, 672880.8 2425365, 672877.4 2425390, 672875.4 2425417, 672874.7 2425443, 672875.4 2425469, 672877.4 2425495, 672880.8 2425521, 672885.6 2425547, 672891.7 2425572, 672899.2 2425597, 672907.9 2425622, 672917.9 2425646, 672929.2 2425670, 672941.7 2425693, 672955.4 2425715, 672970.2 2425737, 672986.1 2425757, 673003.1 2425777, 673021.1 2425796, 673040.1 2425814, 673060 2425831, 673080.8 2425847, 673102.4 2425862, 673124.7 2425876, 673147.7 2425888, 673171.3 2425900, 673195.5 2425910, 673220.2 2425918, 673245.3 2425926, 673270.7 2425932, 673296.5 2425937, 673322.4 2425940, 673348.5 2425942, 673374.7 2425943, 673400.9 2425942, 673427 2425940, 673452.9 2425937, 673478.6 2425932, 673504.1 2425926, 673529.2 2425918, 673553.9 2425910, 673578.1 2425900, 673601.7 2425888, 673624.7 2425876, 673647 2425862, 673668.6 2425847, 673689.4 2425831, 673709.3 2425814, 673728.2 2425796, 673746.3 2425777, 673763.3 2425757, 673779.2 2425737, 673794 2425715, 673807.7 2425693, 673820.2 2425670, 673831.5 2425646, 673841.5 2425622, 673850.2 2425597, 673857.7 2425572, 673863.8 2425547, 673868.5 2425521, 673872 2425495, 673874 2425469, 673874.7 2425443))"
41,20260550,Forest,5282.758620689656,45.034925325073786,2.4836279339321936,1,Hani,土葬,无,0,1,0,377,130.3683802878165,1229.8441697054657,874.8455810546875,9.997734069824219,55.69097117108021,199345.0698852539,35884.35516357422,0.33607345727140336,1,55,52227.373123168945,0.2619948070611018,53778.22036743164,0.26977451912097555,0,1,0.5636562208161179,0.826009482230859,8.572203706302155,3.8074383070812012,0.9097203678008794,"POLYGON ((652888.4 2472352, 652887.8 2472325, 652885.7 2472299, 652882.3 2472273, 652877.5 2472248, 652871.4 2472222, 652864 2472197, 652855.2 2472172, 652845.2 2472148, 652833.9 2472125, 652821.5 2472102, 652807.8 2472079, 652793 2472058, 652777 2472037, 652760 2472017, 652742 2471998, 652723 2471980, 652703.1 2471963, 652682.3 2471947, 652660.8 2471932, 652638.4 2471919, 652615.4 2471906, 652591.8 2471895, 652567.6 2471885, 652543 2471876, 652517.9 2471869, 652492.4 2471862, 652466.7 2471858, 652440.7 2471854, 652414.6 2471852, 652388.4 2471852, 652362.3 2471852, 652336.2 2471854, 652310.2 2471858, 652284.5 2471862, 652259 2471869, 652233.9 2471876, 652209.3 2471885, 652185.1 2471895, 652161.5 2471906, 652138.4 2471919, 652116.1 2471932, 652094.6 2471947, 652073.8 2471963, 652053.9 2471980, 652034.9 2471998, 652016.9 2472017, 651999.9 2472037, 651983.9 2472058, 651969.1 2472079, 651955.4 2472102, 651942.9 2472125, 651931.7 2472148, 651921.7 2472172, 651912.9 2472197, 651905.5 2472222, 651899.4 2472248, 651894.6 2472273, 651891.2 2472299, 651889.1 2472325, 651888.4 2472352, 651889.1 2472378, 651891.2 2472404, 651894.6 2472430, 651899.4 2472456, 651905.5 2472481, 651912.9 2472506, 651921.7 2472531, 651931.7 2472555, 651942.9 2472579, 651955.4 2472602, 651969.1 2472624, 651983.9 2472645, 651999.9 2472666, 652016.9 2472686, 652034.9 2472705, 652053.9 2472723, 652073.8 2472740, 652094.6 2472756, 652116.1 2472771, 652138.4 2472785, 652161.5 2472797, 652185.1 2472808, 652209.3 2472818, 652233.9 2472827, 652259 2472835, 652284.5 2472841, 652310.2 2472845, 652336.2 2472849, 652362.3 2472851, 652388.4 2472852, 652414.6 2472851, 652440.7 2472849, 652466.7 2472845, 652492.4 2472841, 652517.9 2472835, 652543 2472827, 652567.6 2472818, 652591.8 2472808, 652615.4 2472797, 652638.4 2472785, 652660.8 2472771, 652682.3 2472756, 652703.1 2472740, 652723 2472723, 652742 2472705, 652760 2472686, 652777 2472666, 652793 2472645, 652807.8 2472624, 652821.5 2472602, 652833.9 2472579, 652845.2 2472555, 652855.2 2472531, 652864 2472506, 652871.4 2472481, 652877.5 2472456, 652882.3 2472430, 652885.7 2472404, 652887.8 2472378, 652888.4 2472352))"
41,20260550,Forest,5282.758620689656,45.034925325073786,2.4836279339321936,1,Hani,土葬,无,0,1,0,378,435.5505540840779,1560.374205404705,891.5599365234375,9.972146034240723,81.55231172556675,191064.16625976562,47681.412506103516,0.29741364455317437,1,56,62220.29342651367,0.3256512963394751,44979.22554016113,0.23541424025585522,0,1,0.14690636644715452,0.9891504028697022,8.572203706302155,3.8074383070812012,0.9097203678008794,"POLYGON ((652655.5 2472020, 652654.9 2471994, 652652.8 2471968, 652649.4 2471942, 652644.6 2471916, 652638.5 2471891, 652631.1 2471866, 652622.3 2471841, 652612.3 2471817, 652601 2471793, 652588.5 2471770, 652574.9 2471748, 652560 2471726, 652544.1 2471706, 652527.1 2471686, 652509.1 2471667, 652490.1 2471649, 652470.2 2471632, 652449.4 2471616, 652427.9 2471601, 652405.5 2471587, 652382.5 2471575, 652358.9 2471564, 652334.7 2471553, 652310 2471545, 652284.9 2471537, 652259.5 2471531, 652233.8 2471526, 652207.8 2471523, 652181.7 2471521, 652155.5 2471520, 652129.4 2471521, 652103.3 2471523, 652077.3 2471526, 652051.6 2471531, 652026.1 2471537, 652001 2471545, 651976.4 2471553, 651952.2 2471564, 651928.5 2471575, 651905.5 2471587, 651883.2 2471601, 651861.6 2471616, 651840.9 2471632, 651821 2471649, 651802 2471667, 651784 2471686, 651767 2471706, 651751 2471726, 651736.2 2471748, 651722.5 2471770, 651710 2471793, 651698.8 2471817, 651688.7 2471841, 651680 2471866, 651672.6 2471891, 651666.5 2471916, 651661.7 2471942, 651658.3 2471968, 651656.2 2471994, 651655.5 2472020, 651656.2 2472046, 651658.3 2472073, 651661.7 2472099, 651666.5 2472124, 651672.6 2472150, 651680 2472175, 651688.7 2472199, 651698.8 2472224, 651710 2472247, 651722.5 2472270, 651736.2 2472293, 651751 2472314, 651767 2472335, 651784 2472355, 651802 2472374, 651821 2472392, 651840.9 2472409, 651861.6 2472425, 651883.2 2472440, 651905.5 2472453, 651928.5 2472466, 651952.2 2472477, 651976.4 2472487, 652001 2472496, 652026.1 2472503, 652051.6 2472509, 652077.3 2472514, 652103.3 2472518, 652129.4 2472520, 652155.5 2472520, 652181.7 2472520, 652207.8 2472518, 652233.8 2472514, 652259.5 2472509, 652284.9 2472503, 652310 2472496, 652334.7 2472487, 652358.9 2472477, 652382.5 2472466, 652405.5 2472453, 652427.9 2472440, 652449.4 2472425, 652470.2 2472409, 652490.1 2472392, 652509.1 2472374, 652527.1 2472355, 652544.1 2472335, 652560 2472314, 652574.9 2472293, 652588.5 2472270, 652601 2472247, 652612.3 2472224, 652622.3 2472199, 652631.1 2472175, 652638.5 2472150, 652644.6 2472124, 652649.4 2472099, 652652.8 2472073, 652654.9 2472046, 652655.5 2472020))"
41,20260550,Forest,4113.793103448276,31.558234800298017,3.1961620469083156,1,Hani,土葬,无,0,1,0,388,28.70986864877312,802.4277290865205,1232.7445068359375,7.200429439544678,264.67697437397413,785039.3371582031,0,0.32525850447969745,1,58,0,0,339131.9366455078,0.43199355827587665,0,1,-0.09277073483495421,-0.995687496536028,8.322100778099534,3.4518345628639535,1.1619507296563183,"POLYGON ((648084.4 2468401, 648083.7 2468375, 648081.6 2468349, 648078.2 2468323, 648073.5 2468297, 648067.3 2468272, 648059.9 2468247, 648051.2 2468222, 648041.2 2468198, 648029.9 2468174, 648017.4 2468151, 648003.7 2468129, 647988.9 2468107, 647973 2468087, 647956 2468067, 647937.9 2468048, 647918.9 2468030, 647899 2468013, 647878.3 2467997, 647856.7 2467982, 647834.4 2467968, 647811.4 2467956, 647787.7 2467944, 647763.6 2467934, 647738.9 2467926, 647713.8 2467918, 647688.3 2467912, 647662.6 2467907, 647636.6 2467904, 647610.5 2467902, 647584.4 2467901, 647558.2 2467902, 647532.1 2467904, 647506.2 2467907, 647480.4 2467912, 647455 2467918, 647429.9 2467926, 647405.2 2467934, 647381 2467944, 647357.4 2467956, 647334.4 2467968, 647312.1 2467982, 647290.5 2467997, 647269.7 2468013, 647249.8 2468030, 647230.8 2468048, 647212.8 2468067, 647195.8 2468087, 647179.9 2468107, 647165 2468129, 647151.4 2468151, 647138.9 2468174, 647127.6 2468198, 647117.6 2468222, 647108.9 2468247, 647101.4 2468272, 647095.3 2468297, 647090.5 2468323, 647087.1 2468349, 647085.1 2468375, 647084.4 2468401, 647085.1 2468427, 647087.1 2468453, 647090.5 2468479, 647095.3 2468505, 647101.4 2468531, 647108.9 2468556, 647117.6 2468580, 647127.6 2468605, 647138.9 2468628, 647151.4 2468651, 647165 2468674, 647179.9 2468695, 647195.8 2468716, 647212.8 2468736, 647230.8 2468755, 647249.8 2468773, 647269.7 2468790, 647290.5 2468806, 647312.1 2468821, 647334.4 2468834, 647357.4 2468847, 647381 2468858, 647405.2 2468868, 647429.9 2468877, 647455 2468884, 647480.4 2468890, 647506.2 2468895, 647532.1 2468898, 647558.2 2468901, 647584.4 2468901, 647610.5 2468901, 647636.6 2468898, 647662.6 2468895, 647688.3 2468890, 647713.8 2468884, 647738.9 2468877, 647763.6 2468868, 647787.7 2468858, 647811.4 2468847, 647834.4 2468834, 647856.7 2468821, 647878.3 2468806, 647899 2468790, 647918.9 2468773, 647937.9 2468755, 647956 2468736, 647973 2468716, 647988.9 2468695, 648003.7 2468674, 648017.4 2468651, 648029.9 2468628, 648041.2 2468605, 648051.2 2468580, 648059.9 2468556, 648067.3 2468531, 648073.5 2468505, 648078.2 2468479, 648081.6 2468453, 648083.7 2468427, 648084.4 2468401))"
41,20260550,Forest,4113.793103448276,31.558234800298017,3.1961620469083156,1,Hani,土葬,无,0,1,0,389,22.73719695337618,1970.9062659466658,1255.704345703125,12.084240913391113,136.92857919125416,785039.3371582031,0,0.16693215129542113,1,59,0,0,371299.9328613281,0.47296984404044307,0,1,-0.7305030034048471,0.6829094830330722,8.322100778099534,3.4518345628639535,1.1619507296563183,"POLYGON ((649294.8 2468472, 649294.1 2468445, 649292.1 2468419, 649288.7 2468393, 649283.9 2468368, 649277.8 2468342, 649270.3 2468317, 649261.6 2468292, 649251.6 2468268, 649240.3 2468245, 649227.8 2468222, 649214.1 2468199, 649199.3 2468178, 649183.4 2468157, 649166.4 2468137, 649148.4 2468118, 649129.4 2468100, 649109.5 2468083, 649088.7 2468067, 649067.1 2468052, 649044.8 2468039, 649021.8 2468026, 648998.2 2468015, 648974 2468005, 648949.3 2467996, 648924.2 2467989, 648898.8 2467983, 648873 2467978, 648847.1 2467974, 648821 2467972, 648794.8 2467972, 648768.6 2467972, 648742.5 2467974, 648716.6 2467978, 648690.9 2467983, 648665.4 2467989, 648640.3 2467996, 648615.6 2468005, 648591.4 2468015, 648567.8 2468026, 648544.8 2468039, 648522.5 2468052, 648500.9 2468067, 648480.1 2468083, 648460.2 2468100, 648441.3 2468118, 648423.2 2468137, 648406.2 2468157, 648390.3 2468178, 648375.5 2468199, 648361.8 2468222, 648349.3 2468245, 648338 2468268, 648328 2468292, 648319.3 2468317, 648311.8 2468342, 648305.7 2468368, 648301 2468393, 648297.5 2468419, 648295.5 2468445, 648294.8 2468472, 648295.5 2468498, 648297.5 2468524, 648301 2468550, 648305.7 2468576, 648311.8 2468601, 648319.3 2468626, 648328 2468651, 648338 2468675, 648349.3 2468699, 648361.8 2468722, 648375.5 2468744, 648390.3 2468766, 648406.2 2468786, 648423.2 2468806, 648441.3 2468825, 648460.2 2468843, 648480.1 2468860, 648500.9 2468876, 648522.5 2468891, 648544.8 2468905, 648567.8 2468917, 648591.4 2468928, 648615.6 2468938, 648640.3 2468947, 648665.4 2468955, 648690.9 2468961, 648716.6 2468965, 648742.5 2468969, 648768.6 2468971, 648794.8 2468972, 648821 2468971, 648847.1 2468969, 648873 2468965, 648898.8 2468961, 648924.2 2468955, 648949.3 2468947, 648974 2468938, 648998.2 2468928, 649021.8 2468917, 649044.8 2468905, 649067.1 2468891, 649088.7 2468876, 649109.5 2468860, 649129.4 2468843, 649148.4 2468825, 649166.4 2468806, 649183.4 2468786, 649199.3 2468766, 649214.1 2468744, 649227.8 2468722, 649240.3 2468699, 649251.6 2468675, 649261.6 2468651, 649270.3 2468626, 649277.8 2468601, 649283.9 2468576, 649288.7 2468550, 649292.1 2468524, 649294.1 2468498, 649294.8 2468472))"
41,20260550,Forest,4113.793103448276,31.558234800298017,3.1961620469083156,1,Hani,土葬,无,0,1,0,390,287.2401910152399,1014.4350748485687,1317.219970703125,8.956334114074707,41.65077423438458,785039.3371582031,0,0.30268031555808417,1,60,0,0,153507.80181884766,0.1955415411086749,0,1,0.7472094404340517,0.6645886337624435,8.322100778099534,3.4518345628639535,1.1619507296563183,"POLYGON ((653544.8 2466139, 653544.1 2466113, 653542 2466087, 653538.6 2466061, 653533.8 2466035, 653527.7 2466010, 653520.3 2465985, 653511.5 2465960, 653501.5 2465936, 653490.3 2465912, 653477.8 2465889, 653464.1 2465867, 653449.3 2465845, 653433.3 2465825, 653416.3 2465805, 653398.3 2465786, 653379.3 2465768, 653359.4 2465751, 653338.6 2465735, 653317.1 2465720, 653294.8 2465706, 653271.7 2465694, 653248.1 2465682, 653223.9 2465672, 653199.3 2465664, 653174.2 2465656, 653148.7 2465650, 653123 2465645, 653097 2465642, 653070.9 2465640, 653044.8 2465639, 653018.6 2465640, 652992.5 2465642, 652966.5 2465645, 652940.8 2465650, 652915.3 2465656, 652890.2 2465664, 652865.6 2465672, 652841.4 2465682, 652817.8 2465694, 652794.8 2465706, 652772.4 2465720, 652750.9 2465735, 652730.1 2465751, 652710.2 2465768, 652691.2 2465786, 652673.2 2465805, 652656.2 2465825, 652640.2 2465845, 652625.4 2465867, 652611.7 2465889, 652599.2 2465912, 652588 2465936, 652578 2465960, 652569.2 2465985, 652561.8 2466010, 652555.7 2466035, 652550.9 2466061, 652547.5 2466087, 652545.4 2466113, 652544.8 2466139, 652545.4 2466165, 652547.5 2466192, 652550.9 2466217, 652555.7 2466243, 652561.8 2466269, 652569.2 2466294, 652578 2466318, 652588 2466343, 652599.2 2466366, 652611.7 2466389, 652625.4 2466412, 652640.2 2466433, 652656.2 2466454, 652673.2 2466474, 652691.2 2466493, 652710.2 2466511, 652730.1 2466528, 652750.9 2466544, 652772.4 2466559, 652794.8 2466572, 652817.8 2466585, 652841.4 2466596, 652865.6 2466606, 652890.2 2466615, 652915.3 2466622, 652940.8 2466628, 652966.5 2466633, 652992.5 2466637, 653018.6 2466639, 653044.8 2466639, 653070.9 2466639, 653097 2466637, 653123 2466633, 653148.7 2466628, 653174.2 2466622, 653199.3 2466615, 653223.9 2466606, 653248.1 2466596, 653271.7 2466585, 653294.8 2466572, 653317.1 2466559, 653338.6 2466544, 653359.4 2466528, 653379.3 2466511, 653398.3 2466493, 653416.3 2466474, 653433.3 2466454, 653449.3 2466433, 653464.1 2466412, 653477.8 2466389, 653490.3 2466366, 653501.5 2466343, 653511.5 2466318, 653520.3 2466294, 653527.7 2466269, 653533.8 2466243, 653538.6 2466217, 653542 2466192, 653544.1 2466165, 653544.8 2466139))"
41,20260550,Forest,4113.793103448276,31.558234800298017,3.1961620469083156,1,Hani,土葬,无,0,1,0,392,563.0333812541395,1692.0497695546267,1331.08837890625,8.942450523376465,33.29755192967498,785039.3371582031,0,0.2077106260828696,1,61,0,0,338190.05126953125,0.43079376441664646,0,1,0.8358308186415188,0.5489871060499041,8.322100778099534,3.4518345628639535,1.1619507296563183,"POLYGON ((651142.6 2466052, 651141.9 2466026, 651139.8 2466000, 651136.4 2465974, 651131.6 2465948, 651125.5 2465923, 651118.1 2465898, 651109.4 2465873, 651099.3 2465849, 651088.1 2465825, 651075.6 2465802, 651061.9 2465780, 651047.1 2465759, 651031.1 2465738, 651014.1 2465718, 650996.1 2465699, 650977.1 2465681, 650957.2 2465664, 650936.5 2465648, 650914.9 2465633, 650892.6 2465619, 650869.6 2465607, 650845.9 2465596, 650821.7 2465586, 650797.1 2465577, 650772 2465569, 650746.5 2465563, 650720.8 2465559, 650694.8 2465555, 650668.7 2465553, 650642.6 2465552, 650616.4 2465553, 650590.3 2465555, 650564.3 2465559, 650538.6 2465563, 650513.2 2465569, 650488.1 2465577, 650463.4 2465586, 650439.2 2465596, 650415.6 2465607, 650392.6 2465619, 650370.2 2465633, 650348.7 2465648, 650327.9 2465664, 650308 2465681, 650289 2465699, 650271 2465718, 650254 2465738, 650238.1 2465759, 650223.2 2465780, 650209.6 2465802, 650197.1 2465825, 650185.8 2465849, 650175.8 2465873, 650167 2465898, 650159.6 2465923, 650153.5 2465948, 650148.7 2465974, 650145.3 2466000, 650143.2 2466026, 650142.6 2466052, 650143.2 2466079, 650145.3 2466105, 650148.7 2466131, 650153.5 2466156, 650159.6 2466182, 650167 2466207, 650175.8 2466232, 650185.8 2466256, 650197.1 2466279, 650209.6 2466302, 650223.2 2466325, 650238.1 2466346, 650254 2466367, 650271 2466387, 650289 2466406, 650308 2466424, 650327.9 2466441, 650348.7 2466457, 650370.2 2466472, 650392.6 2466485, 650415.6 2466498, 650439.2 2466509, 650463.4 2466519, 650488.1 2466528, 650513.2 2466535, 650538.6 2466542, 650564.3 2466546, 650590.3 2466550, 650616.4 2466552, 650642.6 2466552, 650668.7 2466552, 650694.8 2466550, 650720.8 2466546, 650746.5 2466542, 650772 2466535, 650797.1 2466528, 650821.7 2466519, 650845.9 2466509, 650869.6 2466498, 650892.6 2466485, 650914.9 2466472, 650936.5 2466457, 650957.2 2466441, 650977.1 2466424, 650996.1 2466406, 651014.1 2466387, 651031.1 2466367, 651047.1 2466346, 651061.9 2466325, 651075.6 2466302, 651088.1 2466279, 651099.3 2466256, 651109.4 2466232, 651118.1 2466207, 651125.5 2466182, 651131.6 2466156, 651136.4 2466131, 651139.8 2466105, 651141.9 2466079, 651142.6 2466052))"
41,20260550,Forest,2450.16501650165,57.28017654528843,3.139765952748951,1,Hani,土葬,无,0,1,0,397,395.29355021555006,583.1332977343492,1611.177734375,9.163010597229004,55.654555887207685,785039.3371582031,0,0.2967643643046646,1,66,0,0,268657.11364746094,0.3422212122770613,0,1,0.5641810909772789,0.8256510743550737,7.803910654944759,4.047954604793039,1.144148259801018,"POLYGON ((643317.3 2407567, 643316.6 2407541, 643314.5 2407515, 643311.1 2407489, 643306.4 2407463, 643300.2 2407438, 643292.8 2407413, 643284.1 2407388, 643274.1 2407364, 643262.8 2407340, 643250.3 2407317, 643236.6 2407295, 643221.8 2407273, 643205.9 2407253, 643188.9 2407233, 643170.8 2407214, 643151.8 2407196, 643131.9 2407179, 643111.2 2407163, 643089.6 2407148, 643067.3 2407134, 643044.3 2407122, 643020.7 2407110, 642996.5 2407100, 642971.8 2407092, 642946.7 2407084, 642921.2 2407078, 642895.5 2407073, 642869.5 2407070, 642843.5 2407068, 642817.3 2407067, 642791.1 2407068, 642765 2407070, 642739.1 2407073, 642713.3 2407078, 642687.9 2407084, 642662.8 2407092, 642638.1 2407100, 642613.9 2407110, 642590.3 2407122, 642567.3 2407134, 642545 2407148, 642523.4 2407163, 642502.6 2407179, 642482.7 2407196, 642463.7 2407214, 642445.7 2407233, 642428.7 2407253, 642412.8 2407273, 642397.9 2407295, 642384.3 2407317, 642371.8 2407340, 642360.5 2407364, 642350.5 2407388, 642341.8 2407413, 642334.3 2407438, 642328.2 2407463, 642323.4 2407489, 642320 2407515, 642318 2407541, 642317.3 2407567, 642318 2407593, 642320 2407620, 642323.4 2407645, 642328.2 2407671, 642334.3 2407697, 642341.8 2407722, 642350.5 2407746, 642360.5 2407771, 642371.8 2407794, 642384.3 2407817, 642397.9 2407840, 642412.8 2407861, 642428.7 2407882, 642445.7 2407902, 642463.7 2407921, 642482.7 2407939, 642502.6 2407956, 642523.4 2407972, 642545 2407987, 642567.3 2408000, 642590.3 2408013, 642613.9 2408024, 642638.1 2408034, 642662.8 2408043, 642687.9 2408050, 642713.3 2408056, 642739.1 2408061, 642765 2408065, 642791.1 2408067, 642817.3 2408067, 642843.5 2408067, 642869.5 2408065, 642895.5 2408061, 642921.2 2408056, 642946.7 2408050, 642971.8 2408043, 642996.5 2408034, 643020.7 2408024, 643044.3 2408013, 643067.3 2408000, 643089.6 2407987, 643111.2 2407972, 643131.9 2407956, 643151.8 2407939, 643170.8 2407921, 643188.9 2407902, 643205.9 2407882, 643221.8 2407861, 643236.6 2407840, 643250.3 2407817, 643262.8 2407794, 643274.1 2407771, 643284.1 2407746, 643292.8 2407722, 643300.2 2407697, 643306.4 2407671, 643311.1 2407645, 643314.5 2407620, 643316.6 2407593, 643317.3 2407567))"
41,20260550,Forest,2450.16501650165,57.28017654528843,3.139765952748951,1,Hani,土葬,无,0,1,0,398,136.14342044330456,432.67173195185643,1623.660888671875,11.858251571655273,4.815313047371954,768337.53662109375,0,0.15950459725561197,1,67,120577.12097167969,0.15693248764330825,148176.96075439453,0.1928539914970575,0,1,0.9964704596608417,0.08394416610647142,7.803910654944759,4.047954604793039,1.144148259801018,"POLYGON ((645094.5 2408098, 645093.8 2408072, 645091.8 2408045, 645088.4 2408020, 645083.6 2407994, 645077.5 2407968, 645070 2407943, 645061.3 2407919, 645051.3 2407894, 645040 2407871, 645027.5 2407848, 645013.8 2407825, 644999 2407804, 644983.1 2407783, 644966.1 2407763, 644948.1 2407744, 644929.1 2407726, 644909.2 2407709, 644888.4 2407693, 644866.8 2407678, 644844.5 2407665, 644821.5 2407652, 644797.9 2407641, 644773.7 2407631, 644749 2407622, 644723.9 2407615, 644698.5 2407609, 644672.7 2407604, 644646.8 2407600, 644620.7 2407598, 644594.5 2407598, 644568.3 2407598, 644542.2 2407600, 644516.3 2407604, 644490.6 2407609, 644465.1 2407615, 644440 2407622, 644415.3 2407631, 644391.1 2407641, 644367.5 2407652, 644344.5 2407665, 644322.2 2407678, 644300.6 2407693, 644279.8 2407709, 644259.9 2407726, 644241 2407744, 644222.9 2407763, 644205.9 2407783, 644190 2407804, 644175.2 2407825, 644161.5 2407848, 644149 2407871, 644137.7 2407894, 644127.7 2407919, 644119 2407943, 644111.5 2407968, 644105.4 2407994, 644100.7 2408020, 644097.2 2408045, 644095.2 2408072, 644094.5 2408098, 644095.2 2408124, 644097.2 2408150, 644100.7 2408176, 644105.4 2408202, 644111.5 2408227, 644119 2408252, 644127.7 2408277, 644137.7 2408301, 644149 2408325, 644161.5 2408348, 644175.2 2408370, 644190 2408392, 644205.9 2408412, 644222.9 2408432, 644241 2408451, 644259.9 2408469, 644279.8 2408486, 644300.6 2408502, 644322.2 2408517, 644344.5 2408531, 644367.5 2408543, 644391.1 2408555, 644415.3 2408565, 644440 2408573, 644465.1 2408581, 644490.6 2408587, 644516.3 2408592, 644542.2 2408595, 644568.3 2408597, 644594.5 2408598, 644620.7 2408597, 644646.8 2408595, 644672.7 2408592, 644698.5 2408587, 644723.9 2408581, 644749 2408573, 644773.7 2408565, 644797.9 2408555, 644821.5 2408543, 644844.5 2408531, 644866.8 2408517, 644888.4 2408502, 644909.2 2408486, 644929.1 2408469, 644948.1 2408451, 644966.1 2408432, 644983.1 2408412, 644999 2408392, 645013.8 2408370, 645027.5 2408348, 645040 2408325, 645051.3 2408301, 645061.3 2408277, 645070 2408252, 645077.5 2408227, 645083.6 2408202, 645088.4 2408176, 645091.8 2408150, 645093.8 2408124, 645094.5 2408098))"
41,20260550,Forest,4496.109318656291,53.343051017456666,0.9828130480533146,1,Hani,土葬,无,0,1,0,418,193.2162715840572,2235.4652851057563,732.76934814453125,7.574898719787598,35.98548891576778,149374.58038330078,88925.33798217773,0.3458711401623434,1,70,118622.17254638672,0.7941255616718572,10286.514472961426,0.06886388866543319,0,1,0.8091658345626792,0.5875803367850927,8.410967705925682,3.9767437165454274,-0.01733636201571971,"POLYGON ((669277.3 2378017, 669276.6 2377991, 669274.6 2377965, 669271.1 2377939, 669266.4 2377913, 669260.3 2377888, 669252.8 2377862, 669244.1 2377838, 669234.1 2377814, 669222.8 2377790, 669210.3 2377767, 669196.6 2377745, 669181.8 2377723, 669165.9 2377702, 669148.9 2377682, 669130.9 2377663, 669111.9 2377645, 669092 2377628, 669071.2 2377612, 669049.6 2377598, 669027.3 2377584, 669004.3 2377571, 668980.7 2377560, 668956.5 2377550, 668931.8 2377541, 668906.7 2377534, 668881.3 2377528, 668855.5 2377523, 668829.6 2377520, 668803.5 2377518, 668777.3 2377517, 668751.1 2377518, 668725 2377520, 668699.1 2377523, 668673.3 2377528, 668647.9 2377534, 668622.8 2377541, 668598.1 2377550, 668573.9 2377560, 668550.3 2377571, 668527.3 2377584, 668505 2377598, 668483.4 2377612, 668462.6 2377628, 668442.7 2377645, 668423.8 2377663, 668405.7 2377682, 668388.7 2377702, 668372.8 2377723, 668358 2377745, 668344.3 2377767, 668331.8 2377790, 668320.5 2377814, 668310.5 2377838, 668301.8 2377862, 668294.3 2377888, 668288.2 2377913, 668283.5 2377939, 668280 2377965, 668278 2377991, 668277.3 2378017, 668278 2378043, 668280 2378069, 668283.5 2378095, 668288.2 2378121, 668294.3 2378146, 668301.8 2378171, 668310.5 2378196, 668320.5 2378220, 668331.8 2378244, 668344.3 2378267, 668358 2378289, 668372.8 2378311, 668388.7 2378332, 668405.7 2378352, 668423.8 2378371, 668442.7 2378389, 668462.6 2378406, 668483.4 2378421, 668505 2378436, 668527.3 2378450, 668550.3 2378462, 668573.9 2378474, 668598.1 2378484, 668622.8 2378493, 668647.9 2378500, 668673.3 2378506, 668699.1 2378511, 668725 2378514, 668751.1 2378516, 668777.3 2378517, 668803.5 2378516, 668829.6 2378514, 668855.5 2378511, 668881.3 2378506, 668906.7 2378500, 668931.8 2378493, 668956.5 2378484, 668980.7 2378474, 669004.3 2378462, 669027.3 2378450, 669049.6 2378436, 669071.2 2378421, 669092 2378406, 669111.9 2378389, 669130.9 2378371, 669148.9 2378352, 669165.9 2378332, 669181.8 2378311, 669196.6 2378289, 669210.3 2378267, 669222.8 2378244, 669234.1 2378220, 669244.1 2378196, 669252.8 2378171, 669260.3 2378146, 669266.4 2378121, 669271.1 2378095, 669274.6 2378069, 669276.6 2378043, 669277.3 2378017))"
41,20260550,Forest,3589.865249572974,26.95010593000912,0.75059382422802845,1,Hani,土葬,无,0,1,0,475,194.29025417554558,316.87091862546055,1244.9586181640625,14.651897430419922,36.26634944982148,785039.3371582031,0,0.14616628858886743,1,71,0,0,0,0,0,1,0.8062758402058622,0.5915397446497834,8.18586994583998,3.2939872279598648,-0.2868906200954694,"POLYGON ((665401.6 2389078, 665400.9 2389052, 665398.8 2389026, 665395.4 2389000, 665390.6 2388974, 665384.5 2388948, 665377.1 2388923, 665368.3 2388899, 665358.3 2388874, 665347.1 2388851, 665334.6 2388828, 665320.9 2388806, 665306.1 2388784, 665290.1 2388763, 665273.1 2388743, 665255.1 2388724, 665236.1 2388706, 665216.2 2388689, 665195.4 2388673, 665173.9 2388659, 665151.6 2388645, 665128.6 2388632, 665104.9 2388621, 665080.7 2388611, 665056.1 2388602, 665031 2388595, 665005.5 2388589, 664979.8 2388584, 664953.8 2388581, 664927.7 2388579, 664901.6 2388578, 664875.4 2388579, 664849.3 2388581, 664823.3 2388584, 664797.6 2388589, 664772.1 2388595, 664747 2388602, 664722.4 2388611, 664698.2 2388621, 664674.6 2388632, 664651.6 2388645, 664629.2 2388659, 664607.7 2388673, 664586.9 2388689, 664567 2388706, 664548 2388724, 664530 2388743, 664513 2388763, 664497 2388784, 664482.2 2388806, 664468.5 2388828, 664456.1 2388851, 664444.8 2388874, 664434.8 2388899, 664426 2388923, 664418.6 2388948, 664412.5 2388974, 664407.7 2389000, 664404.3 2389026, 664402.2 2389052, 664401.6 2389078, 664402.2 2389104, 664404.3 2389130, 664407.7 2389156, 664412.5 2389182, 664418.6 2389207, 664426 2389232, 664434.8 2389257, 664444.8 2389281, 664456.1 2389305, 664468.5 2389328, 664482.2 2389350, 664497 2389372, 664513 2389392, 664530 2389412, 664548 2389431, 664567 2389449, 664586.9 2389466, 664607.7 2389482, 664629.2 2389497, 664651.6 2389511, 664674.6 2389523, 664698.2 2389535, 664722.4 2389545, 664747 2389553, 664772.1 2389561, 664797.6 2389567, 664823.3 2389572, 664849.3 2389575, 664875.4 2389577, 664901.6 2389578, 664927.7 2389577, 664953.8 2389575, 664979.8 2389572, 665005.5 2389567, 665031 2389561, 665056.1 2389553, 665080.7 2389545, 665104.9 2389535, 665128.6 2389523, 665151.6 2389511, 665173.9 2389497, 665195.4 2389482, 665216.2 2389466, 665236.1 2389449, 665255.1 2389431, 665273.1 2389412, 665290.1 2389392, 665306.1 2389372, 665320.9 2389350, 665334.6 2389328, 665347.1 2389305, 665358.3 2389281, 665368.3 2389257, 665377.1 2389232, 665384.5 2389207, 665390.6 2389182, 665395.4 2389156, 665398.8 2389130, 665400.9 2389104, 665401.6 2389078))"
41,20260550,Forest,3378.2501423420003,27.32013936280332,2.0710014947683106,1,Hani,土葬,无,0,1,0,479,188.9912594240685,344.0514635065004,1412.9964599609375,15.742851257324219,94.38316074990014,785039.3371582031,0,0.1344421565987847,1,72,0,0,0,0,0,1,-0.07642599065700698,0.9970752569149909,8.125113145053028,3.3076241358170795,0.7280323041748045,"POLYGON ((663128.6 2408446, 663127.9 2408420, 663125.8 2408394, 663122.4 2408368, 663117.7 2408342, 663111.5 2408317, 663104.1 2408292, 663095.4 2408267, 663085.4 2408243, 663074.1 2408219, 663061.6 2408196, 663047.9 2408174, 663033.1 2408152, 663017.2 2408132, 663000.2 2408112, 662982.1 2408093, 662963.1 2408075, 662943.2 2408058, 662922.5 2408042, 662900.9 2408027, 662878.6 2408013, 662855.6 2408001, 662831.9 2407990, 662807.8 2407979, 662783.1 2407971, 662758 2407963, 662732.5 2407957, 662706.8 2407952, 662680.8 2407949, 662654.7 2407947, 662628.6 2407946, 662602.4 2407947, 662576.3 2407949, 662550.4 2407952, 662524.6 2407957, 662499.2 2407963, 662474.1 2407971, 662449.4 2407979, 662425.2 2407990, 662401.6 2408001, 662378.6 2408013, 662356.3 2408027, 662334.7 2408042, 662313.9 2408058, 662294 2408075, 662275 2408093, 662257 2408112, 662240 2408132, 662224.1 2408152, 662209.2 2408174, 662195.6 2408196, 662183.1 2408219, 662171.8 2408243, 662161.8 2408267, 662153.1 2408292, 662145.6 2408317, 662139.5 2408342, 662134.7 2408368, 662131.3 2408394, 662129.3 2408420, 662128.6 2408446, 662129.3 2408472, 662131.3 2408499, 662134.7 2408525, 662139.5 2408550, 662145.6 2408576, 662153.1 2408601, 662161.8 2408625, 662171.8 2408650, 662183.1 2408673, 662195.6 2408696, 662209.2 2408719, 662224.1 2408740, 662240 2408761, 662257 2408781, 662275 2408800, 662294 2408818, 662313.9 2408835, 662334.7 2408851, 662356.3 2408866, 662378.6 2408879, 662401.6 2408892, 662425.2 2408903, 662449.4 2408913, 662474.1 2408922, 662499.2 2408929, 662524.6 2408935, 662550.4 2408940, 662576.3 2408944, 662602.4 2408946, 662628.6 2408946, 662654.7 2408946, 662680.8 2408944, 662706.8 2408940, 662732.5 2408935, 662758 2408929, 662783.1 2408922, 662807.8 2408913, 662831.9 2408903, 662855.6 2408892, 662878.6 2408879, 662900.9 2408866, 662922.5 2408851, 662943.2 2408835, 662963.1 2408818, 662982.1 2408800, 663000.2 2408781, 663017.2 2408761, 663033.1 2408740, 663047.9 2408719, 663061.6 2408696, 663074.1 2408673, 663085.4 2408650, 663095.4 2408625, 663104.1 2408601, 663111.5 2408576, 663117.7 2408550, 663122.4 2408525, 663125.8 2408499, 663127.9 2408472, 663128.6 2408446))"
41,20260550,Forest,2715.8853672423606,19.408732153463,0.688783570300158,1,Hani,土葬,无,0,1,0,481,693.1200311321438,1468.9765778581254,850.31085205078125,10.121733665466309,166.0766108190429,144714.28985595703,319754.36096191406,0.24803239557795534,1,74,87421.53625488281,0.6040974691711427,4453.003835678101,0.03077100291968711,0,1,-0.9706183352366082,0.24062428660157154,7.906873281323348,2.9657230758029596,-0.3728281787951418,"POLYGON ((668970.4 2396529, 668969.7 2396503, 668967.7 2396477, 668964.2 2396451, 668959.5 2396425, 668953.4 2396399, 668945.9 2396374, 668937.2 2396350, 668927.2 2396325, 668915.9 2396302, 668903.4 2396279, 668889.7 2396256, 668874.9 2396235, 668859 2396214, 668842 2396194, 668824 2396175, 668805 2396157, 668785.1 2396140, 668764.3 2396124, 668742.7 2396109, 668720.4 2396096, 668697.4 2396083, 668673.8 2396072, 668649.6 2396062, 668624.9 2396053, 668599.8 2396046, 668574.4 2396040, 668548.6 2396035, 668522.7 2396032, 668496.6 2396029, 668470.4 2396029, 668444.2 2396029, 668418.1 2396032, 668392.2 2396035, 668366.4 2396040, 668341 2396046, 668315.9 2396053, 668291.2 2396062, 668267 2396072, 668243.4 2396083, 668220.4 2396096, 668198.1 2396109, 668176.5 2396124, 668155.7 2396140, 668135.8 2396157, 668116.8 2396175, 668098.8 2396194, 668081.8 2396214, 668065.9 2396235, 668051.1 2396256, 668037.4 2396279, 668024.9 2396302, 668013.6 2396325, 668003.6 2396350, 667994.9 2396374, 667987.4 2396399, 667981.3 2396425, 667976.6 2396451, 667973.1 2396477, 667971.1 2396503, 667970.4 2396529, 667971.1 2396555, 667973.1 2396581, 667976.6 2396607, 667981.3 2396633, 667987.4 2396658, 667994.9 2396683, 668003.6 2396708, 668013.6 2396732, 668024.9 2396756, 668037.4 2396779, 668051.1 2396801, 668065.9 2396823, 668081.8 2396843, 668098.8 2396863, 668116.8 2396882, 668135.8 2396900, 668155.7 2396917, 668176.5 2396933, 668198.1 2396948, 668220.4 2396962, 668243.4 2396974, 668267 2396986, 668291.2 2396996, 668315.9 2397004, 668341 2397012, 668366.4 2397018, 668392.2 2397023, 668418.1 2397026, 668444.2 2397028, 668470.4 2397029, 668496.6 2397028, 668522.7 2397026, 668548.6 2397023, 668574.4 2397018, 668599.8 2397012, 668624.9 2397004, 668649.6 2396996, 668673.8 2396986, 668697.4 2396974, 668720.4 2396962, 668742.7 2396948, 668764.3 2396933, 668785.1 2396917, 668805 2396900, 668824 2396882, 668842 2396863, 668859 2396843, 668874.9 2396823, 668889.7 2396801, 668903.4 2396779, 668915.9 2396756, 668927.2 2396732, 668937.2 2396708, 668945.9 2396683, 668953.4 2396658, 668959.5 2396633, 668964.2 2396607, 668967.7 2396581, 668969.7 2396555, 668970.4 2396529))"
41,20260550,Forest,2427.4055798064146,44.86582602524312,1.2636412749864938,1,Hani,土葬,无,0,1,0,482,212.11273118546268,356.90448981477255,1105.25537109375,16.525306701660156,304.0929233921788,785039.3371582031,0,0.06444202155636194,1,75,45600.746154785156,0.058087211680190716,38239.82734680176,0.04871071491172368,0,1,0.5605367164673037,-0.8281295728882367,7.794578303345739,3.8036763919311,0.23399745401068153,"POLYGON ((686905.5 2391879, 686904.8 2391853, 686902.7 2391827, 686899.3 2391801, 686894.6 2391775, 686888.5 2391750, 686881 2391725, 686872.3 2391700, 686862.3 2391676, 686851 2391652, 686838.5 2391629, 686824.8 2391607, 686810 2391585, 686794.1 2391565, 686777.1 2391545, 686759 2391526, 686740.1 2391508, 686720.1 2391491, 686699.4 2391475, 686677.8 2391460, 686655.5 2391446, 686632.5 2391434, 686608.9 2391422, 686584.7 2391412, 686560 2391404, 686534.9 2391396, 686509.4 2391390, 686483.7 2391385, 686457.8 2391382, 686431.7 2391380, 686405.5 2391379, 686379.3 2391380, 686353.2 2391382, 686327.3 2391385, 686301.5 2391390, 686276.1 2391396, 686251 2391404, 686226.3 2391412, 686202.1 2391422, 686178.5 2391434, 686155.5 2391446, 686133.2 2391460, 686111.6 2391475, 686090.8 2391491, 686070.9 2391508, 686051.9 2391526, 686033.9 2391545, 686016.9 2391565, 686001 2391585, 685986.2 2391607, 685972.5 2391629, 685960 2391652, 685948.7 2391676, 685938.7 2391700, 685930 2391725, 685922.5 2391750, 685916.4 2391775, 685911.6 2391801, 685908.2 2391827, 685906.2 2391853, 685905.5 2391879, 685906.2 2391905, 685908.2 2391931, 685911.6 2391957, 685916.4 2391983, 685922.5 2392009, 685930 2392034, 685938.7 2392058, 685948.7 2392083, 685960 2392106, 685972.5 2392129, 685986.2 2392152, 686001 2392173, 686016.9 2392194, 686033.9 2392214, 686051.9 2392233, 686070.9 2392251, 686090.8 2392268, 686111.6 2392284, 686133.2 2392299, 686155.5 2392312, 686178.5 2392325, 686202.1 2392336, 686226.3 2392346, 686251 2392355, 686276.1 2392362, 686301.5 2392368, 686327.3 2392373, 686353.2 2392376, 686379.3 2392379, 686405.5 2392379, 686431.7 2392379, 686457.8 2392376, 686483.7 2392373, 686509.4 2392368, 686534.9 2392362, 686560 2392355, 686584.7 2392346, 686608.9 2392336, 686632.5 2392325, 686655.5 2392312, 686677.8 2392299, 686699.4 2392284, 686720.1 2392268, 686740.1 2392251, 686759 2392233, 686777.1 2392214, 686794.1 2392194, 686810 2392173, 686824.8 2392152, 686838.5 2392129, 686851 2392106, 686862.3 2392083, 686872.3 2392058, 686881 2392034, 686888.5 2392009, 686894.6 2391983, 686899.3 2391957, 686902.7 2391931, 686904.8 2391905, 686905.5 2391879))"
41,20260550,Forest,5351.11026760296,13.711033575247699,0.13435474366529168,1,Hani,土葬,无,0,1,0,484,244.26627409575812,2017.611503479609,834.15435791015625,11.193350791931152,198.92316487236315,124221.6567993164,38923.849868774414,0.16621283517981023,1,76,100291.91665649414,0.8073625746154599,6093.289661407471,0.049051750060388845,0,1,-0.9459543206279994,-0.32429989714031676,8.585059345014134,2.6182008791533518,-2.0072716362797856,"POLYGON ((674503.2 2409695, 674502.5 2409669, 674500.5 2409643, 674497.1 2409617, 674492.3 2409591, 674486.2 2409566, 674478.8 2409541, 674470 2409516, 674460 2409492, 674448.7 2409468, 674436.2 2409445, 674422.6 2409423, 674407.7 2409401, 674391.8 2409381, 674374.8 2409361, 674356.8 2409342, 674337.8 2409324, 674317.9 2409307, 674297.1 2409291, 674275.6 2409276, 674253.2 2409262, 674230.2 2409250, 674206.6 2409239, 674182.4 2409229, 674157.7 2409220, 674132.6 2409212, 674107.2 2409206, 674081.4 2409202, 674055.5 2409198, 674029.4 2409196, 674003.2 2409195, 673977.1 2409196, 673951 2409198, 673925 2409202, 673899.3 2409206, 673873.8 2409212, 673848.7 2409220, 673824 2409229, 673799.9 2409239, 673776.2 2409250, 673753.2 2409262, 673730.9 2409276, 673709.3 2409291, 673688.6 2409307, 673668.7 2409324, 673649.7 2409342, 673631.7 2409361, 673614.7 2409381, 673598.7 2409401, 673583.9 2409423, 673570.2 2409445, 673557.7 2409468, 673546.5 2409492, 673536.4 2409516, 673527.7 2409541, 673520.3 2409566, 673514.2 2409591, 673509.4 2409617, 673506 2409643, 673503.9 2409669, 673503.2 2409695, 673503.9 2409722, 673506 2409748, 673509.4 2409774, 673514.2 2409799, 673520.3 2409825, 673527.7 2409850, 673536.4 2409875, 673546.5 2409899, 673557.7 2409922, 673570.2 2409945, 673583.9 2409968, 673598.7 2409989, 673614.7 2410010, 673631.7 2410030, 673649.7 2410049, 673668.7 2410067, 673688.6 2410084, 673709.3 2410100, 673730.9 2410115, 673753.2 2410128, 673776.2 2410141, 673799.9 2410152, 673824 2410162, 673848.7 2410171, 673873.8 2410178, 673899.3 2410184, 673925 2410189, 673951 2410193, 673977.1 2410195, 674003.2 2410195, 674029.4 2410195, 674055.5 2410193, 674081.4 2410189, 674107.2 2410184, 674132.6 2410178, 674157.7 2410171, 674182.4 2410162, 674206.6 2410152, 674230.2 2410141, 674253.2 2410128, 674275.6 2410115, 674297.1 2410100, 674317.9 2410084, 674337.8 2410067, 674356.8 2410049, 674374.8 2410030, 674391.8 2410010, 674407.7 2409989, 674422.6 2409968, 674436.2 2409945, 674448.7 2409922, 674460 2409899, 674470 2409875, 674478.8 2409850, 674486.2 2409825, 674492.3 2409799, 674497.1 2409774, 674500.5 2409748, 674502.5 2409722, 674503.2 2409695))"
41,20260550,Forest,3378.2501423420003,27.32013936280332,2.0710014947683106,1,Hani,土葬,无,0,1,0,485,397.03024990065273,397.9180275888343,1002.3419189453125,9.796059608459473,228.65274046110062,785039.3371582031,0,0.27422557925959,1,77,361374.4445800781,0.46032654349300844,27320.68576812744,0.0348016774127864,0,1,-0.6606211119925158,-0.7507194858199512,8.125113145053028,3.3076241358170795,0.7280323041748045,"POLYGON ((668577.5 2407930, 668576.8 2407904, 668574.7 2407878, 668571.3 2407852, 668566.6 2407826, 668560.4 2407800, 668553 2407775, 668544.3 2407751, 668534.3 2407727, 668523 2407703, 668510.5 2407680, 668496.8 2407658, 668482 2407636, 668466.1 2407615, 668449.1 2407595, 668431 2407576, 668412.1 2407558, 668392.1 2407541, 668371.4 2407525, 668349.8 2407511, 668327.5 2407497, 668304.5 2407484, 668280.9 2407473, 668256.7 2407463, 668232 2407454, 668206.9 2407447, 668181.4 2407441, 668155.7 2407436, 668129.7 2407433, 668103.7 2407431, 668077.5 2407430, 668051.3 2407431, 668025.2 2407433, 667999.3 2407436, 667973.5 2407441, 667948.1 2407447, 667923 2407454, 667898.3 2407463, 667874.1 2407473, 667850.5 2407484, 667827.5 2407497, 667805.2 2407511, 667783.6 2407525, 667762.8 2407541, 667742.9 2407558, 667723.9 2407576, 667705.9 2407595, 667688.9 2407615, 667673 2407636, 667658.1 2407658, 667644.5 2407680, 667632 2407703, 667620.7 2407727, 667610.7 2407751, 667602 2407775, 667594.5 2407800, 667588.4 2407826, 667583.6 2407852, 667580.2 2407878, 667578.2 2407904, 667577.5 2407930, 667578.2 2407956, 667580.2 2407982, 667583.6 2408008, 667588.4 2408034, 667594.5 2408059, 667602 2408084, 667610.7 2408109, 667620.7 2408133, 667632 2408157, 667644.5 2408180, 667658.1 2408202, 667673 2408224, 667688.9 2408245, 667705.9 2408264, 667723.9 2408283, 667742.9 2408301, 667762.8 2408318, 667783.6 2408334, 667805.2 2408349, 667827.5 2408363, 667850.5 2408375, 667874.1 2408387, 667898.3 2408397, 667923 2408405, 667948.1 2408413, 667973.5 2408419, 667999.3 2408424, 668025.2 2408427, 668051.3 2408429, 668077.5 2408430, 668103.7 2408429, 668129.7 2408427, 668155.7 2408424, 668181.4 2408419, 668206.9 2408413, 668232 2408405, 668256.7 2408397, 668280.9 2408387, 668304.5 2408375, 668327.5 2408363, 668349.8 2408349, 668371.4 2408334, 668392.1 2408318, 668412.1 2408301, 668431 2408283, 668449.1 2408264, 668466.1 2408245, 668482 2408224, 668496.8 2408202, 668510.5 2408180, 668523 2408157, 668534.3 2408133, 668544.3 2408109, 668553 2408084, 668560.4 2408059, 668566.6 2408034, 668571.3 2408008, 668574.7 2407982, 668576.8 2407956, 668577.5 2407930))"
41,20260550,Forest,3378.2501423420003,27.32013936280332,2.0710014947683106,1,Hani,土葬,无,0,1,0,489,12.009316383494063,568.7301935158173,1469.5953369140625,9.34376049041748,249.28781697813642,785039.3371582031,0,0.22785502372022076,1,78,0,0,21261.087226867676,0.02708283040163513,0,1,-0.35367374284736336,-0.9353688489683293,8.125113145053028,3.3076241358170795,0.7280323041748045,"POLYGON ((664425.2 2410621, 664424.5 2410595, 664422.5 2410569, 664419.1 2410543, 664414.3 2410517, 664408.2 2410491, 664400.7 2410466, 664392 2410442, 664382 2410417, 664370.7 2410394, 664358.2 2410371, 664344.6 2410349, 664329.7 2410327, 664313.8 2410306, 664296.8 2410286, 664278.8 2410267, 664259.8 2410249, 664239.9 2410232, 664219.1 2410216, 664197.5 2410202, 664175.2 2410188, 664152.2 2410175, 664128.6 2410164, 664104.4 2410154, 664079.7 2410145, 664054.6 2410138, 664029.2 2410132, 664003.4 2410127, 663977.5 2410124, 663951.4 2410122, 663925.2 2410121, 663899.1 2410122, 663873 2410124, 663847 2410127, 663821.3 2410132, 663795.8 2410138, 663770.7 2410145, 663746 2410154, 663721.9 2410164, 663698.2 2410175, 663675.2 2410188, 663652.9 2410202, 663631.3 2410216, 663610.6 2410232, 663590.7 2410249, 663571.7 2410267, 663553.6 2410286, 663536.6 2410306, 663520.7 2410327, 663505.9 2410349, 663492.2 2410371, 663479.7 2410394, 663468.4 2410417, 663458.4 2410442, 663449.7 2410466, 663442.3 2410491, 663436.1 2410517, 663431.4 2410543, 663428 2410569, 663425.9 2410595, 663425.2 2410621, 663425.9 2410647, 663428 2410673, 663431.4 2410699, 663436.1 2410725, 663442.3 2410750, 663449.7 2410775, 663458.4 2410800, 663468.4 2410824, 663479.7 2410848, 663492.2 2410871, 663505.9 2410893, 663520.7 2410915, 663536.6 2410936, 663553.6 2410955, 663571.7 2410974, 663590.7 2410992, 663610.6 2411009, 663631.3 2411025, 663652.9 2411040, 663675.2 2411054, 663698.2 2411066, 663721.9 2411078, 663746 2411088, 663770.7 2411096, 663795.8 2411104, 663821.3 2411110, 663847 2411115, 663873 2411118, 663899.1 2411120, 663925.2 2411121, 663951.4 2411120, 663977.5 2411118, 664003.4 2411115, 664029.2 2411110, 664054.6 2411104, 664079.7 2411096, 664104.4 2411088, 664128.6 2411078, 664152.2 2411066, 664175.2 2411054, 664197.5 2411040, 664219.1 2411025, 664239.9 2411009, 664259.8 2410992, 664278.8 2410974, 664296.8 2410955, 664313.8 2410936, 664329.7 2410915, 664344.6 2410893, 664358.2 2410871, 664370.7 2410848, 664382 2410824, 664392 2410800, 664400.7 2410775, 664408.2 2410750, 664414.3 2410725, 664419.1 2410699, 664422.5 2410673, 664424.5 2410647, 664425.2 2410621))"
41,20260550,Forest,2427.4055798064146,44.86582602524312,1.2636412749864938,1,Hani,土葬,无,0,1,0,494,375.59216455360126,1616.3666617294316,897.57672119140625,15.67224407196045,294.4954003876207,2166.443181037903,362539.95666503906,0.0479131404071888,1,79,344.3106383085251,0.15892899537922442,1822.1327304840088,0.8410710912856983,0,1,0.41462019110305454,-0.9099945588461871,7.794578303345739,3.8036763919311,0.23399745401068153,"POLYGON ((687327.9 2396583, 687327.3 2396556, 687325.2 2396530, 687321.8 2396504, 687317 2396479, 687310.9 2396453, 687303.5 2396428, 687294.7 2396403, 687284.7 2396379, 687273.4 2396356, 687261 2396333, 687247.3 2396310, 687232.5 2396289, 687216.5 2396268, 687199.5 2396248, 687181.5 2396229, 687162.5 2396211, 687142.6 2396194, 687121.8 2396178, 687100.3 2396163, 687077.9 2396150, 687054.9 2396137, 687031.3 2396126, 687007.1 2396116, 686982.5 2396107, 686957.4 2396100, 686931.9 2396093, 686906.2 2396089, 686880.2 2396085, 686854.1 2396083, 686827.9 2396083, 686801.8 2396083, 686775.7 2396085, 686749.7 2396089, 686724 2396093, 686698.5 2396100, 686673.4 2396107, 686648.8 2396116, 686624.6 2396126, 686600.9 2396137, 686577.9 2396150, 686555.6 2396163, 686534 2396178, 686513.3 2396194, 686493.4 2396211, 686474.4 2396229, 686456.4 2396248, 686439.4 2396268, 686423.4 2396289, 686408.6 2396310, 686394.9 2396333, 686382.4 2396356, 686371.2 2396379, 686361.2 2396403, 686352.4 2396428, 686345 2396453, 686338.9 2396479, 686334.1 2396504, 686330.7 2396530, 686328.6 2396556, 686327.9 2396583, 686328.6 2396609, 686330.7 2396635, 686334.1 2396661, 686338.9 2396687, 686345 2396712, 686352.4 2396737, 686361.2 2396762, 686371.2 2396786, 686382.4 2396810, 686394.9 2396833, 686408.6 2396855, 686423.4 2396876, 686439.4 2396897, 686456.4 2396917, 686474.4 2396936, 686493.4 2396954, 686513.3 2396971, 686534 2396987, 686555.6 2397002, 686577.9 2397016, 686600.9 2397028, 686624.6 2397039, 686648.8 2397049, 686673.4 2397058, 686698.5 2397066, 686724 2397072, 686749.7 2397076, 686775.7 2397080, 686801.8 2397082, 686827.9 2397083, 686854.1 2397082, 686880.2 2397080, 686906.2 2397076, 686931.9 2397072, 686957.4 2397066, 686982.5 2397058, 687007.1 2397049, 687031.3 2397039, 687054.9 2397028, 687077.9 2397016, 687100.3 2397002, 687121.8 2396987, 687142.6 2396971, 687162.5 2396954, 687181.5 2396936, 687199.5 2396917, 687216.5 2396897, 687232.5 2396876, 687247.3 2396855, 687261 2396833, 687273.4 2396810, 687284.7 2396786, 687294.7 2396762, 687303.5 2396737, 687310.9 2396712, 687317 2396687, 687321.8 2396661, 687325.2 2396635, 687327.3 2396609, 687327.9 2396583))"
41,20260550,Forest,2427.4055798064146,44.86582602524312,1.2636412749864938,1,Hani,土葬,无,0,1,0,495,88.35062869648435,478.1823002868147,759.53582763671875,16.601594924926758,112.12007930086727,446596.76513671875,203983.9096069336,0.17024563432532408,1,80,366496.76513671875,0.820643573234395,74700,0.167264982264553,0,1,-0.3765489419065155,0.9263967262188936,7.794578303345739,3.8036763919311,0.23399745401068153,"POLYGON ((691388.6 2398619, 691387.9 2398593, 691385.8 2398567, 691382.4 2398541, 691377.6 2398515, 691371.5 2398490, 691364.1 2398465, 691355.3 2398440, 691345.3 2398416, 691334.1 2398392, 691321.6 2398369, 691307.9 2398347, 691293.1 2398325, 691277.1 2398305, 691260.1 2398285, 691242.1 2398266, 691223.1 2398248, 691203.2 2398231, 691182.4 2398215, 691160.9 2398200, 691138.6 2398186, 691115.5 2398174, 691091.9 2398162, 691067.7 2398152, 691043.1 2398144, 691018 2398136, 690992.5 2398130, 690966.8 2398125, 690940.8 2398122, 690914.7 2398120, 690888.6 2398119, 690862.4 2398120, 690836.3 2398122, 690810.3 2398125, 690784.6 2398130, 690759.1 2398136, 690734 2398144, 690709.4 2398152, 690685.2 2398162, 690661.6 2398174, 690638.6 2398186, 690616.2 2398200, 690594.7 2398215, 690573.9 2398231, 690554 2398248, 690535 2398266, 690517 2398285, 690500 2398305, 690484 2398325, 690469.2 2398347, 690455.5 2398369, 690443 2398392, 690431.8 2398416, 690421.8 2398440, 690413 2398465, 690405.6 2398490, 690399.5 2398515, 690394.7 2398541, 690391.3 2398567, 690389.2 2398593, 690388.6 2398619, 690389.2 2398645, 690391.3 2398671, 690394.7 2398697, 690399.5 2398723, 690405.6 2398749, 690413 2398774, 690421.8 2398798, 690431.8 2398823, 690443 2398846, 690455.5 2398869, 690469.2 2398892, 690484 2398913, 690500 2398934, 690517 2398954, 690535 2398973, 690554 2398991, 690573.9 2399008, 690594.7 2399024, 690616.2 2399039, 690638.6 2399052, 690661.6 2399065, 690685.2 2399076, 690709.4 2399086, 690734 2399095, 690759.1 2399102, 690784.6 2399108, 690810.3 2399113, 690836.3 2399116, 690862.4 2399119, 690888.6 2399119, 690914.7 2399119, 690940.8 2399116, 690966.8 2399113, 690992.5 2399108, 691018 2399102, 691043.1 2399095, 691067.7 2399086, 691091.9 2399076, 691115.5 2399065, 691138.6 2399052, 691160.9 2399039, 691182.4 2399024, 691203.2 2399008, 691223.1 2398991, 691242.1 2398973, 691260.1 2398954, 691277.1 2398934, 691293.1 2398913, 691307.9 2398892, 691321.6 2398869, 691334.1 2398846, 691345.3 2398823, 691355.3 2398798, 691364.1 2398774, 691371.5 2398749, 691377.6 2398723, 691382.4 2398697, 691385.8 2398671, 691387.9 2398645, 691388.6 2398619))"
41,20260550,Forest,2715.8853672423606,19.408732153463,0.688783570300158,1,Hani,土葬,无,0,1,0,497,595.1535573309174,1527.4124195304137,862.7880859375,11.232484817504883,161.32594159773186,215654.0267944336,313607.94982910156,0.210484984250362,1,82,95405.62362670898,0.44240130845157755,8100,0.03756016115442679,0,1,-0.9473553434087314,0.32018409285116695,7.906873281323348,2.9657230758029596,-0.3728281787951418,"POLYGON ((669171.5 2396331, 669170.8 2396305, 669168.7 2396279, 669165.3 2396253, 669160.5 2396227, 669154.4 2396202, 669147 2396177, 669138.2 2396152, 669128.2 2396128, 669117 2396104, 669104.5 2396081, 669090.8 2396059, 669076 2396037, 669060 2396017, 669043 2395997, 669025 2395978, 669006 2395960, 668986.1 2395943, 668965.3 2395927, 668943.8 2395912, 668921.5 2395898, 668898.4 2395886, 668874.8 2395875, 668850.6 2395865, 668826 2395856, 668800.9 2395848, 668775.4 2395842, 668749.7 2395838, 668723.7 2395834, 668697.6 2395832, 668671.5 2395831, 668645.3 2395832, 668619.2 2395834, 668593.2 2395838, 668567.5 2395842, 668542 2395848, 668516.9 2395856, 668492.3 2395865, 668468.1 2395875, 668444.5 2395886, 668421.5 2395898, 668399.1 2395912, 668377.6 2395927, 668356.8 2395943, 668336.9 2395960, 668317.9 2395978, 668299.9 2395997, 668282.9 2396017, 668266.9 2396037, 668252.1 2396059, 668238.4 2396081, 668226 2396104, 668214.7 2396128, 668204.7 2396152, 668195.9 2396177, 668188.5 2396202, 668182.4 2396227, 668177.6 2396253, 668174.2 2396279, 668172.1 2396305, 668171.5 2396331, 668172.1 2396358, 668174.2 2396384, 668177.6 2396410, 668182.4 2396435, 668188.5 2396461, 668195.9 2396486, 668204.7 2396511, 668214.7 2396535, 668226 2396558, 668238.4 2396581, 668252.1 2396604, 668266.9 2396625, 668282.9 2396646, 668299.9 2396666, 668317.9 2396685, 668336.9 2396703, 668356.8 2396720, 668377.6 2396736, 668399.1 2396751, 668421.5 2396764, 668444.5 2396777, 668468.1 2396788, 668492.3 2396798, 668516.9 2396807, 668542 2396814, 668567.5 2396820, 668593.2 2396825, 668619.2 2396829, 668645.3 2396831, 668671.5 2396831, 668697.6 2396831, 668723.7 2396829, 668749.7 2396825, 668775.4 2396820, 668800.9 2396814, 668826 2396807, 668850.6 2396798, 668874.8 2396788, 668898.4 2396777, 668921.5 2396764, 668943.8 2396751, 668965.3 2396736, 668986.1 2396720, 669006 2396703, 669025 2396685, 669043 2396666, 669060 2396646, 669076 2396625, 669090.8 2396604, 669104.5 2396581, 669117 2396558, 669128.2 2396535, 669138.2 2396511, 669147 2396486, 669154.4 2396461, 669160.5 2396435, 669165.3 2396410, 669168.7 2396384, 669170.8 2396358, 669171.5 2396331))"
41,20260550,Forest,2715.8853672423606,19.408732153463,0.688783570300158,1,Hani,土葬,无,0,1,0,498,638.3075123049401,1704.9744629260244,872.79327392578125,12.023673057556152,146.9086295369753,130476.4892578125,320620.4406738281,0.17771429689711338,1,83,47110.18867492676,0.3610626630353327,4500,0.0344889721174848,0,1,-0.8378009576281358,0.5459757827938695,7.906873281323348,2.9657230758029596,-0.3728281787951418,"POLYGON ((669432.2 2396181, 669431.5 2396155, 669429.5 2396129, 669426.1 2396103, 669421.3 2396077, 669415.2 2396052, 669407.7 2396027, 669399 2396002, 669389 2395978, 669377.7 2395954, 669365.2 2395931, 669351.5 2395909, 669336.7 2395887, 669320.8 2395866, 669303.8 2395846, 669285.8 2395828, 669266.8 2395809, 669246.9 2395792, 669226.1 2395777, 669204.5 2395762, 669182.2 2395748, 669159.2 2395736, 669135.6 2395724, 669111.4 2395714, 669086.7 2395706, 669061.6 2395698, 669036.2 2395692, 669010.4 2395687, 668984.5 2395684, 668958.4 2395682, 668932.2 2395681, 668906 2395682, 668879.9 2395684, 668854 2395687, 668828.3 2395692, 668802.8 2395698, 668777.7 2395706, 668753 2395714, 668728.8 2395724, 668705.2 2395736, 668682.2 2395748, 668659.9 2395762, 668638.3 2395777, 668617.6 2395792, 668597.6 2395809, 668578.7 2395828, 668560.6 2395846, 668543.6 2395866, 668527.7 2395887, 668512.9 2395909, 668499.2 2395931, 668486.7 2395954, 668475.4 2395978, 668465.4 2396002, 668456.7 2396027, 668449.2 2396052, 668443.1 2396077, 668438.4 2396103, 668435 2396129, 668432.9 2396155, 668432.2 2396181, 668432.9 2396207, 668435 2396233, 668438.4 2396259, 668443.1 2396285, 668449.2 2396310, 668456.7 2396336, 668465.4 2396360, 668475.4 2396384, 668486.7 2396408, 668499.2 2396431, 668512.9 2396453, 668527.7 2396475, 668543.6 2396496, 668560.6 2396516, 668578.7 2396535, 668597.6 2396553, 668617.6 2396570, 668638.3 2396586, 668659.9 2396600, 668682.2 2396614, 668705.2 2396627, 668728.8 2396638, 668753 2396648, 668777.7 2396657, 668802.8 2396664, 668828.3 2396670, 668854 2396675, 668879.9 2396678, 668906 2396680, 668932.2 2396681, 668958.4 2396680, 668984.5 2396678, 669010.4 2396675, 669036.2 2396670, 669061.6 2396664, 669086.7 2396657, 669111.4 2396648, 669135.6 2396638, 669159.2 2396627, 669182.2 2396614, 669204.5 2396600, 669226.1 2396586, 669246.9 2396570, 669266.8 2396553, 669285.8 2396535, 669303.8 2396516, 669320.8 2396496, 669336.7 2396475, 669351.5 2396453, 669365.2 2396431, 669377.7 2396408, 669389 2396384, 669399 2396360, 669407.7 2396336, 669415.2 2396310, 669421.3 2396285, 669426.1 2396259, 669429.5 2396233, 669431.5 2396207, 669432.2 2396181))"
41,20260550,Forest,7221.484152590624,50.11014177252991,0.7464285714285714,1,Hani,土葬,无,0,1,0,500,1359.0093824986786,1485.7688075812696,656.2481689453125,3.3846254348754883,250.11759124309816,8282.431411743164,92883.24508666992,0.41943676759337145,1,84,8282.431411743164,1,0,0,0,1,-0.34009084210763124,-0.9403925877603047,8.884815772062684,3.9142234181939313,-0.2924553512044386,"POLYGON ((679271.6 2391054, 679270.9 2391028, 679268.8 2391002, 679265.4 2390976, 679260.6 2390950, 679254.5 2390925, 679247.1 2390900, 679238.3 2390875, 679228.3 2390851, 679217.1 2390827, 679204.6 2390804, 679190.9 2390782, 679176.1 2390760, 679160.1 2390739, 679143.1 2390720, 679125.1 2390701, 679106.1 2390683, 679086.2 2390666, 679065.4 2390650, 679043.9 2390635, 679021.6 2390621, 678998.5 2390609, 678974.9 2390597, 678950.7 2390587, 678926.1 2390579, 678901 2390571, 678875.5 2390565, 678849.8 2390560, 678823.8 2390557, 678797.7 2390555, 678771.6 2390554, 678745.4 2390555, 678719.3 2390557, 678693.3 2390560, 678667.6 2390565, 678642.1 2390571, 678617 2390579, 678592.4 2390587, 678568.2 2390597, 678544.6 2390609, 678521.6 2390621, 678499.2 2390635, 678477.7 2390650, 678456.9 2390666, 678437 2390683, 678418 2390701, 678400 2390720, 678383 2390739, 678367 2390760, 678352.2 2390782, 678338.5 2390804, 678326.1 2390827, 678314.8 2390851, 678304.8 2390875, 678296 2390900, 678288.6 2390925, 678282.5 2390950, 678277.7 2390976, 678274.3 2391002, 678272.2 2391028, 678271.6 2391054, 678272.2 2391080, 678274.3 2391106, 678277.7 2391132, 678282.5 2391158, 678288.6 2391184, 678296 2391209, 678304.8 2391233, 678314.8 2391258, 678326.1 2391281, 678338.5 2391304, 678352.2 2391326, 678367 2391348, 678383 2391369, 678400 2391389, 678418 2391408, 678437 2391426, 678456.9 2391443, 678477.7 2391459, 678499.2 2391473, 678521.6 2391487, 678544.6 2391500, 678568.2 2391511, 678592.4 2391521, 678617 2391530, 678642.1 2391537, 678667.6 2391543, 678693.3 2391548, 678719.3 2391551, 678745.4 2391553, 678771.6 2391554, 678797.7 2391553, 678823.8 2391551, 678849.8 2391548, 678875.5 2391543, 678901 2391537, 678926.1 2391530, 678950.7 2391521, 678974.9 2391511, 678998.5 2391500, 679021.6 2391487, 679043.9 2391473, 679065.4 2391459, 679086.2 2391443, 679106.1 2391426, 679125.1 2391408, 679143.1 2391389, 679160.1 2391369, 679176.1 2391348, 679190.9 2391326, 679204.6 2391304, 679217.1 2391281, 679228.3 2391258, 679238.3 2391233, 679247.1 2391209, 679254.5 2391184, 679260.6 2391158, 679265.4 2391132, 679268.8 2391106, 679270.9 2391080, 679271.6 2391054))"
41,20260550,Forest,5944.201935851204,37.11400112648281,1.076555023923445,1,Hani,土葬,无,0,1,0,503,462.3853936814042,670.1725304289762,1306.7593994140625,13.605883598327637,51.26289837577122,785039.3371582031,0,0.14726230213283725,1,85,29460.776138305664,0.03752777057637897,9900,0.012610833026326332,0,1,0.6257478894123515,0.7800253706745618,8.69017155887759,3.613994287274111,0.07376615023960909,"POLYGON ((662409.8 2376835, 662409.1 2376809, 662407 2376783, 662403.6 2376757, 662398.8 2376731, 662392.7 2376706, 662385.3 2376681, 662376.6 2376656, 662366.5 2376632, 662355.3 2376608, 662342.8 2376585, 662329.1 2376563, 662314.3 2376541, 662298.3 2376521, 662281.3 2376501, 662263.3 2376482, 662244.3 2376464, 662224.4 2376447, 662203.7 2376431, 662182.1 2376416, 662159.8 2376402, 662136.8 2376390, 662113.1 2376378, 662088.9 2376368, 662064.3 2376360, 662039.2 2376352, 662013.7 2376346, 661988 2376341, 661962 2376338, 661935.9 2376336, 661909.8 2376335, 661883.6 2376336, 661857.5 2376338, 661831.5 2376341, 661805.8 2376346, 661780.4 2376352, 661755.3 2376360, 661730.6 2376368, 661706.4 2376378, 661682.8 2376390, 661659.8 2376402, 661637.4 2376416, 661615.9 2376431, 661595.1 2376447, 661575.2 2376464, 661556.2 2376482, 661538.2 2376501, 661521.2 2376521, 661505.3 2376541, 661490.4 2376563, 661476.8 2376585, 661464.3 2376608, 661453 2376632, 661443 2376656, 661434.2 2376681, 661426.8 2376706, 661420.7 2376731, 661415.9 2376757, 661412.5 2376783, 661410.4 2376809, 661409.8 2376835, 661410.4 2376861, 661412.5 2376887, 661415.9 2376913, 661420.7 2376939, 661426.8 2376965, 661434.2 2376990, 661443 2377014, 661453 2377039, 661464.3 2377062, 661476.8 2377085, 661490.4 2377108, 661505.3 2377129, 661521.2 2377150, 661538.2 2377170, 661556.2 2377189, 661575.2 2377207, 661595.1 2377224, 661615.9 2377240, 661637.4 2377255, 661659.8 2377268, 661682.8 2377281, 661706.4 2377292, 661730.6 2377302, 661755.3 2377311, 661780.4 2377318, 661805.8 2377324, 661831.5 2377329, 661857.5 2377332, 661883.6 2377335, 661909.8 2377335, 661935.9 2377335, 661962 2377332, 661988 2377329, 662013.7 2377324, 662039.2 2377318, 662064.3 2377311, 662088.9 2377302, 662113.1 2377292, 662136.8 2377281, 662159.8 2377268, 662182.1 2377255, 662203.7 2377240, 662224.4 2377224, 662244.3 2377207, 662263.3 2377189, 662281.3 2377170, 662298.3 2377150, 662314.3 2377129, 662329.1 2377108, 662342.8 2377085, 662355.3 2377062, 662366.5 2377039, 662376.6 2377014, 662385.3 2376990, 662392.7 2376965, 662398.8 2376939, 662403.6 2376913, 662407 2376887, 662409.1 2376861, 662409.8 2376835))"
41,20260550,Forest,11460.428923894477,26.137771089322833,1.935738444193912,1,Hani,土葬,无,0,1,0,504,250.18612045520183,1277.3054147720643,818.19451904296875,15.250861167907715,35.67139517080259,785039.3371582031,0,0.11358112321636009,1,86,538848.52294921875,0.6863968433732495,35065.8805847168,0.044667673229794126,0,1,0.8123747577203316,0.5831357072061635,9.346655417482326,3.2633814363632463,0.6604888785878961,"POLYGON ((662020 2380862, 662019.3 2380835, 662017.3 2380809, 662013.8 2380783, 662009.1 2380758, 662003 2380732, 661995.5 2380707, 661986.8 2380682, 661976.8 2380658, 661965.5 2380635, 661953 2380612, 661939.3 2380589, 661924.5 2380568, 661908.6 2380547, 661891.6 2380527, 661873.6 2380508, 661854.6 2380490, 661834.7 2380473, 661813.9 2380457, 661792.3 2380442, 661770 2380429, 661747 2380416, 661723.4 2380405, 661699.2 2380395, 661674.5 2380386, 661649.4 2380379, 661624 2380372, 661598.2 2380368, 661572.3 2380364, 661546.2 2380362, 661520 2380362, 661493.8 2380362, 661467.7 2380364, 661441.8 2380368, 661416 2380372, 661390.6 2380379, 661365.5 2380386, 661340.8 2380395, 661316.6 2380405, 661293 2380416, 661270 2380429, 661247.7 2380442, 661226.1 2380457, 661205.3 2380473, 661185.4 2380490, 661166.4 2380508, 661148.4 2380527, 661131.4 2380547, 661115.5 2380568, 661100.7 2380589, 661087 2380612, 661074.5 2380635, 661063.2 2380658, 661053.2 2380682, 661044.5 2380707, 661037 2380732, 661030.9 2380758, 661026.2 2380783, 661022.7 2380809, 661020.7 2380835, 661020 2380862, 661020.7 2380888, 661022.7 2380914, 661026.2 2380940, 661030.9 2380965, 661037 2380991, 661044.5 2381016, 661053.2 2381041, 661063.2 2381065, 661074.5 2381089, 661087 2381112, 661100.7 2381134, 661115.5 2381155, 661131.4 2381176, 661148.4 2381196, 661166.4 2381215, 661185.4 2381233, 661205.3 2381250, 661226.1 2381266, 661247.7 2381281, 661270 2381295, 661293 2381307, 661316.6 2381318, 661340.8 2381328, 661365.5 2381337, 661390.6 2381344, 661416 2381351, 661441.8 2381355, 661467.7 2381359, 661493.8 2381361, 661520 2381362, 661546.2 2381361, 661572.3 2381359, 661598.2 2381355, 661624 2381351, 661649.4 2381344, 661674.5 2381337, 661699.2 2381328, 661723.4 2381318, 661747 2381307, 661770 2381295, 661792.3 2381281, 661813.9 2381266, 661834.7 2381250, 661854.6 2381233, 661873.6 2381215, 661891.6 2381196, 661908.6 2381176, 661924.5 2381155, 661939.3 2381134, 661953 2381112, 661965.5 2381089, 661976.8 2381065, 661986.8 2381041, 661995.5 2381016, 662003 2380991, 662009.1 2380965, 662013.8 2380940, 662017.3 2380914, 662019.3 2380888, 662020 2380862))"
41,20260550,Forest,4496.109318656291,53.343051017456666,0.9828130480533146,1,Hani,土葬,无,0,1,0,507,464.21745043148854,1071.6301451021247,668.65777587890625,5.235483169555664,3.7958115698434245,2941.5056705474854,135779.21905517578,0.5246400464406923,1,87,2941.5056705474854,1,0,0,0,1,0.9978063103737987,0.06620095904310076,8.410967705925682,3.9767437165454274,-0.01733636201571971,"POLYGON ((676679 2386168, 676678.3 2386142, 676676.3 2386116, 676672.9 2386090, 676668.1 2386064, 676662 2386039, 676654.6 2386013, 676645.8 2385989, 676635.8 2385965, 676624.5 2385941, 676612 2385918, 676598.4 2385896, 676583.5 2385874, 676567.6 2385853, 676550.6 2385833, 676532.6 2385814, 676513.6 2385796, 676493.7 2385779, 676472.9 2385763, 676451.3 2385749, 676429 2385735, 676406 2385722, 676382.4 2385711, 676358.2 2385701, 676333.5 2385692, 676308.4 2385685, 676283 2385679, 676257.2 2385674, 676231.3 2385671, 676205.2 2385669, 676179 2385668, 676152.9 2385669, 676126.8 2385671, 676100.8 2385674, 676075.1 2385679, 676049.6 2385685, 676024.5 2385692, 675999.8 2385701, 675975.7 2385711, 675952 2385722, 675929 2385735, 675906.7 2385749, 675885.1 2385763, 675864.4 2385779, 675844.5 2385796, 675825.5 2385814, 675807.5 2385833, 675790.5 2385853, 675774.5 2385874, 675759.7 2385896, 675746 2385918, 675733.5 2385941, 675722.3 2385965, 675712.2 2385989, 675703.5 2386013, 675696.1 2386039, 675689.9 2386064, 675685.2 2386090, 675681.8 2386116, 675679.7 2386142, 675679 2386168, 675679.7 2386194, 675681.8 2386220, 675685.2 2386246, 675689.9 2386272, 675696.1 2386297, 675703.5 2386322, 675712.2 2386347, 675722.3 2386371, 675733.5 2386395, 675746 2386418, 675759.7 2386440, 675774.5 2386462, 675790.5 2386483, 675807.5 2386503, 675825.5 2386522, 675844.5 2386540, 675864.4 2386557, 675885.1 2386572, 675906.7 2386587, 675929 2386601, 675952 2386613, 675975.7 2386625, 675999.8 2386635, 676024.5 2386644, 676049.6 2386651, 676075.1 2386657, 676100.8 2386662, 676126.8 2386665, 676152.9 2386667, 676179 2386668, 676205.2 2386667, 676231.3 2386665, 676257.2 2386662, 676283 2386657, 676308.4 2386651, 676333.5 2386644, 676358.2 2386635, 676382.4 2386625, 676406 2386613, 676429 2386601, 676451.3 2386587, 676472.9 2386572, 676493.7 2386557, 676513.6 2386540, 676532.6 2386522, 676550.6 2386503, 676567.6 2386483, 676583.5 2386462, 676598.4 2386440, 676612 2386418, 676624.5 2386395, 676635.8 2386371, 676645.8 2386347, 676654.6 2386322, 676662 2386297, 676668.1 2386272, 676672.9 2386246, 676676.3 2386220, 676678.3 2386194, 676679 2386168))"
41,20260550,Forest,4496.109318656291,53.343051017456666,0.9828130480533146,1,Hani,土葬,无,0,1,0,509,450.57934371756306,468.4836487048066,771.97467041015625,11.681182861328125,16.89331987754553,92361.75155639648,438.3954495191574,0.25434626287152107,1,88,86961.75155639648,0.941534239996491,0,0,0,1,0.9568474705613346,0.29059063660134693,8.410967705925682,3.9767437165454274,-0.01733636201571971,"POLYGON ((675905.7 2383005, 675905 2382979, 675902.9 2382953, 675899.5 2382927, 675894.8 2382901, 675888.6 2382875, 675881.2 2382850, 675872.5 2382826, 675862.4 2382802, 675851.2 2382778, 675838.7 2382755, 675825 2382733, 675810.2 2382711, 675794.2 2382690, 675777.2 2382670, 675759.2 2382651, 675740.2 2382633, 675720.3 2382616, 675699.6 2382600, 675678 2382586, 675655.7 2382572, 675632.7 2382559, 675609 2382548, 675584.9 2382538, 675560.2 2382529, 675535.1 2382522, 675509.6 2382516, 675483.9 2382511, 675457.9 2382508, 675431.8 2382506, 675405.7 2382505, 675379.5 2382506, 675353.4 2382508, 675327.5 2382511, 675301.7 2382516, 675276.3 2382522, 675251.2 2382529, 675226.5 2382538, 675202.3 2382548, 675178.7 2382559, 675155.7 2382572, 675133.4 2382586, 675111.8 2382600, 675091 2382616, 675071.1 2382633, 675052.1 2382651, 675034.1 2382670, 675017.1 2382690, 675001.2 2382711, 674986.3 2382733, 674972.7 2382755, 674960.2 2382778, 674948.9 2382802, 674938.9 2382826, 674930.1 2382850, 674922.7 2382875, 674916.6 2382901, 674911.8 2382927, 674908.4 2382953, 674906.4 2382979, 674905.7 2383005, 674906.4 2383031, 674908.4 2383057, 674911.8 2383083, 674916.6 2383109, 674922.7 2383134, 674930.1 2383159, 674938.9 2383184, 674948.9 2383208, 674960.2 2383232, 674972.7 2383255, 674986.3 2383277, 675001.2 2383299, 675017.1 2383320, 675034.1 2383339, 675052.1 2383358, 675071.1 2383376, 675091 2383393, 675111.8 2383409, 675133.4 2383424, 675155.7 2383438, 675178.7 2383450, 675202.3 2383462, 675226.5 2383472, 675251.2 2383480, 675276.3 2383488, 675301.7 2383494, 675327.5 2383499, 675353.4 2383502, 675379.5 2383504, 675405.7 2383505, 675431.8 2383504, 675457.9 2383502, 675483.9 2383499, 675509.6 2383494, 675535.1 2383488, 675560.2 2383480, 675584.9 2383472, 675609 2383462, 675632.7 2383450, 675655.7 2383438, 675678 2383424, 675699.6 2383409, 675720.3 2383393, 675740.2 2383376, 675759.2 2383358, 675777.2 2383339, 675794.2 2383320, 675810.2 2383299, 675825 2383277, 675838.7 2383255, 675851.2 2383232, 675862.4 2383208, 675872.5 2383184, 675881.2 2383159, 675888.6 2383134, 675894.8 2383109, 675899.5 2383083, 675902.9 2383057, 675905 2383031, 675905.7 2383005))"
41,20260550,Forest,5307.45872081989,36.630721511716736,0.5234012147195427,1,Hani,土葬,无,0,1,0,511,989.6508440065328,2148.903102358881,733.846923828125,7.823856830596924,128.72015857496095,93575.56228637695,284826.708984375,0.31687272972543107,1,89,62315.421295166016,0.6659369152862479,0,0,0,1,-0.625517199197716,0.7802103777237553,8.576868416028539,3.6008872738862983,-0.6474069680642858,"POLYGON ((694013.6 2402859, 694012.9 2402833, 694010.9 2402807, 694007.5 2402781, 694002.7 2402755, 693996.6 2402729, 693989.1 2402704, 693980.4 2402680, 693970.4 2402656, 693959.1 2402632, 693946.6 2402609, 693932.9 2402587, 693918.1 2402565, 693902.2 2402544, 693885.2 2402524, 693867.2 2402505, 693848.2 2402487, 693828.3 2402470, 693807.5 2402454, 693785.9 2402440, 693763.6 2402426, 693740.6 2402413, 693717 2402402, 693692.8 2402392, 693668.1 2402383, 693643 2402376, 693617.6 2402370, 693591.8 2402365, 693565.9 2402362, 693539.8 2402360, 693513.6 2402359, 693487.4 2402360, 693461.3 2402362, 693435.4 2402365, 693409.7 2402370, 693384.2 2402376, 693359.1 2402383, 693334.4 2402392, 693310.2 2402402, 693286.6 2402413, 693263.6 2402426, 693241.3 2402440, 693219.7 2402454, 693199 2402470, 693179 2402487, 693160.1 2402505, 693142 2402524, 693125 2402544, 693109.1 2402565, 693094.3 2402587, 693080.6 2402609, 693068.1 2402632, 693056.8 2402656, 693046.8 2402680, 693038.1 2402704, 693030.6 2402729, 693024.5 2402755, 693019.8 2402781, 693016.4 2402807, 693014.3 2402833, 693013.6 2402859, 693014.3 2402885, 693016.4 2402911, 693019.8 2402937, 693024.5 2402963, 693030.6 2402988, 693038.1 2403013, 693046.8 2403038, 693056.8 2403062, 693068.1 2403086, 693080.6 2403109, 693094.3 2403131, 693109.1 2403153, 693125 2403174, 693142 2403193, 693160.1 2403212, 693179 2403230, 693199 2403247, 693219.7 2403263, 693241.3 2403278, 693263.6 2403292, 693286.6 2403304, 693310.2 2403316, 693334.4 2403326, 693359.1 2403334, 693384.2 2403342, 693409.7 2403348, 693435.4 2403353, 693461.3 2403356, 693487.4 2403358, 693513.6 2403359, 693539.8 2403358, 693565.9 2403356, 693591.8 2403353, 693617.6 2403348, 693643 2403342, 693668.1 2403334, 693692.8 2403326, 693717 2403316, 693740.6 2403304, 693763.6 2403292, 693785.9 2403278, 693807.5 2403263, 693828.3 2403247, 693848.2 2403230, 693867.2 2403212, 693885.2 2403193, 693902.2 2403174, 693918.1 2403153, 693932.9 2403131, 693946.6 2403109, 693959.1 2403086, 693970.4 2403062, 693980.4 2403038, 693989.1 2403013, 693996.6 2402988, 694002.7 2402963, 694007.5 2402937, 694010.9 2402911, 694012.9 2402885, 694013.6 2402859))"
41,20260550,Forest,3378.2501423420003,26.64581295076882,2.071001494768311,1,Hani,土葬,无,0,1,0,513,106.08826431489612,1107.1529673558716,656.91632080078125,7.99635648727417,92.544360769732,90297.59216308594,28344.661331176758,0.5387899074361471,1,90,90297.59216308594,1,0,0,0,1,-0.044392878798439776,0.9990141502060854,8.125113145053028,3.2826320257268775,0.7280323041748047,"POLYGON ((678921.6 2406458, 678920.9 2406432, 678918.9 2406406, 678915.5 2406380, 678910.7 2406354, 678904.6 2406329, 678897.2 2406304, 678888.4 2406279, 678878.4 2406255, 678867.1 2406231, 678854.6 2406208, 678841 2406186, 678826.1 2406165, 678810.2 2406144, 678793.2 2406124, 678775.2 2406105, 678756.2 2406087, 678736.3 2406070, 678715.5 2406054, 678694 2406039, 678671.6 2406025, 678648.6 2406013, 678625 2406002, 678600.8 2405992, 678576.1 2405983, 678551 2405975, 678525.6 2405969, 678499.9 2405965, 678473.9 2405961, 678447.8 2405959, 678421.6 2405958, 678395.5 2405959, 678369.4 2405961, 678343.4 2405965, 678317.7 2405969, 678292.2 2405975, 678267.1 2405983, 678242.5 2405992, 678218.3 2406002, 678194.6 2406013, 678171.6 2406025, 678149.3 2406039, 678127.7 2406054, 678107 2406070, 678087.1 2406087, 678068.1 2406105, 678050.1 2406124, 678033.1 2406144, 678017.1 2406165, 678002.3 2406186, 677988.6 2406208, 677976.1 2406231, 677964.9 2406255, 677954.8 2406279, 677946.1 2406304, 677938.7 2406329, 677932.6 2406354, 677927.8 2406380, 677924.4 2406406, 677922.3 2406432, 677921.6 2406458, 677922.3 2406485, 677924.4 2406511, 677927.8 2406537, 677932.6 2406562, 677938.7 2406588, 677946.1 2406613, 677954.8 2406638, 677964.9 2406662, 677976.1 2406685, 677988.6 2406708, 678002.3 2406731, 678017.1 2406752, 678033.1 2406773, 678050.1 2406793, 678068.1 2406812, 678087.1 2406830, 678107 2406847, 678127.7 2406863, 678149.3 2406878, 678171.6 2406891, 678194.6 2406904, 678218.3 2406915, 678242.5 2406925, 678267.1 2406934, 678292.2 2406941, 678317.7 2406948, 678343.4 2406952, 678369.4 2406956, 678395.5 2406958, 678421.6 2406958, 678447.8 2406958, 678473.9 2406956, 678499.9 2406952, 678525.6 2406948, 678551 2406941, 678576.1 2406934, 678600.8 2406925, 678625 2406915, 678648.6 2406904, 678671.6 2406891, 678694 2406878, 678715.5 2406863, 678736.3 2406847, 678756.2 2406830, 678775.2 2406812, 678793.2 2406793, 678810.2 2406773, 678826.1 2406752, 678841 2406731, 678854.6 2406708, 678867.1 2406685, 678878.4 2406662, 678888.4 2406638, 678897.2 2406613, 678904.6 2406588, 678910.7 2406562, 678915.5 2406537, 678918.9 2406511, 678920.9 2406485, 678921.6 2406458))"
41,20260550,Forest,3589.865249572974,26.95010593000912,0.75059382422802845,1,Hani,土葬,无,0,1,0,514,398.8813036616794,2406.3030288322575,737.10113525390625,10.166383743286133,136.8771649456763,7310.190296173096,105061.18469238281,0.23753977725770403,1,91,7310.190296173096,1,0,0,0,1,-0.7298899020060003,0.6835647233069237,8.18586994583998,3.2939872279598648,-0.2868906200954694,"POLYGON ((671337 2391730, 671336.3 2391704, 671334.3 2391678, 671330.9 2391652, 671326.1 2391626, 671320 2391601, 671312.5 2391575, 671303.8 2391551, 671293.8 2391527, 671282.5 2391503, 671270 2391480, 671256.3 2391458, 671241.5 2391436, 671225.6 2391415, 671208.6 2391395, 671190.6 2391376, 671171.6 2391358, 671151.7 2391341, 671130.9 2391325, 671109.3 2391311, 671087 2391297, 671064 2391284, 671040.4 2391273, 671016.2 2391263, 670991.5 2391254, 670966.4 2391247, 670941 2391241, 670915.2 2391236, 670889.3 2391233, 670863.2 2391231, 670837 2391230, 670810.8 2391231, 670784.7 2391233, 670758.8 2391236, 670733.1 2391241, 670707.6 2391247, 670682.5 2391254, 670657.8 2391263, 670633.6 2391273, 670610 2391284, 670587 2391297, 670564.7 2391311, 670543.1 2391325, 670522.3 2391341, 670502.4 2391358, 670483.5 2391376, 670465.4 2391395, 670448.4 2391415, 670432.5 2391436, 670417.7 2391458, 670404 2391480, 670391.5 2391503, 670380.2 2391527, 670370.2 2391551, 670361.5 2391575, 670354 2391601, 670347.9 2391626, 670343.2 2391652, 670339.7 2391678, 670337.7 2391704, 670337 2391730, 670337.7 2391756, 670339.7 2391782, 670343.2 2391808, 670347.9 2391834, 670354 2391859, 670361.5 2391884, 670370.2 2391909, 670380.2 2391933, 670391.5 2391957, 670404 2391980, 670417.7 2392002, 670432.5 2392024, 670448.4 2392045, 670465.4 2392064, 670483.5 2392083, 670502.4 2392101, 670522.3 2392118, 670543.1 2392134, 670564.7 2392149, 670587 2392163, 670610 2392175, 670633.6 2392187, 670657.8 2392197, 670682.5 2392205, 670707.6 2392213, 670733.1 2392219, 670758.8 2392224, 670784.7 2392227, 670810.8 2392229, 670837 2392230, 670863.2 2392229, 670889.3 2392227, 670915.2 2392224, 670941 2392219, 670966.4 2392213, 670991.5 2392205, 671016.2 2392197, 671040.4 2392187, 671064 2392175, 671087 2392163, 671109.3 2392149, 671130.9 2392134, 671151.7 2392118, 671171.6 2392101, 671190.6 2392083, 671208.6 2392064, 671225.6 2392045, 671241.5 2392024, 671256.3 2392002, 671270 2391980, 671282.5 2391957, 671293.8 2391933, 671303.8 2391909, 671312.5 2391884, 671320 2391859, 671326.1 2391834, 671330.9 2391808, 671334.3 2391782, 671336.3 2391756, 671337 2391730))"
41,20260550,Forest,5944.201935851204,37.11400112648281,1.076555023923445,1,Hani,土葬,无,0,1,0,515,629.1285300526857,2283.725645881505,744.39703369140625,11.385748863220215,166.26697484598574,297184.1857910156,31857.941436767578,0.15988537814186823,1,92,153111.70349121094,0.5152081127186269,6826.447677612305,0.02297042710883938,0,1,-0.9714124456578548,0.23739810534421996,8.69017155887759,3.613994287274111,0.07376615023960909,"POLYGON ((664394.1 2380872, 664393.5 2380846, 664391.4 2380820, 664388 2380794, 664383.2 2380768, 664377.1 2380743, 664369.7 2380718, 664360.9 2380693, 664350.9 2380669, 664339.6 2380645, 664327.2 2380622, 664313.5 2380600, 664298.7 2380578, 664282.7 2380558, 664265.7 2380538, 664247.7 2380519, 664228.7 2380501, 664208.8 2380484, 664188 2380468, 664166.5 2380453, 664144.1 2380439, 664121.1 2380427, 664097.5 2380415, 664073.3 2380405, 664048.7 2380397, 664023.6 2380389, 663998.1 2380383, 663972.4 2380378, 663946.4 2380375, 663920.3 2380373, 663894.1 2380372, 663868 2380373, 663841.9 2380375, 663815.9 2380378, 663790.2 2380383, 663764.7 2380389, 663739.6 2380397, 663715 2380405, 663690.8 2380415, 663667.1 2380427, 663644.1 2380439, 663621.8 2380453, 663600.3 2380468, 663579.5 2380484, 663559.6 2380501, 663540.6 2380519, 663522.6 2380538, 663505.6 2380558, 663489.6 2380578, 663474.8 2380600, 663461.1 2380622, 663448.6 2380645, 663437.4 2380669, 663427.4 2380693, 663418.6 2380718, 663411.2 2380743, 663405.1 2380768, 663400.3 2380794, 663396.9 2380820, 663394.8 2380846, 663394.1 2380872, 663394.8 2380898, 663396.9 2380924, 663400.3 2380950, 663405.1 2380976, 663411.2 2381002, 663418.6 2381027, 663427.4 2381051, 663437.4 2381076, 663448.6 2381099, 663461.1 2381122, 663474.8 2381145, 663489.6 2381166, 663505.6 2381187, 663522.6 2381207, 663540.6 2381226, 663559.6 2381244, 663579.5 2381261, 663600.3 2381277, 663621.8 2381292, 663644.1 2381305, 663667.1 2381318, 663690.8 2381329, 663715 2381339, 663739.6 2381348, 663764.7 2381355, 663790.2 2381361, 663815.9 2381366, 663841.9 2381369, 663868 2381372, 663894.1 2381372, 663920.3 2381372, 663946.4 2381369, 663972.4 2381366, 663998.1 2381361, 664023.6 2381355, 664048.7 2381348, 664073.3 2381339, 664097.5 2381329, 664121.1 2381318, 664144.1 2381305, 664166.5 2381292, 664188 2381277, 664208.8 2381261, 664228.7 2381244, 664247.7 2381226, 664265.7 2381207, 664282.7 2381187, 664298.7 2381166, 664313.5 2381145, 664327.2 2381122, 664339.6 2381099, 664350.9 2381076, 664360.9 2381051, 664369.7 2381027, 664377.1 2381002, 664383.2 2380976, 664388 2380950, 664391.4 2380924, 664393.5 2380898, 664394.1 2380872))"
41,20260550,Forest,5944.201935851204,37.11400112648281,1.076555023923445,1,Hani,土葬,无,0,1,0,516,96.11517767505552,1241.997860307678,1022.0092163085938,16.319705963134766,9.658383659878307,785039.3371582031,0,0.07217676587630859,1,93,341221.2615966797,0.43465498535637825,55996.79946899414,0.07132992809213778,0,1,0.9858255900023822,0.1677733771980971,8.69017155887759,3.613994287274111,0.07376615023960909,"POLYGON ((662155.4 2378678, 662154.7 2378651, 662152.7 2378625, 662149.2 2378599, 662144.5 2378574, 662138.4 2378548, 662130.9 2378523, 662122.2 2378498, 662112.2 2378474, 662100.9 2378451, 662088.4 2378428, 662074.7 2378405, 662059.9 2378384, 662044 2378363, 662027 2378343, 662008.9 2378324, 661990 2378306, 661970.1 2378289, 661949.3 2378273, 661927.7 2378258, 661905.4 2378245, 661882.4 2378232, 661858.8 2378221, 661834.6 2378211, 661809.9 2378202, 661784.8 2378195, 661759.3 2378189, 661733.6 2378184, 661707.7 2378180, 661681.6 2378178, 661655.4 2378178, 661629.2 2378178, 661603.1 2378180, 661577.2 2378184, 661551.4 2378189, 661526 2378195, 661500.9 2378202, 661476.2 2378211, 661452 2378221, 661428.4 2378232, 661405.4 2378245, 661383.1 2378258, 661361.5 2378273, 661340.7 2378289, 661320.8 2378306, 661301.8 2378324, 661283.8 2378343, 661266.8 2378363, 661250.9 2378384, 661236.1 2378405, 661222.4 2378428, 661209.9 2378451, 661198.6 2378474, 661188.6 2378498, 661179.9 2378523, 661172.4 2378548, 661166.3 2378574, 661161.5 2378599, 661158.1 2378625, 661156.1 2378651, 661155.4 2378678, 661156.1 2378704, 661158.1 2378730, 661161.5 2378756, 661166.3 2378782, 661172.4 2378807, 661179.9 2378832, 661188.6 2378857, 661198.6 2378881, 661209.9 2378905, 661222.4 2378928, 661236.1 2378950, 661250.9 2378971, 661266.8 2378992, 661283.8 2379012, 661301.8 2379031, 661320.8 2379049, 661340.7 2379066, 661361.5 2379082, 661383.1 2379097, 661405.4 2379111, 661428.4 2379123, 661452 2379134, 661476.2 2379144, 661500.9 2379153, 661526 2379161, 661551.4 2379167, 661577.2 2379171, 661603.1 2379175, 661629.2 2379177, 661655.4 2379178, 661681.6 2379177, 661707.7 2379175, 661733.6 2379171, 661759.3 2379167, 661784.8 2379161, 661809.9 2379153, 661834.6 2379144, 661858.8 2379134, 661882.4 2379123, 661905.4 2379111, 661927.7 2379097, 661949.3 2379082, 661970.1 2379066, 661990 2379049, 662008.9 2379031, 662027 2379012, 662044 2378992, 662059.9 2378971, 662074.7 2378950, 662088.4 2378928, 662100.9 2378905, 662112.2 2378881, 662122.2 2378857, 662130.9 2378832, 662138.4 2378807, 662144.5 2378782, 662149.2 2378756, 662152.7 2378730, 662154.7 2378704, 662155.4 2378678))"
41,20260550,Forest,5944.201935851204,37.11400112648281,1.076555023923445,1,Hani,土葬,无,0,1,0,517,290.72511194170295,1141.2440697829763,1023.7019653320312,16.07686424255371,324.45700529351603,785039.3371582031,0,0.05544177480457548,1,94,240603.9093017578,0.3064864369379629,54155.63163757324,0.06898460889057291,0,1,0.8136795301563737,-0.5813137037817901,8.69017155887759,3.613994287274111,0.07376615023960909,"POLYGON ((662541.9 2378635, 662541.2 2378609, 662539.1 2378583, 662535.7 2378557, 662530.9 2378531, 662524.8 2378506, 662517.4 2378481, 662508.7 2378456, 662498.6 2378432, 662487.4 2378408, 662474.9 2378385, 662461.2 2378363, 662446.4 2378341, 662430.4 2378321, 662413.4 2378301, 662395.4 2378282, 662376.4 2378264, 662356.5 2378247, 662335.8 2378231, 662314.2 2378216, 662291.9 2378202, 662268.9 2378190, 662245.2 2378179, 662221 2378169, 662196.4 2378160, 662171.3 2378152, 662145.8 2378146, 662120.1 2378141, 662094.1 2378138, 662068 2378136, 662041.9 2378135, 662015.7 2378136, 661989.6 2378138, 661963.6 2378141, 661937.9 2378146, 661912.5 2378152, 661887.4 2378160, 661862.7 2378169, 661838.5 2378179, 661814.9 2378190, 661791.9 2378202, 661769.5 2378216, 661748 2378231, 661727.2 2378247, 661707.3 2378264, 661688.3 2378282, 661670.3 2378301, 661653.3 2378321, 661637.4 2378341, 661622.5 2378363, 661608.9 2378385, 661596.4 2378408, 661585.1 2378432, 661575.1 2378456, 661566.3 2378481, 661558.9 2378506, 661552.8 2378531, 661548 2378557, 661544.6 2378583, 661542.5 2378609, 661541.9 2378635, 661542.5 2378661, 661544.6 2378688, 661548 2378714, 661552.8 2378739, 661558.9 2378765, 661566.3 2378790, 661575.1 2378814, 661585.1 2378839, 661596.4 2378862, 661608.9 2378885, 661622.5 2378908, 661637.4 2378929, 661653.3 2378950, 661670.3 2378970, 661688.3 2378989, 661707.3 2379007, 661727.2 2379024, 661748 2379040, 661769.5 2379055, 661791.9 2379068, 661814.9 2379081, 661838.5 2379092, 661862.7 2379102, 661887.4 2379111, 661912.5 2379118, 661937.9 2379124, 661963.6 2379129, 661989.6 2379133, 662015.7 2379135, 662041.9 2379135, 662068 2379135, 662094.1 2379133, 662120.1 2379129, 662145.8 2379124, 662171.3 2379118, 662196.4 2379111, 662221 2379102, 662245.2 2379092, 662268.9 2379081, 662291.9 2379068, 662314.2 2379055, 662335.8 2379040, 662356.5 2379024, 662376.4 2379007, 662395.4 2378989, 662413.4 2378970, 662430.4 2378950, 662446.4 2378929, 662461.2 2378908, 662474.9 2378885, 662487.4 2378862, 662498.6 2378839, 662508.7 2378814, 662517.4 2378790, 662524.8 2378765, 662530.9 2378739, 662535.7 2378714, 662539.1 2378688, 662541.2 2378661, 662541.9 2378635))"
41,20260550,Forest,11460.428923894477,26.137771089322833,1.935738444193912,1,Hani,土葬,无,0,1,0,519,91.81070955231884,102.11087089228856,1592.314697265625,6.135769367218018,43.052443181682584,591290.44189453125,0,0.5312099287295073,1,95,0,0,236734.88159179688,0.4003698771677818,0,1,0.7307291580266874,0.6826674868555032,9.346655417482326,3.2633814363632463,0.6604888785878961,"POLYGON ((657390.5 2376994, 657389.8 2376968, 657387.7 2376942, 657384.3 2376916, 657379.6 2376890, 657373.4 2376864, 657366 2376839, 657357.3 2376815, 657347.3 2376790, 657336 2376767, 657323.5 2376744, 657309.8 2376721, 657295 2376700, 657279.1 2376679, 657262.1 2376659, 657244 2376640, 657225 2376622, 657205.1 2376605, 657184.4 2376589, 657162.8 2376574, 657140.5 2376561, 657117.5 2376548, 657093.9 2376537, 657069.7 2376527, 657045 2376518, 657019.9 2376511, 656994.4 2376505, 656968.7 2376500, 656942.7 2376497, 656916.6 2376494, 656890.5 2376494, 656864.3 2376494, 656838.2 2376497, 656812.3 2376500, 656786.5 2376505, 656761.1 2376511, 656736 2376518, 656711.3 2376527, 656687.1 2376537, 656663.5 2376548, 656640.5 2376561, 656618.2 2376574, 656596.6 2376589, 656575.8 2376605, 656555.9 2376622, 656536.9 2376640, 656518.9 2376659, 656501.9 2376679, 656486 2376700, 656471.1 2376721, 656457.5 2376744, 656445 2376767, 656433.7 2376790, 656423.7 2376815, 656415 2376839, 656407.5 2376864, 656401.4 2376890, 656396.6 2376916, 656393.2 2376942, 656391.2 2376968, 656390.5 2376994, 656391.2 2377020, 656393.2 2377046, 656396.6 2377072, 656401.4 2377098, 656407.5 2377123, 656415 2377148, 656423.7 2377173, 656433.7 2377197, 656445 2377221, 656457.5 2377244, 656471.1 2377266, 656486 2377288, 656501.9 2377308, 656518.9 2377328, 656536.9 2377347, 656555.9 2377365, 656575.8 2377382, 656596.6 2377398, 656618.2 2377413, 656640.5 2377427, 656663.5 2377439, 656687.1 2377451, 656711.3 2377461, 656736 2377469, 656761.1 2377477, 656786.5 2377483, 656812.3 2377488, 656838.2 2377491, 656864.3 2377493, 656890.5 2377494, 656916.6 2377493, 656942.7 2377491, 656968.7 2377488, 656994.4 2377483, 657019.9 2377477, 657045 2377469, 657069.7 2377461, 657093.9 2377451, 657117.5 2377439, 657140.5 2377427, 657162.8 2377413, 657184.4 2377398, 657205.1 2377382, 657225 2377365, 657244 2377347, 657262.1 2377328, 657279.1 2377308, 657295 2377288, 657309.8 2377266, 657323.5 2377244, 657336 2377221, 657347.3 2377197, 657357.3 2377173, 657366 2377148, 657373.4 2377123, 657379.6 2377098, 657384.3 2377072, 657387.7 2377046, 657389.8 2377020, 657390.5 2376994))"
41,20260550,Forest,11460.428923894477,26.137771089322833,1.935738444193912,1,Hani,土葬,无,0,1,0,521,330.57027996099066,518.0930586422855,1627.018798828125,7.186511039733887,131.69540679656558,539098.2971191406,9900,0.4422803978739015,1,96,0,0,41093.93119812012,0.07622715823388766,0,1,-0.6651704971296956,0.7466915090907581,9.346655417482326,3.2633814363632463,0.6604888785878961,"POLYGON ((656336.7 2378141, 656336 2378115, 656334 2378089, 656330.6 2378063, 656325.8 2378037, 656319.7 2378012, 656312.2 2377987, 656303.5 2377962, 656293.5 2377938, 656282.2 2377914, 656269.7 2377891, 656256.1 2377869, 656241.2 2377847, 656225.3 2377827, 656208.3 2377807, 656190.3 2377788, 656171.3 2377770, 656151.4 2377753, 656130.6 2377737, 656109 2377722, 656086.7 2377708, 656063.7 2377696, 656040.1 2377685, 656015.9 2377675, 655991.2 2377666, 655966.1 2377658, 655940.7 2377652, 655914.9 2377647, 655889 2377644, 655862.9 2377642, 655836.7 2377641, 655810.6 2377642, 655784.5 2377644, 655758.5 2377647, 655732.8 2377652, 655707.3 2377658, 655682.2 2377666, 655657.5 2377675, 655633.4 2377685, 655609.7 2377696, 655586.7 2377708, 655564.4 2377722, 655542.8 2377737, 655522.1 2377753, 655502.2 2377770, 655483.2 2377788, 655465.1 2377807, 655448.1 2377827, 655432.2 2377847, 655417.4 2377869, 655403.7 2377891, 655391.2 2377914, 655379.9 2377938, 655369.9 2377962, 655361.2 2377987, 655353.8 2378012, 655347.6 2378037, 655342.9 2378063, 655339.5 2378089, 655337.4 2378115, 655336.7 2378141, 655337.4 2378167, 655339.5 2378194, 655342.9 2378220, 655347.6 2378245, 655353.8 2378271, 655361.2 2378296, 655369.9 2378320, 655379.9 2378345, 655391.2 2378368, 655403.7 2378391, 655417.4 2378414, 655432.2 2378435, 655448.1 2378456, 655465.1 2378476, 655483.2 2378495, 655502.2 2378513, 655522.1 2378530, 655542.8 2378546, 655564.4 2378561, 655586.7 2378574, 655609.7 2378587, 655633.4 2378598, 655657.5 2378608, 655682.2 2378617, 655707.3 2378624, 655732.8 2378630, 655758.5 2378635, 655784.5 2378639, 655810.6 2378641, 655836.7 2378641, 655862.9 2378641, 655889 2378639, 655914.9 2378635, 655940.7 2378630, 655966.1 2378624, 655991.2 2378617, 656015.9 2378608, 656040.1 2378598, 656063.7 2378587, 656086.7 2378574, 656109 2378561, 656130.6 2378546, 656151.4 2378530, 656171.3 2378513, 656190.3 2378495, 656208.3 2378476, 656225.3 2378456, 656241.2 2378435, 656256.1 2378414, 656269.7 2378391, 656282.2 2378368, 656293.5 2378345, 656303.5 2378320, 656312.2 2378296, 656319.7 2378271, 656325.8 2378245, 656330.6 2378220, 656334 2378194, 656336 2378167, 656336.7 2378141))"
41,20260550,Forest,11460.428923894477,26.137771089322833,1.935738444193912,1,Hani,土葬,无,0,1,0,522,278.00799217224613,593.1219490368237,1639.39013671875,8.240060806274414,111.69399836117695,637068.1091308594,4500,0.3883934805541926,1,97,0,0,92344.49615478516,0.14495231331037603,0,1,-0.36964943013432433,0.9291712968023546,9.346655417482326,3.2633814363632463,0.6604888785878961,"POLYGON ((655961.4 2378073, 655960.7 2378047, 655958.6 2378021, 655955.2 2377995, 655950.4 2377969, 655944.3 2377944, 655936.9 2377919, 655928.2 2377894, 655918.1 2377870, 655906.9 2377846, 655894.4 2377823, 655880.7 2377801, 655865.9 2377779, 655849.9 2377758, 655832.9 2377739, 655814.9 2377720, 655795.9 2377702, 655776 2377685, 655755.3 2377669, 655733.7 2377654, 655711.4 2377640, 655688.4 2377628, 655664.7 2377616, 655640.5 2377606, 655615.9 2377598, 655590.8 2377590, 655565.3 2377584, 655539.6 2377579, 655513.6 2377576, 655487.5 2377574, 655461.4 2377573, 655435.2 2377574, 655409.1 2377576, 655383.1 2377579, 655357.4 2377584, 655332 2377590, 655306.9 2377598, 655282.2 2377606, 655258 2377616, 655234.4 2377628, 655211.4 2377640, 655189 2377654, 655167.5 2377669, 655146.7 2377685, 655126.8 2377702, 655107.8 2377720, 655089.8 2377739, 655072.8 2377758, 655056.9 2377779, 655042 2377801, 655028.4 2377823, 655015.9 2377846, 655004.6 2377870, 654994.6 2377894, 654985.8 2377919, 654978.4 2377944, 654972.3 2377969, 654967.5 2377995, 654964.1 2378021, 654962 2378047, 654961.4 2378073, 654962 2378099, 654964.1 2378125, 654967.5 2378151, 654972.3 2378177, 654978.4 2378203, 654985.8 2378228, 654994.6 2378252, 655004.6 2378276, 655015.9 2378300, 655028.4 2378323, 655042 2378345, 655056.9 2378367, 655072.8 2378388, 655089.8 2378408, 655107.8 2378427, 655126.8 2378445, 655146.7 2378462, 655167.5 2378478, 655189 2378492, 655211.4 2378506, 655234.4 2378519, 655258 2378530, 655282.2 2378540, 655306.9 2378549, 655332 2378556, 655357.4 2378562, 655383.1 2378567, 655409.1 2378570, 655435.2 2378572, 655461.4 2378573, 655487.5 2378572, 655513.6 2378570, 655539.6 2378567, 655565.3 2378562, 655590.8 2378556, 655615.9 2378549, 655640.5 2378540, 655664.7 2378530, 655688.4 2378519, 655711.4 2378506, 655733.7 2378492, 655755.3 2378478, 655776 2378462, 655795.9 2378445, 655814.9 2378427, 655832.9 2378408, 655849.9 2378388, 655865.9 2378367, 655880.7 2378345, 655894.4 2378323, 655906.9 2378300, 655918.1 2378276, 655928.2 2378252, 655936.9 2378228, 655944.3 2378203, 655950.4 2378177, 655955.2 2378151, 655958.6 2378125, 655960.7 2378099, 655961.4 2378073))"
41,20260550,Forest,11460.428923894477,26.137771089322833,1.935738444193912,1,Hani,土葬,无,0,1,0,523,47.462149673620246,355.0149004416523,1640.82568359375,8.307435989379883,210.82773071550088,627118.505859375,3600,0.3129032263204976,1,98,0,0,99934.52453613281,0.15935508775839272,0,1,-0.8587119715368405,-0.5124585348487353,9.346655417482326,3.2633814363632463,0.6604888785878961,"POLYGON ((655649.4 2378009, 655648.7 2377983, 655646.6 2377957, 655643.2 2377931, 655638.5 2377905, 655632.3 2377880, 655624.9 2377855, 655616.2 2377830, 655606.2 2377806, 655594.9 2377782, 655582.4 2377759, 655568.7 2377737, 655553.9 2377715, 655538 2377695, 655521 2377675, 655502.9 2377656, 655483.9 2377638, 655464 2377621, 655443.3 2377605, 655421.7 2377590, 655399.4 2377576, 655376.4 2377564, 655352.8 2377553, 655328.6 2377543, 655303.9 2377534, 655278.8 2377526, 655253.3 2377520, 655227.6 2377516, 655201.6 2377512, 655175.6 2377510, 655149.4 2377509, 655123.2 2377510, 655097.1 2377512, 655071.2 2377516, 655045.4 2377520, 655020 2377526, 654994.9 2377534, 654970.2 2377543, 654946 2377553, 654922.4 2377564, 654899.4 2377576, 654877.1 2377590, 654855.5 2377605, 654834.7 2377621, 654814.8 2377638, 654795.8 2377656, 654777.8 2377675, 654760.8 2377695, 654744.9 2377715, 654730 2377737, 654716.4 2377759, 654703.9 2377782, 654692.6 2377806, 654682.6 2377830, 654673.9 2377855, 654666.4 2377880, 654660.3 2377905, 654655.5 2377931, 654652.1 2377957, 654650.1 2377983, 654649.4 2378009, 654650.1 2378036, 654652.1 2378062, 654655.5 2378088, 654660.3 2378113, 654666.4 2378139, 654673.9 2378164, 654682.6 2378189, 654692.6 2378213, 654703.9 2378236, 654716.4 2378259, 654730 2378282, 654744.9 2378303, 654760.8 2378324, 654777.8 2378344, 654795.8 2378363, 654814.8 2378381, 654834.7 2378398, 654855.5 2378414, 654877.1 2378429, 654899.4 2378442, 654922.4 2378455, 654946 2378466, 654970.2 2378476, 654994.9 2378485, 655020 2378492, 655045.4 2378498, 655071.2 2378503, 655097.1 2378507, 655123.2 2378509, 655149.4 2378509, 655175.6 2378509, 655201.6 2378507, 655227.6 2378503, 655253.3 2378498, 655278.8 2378492, 655303.9 2378485, 655328.6 2378476, 655352.8 2378466, 655376.4 2378455, 655399.4 2378442, 655421.7 2378429, 655443.3 2378414, 655464 2378398, 655483.9 2378381, 655502.9 2378363, 655521 2378344, 655538 2378324, 655553.9 2378303, 655568.7 2378282, 655582.4 2378259, 655594.9 2378236, 655606.2 2378213, 655616.2 2378189, 655624.9 2378164, 655632.3 2378139, 655638.5 2378113, 655643.2 2378088, 655646.6 2378062, 655648.7 2378036, 655649.4 2378009))"
41,20260550,Forest,3589.865249572974,26.95010593000912,0.75059382422802845,1,Hani,土葬,无,0,1,0,525,365.60432466402096,1929.1491227642844,723.77532958984375,11.760836601257324,267.74437884977635,32566.91665649414,134471.76361083984,0.11103693683244847,1,99,0,0,0,0,0,1,-0.039357847511736134,-0.9992251797464088,8.18586994583998,3.2939872279598648,-0.2868906200954694,"POLYGON ((670603.3 2391238, 670602.6 2391212, 670600.5 2391186, 670597.1 2391160, 670592.3 2391134, 670586.2 2391109, 670578.8 2391083, 670570.1 2391059, 670560 2391035, 670548.8 2391011, 670536.3 2390988, 670522.6 2390966, 670507.8 2390944, 670491.8 2390923, 670474.8 2390903, 670456.8 2390884, 670437.8 2390866, 670417.9 2390849, 670397.2 2390833, 670375.6 2390819, 670353.3 2390805, 670330.3 2390792, 670306.6 2390781, 670282.5 2390771, 670257.8 2390762, 670232.7 2390755, 670207.2 2390749, 670181.5 2390744, 670155.5 2390741, 670129.4 2390739, 670103.3 2390738, 670077.1 2390739, 670051 2390741, 670025.1 2390744, 669999.3 2390749, 669973.9 2390755, 669948.8 2390762, 669924.1 2390771, 669899.9 2390781, 669876.3 2390792, 669853.3 2390805, 669831 2390819, 669809.4 2390833, 669788.6 2390849, 669768.7 2390866, 669749.7 2390884, 669731.7 2390903, 669714.7 2390923, 669698.8 2390944, 669683.9 2390966, 669670.3 2390988, 669657.8 2391011, 669646.5 2391035, 669636.5 2391059, 669627.7 2391083, 669620.3 2391109, 669614.2 2391134, 669609.4 2391160, 669606 2391186, 669604 2391212, 669603.3 2391238, 669604 2391264, 669606 2391290, 669609.4 2391316, 669614.2 2391342, 669620.3 2391367, 669627.7 2391392, 669636.5 2391417, 669646.5 2391441, 669657.8 2391465, 669670.3 2391488, 669683.9 2391510, 669698.8 2391532, 669714.7 2391553, 669731.7 2391573, 669749.7 2391592, 669768.7 2391610, 669788.6 2391627, 669809.4 2391642, 669831 2391657, 669853.3 2391671, 669876.3 2391683, 669899.9 2391695, 669924.1 2391705, 669948.8 2391714, 669973.9 2391721, 669999.3 2391727, 670025.1 2391732, 670051 2391735, 670077.1 2391737, 670103.3 2391738, 670129.4 2391737, 670155.5 2391735, 670181.5 2391732, 670207.2 2391727, 670232.7 2391721, 670257.8 2391714, 670282.5 2391705, 670306.6 2391695, 670330.3 2391683, 670353.3 2391671, 670375.6 2391657, 670397.2 2391642, 670417.9 2391627, 670437.8 2391610, 670456.8 2391592, 670474.8 2391573, 670491.8 2391553, 670507.8 2391532, 670522.6 2391510, 670536.3 2391488, 670548.8 2391465, 670560 2391441, 670570.1 2391417, 670578.8 2391392, 670586.2 2391367, 670592.3 2391342, 670597.1 2391316, 670600.5 2391290, 670602.6 2391264, 670603.3 2391238))"
41,20260550,Forest,9566.511627906977,26.327719227924465,0.932825484764543,1,Hani,土葬,无,0,1,0,530,289.1461321918208,750.7473662284248,904.4732666015625,14.713302612304688,136.33960213119082,606410.595703125,375.6365865468979,0.17820366197239831,1,100,178126.99584960938,0.29373991337185246,53100,0.08756443303638396,0,1,-0.7234445025181292,0.6903825401734147,9.166023906806155,3.270622347193581,-0.06953714304240752,"POLYGON ((670921.7 2432378, 670921 2432352, 670918.9 2432326, 670915.5 2432300, 670910.7 2432274, 670904.6 2432249, 670897.2 2432223, 670888.5 2432199, 670878.4 2432175, 670867.2 2432151, 670854.7 2432128, 670841 2432106, 670826.2 2432084, 670810.2 2432063, 670793.2 2432043, 670775.2 2432024, 670756.2 2432006, 670736.3 2431989, 670715.6 2431973, 670694 2431959, 670671.7 2431945, 670648.7 2431932, 670625 2431921, 670600.9 2431911, 670576.2 2431902, 670551.1 2431895, 670525.6 2431889, 670499.9 2431884, 670473.9 2431881, 670447.8 2431879, 670421.7 2431878, 670395.5 2431879, 670369.4 2431881, 670343.5 2431884, 670317.7 2431889, 670292.3 2431895, 670267.2 2431902, 670242.5 2431911, 670218.3 2431921, 670194.7 2431932, 670171.7 2431945, 670149.4 2431959, 670127.8 2431973, 670107 2431989, 670087.1 2432006, 670068.1 2432024, 670050.1 2432043, 670033.1 2432063, 670017.2 2432084, 670002.3 2432106, 669988.7 2432128, 669976.2 2432151, 669964.9 2432175, 669954.9 2432199, 669946.1 2432223, 669938.7 2432249, 669932.6 2432274, 669927.8 2432300, 669924.4 2432326, 669922.4 2432352, 669921.7 2432378, 669922.4 2432404, 669924.4 2432430, 669927.8 2432456, 669932.6 2432482, 669938.7 2432507, 669946.1 2432533, 669954.9 2432557, 669964.9 2432581, 669976.2 2432605, 669988.7 2432628, 670002.3 2432650, 670017.2 2432672, 670033.1 2432693, 670050.1 2432713, 670068.1 2432732, 670087.1 2432750, 670107 2432767, 670127.8 2432783, 670149.4 2432797, 670171.7 2432811, 670194.7 2432824, 670218.3 2432835, 670242.5 2432845, 670267.2 2432854, 670292.3 2432861, 670317.7 2432867, 670343.5 2432872, 670369.4 2432875, 670395.5 2432877, 670421.7 2432878, 670447.8 2432877, 670473.9 2432875, 670499.9 2432872, 670525.6 2432867, 670551.1 2432861, 670576.2 2432854, 670600.9 2432845, 670625 2432835, 670648.7 2432824, 670671.7 2432811, 670694 2432797, 670715.6 2432783, 670736.3 2432767, 670756.2 2432750, 670775.2 2432732, 670793.2 2432713, 670810.2 2432693, 670826.2 2432672, 670841 2432650, 670854.7 2432628, 670867.2 2432605, 670878.4 2432581, 670888.5 2432557, 670897.2 2432533, 670904.6 2432507, 670910.7 2432482, 670915.5 2432456, 670918.9 2432430, 670921 2432404, 670921.7 2432378))"
41,20260550,Forest,9566.511627906977,26.327719227924465,0.932825484764543,1,Hani,土葬,无,0,1,0,531,598.3448597932528,1286.6066514317743,846.39599609375,13.323613166809082,133.15719717735809,508117.56591796875,22724.903869628906,0.17556741862980496,1,101,344943.8690185547,0.6788662548900011,18250.278854370117,0.03591743344160723,0,1,-0.6840023388145381,0.7294798150026098,9.166023906806155,3.270622347193581,-0.06953714304240752,"POLYGON ((676003.4 2438117, 676002.7 2438091, 676000.7 2438065, 675997.3 2438039, 675992.5 2438013, 675986.4 2437988, 675978.9 2437963, 675970.2 2437938, 675960.2 2437914, 675948.9 2437890, 675936.4 2437867, 675922.8 2437845, 675907.9 2437823, 675892 2437802, 675875 2437782, 675857 2437763, 675838 2437745, 675818.1 2437728, 675797.3 2437713, 675775.7 2437698, 675753.4 2437684, 675730.4 2437672, 675706.8 2437660, 675682.6 2437650, 675657.9 2437641, 675632.8 2437634, 675607.4 2437628, 675581.6 2437623, 675555.7 2437620, 675529.6 2437618, 675503.4 2437617, 675477.3 2437618, 675451.2 2437620, 675425.2 2437623, 675399.5 2437628, 675374 2437634, 675348.9 2437641, 675324.2 2437650, 675300.1 2437660, 675276.4 2437672, 675253.4 2437684, 675231.1 2437698, 675209.5 2437713, 675188.8 2437728, 675168.9 2437745, 675149.9 2437763, 675131.8 2437782, 675114.8 2437802, 675098.9 2437823, 675084.1 2437845, 675070.4 2437867, 675057.9 2437890, 675046.6 2437914, 675036.6 2437938, 675027.9 2437963, 675020.5 2437988, 675014.3 2438013, 675009.6 2438039, 675006.2 2438065, 675004.1 2438091, 675003.4 2438117, 675004.1 2438143, 675006.2 2438169, 675009.6 2438195, 675014.3 2438221, 675020.5 2438246, 675027.9 2438272, 675036.6 2438296, 675046.6 2438320, 675057.9 2438344, 675070.4 2438367, 675084.1 2438389, 675098.9 2438411, 675114.8 2438432, 675131.8 2438452, 675149.9 2438471, 675168.9 2438489, 675188.8 2438506, 675209.5 2438522, 675231.1 2438536, 675253.4 2438550, 675276.4 2438563, 675300.1 2438574, 675324.2 2438584, 675348.9 2438593, 675374 2438600, 675399.5 2438606, 675425.2 2438611, 675451.2 2438614, 675477.3 2438616, 675503.4 2438617, 675529.6 2438616, 675555.7 2438614, 675581.6 2438611, 675607.4 2438606, 675632.8 2438600, 675657.9 2438593, 675682.6 2438584, 675706.8 2438574, 675730.4 2438563, 675753.4 2438550, 675775.7 2438536, 675797.3 2438522, 675818.1 2438506, 675838 2438489, 675857 2438471, 675875 2438452, 675892 2438432, 675907.9 2438411, 675922.8 2438389, 675936.4 2438367, 675948.9 2438344, 675960.2 2438320, 675970.2 2438296, 675978.9 2438272, 675986.4 2438246, 675992.5 2438221, 675997.3 2438195, 676000.7 2438169, 676002.7 2438143, 676003.4 2438117))"
41,20260550,Forest,6639.069767441861,18.580990665382664,1.670074349442379,1,Hani,土葬,无,0,1,0,537,312.8797493363704,1164.7165690849001,811.6588134765625,14.858323097229004,215.13504783470145,44554.82368469238,169198.51684570312,0.0993022664100786,1,104,15455.094337463379,0.3468781393196997,0,0,0,1,-0.8177978336039133,-0.57550560670835,8.80072713739144,2.9221390508761664,0.5128681460618293,"POLYGON ((680537 2414405, 680536.3 2414379, 680534.3 2414353, 680530.9 2414327, 680526.1 2414301, 680520 2414275, 680512.6 2414250, 680503.8 2414226, 680493.8 2414201, 680482.5 2414178, 680470 2414155, 680456.4 2414133, 680441.5 2414111, 680425.6 2414090, 680408.6 2414070, 680390.6 2414051, 680371.6 2414033, 680351.7 2414016, 680330.9 2414000, 680309.3 2413986, 680287 2413972, 680264 2413959, 680240.4 2413948, 680216.2 2413938, 680191.5 2413929, 680166.4 2413922, 680141 2413916, 680115.2 2413911, 680089.3 2413908, 680063.2 2413906, 680037 2413905, 680010.9 2413906, 679984.8 2413908, 679958.8 2413911, 679933.1 2413916, 679907.6 2413922, 679882.5 2413929, 679857.8 2413938, 679833.7 2413948, 679810 2413959, 679787 2413972, 679764.7 2413986, 679743.1 2414000, 679722.4 2414016, 679702.5 2414033, 679683.5 2414051, 679665.5 2414070, 679648.5 2414090, 679632.5 2414111, 679617.7 2414133, 679604 2414155, 679591.5 2414178, 679580.3 2414201, 679570.2 2414226, 679561.5 2414250, 679554.1 2414275, 679548 2414301, 679543.2 2414327, 679539.8 2414353, 679537.7 2414379, 679537 2414405, 679537.7 2414431, 679539.8 2414457, 679543.2 2414483, 679548 2414509, 679554.1 2414534, 679561.5 2414559, 679570.2 2414584, 679580.3 2414608, 679591.5 2414632, 679604 2414655, 679617.7 2414677, 679632.5 2414699, 679648.5 2414719, 679665.5 2414739, 679683.5 2414758, 679702.5 2414776, 679722.4 2414793, 679743.1 2414809, 679764.7 2414824, 679787 2414838, 679810 2414850, 679833.7 2414862, 679857.8 2414872, 679882.5 2414880, 679907.6 2414888, 679933.1 2414894, 679958.8 2414899, 679984.8 2414902, 680010.9 2414904, 680037 2414905, 680063.2 2414904, 680089.3 2414902, 680115.2 2414899, 680141 2414894, 680166.4 2414888, 680191.5 2414880, 680216.2 2414872, 680240.4 2414862, 680264 2414850, 680287 2414838, 680309.3 2414824, 680330.9 2414809, 680351.7 2414793, 680371.6 2414776, 680390.6 2414758, 680408.6 2414739, 680425.6 2414719, 680441.5 2414699, 680456.4 2414677, 680470 2414655, 680482.5 2414632, 680493.8 2414608, 680503.8 2414584, 680512.6 2414559, 680520 2414534, 680526.1 2414509, 680530.9 2414483, 680534.3 2414457, 680536.3 2414431, 680537 2414405))"
41,20260550,Forest,15755.348837209303,49.074946133371625,0.16021765417170497,1,Hani,土葬,无,0,1,0,551,544.9525740878997,1649.924989288482,904.590087890625,10.426631927490234,287.39642530333435,14400,137831.32781982422,0.1309307719012001,1,106,9900,0.6875,0,0,0,1,0.2989812564038073,-0.9542589838818395,9.664935195311495,3.8933486425230353,-1.8312220495974143,"POLYGON ((690573.2 2426684, 690572.6 2426658, 690570.5 2426632, 690567.1 2426606, 690562.3 2426580, 690556.2 2426555, 690548.8 2426530, 690540 2426505, 690530 2426481, 690518.7 2426457, 690506.3 2426434, 690492.6 2426412, 690477.8 2426390, 690461.8 2426369, 690444.8 2426350, 690426.8 2426331, 690407.8 2426313, 690387.9 2426296, 690367.1 2426280, 690345.6 2426265, 690323.2 2426251, 690300.2 2426239, 690276.6 2426227, 690252.4 2426217, 690227.8 2426209, 690202.7 2426201, 690177.2 2426195, 690151.5 2426190, 690125.5 2426187, 690099.4 2426185, 690073.2 2426184, 690047.1 2426185, 690021 2426187, 689995 2426190, 689969.3 2426195, 689943.8 2426201, 689918.7 2426209, 689894.1 2426217, 689869.9 2426227, 689846.3 2426239, 689823.2 2426251, 689800.9 2426265, 689779.4 2426280, 689758.6 2426296, 689738.7 2426313, 689719.7 2426331, 689701.7 2426350, 689684.7 2426369, 689668.7 2426390, 689653.9 2426412, 689640.2 2426434, 689627.7 2426457, 689616.5 2426481, 689606.5 2426505, 689597.7 2426530, 689590.3 2426555, 689584.2 2426580, 689579.4 2426606, 689576 2426632, 689573.9 2426658, 689573.2 2426684, 689573.9 2426710, 689576 2426736, 689579.4 2426762, 689584.2 2426788, 689590.3 2426813, 689597.7 2426839, 689606.5 2426863, 689616.5 2426887, 689627.7 2426911, 689640.2 2426934, 689653.9 2426956, 689668.7 2426978, 689684.7 2426999, 689701.7 2427019, 689719.7 2427038, 689738.7 2427056, 689758.6 2427073, 689779.4 2427089, 689800.9 2427103, 689823.2 2427117, 689846.3 2427130, 689869.9 2427141, 689894.1 2427151, 689918.7 2427160, 689943.8 2427167, 689969.3 2427173, 689995 2427178, 690021 2427181, 690047.1 2427183, 690073.2 2427184, 690099.4 2427183, 690125.5 2427181, 690151.5 2427178, 690177.2 2427173, 690202.7 2427167, 690227.8 2427160, 690252.4 2427151, 690276.6 2427141, 690300.2 2427130, 690323.2 2427117, 690345.6 2427103, 690367.1 2427089, 690387.9 2427073, 690407.8 2427056, 690426.8 2427038, 690444.8 2427019, 690461.8 2426999, 690477.8 2426978, 690492.6 2426956, 690506.3 2426934, 690518.7 2426911, 690530 2426887, 690540 2426863, 690548.8 2426839, 690556.2 2426813, 690562.3 2426788, 690567.1 2426762, 690570.5 2426736, 690572.6 2426710, 690573.2 2426684))"
41,20260550,Forest,8223.255813953489,98.42790778996654,2.042501517911354,1,Hani,土葬,无,0,1,0,562,420.83798585979827,419.84531021692413,1050.12353515625,17.981931686401367,68.91206636250881,784142.9626464844,0,0.08790605443347885,1,109,298610.9802246094,0.38081191115558394,21662.9825592041,0.027626317637400564,0,1,0.359800322218816,0.9330293286554481,9.014721494052063,4.589324379598556,0.7141752909151984,"POLYGON ((672608.7 2445800, 672608 2445774, 672606 2445748, 672602.6 2445722, 672597.8 2445696, 672591.7 2445671, 672584.3 2445646, 672575.5 2445621, 672565.5 2445597, 672554.2 2445573, 672541.7 2445550, 672528.1 2445528, 672513.2 2445506, 672497.3 2445486, 672480.3 2445466, 672462.3 2445447, 672443.3 2445429, 672423.4 2445412, 672402.6 2445396, 672381.1 2445381, 672358.7 2445367, 672335.7 2445355, 672312.1 2445343, 672287.9 2445333, 672263.2 2445325, 672238.1 2445317, 672212.7 2445311, 672186.9 2445306, 672161 2445303, 672134.9 2445301, 672108.7 2445300, 672082.6 2445301, 672056.5 2445303, 672030.5 2445306, 672004.8 2445311, 671979.3 2445317, 671954.2 2445325, 671929.5 2445333, 671905.4 2445343, 671881.7 2445355, 671858.7 2445367, 671836.4 2445381, 671814.8 2445396, 671794.1 2445412, 671774.2 2445429, 671755.2 2445447, 671737.2 2445466, 671720.2 2445486, 671704.2 2445506, 671689.4 2445528, 671675.7 2445550, 671663.2 2445573, 671652 2445597, 671641.9 2445621, 671633.2 2445646, 671625.8 2445671, 671619.7 2445696, 671614.9 2445722, 671611.5 2445748, 671609.4 2445774, 671608.7 2445800, 671609.4 2445826, 671611.5 2445852, 671614.9 2445878, 671619.7 2445904, 671625.8 2445930, 671633.2 2445955, 671641.9 2445979, 671652 2446004, 671663.2 2446027, 671675.7 2446050, 671689.4 2446072, 671704.2 2446094, 671720.2 2446115, 671737.2 2446135, 671755.2 2446154, 671774.2 2446172, 671794.1 2446189, 671814.8 2446205, 671836.4 2446220, 671858.7 2446233, 671881.7 2446246, 671905.4 2446257, 671929.5 2446267, 671954.2 2446276, 671979.3 2446283, 672004.8 2446289, 672030.5 2446294, 672056.5 2446297, 672082.6 2446299, 672108.7 2446300, 672134.9 2446299, 672161 2446297, 672186.9 2446294, 672212.7 2446289, 672238.1 2446283, 672263.2 2446276, 672287.9 2446267, 672312.1 2446257, 672335.7 2446246, 672358.7 2446233, 672381.1 2446220, 672402.6 2446205, 672423.4 2446189, 672443.3 2446172, 672462.3 2446154, 672480.3 2446135, 672497.3 2446115, 672513.2 2446094, 672528.1 2446072, 672541.7 2446050, 672554.2 2446027, 672565.5 2446004, 672575.5 2445979, 672584.3 2445955, 672591.7 2445930, 672597.8 2445904, 672602.6 2445878, 672606 2445852, 672608 2445826, 672608.7 2445800))"
41,20260550,Forest,5261.607142857142,54.165384156118535,4.772027110289587,1,Hani,NA,NA,0,1,0,612,193.54501652544096,291.25490418186155,1686.5648193359375,11.821165084838867,121.2289074335183,536444.0002441406,75566.38870239258,0.24177673855909307,1,111,0,0,4500,0.008388573640402368,0,1,-0.5184585002616503,0.8551027911932227,8.56819179953091,3.9920420357035633,1.5627711853363777,"POLYGON ((621037.5 2424096, 621036.9 2424069, 621034.8 2424043, 621031.4 2424017, 621026.6 2423992, 621020.5 2423966, 621013.1 2423941, 621004.3 2423916, 620994.3 2423892, 620983.1 2423869, 620970.6 2423846, 620956.9 2423823, 620942.1 2423802, 620926.1 2423781, 620909.1 2423761, 620891.1 2423742, 620872.1 2423724, 620852.2 2423707, 620831.4 2423691, 620809.9 2423676, 620787.5 2423663, 620764.5 2423650, 620740.9 2423639, 620716.7 2423629, 620692.1 2423620, 620667 2423613, 620641.5 2423607, 620615.8 2423602, 620589.8 2423598, 620563.7 2423596, 620537.5 2423596, 620511.4 2423596, 620485.3 2423598, 620459.3 2423602, 620433.6 2423607, 620408.1 2423613, 620383 2423620, 620358.4 2423629, 620334.2 2423639, 620310.6 2423650, 620287.5 2423663, 620265.2 2423676, 620243.7 2423691, 620222.9 2423707, 620203 2423724, 620184 2423742, 620166 2423761, 620149 2423781, 620133 2423802, 620118.2 2423823, 620104.5 2423846, 620092 2423869, 620080.8 2423892, 620070.8 2423916, 620062 2423941, 620054.6 2423966, 620048.5 2423992, 620043.7 2424017, 620040.3 2424043, 620038.2 2424069, 620037.5 2424096, 620038.2 2424122, 620040.3 2424148, 620043.7 2424174, 620048.5 2424200, 620054.6 2424225, 620062 2424250, 620070.8 2424275, 620080.8 2424299, 620092 2424323, 620104.5 2424346, 620118.2 2424368, 620133 2424390, 620149 2424410, 620166 2424430, 620184 2424449, 620203 2424467, 620222.9 2424484, 620243.7 2424500, 620265.2 2424515, 620287.5 2424529, 620310.6 2424541, 620334.2 2424552, 620358.4 2424562, 620383 2424571, 620408.1 2424579, 620433.6 2424585, 620459.3 2424590, 620485.3 2424593, 620511.4 2424595, 620537.5 2424596, 620563.7 2424595, 620589.8 2424593, 620615.8 2424590, 620641.5 2424585, 620667 2424579, 620692.1 2424571, 620716.7 2424562, 620740.9 2424552, 620764.5 2424541, 620787.5 2424529, 620809.9 2424515, 620831.4 2424500, 620852.2 2424484, 620872.1 2424467, 620891.1 2424449, 620909.1 2424430, 620926.1 2424410, 620942.1 2424390, 620956.9 2424368, 620970.6 2424346, 620983.1 2424323, 620994.3 2424299, 621004.3 2424275, 621013.1 2424250, 621020.5 2424225, 621026.6 2424200, 621031.4 2424174, 621034.8 2424148, 621036.9 2424122, 621037.5 2424096))"
41,20260550,Forest,5261.607142857142,54.165384156118535,4.772027110289587,1,Hani,NA,NA,0,1,0,613,325.37543415664726,515.7933674387173,1669.9901123046875,9.129117965698242,39.137217818275786,596057.9040527344,2700,0.28035381444170104,1,112,0,0,42098.10562133789,0.07062754362471031,0,1,0.7756365730983921,0.6311797734973631,8.56819179953091,3.9920420357035633,1.5627711853363777,"POLYGON ((621468.7 2423509, 621468 2423483, 621465.9 2423457, 621462.5 2423431, 621457.7 2423405, 621451.6 2423380, 621444.2 2423355, 621435.5 2423330, 621425.4 2423306, 621414.2 2423282, 621401.7 2423259, 621388 2423237, 621373.2 2423215, 621357.2 2423194, 621340.2 2423174, 621322.2 2423155, 621303.2 2423137, 621283.3 2423120, 621262.6 2423105, 621241 2423090, 621218.7 2423076, 621195.7 2423064, 621172 2423052, 621147.8 2423042, 621123.2 2423033, 621098.1 2423026, 621072.6 2423020, 621046.9 2423015, 621020.9 2423012, 620994.8 2423010, 620968.7 2423009, 620942.5 2423010, 620916.4 2423012, 620890.4 2423015, 620864.7 2423020, 620839.3 2423026, 620814.2 2423033, 620789.5 2423042, 620765.3 2423052, 620741.7 2423064, 620718.7 2423076, 620696.3 2423090, 620674.8 2423105, 620654 2423120, 620634.1 2423137, 620615.1 2423155, 620597.1 2423174, 620580.1 2423194, 620564.2 2423215, 620549.3 2423237, 620535.7 2423259, 620523.2 2423282, 620511.9 2423306, 620501.9 2423330, 620493.1 2423355, 620485.7 2423380, 620479.6 2423405, 620474.8 2423431, 620471.4 2423457, 620469.3 2423483, 620468.7 2423509, 620469.3 2423535, 620471.4 2423561, 620474.8 2423587, 620479.6 2423613, 620485.7 2423638, 620493.1 2423664, 620501.9 2423688, 620511.9 2423712, 620523.2 2423736, 620535.7 2423759, 620549.3 2423781, 620564.2 2423803, 620580.1 2423824, 620597.1 2423844, 620615.1 2423863, 620634.1 2423881, 620654 2423898, 620674.8 2423914, 620696.3 2423928, 620718.7 2423942, 620741.7 2423955, 620765.3 2423966, 620789.5 2423976, 620814.2 2423985, 620839.3 2423992, 620864.7 2423998, 620890.4 2424003, 620916.4 2424006, 620942.5 2424008, 620968.7 2424009, 620994.8 2424008, 621020.9 2424006, 621046.9 2424003, 621072.6 2423998, 621098.1 2423992, 621123.2 2423985, 621147.8 2423976, 621172 2423966, 621195.7 2423955, 621218.7 2423942, 621241 2423928, 621262.6 2423914, 621283.3 2423898, 621303.2 2423881, 621322.2 2423863, 621340.2 2423844, 621357.2 2423824, 621373.2 2423803, 621388 2423781, 621401.7 2423759, 621414.2 2423736, 621425.4 2423712, 621435.5 2423688, 621444.2 2423664, 621451.6 2423638, 621457.7 2423613, 621462.5 2423587, 621465.9 2423561, 621468 2423535, 621468.7 2423509))"
41,20260550,Forest,6281.739130434783,272.57944922121186,0.946788790753462,1,Hani,NA,NA,0,1,0,616,205.55164523105805,244.35074431575563,1565.1580810546875,9.964825630187988,347.3397058969377,785039.3371582031,0,0.221464784399011,1,115,0,0,50913.56620788574,0.06485479618408664,0,1,0.9756866628041612,-0.21917010751030622,8.745402152721663,5.6079301283839715,-0.05467924049829903,"POLYGON ((630541.4 2418659, 630540.8 2418633, 630538.7 2418607, 630535.3 2418581, 630530.5 2418555, 630524.4 2418530, 630517 2418505, 630508.2 2418480, 630498.2 2418456, 630486.9 2418432, 630474.5 2418409, 630460.8 2418387, 630446 2418365, 630430 2418344, 630413 2418325, 630395 2418306, 630376 2418288, 630356.1 2418271, 630335.3 2418255, 630313.8 2418240, 630291.4 2418226, 630268.4 2418214, 630244.8 2418202, 630220.6 2418192, 630196 2418184, 630170.9 2418176, 630145.4 2418170, 630119.7 2418165, 630093.7 2418162, 630067.6 2418160, 630041.4 2418159, 630015.3 2418160, 629989.2 2418162, 629963.2 2418165, 629937.5 2418170, 629912 2418176, 629886.9 2418184, 629862.3 2418192, 629838.1 2418202, 629814.4 2418214, 629791.4 2418226, 629769.1 2418240, 629747.6 2418255, 629726.8 2418271, 629706.9 2418288, 629687.9 2418306, 629669.9 2418325, 629652.9 2418344, 629636.9 2418365, 629622.1 2418387, 629608.4 2418409, 629595.9 2418432, 629584.7 2418456, 629574.7 2418480, 629565.9 2418505, 629558.5 2418530, 629552.4 2418555, 629547.6 2418581, 629544.2 2418607, 629542.1 2418633, 629541.4 2418659, 629542.1 2418685, 629544.2 2418711, 629547.6 2418737, 629552.4 2418763, 629558.5 2418789, 629565.9 2418814, 629574.7 2418838, 629584.7 2418862, 629595.9 2418886, 629608.4 2418909, 629622.1 2418931, 629636.9 2418953, 629652.9 2418974, 629669.9 2418994, 629687.9 2419013, 629706.9 2419031, 629726.8 2419048, 629747.6 2419064, 629769.1 2419078, 629791.4 2419092, 629814.4 2419105, 629838.1 2419116, 629862.3 2419126, 629886.9 2419135, 629912 2419142, 629937.5 2419148, 629963.2 2419153, 629989.2 2419156, 630015.3 2419158, 630041.4 2419159, 630067.6 2419158, 630093.7 2419156, 630119.7 2419153, 630145.4 2419148, 630170.9 2419142, 630196 2419135, 630220.6 2419126, 630244.8 2419116, 630268.4 2419105, 630291.4 2419092, 630313.8 2419078, 630335.3 2419064, 630356.1 2419048, 630376 2419031, 630395 2419013, 630413 2418994, 630430 2418974, 630446 2418953, 630460.8 2418931, 630474.5 2418909, 630486.9 2418886, 630498.2 2418862, 630508.2 2418838, 630517 2418814, 630524.4 2418789, 630530.5 2418763, 630535.3 2418737, 630538.7 2418711, 630540.8 2418685, 630541.4 2418659))"
41,20260550,Forest,6281.739130434783,272.57944922121186,0.946788790753462,1,Hani,NA,NA,0,1,0,617,104.59819790429309,240.02205249100538,1471.7493896484375,8.957930564880371,149.89769990527728,784139.3371582031,900,0.4095303784107331,1,116,0,0,30737.923049926758,0.03919956772137458,0,1,-0.865131287112205,0.5015454675895092,8.745402152721663,5.6079301283839715,-0.05467924049829903,"POLYGON ((630054 2419750, 630053.3 2419724, 630051.3 2419698, 630047.9 2419672, 630043.1 2419646, 630037 2419620, 630029.5 2419595, 630020.8 2419571, 630010.8 2419546, 629999.5 2419523, 629987 2419500, 629973.4 2419477, 629958.5 2419456, 629942.6 2419435, 629925.6 2419415, 629907.6 2419396, 629888.6 2419378, 629868.7 2419361, 629847.9 2419345, 629826.3 2419330, 629804 2419317, 629781 2419304, 629757.4 2419293, 629733.2 2419283, 629708.5 2419274, 629683.4 2419267, 629658 2419261, 629632.2 2419256, 629606.3 2419253, 629580.2 2419250, 629554 2419250, 629527.9 2419250, 629501.8 2419253, 629475.8 2419256, 629450.1 2419261, 629424.6 2419267, 629399.5 2419274, 629374.8 2419283, 629350.7 2419293, 629327 2419304, 629304 2419317, 629281.7 2419330, 629260.1 2419345, 629239.4 2419361, 629219.5 2419378, 629200.5 2419396, 629182.4 2419415, 629165.4 2419435, 629149.5 2419456, 629134.7 2419477, 629121 2419500, 629108.5 2419523, 629097.2 2419546, 629087.2 2419571, 629078.5 2419595, 629071.1 2419620, 629064.9 2419646, 629060.2 2419672, 629056.8 2419698, 629054.7 2419724, 629054 2419750, 629054.7 2419776, 629056.8 2419802, 629060.2 2419828, 629064.9 2419854, 629071.1 2419879, 629078.5 2419904, 629087.2 2419929, 629097.2 2419953, 629108.5 2419977, 629121 2420000, 629134.7 2420022, 629149.5 2420044, 629165.4 2420064, 629182.4 2420084, 629200.5 2420103, 629219.5 2420121, 629239.4 2420138, 629260.1 2420154, 629281.7 2420169, 629304 2420183, 629327 2420195, 629350.7 2420207, 629374.8 2420217, 629399.5 2420225, 629424.6 2420233, 629450.1 2420239, 629475.8 2420244, 629501.8 2420247, 629527.9 2420249, 629554 2420250, 629580.2 2420249, 629606.3 2420247, 629632.2 2420244, 629658 2420239, 629683.4 2420233, 629708.5 2420225, 629733.2 2420217, 629757.4 2420207, 629781 2420195, 629804 2420183, 629826.3 2420169, 629847.9 2420154, 629868.7 2420138, 629888.6 2420121, 629907.6 2420103, 629925.6 2420084, 629942.6 2420064, 629958.5 2420044, 629973.4 2420022, 629987 2420000, 629999.5 2419977, 630010.8 2419953, 630020.8 2419929, 630029.5 2419904, 630037 2419879, 630043.1 2419854, 630047.9 2419828, 630051.3 2419802, 630053.3 2419776, 630054 2419750))"
41,20260550,Forest,4145.535714285714,150.66564554460183,2.5223120694818806,1,Hani,NA,NA,0,1,0,622,72.30542056927166,94.62533469550142,1563.3955078125,18.123035430908203,335.08155309579286,701097.25341796875,76277.16979980469,0.044479895764178,1,119,0,0,17411.103630065918,0.024834077647835327,0,1,0.9069084109226938,-0.42132782271964236,8.32978730271292,5.015063113782317,0.9251759687782185,"POLYGON ((618189.3 2429973, 618188.6 2429946, 618186.5 2429920, 618183.1 2429894, 618178.3 2429869, 618172.2 2429843, 618164.8 2429818, 618156.1 2429793, 618146 2429769, 618134.8 2429746, 618122.3 2429723, 618108.6 2429700, 618093.8 2429679, 618077.8 2429658, 618060.8 2429638, 618042.8 2429619, 618023.8 2429601, 618003.9 2429584, 617983.2 2429568, 617961.6 2429553, 617939.3 2429540, 617916.3 2429527, 617892.6 2429516, 617868.4 2429506, 617843.8 2429497, 617818.7 2429490, 617793.2 2429483, 617767.5 2429479, 617741.5 2429475, 617715.4 2429473, 617689.3 2429473, 617663.1 2429473, 617637 2429475, 617611 2429479, 617585.3 2429483, 617559.9 2429490, 617534.8 2429497, 617510.1 2429506, 617485.9 2429516, 617462.3 2429527, 617439.3 2429540, 617416.9 2429553, 617395.4 2429568, 617374.6 2429584, 617354.7 2429601, 617335.7 2429619, 617317.7 2429638, 617300.7 2429658, 617284.8 2429679, 617269.9 2429700, 617256.2 2429723, 617243.8 2429746, 617232.5 2429769, 617222.5 2429793, 617213.7 2429818, 617206.3 2429843, 617200.2 2429869, 617195.4 2429894, 617192 2429920, 617189.9 2429946, 617189.3 2429973, 617189.9 2429999, 617192 2430025, 617195.4 2430051, 617200.2 2430076, 617206.3 2430102, 617213.7 2430127, 617222.5 2430152, 617232.5 2430176, 617243.8 2430200, 617256.2 2430223, 617269.9 2430245, 617284.8 2430266, 617300.7 2430287, 617317.7 2430307, 617335.7 2430326, 617354.7 2430344, 617374.6 2430361, 617395.4 2430377, 617416.9 2430392, 617439.3 2430406, 617462.3 2430418, 617485.9 2430429, 617510.1 2430439, 617534.8 2430448, 617559.9 2430455, 617585.3 2430462, 617611 2430466, 617637 2430470, 617663.1 2430472, 617689.3 2430473, 617715.4 2430472, 617741.5 2430470, 617767.5 2430466, 617793.2 2430462, 617818.7 2430455, 617843.8 2430448, 617868.4 2430439, 617892.6 2430429, 617916.3 2430418, 617939.3 2430406, 617961.6 2430392, 617983.2 2430377, 618003.9 2430361, 618023.8 2430344, 618042.8 2430326, 618060.8 2430307, 618077.8 2430287, 618093.8 2430266, 618108.6 2430245, 618122.3 2430223, 618134.8 2430200, 618146 2430176, 618156.1 2430152, 618164.8 2430127, 618172.2 2430102, 618178.3 2430076, 618183.1 2430051, 618186.5 2430025, 618188.6 2429999, 618189.3 2429973))"
41,20260550,Forest,4916.071428571428,39.47025401469187,6.939338235294118,1,Hani,NA,NA,0,1,0,624,265.37561550298057,383.61353168643774,1759.325927734375,13.308712005615234,355.398600304603,784139.3371582031,900,0.09966022916156565,1,120,0,0,171473.22235107422,0.21867698025775595,0,1,0.9967769189557764,-0.08022327490840515,8.500265000395549,3.6755473252935675,1.9372064148271824,"POLYGON ((609856.9 2417836, 609856.3 2417810, 609854.2 2417784, 609850.8 2417758, 609846 2417732, 609839.9 2417707, 609832.5 2417682, 609823.7 2417657, 609813.7 2417633, 609802.4 2417609, 609790 2417586, 609776.3 2417564, 609761.5 2417542, 609745.5 2417522, 609728.5 2417502, 609710.5 2417483, 609691.5 2417465, 609671.6 2417448, 609650.8 2417432, 609629.3 2417417, 609606.9 2417403, 609583.9 2417391, 609560.3 2417379, 609536.1 2417369, 609511.5 2417361, 609486.4 2417353, 609460.9 2417347, 609435.2 2417342, 609409.2 2417339, 609383.1 2417337, 609356.9 2417336, 609330.8 2417337, 609304.7 2417339, 609278.7 2417342, 609253 2417347, 609227.5 2417353, 609202.4 2417361, 609177.8 2417369, 609153.6 2417379, 609129.9 2417391, 609106.9 2417403, 609084.6 2417417, 609063 2417432, 609042.3 2417448, 609022.4 2417465, 609003.4 2417483, 608985.4 2417502, 608968.4 2417522, 608952.4 2417542, 608937.6 2417564, 608923.9 2417586, 608911.4 2417609, 608900.2 2417633, 608890.2 2417657, 608881.4 2417682, 608874 2417707, 608867.9 2417732, 608863.1 2417758, 608859.7 2417784, 608857.6 2417810, 608856.9 2417836, 608857.6 2417862, 608859.7 2417888, 608863.1 2417914, 608867.9 2417940, 608874 2417966, 608881.4 2417991, 608890.2 2418015, 608900.2 2418040, 608911.4 2418063, 608923.9 2418086, 608937.6 2418109, 608952.4 2418130, 608968.4 2418151, 608985.4 2418171, 609003.4 2418190, 609022.4 2418208, 609042.3 2418225, 609063 2418241, 609084.6 2418256, 609106.9 2418269, 609129.9 2418282, 609153.6 2418293, 609177.8 2418303, 609202.4 2418312, 609227.5 2418319, 609253 2418325, 609278.7 2418330, 609304.7 2418333, 609330.8 2418336, 609356.9 2418336, 609383.1 2418336, 609409.2 2418333, 609435.2 2418330, 609460.9 2418325, 609486.4 2418319, 609511.5 2418312, 609536.1 2418303, 609560.3 2418293, 609583.9 2418282, 609606.9 2418269, 609629.3 2418256, 609650.8 2418241, 609671.6 2418225, 609691.5 2418208, 609710.5 2418190, 609728.5 2418171, 609745.5 2418151, 609761.5 2418130, 609776.3 2418109, 609790 2418086, 609802.4 2418063, 609813.7 2418040, 609823.7 2418015, 609832.5 2417991, 609839.9 2417966, 609846 2417940, 609850.8 2417914, 609854.2 2417888, 609856.3 2417862, 609856.9 2417836))"
41,20260550,Forest,4145.535714285714,150.66564554460183,2.5223120694818806,1,Hani,NA,NA,0,1,0,627,203.08474235355794,223.13486127961085,1771.8985595703125,13.582602500915527,235.4606949155072,646439.3371582031,0,0.09339646186114829,1,122,0,0,15886.506843566895,0.024575402408840395,0,1,-0.5669714567558438,-0.8237374382800361,8.32978730271292,5.015063113782317,0.9251759687782185,"POLYGON ((620064.1 2430281, 620063.4 2430255, 620061.4 2430229, 620058 2430203, 620053.2 2430177, 620047.1 2430152, 620039.6 2430127, 620030.9 2430102, 620020.9 2430078, 620009.6 2430054, 619997.1 2430031, 619983.4 2430009, 619968.6 2429987, 619952.7 2429967, 619935.7 2429947, 619917.7 2429928, 619898.7 2429910, 619878.8 2429893, 619858 2429877, 619836.4 2429862, 619814.1 2429848, 619791.1 2429836, 619767.5 2429825, 619743.3 2429815, 619718.6 2429806, 619693.5 2429798, 619668.1 2429792, 619642.3 2429787, 619616.4 2429784, 619590.3 2429782, 619564.1 2429781, 619537.9 2429782, 619511.9 2429784, 619485.9 2429787, 619460.2 2429792, 619434.7 2429798, 619409.6 2429806, 619384.9 2429815, 619360.7 2429825, 619337.1 2429836, 619314.1 2429848, 619291.8 2429862, 619270.2 2429877, 619249.5 2429893, 619229.5 2429910, 619210.6 2429928, 619192.5 2429947, 619175.5 2429967, 619159.6 2429987, 619144.8 2430009, 619131.1 2430031, 619118.6 2430054, 619107.3 2430078, 619097.3 2430102, 619088.6 2430127, 619081.2 2430152, 619075 2430177, 619070.3 2430203, 619066.9 2430229, 619064.8 2430255, 619064.1 2430281, 619064.8 2430308, 619066.9 2430334, 619070.3 2430360, 619075 2430385, 619081.2 2430411, 619088.6 2430436, 619097.3 2430461, 619107.3 2430485, 619118.6 2430508, 619131.1 2430531, 619144.8 2430554, 619159.6 2430575, 619175.5 2430596, 619192.5 2430616, 619210.6 2430635, 619229.5 2430653, 619249.5 2430670, 619270.2 2430686, 619291.8 2430701, 619314.1 2430714, 619337.1 2430727, 619360.7 2430738, 619384.9 2430748, 619409.6 2430757, 619434.7 2430764, 619460.2 2430770, 619485.9 2430775, 619511.9 2430779, 619537.9 2430781, 619564.1 2430781, 619590.3 2430781, 619616.4 2430779, 619642.3 2430775, 619668.1 2430770, 619693.5 2430764, 619718.6 2430757, 619743.3 2430748, 619767.5 2430738, 619791.1 2430727, 619814.1 2430714, 619836.4 2430701, 619858 2430686, 619878.8 2430670, 619898.7 2430653, 619917.7 2430635, 619935.7 2430616, 619952.7 2430596, 619968.6 2430575, 619983.4 2430554, 619997.1 2430531, 620009.6 2430508, 620020.9 2430485, 620030.9 2430461, 620039.6 2430436, 620047.1 2430411, 620053.2 2430385, 620058 2430360, 620061.4 2430334, 620063.4 2430308, 620064.1 2430281))"
41,20260550,Forest,2591.573353577529,41.89499305379046,0.6281028368794326,0,Hani,NA,NA,0,1,0,717,57.08308309589622,945.5508467510073,1059.8809814453125,14.856297492980957,121.61043837332274,785039.3371582031,0,0.16648543550818817,1,76,730271.66748046875,0.9302357638841511,45551.970291137695,0.05802507993552678,0,1,-0.5241410682787313,0.8516314581693365,7.860020442680657,3.7351663222647935,-0.46505137292726917,"POLYGON ((667889.5 2403330, 667888.8 2403304, 667886.8 2403278, 667883.4 2403252, 667878.6 2403226, 667872.5 2403201, 667865.1 2403176, 667856.3 2403151, 667846.3 2403127, 667835 2403103, 667822.5 2403080, 667808.9 2403058, 667794 2403036, 667778.1 2403016, 667761.1 2402996, 667743.1 2402977, 667724.1 2402959, 667704.2 2402942, 667683.4 2402926, 667661.8 2402911, 667639.5 2402897, 667616.5 2402885, 667592.9 2402874, 667568.7 2402864, 667544 2402855, 667518.9 2402847, 667493.5 2402841, 667467.7 2402837, 667441.8 2402833, 667415.7 2402831, 667389.5 2402830, 667363.4 2402831, 667337.3 2402833, 667311.3 2402837, 667285.6 2402841, 667260.1 2402847, 667235 2402855, 667210.3 2402864, 667186.2 2402874, 667162.5 2402885, 667139.5 2402897, 667117.2 2402911, 667095.6 2402926, 667074.9 2402942, 667055 2402959, 667036 2402977, 667018 2402996, 667001 2403016, 666985 2403036, 666970.2 2403058, 666956.5 2403080, 666944 2403103, 666932.8 2403127, 666922.7 2403151, 666914 2403176, 666906.6 2403201, 666900.5 2403226, 666895.7 2403252, 666892.3 2403278, 666890.2 2403304, 666889.5 2403330, 666890.2 2403357, 666892.3 2403383, 666895.7 2403409, 666900.5 2403434, 666906.6 2403460, 666914 2403485, 666922.7 2403510, 666932.8 2403534, 666944 2403557, 666956.5 2403580, 666970.2 2403603, 666985 2403624, 667001 2403645, 667018 2403665, 667036 2403684, 667055 2403702, 667074.9 2403719, 667095.6 2403735, 667117.2 2403750, 667139.5 2403763, 667162.5 2403776, 667186.2 2403787, 667210.3 2403797, 667235 2403806, 667260.1 2403813, 667285.6 2403819, 667311.3 2403824, 667337.3 2403828, 667363.4 2403830, 667389.5 2403830, 667415.7 2403830, 667441.8 2403828, 667467.7 2403824, 667493.5 2403819, 667518.9 2403813, 667544 2403806, 667568.7 2403797, 667592.9 2403787, 667616.5 2403776, 667639.5 2403763, 667661.8 2403750, 667683.4 2403735, 667704.2 2403719, 667724.1 2403702, 667743.1 2403684, 667761.1 2403665, 667778.1 2403645, 667794 2403624, 667808.9 2403603, 667822.5 2403580, 667835 2403557, 667846.3 2403534, 667856.3 2403510, 667865.1 2403485, 667872.5 2403460, 667878.6 2403434, 667883.4 2403409, 667886.8 2403383, 667888.8 2403357, 667889.5 2403330))"
41,20260550,Forest,2427.4055798064146,44.86582602524312,1.2636412749864938,0,Hani,NA,NA,0,1,0,1198,1022.539287683721,1261.8399664971912,857.4837646484375,15.132962226867676,332.4081127936221,785039.3371582031,0,0.0539887534672784,1,110,0,0,0,0,0,1,0.886269170730861,-0.4631705485153735,7.794578303345739,3.8036763919311,0.23399745401068153,"POLYGON ((685509.4 2396088, 685508.7 2396062, 685506.7 2396036, 685503.3 2396010, 685498.5 2395984, 685492.4 2395958, 685484.9 2395933, 685476.2 2395909, 685466.2 2395884, 685454.9 2395861, 685442.4 2395838, 685428.8 2395815, 685413.9 2395794, 685398 2395773, 685381 2395753, 685363 2395734, 685344 2395716, 685324.1 2395699, 685303.3 2395683, 685281.7 2395668, 685259.4 2395655, 685236.4 2395642, 685212.8 2395631, 685188.6 2395621, 685163.9 2395612, 685138.8 2395605, 685113.4 2395599, 685087.6 2395594, 685061.7 2395591, 685035.6 2395588, 685009.4 2395588, 684983.2 2395588, 684957.2 2395591, 684931.2 2395594, 684905.5 2395599, 684880 2395605, 684854.9 2395612, 684830.2 2395621, 684806 2395631, 684782.4 2395642, 684759.4 2395655, 684737.1 2395668, 684715.5 2395683, 684694.8 2395699, 684674.9 2395716, 684655.9 2395734, 684637.8 2395753, 684620.8 2395773, 684604.9 2395794, 684590.1 2395815, 684576.4 2395838, 684563.9 2395861, 684552.6 2395884, 684542.6 2395909, 684533.9 2395933, 684526.5 2395958, 684520.3 2395984, 684515.6 2396010, 684512.2 2396036, 684510.1 2396062, 684509.4 2396088, 684510.1 2396114, 684512.2 2396140, 684515.6 2396166, 684520.3 2396192, 684526.5 2396217, 684533.9 2396242, 684542.6 2396267, 684552.6 2396291, 684563.9 2396315, 684576.4 2396338, 684590.1 2396360, 684604.9 2396382, 684620.8 2396402, 684637.8 2396422, 684655.9 2396441, 684674.9 2396459, 684694.8 2396476, 684715.5 2396492, 684737.1 2396507, 684759.4 2396521, 684782.4 2396533, 684806 2396545, 684830.2 2396555, 684854.9 2396563, 684880 2396571, 684905.5 2396577, 684931.2 2396582, 684957.2 2396585, 684983.2 2396587, 685009.4 2396588, 685035.6 2396587, 685061.7 2396585, 685087.6 2396582, 685113.4 2396577, 685138.8 2396571, 685163.9 2396563, 685188.6 2396555, 685212.8 2396545, 685236.4 2396533, 685259.4 2396521, 685281.7 2396507, 685303.3 2396492, 685324.1 2396476, 685344 2396459, 685363 2396441, 685381 2396422, 685398 2396402, 685413.9 2396382, 685428.8 2396360, 685442.4 2396338, 685454.9 2396315, 685466.2 2396291, 685476.2 2396267, 685484.9 2396242, 685492.4 2396217, 685498.5 2396192, 685503.3 2396166, 685506.7 2396140, 685508.7 2396114, 685509.4 2396088))"
41,20260550,Forest,8472.744360902256,27.219660257375487,0.31721384205856257,0,Hani,NA,NA,0,1,0,1200,497.94948201400734,949.0832455441441,588.125,9.615927696228027,219.01428921079284,6829.916954040527,195583.4197998047,0.29715940894471027,1,66,6829.916954040527,1,0,0,0,1,-0.7769889887018839,-0.6295141868425395,9.044609744717965,3.303939515785232,-1.1481791519057138,"POLYGON ((706539.2 2416852, 706538.6 2416826, 706536.5 2416800, 706533.1 2416774, 706528.3 2416748, 706522.2 2416722, 706514.8 2416697, 706506 2416673, 706496 2416648, 706484.8 2416625, 706472.3 2416602, 706458.6 2416579, 706443.8 2416558, 706427.8 2416537, 706410.8 2416517, 706392.8 2416498, 706373.8 2416480, 706353.9 2416463, 706333.1 2416447, 706311.6 2416432, 706289.2 2416419, 706266.2 2416406, 706242.6 2416395, 706218.4 2416385, 706193.8 2416376, 706168.7 2416369, 706143.2 2416363, 706117.5 2416358, 706091.5 2416355, 706065.4 2416352, 706039.2 2416352, 706013.1 2416352, 705987 2416355, 705961 2416358, 705935.3 2416363, 705909.8 2416369, 705884.7 2416376, 705860.1 2416385, 705835.9 2416395, 705812.3 2416406, 705789.2 2416419, 705766.9 2416432, 705745.4 2416447, 705724.6 2416463, 705704.7 2416480, 705685.7 2416498, 705667.7 2416517, 705650.7 2416537, 705634.7 2416558, 705619.9 2416579, 705606.2 2416602, 705593.7 2416625, 705582.5 2416648, 705572.5 2416673, 705563.7 2416697, 705556.3 2416722, 705550.2 2416748, 705545.4 2416774, 705542 2416800, 705539.9 2416826, 705539.2 2416852, 705539.9 2416878, 705542 2416904, 705545.4 2416930, 705550.2 2416956, 705556.3 2416981, 705563.7 2417006, 705572.5 2417031, 705582.5 2417055, 705593.7 2417079, 705606.2 2417102, 705619.9 2417124, 705634.7 2417146, 705650.7 2417166, 705667.7 2417186, 705685.7 2417205, 705704.7 2417223, 705724.6 2417240, 705745.4 2417256, 705766.9 2417271, 705789.2 2417285, 705812.3 2417297, 705835.9 2417309, 705860.1 2417319, 705884.7 2417327, 705909.8 2417335, 705935.3 2417341, 705961 2417346, 705987 2417349, 706013.1 2417351, 706039.2 2417352, 706065.4 2417351, 706091.5 2417349, 706117.5 2417346, 706143.2 2417341, 706168.7 2417335, 706193.8 2417327, 706218.4 2417319, 706242.6 2417309, 706266.2 2417297, 706289.2 2417285, 706311.6 2417271, 706333.1 2417256, 706353.9 2417240, 706373.8 2417223, 706392.8 2417205, 706410.8 2417186, 706427.8 2417166, 706443.8 2417146, 706458.6 2417124, 706472.3 2417102, 706484.8 2417079, 706496 2417055, 706506 2417031, 706514.8 2417006, 706522.2 2416981, 706528.3 2416956, 706533.1 2416930, 706536.5 2416904, 706538.6 2416878, 706539.2 2416852))"
41,20260550,Forest,2427.4055798064146,44.86582602524312,1.2636412749864938,0,Hani,NA,NA,0,1,0,1257,642.2738483242887,750.7534820903829,852.37164306640625,14.805976867675781,152.32050892282248,760208.53271484375,24830.795860290527,0.1476329921566191,1,85,9000,0.011838856856630317,0,0,0,1,-0.8855599584166441,0.4645250908714313,7.794578303345739,3.8036763919311,0.23399745401068153,"POLYGON ((685523 2396633, 685522.3 2396607, 685520.2 2396581, 685516.8 2396555, 685512.1 2396529, 685505.9 2396503, 685498.5 2396478, 685489.8 2396454, 685479.8 2396430, 685468.5 2396406, 685456 2396383, 685442.3 2396361, 685427.5 2396339, 685411.6 2396318, 685394.6 2396298, 685376.5 2396279, 685357.6 2396261, 685337.6 2396244, 685316.9 2396228, 685295.3 2396214, 685273 2396200, 685250 2396187, 685226.4 2396176, 685202.2 2396166, 685177.5 2396157, 685152.4 2396150, 685126.9 2396144, 685101.2 2396139, 685075.2 2396136, 685049.2 2396134, 685023 2396133, 684996.8 2396134, 684970.7 2396136, 684944.8 2396139, 684919 2396144, 684893.6 2396150, 684868.5 2396157, 684843.8 2396166, 684819.6 2396176, 684796 2396187, 684773 2396200, 684750.7 2396214, 684729.1 2396228, 684708.3 2396244, 684688.4 2396261, 684669.4 2396279, 684651.4 2396298, 684634.4 2396318, 684618.5 2396339, 684603.7 2396361, 684590 2396383, 684577.5 2396406, 684566.2 2396430, 684556.2 2396454, 684547.5 2396478, 684540 2396503, 684533.9 2396529, 684529.1 2396555, 684525.7 2396581, 684523.7 2396607, 684523 2396633, 684523.7 2396659, 684525.7 2396685, 684529.1 2396711, 684533.9 2396737, 684540 2396762, 684547.5 2396787, 684556.2 2396812, 684566.2 2396836, 684577.5 2396860, 684590 2396883, 684603.7 2396905, 684618.5 2396927, 684634.4 2396948, 684651.4 2396967, 684669.4 2396986, 684688.4 2397004, 684708.3 2397021, 684729.1 2397037, 684750.7 2397052, 684773 2397066, 684796 2397078, 684819.6 2397090, 684843.8 2397100, 684868.5 2397108, 684893.6 2397116, 684919 2397122, 684944.8 2397127, 684970.7 2397130, 684996.8 2397132, 685023 2397133, 685049.2 2397132, 685075.2 2397130, 685101.2 2397127, 685126.9 2397122, 685152.4 2397116, 685177.5 2397108, 685202.2 2397100, 685226.4 2397090, 685250 2397078, 685273 2397066, 685295.3 2397052, 685316.9 2397037, 685337.6 2397021, 685357.6 2397004, 685376.5 2396986, 685394.6 2396967, 685411.6 2396948, 685427.5 2396927, 685442.3 2396905, 685456 2396883, 685468.5 2396860, 685479.8 2396836, 685489.8 2396812, 685498.5 2396787, 685505.9 2396762, 685512.1 2396737, 685516.8 2396711, 685520.2 2396685, 685522.3 2396659, 685523 2396633))"
41,20260550,Forest,5351.11026760296,13.711033575247699,0.13435474366529168,0,Hani,NA,NA,0,1,0,1411,39.71205193263421,292.5998374074138,1070.7337646484375,15.784313201904297,89.46460933576927,785039.3371582031,0,0.17692041925341698,1,83,494145.5383300781,0.6294532196550255,144206.6390991211,0.18369351989562813,0,1,0.009344193890161672,0.999956342067264,8.585059345014134,2.6182008791533518,-2.0072716362797856,"POLYGON ((677428.7 2411870, 677428 2411844, 677426 2411817, 677422.5 2411791, 677417.8 2411766, 677411.7 2411740, 677404.2 2411715, 677395.5 2411691, 677385.5 2411666, 677374.2 2411643, 677361.7 2411620, 677348 2411597, 677333.2 2411576, 677317.3 2411555, 677300.3 2411535, 677282.3 2411516, 677263.3 2411498, 677243.4 2411481, 677222.6 2411465, 677201 2411450, 677178.7 2411437, 677155.7 2411424, 677132.1 2411413, 677107.9 2411403, 677083.2 2411394, 677058.1 2411387, 677032.7 2411381, 677006.9 2411376, 676981 2411372, 676954.9 2411370, 676928.7 2411370, 676902.5 2411370, 676876.4 2411372, 676850.5 2411376, 676824.7 2411381, 676799.3 2411387, 676774.2 2411394, 676749.5 2411403, 676725.3 2411413, 676701.7 2411424, 676678.7 2411437, 676656.4 2411450, 676634.8 2411465, 676614 2411481, 676594.1 2411498, 676575.1 2411516, 676557.1 2411535, 676540.1 2411555, 676524.2 2411576, 676509.4 2411597, 676495.7 2411620, 676483.2 2411643, 676471.9 2411666, 676461.9 2411691, 676453.2 2411715, 676445.7 2411740, 676439.6 2411766, 676434.9 2411791, 676431.4 2411817, 676429.4 2411844, 676428.7 2411870, 676429.4 2411896, 676431.4 2411922, 676434.9 2411948, 676439.6 2411974, 676445.7 2411999, 676453.2 2412024, 676461.9 2412049, 676471.9 2412073, 676483.2 2412097, 676495.7 2412120, 676509.4 2412142, 676524.2 2412164, 676540.1 2412184, 676557.1 2412204, 676575.1 2412223, 676594.1 2412241, 676614 2412258, 676634.8 2412274, 676656.4 2412289, 676678.7 2412303, 676701.7 2412315, 676725.3 2412326, 676749.5 2412337, 676774.2 2412345, 676799.3 2412353, 676824.7 2412359, 676850.5 2412364, 676876.4 2412367, 676902.5 2412369, 676928.7 2412370, 676954.9 2412369, 676981 2412367, 677006.9 2412364, 677032.7 2412359, 677058.1 2412353, 677083.2 2412345, 677107.9 2412337, 677132.1 2412326, 677155.7 2412315, 677178.7 2412303, 677201 2412289, 677222.6 2412274, 677243.4 2412258, 677263.3 2412241, 677282.3 2412223, 677300.3 2412204, 677317.3 2412184, 677333.2 2412164, 677348 2412142, 677361.7 2412120, 677374.2 2412097, 677385.5 2412073, 677395.5 2412049, 677404.2 2412024, 677411.7 2411999, 677417.8 2411974, 677422.5 2411948, 677426 2411922, 677428 2411896, 677428.7 2411870))"
41,20260550,Forest,9620.300751879699,41.51503560607066,0.2980101804720037,0,Hani,NA,NA,0,1,0,1643,510.9419725477653,1409.7291264661176,727.49163818359375,10.581727027893066,196.33679884944763,65927.581787109375,703394.7692871094,0.22637184438731525,1,53,65927.581787109375,1,0,0,0,1,-0.9596248327234214,-0.281283096578066,9.171630806360227,3.726055665381232,-1.2106276304025323,"POLYGON ((701610.2 2405307, 701609.5 2405280, 701607.5 2405254, 701604.1 2405228, 701599.3 2405203, 701593.2 2405177, 701585.7 2405152, 701577 2405127, 701567 2405103, 701555.7 2405080, 701543.2 2405057, 701529.5 2405034, 701514.7 2405013, 701498.8 2404992, 701481.8 2404972, 701463.8 2404953, 701444.8 2404935, 701424.9 2404918, 701404.1 2404902, 701382.5 2404887, 701360.2 2404874, 701337.2 2404861, 701313.6 2404850, 701289.4 2404840, 701264.7 2404831, 701239.6 2404824, 701214.2 2404817, 701188.4 2404813, 701162.5 2404809, 701136.4 2404807, 701110.2 2404807, 701084 2404807, 701057.9 2404809, 701032 2404813, 701006.3 2404817, 700980.8 2404824, 700955.7 2404831, 700931 2404840, 700906.8 2404850, 700883.2 2404861, 700860.2 2404874, 700837.9 2404887, 700816.3 2404902, 700795.5 2404918, 700775.6 2404935, 700756.7 2404953, 700738.6 2404972, 700721.6 2404992, 700705.7 2405013, 700690.9 2405034, 700677.2 2405057, 700664.7 2405080, 700653.4 2405103, 700643.4 2405127, 700634.7 2405152, 700627.2 2405177, 700621.1 2405203, 700616.4 2405228, 700612.9 2405254, 700610.9 2405280, 700610.2 2405307, 700610.9 2405333, 700612.9 2405359, 700616.4 2405385, 700621.1 2405410, 700627.2 2405436, 700634.7 2405461, 700643.4 2405486, 700653.4 2405510, 700664.7 2405534, 700677.2 2405557, 700690.9 2405579, 700705.7 2405600, 700721.6 2405621, 700738.6 2405641, 700756.7 2405660, 700775.6 2405678, 700795.5 2405695, 700816.3 2405711, 700837.9 2405726, 700860.2 2405740, 700883.2 2405752, 700906.8 2405763, 700931 2405773, 700955.7 2405782, 700980.8 2405789, 701006.3 2405796, 701032 2405800, 701057.9 2405804, 701084 2405806, 701110.2 2405807, 701136.4 2405806, 701162.5 2405804, 701188.4 2405800, 701214.2 2405796, 701239.6 2405789, 701264.7 2405782, 701289.4 2405773, 701313.6 2405763, 701337.2 2405752, 701360.2 2405740, 701382.5 2405726, 701404.1 2405711, 701424.9 2405695, 701444.8 2405678, 701463.8 2405660, 701481.8 2405641, 701498.8 2405621, 701514.7 2405600, 701529.5 2405579, 701543.2 2405557, 701555.7 2405534, 701567 2405510, 701577 2405486, 701585.7 2405461, 701593.2 2405436, 701599.3 2405410, 701604.1 2405385, 701607.5 2405359, 701609.5 2405333, 701610.2 2405307))"
41,20260550,Forest,9611.842105263157,35.375788827246616,0.27491408934707906,0,Hani,NA,NA,0,1,0,1760,719.783799967847,1655.814538213709,785.91912841796875,5.968017578125,44.28309884264565,23400,139997.10388183594,0.44007001337312873,1,96,23400,1,0,0,0,1,0.7158987216930347,0.6982041394021371,9.17075116988656,3.5660276547182206,-1.2912966324976107,"POLYGON ((695929.9 2405826, 695929.3 2405799, 695927.2 2405773, 695923.8 2405747, 695919 2405722, 695912.9 2405696, 695905.5 2405671, 695896.7 2405646, 695886.7 2405622, 695875.4 2405599, 695863 2405576, 695849.3 2405553, 695834.4 2405532, 695818.5 2405511, 695801.5 2405491, 695783.5 2405472, 695764.5 2405454, 695744.6 2405437, 695723.8 2405421, 695702.3 2405406, 695679.9 2405393, 695656.9 2405380, 695633.3 2405369, 695609.1 2405359, 695584.4 2405350, 695559.3 2405343, 695533.9 2405336, 695508.2 2405332, 695482.2 2405328, 695456.1 2405326, 695429.9 2405326, 695403.8 2405326, 695377.7 2405328, 695351.7 2405332, 695326 2405336, 695300.5 2405343, 695275.4 2405350, 695250.8 2405359, 695226.6 2405369, 695202.9 2405380, 695179.9 2405393, 695157.6 2405406, 695136 2405421, 695115.3 2405437, 695095.4 2405454, 695076.4 2405472, 695058.4 2405491, 695041.4 2405511, 695025.4 2405532, 695010.6 2405553, 694996.9 2405576, 694984.4 2405599, 694973.2 2405622, 694963.1 2405646, 694954.4 2405671, 694947 2405696, 694940.9 2405722, 694936.1 2405747, 694932.7 2405773, 694930.6 2405799, 694929.9 2405826, 694930.6 2405852, 694932.7 2405878, 694936.1 2405904, 694940.9 2405930, 694947 2405955, 694954.4 2405980, 694963.1 2406005, 694973.2 2406029, 694984.4 2406053, 694996.9 2406076, 695010.6 2406098, 695025.4 2406119, 695041.4 2406140, 695058.4 2406160, 695076.4 2406179, 695095.4 2406197, 695115.3 2406214, 695136 2406230, 695157.6 2406245, 695179.9 2406259, 695202.9 2406271, 695226.6 2406282, 695250.8 2406292, 695275.4 2406301, 695300.5 2406309, 695326 2406315, 695351.7 2406319, 695377.7 2406323, 695403.8 2406325, 695429.9 2406326, 695456.1 2406325, 695482.2 2406323, 695508.2 2406319, 695533.9 2406315, 695559.3 2406309, 695584.4 2406301, 695609.1 2406292, 695633.3 2406282, 695656.9 2406271, 695679.9 2406259, 695702.3 2406245, 695723.8 2406230, 695744.6 2406214, 695764.5 2406197, 695783.5 2406179, 695801.5 2406160, 695818.5 2406140, 695834.4 2406119, 695849.3 2406098, 695863 2406076, 695875.4 2406053, 695886.7 2406029, 695896.7 2406005, 695905.5 2405980, 695912.9 2405955, 695919 2405930, 695923.8 2405904, 695927.2 2405878, 695929.3 2405852, 695929.9 2405826))"
41,20260550,Forest,2715.8853672423606,19.408732153463,0.688783570300158,0,Hani,NA,NA,0,1,0,1898,231.80253410660612,657.9872955358608,1668.0274658203125,11.57742977142334,79.12813624523751,785039.3371582031,0,0.21451187988042977,1,49,0,0,15933.409881591797,0.020296320359269916,0,1,0.1886132096276545,0.9820514534147151,7.906873281323348,2.9657230758029596,-0.3728281787951418,"POLYGON ((659144.7 2399347, 659144.1 2399321, 659142 2399295, 659138.6 2399269, 659133.8 2399243, 659127.7 2399217, 659120.3 2399192, 659111.5 2399168, 659101.5 2399143, 659090.2 2399120, 659077.8 2399097, 659064.1 2399074, 659049.3 2399053, 659033.3 2399032, 659016.3 2399012, 658998.3 2398993, 658979.3 2398975, 658959.4 2398958, 658938.6 2398942, 658917.1 2398927, 658894.7 2398914, 658871.7 2398901, 658848.1 2398890, 658823.9 2398880, 658799.3 2398871, 658774.2 2398864, 658748.7 2398858, 658723 2398853, 658697 2398850, 658670.9 2398847, 658644.7 2398847, 658618.6 2398847, 658592.5 2398850, 658566.5 2398853, 658540.8 2398858, 658515.3 2398864, 658490.2 2398871, 658465.6 2398880, 658441.4 2398890, 658417.7 2398901, 658394.7 2398914, 658372.4 2398927, 658350.9 2398942, 658330.1 2398958, 658310.2 2398975, 658291.2 2398993, 658273.2 2399012, 658256.2 2399032, 658240.2 2399053, 658225.4 2399074, 658211.7 2399097, 658199.2 2399120, 658188 2399143, 658178 2399168, 658169.2 2399192, 658161.8 2399217, 658155.7 2399243, 658150.9 2399269, 658147.5 2399295, 658145.4 2399321, 658144.7 2399347, 658145.4 2399373, 658147.5 2399399, 658150.9 2399425, 658155.7 2399451, 658161.8 2399476, 658169.2 2399501, 658178 2399526, 658188 2399550, 658199.2 2399574, 658211.7 2399597, 658225.4 2399619, 658240.2 2399641, 658256.2 2399661, 658273.2 2399681, 658291.2 2399700, 658310.2 2399718, 658330.1 2399735, 658350.9 2399751, 658372.4 2399766, 658394.7 2399780, 658417.7 2399792, 658441.4 2399804, 658465.6 2399814, 658490.2 2399822, 658515.3 2399830, 658540.8 2399836, 658566.5 2399841, 658592.5 2399844, 658618.6 2399846, 658644.7 2399847, 658670.9 2399846, 658697 2399844, 658723 2399841, 658748.7 2399836, 658774.2 2399830, 658799.3 2399822, 658823.9 2399814, 658848.1 2399804, 658871.7 2399792, 658894.7 2399780, 658917.1 2399766, 658938.6 2399751, 658959.4 2399735, 658979.3 2399718, 658998.3 2399700, 659016.3 2399681, 659033.3 2399661, 659049.3 2399641, 659064.1 2399619, 659077.8 2399597, 659090.2 2399574, 659101.5 2399550, 659111.5 2399526, 659120.3 2399501, 659127.7 2399476, 659133.8 2399451, 659138.6 2399425, 659142 2399399, 659144.1 2399373, 659144.7 2399347))"
41,20260550,Forest,5351.11026760296,13.711033575247699,0.13435474366529168,0,Hani,NA,NA,0,1,0,2001,60.30225985675318,814.5324843975192,823.58392333984375,12.986132621765137,176.9200285007704,15726.279830932617,204250.20446777344,0.22773564083767558,1,78,15726.279830932617,1,0,0,0,1,-0.998555513285379,0.05372975793146054,8.585059345014134,2.6182008791533518,-2.0072716362797856,"POLYGON ((678964.5 2409046, 678963.8 2409020, 678961.7 2408994, 678958.3 2408968, 678953.6 2408942, 678947.4 2408916, 678940 2408891, 678931.3 2408867, 678921.3 2408842, 678910 2408819, 678897.5 2408796, 678883.8 2408773, 678869 2408752, 678853.1 2408731, 678836.1 2408711, 678818 2408692, 678799.1 2408674, 678779.1 2408657, 678758.4 2408641, 678736.8 2408626, 678714.5 2408613, 678691.5 2408600, 678667.9 2408589, 678643.7 2408579, 678619 2408570, 678593.9 2408563, 678568.4 2408557, 678542.7 2408552, 678516.7 2408549, 678490.7 2408546, 678464.5 2408546, 678438.3 2408546, 678412.2 2408549, 678386.3 2408552, 678360.5 2408557, 678335.1 2408563, 678310 2408570, 678285.3 2408579, 678261.1 2408589, 678237.5 2408600, 678214.5 2408613, 678192.2 2408626, 678170.6 2408641, 678149.8 2408657, 678129.9 2408674, 678110.9 2408692, 678092.9 2408711, 678075.9 2408731, 678060 2408752, 678045.1 2408773, 678031.5 2408796, 678019 2408819, 678007.7 2408842, 677997.7 2408867, 677989 2408891, 677981.5 2408916, 677975.4 2408942, 677970.6 2408968, 677967.2 2408994, 677965.2 2409020, 677964.5 2409046, 677965.2 2409072, 677967.2 2409098, 677970.6 2409124, 677975.4 2409150, 677981.5 2409175, 677989 2409200, 677997.7 2409225, 678007.7 2409249, 678019 2409273, 678031.5 2409296, 678045.1 2409318, 678060 2409340, 678075.9 2409360, 678092.9 2409380, 678110.9 2409399, 678129.9 2409417, 678149.8 2409434, 678170.6 2409450, 678192.2 2409465, 678214.5 2409479, 678237.5 2409491, 678261.1 2409503, 678285.3 2409513, 678310 2409521, 678335.1 2409529, 678360.5 2409535, 678386.3 2409540, 678412.2 2409543, 678438.3 2409545, 678464.5 2409546, 678490.7 2409545, 678516.7 2409543, 678542.7 2409540, 678568.4 2409535, 678593.9 2409529, 678619 2409521, 678643.7 2409513, 678667.9 2409503, 678691.5 2409491, 678714.5 2409479, 678736.8 2409465, 678758.4 2409450, 678779.1 2409434, 678799.1 2409417, 678818 2409399, 678836.1 2409380, 678853.1 2409360, 678869 2409340, 678883.8 2409318, 678897.5 2409296, 678910 2409273, 678921.3 2409249, 678931.3 2409225, 678940 2409200, 678947.4 2409175, 678953.6 2409150, 678958.3 2409124, 678961.7 2409098, 678963.8 2409072, 678964.5 2409046))"
41,20260550,Forest,5307.45872081989,36.630721511716736,0.5234012147195427,0,Hani,NA,NA,0,1,0,2008,504.15074920771303,981.5825173845302,707.1939697265625,10.51678466796875,60.74366487420484,189923.73046875,150256.2744140625,0.3284241906161284,1,58,13503.744792938232,0.07110088223103923,11700,0.06160367622899612,0,1,0.48871770934964315,0.8724419754734625,8.576868416028539,3.6008872738862983,-0.6474069680642858,"POLYGON ((687598.8 2404436, 687598.2 2404410, 687596.1 2404384, 687592.7 2404358, 687587.9 2404332, 687581.8 2404307, 687574.4 2404282, 687565.6 2404257, 687555.6 2404233, 687544.3 2404209, 687531.9 2404186, 687518.2 2404164, 687503.3 2404142, 687487.4 2404121, 687470.4 2404101, 687452.4 2404082, 687433.4 2404064, 687413.5 2404047, 687392.7 2404032, 687371.2 2404017, 687348.8 2404003, 687325.8 2403991, 687302.2 2403979, 687278 2403969, 687253.3 2403961, 687228.2 2403953, 687202.8 2403947, 687177.1 2403942, 687151.1 2403939, 687125 2403937, 687098.8 2403936, 687072.7 2403937, 687046.6 2403939, 687020.6 2403942, 686994.9 2403947, 686969.4 2403953, 686944.3 2403961, 686919.7 2403969, 686895.5 2403979, 686871.8 2403991, 686848.8 2404003, 686826.5 2404017, 686804.9 2404032, 686784.2 2404047, 686764.3 2404064, 686745.3 2404082, 686727.3 2404101, 686710.3 2404121, 686694.3 2404142, 686679.5 2404164, 686665.8 2404186, 686653.3 2404209, 686642.1 2404233, 686632 2404257, 686623.3 2404282, 686615.9 2404307, 686609.8 2404332, 686605 2404358, 686601.6 2404384, 686599.5 2404410, 686598.8 2404436, 686599.5 2404462, 686601.6 2404488, 686605 2404514, 686609.8 2404540, 686615.9 2404565, 686623.3 2404591, 686632 2404615, 686642.1 2404639, 686653.3 2404663, 686665.8 2404686, 686679.5 2404708, 686694.3 2404730, 686710.3 2404751, 686727.3 2404771, 686745.3 2404790, 686764.3 2404808, 686784.2 2404825, 686804.9 2404841, 686826.5 2404855, 686848.8 2404869, 686871.8 2404882, 686895.5 2404893, 686919.7 2404903, 686944.3 2404912, 686969.4 2404919, 686994.9 2404925, 687020.6 2404930, 687046.6 2404933, 687072.7 2404935, 687098.8 2404936, 687125 2404935, 687151.1 2404933, 687177.1 2404930, 687202.8 2404925, 687228.2 2404919, 687253.3 2404912, 687278 2404903, 687302.2 2404893, 687325.8 2404882, 687348.8 2404869, 687371.2 2404855, 687392.7 2404841, 687413.5 2404825, 687433.4 2404808, 687452.4 2404790, 687470.4 2404771, 687487.4 2404751, 687503.3 2404730, 687518.2 2404708, 687531.9 2404686, 687544.3 2404663, 687555.6 2404639, 687565.6 2404615, 687574.4 2404591, 687581.8 2404565, 687587.9 2404540, 687592.7 2404514, 687596.1 2404488, 687598.2 2404462, 687598.8 2404436))"
41,20260550,Forest,8472.744360902256,27.219660257375487,0.31721384205856257,0,Hani,NA,NA,0,1,0,2037,910.0884940457673,955.2702033465546,550.94073486328125,7.579660415649414,275.88598783302825,5677.513790130615,106095.7260131836,0.30248669108100085,1,60,5677.513790130615,1,0,0,0,1,0.10254927073755443,-0.9947279261542805,9.044609744717965,3.303939515785232,-1.1481791519057138,"POLYGON ((704853.4 2416822, 704852.7 2416796, 704850.6 2416770, 704847.2 2416744, 704842.4 2416718, 704836.3 2416693, 704828.9 2416668, 704820.2 2416643, 704810.1 2416619, 704798.9 2416595, 704786.4 2416572, 704772.7 2416550, 704757.9 2416528, 704741.9 2416508, 704724.9 2416488, 704706.9 2416469, 704687.9 2416451, 704668 2416434, 704647.3 2416418, 704625.7 2416403, 704603.4 2416389, 704580.4 2416377, 704556.7 2416365, 704532.6 2416355, 704507.9 2416347, 704482.8 2416339, 704457.3 2416333, 704431.6 2416328, 704405.6 2416325, 704379.5 2416323, 704353.4 2416322, 704327.2 2416323, 704301.1 2416325, 704275.2 2416328, 704249.4 2416333, 704224 2416339, 704198.9 2416347, 704174.2 2416355, 704150 2416365, 704126.4 2416377, 704103.4 2416389, 704081.1 2416403, 704059.5 2416418, 704038.7 2416434, 704018.8 2416451, 703999.8 2416469, 703981.8 2416488, 703964.8 2416508, 703948.9 2416528, 703934 2416550, 703920.4 2416572, 703907.9 2416595, 703896.6 2416619, 703886.6 2416643, 703877.8 2416668, 703870.4 2416693, 703864.3 2416718, 703859.5 2416744, 703856.1 2416770, 703854.1 2416796, 703853.4 2416822, 703854.1 2416848, 703856.1 2416874, 703859.5 2416900, 703864.3 2416926, 703870.4 2416952, 703877.8 2416977, 703886.6 2417001, 703896.6 2417026, 703907.9 2417049, 703920.4 2417072, 703934 2417095, 703948.9 2417116, 703964.8 2417137, 703981.8 2417157, 703999.8 2417176, 704018.8 2417194, 704038.7 2417211, 704059.5 2417227, 704081.1 2417242, 704103.4 2417255, 704126.4 2417268, 704150 2417279, 704174.2 2417289, 704198.9 2417298, 704224 2417305, 704249.4 2417311, 704275.2 2417316, 704301.1 2417319, 704327.2 2417321, 704353.4 2417322, 704379.5 2417321, 704405.6 2417319, 704431.6 2417316, 704457.3 2417311, 704482.8 2417305, 704507.9 2417298, 704532.6 2417289, 704556.7 2417279, 704580.4 2417268, 704603.4 2417255, 704625.7 2417242, 704647.3 2417227, 704668 2417211, 704687.9 2417194, 704706.9 2417176, 704724.9 2417157, 704741.9 2417137, 704757.9 2417116, 704772.7 2417095, 704786.4 2417072, 704798.9 2417049, 704810.1 2417026, 704820.2 2417001, 704828.9 2416977, 704836.3 2416952, 704842.4 2416926, 704847.2 2416900, 704850.6 2416874, 704852.7 2416848, 704853.4 2416822))"
41,20260550,Forest,6639.069767441861,18.580990665382664,1.670074349442379,0,Hani,NA,NA,0,1,0,2084,135.61574587243834,470.68077473018093,1262.05517578125,12.980694770812988,194.02720939139232,785039.3371582031,0,0.17542582167080642,1,101,0,0,0,0,0,1,-0.9701807297401173,-0.24238265540449364,8.80072713739144,2.9221390508761664,0.5128681460618293,"POLYGON ((675940.5 2416412, 675939.8 2416386, 675937.8 2416359, 675934.3 2416333, 675929.6 2416308, 675923.5 2416282, 675916 2416257, 675907.3 2416233, 675897.3 2416208, 675886 2416185, 675873.5 2416162, 675859.8 2416139, 675845 2416118, 675829.1 2416097, 675812.1 2416077, 675794 2416058, 675775.1 2416040, 675755.1 2416023, 675734.4 2416007, 675712.8 2415992, 675690.5 2415979, 675667.5 2415966, 675643.9 2415955, 675619.7 2415945, 675595 2415936, 675569.9 2415929, 675544.4 2415923, 675518.7 2415918, 675492.8 2415914, 675466.7 2415912, 675440.5 2415912, 675414.3 2415912, 675388.2 2415914, 675362.3 2415918, 675336.5 2415923, 675311.1 2415929, 675286 2415936, 675261.3 2415945, 675237.1 2415955, 675213.5 2415966, 675190.5 2415979, 675168.2 2415992, 675146.6 2416007, 675125.8 2416023, 675105.9 2416040, 675086.9 2416058, 675068.9 2416077, 675051.9 2416097, 675036 2416118, 675021.2 2416139, 675007.5 2416162, 674995 2416185, 674983.7 2416208, 674973.7 2416233, 674965 2416257, 674957.5 2416282, 674951.4 2416308, 674946.6 2416333, 674943.2 2416359, 674941.2 2416386, 674940.5 2416412, 674941.2 2416438, 674943.2 2416464, 674946.6 2416490, 674951.4 2416516, 674957.5 2416541, 674965 2416566, 674973.7 2416591, 674983.7 2416615, 674995 2416639, 675007.5 2416662, 675021.2 2416684, 675036 2416706, 675051.9 2416726, 675068.9 2416746, 675086.9 2416765, 675105.9 2416783, 675125.8 2416800, 675146.6 2416816, 675168.2 2416831, 675190.5 2416845, 675213.5 2416857, 675237.1 2416868, 675261.3 2416878, 675286 2416887, 675311.1 2416895, 675336.5 2416901, 675362.3 2416906, 675388.2 2416909, 675414.3 2416911, 675440.5 2416912, 675466.7 2416911, 675492.8 2416909, 675518.7 2416906, 675544.4 2416901, 675569.9 2416895, 675595 2416887, 675619.7 2416878, 675643.9 2416868, 675667.5 2416857, 675690.5 2416845, 675712.8 2416831, 675734.4 2416816, 675755.1 2416800, 675775.1 2416783, 675794 2416765, 675812.1 2416746, 675829.1 2416726, 675845 2416706, 675859.8 2416684, 675873.5 2416662, 675886 2416639, 675897.3 2416615, 675907.3 2416591, 675916 2416566, 675923.5 2416541, 675929.6 2416516, 675934.3 2416490, 675937.8 2416464, 675939.8 2416438, 675940.5 2416412))"
41,20260550,Forest,7221.484152590624,50.11014177252991,0.7464285714285714,0,Hani,NA,NA,0,1,0,2233,1129.6654962230427,1287.2604157097342,654.61968994140625,5.233531951904297,1.7640099260669593,16699.596405029297,18595.503616333008,0.42028296846635194,1,84,16699.596405029297,1,0,0,0,1,0.999526093698849,0.030782917586212457,8.884815772062684,3.9142234181939313,-0.2924553512044386,"POLYGON ((678311.2 2390320, 678310.5 2390294, 678308.5 2390268, 678305.1 2390242, 678300.3 2390216, 678294.2 2390190, 678286.8 2390165, 678278 2390141, 678268 2390116, 678256.7 2390093, 678244.2 2390070, 678230.6 2390048, 678215.7 2390026, 678199.8 2390005, 678182.8 2389985, 678164.8 2389966, 678145.8 2389948, 678125.9 2389931, 678105.1 2389915, 678083.5 2389901, 678061.2 2389887, 678038.2 2389874, 678014.6 2389863, 677990.4 2389853, 677965.7 2389844, 677940.6 2389837, 677915.2 2389831, 677889.4 2389826, 677863.5 2389823, 677837.4 2389821, 677811.2 2389820, 677785.1 2389821, 677759 2389823, 677733 2389826, 677707.3 2389831, 677681.8 2389837, 677656.7 2389844, 677632 2389853, 677607.9 2389863, 677584.2 2389874, 677561.2 2389887, 677538.9 2389901, 677517.3 2389915, 677496.6 2389931, 677476.7 2389948, 677457.7 2389966, 677439.7 2389985, 677422.7 2390005, 677406.7 2390026, 677391.9 2390048, 677378.2 2390070, 677365.7 2390093, 677354.5 2390116, 677344.4 2390141, 677335.7 2390165, 677328.3 2390190, 677322.2 2390216, 677317.4 2390242, 677314 2390268, 677311.9 2390294, 677311.2 2390320, 677311.9 2390346, 677314 2390372, 677317.4 2390398, 677322.2 2390424, 677328.3 2390449, 677335.7 2390474, 677344.4 2390499, 677354.5 2390523, 677365.7 2390547, 677378.2 2390570, 677391.9 2390592, 677406.7 2390614, 677422.7 2390635, 677439.7 2390654, 677457.7 2390673, 677476.7 2390691, 677496.6 2390708, 677517.3 2390724, 677538.9 2390739, 677561.2 2390753, 677584.2 2390765, 677607.9 2390777, 677632 2390787, 677656.7 2390795, 677681.8 2390803, 677707.3 2390809, 677733 2390814, 677759 2390817, 677785.1 2390819, 677811.2 2390820, 677837.4 2390819, 677863.5 2390817, 677889.4 2390814, 677915.2 2390809, 677940.6 2390803, 677965.7 2390795, 677990.4 2390787, 678014.6 2390777, 678038.2 2390765, 678061.2 2390753, 678083.5 2390739, 678105.1 2390724, 678125.9 2390708, 678145.8 2390691, 678164.8 2390673, 678182.8 2390654, 678199.8 2390635, 678215.7 2390614, 678230.6 2390592, 678244.2 2390570, 678256.7 2390547, 678268 2390523, 678278 2390499, 678286.8 2390474, 678294.2 2390449, 678300.3 2390424, 678305.1 2390398, 678308.5 2390372, 678310.5 2390346, 678311.2 2390320))"
41,20260550,Forest,9611.842105263157,35.375788827246616,0.27491408934707906,0,Hani,NA,NA,0,1,0,2236,79.03837118793955,1877.2554345422918,727.150390625,10.028884887695312,278.92946921559013,23400,758243.6828613281,0.17560449303690479,1,3,23400,1,0,0,0,1,0.1552185079930105,-0.9878801621534992,9.17075116988656,3.5660276547182206,-1.2912966324976107,"POLYGON ((700797.7 2401926, 700797 2401899, 700794.9 2401873, 700791.5 2401847, 700786.7 2401822, 700780.6 2401796, 700773.2 2401771, 700764.4 2401746, 700754.4 2401722, 700743.2 2401699, 700730.7 2401676, 700717 2401653, 700702.2 2401632, 700686.2 2401611, 700669.2 2401591, 700651.2 2401572, 700632.2 2401554, 700612.3 2401537, 700591.5 2401521, 700570 2401506, 700547.7 2401493, 700524.6 2401480, 700501 2401469, 700476.8 2401459, 700452.2 2401450, 700427.1 2401443, 700401.6 2401437, 700375.9 2401432, 700349.9 2401428, 700323.8 2401426, 700297.7 2401426, 700271.5 2401426, 700245.4 2401428, 700219.4 2401432, 700193.7 2401437, 700168.2 2401443, 700143.1 2401450, 700118.5 2401459, 700094.3 2401469, 700070.7 2401480, 700047.7 2401493, 700025.3 2401506, 700003.8 2401521, 699983 2401537, 699963.1 2401554, 699944.1 2401572, 699926.1 2401591, 699909.1 2401611, 699893.1 2401632, 699878.3 2401653, 699864.6 2401676, 699852.1 2401699, 699840.9 2401722, 699830.9 2401746, 699822.1 2401771, 699814.7 2401796, 699808.6 2401822, 699803.8 2401847, 699800.4 2401873, 699798.3 2401899, 699797.7 2401926, 699798.3 2401952, 699800.4 2401978, 699803.8 2402004, 699808.6 2402030, 699814.7 2402055, 699822.1 2402080, 699830.9 2402105, 699840.9 2402129, 699852.1 2402153, 699864.6 2402176, 699878.3 2402198, 699893.1 2402219, 699909.1 2402240, 699926.1 2402260, 699944.1 2402279, 699963.1 2402297, 699983 2402314, 700003.8 2402330, 700025.3 2402345, 700047.7 2402359, 700070.7 2402371, 700094.3 2402382, 700118.5 2402392, 700143.1 2402401, 700168.2 2402409, 700193.7 2402415, 700219.4 2402419, 700245.4 2402423, 700271.5 2402425, 700297.7 2402426, 700323.8 2402425, 700349.9 2402423, 700375.9 2402419, 700401.6 2402415, 700427.1 2402409, 700452.2 2402401, 700476.8 2402392, 700501 2402382, 700524.6 2402371, 700547.7 2402359, 700570 2402345, 700591.5 2402330, 700612.3 2402314, 700632.2 2402297, 700651.2 2402279, 700669.2 2402260, 700686.2 2402240, 700702.2 2402219, 700717 2402198, 700730.7 2402176, 700743.2 2402153, 700754.4 2402129, 700764.4 2402105, 700773.2 2402080, 700780.6 2402055, 700786.7 2402030, 700791.5 2402004, 700794.9 2401978, 700797 2401952, 700797.7 2401926))"
41,20260550,Forest,2427.4055798064146,44.86582602524312,1.2636412749864938,0,Hani,NA,NA,0,1,0,2290,1144.6712689947694,1198.8388430710954,811.1092529296875,14.071477890014648,209.82689263665864,622770.556640625,0,0.08322269249463306,1,73,16308.007621765137,0.026186221310356216,0,0,0,1,-0.8675320955814169,-0.4973812050491207,7.794578303345739,3.8036763919311,0.23399745401068153,"POLYGON ((685014.1 2396463, 685013.4 2396437, 685011.4 2396410, 685007.9 2396384, 685003.2 2396359, 684997.1 2396333, 684989.6 2396308, 684980.9 2396284, 684970.9 2396259, 684959.6 2396236, 684947.1 2396213, 684933.4 2396190, 684918.6 2396169, 684902.7 2396148, 684885.7 2396128, 684867.7 2396109, 684848.7 2396091, 684828.8 2396074, 684808 2396058, 684786.4 2396043, 684764.1 2396030, 684741.1 2396017, 684717.5 2396006, 684693.3 2395996, 684668.6 2395987, 684643.5 2395980, 684618.1 2395974, 684592.3 2395969, 684566.4 2395965, 684540.3 2395963, 684514.1 2395963, 684487.9 2395963, 684461.8 2395965, 684435.9 2395969, 684410.1 2395974, 684384.7 2395980, 684359.6 2395987, 684334.9 2395996, 684310.7 2396006, 684287.1 2396017, 684264.1 2396030, 684241.8 2396043, 684220.2 2396058, 684199.4 2396074, 684179.5 2396091, 684160.5 2396109, 684142.5 2396128, 684125.5 2396148, 684109.6 2396169, 684094.8 2396190, 684081.1 2396213, 684068.6 2396236, 684057.3 2396259, 684047.3 2396284, 684038.6 2396308, 684031.1 2396333, 684025 2396359, 684020.3 2396384, 684016.8 2396410, 684014.8 2396437, 684014.1 2396463, 684014.8 2396489, 684016.8 2396515, 684020.3 2396541, 684025 2396567, 684031.1 2396592, 684038.6 2396617, 684047.3 2396642, 684057.3 2396666, 684068.6 2396690, 684081.1 2396713, 684094.8 2396735, 684109.6 2396757, 684125.5 2396777, 684142.5 2396797, 684160.5 2396816, 684179.5 2396834, 684199.4 2396851, 684220.2 2396867, 684241.8 2396882, 684264.1 2396896, 684287.1 2396908, 684310.7 2396919, 684334.9 2396929, 684359.6 2396938, 684384.7 2396946, 684410.1 2396952, 684435.9 2396957, 684461.8 2396960, 684487.9 2396962, 684514.1 2396963, 684540.3 2396962, 684566.4 2396960, 684592.3 2396957, 684618.1 2396952, 684643.5 2396946, 684668.6 2396938, 684693.3 2396929, 684717.5 2396919, 684741.1 2396908, 684764.1 2396896, 684786.4 2396882, 684808 2396867, 684828.8 2396851, 684848.7 2396834, 684867.7 2396816, 684885.7 2396797, 684902.7 2396777, 684918.6 2396757, 684933.4 2396735, 684947.1 2396713, 684959.6 2396690, 684970.9 2396666, 684980.9 2396642, 684989.6 2396617, 684997.1 2396592, 685003.2 2396567, 685007.9 2396541, 685011.4 2396515, 685013.4 2396489, 685014.1 2396463))"
41,20260550,Forest,9620.300751879699,41.51503560607066,0.2980101804720037,0,Hani,NA,NA,0,1,0,2337,519.9697481200619,2268.8814526006477,689.5008544921875,9.875964164733887,148.12047354669807,291679.7332763672,2700,0.24790501359481285,1,74,31500,0.10799516183784247,121669.32678222656,0.4171332900491396,0,1,-0.8491604607171235,0.5281349372600554,9.171630806360227,3.726055665381232,-1.2106276304025323,"POLYGON ((696024.5 2409587, 696023.8 2409561, 696021.7 2409534, 696018.3 2409508, 696013.5 2409483, 696007.4 2409457, 696000 2409432, 695991.3 2409408, 695981.2 2409383, 695970 2409360, 695957.5 2409337, 695943.8 2409314, 695929 2409293, 695913 2409272, 695896 2409252, 695878 2409233, 695859 2409215, 695839.1 2409198, 695818.4 2409182, 695796.8 2409167, 695774.5 2409154, 695751.5 2409141, 695727.8 2409130, 695703.7 2409120, 695679 2409111, 695653.9 2409104, 695628.4 2409098, 695602.7 2409093, 695576.7 2409089, 695550.6 2409087, 695524.5 2409087, 695498.3 2409087, 695472.2 2409089, 695446.3 2409093, 695420.5 2409098, 695395.1 2409104, 695370 2409111, 695345.3 2409120, 695321.1 2409130, 695297.5 2409141, 695274.5 2409154, 695252.1 2409167, 695230.6 2409182, 695209.8 2409198, 695189.9 2409215, 695170.9 2409233, 695152.9 2409252, 695135.9 2409272, 695120 2409293, 695105.1 2409314, 695091.5 2409337, 695079 2409360, 695067.7 2409383, 695057.7 2409408, 695048.9 2409432, 695041.5 2409457, 695035.4 2409483, 695030.6 2409508, 695027.2 2409534, 695025.2 2409561, 695024.5 2409587, 695025.2 2409613, 695027.2 2409639, 695030.6 2409665, 695035.4 2409691, 695041.5 2409716, 695048.9 2409741, 695057.7 2409766, 695067.7 2409790, 695079 2409814, 695091.5 2409837, 695105.1 2409859, 695120 2409881, 695135.9 2409901, 695152.9 2409921, 695170.9 2409940, 695189.9 2409958, 695209.8 2409975, 695230.6 2409991, 695252.1 2410006, 695274.5 2410020, 695297.5 2410032, 695321.1 2410043, 695345.3 2410053, 695370 2410062, 695395.1 2410070, 695420.5 2410076, 695446.3 2410081, 695472.2 2410084, 695498.3 2410086, 695524.5 2410087, 695550.6 2410086, 695576.7 2410084, 695602.7 2410081, 695628.4 2410076, 695653.9 2410070, 695679 2410062, 695703.7 2410053, 695727.8 2410043, 695751.5 2410032, 695774.5 2410020, 695796.8 2410006, 695818.4 2409991, 695839.1 2409975, 695859 2409958, 695878 2409940, 695896 2409921, 695913 2409901, 695929 2409881, 695943.8 2409859, 695957.5 2409837, 695970 2409814, 695981.2 2409790, 695991.3 2409766, 696000 2409741, 696007.4 2409716, 696013.5 2409691, 696018.3 2409665, 696021.7 2409639, 696023.8 2409613, 696024.5 2409587))"
41,20260550,Forest,9611.842105263157,35.375788827246616,0.27491408934707906,0,Hani,NA,NA,0,1,0,2367,142.61066807346603,2167.048918467752,724.3118896484375,10.896090507507324,264.3745383391549,44749.26795959473,740290.10009765625,0.1331283079659951,1,30,44749.26795959473,1,0,0,0,1,-0.09802515902907942,-0.9951839368666094,9.17075116988656,3.5660276547182206,-1.2912966324976107,"POLYGON ((700759.6 2402462, 700758.9 2402436, 700756.8 2402410, 700753.4 2402384, 700748.7 2402358, 700742.5 2402333, 700735.1 2402308, 700726.4 2402283, 700716.4 2402259, 700705.1 2402235, 700692.6 2402212, 700678.9 2402190, 700664.1 2402168, 700648.2 2402147, 700631.2 2402127, 700613.1 2402108, 700594.2 2402090, 700574.2 2402073, 700553.5 2402058, 700531.9 2402043, 700509.6 2402029, 700486.6 2402017, 700463 2402005, 700438.8 2401995, 700414.1 2401986, 700389 2401979, 700363.5 2401973, 700337.8 2401968, 700311.9 2401965, 700285.8 2401963, 700259.6 2401962, 700233.4 2401963, 700207.3 2401965, 700181.4 2401968, 700155.6 2401973, 700130.2 2401979, 700105.1 2401986, 700080.4 2401995, 700056.2 2402005, 700032.6 2402017, 700009.6 2402029, 699987.3 2402043, 699965.7 2402058, 699944.9 2402073, 699925 2402090, 699906 2402108, 699888 2402127, 699871 2402147, 699855.1 2402168, 699840.3 2402190, 699826.6 2402212, 699814.1 2402235, 699802.8 2402259, 699792.8 2402283, 699784.1 2402308, 699776.6 2402333, 699770.5 2402358, 699765.7 2402384, 699762.3 2402410, 699760.3 2402436, 699759.6 2402462, 699760.3 2402488, 699762.3 2402514, 699765.7 2402540, 699770.5 2402566, 699776.6 2402591, 699784.1 2402617, 699792.8 2402641, 699802.8 2402665, 699814.1 2402689, 699826.6 2402712, 699840.3 2402734, 699855.1 2402756, 699871 2402777, 699888 2402797, 699906 2402816, 699925 2402834, 699944.9 2402851, 699965.7 2402867, 699987.3 2402881, 700009.6 2402895, 700032.6 2402908, 700056.2 2402919, 700080.4 2402929, 700105.1 2402938, 700130.2 2402945, 700155.6 2402951, 700181.4 2402956, 700207.3 2402959, 700233.4 2402961, 700259.6 2402962, 700285.8 2402961, 700311.9 2402959, 700337.8 2402956, 700363.5 2402951, 700389 2402945, 700414.1 2402938, 700438.8 2402929, 700463 2402919, 700486.6 2402908, 700509.6 2402895, 700531.9 2402881, 700553.5 2402867, 700574.2 2402851, 700594.2 2402834, 700613.1 2402816, 700631.2 2402797, 700648.2 2402777, 700664.1 2402756, 700678.9 2402734, 700692.6 2402712, 700705.1 2402689, 700716.4 2402665, 700726.4 2402641, 700735.1 2402617, 700742.5 2402591, 700748.7 2402566, 700753.4 2402540, 700756.8 2402514, 700758.9 2402488, 700759.6 2402462))"
41,20260550,Forest,2427.4055798064146,44.86582602524312,1.2636412749864938,0,Hani,NA,NA,0,1,0,2461,889.9083193438694,1583.6121977946054,793.5302734375,14.473146438598633,213.07690112075588,212063.1591796875,12511.148071289062,0.07216762727462017,1,93,16626.506423950195,0.07840355905413092,0,0,0,1,-0.8379388103595236,-0.5457641890901843,7.794578303345739,3.8036763919311,0.23399745401068153,"POLYGON ((684598.2 2396361, 684597.5 2396335, 684595.5 2396309, 684592.1 2396283, 684587.3 2396257, 684581.2 2396231, 684573.8 2396206, 684565 2396182, 684555 2396157, 684543.7 2396134, 684531.2 2396111, 684517.6 2396088, 684502.7 2396067, 684486.8 2396046, 684469.8 2396026, 684451.8 2396007, 684432.8 2395989, 684412.9 2395972, 684392.1 2395956, 684370.5 2395941, 684348.2 2395928, 684325.2 2395915, 684301.6 2395904, 684277.4 2395894, 684252.7 2395885, 684227.6 2395878, 684202.2 2395872, 684176.4 2395867, 684150.5 2395864, 684124.4 2395861, 684098.2 2395861, 684072.1 2395861, 684046 2395864, 684020 2395867, 683994.3 2395872, 683968.8 2395878, 683943.7 2395885, 683919 2395894, 683894.9 2395904, 683871.2 2395915, 683848.2 2395928, 683825.9 2395941, 683804.3 2395956, 683783.6 2395972, 683763.7 2395989, 683744.7 2396007, 683726.7 2396026, 683709.7 2396046, 683693.7 2396067, 683678.9 2396088, 683665.2 2396111, 683652.7 2396134, 683641.5 2396157, 683631.4 2396182, 683622.7 2396206, 683615.3 2396231, 683609.2 2396257, 683604.4 2396283, 683601 2396309, 683598.9 2396335, 683598.2 2396361, 683598.9 2396387, 683601 2396413, 683604.4 2396439, 683609.2 2396465, 683615.3 2396490, 683622.7 2396515, 683631.4 2396540, 683641.5 2396564, 683652.7 2396588, 683665.2 2396611, 683678.9 2396633, 683693.7 2396655, 683709.7 2396675, 683726.7 2396695, 683744.7 2396714, 683763.7 2396732, 683783.6 2396749, 683804.3 2396765, 683825.9 2396780, 683848.2 2396794, 683871.2 2396806, 683894.9 2396818, 683919 2396828, 683943.7 2396836, 683968.8 2396844, 683994.3 2396850, 684020 2396855, 684046 2396858, 684072.1 2396860, 684098.2 2396861, 684124.4 2396860, 684150.5 2396858, 684176.4 2396855, 684202.2 2396850, 684227.6 2396844, 684252.7 2396836, 684277.4 2396828, 684301.6 2396818, 684325.2 2396806, 684348.2 2396794, 684370.5 2396780, 684392.1 2396765, 684412.9 2396749, 684432.8 2396732, 684451.8 2396714, 684469.8 2396695, 684486.8 2396675, 684502.7 2396655, 684517.6 2396633, 684531.2 2396611, 684543.7 2396588, 684555 2396564, 684565 2396540, 684573.8 2396515, 684581.2 2396490, 684587.3 2396465, 684592.1 2396439, 684595.5 2396413, 684597.5 2396387, 684598.2 2396361))"
41,20260550,Forest,3378.2501423420003,26.64581295076882,2.071001494768311,0,Hani,NA,NA,0,1,0,2500,1071.949080071506,1198.2683226379536,654.7132568359375,10.109192848205566,151.3278128802511,17120.39852142334,76767.13943481445,0.2817073021250029,1,21,17100,0.9988085253157037,0,0,0,1,-0.877379173483903,0.4797976510329152,8.125113145053028,3.2826320257268775,0.7280323041748047,"POLYGON ((685383.7 2400710, 685383 2400684, 685381 2400658, 685377.5 2400632, 685372.8 2400606, 685366.7 2400580, 685359.2 2400555, 685350.5 2400531, 685340.5 2400506, 685329.2 2400483, 685316.7 2400460, 685303 2400437, 685288.2 2400416, 685272.3 2400395, 685255.3 2400375, 685237.3 2400356, 685218.3 2400338, 685198.4 2400321, 685177.6 2400305, 685156 2400290, 685133.7 2400277, 685110.7 2400264, 685087.1 2400253, 685062.9 2400243, 685038.2 2400234, 685013.1 2400227, 684987.7 2400221, 684961.9 2400216, 684936 2400213, 684909.9 2400210, 684883.7 2400210, 684857.5 2400210, 684831.4 2400213, 684805.5 2400216, 684779.7 2400221, 684754.3 2400227, 684729.2 2400234, 684704.5 2400243, 684680.3 2400253, 684656.7 2400264, 684633.7 2400277, 684611.4 2400290, 684589.8 2400305, 684569 2400321, 684549.1 2400338, 684530.2 2400356, 684512.1 2400375, 684495.1 2400395, 684479.2 2400416, 684464.4 2400437, 684450.7 2400460, 684438.2 2400483, 684426.9 2400506, 684416.9 2400531, 684408.2 2400555, 684400.7 2400580, 684394.6 2400606, 684389.9 2400632, 684386.4 2400658, 684384.4 2400684, 684383.7 2400710, 684384.4 2400736, 684386.4 2400762, 684389.9 2400788, 684394.6 2400814, 684400.7 2400839, 684408.2 2400864, 684416.9 2400889, 684426.9 2400913, 684438.2 2400937, 684450.7 2400960, 684464.4 2400982, 684479.2 2401004, 684495.1 2401024, 684512.1 2401044, 684530.2 2401063, 684549.1 2401081, 684569 2401098, 684589.8 2401114, 684611.4 2401129, 684633.7 2401143, 684656.7 2401155, 684680.3 2401167, 684704.5 2401177, 684729.2 2401185, 684754.3 2401193, 684779.7 2401199, 684805.5 2401204, 684831.4 2401207, 684857.5 2401209, 684883.7 2401210, 684909.9 2401209, 684936 2401207, 684961.9 2401204, 684987.7 2401199, 685013.1 2401193, 685038.2 2401185, 685062.9 2401177, 685087.1 2401167, 685110.7 2401155, 685133.7 2401143, 685156 2401129, 685177.6 2401114, 685198.4 2401098, 685218.3 2401081, 685237.3 2401063, 685255.3 2401044, 685272.3 2401024, 685288.2 2401004, 685303 2400982, 685316.7 2400960, 685329.2 2400937, 685340.5 2400913, 685350.5 2400889, 685359.2 2400864, 685366.7 2400839, 685372.8 2400814, 685377.5 2400788, 685381 2400762, 685383 2400736, 685383.7 2400710))"
41,20260550,Forest,9611.842105263157,35.375788827246616,0.27491408934707906,0,Hani,NA,NA,0,1,0,2606,385.7439861487947,663.5447857686934,627.9058837890625,14.953476905822754,96.71788378007855,63277.0751953125,642501.1779785156,0.20700322613640926,1,61,6577.071762084961,0.10394083073188856,2700,0.042669481667193324,0,1,-0.11698073060507998,0.9931341846231564,9.17075116988656,3.5660276547182206,-1.2912966324976107,"POLYGON ((698887.3 2400388, 698886.6 2400362, 698884.5 2400336, 698881.1 2400310, 698876.3 2400284, 698870.2 2400258, 698862.8 2400233, 698854 2400209, 698844 2400185, 698832.8 2400161, 698820.3 2400138, 698806.6 2400116, 698791.8 2400094, 698775.8 2400073, 698758.8 2400053, 698740.8 2400034, 698721.8 2400016, 698701.9 2399999, 698681.1 2399983, 698659.6 2399969, 698637.3 2399955, 698614.2 2399942, 698590.6 2399931, 698566.4 2399921, 698541.8 2399912, 698516.7 2399905, 698491.2 2399899, 698465.5 2399894, 698439.5 2399891, 698413.4 2399889, 698387.3 2399888, 698361.1 2399889, 698335 2399891, 698309 2399894, 698283.3 2399899, 698257.8 2399905, 698232.7 2399912, 698208.1 2399921, 698183.9 2399931, 698160.3 2399942, 698137.3 2399955, 698114.9 2399969, 698093.4 2399983, 698072.6 2399999, 698052.7 2400016, 698033.7 2400034, 698015.7 2400053, 697998.7 2400073, 697982.7 2400094, 697967.9 2400116, 697954.2 2400138, 697941.7 2400161, 697930.5 2400185, 697920.5 2400209, 697911.7 2400233, 697904.3 2400258, 697898.2 2400284, 697893.4 2400310, 697890 2400336, 697887.9 2400362, 697887.3 2400388, 697887.9 2400414, 697890 2400440, 697893.4 2400466, 697898.2 2400492, 697904.3 2400517, 697911.7 2400542, 697920.5 2400567, 697930.5 2400591, 697941.7 2400615, 697954.2 2400638, 697967.9 2400660, 697982.7 2400682, 697998.7 2400703, 698015.7 2400722, 698033.7 2400741, 698052.7 2400759, 698072.6 2400776, 698093.4 2400792, 698114.9 2400807, 698137.3 2400821, 698160.3 2400833, 698183.9 2400845, 698208.1 2400855, 698232.7 2400863, 698257.8 2400871, 698283.3 2400877, 698309 2400882, 698335 2400885, 698361.1 2400887, 698387.3 2400888, 698413.4 2400887, 698439.5 2400885, 698465.5 2400882, 698491.2 2400877, 698516.7 2400871, 698541.8 2400863, 698566.4 2400855, 698590.6 2400845, 698614.2 2400833, 698637.3 2400821, 698659.6 2400807, 698681.1 2400792, 698701.9 2400776, 698721.8 2400759, 698740.8 2400741, 698758.8 2400722, 698775.8 2400703, 698791.8 2400682, 698806.6 2400660, 698820.3 2400638, 698832.8 2400615, 698844 2400591, 698854 2400567, 698862.8 2400542, 698870.2 2400517, 698876.3 2400492, 698881.1 2400466, 698884.5 2400440, 698886.6 2400414, 698887.3 2400388))"
41,20260550,Forest,4515,22.149829986848378,1.7557289127254998,0,Hani,NA,NA,0,1,0,2774,1171.5087302068946,1452.6208098390528,802.7178955078125,14.114073753356934,164.20365193385996,28960.43815612793,447629.8645019531,0.09990552426443008,1,6,23766.234397888184,0.8206448490096249,132.51231014728546,0.004575632089297182,0,1,-0.9622353462466161,0.2722189163773428,8.415160465851086,3.0978298209243684,0.5628841055764946,"POLYGON ((727218.3 2422964, 727217.6 2422938, 727215.6 2422912, 727212.2 2422886, 727207.4 2422860, 727201.3 2422835, 727193.8 2422810, 727185.1 2422785, 727175.1 2422761, 727163.8 2422737, 727151.3 2422714, 727137.7 2422692, 727122.8 2422670, 727106.9 2422650, 727089.9 2422630, 727071.9 2422611, 727052.9 2422593, 727033 2422576, 727012.2 2422560, 726990.6 2422545, 726968.3 2422531, 726945.3 2422519, 726921.7 2422508, 726897.5 2422498, 726872.8 2422489, 726847.7 2422481, 726822.3 2422475, 726796.5 2422471, 726770.6 2422467, 726744.5 2422465, 726718.3 2422464, 726692.2 2422465, 726666.1 2422467, 726640.1 2422471, 726614.4 2422475, 726588.9 2422481, 726563.8 2422489, 726539.1 2422498, 726515 2422508, 726491.3 2422519, 726468.3 2422531, 726446 2422545, 726424.4 2422560, 726403.7 2422576, 726383.8 2422593, 726364.8 2422611, 726346.7 2422630, 726329.7 2422650, 726313.8 2422670, 726299 2422692, 726285.3 2422714, 726272.8 2422737, 726261.5 2422761, 726251.5 2422785, 726242.8 2422810, 726235.4 2422835, 726229.2 2422860, 726224.5 2422886, 726221.1 2422912, 726219 2422938, 726218.3 2422964, 726219 2422991, 726221.1 2423017, 726224.5 2423043, 726229.2 2423068, 726235.4 2423094, 726242.8 2423119, 726251.5 2423144, 726261.5 2423168, 726272.8 2423191, 726285.3 2423214, 726299 2423237, 726313.8 2423258, 726329.7 2423279, 726346.7 2423299, 726364.8 2423318, 726383.8 2423336, 726403.7 2423353, 726424.4 2423369, 726446 2423384, 726468.3 2423397, 726491.3 2423410, 726515 2423421, 726539.1 2423431, 726563.8 2423440, 726588.9 2423447, 726614.4 2423453, 726640.1 2423458, 726666.1 2423462, 726692.2 2423464, 726718.3 2423464, 726744.5 2423464, 726770.6 2423462, 726796.5 2423458, 726822.3 2423453, 726847.7 2423447, 726872.8 2423440, 726897.5 2423431, 726921.7 2423421, 726945.3 2423410, 726968.3 2423397, 726990.6 2423384, 727012.2 2423369, 727033 2423353, 727052.9 2423336, 727071.9 2423318, 727089.9 2423299, 727106.9 2423279, 727122.8 2423258, 727137.7 2423237, 727151.3 2423214, 727163.8 2423191, 727175.1 2423168, 727185.1 2423144, 727193.8 2423119, 727201.3 2423094, 727207.4 2423068, 727212.2 2423043, 727215.6 2423017, 727217.6 2422991, 727218.3 2422964))"
41,20260550,Forest,9620.300751879699,41.51503560607066,0.2980101804720037,0,Hani,NA,NA,0,1,0,2824,1148.3966594279461,1649.1699090787465,686.86395263671875,9.883392333984375,196.68386707066585,33010.712814331055,744313.3483886719,0.18917962373166683,1,22,14478.638076782227,0.4386042239747263,18532.076454162598,0.5613958280269914,0,1,-0.9579033697620959,-0.28709081176244816,9.171630806360227,3.726055665381232,-1.2106276304025323,"POLYGON ((702218.3 2405543, 702217.6 2405517, 702215.6 2405490, 702212.1 2405465, 702207.4 2405439, 702201.3 2405413, 702193.8 2405388, 702185.1 2405364, 702175.1 2405339, 702163.8 2405316, 702151.3 2405293, 702137.6 2405270, 702122.8 2405249, 702106.9 2405228, 702089.9 2405208, 702071.9 2405189, 702052.9 2405171, 702033 2405154, 702012.2 2405138, 701990.6 2405123, 701968.3 2405110, 701945.3 2405097, 701921.7 2405086, 701897.5 2405076, 701872.8 2405067, 701847.7 2405060, 701822.3 2405054, 701796.5 2405049, 701770.6 2405045, 701744.5 2405043, 701718.3 2405043, 701692.1 2405043, 701666 2405045, 701640.1 2405049, 701614.3 2405054, 701588.9 2405060, 701563.8 2405067, 701539.1 2405076, 701514.9 2405086, 701491.3 2405097, 701468.3 2405110, 701446 2405123, 701424.4 2405138, 701403.6 2405154, 701383.7 2405171, 701364.8 2405189, 701346.7 2405208, 701329.7 2405228, 701313.8 2405249, 701299 2405270, 701285.3 2405293, 701272.8 2405316, 701261.5 2405339, 701251.5 2405364, 701242.8 2405388, 701235.3 2405413, 701229.2 2405439, 701224.5 2405465, 701221 2405490, 701219 2405517, 701218.3 2405543, 701219 2405569, 701221 2405595, 701224.5 2405621, 701229.2 2405647, 701235.3 2405672, 701242.8 2405697, 701251.5 2405722, 701261.5 2405746, 701272.8 2405770, 701285.3 2405793, 701299 2405815, 701313.8 2405837, 701329.7 2405857, 701346.7 2405877, 701364.8 2405896, 701383.7 2405914, 701403.6 2405931, 701424.4 2405947, 701446 2405962, 701468.3 2405976, 701491.3 2405988, 701514.9 2406000, 701539.1 2406010, 701563.8 2406018, 701588.9 2406026, 701614.3 2406032, 701640.1 2406037, 701666 2406040, 701692.1 2406042, 701718.3 2406043, 701744.5 2406042, 701770.6 2406040, 701796.5 2406037, 701822.3 2406032, 701847.7 2406026, 701872.8 2406018, 701897.5 2406010, 701921.7 2406000, 701945.3 2405988, 701968.3 2405976, 701990.6 2405962, 702012.2 2405947, 702033 2405931, 702052.9 2405914, 702071.9 2405896, 702089.9 2405877, 702106.9 2405857, 702122.8 2405837, 702137.6 2405815, 702151.3 2405793, 702163.8 2405770, 702175.1 2405746, 702185.1 2405722, 702193.8 2405697, 702201.3 2405672, 702207.4 2405647, 702212.1 2405621, 702215.6 2405595, 702217.6 2405569, 702218.3 2405543))"
41,20260550,Forest,8472.744360902256,27.219660257375487,0.31721384205856257,0,Hani,NA,NA,0,1,0,3040,87.94827025644169,823.1733532433188,1244.0869140625,12.158812522888184,259.3953459714369,88799.38659667969,665385.4797363281,0.13083322225187793,1,106,1521.979808807373,0.017139530655995338,900,0.010135205146041538,0,1,-0.18403119199814544,-0.9829204038841303,9.044609744717965,3.303939515785232,-1.1481791519057138,"POLYGON ((708375.2 2413310, 708374.5 2413283, 708372.5 2413257, 708369.1 2413231, 708364.3 2413206, 708358.2 2413180, 708350.7 2413155, 708342 2413130, 708332 2413106, 708320.7 2413083, 708308.2 2413060, 708294.6 2413037, 708279.7 2413016, 708263.8 2412995, 708246.8 2412975, 708228.8 2412956, 708209.8 2412938, 708189.9 2412921, 708169.1 2412905, 708147.5 2412890, 708125.2 2412877, 708102.2 2412864, 708078.6 2412853, 708054.4 2412843, 708029.7 2412834, 708004.6 2412827, 707979.2 2412821, 707953.4 2412816, 707927.5 2412812, 707901.4 2412810, 707875.2 2412810, 707849 2412810, 707823 2412812, 707797 2412816, 707771.3 2412821, 707745.8 2412827, 707720.7 2412834, 707696 2412843, 707671.8 2412853, 707648.2 2412864, 707625.2 2412877, 707602.9 2412890, 707581.3 2412905, 707560.6 2412921, 707540.6 2412938, 707521.7 2412956, 707503.6 2412975, 707486.6 2412995, 707470.7 2413016, 707455.9 2413037, 707442.2 2413060, 707429.7 2413083, 707418.4 2413106, 707408.4 2413130, 707399.7 2413155, 707392.3 2413180, 707386.1 2413206, 707381.4 2413231, 707378 2413257, 707375.9 2413283, 707375.2 2413310, 707375.9 2413336, 707378 2413362, 707381.4 2413388, 707386.1 2413414, 707392.3 2413439, 707399.7 2413464, 707408.4 2413489, 707418.4 2413513, 707429.7 2413537, 707442.2 2413560, 707455.9 2413582, 707470.7 2413604, 707486.6 2413624, 707503.6 2413644, 707521.7 2413663, 707540.6 2413681, 707560.6 2413698, 707581.3 2413714, 707602.9 2413729, 707625.2 2413743, 707648.2 2413755, 707671.8 2413766, 707696 2413776, 707720.7 2413785, 707745.8 2413793, 707771.3 2413799, 707797 2413803, 707823 2413807, 707849 2413809, 707875.2 2413810, 707901.4 2413809, 707927.5 2413807, 707953.4 2413803, 707979.2 2413799, 708004.6 2413793, 708029.7 2413785, 708054.4 2413776, 708078.6 2413766, 708102.2 2413755, 708125.2 2413743, 708147.5 2413729, 708169.1 2413714, 708189.9 2413698, 708209.8 2413681, 708228.8 2413663, 708246.8 2413644, 708263.8 2413624, 708279.7 2413604, 708294.6 2413582, 708308.2 2413560, 708320.7 2413537, 708332 2413513, 708342 2413489, 708350.7 2413464, 708358.2 2413439, 708364.3 2413414, 708369.1 2413388, 708372.5 2413362, 708374.5 2413336, 708375.2 2413310))"
41,20260550,Forest,8472.744360902256,27.219660257375487,0.31721384205856257,0,Hani,NA,NA,0,1,0,3335,103.28050216780086,1178.5009928536222,908.42767333984375,10.531490325927734,303.2245636937167,35137.76206970215,500272.3937988281,0.18550994269085302,1,44,8100,0.23052122625032792,12660.02311706543,0.3602967967041261,0,1,0.5479219085247166,-0.8365294867239482,9.044609744717965,3.303939515785232,-1.1481791519057138,"POLYGON ((705849.1 2413567, 705848.4 2413541, 705846.4 2413515, 705843 2413489, 705838.2 2413463, 705832.1 2413438, 705824.7 2413412, 705815.9 2413388, 705805.9 2413364, 705794.6 2413340, 705782.1 2413317, 705768.5 2413295, 705753.6 2413273, 705737.7 2413252, 705720.7 2413232, 705702.7 2413213, 705683.7 2413195, 705663.8 2413178, 705643 2413162, 705621.4 2413148, 705599.1 2413134, 705576.1 2413121, 705552.5 2413110, 705528.3 2413100, 705503.6 2413091, 705478.5 2413084, 705453.1 2413078, 705427.3 2413073, 705401.4 2413070, 705375.3 2413068, 705349.1 2413067, 705323 2413068, 705296.9 2413070, 705270.9 2413073, 705245.2 2413078, 705219.7 2413084, 705194.6 2413091, 705169.9 2413100, 705145.8 2413110, 705122.1 2413121, 705099.1 2413134, 705076.8 2413148, 705055.2 2413162, 705034.5 2413178, 705014.6 2413195, 704995.6 2413213, 704977.6 2413232, 704960.6 2413252, 704944.6 2413273, 704929.8 2413295, 704916.1 2413317, 704903.6 2413340, 704892.4 2413364, 704882.3 2413388, 704873.6 2413412, 704866.2 2413438, 704860 2413463, 704855.3 2413489, 704851.9 2413515, 704849.8 2413541, 704849.1 2413567, 704849.8 2413593, 704851.9 2413619, 704855.3 2413645, 704860 2413671, 704866.2 2413696, 704873.6 2413721, 704882.3 2413746, 704892.4 2413770, 704903.6 2413794, 704916.1 2413817, 704929.8 2413839, 704944.6 2413861, 704960.6 2413882, 704977.6 2413901, 704995.6 2413920, 705014.6 2413939, 705034.5 2413956, 705055.2 2413971, 705076.8 2413986, 705099.1 2414000, 705122.1 2414012, 705145.8 2414024, 705169.9 2414034, 705194.6 2414042, 705219.7 2414050, 705245.2 2414056, 705270.9 2414061, 705296.9 2414064, 705323 2414066, 705349.1 2414067, 705375.3 2414066, 705401.4 2414064, 705427.3 2414061, 705453.1 2414056, 705478.5 2414050, 705503.6 2414042, 705528.3 2414034, 705552.5 2414024, 705576.1 2414012, 705599.1 2414000, 705621.4 2413986, 705643 2413971, 705663.8 2413956, 705683.7 2413939, 705702.7 2413920, 705720.7 2413901, 705737.7 2413882, 705753.6 2413861, 705768.5 2413839, 705782.1 2413817, 705794.6 2413794, 705805.9 2413770, 705815.9 2413746, 705824.7 2413721, 705832.1 2413696, 705838.2 2413671, 705843 2413645, 705846.4 2413619, 705848.4 2413593, 705849.1 2413567))"
41,20260550,Forest,2427.4055798064146,44.86582602524312,1.2636412749864938,0,Hani,NA,NA,0,1,0,3422,355.61203557366133,598.3194937991797,835.0152587890625,16.54667854309082,4.753696450795555,619213.7878417969,78084.95635986328,0.08786061375949968,1,109,464114.4104003906,0.7495220867384292,12600,0.020348384108041177,0,1,0.9965601580326698,0.08287250099942693,7.794578303345739,3.8036763919311,0.23399745401068153,"POLYGON ((690245.2 2399270, 690244.5 2399244, 690242.5 2399218, 690239.1 2399192, 690234.3 2399166, 690228.2 2399141, 690220.7 2399115, 690212 2399091, 690202 2399067, 690190.7 2399043, 690178.2 2399020, 690164.5 2398998, 690149.7 2398976, 690133.8 2398955, 690116.8 2398935, 690098.8 2398916, 690079.8 2398898, 690059.9 2398881, 690039.1 2398865, 690017.5 2398851, 689995.2 2398837, 689972.2 2398824, 689948.6 2398813, 689924.4 2398803, 689899.7 2398794, 689874.6 2398787, 689849.2 2398781, 689823.4 2398776, 689797.5 2398773, 689771.4 2398771, 689745.2 2398770, 689719 2398771, 689692.9 2398773, 689667 2398776, 689641.3 2398781, 689615.8 2398787, 689590.7 2398794, 689566 2398803, 689541.8 2398813, 689518.2 2398824, 689495.2 2398837, 689472.9 2398851, 689451.3 2398865, 689430.6 2398881, 689410.6 2398898, 689391.7 2398916, 689373.6 2398935, 689356.6 2398955, 689340.7 2398976, 689325.9 2398998, 689312.2 2399020, 689299.7 2399043, 689288.4 2399067, 689278.4 2399091, 689269.7 2399115, 689262.2 2399141, 689256.1 2399166, 689251.4 2399192, 689248 2399218, 689245.9 2399244, 689245.2 2399270, 689245.9 2399296, 689248 2399322, 689251.4 2399348, 689256.1 2399374, 689262.2 2399399, 689269.7 2399424, 689278.4 2399449, 689288.4 2399473, 689299.7 2399497, 689312.2 2399520, 689325.9 2399542, 689340.7 2399564, 689356.6 2399585, 689373.6 2399605, 689391.7 2399624, 689410.6 2399642, 689430.6 2399659, 689451.3 2399674, 689472.9 2399689, 689495.2 2399703, 689518.2 2399715, 689541.8 2399727, 689566 2399737, 689590.7 2399746, 689615.8 2399753, 689641.3 2399759, 689667 2399764, 689692.9 2399767, 689719 2399769, 689745.2 2399770, 689771.4 2399769, 689797.5 2399767, 689823.4 2399764, 689849.2 2399759, 689874.6 2399753, 689899.7 2399746, 689924.4 2399737, 689948.6 2399727, 689972.2 2399715, 689995.2 2399703, 690017.5 2399689, 690039.1 2399674, 690059.9 2399659, 690079.8 2399642, 690098.8 2399624, 690116.8 2399605, 690133.8 2399585, 690149.7 2399564, 690164.5 2399542, 690178.2 2399520, 690190.7 2399497, 690202 2399473, 690212 2399449, 690220.7 2399424, 690228.2 2399399, 690234.3 2399374, 690239.1 2399348, 690242.5 2399322, 690244.5 2399296, 690245.2 2399270))"
41,20260550,Forest,5040.869565217392,26.97585606017254,5.159214830970556,0,Hani,NA,NA,0,1,0,3426,25.391754387654895,272.06762205369,1531.75927734375,11.42281723022461,195.31526858981843,466720.5871582031,202825.7583618164,0.22179265812378077,1,13,0,0,31852.07061767578,0.0682465515644352,0,1,-0.9644870654285461,-0.2641300827642156,8.525333878964574,3.294942245957513,1.6407844033746832,"POLYGON ((627946.4 2414865, 627945.7 2414839, 627943.7 2414813, 627940.3 2414787, 627935.5 2414761, 627929.4 2414735, 627922 2414710, 627913.2 2414686, 627903.2 2414661, 627891.9 2414638, 627879.4 2414615, 627865.8 2414592, 627850.9 2414571, 627835 2414550, 627818 2414530, 627800 2414511, 627781 2414493, 627761.1 2414476, 627740.3 2414460, 627718.7 2414445, 627696.4 2414432, 627673.4 2414419, 627649.8 2414408, 627625.6 2414398, 627600.9 2414389, 627575.8 2414382, 627550.4 2414376, 627524.6 2414371, 627498.7 2414368, 627472.6 2414365, 627446.4 2414365, 627420.3 2414365, 627394.2 2414368, 627368.2 2414371, 627342.5 2414376, 627317 2414382, 627291.9 2414389, 627267.2 2414398, 627243.1 2414408, 627219.4 2414419, 627196.4 2414432, 627174.1 2414445, 627152.5 2414460, 627131.8 2414476, 627111.9 2414493, 627092.9 2414511, 627074.9 2414530, 627057.9 2414550, 627041.9 2414571, 627027.1 2414592, 627013.4 2414615, 627000.9 2414638, 626989.7 2414661, 626979.6 2414686, 626970.9 2414710, 626963.5 2414735, 626957.4 2414761, 626952.6 2414787, 626949.2 2414813, 626947.1 2414839, 626946.4 2414865, 626947.1 2414891, 626949.2 2414917, 626952.6 2414943, 626957.4 2414969, 626963.5 2414994, 626970.9 2415019, 626979.6 2415044, 626989.7 2415068, 627000.9 2415092, 627013.4 2415115, 627027.1 2415137, 627041.9 2415159, 627057.9 2415179, 627074.9 2415199, 627092.9 2415218, 627111.9 2415236, 627131.8 2415253, 627152.5 2415269, 627174.1 2415284, 627196.4 2415298, 627219.4 2415310, 627243.1 2415322, 627267.2 2415332, 627291.9 2415340, 627317 2415348, 627342.5 2415354, 627368.2 2415359, 627394.2 2415362, 627420.3 2415364, 627446.4 2415365, 627472.6 2415364, 627498.7 2415362, 627524.6 2415359, 627550.4 2415354, 627575.8 2415348, 627600.9 2415340, 627625.6 2415332, 627649.8 2415322, 627673.4 2415310, 627696.4 2415298, 627718.7 2415284, 627740.3 2415269, 627761.1 2415253, 627781 2415236, 627800 2415218, 627818 2415199, 627835 2415179, 627850.9 2415159, 627865.8 2415137, 627879.4 2415115, 627891.9 2415092, 627903.2 2415068, 627913.2 2415044, 627922 2415019, 627929.4 2414994, 627935.5 2414969, 627940.3 2414943, 627943.7 2414917, 627945.7 2414891, 627946.4 2414865))"
41,20260550,Forest,4496.109318656291,53.343051017456666,0.9828130480533146,0,Hani,NA,NA,0,1,0,3587,560.479560327024,1139.1795874981322,909.6826171875,16.033546447753906,112.05777626321877,100132.61489868164,684906.70166015625,0.11031426773862373,1,23,72617.86422729492,0.7252168966202741,0,0,0,1,-0.375541362038936,0.9268056351781321,8.410967705925682,3.9767437165454274,-0.01733636201571971,"POLYGON ((672580.5 2377605, 672579.8 2377579, 672577.7 2377552, 672574.3 2377526, 672569.5 2377501, 672563.4 2377475, 672556 2377450, 672547.3 2377426, 672537.2 2377401, 672526 2377378, 672513.5 2377355, 672499.8 2377332, 672485 2377311, 672469 2377290, 672452 2377270, 672434 2377251, 672415 2377233, 672395.1 2377216, 672374.4 2377200, 672352.8 2377185, 672330.5 2377172, 672307.5 2377159, 672283.8 2377148, 672259.6 2377138, 672235 2377129, 672209.9 2377122, 672184.4 2377116, 672158.7 2377111, 672132.7 2377107, 672106.6 2377105, 672080.5 2377105, 672054.3 2377105, 672028.2 2377107, 672002.2 2377111, 671976.5 2377116, 671951.1 2377122, 671926 2377129, 671901.3 2377138, 671877.1 2377148, 671853.5 2377159, 671830.5 2377172, 671808.1 2377185, 671786.6 2377200, 671765.8 2377216, 671745.9 2377233, 671726.9 2377251, 671708.9 2377270, 671691.9 2377290, 671676 2377311, 671661.1 2377332, 671647.4 2377355, 671635 2377378, 671623.7 2377401, 671613.7 2377426, 671604.9 2377450, 671597.5 2377475, 671591.4 2377501, 671586.6 2377526, 671583.2 2377552, 671581.1 2377579, 671580.5 2377605, 671581.1 2377631, 671583.2 2377657, 671586.6 2377683, 671591.4 2377709, 671597.5 2377734, 671604.9 2377759, 671613.7 2377784, 671623.7 2377808, 671635 2377832, 671647.4 2377855, 671661.1 2377877, 671676 2377899, 671691.9 2377919, 671708.9 2377939, 671726.9 2377958, 671745.9 2377976, 671765.8 2377993, 671786.6 2378009, 671808.1 2378024, 671830.5 2378038, 671853.5 2378050, 671877.1 2378061, 671901.3 2378072, 671926 2378080, 671951.1 2378088, 671976.5 2378094, 672002.2 2378099, 672028.2 2378102, 672054.3 2378104, 672080.5 2378105, 672106.6 2378104, 672132.7 2378102, 672158.7 2378099, 672184.4 2378094, 672209.9 2378088, 672235 2378080, 672259.6 2378072, 672283.8 2378061, 672307.5 2378050, 672330.5 2378038, 672352.8 2378024, 672374.4 2378009, 672395.1 2377993, 672415 2377976, 672434 2377958, 672452 2377939, 672469 2377919, 672485 2377899, 672499.8 2377877, 672513.5 2377855, 672526 2377832, 672537.2 2377808, 672547.3 2377784, 672556 2377759, 672563.4 2377734, 672569.5 2377709, 672574.3 2377683, 672577.7 2377657, 672579.8 2377631, 672580.5 2377605))"
41,20260550,Forest,6639.069767441861,18.580990665382664,1.670074349442379,0,Hani,NA,NA,0,1,0,3660,141.6779236165393,624.5944666317824,838.686279296875,14.706686973571777,46.07607788662939,17952.20775604248,103511.35711669922,0.17854511315488383,1,100,17952.20775604248,1,0,0,0,1,0.6937026120716959,0.7202615400012041,8.80072713739144,2.9221390508761664,0.5128681460618293,"POLYGON ((680413.2 2412932, 680412.5 2412906, 680410.4 2412880, 680407 2412854, 680402.2 2412828, 680396.1 2412803, 680388.7 2412778, 680379.9 2412753, 680369.9 2412729, 680358.7 2412705, 680346.2 2412682, 680332.5 2412660, 680317.7 2412638, 680301.7 2412617, 680284.7 2412598, 680266.7 2412579, 680247.7 2412561, 680227.8 2412544, 680207 2412528, 680185.5 2412513, 680163.2 2412499, 680140.1 2412487, 680116.5 2412475, 680092.3 2412465, 680067.7 2412457, 680042.6 2412449, 680017.1 2412443, 679991.4 2412438, 679965.4 2412435, 679939.3 2412433, 679913.2 2412432, 679887 2412433, 679860.9 2412435, 679834.9 2412438, 679809.2 2412443, 679783.7 2412449, 679758.6 2412457, 679734 2412465, 679709.8 2412475, 679686.2 2412487, 679663.2 2412499, 679640.8 2412513, 679619.3 2412528, 679598.5 2412544, 679578.6 2412561, 679559.6 2412579, 679541.6 2412598, 679524.6 2412617, 679508.6 2412638, 679493.8 2412660, 679480.1 2412682, 679467.6 2412705, 679456.4 2412729, 679446.4 2412753, 679437.6 2412778, 679430.2 2412803, 679424.1 2412828, 679419.3 2412854, 679415.9 2412880, 679413.8 2412906, 679413.2 2412932, 679413.8 2412958, 679415.9 2412984, 679419.3 2413010, 679424.1 2413036, 679430.2 2413061, 679437.6 2413087, 679446.4 2413111, 679456.4 2413135, 679467.6 2413159, 679480.1 2413182, 679493.8 2413204, 679508.6 2413226, 679524.6 2413247, 679541.6 2413267, 679559.6 2413286, 679578.6 2413304, 679598.5 2413321, 679619.3 2413337, 679640.8 2413351, 679663.2 2413365, 679686.2 2413378, 679709.8 2413389, 679734 2413399, 679758.6 2413408, 679783.7 2413415, 679809.2 2413421, 679834.9 2413426, 679860.9 2413429, 679887 2413431, 679913.2 2413432, 679939.3 2413431, 679965.4 2413429, 679991.4 2413426, 680017.1 2413421, 680042.6 2413415, 680067.7 2413408, 680092.3 2413399, 680116.5 2413389, 680140.1 2413378, 680163.2 2413365, 680185.5 2413351, 680207 2413337, 680227.8 2413321, 680247.7 2413304, 680266.7 2413286, 680284.7 2413267, 680301.7 2413247, 680317.7 2413226, 680332.5 2413204, 680346.2 2413182, 680358.7 2413159, 680369.9 2413135, 680379.9 2413111, 680388.7 2413087, 680396.1 2413061, 680402.2 2413036, 680407 2413010, 680410.4 2412984, 680412.5 2412958, 680413.2 2412932))"
41,20260550,Forest,8196.42857142857,29.790644225739026,0.5217557251908397,0,Hani,NA,NA,0,1,0,3827,254.60510381189803,1537.2591936685471,845.7130126953125,15.936519622802734,116.44006137835665,51400.56610107422,733638.75732421875,0.1135114804936167,1,86,51400.56610107422,1,0,0,0,1,-0.44526135475599377,0.8954006510835566,9.011453798307533,3.3941943920616544,-0.650555760031193,"POLYGON ((708651.9 2405512, 708651.2 2405486, 708649.2 2405460, 708645.8 2405434, 708641 2405408, 708634.9 2405383, 708627.4 2405358, 708618.7 2405333, 708608.7 2405309, 708597.4 2405285, 708584.9 2405262, 708571.3 2405240, 708556.4 2405219, 708540.5 2405198, 708523.5 2405178, 708505.5 2405159, 708486.5 2405141, 708466.6 2405124, 708445.8 2405108, 708424.2 2405093, 708401.9 2405079, 708378.9 2405067, 708355.3 2405056, 708331.1 2405046, 708306.4 2405037, 708281.3 2405029, 708255.9 2405023, 708230.1 2405019, 708204.2 2405015, 708178.1 2405013, 708151.9 2405012, 708125.8 2405013, 708099.7 2405015, 708073.7 2405019, 708048 2405023, 708022.5 2405029, 707997.4 2405037, 707972.7 2405046, 707948.6 2405056, 707924.9 2405067, 707901.9 2405079, 707879.6 2405093, 707858 2405108, 707837.3 2405124, 707817.4 2405141, 707798.4 2405159, 707780.3 2405178, 707763.3 2405198, 707747.4 2405219, 707732.6 2405240, 707718.9 2405262, 707706.4 2405285, 707695.1 2405309, 707685.1 2405333, 707676.4 2405358, 707669 2405383, 707662.8 2405408, 707658.1 2405434, 707654.7 2405460, 707652.6 2405486, 707651.9 2405512, 707652.6 2405539, 707654.7 2405565, 707658.1 2405591, 707662.8 2405616, 707669 2405642, 707676.4 2405667, 707685.1 2405692, 707695.1 2405716, 707706.4 2405739, 707718.9 2405762, 707732.6 2405785, 707747.4 2405806, 707763.3 2405827, 707780.3 2405847, 707798.4 2405866, 707817.4 2405884, 707837.3 2405901, 707858 2405917, 707879.6 2405932, 707901.9 2405945, 707924.9 2405958, 707948.6 2405969, 707972.7 2405979, 707997.4 2405988, 708022.5 2405995, 708048 2406002, 708073.7 2406006, 708099.7 2406010, 708125.8 2406012, 708151.9 2406012, 708178.1 2406012, 708204.2 2406010, 708230.1 2406006, 708255.9 2406002, 708281.3 2405995, 708306.4 2405988, 708331.1 2405979, 708355.3 2405969, 708378.9 2405958, 708401.9 2405945, 708424.2 2405932, 708445.8 2405917, 708466.6 2405901, 708486.5 2405884, 708505.5 2405866, 708523.5 2405847, 708540.5 2405827, 708556.4 2405806, 708571.3 2405785, 708584.9 2405762, 708597.4 2405739, 708608.7 2405716, 708618.7 2405692, 708627.4 2405667, 708634.9 2405642, 708641 2405616, 708645.8 2405591, 708649.2 2405565, 708651.2 2405539, 708651.9 2405512))"
41,20260550,Forest,2591.573353577529,41.89499305379046,0.6281028368794326,0,Hani,NA,NA,0,1,0,3882,602.729281576462,900.9674675642018,744.5491943359375,11.577404975891113,105.14852442840638,900,81199.86190795898,0.29760106844357315,1,56,900,1,0,0,0,1,-0.2613220845535284,0.9652516605137743,7.860020442680657,3.7351663222647935,-0.46505137292726917,"POLYGON ((672342.6 2403608, 672341.9 2403582, 672339.8 2403556, 672336.4 2403530, 672331.6 2403504, 672325.5 2403479, 672318.1 2403454, 672309.3 2403429, 672299.3 2403405, 672288.1 2403381, 672275.6 2403358, 672261.9 2403336, 672247.1 2403314, 672231.1 2403294, 672214.1 2403274, 672196.1 2403255, 672177.1 2403237, 672157.2 2403220, 672136.4 2403204, 672114.9 2403189, 672092.6 2403175, 672069.5 2403163, 672045.9 2403152, 672021.7 2403141, 671997.1 2403133, 671972 2403125, 671946.5 2403119, 671920.8 2403114, 671894.8 2403111, 671868.7 2403109, 671842.6 2403108, 671816.4 2403109, 671790.3 2403111, 671764.3 2403114, 671738.6 2403119, 671713.1 2403125, 671688 2403133, 671663.4 2403141, 671639.2 2403152, 671615.6 2403163, 671592.6 2403175, 671570.2 2403189, 671548.7 2403204, 671527.9 2403220, 671508 2403237, 671489 2403255, 671471 2403274, 671454 2403294, 671438 2403314, 671423.2 2403336, 671409.5 2403358, 671397.1 2403381, 671385.8 2403405, 671375.8 2403429, 671367 2403454, 671359.6 2403479, 671353.5 2403504, 671348.7 2403530, 671345.3 2403556, 671343.2 2403582, 671342.6 2403608, 671343.2 2403634, 671345.3 2403661, 671348.7 2403686, 671353.5 2403712, 671359.6 2403738, 671367 2403763, 671375.8 2403787, 671385.8 2403812, 671397.1 2403835, 671409.5 2403858, 671423.2 2403881, 671438 2403902, 671454 2403923, 671471 2403943, 671489 2403962, 671508 2403980, 671527.9 2403997, 671548.7 2404013, 671570.2 2404028, 671592.6 2404041, 671615.6 2404054, 671639.2 2404065, 671663.4 2404075, 671688 2404084, 671713.1 2404091, 671738.6 2404097, 671764.3 2404102, 671790.3 2404106, 671816.4 2404108, 671842.6 2404108, 671868.7 2404108, 671894.8 2404106, 671920.8 2404102, 671946.5 2404097, 671972 2404091, 671997.1 2404084, 672021.7 2404075, 672045.9 2404065, 672069.5 2404054, 672092.6 2404041, 672114.9 2404028, 672136.4 2404013, 672157.2 2403997, 672177.1 2403980, 672196.1 2403962, 672214.1 2403943, 672231.1 2403923, 672247.1 2403902, 672261.9 2403881, 672275.6 2403858, 672288.1 2403835, 672299.3 2403812, 672309.3 2403787, 672318.1 2403763, 672325.5 2403738, 672331.6 2403712, 672336.4 2403686, 672339.8 2403661, 672341.9 2403634, 672342.6 2403608))"
41,20260550,Forest,5307.45872081989,36.630721511716736,0.5234012147195427,0,Hani,NA,NA,0,1,0,3915,274.27467744358603,1553.4211262210474,707.2364501953125,11.596514701843262,110.7929040473363,49853.91426086426,20468.470001220703,0.27430624081331634,1,77,0,0,0,0,0,1,-0.35499118364004834,0.934869648420483,8.576868416028539,3.6008872738862983,-0.6474069680642858,"POLYGON ((685869 2401918, 685868.3 2401891, 685866.3 2401865, 685862.9 2401839, 685858.1 2401814, 685852 2401788, 685844.6 2401763, 685835.8 2401738, 685825.8 2401714, 685814.5 2401691, 685802 2401668, 685788.4 2401645, 685773.5 2401624, 685757.6 2401603, 685740.6 2401583, 685722.6 2401564, 685703.6 2401546, 685683.7 2401529, 685662.9 2401513, 685641.3 2401498, 685619 2401485, 685596 2401472, 685572.4 2401461, 685548.2 2401451, 685523.5 2401442, 685498.4 2401435, 685473 2401429, 685447.2 2401424, 685421.3 2401420, 685395.2 2401418, 685369 2401418, 685342.9 2401418, 685316.8 2401420, 685290.8 2401424, 685265.1 2401429, 685239.6 2401435, 685214.5 2401442, 685189.8 2401451, 685165.7 2401461, 685142 2401472, 685119 2401485, 685096.7 2401498, 685075.1 2401513, 685054.4 2401529, 685034.5 2401546, 685015.5 2401564, 684997.4 2401583, 684980.4 2401603, 684964.5 2401624, 684949.7 2401645, 684936 2401668, 684923.5 2401691, 684912.2 2401714, 684902.2 2401738, 684893.5 2401763, 684886.1 2401788, 684879.9 2401814, 684875.2 2401839, 684871.8 2401865, 684869.7 2401891, 684869 2401918, 684869.7 2401944, 684871.8 2401970, 684875.2 2401996, 684879.9 2402022, 684886.1 2402047, 684893.5 2402072, 684902.2 2402097, 684912.2 2402121, 684923.5 2402145, 684936 2402168, 684949.7 2402190, 684964.5 2402212, 684980.4 2402232, 684997.4 2402252, 685015.5 2402271, 685034.5 2402289, 685054.4 2402306, 685075.1 2402322, 685096.7 2402337, 685119 2402351, 685142 2402363, 685165.7 2402374, 685189.8 2402384, 685214.5 2402393, 685239.6 2402401, 685265.1 2402407, 685290.8 2402411, 685316.8 2402415, 685342.9 2402417, 685369 2402418, 685395.2 2402417, 685421.3 2402415, 685447.2 2402411, 685473 2402407, 685498.4 2402401, 685523.5 2402393, 685548.2 2402384, 685572.4 2402374, 685596 2402363, 685619 2402351, 685641.3 2402337, 685662.9 2402322, 685683.7 2402306, 685703.6 2402289, 685722.6 2402271, 685740.6 2402252, 685757.6 2402232, 685773.5 2402212, 685788.4 2402190, 685802 2402168, 685814.5 2402145, 685825.8 2402121, 685835.8 2402097, 685844.6 2402072, 685852 2402047, 685858.1 2402022, 685862.9 2401996, 685866.3 2401970, 685868.3 2401944, 685869 2401918))"
41,20260550,Forest,8472.744360902256,27.219660257375487,0.31721384205856257,0,Hani,NA,NA,0,1,0,3956,113.82980724166607,385.3414410578376,561.38824462890625,7.003362655639648,352.6003212883739,21600,209562.71209716797,0.5422171814614982,1,90,21600,1,0,0,0,1,0.9916718845939552,-0.12879003573985512,9.044609744717965,3.303939515785232,-1.1481791519057138,"POLYGON ((705981.3 2417025, 705980.6 2416999, 705978.5 2416973, 705975.1 2416947, 705970.4 2416921, 705964.2 2416896, 705956.8 2416870, 705948.1 2416846, 705938.1 2416822, 705926.8 2416798, 705914.3 2416775, 705900.6 2416753, 705885.8 2416731, 705869.9 2416710, 705852.9 2416690, 705834.8 2416671, 705815.9 2416653, 705795.9 2416636, 705775.2 2416620, 705753.6 2416606, 705731.3 2416592, 705708.3 2416579, 705684.7 2416568, 705660.5 2416558, 705635.8 2416549, 705610.7 2416542, 705585.2 2416536, 705559.5 2416531, 705533.6 2416528, 705507.5 2416526, 705481.3 2416525, 705455.1 2416526, 705429 2416528, 705403.1 2416531, 705377.3 2416536, 705351.9 2416542, 705326.8 2416549, 705302.1 2416558, 705277.9 2416568, 705254.3 2416579, 705231.3 2416592, 705209 2416606, 705187.4 2416620, 705166.6 2416636, 705146.7 2416653, 705127.7 2416671, 705109.7 2416690, 705092.7 2416710, 705076.8 2416731, 705062 2416753, 705048.3 2416775, 705035.8 2416798, 705024.5 2416822, 705014.5 2416846, 705005.8 2416870, 704998.3 2416896, 704992.2 2416921, 704987.4 2416947, 704984 2416973, 704982 2416999, 704981.3 2417025, 704982 2417051, 704984 2417077, 704987.4 2417103, 704992.2 2417129, 704998.3 2417154, 705005.8 2417179, 705014.5 2417204, 705024.5 2417228, 705035.8 2417252, 705048.3 2417275, 705062 2417297, 705076.8 2417319, 705092.7 2417340, 705109.7 2417360, 705127.7 2417379, 705146.7 2417397, 705166.6 2417414, 705187.4 2417429, 705209 2417444, 705231.3 2417458, 705254.3 2417470, 705277.9 2417482, 705302.1 2417492, 705326.8 2417501, 705351.9 2417508, 705377.3 2417514, 705403.1 2417519, 705429 2417522, 705455.1 2417524, 705481.3 2417525, 705507.5 2417524, 705533.6 2417522, 705559.5 2417519, 705585.2 2417514, 705610.7 2417508, 705635.8 2417501, 705660.5 2417492, 705684.7 2417482, 705708.3 2417470, 705731.3 2417458, 705753.6 2417444, 705775.2 2417429, 705795.9 2417414, 705815.9 2417397, 705834.8 2417379, 705852.9 2417360, 705869.9 2417340, 705885.8 2417319, 705900.6 2417297, 705914.3 2417275, 705926.8 2417252, 705938.1 2417228, 705948.1 2417204, 705956.8 2417179, 705964.2 2417154, 705970.4 2417129, 705975.1 2417103, 705978.5 2417077, 705980.6 2417051, 705981.3 2417025))"
41,20260550,Forest,5351.11026760296,13.711033575247699,0.13435474366529168,0,Hani,NA,NA,0,1,0,3995,582.3354285002614,629.0493471207777,864.386962890625,16.24934196472168,207.3586030107383,334892.9443359375,82479.19235229492,0.08377129874003612,1,50,334892.9443359375,1,0,0,0,1,-0.8881476540543137,-0.4595582058867179,8.585059345014134,2.6182008791533518,-2.0072716362797856,"POLYGON ((677565.7 2409224, 677565 2409198, 677563 2409171, 677559.6 2409145, 677554.8 2409120, 677548.7 2409094, 677541.2 2409069, 677532.5 2409044, 677522.5 2409020, 677511.2 2408997, 677498.7 2408974, 677485.1 2408951, 677470.2 2408930, 677454.3 2408909, 677437.3 2408889, 677419.3 2408870, 677400.3 2408852, 677380.4 2408835, 677359.6 2408819, 677338 2408804, 677315.7 2408791, 677292.7 2408778, 677269.1 2408767, 677244.9 2408757, 677220.2 2408748, 677195.1 2408741, 677169.7 2408735, 677143.9 2408730, 677118 2408726, 677091.9 2408724, 677065.7 2408724, 677039.5 2408724, 677013.5 2408726, 676987.5 2408730, 676961.8 2408735, 676936.3 2408741, 676911.2 2408748, 676886.5 2408757, 676862.3 2408767, 676838.7 2408778, 676815.7 2408791, 676793.4 2408804, 676771.8 2408819, 676751.1 2408835, 676731.2 2408852, 676712.2 2408870, 676694.1 2408889, 676677.1 2408909, 676661.2 2408930, 676646.4 2408951, 676632.7 2408974, 676620.2 2408997, 676608.9 2409020, 676598.9 2409044, 676590.2 2409069, 676582.8 2409094, 676576.6 2409120, 676571.9 2409145, 676568.5 2409171, 676566.4 2409198, 676565.7 2409224, 676566.4 2409250, 676568.5 2409276, 676571.9 2409302, 676576.6 2409328, 676582.8 2409353, 676590.2 2409378, 676598.9 2409403, 676608.9 2409427, 676620.2 2409451, 676632.7 2409474, 676646.4 2409496, 676661.2 2409518, 676677.1 2409538, 676694.1 2409558, 676712.2 2409577, 676731.2 2409595, 676751.1 2409612, 676771.8 2409628, 676793.4 2409643, 676815.7 2409657, 676838.7 2409669, 676862.3 2409680, 676886.5 2409690, 676911.2 2409699, 676936.3 2409707, 676961.8 2409713, 676987.5 2409718, 677013.5 2409721, 677039.5 2409723, 677065.7 2409724, 677091.9 2409723, 677118 2409721, 677143.9 2409718, 677169.7 2409713, 677195.1 2409707, 677220.2 2409699, 677244.9 2409690, 677269.1 2409680, 677292.7 2409669, 677315.7 2409657, 677338 2409643, 677359.6 2409628, 677380.4 2409612, 677400.3 2409595, 677419.3 2409577, 677437.3 2409558, 677454.3 2409538, 677470.2 2409518, 677485.1 2409496, 677498.7 2409474, 677511.2 2409451, 677522.5 2409427, 677532.5 2409403, 677541.2 2409378, 677548.7 2409353, 677554.8 2409328, 677559.6 2409302, 677563 2409276, 677565 2409250, 677565.7 2409224))"
41,20260550,Forest,5351.11026760296,13.711033575247699,0.13435474366529168,0,Hani,NA,NA,0,1,0,4019,516.8367611706251,740.0012074167557,884.10321044921875,13.244297981262207,128.93378727834272,126107.26776123047,121159.58862304688,0.22134644774028336,1,115,123657.92083740234,0.9805772738771433,1527.7013897895813,0.01211430091945301,0,1,-0.6284218778400169,0.7778727038867137,8.585059345014134,2.6182008791533518,-2.0072716362797856,"POLYGON ((678832.9 2409666, 678832.2 2409640, 678830.1 2409614, 678826.7 2409588, 678821.9 2409562, 678815.8 2409536, 678808.4 2409511, 678799.6 2409487, 678789.6 2409462, 678778.4 2409439, 678765.9 2409416, 678752.2 2409393, 678737.4 2409372, 678721.4 2409351, 678704.4 2409331, 678686.4 2409312, 678667.4 2409294, 678647.5 2409277, 678626.7 2409261, 678605.2 2409246, 678582.9 2409233, 678559.9 2409220, 678536.2 2409209, 678512 2409199, 678487.4 2409190, 678462.3 2409183, 678436.8 2409177, 678411.1 2409172, 678385.1 2409169, 678359 2409166, 678332.9 2409166, 678306.7 2409166, 678280.6 2409169, 678254.6 2409172, 678228.9 2409177, 678203.4 2409183, 678178.3 2409190, 678153.7 2409199, 678129.5 2409209, 678105.9 2409220, 678082.9 2409233, 678060.5 2409246, 678039 2409261, 678018.2 2409277, 677998.3 2409294, 677979.3 2409312, 677961.3 2409331, 677944.3 2409351, 677928.3 2409372, 677913.5 2409393, 677899.8 2409416, 677887.4 2409439, 677876.1 2409462, 677866.1 2409487, 677857.3 2409511, 677849.9 2409536, 677843.8 2409562, 677839 2409588, 677835.6 2409614, 677833.5 2409640, 677832.9 2409666, 677833.5 2409692, 677835.6 2409718, 677839 2409744, 677843.8 2409770, 677849.9 2409795, 677857.3 2409820, 677866.1 2409845, 677876.1 2409869, 677887.4 2409893, 677899.8 2409916, 677913.5 2409938, 677928.3 2409960, 677944.3 2409980, 677961.3 2410000, 677979.3 2410019, 677998.3 2410037, 678018.2 2410054, 678039 2410070, 678060.5 2410085, 678082.9 2410099, 678105.9 2410111, 678129.5 2410123, 678153.7 2410133, 678178.3 2410141, 678203.4 2410149, 678228.9 2410155, 678254.6 2410160, 678280.6 2410163, 678306.7 2410165, 678332.9 2410166, 678359 2410165, 678385.1 2410163, 678411.1 2410160, 678436.8 2410155, 678462.3 2410149, 678487.4 2410141, 678512 2410133, 678536.2 2410123, 678559.9 2410111, 678582.9 2410099, 678605.2 2410085, 678626.7 2410070, 678647.5 2410054, 678667.4 2410037, 678686.4 2410019, 678704.4 2410000, 678721.4 2409980, 678737.4 2409960, 678752.2 2409938, 678765.9 2409916, 678778.4 2409893, 678789.6 2409869, 678799.6 2409845, 678808.4 2409820, 678815.8 2409795, 678821.9 2409770, 678826.7 2409744, 678830.1 2409718, 678832.2 2409692, 678832.9 2409666))"
41,20260550,Forest,11460.428923894477,26.137771089322833,1.935738444193912,0,Hani,NA,NA,0,1,0,4069,706.2892521810791,907.4786885242052,1597.5557861328125,5.4894232749938965,193.47419739907082,288543.3288574219,48600,0.367380938094188,1,39,0,0,116457.64617919922,0.4036054017964994,0,1,-0.9724749516576406,-0.23300744279629693,9.346655417482326,3.2633814363632463,0.6604888785878961,"POLYGON ((656072.4 2377009, 656071.7 2376983, 656069.6 2376957, 656066.2 2376931, 656061.4 2376905, 656055.3 2376879, 656047.9 2376854, 656039.1 2376830, 656029.1 2376806, 656017.9 2376782, 656005.4 2376759, 655991.7 2376737, 655976.9 2376715, 655960.9 2376694, 655943.9 2376674, 655925.9 2376655, 655906.9 2376637, 655887 2376620, 655866.2 2376604, 655844.7 2376590, 655822.4 2376576, 655799.3 2376563, 655775.7 2376552, 655751.5 2376542, 655726.9 2376533, 655701.8 2376526, 655676.3 2376520, 655650.6 2376515, 655624.6 2376512, 655598.5 2376510, 655572.4 2376509, 655546.2 2376510, 655520.1 2376512, 655494.1 2376515, 655468.4 2376520, 655442.9 2376526, 655417.8 2376533, 655393.2 2376542, 655369 2376552, 655345.4 2376563, 655322.4 2376576, 655300 2376590, 655278.5 2376604, 655257.7 2376620, 655237.8 2376637, 655218.8 2376655, 655200.8 2376674, 655183.8 2376694, 655167.8 2376715, 655153 2376737, 655139.3 2376759, 655126.9 2376782, 655115.6 2376806, 655105.6 2376830, 655096.8 2376854, 655089.4 2376879, 655083.3 2376905, 655078.5 2376931, 655075.1 2376957, 655073 2376983, 655072.4 2377009, 655073 2377035, 655075.1 2377061, 655078.5 2377087, 655083.3 2377113, 655089.4 2377138, 655096.8 2377163, 655105.6 2377188, 655115.6 2377212, 655126.9 2377236, 655139.3 2377259, 655153 2377281, 655167.8 2377303, 655183.8 2377324, 655200.8 2377343, 655218.8 2377362, 655237.8 2377380, 655257.7 2377397, 655278.5 2377413, 655300 2377428, 655322.4 2377442, 655345.4 2377454, 655369 2377466, 655393.2 2377476, 655417.8 2377484, 655442.9 2377492, 655468.4 2377498, 655494.1 2377503, 655520.1 2377506, 655546.2 2377508, 655572.4 2377509, 655598.5 2377508, 655624.6 2377506, 655650.6 2377503, 655676.3 2377498, 655701.8 2377492, 655726.9 2377484, 655751.5 2377476, 655775.7 2377466, 655799.3 2377454, 655822.4 2377442, 655844.7 2377428, 655866.2 2377413, 655887 2377397, 655906.9 2377380, 655925.9 2377362, 655943.9 2377343, 655960.9 2377324, 655976.9 2377303, 655991.7 2377281, 656005.4 2377259, 656017.9 2377236, 656029.1 2377212, 656039.1 2377188, 656047.9 2377163, 656055.3 2377138, 656061.4 2377113, 656066.2 2377087, 656069.6 2377061, 656071.7 2377035, 656072.4 2377009))"
41,20260550,Forest,5307.45872081989,36.630721511716736,0.5234012147195427,0,Hani,NA,NA,0,1,0,4194,427.79583227595185,1162.846817219989,900.28704833984375,16.559772491455078,47.79221800953711,718583.6975097656,65658.78067016602,0.08597533380675144,1,42,403147.3205566406,0.5610304296545244,0,0,0,1,0.6718212002116695,0.7407133554528039,8.576868416028539,3.6008872738862983,-0.6474069680642858,"POLYGON ((693093 2403394, 693092.3 2403367, 693090.3 2403341, 693086.8 2403315, 693082.1 2403290, 693076 2403264, 693068.5 2403239, 693059.8 2403214, 693049.8 2403190, 693038.5 2403167, 693026 2403144, 693012.3 2403121, 692997.5 2403100, 692981.6 2403079, 692964.6 2403059, 692946.5 2403040, 692927.6 2403022, 692907.7 2403005, 692886.9 2402989, 692865.3 2402974, 692843 2402961, 692820 2402948, 692796.4 2402937, 692772.2 2402927, 692747.5 2402918, 692722.4 2402911, 692697 2402905, 692671.2 2402900, 692645.3 2402896, 692619.2 2402894, 692593 2402894, 692566.8 2402894, 692540.7 2402896, 692514.8 2402900, 692489 2402905, 692463.6 2402911, 692438.5 2402918, 692413.8 2402927, 692389.6 2402937, 692366 2402948, 692343 2402961, 692320.7 2402974, 692299.1 2402989, 692278.3 2403005, 692258.4 2403022, 692239.4 2403040, 692221.4 2403059, 692204.4 2403079, 692188.5 2403100, 692173.7 2403121, 692160 2403144, 692147.5 2403167, 692136.2 2403190, 692126.2 2403214, 692117.5 2403239, 692110 2403264, 692103.9 2403290, 692099.2 2403315, 692095.7 2403341, 692093.7 2403367, 692093 2403394, 692093.7 2403420, 692095.7 2403446, 692099.2 2403472, 692103.9 2403498, 692110 2403523, 692117.5 2403548, 692126.2 2403573, 692136.2 2403597, 692147.5 2403621, 692160 2403644, 692173.7 2403666, 692188.5 2403688, 692204.4 2403708, 692221.4 2403728, 692239.4 2403747, 692258.4 2403765, 692278.3 2403782, 692299.1 2403798, 692320.7 2403813, 692343 2403827, 692366 2403839, 692389.6 2403850, 692413.8 2403860, 692438.5 2403869, 692463.6 2403877, 692489 2403883, 692514.8 2403887, 692540.7 2403891, 692566.8 2403893, 692593 2403894, 692619.2 2403893, 692645.3 2403891, 692671.2 2403887, 692697 2403883, 692722.4 2403877, 692747.5 2403869, 692772.2 2403860, 692796.4 2403850, 692820 2403839, 692843 2403827, 692865.3 2403813, 692886.9 2403798, 692907.7 2403782, 692927.6 2403765, 692946.5 2403747, 692964.6 2403728, 692981.6 2403708, 692997.5 2403688, 693012.3 2403666, 693026 2403644, 693038.5 2403621, 693049.8 2403597, 693059.8 2403573, 693068.5 2403548, 693076 2403523, 693082.1 2403498, 693086.8 2403472, 693090.3 2403446, 693092.3 2403420, 693093 2403394))"
41,20260550,Forest,4967,14.715169008011273,0.38470948012232414,0,Hani,NA,NA,0,1,0,4201,227.7167701911718,297.3039262056771,707.50994873046875,10.3899507522583,212.1342013093553,35993.41850280762,264070.32165527344,0.3424941887794454,1,70,18876.48754119873,0.5244427544365172,0,0,0,1,-0.8468045651379462,-0.5319041534539224,8.51057131510735,2.688878867043283,-0.9552668266309133,"POLYGON ((767701.9 2391032, 767701.2 2391006, 767699.1 2390980, 767695.7 2390954, 767691 2390928, 767684.8 2390902, 767677.4 2390877, 767668.7 2390853, 767658.7 2390828, 767647.4 2390805, 767634.9 2390782, 767621.2 2390759, 767606.4 2390738, 767590.5 2390717, 767573.5 2390697, 767555.4 2390678, 767536.4 2390660, 767516.5 2390643, 767495.8 2390627, 767474.2 2390612, 767451.9 2390599, 767428.9 2390586, 767405.3 2390575, 767381.1 2390565, 767356.4 2390556, 767331.3 2390549, 767305.8 2390543, 767280.1 2390538, 767254.1 2390535, 767228.1 2390532, 767201.9 2390532, 767175.7 2390532, 767149.6 2390535, 767123.7 2390538, 767097.9 2390543, 767072.5 2390549, 767047.4 2390556, 767022.7 2390565, 766998.5 2390575, 766974.9 2390586, 766951.9 2390599, 766929.6 2390612, 766908 2390627, 766887.2 2390643, 766867.3 2390660, 766848.3 2390678, 766830.3 2390697, 766813.3 2390717, 766797.4 2390738, 766782.5 2390759, 766768.9 2390782, 766756.4 2390805, 766745.1 2390828, 766735.1 2390853, 766726.4 2390877, 766718.9 2390902, 766712.8 2390928, 766708 2390954, 766704.6 2390980, 766702.6 2391006, 766701.9 2391032, 766702.6 2391058, 766704.6 2391084, 766708 2391110, 766712.8 2391136, 766718.9 2391161, 766726.4 2391186, 766735.1 2391211, 766745.1 2391235, 766756.4 2391259, 766768.9 2391282, 766782.5 2391304, 766797.4 2391326, 766813.3 2391346, 766830.3 2391366, 766848.3 2391385, 766867.3 2391403, 766887.2 2391420, 766908 2391436, 766929.6 2391451, 766951.9 2391465, 766974.9 2391477, 766998.5 2391489, 767022.7 2391499, 767047.4 2391507, 767072.5 2391515, 767097.9 2391521, 767123.7 2391526, 767149.6 2391529, 767175.7 2391531, 767201.9 2391532, 767228.1 2391531, 767254.1 2391529, 767280.1 2391526, 767305.8 2391521, 767331.3 2391515, 767356.4 2391507, 767381.1 2391499, 767405.3 2391489, 767428.9 2391477, 767451.9 2391465, 767474.2 2391451, 767495.8 2391436, 767516.5 2391420, 767536.4 2391403, 767555.4 2391385, 767573.5 2391366, 767590.5 2391346, 767606.4 2391326, 767621.2 2391304, 767634.9 2391282, 767647.4 2391259, 767658.7 2391235, 767668.7 2391211, 767677.4 2391186, 767684.8 2391161, 767691 2391136, 767695.7 2391110, 767699.1 2391084, 767701.2 2391058, 767701.9 2391032))"
41,20260550,Forest,5351.11026760296,13.711033575247699,0.13435474366529168,0,Hani,NA,NA,0,1,0,4354,504.5029483089355,949.950908427616,788.100341796875,14.238075256347656,148.61135978093802,218694.3145751953,53300.335693359375,0.17065647263336722,1,80,218694.3145751953,1,0,0,0,1,-0.8536540787751064,0.5208403918578364,8.585059345014134,2.6182008791533518,-2.0072716362797856,"POLYGON ((678850.2 2408616, 678849.5 2408589, 678847.5 2408563, 678844.1 2408537, 678839.3 2408512, 678833.2 2408486, 678825.8 2408461, 678817 2408436, 678807 2408412, 678795.7 2408389, 678783.2 2408366, 678769.6 2408343, 678754.7 2408322, 678738.8 2408301, 678721.8 2408281, 678703.8 2408262, 678684.8 2408244, 678664.9 2408227, 678644.1 2408211, 678622.5 2408196, 678600.2 2408183, 678577.2 2408170, 678553.6 2408159, 678529.4 2408149, 678504.7 2408140, 678479.6 2408133, 678454.2 2408126, 678428.4 2408122, 678402.5 2408118, 678376.4 2408116, 678350.2 2408116, 678324.1 2408116, 678298 2408118, 678272 2408122, 678246.3 2408126, 678220.8 2408133, 678195.7 2408140, 678171 2408149, 678146.9 2408159, 678123.2 2408170, 678100.2 2408183, 678077.9 2408196, 678056.3 2408211, 678035.6 2408227, 678015.7 2408244, 677996.7 2408262, 677978.7 2408281, 677961.7 2408301, 677945.7 2408322, 677930.9 2408343, 677917.2 2408366, 677904.7 2408389, 677893.5 2408412, 677883.4 2408436, 677874.7 2408461, 677867.3 2408486, 677861.2 2408512, 677856.4 2408537, 677853 2408563, 677850.9 2408589, 677850.2 2408616, 677850.9 2408642, 677853 2408668, 677856.4 2408694, 677861.2 2408720, 677867.3 2408745, 677874.7 2408770, 677883.4 2408795, 677893.5 2408819, 677904.7 2408843, 677917.2 2408866, 677930.9 2408888, 677945.7 2408909, 677961.7 2408930, 677978.7 2408950, 677996.7 2408969, 678015.7 2408987, 678035.6 2409004, 678056.3 2409020, 678077.9 2409035, 678100.2 2409049, 678123.2 2409061, 678146.9 2409072, 678171 2409082, 678195.7 2409091, 678220.8 2409099, 678246.3 2409105, 678272 2409109, 678298 2409113, 678324.1 2409115, 678350.2 2409116, 678376.4 2409115, 678402.5 2409113, 678428.4 2409109, 678454.2 2409105, 678479.6 2409099, 678504.7 2409091, 678529.4 2409082, 678553.6 2409072, 678577.2 2409061, 678600.2 2409049, 678622.5 2409035, 678644.1 2409020, 678664.9 2409004, 678684.8 2408987, 678703.8 2408969, 678721.8 2408950, 678738.8 2408930, 678754.7 2408909, 678769.6 2408888, 678783.2 2408866, 678795.7 2408843, 678807 2408819, 678817 2408795, 678825.8 2408770, 678833.2 2408745, 678839.3 2408720, 678844.1 2408694, 678847.5 2408668, 678849.5 2408642, 678850.2 2408616))"
41,20260550,Forest,7221.484152590624,50.11014177252991,0.7464285714285714,0,Hani,NA,NA,0,1,0,4382,233.52337884748056,1874.8907818199805,780.2135009765625,11.849669456481934,298.9253774689753,335501.7791748047,900,0.11188950099049921,1,24,245501.7791748047,0.731745088740326,0,0,0,1,0.4836700969267659,-0.8752503855119704,8.884815772062684,3.9142234181939313,-0.2924553512044386,"POLYGON ((678928 2386675, 678927.3 2386649, 678925.2 2386623, 678921.8 2386597, 678917 2386571, 678910.9 2386546, 678903.5 2386521, 678894.8 2386496, 678884.7 2386472, 678873.5 2386448, 678861 2386425, 678847.3 2386403, 678832.5 2386381, 678816.5 2386361, 678799.5 2386341, 678781.5 2386322, 678762.5 2386304, 678742.6 2386287, 678721.9 2386271, 678700.3 2386256, 678678 2386242, 678655 2386230, 678631.3 2386219, 678607.1 2386209, 678582.5 2386200, 678557.4 2386192, 678531.9 2386186, 678506.2 2386182, 678480.2 2386178, 678454.1 2386176, 678428 2386175, 678401.8 2386176, 678375.7 2386178, 678349.7 2386182, 678324 2386186, 678298.6 2386192, 678273.5 2386200, 678248.8 2386209, 678224.6 2386219, 678201 2386230, 678178 2386242, 678155.6 2386256, 678134.1 2386271, 678113.3 2386287, 678093.4 2386304, 678074.4 2386322, 678056.4 2386341, 678039.4 2386361, 678023.5 2386381, 678008.6 2386403, 677994.9 2386425, 677982.5 2386448, 677971.2 2386472, 677961.2 2386496, 677952.4 2386521, 677945 2386546, 677938.9 2386571, 677934.1 2386597, 677930.7 2386623, 677928.6 2386649, 677928 2386675, 677928.6 2386702, 677930.7 2386728, 677934.1 2386754, 677938.9 2386779, 677945 2386805, 677952.4 2386830, 677961.2 2386855, 677971.2 2386879, 677982.5 2386902, 677994.9 2386925, 678008.6 2386948, 678023.5 2386969, 678039.4 2386990, 678056.4 2387010, 678074.4 2387029, 678093.4 2387047, 678113.3 2387064, 678134.1 2387080, 678155.6 2387095, 678178 2387108, 678201 2387121, 678224.6 2387132, 678248.8 2387142, 678273.5 2387151, 678298.6 2387158, 678324 2387164, 678349.7 2387169, 678375.7 2387173, 678401.8 2387175, 678428 2387175, 678454.1 2387175, 678480.2 2387173, 678506.2 2387169, 678531.9 2387164, 678557.4 2387158, 678582.5 2387151, 678607.1 2387142, 678631.3 2387132, 678655 2387121, 678678 2387108, 678700.3 2387095, 678721.9 2387080, 678742.6 2387064, 678762.5 2387047, 678781.5 2387029, 678799.5 2387010, 678816.5 2386990, 678832.5 2386969, 678847.3 2386948, 678861 2386925, 678873.5 2386902, 678884.7 2386879, 678894.8 2386855, 678903.5 2386830, 678910.9 2386805, 678917 2386779, 678921.8 2386754, 678925.2 2386728, 678927.3 2386702, 678928 2386675))"
41,20260550,Forest,9620.300751879699,41.51503560607066,0.2980101804720037,0,Hani,NA,NA,0,1,0,4390,849.2487508476485,1522.589711188631,797.44195556640625,15.467072486877441,321.2847145344305,64512.18566894531,61946.08154296875,0.04815240345049474,1,108,64512.18566894531,1,0,0,0,1,0.780263576267776,-0.6254508386354762,9.171630806360227,3.726055665381232,-1.2106276304025323,"POLYGON ((702313.5 2410193, 702312.8 2410167, 702310.8 2410141, 702307.4 2410115, 702302.6 2410089, 702296.5 2410064, 702289 2410039, 702280.3 2410014, 702270.3 2409990, 702259 2409966, 702246.5 2409943, 702232.9 2409921, 702218 2409899, 702202.1 2409879, 702185.1 2409859, 702167.1 2409840, 702148.1 2409822, 702128.2 2409805, 702107.4 2409789, 702085.8 2409774, 702063.5 2409760, 702040.5 2409748, 702016.9 2409736, 701992.7 2409726, 701968 2409718, 701942.9 2409710, 701917.5 2409704, 701891.7 2409699, 701865.8 2409696, 701839.7 2409694, 701813.5 2409693, 701787.4 2409694, 701761.3 2409696, 701735.3 2409699, 701709.6 2409704, 701684.1 2409710, 701659 2409718, 701634.3 2409726, 701610.2 2409736, 701586.5 2409748, 701563.5 2409760, 701541.2 2409774, 701519.6 2409789, 701498.9 2409805, 701479 2409822, 701460 2409840, 701441.9 2409859, 701424.9 2409879, 701409 2409899, 701394.2 2409921, 701380.5 2409943, 701368 2409966, 701356.7 2409990, 701346.7 2410014, 701338 2410039, 701330.6 2410064, 701324.4 2410089, 701319.7 2410115, 701316.3 2410141, 701314.2 2410167, 701313.5 2410193, 701314.2 2410219, 701316.3 2410245, 701319.7 2410271, 701324.4 2410297, 701330.6 2410323, 701338 2410348, 701346.7 2410372, 701356.7 2410397, 701368 2410420, 701380.5 2410443, 701394.2 2410466, 701409 2410487, 701424.9 2410508, 701441.9 2410528, 701460 2410547, 701479 2410565, 701498.9 2410582, 701519.6 2410598, 701541.2 2410613, 701563.5 2410626, 701586.5 2410639, 701610.2 2410650, 701634.3 2410660, 701659 2410669, 701684.1 2410676, 701709.6 2410682, 701735.3 2410687, 701761.3 2410690, 701787.4 2410693, 701813.5 2410693, 701839.7 2410693, 701865.8 2410690, 701891.7 2410687, 701917.5 2410682, 701942.9 2410676, 701968 2410669, 701992.7 2410660, 702016.9 2410650, 702040.5 2410639, 702063.5 2410626, 702085.8 2410613, 702107.4 2410598, 702128.2 2410582, 702148.1 2410565, 702167.1 2410547, 702185.1 2410528, 702202.1 2410508, 702218 2410487, 702232.9 2410466, 702246.5 2410443, 702259 2410420, 702270.3 2410397, 702280.3 2410372, 702289 2410348, 702296.5 2410323, 702302.6 2410297, 702307.4 2410271, 702310.8 2410245, 702312.8 2410219, 702313.5 2410193))"
41,20260550,Forest,9725.563909774435,35.4184866616443,0.38167655786350146,0,Hani,NA,NA,0,1,0,4427,978.509837230974,1617.8177909337026,606.28424072265625,10.052679061889648,84.13842500017418,6799.240207672119,119137.78839111328,0.27935649173537835,1,112,6799.240207672119,1,0,0,0,1,0.10212542347045171,0.9947715304938018,9.182513152386466,3.5672339059095797,-0.9631817361981481,"POLYGON ((694799.2 2420973, 694798.5 2420947, 694796.4 2420921, 694793 2420895, 694788.2 2420869, 694782.1 2420844, 694774.7 2420819, 694766 2420794, 694755.9 2420770, 694744.7 2420746, 694732.2 2420723, 694718.5 2420701, 694703.7 2420680, 694687.7 2420659, 694670.7 2420639, 694652.7 2420620, 694633.7 2420602, 694613.8 2420585, 694593.1 2420569, 694571.5 2420554, 694549.2 2420540, 694526.2 2420528, 694502.5 2420517, 694478.3 2420507, 694453.7 2420498, 694428.6 2420490, 694403.1 2420484, 694377.4 2420480, 694351.4 2420476, 694325.3 2420474, 694299.2 2420473, 694273 2420474, 694246.9 2420476, 694220.9 2420480, 694195.2 2420484, 694169.8 2420490, 694144.7 2420498, 694120 2420507, 694095.8 2420517, 694072.2 2420528, 694049.2 2420540, 694026.8 2420554, 694005.3 2420569, 693984.5 2420585, 693964.6 2420602, 693945.6 2420620, 693927.6 2420639, 693910.6 2420659, 693894.7 2420680, 693879.8 2420701, 693866.1 2420723, 693853.7 2420746, 693842.4 2420770, 693832.4 2420794, 693823.6 2420819, 693816.2 2420844, 693810.1 2420869, 693805.3 2420895, 693801.9 2420921, 693799.8 2420947, 693799.2 2420973, 693799.8 2421000, 693801.9 2421026, 693805.3 2421052, 693810.1 2421077, 693816.2 2421103, 693823.6 2421128, 693832.4 2421153, 693842.4 2421177, 693853.7 2421200, 693866.1 2421223, 693879.8 2421246, 693894.7 2421267, 693910.6 2421288, 693927.6 2421308, 693945.6 2421327, 693964.6 2421345, 693984.5 2421362, 694005.3 2421378, 694026.8 2421393, 694049.2 2421406, 694072.2 2421419, 694095.8 2421430, 694120 2421440, 694144.7 2421449, 694169.8 2421456, 694195.2 2421462, 694220.9 2421467, 694246.9 2421471, 694273 2421473, 694299.2 2421473, 694325.3 2421473, 694351.4 2421471, 694377.4 2421467, 694403.1 2421462, 694428.6 2421456, 694453.7 2421449, 694478.3 2421440, 694502.5 2421430, 694526.2 2421419, 694549.2 2421406, 694571.5 2421393, 694593.1 2421378, 694613.8 2421362, 694633.7 2421345, 694652.7 2421327, 694670.7 2421308, 694687.7 2421288, 694703.7 2421267, 694718.5 2421246, 694732.2 2421223, 694744.7 2421200, 694755.9 2421177, 694766 2421153, 694774.7 2421128, 694782.1 2421103, 694788.2 2421077, 694793 2421052, 694796.4 2421026, 694798.5 2421000, 694799.2 2420973))"
41,20260550,Forest,4515,22.149829986848378,1.7557289127254998,0,Hani,NA,NA,0,1,0,4441,289.7419658828242,1415.9466792383305,676.70904541015625,12.410045623779297,103.41521890993347,47553.21922302246,163840.51208496094,0.2529700778246656,1,88,18306.291961669922,0.38496430443150936,0,0,0,1,-0.23200628412905236,0.9727142869952252,8.415160465851086,3.0978298209243684,0.5628841055764946,"POLYGON ((733728.2 2421970, 733727.5 2421943, 733725.4 2421917, 733722 2421891, 733717.2 2421866, 733711.1 2421840, 733703.7 2421815, 733695 2421790, 733684.9 2421766, 733673.7 2421743, 733661.2 2421720, 733647.5 2421697, 733632.7 2421676, 733616.7 2421655, 733599.7 2421635, 733581.7 2421616, 733562.7 2421598, 733542.8 2421581, 733522.1 2421565, 733500.5 2421550, 733478.2 2421537, 733455.2 2421524, 733431.5 2421513, 733407.3 2421503, 733382.7 2421494, 733357.6 2421487, 733332.1 2421480, 733306.4 2421476, 733280.4 2421472, 733254.3 2421470, 733228.2 2421470, 733202 2421470, 733175.9 2421472, 733149.9 2421476, 733124.2 2421480, 733098.8 2421487, 733073.7 2421494, 733049 2421503, 733024.8 2421513, 733001.2 2421524, 732978.2 2421537, 732955.8 2421550, 732934.3 2421565, 732913.5 2421581, 732893.6 2421598, 732874.6 2421616, 732856.6 2421635, 732839.6 2421655, 732823.7 2421676, 732808.8 2421697, 732795.2 2421720, 732782.7 2421743, 732771.4 2421766, 732761.4 2421790, 732752.6 2421815, 732745.2 2421840, 732739.1 2421866, 732734.3 2421891, 732730.9 2421917, 732728.8 2421943, 732728.2 2421970, 732728.8 2421996, 732730.9 2422022, 732734.3 2422048, 732739.1 2422073, 732745.2 2422099, 732752.6 2422124, 732761.4 2422149, 732771.4 2422173, 732782.7 2422197, 732795.2 2422220, 732808.8 2422242, 732823.7 2422263, 732839.6 2422284, 732856.6 2422304, 732874.6 2422323, 732893.6 2422341, 732913.5 2422358, 732934.3 2422374, 732955.8 2422389, 732978.2 2422403, 733001.2 2422415, 733024.8 2422426, 733049 2422436, 733073.7 2422445, 733098.8 2422453, 733124.2 2422459, 733149.9 2422463, 733175.9 2422467, 733202 2422469, 733228.2 2422470, 733254.3 2422469, 733280.4 2422467, 733306.4 2422463, 733332.1 2422459, 733357.6 2422453, 733382.7 2422445, 733407.3 2422436, 733431.5 2422426, 733455.2 2422415, 733478.2 2422403, 733500.5 2422389, 733522.1 2422374, 733542.8 2422358, 733562.7 2422341, 733581.7 2422323, 733599.7 2422304, 733616.7 2422284, 733632.7 2422263, 733647.5 2422242, 733661.2 2422220, 733673.7 2422197, 733684.9 2422173, 733695 2422149, 733703.7 2422124, 733711.1 2422099, 733717.2 2422073, 733722 2422048, 733725.4 2422022, 733727.5 2421996, 733728.2 2421970))"
41,20260550,Forest,2427.4055798064146,44.86582602524312,1.2636412749864938,0,Hani,NA,NA,0,1,0,4493,222.44870573438885,560.449035335433,901.793701171875,16.016834259033203,248.26112886369535,202626.123046875,371024.560546875,0.08120588004659272,1,33,202626.123046875,1,0,0,0,1,-0.37037702290622015,-0.9288815106907475,7.794578303345739,3.8036763919311,0.23399745401068153,"POLYGON ((686437 2397317, 686436.4 2397290, 686434.3 2397264, 686430.9 2397238, 686426.1 2397213, 686420 2397187, 686412.6 2397162, 686403.8 2397137, 686393.8 2397113, 686382.5 2397090, 686370.1 2397067, 686356.4 2397044, 686341.6 2397023, 686325.6 2397002, 686308.6 2396982, 686290.6 2396963, 686271.6 2396945, 686251.7 2396928, 686230.9 2396912, 686209.4 2396897, 686187 2396884, 686164 2396871, 686140.4 2396860, 686116.2 2396850, 686091.6 2396841, 686066.5 2396834, 686041 2396828, 686015.3 2396823, 685989.3 2396819, 685963.2 2396817, 685937 2396817, 685910.9 2396817, 685884.8 2396819, 685858.8 2396823, 685833.1 2396828, 685807.6 2396834, 685782.5 2396841, 685757.9 2396850, 685733.7 2396860, 685710.1 2396871, 685687 2396884, 685664.7 2396897, 685643.2 2396912, 685622.4 2396928, 685602.5 2396945, 685583.5 2396963, 685565.5 2396982, 685548.5 2397002, 685532.5 2397023, 685517.7 2397044, 685504 2397067, 685491.5 2397090, 685480.3 2397113, 685470.3 2397137, 685461.5 2397162, 685454.1 2397187, 685448 2397213, 685443.2 2397238, 685439.8 2397264, 685437.7 2397290, 685437 2397317, 685437.7 2397343, 685439.8 2397369, 685443.2 2397395, 685448 2397421, 685454.1 2397446, 685461.5 2397471, 685470.3 2397496, 685480.3 2397520, 685491.5 2397544, 685504 2397567, 685517.7 2397589, 685532.5 2397610, 685548.5 2397631, 685565.5 2397651, 685583.5 2397670, 685602.5 2397688, 685622.4 2397705, 685643.2 2397721, 685664.7 2397736, 685687 2397750, 685710.1 2397762, 685733.7 2397773, 685757.9 2397783, 685782.5 2397792, 685807.6 2397800, 685833.1 2397806, 685858.8 2397810, 685884.8 2397814, 685910.9 2397816, 685937 2397817, 685963.2 2397816, 685989.3 2397814, 686015.3 2397810, 686041 2397806, 686066.5 2397800, 686091.6 2397792, 686116.2 2397783, 686140.4 2397773, 686164 2397762, 686187 2397750, 686209.4 2397736, 686230.9 2397721, 686251.7 2397705, 686271.6 2397688, 686290.6 2397670, 686308.6 2397651, 686325.6 2397631, 686341.6 2397610, 686356.4 2397589, 686370.1 2397567, 686382.5 2397544, 686393.8 2397520, 686403.8 2397496, 686412.6 2397471, 686420 2397446, 686426.1 2397421, 686430.9 2397395, 686434.3 2397369, 686436.4 2397343, 686437 2397317))"
41,20260550,Forest,4967,14.715169008011273,0.38470948012232414,0,Hani,NA,NA,0,1,0,4573,319.7862341318659,1460.4160471989305,706.75189208984375,10.245784759521484,339.3574555690975,61104.20608520508,225118.95446777344,0.2062017999059157,1,32,60204.20608520508,0.9852710630305053,900,0.014728936969494698,0,1,0.9357980210696676,-0.3525366133639087,8.51057131510735,2.688878867043283,-0.9552668266309133,"POLYGON ((768953.8 2389969, 768953.1 2389942, 768951.1 2389916, 768947.7 2389890, 768942.9 2389865, 768936.8 2389839, 768929.3 2389814, 768920.6 2389789, 768910.6 2389765, 768899.3 2389742, 768886.8 2389719, 768873.2 2389696, 768858.3 2389675, 768842.4 2389654, 768825.4 2389634, 768807.4 2389615, 768788.4 2389597, 768768.5 2389580, 768747.7 2389564, 768726.1 2389549, 768703.8 2389536, 768680.8 2389523, 768657.2 2389512, 768633 2389502, 768608.3 2389493, 768583.2 2389486, 768557.8 2389479, 768532 2389475, 768506.1 2389471, 768480 2389469, 768453.8 2389469, 768427.7 2389469, 768401.6 2389471, 768375.6 2389475, 768349.9 2389479, 768324.4 2389486, 768299.3 2389493, 768274.6 2389502, 768250.5 2389512, 768226.8 2389523, 768203.8 2389536, 768181.5 2389549, 768159.9 2389564, 768139.2 2389580, 768119.3 2389597, 768100.3 2389615, 768082.2 2389634, 768065.2 2389654, 768049.3 2389675, 768034.5 2389696, 768020.8 2389719, 768008.3 2389742, 767997 2389765, 767987 2389789, 767978.3 2389814, 767970.9 2389839, 767964.7 2389865, 767960 2389890, 767956.6 2389916, 767954.5 2389942, 767953.8 2389969, 767954.5 2389995, 767956.6 2390021, 767960 2390047, 767964.7 2390072, 767970.9 2390098, 767978.3 2390123, 767987 2390148, 767997 2390172, 768008.3 2390196, 768020.8 2390219, 768034.5 2390241, 768049.3 2390262, 768065.2 2390283, 768082.2 2390303, 768100.3 2390322, 768119.3 2390340, 768139.2 2390357, 768159.9 2390373, 768181.5 2390388, 768203.8 2390402, 768226.8 2390414, 768250.5 2390425, 768274.6 2390435, 768299.3 2390444, 768324.4 2390451, 768349.9 2390458, 768375.6 2390462, 768401.6 2390466, 768427.7 2390468, 768453.8 2390469, 768480 2390468, 768506.1 2390466, 768532 2390462, 768557.8 2390458, 768583.2 2390451, 768608.3 2390444, 768633 2390435, 768657.2 2390425, 768680.8 2390414, 768703.8 2390402, 768726.1 2390388, 768747.7 2390373, 768768.5 2390357, 768788.4 2390340, 768807.4 2390322, 768825.4 2390303, 768842.4 2390283, 768858.3 2390262, 768873.2 2390241, 768886.8 2390219, 768899.3 2390196, 768910.6 2390172, 768920.6 2390148, 768929.3 2390123, 768936.8 2390098, 768942.9 2390072, 768947.7 2390047, 768951.1 2390021, 768953.1 2389995, 768953.8 2389969))"
41,20260550,Forest,6639.069767441861,18.580990665382664,1.670074349442379,0,Hani,NA,NA,0,1,0,4744,37.00231851476891,1368.596372875264,993.5133056640625,15.68685531616211,202.65895792096455,785039.3371582031,0,0.08360739544226585,1,14,757932.4401855469,0.9654706513551516,11740.258884429932,0.014954994391655567,0,1,-0.9228142847381946,-0.3852451114331425,8.80072713739144,2.9221390508761664,0.5128681460618293,"POLYGON ((678585.8 2412235, 678585.2 2412209, 678583.1 2412183, 678579.7 2412157, 678574.9 2412131, 678568.8 2412105, 678561.4 2412080, 678552.6 2412056, 678542.6 2412031, 678531.3 2412008, 678518.9 2411985, 678505.2 2411963, 678490.3 2411941, 678474.4 2411920, 678457.4 2411900, 678439.4 2411881, 678420.4 2411863, 678400.5 2411846, 678379.7 2411830, 678358.2 2411816, 678335.8 2411802, 678312.8 2411789, 678289.2 2411778, 678265 2411768, 678240.3 2411759, 678215.2 2411752, 678189.8 2411746, 678164.1 2411741, 678138.1 2411738, 678112 2411736, 678085.8 2411735, 678059.7 2411736, 678033.6 2411738, 678007.6 2411741, 677981.9 2411746, 677956.4 2411752, 677931.3 2411759, 677906.7 2411768, 677882.5 2411778, 677858.8 2411789, 677835.8 2411802, 677813.5 2411816, 677791.9 2411830, 677771.2 2411846, 677751.3 2411863, 677732.3 2411881, 677714.3 2411900, 677697.3 2411920, 677681.3 2411941, 677666.5 2411963, 677652.8 2411985, 677640.3 2412008, 677629.1 2412031, 677619 2412056, 677610.3 2412080, 677602.9 2412105, 677596.8 2412131, 677592 2412157, 677588.6 2412183, 677586.5 2412209, 677585.8 2412235, 677586.5 2412261, 677588.6 2412287, 677592 2412313, 677596.8 2412339, 677602.9 2412364, 677610.3 2412389, 677619 2412414, 677629.1 2412438, 677640.3 2412462, 677652.8 2412485, 677666.5 2412507, 677681.3 2412529, 677697.3 2412550, 677714.3 2412569, 677732.3 2412588, 677751.3 2412606, 677771.2 2412623, 677791.9 2412639, 677813.5 2412654, 677835.8 2412668, 677858.8 2412680, 677882.5 2412692, 677906.7 2412702, 677931.3 2412710, 677956.4 2412718, 677981.9 2412724, 678007.6 2412729, 678033.6 2412732, 678059.7 2412734, 678085.8 2412735, 678112 2412734, 678138.1 2412732, 678164.1 2412729, 678189.8 2412724, 678215.2 2412718, 678240.3 2412710, 678265 2412702, 678289.2 2412692, 678312.8 2412680, 678335.8 2412668, 678358.2 2412654, 678379.7 2412639, 678400.5 2412623, 678420.4 2412606, 678439.4 2412588, 678457.4 2412569, 678474.4 2412550, 678490.3 2412529, 678505.2 2412507, 678518.9 2412485, 678531.3 2412462, 678542.6 2412438, 678552.6 2412414, 678561.4 2412389, 678568.8 2412364, 678574.9 2412339, 678579.7 2412313, 678583.1 2412287, 678585.2 2412261, 678585.8 2412235))"
41,20260550,Forest,5351.11026760296,13.711033575247699,0.13435474366529168,0,Hani,NA,NA,0,1,0,4783,778.4049656711334,1121.792821765238,936.28741455078125,9.179828643798828,157.148775631242,778469.8974609375,0,0.3130805760197948,1,98,350605.6182861328,0.4503778751492773,184928.45306396484,0.23755376240896237,0,1,-0.9215163311456379,0.38833960837375714,8.585059345014134,2.6182008791533518,-2.0072716362797856,"POLYGON ((673001.1 2410102, 673000.4 2410076, 672998.3 2410050, 672994.9 2410024, 672990.2 2409998, 672984 2409973, 672976.6 2409948, 672967.9 2409923, 672957.9 2409899, 672946.6 2409875, 672934.1 2409852, 672920.4 2409830, 672905.6 2409808, 672889.7 2409788, 672872.6 2409768, 672854.6 2409749, 672835.6 2409731, 672815.7 2409714, 672795 2409698, 672773.4 2409683, 672751.1 2409669, 672728.1 2409657, 672704.4 2409646, 672680.3 2409636, 672655.6 2409627, 672630.5 2409619, 672605 2409613, 672579.3 2409608, 672553.3 2409605, 672527.2 2409603, 672501.1 2409602, 672474.9 2409603, 672448.8 2409605, 672422.9 2409608, 672397.1 2409613, 672371.7 2409619, 672346.6 2409627, 672321.9 2409636, 672297.7 2409646, 672274.1 2409657, 672251.1 2409669, 672228.8 2409683, 672207.2 2409698, 672186.4 2409714, 672166.5 2409731, 672147.5 2409749, 672129.5 2409768, 672112.5 2409788, 672096.6 2409808, 672081.7 2409830, 672068.1 2409852, 672055.6 2409875, 672044.3 2409899, 672034.3 2409923, 672025.5 2409948, 672018.1 2409973, 672012 2409998, 672007.2 2410024, 672003.8 2410050, 672001.8 2410076, 672001.1 2410102, 672001.8 2410128, 672003.8 2410155, 672007.2 2410181, 672012 2410206, 672018.1 2410232, 672025.5 2410257, 672034.3 2410282, 672044.3 2410306, 672055.6 2410329, 672068.1 2410352, 672081.7 2410375, 672096.6 2410396, 672112.5 2410417, 672129.5 2410437, 672147.5 2410456, 672166.5 2410474, 672186.4 2410491, 672207.2 2410507, 672228.8 2410522, 672251.1 2410535, 672274.1 2410548, 672297.7 2410559, 672321.9 2410569, 672346.6 2410578, 672371.7 2410585, 672397.1 2410591, 672422.9 2410596, 672448.8 2410600, 672474.9 2410602, 672501.1 2410602, 672527.2 2410602, 672553.3 2410600, 672579.3 2410596, 672605 2410591, 672630.5 2410585, 672655.6 2410578, 672680.3 2410569, 672704.4 2410559, 672728.1 2410548, 672751.1 2410535, 672773.4 2410522, 672795 2410507, 672815.7 2410491, 672835.6 2410474, 672854.6 2410456, 672872.6 2410437, 672889.7 2410417, 672905.6 2410396, 672920.4 2410375, 672934.1 2410352, 672946.6 2410329, 672957.9 2410306, 672967.9 2410282, 672976.6 2410257, 672984 2410232, 672990.2 2410206, 672994.9 2410181, 672998.3 2410155, 673000.4 2410128, 673001.1 2410102))"
41,20260550,Forest,28221.39534883721,36.32440798387466,1.8620967741935484,0,Hani,NA,NA,0,1,0,4938,1013.7253066177071,1237.607533712827,949.51849365234375,10.594345092773438,231.04314316583822,785039.3371582031,0,0.14101902669633506,1,121,54473.53477478027,0.06938956074732676,397353.3233642578,0.5061572134750009,0,1,-0.6287350293288863,-0.7776196132395353,10.247835669571991,3.59248991156372,0.6217031507554128,"POLYGON ((671764.7 2424866, 671764 2424839, 671761.9 2424813, 671758.5 2424787, 671753.7 2424762, 671747.6 2424736, 671740.2 2424711, 671731.5 2424686, 671721.4 2424662, 671710.2 2424639, 671697.7 2424616, 671684 2424593, 671669.2 2424572, 671653.2 2424551, 671636.2 2424531, 671618.2 2424512, 671599.2 2424494, 671579.3 2424477, 671558.6 2424461, 671537 2424446, 671514.7 2424433, 671491.7 2424420, 671468 2424409, 671443.9 2424399, 671419.2 2424390, 671394.1 2424383, 671368.6 2424376, 671342.9 2424372, 671316.9 2424368, 671290.8 2424366, 671264.7 2424366, 671238.5 2424366, 671212.4 2424368, 671186.5 2424372, 671160.7 2424376, 671135.3 2424383, 671110.2 2424390, 671085.5 2424399, 671061.3 2424409, 671037.7 2424420, 671014.7 2424433, 670992.4 2424446, 670970.8 2424461, 670950 2424477, 670930.1 2424494, 670911.1 2424512, 670893.1 2424531, 670876.1 2424551, 670860.2 2424572, 670845.3 2424593, 670831.7 2424616, 670819.2 2424639, 670807.9 2424662, 670797.9 2424686, 670789.1 2424711, 670781.7 2424736, 670775.6 2424762, 670770.8 2424787, 670767.4 2424813, 670765.4 2424839, 670764.7 2424866, 670765.4 2424892, 670767.4 2424918, 670770.8 2424944, 670775.6 2424969, 670781.7 2424995, 670789.1 2425020, 670797.9 2425045, 670807.9 2425069, 670819.2 2425093, 670831.7 2425116, 670845.3 2425138, 670860.2 2425159, 670876.1 2425180, 670893.1 2425200, 670911.1 2425219, 670930.1 2425237, 670950 2425254, 670970.8 2425270, 670992.4 2425285, 671014.7 2425299, 671037.7 2425311, 671061.3 2425322, 671085.5 2425332, 671110.2 2425341, 671135.3 2425348, 671160.7 2425355, 671186.5 2425359, 671212.4 2425363, 671238.5 2425365, 671264.7 2425366, 671290.8 2425365, 671316.9 2425363, 671342.9 2425359, 671368.6 2425355, 671394.1 2425348, 671419.2 2425341, 671443.9 2425332, 671468 2425322, 671491.7 2425311, 671514.7 2425299, 671537 2425285, 671558.6 2425270, 671579.3 2425254, 671599.2 2425237, 671618.2 2425219, 671636.2 2425200, 671653.2 2425180, 671669.2 2425159, 671684 2425138, 671697.7 2425116, 671710.2 2425093, 671721.4 2425069, 671731.5 2425045, 671740.2 2425020, 671747.6 2424995, 671753.7 2424969, 671758.5 2424944, 671761.9 2424918, 671764 2424892, 671764.7 2424866))"
41,20260550,Forest,3378.2501423420003,26.64581295076882,2.071001494768311,0,Hani,NA,NA,0,1,0,5045,562.728791589765,1580.5327072859734,889.73260498046875,11.544487953186035,12.808883764230082,277420.90759277344,60551.81350708008,0.15235654624224773,1,36,276696.1669921875,0.9973875775734619,0,0,0,1,0.9751149912821413,0.22169969277567672,8.125113145053028,3.2826320257268775,0.7280323041748047,"POLYGON ((675715.6 2407077, 675714.9 2407051, 675712.9 2407025, 675709.5 2406999, 675704.7 2406973, 675698.6 2406948, 675691.2 2406923, 675682.4 2406898, 675672.4 2406874, 675661.1 2406850, 675648.6 2406827, 675635 2406805, 675620.1 2406783, 675604.2 2406763, 675587.2 2406743, 675569.2 2406724, 675550.2 2406706, 675530.3 2406689, 675509.5 2406673, 675488 2406658, 675465.6 2406644, 675442.6 2406632, 675419 2406621, 675394.8 2406611, 675370.1 2406602, 675345 2406594, 675319.6 2406588, 675293.8 2406583, 675267.9 2406580, 675241.8 2406578, 675215.6 2406577, 675189.5 2406578, 675163.4 2406580, 675137.4 2406583, 675111.7 2406588, 675086.2 2406594, 675061.1 2406602, 675036.4 2406611, 675012.3 2406621, 674988.6 2406632, 674965.6 2406644, 674943.3 2406658, 674921.7 2406673, 674901 2406689, 674881.1 2406706, 674862.1 2406724, 674844.1 2406743, 674827.1 2406763, 674811.1 2406783, 674796.3 2406805, 674782.6 2406827, 674770.1 2406850, 674758.9 2406874, 674748.8 2406898, 674740.1 2406923, 674732.7 2406948, 674726.6 2406973, 674721.8 2406999, 674718.4 2407025, 674716.3 2407051, 674715.6 2407077, 674716.3 2407103, 674718.4 2407130, 674721.8 2407156, 674726.6 2407181, 674732.7 2407207, 674740.1 2407232, 674748.8 2407256, 674758.9 2407281, 674770.1 2407304, 674782.6 2407327, 674796.3 2407350, 674811.1 2407371, 674827.1 2407392, 674844.1 2407412, 674862.1 2407431, 674881.1 2407449, 674901 2407466, 674921.7 2407482, 674943.3 2407497, 674965.6 2407510, 674988.6 2407523, 675012.3 2407534, 675036.4 2407544, 675061.1 2407553, 675086.2 2407560, 675111.7 2407566, 675137.4 2407571, 675163.4 2407575, 675189.5 2407577, 675215.6 2407577, 675241.8 2407577, 675267.9 2407575, 675293.8 2407571, 675319.6 2407566, 675345 2407560, 675370.1 2407553, 675394.8 2407544, 675419 2407534, 675442.6 2407523, 675465.6 2407510, 675488 2407497, 675509.5 2407482, 675530.3 2407466, 675550.2 2407449, 675569.2 2407431, 675587.2 2407412, 675604.2 2407392, 675620.1 2407371, 675635 2407350, 675648.6 2407327, 675661.1 2407304, 675672.4 2407281, 675682.4 2407256, 675691.2 2407232, 675698.6 2407207, 675704.7 2407181, 675709.5 2407156, 675712.9 2407130, 675714.9 2407103, 675715.6 2407077))"
41,20260550,Forest,4967,14.715169008011273,0.38470948012232414,0,Hani,NA,NA,0,1,0,5164,668.38852199665,667.0657537294173,719.7833251953125,12.7940092086792,221.62908993996754,299989.6270751953,298065.7012939453,0.1601039065989995,1,92,81669.0673828125,0.27223963768034337,0,0,0,1,-0.7474609086804311,-0.6643057955449614,8.51057131510735,2.688878867043283,-0.9552668266309133,"POLYGON ((767636.8 2390510, 767636.1 2390484, 767634 2390457, 767630.6 2390431, 767625.8 2390406, 767619.7 2390380, 767612.3 2390355, 767603.6 2390331, 767593.5 2390306, 767582.3 2390283, 767569.8 2390260, 767556.1 2390237, 767541.3 2390216, 767525.3 2390195, 767508.3 2390175, 767490.3 2390156, 767471.3 2390138, 767451.4 2390121, 767430.7 2390105, 767409.1 2390090, 767386.8 2390077, 767363.8 2390064, 767340.1 2390053, 767315.9 2390043, 767291.3 2390034, 767266.2 2390027, 767240.7 2390021, 767215 2390016, 767189 2390012, 767162.9 2390010, 767136.8 2390010, 767110.6 2390010, 767084.5 2390012, 767058.5 2390016, 767032.8 2390021, 767007.4 2390027, 766982.3 2390034, 766957.6 2390043, 766933.4 2390053, 766909.8 2390064, 766886.8 2390077, 766864.4 2390090, 766842.9 2390105, 766822.1 2390121, 766802.2 2390138, 766783.2 2390156, 766765.2 2390175, 766748.2 2390195, 766732.3 2390216, 766717.4 2390237, 766703.7 2390260, 766691.3 2390283, 766680 2390306, 766670 2390331, 766661.2 2390355, 766653.8 2390380, 766647.7 2390406, 766642.9 2390431, 766639.5 2390457, 766637.4 2390484, 766636.8 2390510, 766637.4 2390536, 766639.5 2390562, 766642.9 2390588, 766647.7 2390614, 766653.8 2390639, 766661.2 2390664, 766670 2390689, 766680 2390713, 766691.3 2390737, 766703.7 2390760, 766717.4 2390782, 766732.3 2390804, 766748.2 2390824, 766765.2 2390844, 766783.2 2390863, 766802.2 2390881, 766822.1 2390898, 766842.9 2390914, 766864.4 2390929, 766886.8 2390943, 766909.8 2390955, 766933.4 2390966, 766957.6 2390976, 766982.3 2390985, 767007.4 2390993, 767032.8 2390999, 767058.5 2391004, 767084.5 2391007, 767110.6 2391009, 767136.8 2391010, 767162.9 2391009, 767189 2391007, 767215 2391004, 767240.7 2390999, 767266.2 2390993, 767291.3 2390985, 767315.9 2390976, 767340.1 2390966, 767363.8 2390955, 767386.8 2390943, 767409.1 2390929, 767430.7 2390914, 767451.4 2390898, 767471.3 2390881, 767490.3 2390863, 767508.3 2390844, 767525.3 2390824, 767541.3 2390804, 767556.1 2390782, 767569.8 2390760, 767582.3 2390737, 767593.5 2390713, 767603.6 2390689, 767612.3 2390664, 767619.7 2390639, 767625.8 2390614, 767630.6 2390588, 767634 2390562, 767636.1 2390536, 767636.8 2390510))"
41,20260550,Forest,8472.744360902256,27.219660257375487,0.31721384205856257,0,Hani,NA,NA,0,1,0,5257,126.15333924262386,1045.5696844832464,904.14398193359375,11.659542083740234,83.11452404105506,282959.6649169922,283583.60595703125,0.2952972844180724,1,7,87345.19500732422,0.30868426082193523,43463.03672790527,0.15360152741435923,0,1,0.11988517859865956,0.9927877638006865,9.044609744717965,3.303939515785232,-1.1481791519057138,"POLYGON ((705171.3 2413514, 705170.6 2413488, 705168.5 2413461, 705165.1 2413435, 705160.3 2413410, 705154.2 2413384, 705146.8 2413359, 705138 2413334, 705128 2413310, 705116.8 2413287, 705104.3 2413264, 705090.6 2413241, 705075.8 2413220, 705059.8 2413199, 705042.8 2413179, 705024.8 2413160, 705005.8 2413142, 704985.9 2413125, 704965.1 2413109, 704943.6 2413094, 704921.3 2413081, 704898.3 2413068, 704874.6 2413057, 704850.4 2413047, 704825.8 2413038, 704800.7 2413031, 704775.2 2413025, 704749.5 2413020, 704723.5 2413016, 704697.4 2413014, 704671.3 2413014, 704645.1 2413014, 704619 2413016, 704593 2413020, 704567.3 2413025, 704541.8 2413031, 704516.7 2413038, 704492.1 2413047, 704467.9 2413057, 704444.3 2413068, 704421.3 2413081, 704398.9 2413094, 704377.4 2413109, 704356.6 2413125, 704336.7 2413142, 704317.7 2413160, 704299.7 2413179, 704282.7 2413199, 704266.7 2413220, 704251.9 2413241, 704238.2 2413264, 704225.8 2413287, 704214.5 2413310, 704204.5 2413334, 704195.7 2413359, 704188.3 2413384, 704182.2 2413410, 704177.4 2413435, 704174 2413461, 704171.9 2413488, 704171.3 2413514, 704171.9 2413540, 704174 2413566, 704177.4 2413592, 704182.2 2413618, 704188.3 2413643, 704195.7 2413668, 704204.5 2413693, 704214.5 2413717, 704225.8 2413741, 704238.2 2413764, 704251.9 2413786, 704266.7 2413808, 704282.7 2413828, 704299.7 2413848, 704317.7 2413867, 704336.7 2413885, 704356.6 2413902, 704377.4 2413918, 704398.9 2413933, 704421.3 2413947, 704444.3 2413959, 704467.9 2413970, 704492.1 2413980, 704516.7 2413989, 704541.8 2413997, 704567.3 2414003, 704593 2414008, 704619 2414011, 704645.1 2414013, 704671.3 2414014, 704697.4 2414013, 704723.5 2414011, 704749.5 2414008, 704775.2 2414003, 704800.7 2413997, 704825.8 2413989, 704850.4 2413980, 704874.6 2413970, 704898.3 2413959, 704921.3 2413947, 704943.6 2413933, 704965.1 2413918, 704985.9 2413902, 705005.8 2413885, 705024.8 2413867, 705042.8 2413848, 705059.8 2413828, 705075.8 2413808, 705090.6 2413786, 705104.3 2413764, 705116.8 2413741, 705128 2413717, 705138 2413693, 705146.8 2413668, 705154.2 2413643, 705160.3 2413618, 705165.1 2413592, 705168.5 2413566, 705170.6 2413540, 705171.3 2413514))"
41,20260550,Forest,9611.842105263157,35.375788827246616,0.27491408934707906,0,Hani,NA,NA,0,1,0,5259,22.010268260227257,1789.075643073949,700.15911865234375,12.283065795898438,122.44957172677114,36611.74278259277,661134.6496582031,0.24525604917550275,1,1,31211.742782592773,0.8525063384153497,5400,0.14749366158465024,0,1,-0.5365570982899421,0.8438640176442396,9.17075116988656,3.5660276547182206,-1.2912966324976107,"POLYGON ((698872.7 2402751, 698872 2402725, 698869.9 2402699, 698866.5 2402673, 698861.7 2402647, 698855.6 2402622, 698848.2 2402597, 698839.5 2402572, 698829.4 2402548, 698818.2 2402524, 698805.7 2402501, 698792 2402479, 698777.2 2402457, 698761.2 2402437, 698744.2 2402417, 698726.2 2402398, 698707.2 2402380, 698687.3 2402363, 698666.6 2402347, 698645 2402332, 698622.7 2402318, 698599.7 2402306, 698576 2402295, 698551.9 2402285, 698527.2 2402276, 698502.1 2402268, 698476.6 2402262, 698450.9 2402257, 698424.9 2402254, 698398.8 2402252, 698372.7 2402251, 698346.5 2402252, 698320.4 2402254, 698294.5 2402257, 698268.7 2402262, 698243.3 2402268, 698218.2 2402276, 698193.5 2402285, 698169.3 2402295, 698145.7 2402306, 698122.7 2402318, 698100.4 2402332, 698078.8 2402347, 698058 2402363, 698038.1 2402380, 698019.1 2402398, 698001.1 2402417, 697984.1 2402437, 697968.2 2402457, 697953.3 2402479, 697939.7 2402501, 697927.2 2402524, 697915.9 2402548, 697905.9 2402572, 697897.1 2402597, 697889.7 2402622, 697883.6 2402647, 697878.8 2402673, 697875.4 2402699, 697873.4 2402725, 697872.7 2402751, 697873.4 2402777, 697875.4 2402804, 697878.8 2402830, 697883.6 2402855, 697889.7 2402881, 697897.1 2402906, 697905.9 2402930, 697915.9 2402955, 697927.2 2402978, 697939.7 2403001, 697953.3 2403024, 697968.2 2403045, 697984.1 2403066, 698001.1 2403086, 698019.1 2403105, 698038.1 2403123, 698058 2403140, 698078.8 2403156, 698100.4 2403171, 698122.7 2403184, 698145.7 2403197, 698169.3 2403208, 698193.5 2403218, 698218.2 2403227, 698243.3 2403234, 698268.7 2403240, 698294.5 2403245, 698320.4 2403249, 698346.5 2403251, 698372.7 2403251, 698398.8 2403251, 698424.9 2403249, 698450.9 2403245, 698476.6 2403240, 698502.1 2403234, 698527.2 2403227, 698551.9 2403218, 698576 2403208, 698599.7 2403197, 698622.7 2403184, 698645 2403171, 698666.6 2403156, 698687.3 2403140, 698707.2 2403123, 698726.2 2403105, 698744.2 2403086, 698761.2 2403066, 698777.2 2403045, 698792 2403024, 698805.7 2403001, 698818.2 2402978, 698829.4 2402955, 698839.5 2402930, 698848.2 2402906, 698855.6 2402881, 698861.7 2402855, 698866.5 2402830, 698869.9 2402804, 698872 2402777, 698872.7 2402751))"
41,20260550,Forest,8472.744360902256,27.219660257375487,0.31721384205856257,0,Hani,NA,NA,0,1,0,5340,151.90048044919394,312.00960218035624,564.87310791015625,8.379441261291504,308.60250634436994,21600,190127.91137695312,0.4119566284287925,1,116,21600,1,0,0,0,1,0.6239137829138809,-0.7814931807060703,9.044609744717965,3.303939515785232,-1.1481791519057138,"POLYGON ((705691.1 2416968, 705690.4 2416941, 705688.3 2416915, 705684.9 2416889, 705680.2 2416864, 705674 2416838, 705666.6 2416813, 705657.9 2416788, 705647.9 2416764, 705636.6 2416741, 705624.1 2416718, 705610.4 2416695, 705595.6 2416674, 705579.7 2416653, 705562.7 2416633, 705544.6 2416614, 705525.6 2416596, 705505.7 2416579, 705485 2416563, 705463.4 2416548, 705441.1 2416535, 705418.1 2416522, 705394.4 2416511, 705370.3 2416501, 705345.6 2416492, 705320.5 2416485, 705295 2416478, 705269.3 2416474, 705243.3 2416470, 705217.2 2416468, 705191.1 2416468, 705164.9 2416468, 705138.8 2416470, 705112.9 2416474, 705087.1 2416478, 705061.7 2416485, 705036.6 2416492, 705011.9 2416501, 704987.7 2416511, 704964.1 2416522, 704941.1 2416535, 704918.8 2416548, 704897.2 2416563, 704876.4 2416579, 704856.5 2416596, 704837.5 2416614, 704819.5 2416633, 704802.5 2416653, 704786.6 2416674, 704771.7 2416695, 704758.1 2416718, 704745.6 2416741, 704734.3 2416764, 704724.3 2416788, 704715.6 2416813, 704708.1 2416838, 704702 2416864, 704697.2 2416889, 704693.8 2416915, 704691.8 2416941, 704691.1 2416968, 704691.8 2416994, 704693.8 2417020, 704697.2 2417046, 704702 2417072, 704708.1 2417097, 704715.6 2417122, 704724.3 2417147, 704734.3 2417171, 704745.6 2417195, 704758.1 2417218, 704771.7 2417240, 704786.6 2417261, 704802.5 2417282, 704819.5 2417302, 704837.5 2417321, 704856.5 2417339, 704876.4 2417356, 704897.2 2417372, 704918.8 2417387, 704941.1 2417401, 704964.1 2417413, 704987.7 2417424, 705011.9 2417434, 705036.6 2417443, 705061.7 2417451, 705087.1 2417457, 705112.9 2417461, 705138.8 2417465, 705164.9 2417467, 705191.1 2417468, 705217.2 2417467, 705243.3 2417465, 705269.3 2417461, 705295 2417457, 705320.5 2417451, 705345.6 2417443, 705370.3 2417434, 705394.4 2417424, 705418.1 2417413, 705441.1 2417401, 705463.4 2417387, 705485 2417372, 705505.7 2417356, 705525.6 2417339, 705544.6 2417321, 705562.7 2417302, 705579.7 2417282, 705595.6 2417261, 705610.4 2417240, 705624.1 2417218, 705636.6 2417195, 705647.9 2417171, 705657.9 2417147, 705666.6 2417122, 705674 2417097, 705680.2 2417072, 705684.9 2417046, 705688.3 2417020, 705690.4 2416994, 705691.1 2416968))"
41,20260550,Forest,9725.563909774435,35.4184866616443,0.38167655786350146,0,Hani,NA,NA,0,1,0,5342,482.97986453276826,1702.041376745406,557.3798828125,10.108663558959961,75.36948364570262,18832.13539123535,104377.86254882812,0.3194075366931465,1,89,18832.13539123535,1,0,0,0,1,0.2525847348777166,0.9675747783539801,9.182513152386466,3.5672339059095797,-0.9631817361981481,"POLYGON ((696779.1 2424823, 696778.4 2424797, 696776.4 2424771, 696773 2424745, 696768.2 2424719, 696762.1 2424694, 696754.6 2424669, 696745.9 2424644, 696735.9 2424620, 696724.6 2424596, 696712.1 2424573, 696698.5 2424551, 696683.6 2424529, 696667.7 2424509, 696650.7 2424489, 696632.7 2424470, 696613.7 2424452, 696593.8 2424435, 696573 2424419, 696551.4 2424404, 696529.1 2424390, 696506.1 2424378, 696482.5 2424367, 696458.3 2424357, 696433.6 2424348, 696408.5 2424340, 696383.1 2424334, 696357.3 2424330, 696331.4 2424326, 696305.3 2424324, 696279.1 2424323, 696253 2424324, 696226.9 2424326, 696200.9 2424330, 696175.2 2424334, 696149.7 2424340, 696124.6 2424348, 696099.9 2424357, 696075.8 2424367, 696052.1 2424378, 696029.1 2424390, 696006.8 2424404, 695985.2 2424419, 695964.5 2424435, 695944.6 2424452, 695925.6 2424470, 695907.5 2424489, 695890.5 2424509, 695874.6 2424529, 695859.8 2424551, 695846.1 2424573, 695833.6 2424596, 695822.3 2424620, 695812.3 2424644, 695803.6 2424669, 695796.2 2424694, 695790 2424719, 695785.3 2424745, 695781.9 2424771, 695779.8 2424797, 695779.1 2424823, 695779.8 2424850, 695781.9 2424876, 695785.3 2424902, 695790 2424927, 695796.2 2424953, 695803.6 2424978, 695812.3 2425003, 695822.3 2425027, 695833.6 2425050, 695846.1 2425073, 695859.8 2425096, 695874.6 2425117, 695890.5 2425138, 695907.5 2425158, 695925.6 2425177, 695944.6 2425195, 695964.5 2425212, 695985.2 2425228, 696006.8 2425243, 696029.1 2425256, 696052.1 2425269, 696075.8 2425280, 696099.9 2425290, 696124.6 2425299, 696149.7 2425306, 696175.2 2425312, 696200.9 2425317, 696226.9 2425321, 696253 2425323, 696279.1 2425323, 696305.3 2425323, 696331.4 2425321, 696357.3 2425317, 696383.1 2425312, 696408.5 2425306, 696433.6 2425299, 696458.3 2425290, 696482.5 2425280, 696506.1 2425269, 696529.1 2425256, 696551.4 2425243, 696573 2425228, 696593.8 2425212, 696613.7 2425195, 696632.7 2425177, 696650.7 2425158, 696667.7 2425138, 696683.6 2425117, 696698.5 2425096, 696712.1 2425073, 696724.6 2425050, 696735.9 2425027, 696745.9 2425003, 696754.6 2424978, 696762.1 2424953, 696768.2 2424927, 696773 2424902, 696776.4 2424876, 696778.4 2424850, 696779.1 2424823))"
41,20260550,Forest,9725.563909774435,35.4184866616443,0.38167655786350146,0,Hani,NA,NA,0,1,0,5365,26.219763942531937,2017.0465667119572,658.54266357421875,13.637277603149414,46.108375368792174,17107.420921325684,15300,0.1516049714985115,1,5,1800,0.10521749644659557,0,0,0,1,0.6932964923193583,0.7206524639086958,9.182513152386466,3.5672339059095797,-0.9631817361981481,"POLYGON ((694119.1 2422863, 694118.4 2422837, 694116.4 2422811, 694113 2422785, 694108.2 2422760, 694102.1 2422734, 694094.7 2422709, 694085.9 2422684, 694075.9 2422660, 694064.6 2422637, 694052.1 2422613, 694038.5 2422591, 694023.6 2422570, 694007.7 2422549, 693990.7 2422529, 693972.7 2422510, 693953.7 2422492, 693933.8 2422475, 693913 2422459, 693891.5 2422444, 693869.1 2422430, 693846.1 2422418, 693822.5 2422407, 693798.3 2422397, 693773.6 2422388, 693748.5 2422381, 693723.1 2422374, 693697.3 2422370, 693671.4 2422366, 693645.3 2422364, 693619.1 2422363, 693593 2422364, 693566.9 2422366, 693540.9 2422370, 693515.2 2422374, 693489.7 2422381, 693464.6 2422388, 693439.9 2422397, 693415.8 2422407, 693392.1 2422418, 693369.1 2422430, 693346.8 2422444, 693325.2 2422459, 693304.5 2422475, 693284.6 2422492, 693265.6 2422510, 693247.6 2422529, 693230.6 2422549, 693214.6 2422570, 693199.8 2422591, 693186.1 2422613, 693173.6 2422637, 693162.4 2422660, 693152.3 2422684, 693143.6 2422709, 693136.2 2422734, 693130.1 2422760, 693125.3 2422785, 693121.9 2422811, 693119.8 2422837, 693119.1 2422863, 693119.8 2422890, 693121.9 2422916, 693125.3 2422942, 693130.1 2422967, 693136.2 2422993, 693143.6 2423018, 693152.3 2423043, 693162.4 2423067, 693173.6 2423090, 693186.1 2423113, 693199.8 2423136, 693214.6 2423157, 693230.6 2423178, 693247.6 2423198, 693265.6 2423217, 693284.6 2423235, 693304.5 2423252, 693325.2 2423268, 693346.8 2423283, 693369.1 2423297, 693392.1 2423309, 693415.8 2423320, 693439.9 2423330, 693464.6 2423339, 693489.7 2423346, 693515.2 2423353, 693540.9 2423357, 693566.9 2423361, 693593 2423363, 693619.1 2423363, 693645.3 2423363, 693671.4 2423361, 693697.3 2423357, 693723.1 2423353, 693748.5 2423346, 693773.6 2423339, 693798.3 2423330, 693822.5 2423320, 693846.1 2423309, 693869.1 2423297, 693891.5 2423283, 693913 2423268, 693933.8 2423252, 693953.7 2423235, 693972.7 2423217, 693990.7 2423198, 694007.7 2423178, 694023.6 2423157, 694038.5 2423136, 694052.1 2423113, 694064.6 2423090, 694075.9 2423067, 694085.9 2423043, 694094.7 2423018, 694102.1 2422993, 694108.2 2422967, 694113 2422942, 694116.4 2422916, 694118.4 2422890, 694119.1 2422863))"
41,20260550,Forest,4967,14.715169008011273,0.38470948012232414,0,Hani,NA,NA,0,1,0,5486,155.85402960909727,439.9866600922638,686.367919921875,8.327430725097656,44.83068912320021,28060.0004196167,232553.7872314453,0.5283541519007768,1,95,4773.956108093262,0.17013385733080022,0,0,0,1,0.7091932141926997,0.705014173575984,8.51057131510735,2.688878867043283,-0.9552668266309133,"POLYGON ((768134.5 2390654, 768133.8 2390627, 768131.7 2390601, 768128.3 2390575, 768123.5 2390550, 768117.4 2390524, 768110 2390499, 768101.3 2390474, 768091.2 2390450, 768080 2390427, 768067.5 2390404, 768053.8 2390381, 768039 2390360, 768023 2390339, 768006 2390319, 767988 2390300, 767969 2390282, 767949.1 2390265, 767928.4 2390249, 767906.8 2390234, 767884.5 2390221, 767861.5 2390208, 767837.8 2390197, 767813.7 2390187, 767789 2390178, 767763.9 2390171, 767738.4 2390165, 767712.7 2390160, 767686.7 2390156, 767660.6 2390154, 767634.5 2390154, 767608.3 2390154, 767582.2 2390156, 767556.3 2390160, 767530.5 2390165, 767505.1 2390171, 767480 2390178, 767455.3 2390187, 767431.1 2390197, 767407.5 2390208, 767384.5 2390221, 767362.2 2390234, 767340.6 2390249, 767319.8 2390265, 767299.9 2390282, 767280.9 2390300, 767262.9 2390319, 767245.9 2390339, 767230 2390360, 767215.1 2390381, 767201.5 2390404, 767189 2390427, 767177.7 2390450, 767167.7 2390474, 767158.9 2390499, 767151.5 2390524, 767145.4 2390550, 767140.6 2390575, 767137.2 2390601, 767135.2 2390627, 767134.5 2390654, 767135.2 2390680, 767137.2 2390706, 767140.6 2390732, 767145.4 2390758, 767151.5 2390783, 767158.9 2390808, 767167.7 2390833, 767177.7 2390857, 767189 2390881, 767201.5 2390904, 767215.1 2390926, 767230 2390948, 767245.9 2390968, 767262.9 2390988, 767280.9 2391007, 767299.9 2391025, 767319.8 2391042, 767340.6 2391058, 767362.2 2391073, 767384.5 2391087, 767407.5 2391099, 767431.1 2391110, 767455.3 2391120, 767480 2391129, 767505.1 2391137, 767530.5 2391143, 767556.3 2391147, 767582.2 2391151, 767608.3 2391153, 767634.5 2391154, 767660.6 2391153, 767686.7 2391151, 767712.7 2391147, 767738.4 2391143, 767763.9 2391137, 767789 2391129, 767813.7 2391120, 767837.8 2391110, 767861.5 2391099, 767884.5 2391087, 767906.8 2391073, 767928.4 2391058, 767949.1 2391042, 767969 2391025, 767988 2391007, 768006 2390988, 768023 2390968, 768039 2390948, 768053.8 2390926, 768067.5 2390904, 768080 2390881, 768091.2 2390857, 768101.3 2390833, 768110 2390808, 768117.4 2390783, 768123.5 2390758, 768128.3 2390732, 768131.7 2390706, 768133.8 2390680, 768134.5 2390654))"
41,20260550,Forest,9725.563909774435,35.4184866616443,0.38167655786350146,0,Hani,NA,NA,0,1,0,5637,721.740974270144,833.148506941482,587.05419921875,15.371139526367188,354.8414116044196,35494.28901672363,139857.275390625,0.09596953069407925,1,18,172.16712087392807,0.004850558375540615,0,0,0,1,0.9959496448932288,-0.08991276237026322,9.182513152386466,3.5672339059095797,-0.9631817361981481,"POLYGON ((695287.1 2426102, 695286.5 2426075, 695284.4 2426049, 695281 2426023, 695276.2 2425998, 695270.1 2425972, 695262.7 2425947, 695253.9 2425922, 695243.9 2425898, 695232.6 2425875, 695220.2 2425852, 695206.5 2425829, 695191.7 2425808, 695175.7 2425787, 695158.7 2425767, 695140.7 2425748, 695121.7 2425730, 695101.8 2425713, 695081 2425697, 695059.5 2425682, 695037.1 2425669, 695014.1 2425656, 694990.5 2425645, 694966.3 2425635, 694941.7 2425626, 694916.6 2425619, 694891.1 2425612, 694865.4 2425608, 694839.4 2425604, 694813.3 2425602, 694787.1 2425602, 694761 2425602, 694734.9 2425604, 694708.9 2425608, 694683.2 2425612, 694657.7 2425619, 694632.6 2425626, 694608 2425635, 694583.8 2425645, 694560.1 2425656, 694537.1 2425669, 694514.8 2425682, 694493.2 2425697, 694472.5 2425713, 694452.6 2425730, 694433.6 2425748, 694415.6 2425767, 694398.6 2425787, 694382.6 2425808, 694367.8 2425829, 694354.1 2425852, 694341.6 2425875, 694330.4 2425898, 694320.4 2425922, 694311.6 2425947, 694304.2 2425972, 694298.1 2425998, 694293.3 2426023, 694289.9 2426049, 694287.8 2426075, 694287.1 2426102, 694287.8 2426128, 694289.9 2426154, 694293.3 2426180, 694298.1 2426205, 694304.2 2426231, 694311.6 2426256, 694320.4 2426281, 694330.4 2426305, 694341.6 2426329, 694354.1 2426352, 694367.8 2426374, 694382.6 2426395, 694398.6 2426416, 694415.6 2426436, 694433.6 2426455, 694452.6 2426473, 694472.5 2426490, 694493.2 2426506, 694514.8 2426521, 694537.1 2426535, 694560.1 2426547, 694583.8 2426558, 694608 2426568, 694632.6 2426577, 694657.7 2426585, 694683.2 2426591, 694708.9 2426595, 694734.9 2426599, 694761 2426601, 694787.1 2426602, 694813.3 2426601, 694839.4 2426599, 694865.4 2426595, 694891.1 2426591, 694916.6 2426585, 694941.7 2426577, 694966.3 2426568, 694990.5 2426558, 695014.1 2426547, 695037.1 2426535, 695059.5 2426521, 695081 2426506, 695101.8 2426490, 695121.7 2426473, 695140.7 2426455, 695158.7 2426436, 695175.7 2426416, 695191.7 2426395, 695206.5 2426374, 695220.2 2426352, 695232.6 2426329, 695243.9 2426305, 695253.9 2426281, 695262.7 2426256, 695270.1 2426231, 695276.2 2426205, 695281 2426180, 695284.4 2426154, 695286.5 2426128, 695287.1 2426102))"
41,20260550,Forest,9611.842105263157,35.375788827246616,0.27491408934707906,0,Hani,NA,NA,0,1,0,5697,719.4447483125662,1058.8134744589481,654.79937744140625,9.624232292175293,224.72381916797931,77767.81539916992,707271.5148925781,0.24851021080519065,1,4,77767.81539916992,1,0,0,0,1,-0.7105069951691209,-0.7036901376428029,9.17075116988656,3.5660276547182206,-1.2912966324976107,"POLYGON ((700067.5 2401552, 700066.8 2401526, 700064.8 2401500, 700061.4 2401474, 700056.6 2401448, 700050.5 2401422, 700043 2401397, 700034.3 2401373, 700024.3 2401348, 700013 2401325, 700000.5 2401302, 699986.8 2401279, 699972 2401258, 699956.1 2401237, 699939.1 2401217, 699921.1 2401198, 699902.1 2401180, 699882.2 2401163, 699861.4 2401147, 699839.8 2401132, 699817.5 2401119, 699794.5 2401106, 699770.9 2401095, 699746.7 2401085, 699722 2401076, 699696.9 2401069, 699671.5 2401063, 699645.7 2401058, 699619.8 2401055, 699593.7 2401052, 699567.5 2401052, 699541.3 2401052, 699515.2 2401055, 699489.3 2401058, 699463.6 2401063, 699438.1 2401069, 699413 2401076, 699388.3 2401085, 699364.1 2401095, 699340.5 2401106, 699317.5 2401119, 699295.2 2401132, 699273.6 2401147, 699252.8 2401163, 699232.9 2401180, 699214 2401198, 699195.9 2401217, 699178.9 2401237, 699163 2401258, 699148.2 2401279, 699134.5 2401302, 699122 2401325, 699110.7 2401348, 699100.7 2401373, 699092 2401397, 699084.5 2401422, 699078.4 2401448, 699073.7 2401474, 699070.2 2401500, 699068.2 2401526, 699067.5 2401552, 699068.2 2401578, 699070.2 2401604, 699073.7 2401630, 699078.4 2401656, 699084.5 2401681, 699092 2401706, 699100.7 2401731, 699110.7 2401755, 699122 2401779, 699134.5 2401802, 699148.2 2401824, 699163 2401846, 699178.9 2401866, 699195.9 2401886, 699214 2401905, 699232.9 2401923, 699252.8 2401940, 699273.6 2401956, 699295.2 2401971, 699317.5 2401985, 699340.5 2401997, 699364.1 2402009, 699388.3 2402019, 699413 2402027, 699438.1 2402035, 699463.6 2402041, 699489.3 2402046, 699515.2 2402049, 699541.3 2402051, 699567.5 2402052, 699593.7 2402051, 699619.8 2402049, 699645.7 2402046, 699671.5 2402041, 699696.9 2402035, 699722 2402027, 699746.7 2402019, 699770.9 2402009, 699794.5 2401997, 699817.5 2401985, 699839.8 2401971, 699861.4 2401956, 699882.2 2401940, 699902.1 2401923, 699921.1 2401905, 699939.1 2401886, 699956.1 2401866, 699972 2401846, 699986.8 2401824, 700000.5 2401802, 700013 2401779, 700024.3 2401755, 700034.3 2401731, 700043 2401706, 700050.5 2401681, 700056.6 2401656, 700061.4 2401630, 700064.8 2401604, 700066.8 2401578, 700067.5 2401552))"
41,20260550,Forest,5040.869565217392,26.97585606017254,5.159214830970556,0,Hani,NA,NA,0,1,0,5842,358.7567818431279,1445.002150014632,1542.63671875,9.1028289794921875,274.25643137551066,313808.12072753906,66294.09942626953,0.13447945143183984,1,72,0,0,113182.62176513672,0.3606746106593158,0,1,0.07422042974329521,-0.9972418602368839,8.525333878964574,3.294942245957513,1.6407844033746832,"POLYGON ((628547.3 2418384, 628546.6 2418358, 628544.6 2418331, 628541.2 2418306, 628536.4 2418280, 628530.3 2418254, 628522.9 2418229, 628514.1 2418205, 628504.1 2418180, 628492.8 2418157, 628480.3 2418134, 628466.7 2418111, 628451.8 2418090, 628435.9 2418069, 628418.9 2418049, 628400.9 2418030, 628381.9 2418012, 628362 2417995, 628341.2 2417979, 628319.7 2417964, 628297.3 2417951, 628274.3 2417938, 628250.7 2417927, 628226.5 2417917, 628201.8 2417908, 628176.7 2417901, 628151.3 2417895, 628125.5 2417890, 628099.6 2417886, 628073.5 2417884, 628047.3 2417884, 628021.2 2417884, 627995.1 2417886, 627969.1 2417890, 627943.4 2417895, 627917.9 2417901, 627892.8 2417908, 627868.1 2417917, 627844 2417927, 627820.3 2417938, 627797.3 2417951, 627775 2417964, 627753.4 2417979, 627732.7 2417995, 627712.8 2418012, 627693.8 2418030, 627675.8 2418049, 627658.8 2418069, 627642.8 2418090, 627628 2418111, 627614.3 2418134, 627601.8 2418157, 627590.6 2418180, 627580.5 2418205, 627571.8 2418229, 627564.4 2418254, 627558.3 2418280, 627553.5 2418306, 627550.1 2418331, 627548 2418358, 627547.3 2418384, 627548 2418410, 627550.1 2418436, 627553.5 2418462, 627558.3 2418488, 627564.4 2418513, 627571.8 2418538, 627580.5 2418563, 627590.6 2418587, 627601.8 2418611, 627614.3 2418634, 627628 2418656, 627642.8 2418678, 627658.8 2418698, 627675.8 2418718, 627693.8 2418737, 627712.8 2418755, 627732.7 2418772, 627753.4 2418788, 627775 2418803, 627797.3 2418817, 627820.3 2418829, 627844 2418841, 627868.1 2418851, 627892.8 2418859, 627917.9 2418867, 627943.4 2418873, 627969.1 2418878, 627995.1 2418881, 628021.2 2418883, 628047.3 2418884, 628073.5 2418883, 628099.6 2418881, 628125.5 2418878, 628151.3 2418873, 628176.7 2418867, 628201.8 2418859, 628226.5 2418851, 628250.7 2418841, 628274.3 2418829, 628297.3 2418817, 628319.7 2418803, 628341.2 2418788, 628362 2418772, 628381.9 2418755, 628400.9 2418737, 628418.9 2418718, 628435.9 2418698, 628451.8 2418678, 628466.7 2418656, 628480.3 2418634, 628492.8 2418611, 628504.1 2418587, 628514.1 2418563, 628522.9 2418538, 628530.3 2418513, 628536.4 2418488, 628541.2 2418462, 628544.6 2418436, 628546.6 2418410, 628547.3 2418384))"
41,20260550,Forest,2591.573353577529,41.89499305379046,0.6281028368794326,0,Hani,NA,NA,0,1,0,5911,206.03694492889494,1710.7345409971995,725.82403564453125,12.722970008850098,185.98957952068395,3504.2906284332275,33160.1131439209,0.16389962965739716,1,46,1705.2473187446594,0.48661697888541783,1799.0434169769287,0.5133830517308672,0,1,-0.9945408896866801,-0.10434758617824755,7.860020442680657,3.7351663222647935,-0.46505137292726917,"POLYGON ((671610.9 2404548, 671610.2 2404522, 671608.2 2404496, 671604.8 2404470, 671600 2404444, 671593.9 2404419, 671586.5 2404394, 671577.7 2404369, 671567.7 2404345, 671556.4 2404321, 671543.9 2404298, 671530.3 2404276, 671515.4 2404254, 671499.5 2404234, 671482.5 2404214, 671464.5 2404195, 671445.5 2404177, 671425.6 2404160, 671404.8 2404144, 671383.3 2404129, 671360.9 2404115, 671337.9 2404103, 671314.3 2404092, 671290.1 2404082, 671265.4 2404073, 671240.3 2404065, 671214.9 2404059, 671189.1 2404055, 671163.2 2404051, 671137.1 2404049, 671110.9 2404048, 671084.8 2404049, 671058.7 2404051, 671032.7 2404055, 671007 2404059, 670981.5 2404065, 670956.4 2404073, 670931.7 2404082, 670907.6 2404092, 670883.9 2404103, 670860.9 2404115, 670838.6 2404129, 670817 2404144, 670796.3 2404160, 670776.4 2404177, 670757.4 2404195, 670739.4 2404214, 670722.4 2404234, 670706.4 2404254, 670691.6 2404276, 670677.9 2404298, 670665.4 2404321, 670654.2 2404345, 670644.1 2404369, 670635.4 2404394, 670628 2404419, 670621.9 2404444, 670617.1 2404470, 670613.7 2404496, 670611.6 2404522, 670610.9 2404548, 670611.6 2404575, 670613.7 2404601, 670617.1 2404627, 670621.9 2404652, 670628 2404678, 670635.4 2404703, 670644.1 2404728, 670654.2 2404752, 670665.4 2404775, 670677.9 2404798, 670691.6 2404821, 670706.4 2404842, 670722.4 2404863, 670739.4 2404883, 670757.4 2404902, 670776.4 2404920, 670796.3 2404937, 670817 2404953, 670838.6 2404968, 670860.9 2404981, 670883.9 2404994, 670907.6 2405005, 670931.7 2405015, 670956.4 2405024, 670981.5 2405031, 671007 2405037, 671032.7 2405042, 671058.7 2405046, 671084.8 2405048, 671110.9 2405048, 671137.1 2405048, 671163.2 2405046, 671189.1 2405042, 671214.9 2405037, 671240.3 2405031, 671265.4 2405024, 671290.1 2405015, 671314.3 2405005, 671337.9 2404994, 671360.9 2404981, 671383.3 2404968, 671404.8 2404953, 671425.6 2404937, 671445.5 2404920, 671464.5 2404902, 671482.5 2404883, 671499.5 2404863, 671515.4 2404842, 671530.3 2404821, 671543.9 2404798, 671556.4 2404775, 671567.7 2404752, 671577.7 2404728, 671586.5 2404703, 671593.9 2404678, 671600 2404652, 671604.8 2404627, 671608.2 2404601, 671610.2 2404575, 671610.9 2404548))"
41,20260550,Forest,4515,22.149829986848378,1.7557289127254998,0,Hani,NA,NA,0,1,0,6098,138.41375342487748,120.4660440508021,1166.844482421875,15.549482345581055,311.8350564708404,470633.8073730469,314405.52978515625,0.08829791426535798,1,10,198792.0181274414,0.42239213378453566,0,0,0,1,0.6669884655757918,-0.7450680417175675,8.415160465851086,3.0978298209243684,0.5628841055764946,"POLYGON ((723806 2420266, 723805.4 2420240, 723803.3 2420214, 723799.9 2420188, 723795.1 2420162, 723789 2420136, 723781.6 2420111, 723772.8 2420087, 723762.8 2420063, 723751.5 2420039, 723739.1 2420016, 723725.4 2419994, 723710.6 2419972, 723694.6 2419951, 723677.6 2419931, 723659.6 2419912, 723640.6 2419894, 723620.7 2419877, 723599.9 2419861, 723578.4 2419847, 723556 2419833, 723533 2419820, 723509.4 2419809, 723485.2 2419799, 723460.6 2419790, 723435.5 2419783, 723410 2419777, 723384.3 2419772, 723358.3 2419769, 723332.2 2419767, 723306 2419766, 723279.9 2419767, 723253.8 2419769, 723227.8 2419772, 723202.1 2419777, 723176.6 2419783, 723151.5 2419790, 723126.9 2419799, 723102.7 2419809, 723079.1 2419820, 723056 2419833, 723033.7 2419847, 723012.2 2419861, 722991.4 2419877, 722971.5 2419894, 722952.5 2419912, 722934.5 2419931, 722917.5 2419951, 722901.5 2419972, 722886.7 2419994, 722873 2420016, 722860.5 2420039, 722849.3 2420063, 722839.3 2420087, 722830.5 2420111, 722823.1 2420136, 722817 2420162, 722812.2 2420188, 722808.8 2420214, 722806.7 2420240, 722806 2420266, 722806.7 2420292, 722808.8 2420318, 722812.2 2420344, 722817 2420370, 722823.1 2420395, 722830.5 2420420, 722839.3 2420445, 722849.3 2420469, 722860.5 2420493, 722873 2420516, 722886.7 2420538, 722901.5 2420560, 722917.5 2420581, 722934.5 2420600, 722952.5 2420619, 722971.5 2420637, 722991.4 2420654, 723012.2 2420670, 723033.7 2420685, 723056 2420699, 723079.1 2420711, 723102.7 2420723, 723126.9 2420733, 723151.5 2420741, 723176.6 2420749, 723202.1 2420755, 723227.8 2420760, 723253.8 2420763, 723279.9 2420765, 723306 2420766, 723332.2 2420765, 723358.3 2420763, 723384.3 2420760, 723410 2420755, 723435.5 2420749, 723460.6 2420741, 723485.2 2420733, 723509.4 2420723, 723533 2420711, 723556 2420699, 723578.4 2420685, 723599.9 2420670, 723620.7 2420654, 723640.6 2420637, 723659.6 2420619, 723677.6 2420600, 723694.6 2420581, 723710.6 2420560, 723725.4 2420538, 723739.1 2420516, 723751.5 2420493, 723762.8 2420469, 723772.8 2420445, 723781.6 2420420, 723789 2420395, 723795.1 2420370, 723799.9 2420344, 723803.3 2420318, 723805.4 2420292, 723806 2420266))"
41,20260550,Forest,9611.842105263157,35.375788827246616,0.27491408934707906,0,Hani,NA,NA,0,1,0,6185,758.5216554478313,711.7573258722953,636.98516845703125,8.070672988891602,262.3151408193777,110999.4255065918,602066.3269042969,0.31097185879497813,1,20,58673.714447021484,0.5285947578488782,2282.036304473877,0.02055899203134485,0,1,-0.13372430634744042,-0.9910185719207768,9.17075116988656,3.5660276547182206,-1.2912966324976107,"POLYGON ((699875.8 2401091, 699875.1 2401065, 699873 2401039, 699869.6 2401013, 699864.9 2400987, 699858.7 2400962, 699851.3 2400937, 699842.6 2400912, 699832.6 2400888, 699821.3 2400864, 699808.8 2400841, 699795.1 2400819, 699780.3 2400797, 699764.4 2400777, 699747.4 2400757, 699729.3 2400738, 699710.3 2400720, 699690.4 2400703, 699669.7 2400687, 699648.1 2400672, 699625.8 2400658, 699602.8 2400646, 699579.1 2400635, 699555 2400625, 699530.3 2400616, 699505.2 2400608, 699479.7 2400602, 699454 2400597, 699428 2400594, 699401.9 2400592, 699375.8 2400591, 699349.6 2400592, 699323.5 2400594, 699297.6 2400597, 699271.8 2400602, 699246.4 2400608, 699221.3 2400616, 699196.6 2400625, 699172.4 2400635, 699148.8 2400646, 699125.8 2400658, 699103.5 2400672, 699081.9 2400687, 699061.1 2400703, 699041.2 2400720, 699022.2 2400738, 699004.2 2400757, 698987.2 2400777, 698971.3 2400797, 698956.4 2400819, 698942.8 2400841, 698930.3 2400864, 698919 2400888, 698909 2400912, 698900.3 2400937, 698892.8 2400962, 698886.7 2400987, 698881.9 2401013, 698878.5 2401039, 698876.5 2401065, 698875.8 2401091, 698876.5 2401117, 698878.5 2401144, 698881.9 2401170, 698886.7 2401195, 698892.8 2401221, 698900.3 2401246, 698909 2401270, 698919 2401295, 698930.3 2401318, 698942.8 2401341, 698956.4 2401364, 698971.3 2401385, 698987.2 2401406, 699004.2 2401426, 699022.2 2401445, 699041.2 2401463, 699061.1 2401480, 699081.9 2401496, 699103.5 2401511, 699125.8 2401524, 699148.8 2401537, 699172.4 2401548, 699196.6 2401558, 699221.3 2401567, 699246.4 2401574, 699271.8 2401580, 699297.6 2401585, 699323.5 2401589, 699349.6 2401591, 699375.8 2401591, 699401.9 2401591, 699428 2401589, 699454 2401585, 699479.7 2401580, 699505.2 2401574, 699530.3 2401567, 699555 2401558, 699579.1 2401548, 699602.8 2401537, 699625.8 2401524, 699648.1 2401511, 699669.7 2401496, 699690.4 2401480, 699710.3 2401463, 699729.3 2401445, 699747.4 2401426, 699764.4 2401406, 699780.3 2401385, 699795.1 2401364, 699808.8 2401341, 699821.3 2401318, 699832.6 2401295, 699842.6 2401270, 699851.3 2401246, 699858.7 2401221, 699864.9 2401195, 699869.6 2401170, 699873 2401144, 699875.1 2401117, 699875.8 2401091))"
41,20260550,Forest,8472.744360902256,27.219660257375487,0.31721384205856257,0,Hani,NA,NA,0,1,0,6204,68.5542767413517,245.94400397682244,922.2021484375,14.116164207458496,111.78184006918266,339392.39501953125,445646.9421386719,0.2651844897839721,1,47,323101.5930175781,0.9520000971117352,13289.673614501953,0.039157252223454106,0,1,-0.3710735327760749,0.9286034854947957,9.044609744717965,3.303939515785232,-1.1481791519057138,"POLYGON ((711411.1 2410539, 711410.4 2410513, 711408.4 2410487, 711405 2410461, 711400.2 2410435, 711394.1 2410410, 711386.6 2410384, 711377.9 2410360, 711367.9 2410336, 711356.6 2410312, 711344.1 2410289, 711330.5 2410267, 711315.6 2410245, 711299.7 2410224, 711282.7 2410204, 711264.7 2410185, 711245.7 2410167, 711225.8 2410150, 711205 2410134, 711183.4 2410120, 711161.1 2410106, 711138.1 2410093, 711114.5 2410082, 711090.3 2410072, 711065.6 2410063, 711040.5 2410056, 711015.1 2410050, 710989.3 2410045, 710963.4 2410042, 710937.3 2410040, 710911.1 2410039, 710885 2410040, 710858.9 2410042, 710832.9 2410045, 710807.2 2410050, 710781.7 2410056, 710756.6 2410063, 710731.9 2410072, 710707.8 2410082, 710684.1 2410093, 710661.1 2410106, 710638.8 2410120, 710617.2 2410134, 710596.5 2410150, 710576.6 2410167, 710557.6 2410185, 710539.5 2410204, 710522.5 2410224, 710506.6 2410245, 710491.8 2410267, 710478.1 2410289, 710465.6 2410312, 710454.3 2410336, 710444.3 2410360, 710435.6 2410384, 710428.2 2410410, 710422 2410435, 710417.3 2410461, 710413.9 2410487, 710411.8 2410513, 710411.1 2410539, 710411.8 2410565, 710413.9 2410591, 710417.3 2410617, 710422 2410643, 710428.2 2410668, 710435.6 2410694, 710444.3 2410718, 710454.3 2410742, 710465.6 2410766, 710478.1 2410789, 710491.8 2410811, 710506.6 2410833, 710522.5 2410854, 710539.5 2410874, 710557.6 2410893, 710576.6 2410911, 710596.5 2410928, 710617.2 2410944, 710638.8 2410958, 710661.1 2410972, 710684.1 2410984, 710707.8 2410996, 710731.9 2411006, 710756.6 2411015, 710781.7 2411022, 710807.2 2411028, 710832.9 2411033, 710858.9 2411036, 710885 2411038, 710911.1 2411039, 710937.3 2411038, 710963.4 2411036, 710989.3 2411033, 711015.1 2411028, 711040.5 2411022, 711065.6 2411015, 711090.3 2411006, 711114.5 2410996, 711138.1 2410984, 711161.1 2410972, 711183.4 2410958, 711205 2410944, 711225.8 2410928, 711245.7 2410911, 711264.7 2410893, 711282.7 2410874, 711299.7 2410854, 711315.6 2410833, 711330.5 2410811, 711344.1 2410789, 711356.6 2410766, 711367.9 2410742, 711377.9 2410718, 711386.6 2410694, 711394.1 2410668, 711400.2 2410643, 711405 2410617, 711408.4 2410591, 711410.4 2410565, 711411.1 2410539))"
41,20260550,Forest,5307.45872081989,36.630721511716736,0.5234012147195427,0,Hani,NA,NA,0,1,0,6219,23.19736141939408,78.1913237171085,1068.7943115234375,15.068460464477539,339.9007065798464,785039.3371582031,0,0.12477670246239692,1,31,10695.600700378418,0.013624286318053656,0,0,0,1,0.9390984900843973,-0.34364811351323504,8.576868416028539,3.6008872738862983,-0.6474069680642858,"POLYGON ((691925.7 2403463, 691925 2403437, 691923 2403411, 691919.5 2403385, 691914.8 2403359, 691908.7 2403334, 691901.2 2403309, 691892.5 2403284, 691882.5 2403260, 691871.2 2403236, 691858.7 2403213, 691845 2403191, 691830.2 2403169, 691814.3 2403149, 691797.3 2403129, 691779.3 2403110, 691760.3 2403092, 691740.4 2403075, 691719.6 2403059, 691698 2403044, 691675.7 2403030, 691652.7 2403018, 691629.1 2403007, 691604.9 2402997, 691580.2 2402988, 691555.1 2402980, 691529.7 2402974, 691503.9 2402970, 691478 2402966, 691451.9 2402964, 691425.7 2402963, 691399.5 2402964, 691373.4 2402966, 691347.5 2402970, 691321.7 2402974, 691296.3 2402980, 691271.2 2402988, 691246.5 2402997, 691222.3 2403007, 691198.7 2403018, 691175.7 2403030, 691153.4 2403044, 691131.8 2403059, 691111 2403075, 691091.1 2403092, 691072.1 2403110, 691054.1 2403129, 691037.1 2403149, 691021.2 2403169, 691006.4 2403191, 690992.7 2403213, 690980.2 2403236, 690968.9 2403260, 690958.9 2403284, 690950.2 2403309, 690942.7 2403334, 690936.6 2403359, 690931.9 2403385, 690928.4 2403411, 690926.4 2403437, 690925.7 2403463, 690926.4 2403490, 690928.4 2403516, 690931.9 2403542, 690936.6 2403567, 690942.7 2403593, 690950.2 2403618, 690958.9 2403643, 690968.9 2403667, 690980.2 2403690, 690992.7 2403713, 691006.4 2403736, 691021.2 2403757, 691037.1 2403778, 691054.1 2403798, 691072.1 2403817, 691091.1 2403835, 691111 2403852, 691131.8 2403868, 691153.4 2403883, 691175.7 2403896, 691198.7 2403909, 691222.3 2403920, 691246.5 2403930, 691271.2 2403939, 691296.3 2403946, 691321.7 2403952, 691347.5 2403957, 691373.4 2403961, 691399.5 2403963, 691425.7 2403963, 691451.9 2403963, 691478 2403961, 691503.9 2403957, 691529.7 2403952, 691555.1 2403946, 691580.2 2403939, 691604.9 2403930, 691629.1 2403920, 691652.7 2403909, 691675.7 2403896, 691698 2403883, 691719.6 2403868, 691740.4 2403852, 691760.3 2403835, 691779.3 2403817, 691797.3 2403798, 691814.3 2403778, 691830.2 2403757, 691845 2403736, 691858.7 2403713, 691871.2 2403690, 691882.5 2403667, 691892.5 2403643, 691901.2 2403618, 691908.7 2403593, 691914.8 2403567, 691919.5 2403542, 691923 2403516, 691925 2403490, 691925.7 2403463))"
41,20260550,Forest,3378.2501423420003,26.64581295076882,2.071001494768311,0,Hani,NA,NA,0,1,0,6227,99.64271994235708,200.63323025863548,722.5076904296875,11.201115608215332,203.6652438440822,53590.42282104492,65559.36813354492,0.3361208227468976,1,55,53590.42282104492,1,0,0,0,1,-0.9159062501361659,-0.40139225324052663,8.125113145053028,3.2826320257268775,0.7280323041748047,"POLYGON ((676988.2 2408096, 676987.5 2408070, 676985.5 2408044, 676982 2408018, 676977.3 2407992, 676971.2 2407967, 676963.7 2407941, 676955 2407917, 676945 2407893, 676933.7 2407869, 676921.2 2407846, 676907.5 2407824, 676892.7 2407802, 676876.8 2407781, 676859.8 2407761, 676841.7 2407742, 676822.8 2407724, 676802.9 2407707, 676782.1 2407691, 676760.5 2407677, 676738.2 2407663, 676715.2 2407650, 676691.6 2407639, 676667.4 2407629, 676642.7 2407620, 676617.6 2407613, 676592.1 2407607, 676566.4 2407602, 676540.5 2407599, 676514.4 2407597, 676488.2 2407596, 676462 2407597, 676435.9 2407599, 676410 2407602, 676384.2 2407607, 676358.8 2407613, 676333.7 2407620, 676309 2407629, 676284.8 2407639, 676261.2 2407650, 676238.2 2407663, 676215.9 2407677, 676194.3 2407691, 676173.5 2407707, 676153.6 2407724, 676134.6 2407742, 676116.6 2407761, 676099.6 2407781, 676083.7 2407802, 676068.9 2407824, 676055.2 2407846, 676042.7 2407869, 676031.4 2407893, 676021.4 2407917, 676012.7 2407941, 676005.2 2407967, 675999.1 2407992, 675994.3 2408018, 675990.9 2408044, 675988.9 2408070, 675988.2 2408096, 675988.9 2408122, 675990.9 2408148, 675994.3 2408174, 675999.1 2408200, 676005.2 2408225, 676012.7 2408250, 676021.4 2408275, 676031.4 2408299, 676042.7 2408323, 676055.2 2408346, 676068.9 2408368, 676083.7 2408390, 676099.6 2408411, 676116.6 2408431, 676134.6 2408450, 676153.6 2408468, 676173.5 2408485, 676194.3 2408500, 676215.9 2408515, 676238.2 2408529, 676261.2 2408541, 676284.8 2408553, 676309 2408563, 676333.7 2408572, 676358.8 2408579, 676384.2 2408585, 676410 2408590, 676435.9 2408593, 676462 2408595, 676488.2 2408596, 676514.4 2408595, 676540.5 2408593, 676566.4 2408590, 676592.1 2408585, 676617.6 2408579, 676642.7 2408572, 676667.4 2408563, 676691.6 2408553, 676715.2 2408541, 676738.2 2408529, 676760.5 2408515, 676782.1 2408500, 676802.9 2408485, 676822.8 2408468, 676841.7 2408450, 676859.8 2408431, 676876.8 2408411, 676892.7 2408390, 676907.5 2408368, 676921.2 2408346, 676933.7 2408323, 676945 2408299, 676955 2408275, 676963.7 2408250, 676971.2 2408225, 676977.3 2408200, 676982 2408174, 676985.5 2408148, 676987.5 2408122, 676988.2 2408096))"
41,20260550,Forest,4496.109318656291,53.343051017456666,0.9828130480533146,0,Hani,NA,NA,0,1,0,6393,22.876826295732695,886.0207177277774,920.7821044921875,15.274624824523926,47.58941855374525,61747.88131713867,723291.4489746094,0.14590735785284806,1,71,53100,0.8599485337363572,7733.264350891113,0.1252393472607242,0,1,0.6744387548111507,0.7383307971423002,8.410967705925682,3.9767437165454274,-0.01733636201571971,"POLYGON ((672159.3 2378010, 672158.6 2377984, 672156.6 2377958, 672153.1 2377932, 672148.4 2377906, 672142.3 2377881, 672134.8 2377856, 672126.1 2377831, 672116.1 2377807, 672104.8 2377783, 672092.3 2377760, 672078.6 2377738, 672063.8 2377717, 672047.9 2377696, 672030.9 2377676, 672012.8 2377657, 671993.9 2377639, 671974 2377622, 671953.2 2377606, 671931.6 2377591, 671909.3 2377577, 671886.3 2377565, 671862.7 2377554, 671838.5 2377544, 671813.8 2377535, 671788.7 2377527, 671763.2 2377521, 671737.5 2377517, 671711.6 2377513, 671685.5 2377511, 671659.3 2377510, 671633.1 2377511, 671607 2377513, 671581.1 2377517, 671555.3 2377521, 671529.9 2377527, 671504.8 2377535, 671480.1 2377544, 671455.9 2377554, 671432.3 2377565, 671409.3 2377577, 671387 2377591, 671365.4 2377606, 671344.6 2377622, 671324.7 2377639, 671305.7 2377657, 671287.7 2377676, 671270.7 2377696, 671254.8 2377717, 671240 2377738, 671226.3 2377760, 671213.8 2377783, 671202.5 2377807, 671192.5 2377831, 671183.8 2377856, 671176.3 2377881, 671170.2 2377906, 671165.4 2377932, 671162 2377958, 671160 2377984, 671159.3 2378010, 671160 2378037, 671162 2378063, 671165.4 2378089, 671170.2 2378114, 671176.3 2378140, 671183.8 2378165, 671192.5 2378190, 671202.5 2378214, 671213.8 2378237, 671226.3 2378260, 671240 2378283, 671254.8 2378304, 671270.7 2378325, 671287.7 2378345, 671305.7 2378364, 671324.7 2378382, 671344.6 2378399, 671365.4 2378415, 671387 2378430, 671409.3 2378443, 671432.3 2378456, 671455.9 2378467, 671480.1 2378477, 671504.8 2378486, 671529.9 2378493, 671555.3 2378499, 671581.1 2378504, 671607 2378508, 671633.1 2378510, 671659.3 2378510, 671685.5 2378510, 671711.6 2378508, 671737.5 2378504, 671763.2 2378499, 671788.7 2378493, 671813.8 2378486, 671838.5 2378477, 671862.7 2378467, 671886.3 2378456, 671909.3 2378443, 671931.6 2378430, 671953.2 2378415, 671974 2378399, 671993.9 2378382, 672012.8 2378364, 672030.9 2378345, 672047.9 2378325, 672063.8 2378304, 672078.6 2378283, 672092.3 2378260, 672104.8 2378237, 672116.1 2378214, 672126.1 2378190, 672134.8 2378165, 672142.3 2378140, 672148.4 2378114, 672153.1 2378089, 672156.6 2378063, 672158.6 2378037, 672159.3 2378010))"
41,20260550,Forest,3378.2501423420003,26.64581295076882,2.071001494768311,0,Hani,NA,NA,0,1,0,6688,2.09158720838295,1301.0092341460715,649.63006591796875,6.604495048522949,187.18882306120517,58500,4731.6797733306885,0.5250839642779846,1,87,900,0.015384615384615385,0,0,0,1,-0.9921391317404639,-0.1251396950183214,8.125113145053028,3.2826320257268775,0.7280323041748047,"POLYGON ((681733.9 2403386, 681733.2 2403359, 681731.2 2403333, 681727.8 2403307, 681723 2403282, 681716.9 2403256, 681709.5 2403231, 681700.7 2403206, 681690.7 2403182, 681679.4 2403159, 681666.9 2403136, 681653.3 2403113, 681638.4 2403092, 681622.5 2403071, 681605.5 2403051, 681587.5 2403032, 681568.5 2403014, 681548.6 2402997, 681527.8 2402981, 681506.3 2402966, 681483.9 2402953, 681460.9 2402940, 681437.3 2402929, 681413.1 2402919, 681388.4 2402910, 681363.3 2402903, 681337.9 2402896, 681312.1 2402892, 681286.2 2402888, 681260.1 2402886, 681233.9 2402886, 681207.8 2402886, 681181.7 2402888, 681155.7 2402892, 681130 2402896, 681104.5 2402903, 681079.4 2402910, 681054.7 2402919, 681030.6 2402929, 681006.9 2402940, 680983.9 2402953, 680961.6 2402966, 680940 2402981, 680919.3 2402997, 680899.4 2403014, 680880.4 2403032, 680862.4 2403051, 680845.4 2403071, 680829.4 2403092, 680814.6 2403113, 680800.9 2403136, 680788.4 2403159, 680777.2 2403182, 680767.1 2403206, 680758.4 2403231, 680751 2403256, 680744.9 2403282, 680740.1 2403307, 680736.7 2403333, 680734.6 2403359, 680733.9 2403386, 680734.6 2403412, 680736.7 2403438, 680740.1 2403464, 680744.9 2403490, 680751 2403515, 680758.4 2403540, 680767.1 2403565, 680777.2 2403589, 680788.4 2403613, 680800.9 2403636, 680814.6 2403658, 680829.4 2403679, 680845.4 2403700, 680862.4 2403720, 680880.4 2403739, 680899.4 2403757, 680919.3 2403774, 680940 2403790, 680961.6 2403805, 680983.9 2403819, 681006.9 2403831, 681030.6 2403842, 681054.7 2403852, 681079.4 2403861, 681104.5 2403869, 681130 2403875, 681155.7 2403879, 681181.7 2403883, 681207.8 2403885, 681233.9 2403886, 681260.1 2403885, 681286.2 2403883, 681312.1 2403879, 681337.9 2403875, 681363.3 2403869, 681388.4 2403861, 681413.1 2403852, 681437.3 2403842, 681460.9 2403831, 681483.9 2403819, 681506.3 2403805, 681527.8 2403790, 681548.6 2403774, 681568.5 2403757, 681587.5 2403739, 681605.5 2403720, 681622.5 2403700, 681638.4 2403679, 681653.3 2403658, 681666.9 2403636, 681679.4 2403613, 681690.7 2403589, 681700.7 2403565, 681709.5 2403540, 681716.9 2403515, 681723 2403490, 681727.8 2403464, 681731.2 2403438, 681733.2 2403412, 681733.9 2403386))"
41,20260550,Forest,5040.869565217392,26.97585606017254,5.159214830970556,0,Hani,NA,NA,0,1,0,6728,306.5087027407465,423.97418632349013,1516.2591552734375,10.881677627563477,23.00038242896495,487485.1867675781,297554.1778564453,0.21412009172969337,1,54,0,0,22940.788650512695,0.04705945795528417,0,1,0.9205022454405214,0.3907372725233133,8.525333878964574,3.294942245957513,1.6407844033746832,"POLYGON ((628296.4 2415392, 628295.7 2415365, 628293.7 2415339, 628290.2 2415313, 628285.5 2415288, 628279.4 2415262, 628271.9 2415237, 628263.2 2415212, 628253.2 2415188, 628241.9 2415165, 628229.4 2415142, 628215.7 2415119, 628200.9 2415098, 628185 2415077, 628168 2415057, 628150 2415038, 628131 2415020, 628111.1 2415003, 628090.3 2414987, 628068.7 2414972, 628046.4 2414959, 628023.4 2414946, 627999.8 2414935, 627975.6 2414925, 627950.9 2414916, 627925.8 2414909, 627900.4 2414903, 627874.6 2414898, 627848.7 2414894, 627822.6 2414892, 627796.4 2414892, 627770.2 2414892, 627744.1 2414894, 627718.2 2414898, 627692.4 2414903, 627667 2414909, 627641.9 2414916, 627617.2 2414925, 627593 2414935, 627569.4 2414946, 627546.4 2414959, 627524.1 2414972, 627502.5 2414987, 627481.7 2415003, 627461.8 2415020, 627442.9 2415038, 627424.8 2415057, 627407.8 2415077, 627391.9 2415098, 627377.1 2415119, 627363.4 2415142, 627350.9 2415165, 627339.6 2415188, 627329.6 2415212, 627320.9 2415237, 627313.4 2415262, 627307.3 2415288, 627302.6 2415313, 627299.1 2415339, 627297.1 2415365, 627296.4 2415392, 627297.1 2415418, 627299.1 2415444, 627302.6 2415470, 627307.3 2415496, 627313.4 2415521, 627320.9 2415546, 627329.6 2415571, 627339.6 2415595, 627350.9 2415619, 627363.4 2415642, 627377.1 2415664, 627391.9 2415686, 627407.8 2415706, 627424.8 2415726, 627442.9 2415745, 627461.8 2415763, 627481.7 2415780, 627502.5 2415796, 627524.1 2415811, 627546.4 2415825, 627569.4 2415837, 627593 2415848, 627617.2 2415858, 627641.9 2415867, 627667 2415875, 627692.4 2415881, 627718.2 2415885, 627744.1 2415889, 627770.2 2415891, 627796.4 2415892, 627822.6 2415891, 627848.7 2415889, 627874.6 2415885, 627900.4 2415881, 627925.8 2415875, 627950.9 2415867, 627975.6 2415858, 627999.8 2415848, 628023.4 2415837, 628046.4 2415825, 628068.7 2415811, 628090.3 2415796, 628111.1 2415780, 628131 2415763, 628150 2415745, 628168 2415726, 628185 2415706, 628200.9 2415686, 628215.7 2415664, 628229.4 2415642, 628241.9 2415619, 628253.2 2415595, 628263.2 2415571, 628271.9 2415546, 628279.4 2415521, 628285.5 2415496, 628290.2 2415470, 628293.7 2415444, 628295.7 2415418, 628296.4 2415392))"
41,20260550,Forest,9725.563909774435,35.4184866616443,0.38167655786350146,0,Hani,NA,NA,0,1,0,6764,598.3644631977743,2671.294641302465,633.97509765625,11.965124130249023,107.29134151230711,388862.1826171875,11940.151691436768,0.15944783438213986,1,67,15734.809684753418,0.04046371796519857,5400,0.013886667928611587,0,1,-0.2972305880723776,0.954805727629526,9.182513152386466,3.5672339059095797,-0.9631817361981481,"POLYGON ((694633.8 2423320, 694633.1 2423294, 694631 2423268, 694627.6 2423242, 694622.8 2423216, 694616.7 2423191, 694609.3 2423166, 694600.6 2423141, 694590.5 2423117, 694579.3 2423093, 694566.8 2423070, 694553.1 2423048, 694538.3 2423026, 694522.3 2423005, 694505.3 2422985, 694487.3 2422966, 694468.3 2422948, 694448.4 2422931, 694427.7 2422916, 694406.1 2422901, 694383.8 2422887, 694360.8 2422875, 694337.1 2422863, 694313 2422853, 694288.3 2422845, 694263.2 2422837, 694237.7 2422831, 694212 2422826, 694186 2422823, 694159.9 2422821, 694133.8 2422820, 694107.6 2422821, 694081.5 2422823, 694055.5 2422826, 694029.8 2422831, 694004.4 2422837, 693979.3 2422845, 693954.6 2422853, 693930.4 2422863, 693906.8 2422875, 693883.8 2422887, 693861.4 2422901, 693839.9 2422916, 693819.1 2422931, 693799.2 2422948, 693780.2 2422966, 693762.2 2422985, 693745.2 2423005, 693729.3 2423026, 693714.4 2423048, 693700.8 2423070, 693688.3 2423093, 693677 2423117, 693667 2423141, 693658.2 2423166, 693650.8 2423191, 693644.7 2423216, 693639.9 2423242, 693636.5 2423268, 693634.5 2423294, 693633.8 2423320, 693634.5 2423346, 693636.5 2423372, 693639.9 2423398, 693644.7 2423424, 693650.8 2423449, 693658.2 2423475, 693667 2423499, 693677 2423523, 693688.3 2423547, 693700.8 2423570, 693714.4 2423592, 693729.3 2423614, 693745.2 2423635, 693762.2 2423655, 693780.2 2423674, 693799.2 2423692, 693819.1 2423709, 693839.9 2423725, 693861.4 2423739, 693883.8 2423753, 693906.8 2423766, 693930.4 2423777, 693954.6 2423787, 693979.3 2423796, 694004.4 2423803, 694029.8 2423809, 694055.5 2423814, 694081.5 2423817, 694107.6 2423819, 694133.8 2423820, 694159.9 2423819, 694186 2423817, 694212 2423814, 694237.7 2423809, 694263.2 2423803, 694288.3 2423796, 694313 2423787, 694337.1 2423777, 694360.8 2423766, 694383.8 2423753, 694406.1 2423739, 694427.7 2423725, 694448.4 2423709, 694468.3 2423692, 694487.3 2423674, 694505.3 2423655, 694522.3 2423635, 694538.3 2423614, 694553.1 2423592, 694566.8 2423570, 694579.3 2423547, 694590.5 2423523, 694600.6 2423499, 694609.3 2423475, 694616.7 2423449, 694622.8 2423424, 694627.6 2423398, 694631 2423372, 694633.1 2423346, 694633.8 2423320))"
41,20260550,Forest,2715.8853672423606,19.408732153463,0.688783570300158,0,Hani,NA,NA,0,1,0,6777,305.4926756482297,356.41321898151466,1644.6326904296875,8.604135513305664,118.84975664809801,785039.3371582031,0,0.38818873208441557,1,97,0,0,0,0,0,1,-0.4825144922600383,0.8758879864223721,7.906873281323348,2.9657230758029596,-0.3728281787951418,"POLYGON ((662994 2398404, 662993.3 2398378, 662991.3 2398352, 662987.9 2398326, 662983.1 2398300, 662977 2398275, 662969.5 2398250, 662960.8 2398225, 662950.8 2398201, 662939.5 2398177, 662927 2398154, 662913.3 2398132, 662898.5 2398110, 662882.6 2398089, 662865.6 2398070, 662847.6 2398051, 662828.6 2398033, 662808.7 2398016, 662787.9 2398000, 662766.3 2397985, 662744 2397971, 662721 2397959, 662697.4 2397947, 662673.2 2397937, 662648.5 2397929, 662623.4 2397921, 662598 2397915, 662572.2 2397910, 662546.3 2397907, 662520.2 2397905, 662494 2397904, 662467.8 2397905, 662441.7 2397907, 662415.8 2397910, 662390.1 2397915, 662364.6 2397921, 662339.5 2397929, 662314.8 2397937, 662290.6 2397947, 662267 2397959, 662244 2397971, 662221.7 2397985, 662200.1 2398000, 662179.4 2398016, 662159.4 2398033, 662140.5 2398051, 662122.4 2398070, 662105.4 2398089, 662089.5 2398110, 662074.7 2398132, 662061 2398154, 662048.5 2398177, 662037.2 2398201, 662027.2 2398225, 662018.5 2398250, 662011 2398275, 662004.9 2398300, 662000.2 2398326, 661996.7 2398352, 661994.7 2398378, 661994 2398404, 661994.7 2398430, 661996.7 2398456, 662000.2 2398482, 662004.9 2398508, 662011 2398534, 662018.5 2398559, 662027.2 2398583, 662037.2 2398607, 662048.5 2398631, 662061 2398654, 662074.7 2398676, 662089.5 2398698, 662105.4 2398719, 662122.4 2398739, 662140.5 2398758, 662159.4 2398776, 662179.4 2398793, 662200.1 2398809, 662221.7 2398823, 662244 2398837, 662267 2398850, 662290.6 2398861, 662314.8 2398871, 662339.5 2398880, 662364.6 2398887, 662390.1 2398893, 662415.8 2398898, 662441.7 2398901, 662467.8 2398903, 662494 2398904, 662520.2 2398903, 662546.3 2398901, 662572.2 2398898, 662598 2398893, 662623.4 2398887, 662648.5 2398880, 662673.2 2398871, 662697.4 2398861, 662721 2398850, 662744 2398837, 662766.3 2398823, 662787.9 2398809, 662808.7 2398793, 662828.6 2398776, 662847.6 2398758, 662865.6 2398739, 662882.6 2398719, 662898.5 2398698, 662913.3 2398676, 662927 2398654, 662939.5 2398631, 662950.8 2398607, 662960.8 2398583, 662969.5 2398559, 662977 2398534, 662983.1 2398508, 662987.9 2398482, 662991.3 2398456, 662993.3 2398430, 662994 2398404))"
41,20260550,Forest,4496.109318656291,53.343051017456666,0.9828130480533146,0,Hani,NA,NA,0,1,0,6810,476.2040581321818,806.7648842607116,937.5009765625,15.953380584716797,352.87910867155364,624672.0153808594,0,0.07474206149496303,1,43,500347.9797363281,0.8009771006489997,94542.00210571289,0.15134662635410537,0,1,0.9922868040461363,-0.1239632950348797,8.410967705925682,3.9767437165454274,-0.01733636201571971,"POLYGON ((677049.1 2381266, 677048.5 2381239, 677046.4 2381213, 677043 2381187, 677038.2 2381162, 677032.1 2381136, 677024.7 2381111, 677015.9 2381086, 677005.9 2381062, 676994.6 2381039, 676982.1 2381016, 676968.5 2380993, 676953.6 2380972, 676937.7 2380951, 676920.7 2380931, 676902.7 2380912, 676883.7 2380894, 676863.8 2380877, 676843 2380861, 676821.5 2380846, 676799.1 2380833, 676776.1 2380820, 676752.5 2380809, 676728.3 2380799, 676703.6 2380790, 676678.5 2380783, 676653.1 2380777, 676627.4 2380772, 676601.4 2380768, 676575.3 2380766, 676549.1 2380766, 676523 2380766, 676496.9 2380768, 676470.9 2380772, 676445.2 2380777, 676419.7 2380783, 676394.6 2380790, 676370 2380799, 676345.8 2380809, 676322.1 2380820, 676299.1 2380833, 676276.8 2380846, 676255.2 2380861, 676234.5 2380877, 676214.6 2380894, 676195.6 2380912, 676177.6 2380931, 676160.6 2380951, 676144.6 2380972, 676129.8 2380993, 676116.1 2381016, 676103.6 2381039, 676092.4 2381062, 676082.3 2381086, 676073.6 2381111, 676066.2 2381136, 676060.1 2381162, 676055.3 2381187, 676051.9 2381213, 676049.8 2381239, 676049.1 2381266, 676049.8 2381292, 676051.9 2381318, 676055.3 2381344, 676060.1 2381370, 676066.2 2381395, 676073.6 2381420, 676082.3 2381445, 676092.4 2381469, 676103.6 2381493, 676116.1 2381516, 676129.8 2381538, 676144.6 2381560, 676160.6 2381580, 676177.6 2381600, 676195.6 2381619, 676214.6 2381637, 676234.5 2381654, 676255.2 2381670, 676276.8 2381685, 676299.1 2381699, 676322.1 2381711, 676345.8 2381722, 676370 2381732, 676394.6 2381741, 676419.7 2381749, 676445.2 2381755, 676470.9 2381759, 676496.9 2381763, 676523 2381765, 676549.1 2381766, 676575.3 2381765, 676601.4 2381763, 676627.4 2381759, 676653.1 2381755, 676678.5 2381749, 676703.6 2381741, 676728.3 2381732, 676752.5 2381722, 676776.1 2381711, 676799.1 2381699, 676821.5 2381685, 676843 2381670, 676863.8 2381654, 676883.7 2381637, 676902.7 2381619, 676920.7 2381600, 676937.7 2381580, 676953.6 2381560, 676968.5 2381538, 676982.1 2381516, 676994.6 2381493, 677005.9 2381469, 677015.9 2381445, 677024.7 2381420, 677032.1 2381395, 677038.2 2381370, 677043 2381344, 677046.4 2381318, 677048.5 2381292, 677049.1 2381266))"
41,20260550,Forest,2427.4055798064146,44.86582602524312,1.2636412749864938,0,Hani,NA,NA,0,1,0,6875,367.0348925290538,818.1090491671342,808.7779541015625,16.70412254333496,28.253026384147272,428301.9470214844,137436.767578125,0.09244639882521659,1,102,362301.74560546875,0.8459026351035828,7950.117301940918,0.0185619452753553,0,1,0.8808657360576507,0.47336619549732656,7.794578303345739,3.8036763919311,0.23399745401068153,"POLYGON ((690369.1 2399474, 690368.4 2399448, 690366.3 2399422, 690362.9 2399396, 690358.1 2399370, 690352 2399344, 690344.6 2399319, 690335.8 2399295, 690325.8 2399270, 690314.6 2399247, 690302.1 2399224, 690288.4 2399202, 690273.6 2399180, 690257.6 2399159, 690240.6 2399139, 690222.6 2399120, 690203.6 2399102, 690183.7 2399085, 690163 2399069, 690141.4 2399055, 690119.1 2399041, 690096.1 2399028, 690072.4 2399017, 690048.2 2399007, 690023.6 2398998, 689998.5 2398991, 689973 2398985, 689947.3 2398980, 689921.3 2398977, 689895.2 2398975, 689869.1 2398974, 689842.9 2398975, 689816.8 2398977, 689790.8 2398980, 689765.1 2398985, 689739.6 2398991, 689714.6 2398998, 689689.9 2399007, 689665.7 2399017, 689642.1 2399028, 689619.1 2399041, 689596.7 2399055, 689575.2 2399069, 689554.4 2399085, 689534.5 2399102, 689515.5 2399120, 689497.5 2399139, 689480.5 2399159, 689464.6 2399180, 689449.7 2399202, 689436 2399224, 689423.6 2399247, 689412.3 2399270, 689402.3 2399295, 689393.5 2399319, 689386.1 2399344, 689380 2399370, 689375.2 2399396, 689371.8 2399422, 689369.7 2399448, 689369.1 2399474, 689369.7 2399500, 689371.8 2399526, 689375.2 2399552, 689380 2399578, 689386.1 2399603, 689393.5 2399628, 689402.3 2399653, 689412.3 2399677, 689423.6 2399701, 689436 2399724, 689449.7 2399746, 689464.6 2399768, 689480.5 2399789, 689497.5 2399808, 689515.5 2399827, 689534.5 2399845, 689554.4 2399862, 689575.2 2399878, 689596.7 2399893, 689619.1 2399907, 689642.1 2399919, 689665.7 2399931, 689689.9 2399941, 689714.6 2399949, 689739.6 2399957, 689765.1 2399963, 689790.8 2399968, 689816.8 2399971, 689842.9 2399973, 689869.1 2399974, 689895.2 2399973, 689921.3 2399971, 689947.3 2399968, 689973 2399963, 689998.5 2399957, 690023.6 2399949, 690048.2 2399941, 690072.4 2399931, 690096.1 2399919, 690119.1 2399907, 690141.4 2399893, 690163 2399878, 690183.7 2399862, 690203.6 2399845, 690222.6 2399827, 690240.6 2399808, 690257.6 2399789, 690273.6 2399768, 690288.4 2399746, 690302.1 2399724, 690314.6 2399701, 690325.8 2399677, 690335.8 2399653, 690344.6 2399628, 690352 2399603, 690358.1 2399578, 690362.9 2399552, 690366.3 2399526, 690368.4 2399500, 690369.1 2399474))"
41,20260550,Forest,9620.300751879699,41.51503560607066,0.2980101804720037,0,Hani,NA,NA,0,1,0,6916,238.91454237663973,867.656499531146,722.32073974609375,13.124195098876953,289.74511009418,8792.844200134277,46880.217361450195,0.13264115834432202,1,12,2163.814401626587,0.24608810896405317,0,0,0,1,0.3378363921465303,-0.9412048513163411,9.171630806360227,3.726055665381232,-1.2106276304025323,"POLYGON ((702346.2 2411038, 702345.6 2411012, 702343.5 2410986, 702340.1 2410960, 702335.3 2410934, 702329.2 2410909, 702321.8 2410884, 702313 2410859, 702303 2410835, 702291.7 2410811, 702279.3 2410788, 702265.6 2410766, 702250.8 2410744, 702234.8 2410724, 702217.8 2410704, 702199.8 2410685, 702180.8 2410667, 702160.9 2410650, 702140.1 2410634, 702118.6 2410619, 702096.2 2410605, 702073.2 2410593, 702049.6 2410581, 702025.4 2410571, 702000.8 2410563, 701975.7 2410555, 701950.2 2410549, 701924.5 2410544, 701898.5 2410541, 701872.4 2410539, 701846.2 2410538, 701820.1 2410539, 701794 2410541, 701768 2410544, 701742.3 2410549, 701716.8 2410555, 701691.7 2410563, 701667.1 2410571, 701642.9 2410581, 701619.2 2410593, 701596.2 2410605, 701573.9 2410619, 701552.3 2410634, 701531.6 2410650, 701511.7 2410667, 701492.7 2410685, 701474.7 2410704, 701457.7 2410724, 701441.7 2410744, 701426.9 2410766, 701413.2 2410788, 701400.7 2410811, 701389.5 2410835, 701379.5 2410859, 701370.7 2410884, 701363.3 2410909, 701357.2 2410934, 701352.4 2410960, 701349 2410986, 701346.9 2411012, 701346.2 2411038, 701346.9 2411064, 701349 2411090, 701352.4 2411116, 701357.2 2411142, 701363.3 2411168, 701370.7 2411193, 701379.5 2411217, 701389.5 2411242, 701400.7 2411265, 701413.2 2411288, 701426.9 2411310, 701441.7 2411332, 701457.7 2411353, 701474.7 2411373, 701492.7 2411392, 701511.7 2411410, 701531.6 2411427, 701552.3 2411443, 701573.9 2411458, 701596.2 2411471, 701619.2 2411484, 701642.9 2411495, 701667.1 2411505, 701691.7 2411514, 701716.8 2411521, 701742.3 2411527, 701768 2411532, 701794 2411535, 701820.1 2411537, 701846.2 2411538, 701872.4 2411537, 701898.5 2411535, 701924.5 2411532, 701950.2 2411527, 701975.7 2411521, 702000.8 2411514, 702025.4 2411505, 702049.6 2411495, 702073.2 2411484, 702096.2 2411471, 702118.6 2411458, 702140.1 2411443, 702160.9 2411427, 702180.8 2411410, 702199.8 2411392, 702217.8 2411373, 702234.8 2411353, 702250.8 2411332, 702265.6 2411310, 702279.3 2411288, 702291.7 2411265, 702303 2411242, 702313 2411217, 702321.8 2411193, 702329.2 2411168, 702335.3 2411142, 702340.1 2411116, 702343.5 2411090, 702345.6 2411064, 702346.2 2411038))"
41,20260550,Forest,3378.2501423420003,27.32013936280332,2.0710014947683106,0,Hani,NA,NA,0,1,0,6963,727.1941226501783,1601.4391482866697,855.6453857421875,12.195470809936523,245.5724313292265,785039.3371582031,0,0.0983921642113466,1,125,526100.64697265625,0.6701583246479216,155468.07861328125,0.19803858387028944,0,1,-0.41354257024852975,-0.9104847843826056,8.125113145053028,3.3076241358170795,0.7280323041748045,"POLYGON ((666649.6 2405106, 666648.9 2405080, 666646.8 2405054, 666643.4 2405028, 666638.6 2405002, 666632.5 2404977, 666625.1 2404952, 666616.4 2404927, 666606.3 2404903, 666595.1 2404879, 666582.6 2404856, 666568.9 2404834, 666554.1 2404812, 666538.1 2404791, 666521.1 2404772, 666503.1 2404753, 666484.1 2404735, 666464.2 2404718, 666443.5 2404702, 666421.9 2404687, 666399.6 2404673, 666376.6 2404661, 666352.9 2404649, 666328.8 2404639, 666304.1 2404631, 666279 2404623, 666253.5 2404617, 666227.8 2404612, 666201.8 2404609, 666175.7 2404607, 666149.6 2404606, 666123.4 2404607, 666097.3 2404609, 666071.4 2404612, 666045.6 2404617, 666020.2 2404623, 665995.1 2404631, 665970.4 2404639, 665946.2 2404649, 665922.6 2404661, 665899.6 2404673, 665877.3 2404687, 665855.7 2404702, 665834.9 2404718, 665815 2404735, 665796 2404753, 665778 2404772, 665761 2404791, 665745.1 2404812, 665730.2 2404834, 665716.6 2404856, 665704.1 2404879, 665692.8 2404903, 665682.8 2404927, 665674 2404952, 665666.6 2404977, 665660.5 2405002, 665655.7 2405028, 665652.3 2405054, 665650.3 2405080, 665649.6 2405106, 665650.3 2405132, 665652.3 2405158, 665655.7 2405184, 665660.5 2405210, 665666.6 2405236, 665674 2405261, 665682.8 2405285, 665692.8 2405310, 665704.1 2405333, 665716.6 2405356, 665730.2 2405378, 665745.1 2405400, 665761 2405421, 665778 2405441, 665796 2405460, 665815 2405478, 665834.9 2405495, 665855.7 2405511, 665877.3 2405525, 665899.6 2405539, 665922.6 2405552, 665946.2 2405563, 665970.4 2405573, 665995.1 2405582, 666020.2 2405589, 666045.6 2405595, 666071.4 2405600, 666097.3 2405603, 666123.4 2405605, 666149.6 2405606, 666175.7 2405605, 666201.8 2405603, 666227.8 2405600, 666253.5 2405595, 666279 2405589, 666304.1 2405582, 666328.8 2405573, 666352.9 2405563, 666376.6 2405552, 666399.6 2405539, 666421.9 2405525, 666443.5 2405511, 666464.2 2405495, 666484.1 2405478, 666503.1 2405460, 666521.1 2405441, 666538.1 2405421, 666554.1 2405400, 666568.9 2405378, 666582.6 2405356, 666595.1 2405333, 666606.3 2405310, 666616.4 2405285, 666625.1 2405261, 666632.5 2405236, 666638.6 2405210, 666643.4 2405184, 666646.8 2405158, 666648.9 2405132, 666649.6 2405106))"
41,20260550,Forest,5351.11026760296,13.711033575247699,0.13435474366529168,0,Hani,NA,NA,0,1,0,6975,74.6171719949493,1657.6972124189167,772.57427978515625,10.155591011047363,123.9573074880288,167084.10186767578,76478.48739624023,0.3409891591020967,1,2,140847.29461669922,0.8429724494568902,26236.800384521484,0.1570275094473083,0,1,-0.5585750117546409,0.8294540109272502,8.585059345014134,2.6182008791533518,-2.0072716362797856,"POLYGON ((676038.1 2409214, 676037.4 2409188, 676035.4 2409162, 676032 2409136, 676027.2 2409110, 676021.1 2409085, 676013.7 2409059, 676004.9 2409035, 675994.9 2409011, 675983.6 2408987, 675971.1 2408964, 675957.5 2408942, 675942.6 2408920, 675926.7 2408899, 675909.7 2408879, 675891.7 2408860, 675872.7 2408842, 675852.8 2408825, 675832 2408809, 675810.5 2408795, 675788.1 2408781, 675765.1 2408768, 675741.5 2408757, 675717.3 2408747, 675692.6 2408738, 675667.5 2408731, 675642.1 2408725, 675616.4 2408720, 675590.4 2408717, 675564.3 2408715, 675538.1 2408714, 675512 2408715, 675485.9 2408717, 675459.9 2408720, 675434.2 2408725, 675408.7 2408731, 675383.6 2408738, 675359 2408747, 675334.8 2408757, 675311.1 2408768, 675288.1 2408781, 675265.8 2408795, 675244.2 2408809, 675223.5 2408825, 675203.6 2408842, 675184.6 2408860, 675166.6 2408879, 675149.6 2408899, 675133.6 2408920, 675118.8 2408942, 675105.1 2408964, 675092.6 2408987, 675081.4 2409011, 675071.3 2409035, 675062.6 2409059, 675055.2 2409085, 675049.1 2409110, 675044.3 2409136, 675040.9 2409162, 675038.8 2409188, 675038.1 2409214, 675038.8 2409240, 675040.9 2409266, 675044.3 2409292, 675049.1 2409318, 675055.2 2409343, 675062.6 2409368, 675071.3 2409393, 675081.4 2409417, 675092.6 2409441, 675105.1 2409464, 675118.8 2409486, 675133.6 2409508, 675149.6 2409529, 675166.6 2409549, 675184.6 2409568, 675203.6 2409586, 675223.5 2409603, 675244.2 2409618, 675265.8 2409633, 675288.1 2409647, 675311.1 2409659, 675334.8 2409671, 675359 2409681, 675383.6 2409689, 675408.7 2409697, 675434.2 2409703, 675459.9 2409708, 675485.9 2409711, 675512 2409713, 675538.1 2409714, 675564.3 2409713, 675590.4 2409711, 675616.4 2409708, 675642.1 2409703, 675667.5 2409697, 675692.6 2409689, 675717.3 2409681, 675741.5 2409671, 675765.1 2409659, 675788.1 2409647, 675810.5 2409633, 675832 2409618, 675852.8 2409603, 675872.7 2409586, 675891.7 2409568, 675909.7 2409549, 675926.7 2409529, 675942.6 2409508, 675957.5 2409486, 675971.1 2409464, 675983.6 2409441, 675994.9 2409417, 676004.9 2409393, 676013.7 2409368, 676021.1 2409343, 676027.2 2409318, 676032 2409292, 676035.4 2409266, 676037.4 2409240, 676038.1 2409214))"
41,20260550,Forest,8472.744360902256,27.219660257375487,0.31721384205856257,0,Hani,NA,NA,0,1,0,7070,333.9397720357716,922.9389224325716,553.00146484375,12.033634185791016,222.59684211393403,953.4075021743774,54617.266845703125,0.21024571286014185,1,82,0,0,0,0,0,1,-0.7361343923654582,-0.6768353982887846,9.044609744717965,3.303939515785232,-1.1481791519057138,"POLYGON ((708787.8 2417478, 708787.1 2417452, 708785 2417426, 708781.6 2417400, 708776.8 2417374, 708770.7 2417349, 708763.3 2417324, 708754.5 2417299, 708744.5 2417275, 708733.3 2417251, 708720.8 2417228, 708707.1 2417206, 708692.3 2417184, 708676.3 2417164, 708659.3 2417144, 708641.3 2417125, 708622.3 2417107, 708602.4 2417090, 708581.6 2417074, 708560.1 2417059, 708537.8 2417045, 708514.7 2417033, 708491.1 2417021, 708466.9 2417011, 708442.3 2417003, 708417.2 2416995, 708391.7 2416989, 708366 2416984, 708340 2416981, 708313.9 2416979, 708287.8 2416978, 708261.6 2416979, 708235.5 2416981, 708209.5 2416984, 708183.8 2416989, 708158.3 2416995, 708133.2 2417003, 708108.6 2417011, 708084.4 2417021, 708060.8 2417033, 708037.8 2417045, 708015.4 2417059, 707993.9 2417074, 707973.1 2417090, 707953.2 2417107, 707934.2 2417125, 707916.2 2417144, 707899.2 2417164, 707883.2 2417184, 707868.4 2417206, 707854.7 2417228, 707842.2 2417251, 707831 2417275, 707821 2417299, 707812.2 2417324, 707804.8 2417349, 707798.7 2417374, 707793.9 2417400, 707790.5 2417426, 707788.4 2417452, 707787.8 2417478, 707788.4 2417504, 707790.5 2417530, 707793.9 2417556, 707798.7 2417582, 707804.8 2417608, 707812.2 2417633, 707821 2417657, 707831 2417682, 707842.2 2417705, 707854.7 2417728, 707868.4 2417751, 707883.2 2417772, 707899.2 2417793, 707916.2 2417813, 707934.2 2417832, 707953.2 2417850, 707973.1 2417867, 707993.9 2417883, 708015.4 2417898, 708037.8 2417911, 708060.8 2417924, 708084.4 2417935, 708108.6 2417945, 708133.2 2417954, 708158.3 2417961, 708183.8 2417967, 708209.5 2417972, 708235.5 2417975, 708261.6 2417977, 708287.8 2417978, 708313.9 2417977, 708340 2417975, 708366 2417972, 708391.7 2417967, 708417.2 2417961, 708442.3 2417954, 708466.9 2417945, 708491.1 2417935, 708514.7 2417924, 708537.8 2417911, 708560.1 2417898, 708581.6 2417883, 708602.4 2417867, 708622.3 2417850, 708641.3 2417832, 708659.3 2417813, 708676.3 2417793, 708692.3 2417772, 708707.1 2417751, 708720.8 2417728, 708733.3 2417705, 708744.5 2417682, 708754.5 2417657, 708763.3 2417633, 708770.7 2417608, 708776.8 2417582, 708781.6 2417556, 708785 2417530, 708787.1 2417504, 708787.8 2417478))"
41,20260550,Forest,5351.11026760296,13.711033575247699,0.13435474366529168,0,Hani,NA,NA,0,1,0,7180,217.80355266172202,1206.097513878928,825.78131103515625,12.508016586303711,197.36086524601777,13500,134382.30743408203,0.17986984145891327,1,27,3600,0.26666666666666666,0,0,0,1,-0.9544443598340641,-0.2983889474845603,8.585059345014134,2.6182008791533518,-2.0072716362797856,"POLYGON ((679393.6 2409217, 679392.9 2409191, 679390.8 2409164, 679387.4 2409139, 679382.6 2409113, 679376.5 2409087, 679369.1 2409062, 679360.4 2409038, 679350.3 2409013, 679339.1 2408990, 679326.6 2408967, 679312.9 2408944, 679298.1 2408923, 679282.1 2408902, 679265.1 2408882, 679247.1 2408863, 679228.1 2408845, 679208.2 2408828, 679187.5 2408812, 679165.9 2408797, 679143.6 2408784, 679120.6 2408771, 679096.9 2408760, 679072.7 2408750, 679048.1 2408741, 679023 2408734, 678997.5 2408728, 678971.8 2408723, 678945.8 2408719, 678919.7 2408717, 678893.6 2408717, 678867.4 2408717, 678841.3 2408719, 678815.3 2408723, 678789.6 2408728, 678764.2 2408734, 678739.1 2408741, 678714.4 2408750, 678690.2 2408760, 678666.6 2408771, 678643.6 2408784, 678621.2 2408797, 678599.7 2408812, 678578.9 2408828, 678559 2408845, 678540 2408863, 678522 2408882, 678505 2408902, 678489.1 2408923, 678474.2 2408944, 678460.5 2408967, 678448.1 2408990, 678436.8 2409013, 678426.8 2409038, 678418 2409062, 678410.6 2409087, 678404.5 2409113, 678399.7 2409139, 678396.3 2409164, 678394.2 2409191, 678393.6 2409217, 678394.2 2409243, 678396.3 2409269, 678399.7 2409295, 678404.5 2409321, 678410.6 2409346, 678418 2409371, 678426.8 2409396, 678436.8 2409420, 678448.1 2409444, 678460.5 2409467, 678474.2 2409489, 678489.1 2409511, 678505 2409531, 678522 2409551, 678540 2409570, 678559 2409588, 678578.9 2409605, 678599.7 2409621, 678621.2 2409636, 678643.6 2409650, 678666.6 2409662, 678690.2 2409674, 678714.4 2409684, 678739.1 2409692, 678764.2 2409700, 678789.6 2409706, 678815.3 2409711, 678841.3 2409714, 678867.4 2409716, 678893.6 2409717, 678919.7 2409716, 678945.8 2409714, 678971.8 2409711, 678997.5 2409706, 679023 2409700, 679048.1 2409692, 679072.7 2409684, 679096.9 2409674, 679120.6 2409662, 679143.6 2409650, 679165.9 2409636, 679187.5 2409621, 679208.2 2409605, 679228.1 2409588, 679247.1 2409570, 679265.1 2409551, 679282.1 2409531, 679298.1 2409511, 679312.9 2409489, 679326.6 2409467, 679339.1 2409444, 679350.3 2409420, 679360.4 2409396, 679369.1 2409371, 679376.5 2409346, 679382.6 2409321, 679387.4 2409295, 679390.8 2409269, 679392.9 2409243, 679393.6 2409217))"
41,20260550,Forest,9620.300751879699,41.51503560607066,0.2980101804720037,0,Hani,NA,NA,0,1,0,7256,125.4380156151232,171.17494013908083,1043.528564453125,16.94023895263672,354.76133625521504,492285.38818359375,135877.07977294922,0.08693010616025265,1,113,229070.4620361328,0.4653204574715163,8.43303194269538,1.7130372229431987e-5,0,1,0.9958230121341384,-0.09130459191131478,9.171630806360227,3.726055665381232,-1.2106276304025323,"POLYGON ((704396.1 2410312, 704395.4 2410286, 704393.4 2410260, 704389.9 2410234, 704385.2 2410208, 704379.1 2410183, 704371.6 2410157, 704362.9 2410133, 704352.9 2410109, 704341.6 2410085, 704329.1 2410062, 704315.4 2410040, 704300.6 2410018, 704284.7 2409997, 704267.7 2409977, 704249.6 2409958, 704230.7 2409940, 704210.7 2409923, 704190 2409907, 704168.4 2409893, 704146.1 2409879, 704123.1 2409866, 704099.5 2409855, 704075.3 2409845, 704050.6 2409836, 704025.5 2409829, 704000 2409823, 703974.3 2409818, 703948.4 2409815, 703922.3 2409813, 703896.1 2409812, 703869.9 2409813, 703843.8 2409815, 703817.9 2409818, 703792.1 2409823, 703766.7 2409829, 703741.6 2409836, 703716.9 2409845, 703692.7 2409855, 703669.1 2409866, 703646.1 2409879, 703623.8 2409893, 703602.2 2409907, 703581.4 2409923, 703561.5 2409940, 703542.5 2409958, 703524.5 2409977, 703507.5 2409997, 703491.6 2410018, 703476.8 2410040, 703463.1 2410062, 703450.6 2410085, 703439.3 2410109, 703429.3 2410133, 703420.6 2410157, 703413.1 2410183, 703407 2410208, 703402.2 2410234, 703398.8 2410260, 703396.8 2410286, 703396.1 2410312, 703396.8 2410338, 703398.8 2410364, 703402.2 2410390, 703407 2410416, 703413.1 2410441, 703420.6 2410466, 703429.3 2410491, 703439.3 2410515, 703450.6 2410539, 703463.1 2410562, 703476.8 2410584, 703491.6 2410606, 703507.5 2410627, 703524.5 2410647, 703542.5 2410666, 703561.5 2410684, 703581.4 2410701, 703602.2 2410716, 703623.8 2410731, 703646.1 2410745, 703669.1 2410757, 703692.7 2410769, 703716.9 2410779, 703741.6 2410788, 703766.7 2410795, 703792.1 2410801, 703817.9 2410806, 703843.8 2410809, 703869.9 2410811, 703896.1 2410812, 703922.3 2410811, 703948.4 2410809, 703974.3 2410806, 704000 2410801, 704025.5 2410795, 704050.6 2410788, 704075.3 2410779, 704099.5 2410769, 704123.1 2410757, 704146.1 2410745, 704168.4 2410731, 704190 2410716, 704210.7 2410701, 704230.7 2410684, 704249.6 2410666, 704267.7 2410647, 704284.7 2410627, 704300.6 2410606, 704315.4 2410584, 704329.1 2410562, 704341.6 2410539, 704352.9 2410515, 704362.9 2410491, 704371.6 2410466, 704379.1 2410441, 704385.2 2410416, 704389.9 2410390, 704393.4 2410364, 704395.4 2410338, 704396.1 2410312))"
41,20260550,Forest,5040.869565217392,26.97585606017254,5.159214830970556,0,Hani,NA,NA,0,1,0,7493,345.8550726637879,577.4734190939246,1523.2783203125,10.55078411102295,47.170050900738936,713025.2197265625,72014.13803100586,0.24164677313757463,1,111,0,0,124786.24420166016,0.17500957995499,0,1,0.6798247396471984,0.7333746132527488,8.525333878964574,3.294942245957513,1.6407844033746832,"POLYGON ((628737.4 2414789, 628736.7 2414763, 628734.7 2414737, 628731.2 2414711, 628726.5 2414685, 628720.4 2414660, 628712.9 2414634, 628704.2 2414610, 628694.2 2414586, 628682.9 2414562, 628670.4 2414539, 628656.7 2414517, 628641.9 2414495, 628626 2414474, 628609 2414454, 628591 2414435, 628572 2414417, 628552.1 2414400, 628531.3 2414384, 628509.7 2414370, 628487.4 2414356, 628464.4 2414343, 628440.8 2414332, 628416.6 2414322, 628391.9 2414313, 628366.8 2414306, 628341.4 2414300, 628315.6 2414295, 628289.7 2414292, 628263.6 2414290, 628237.4 2414289, 628211.2 2414290, 628185.1 2414292, 628159.2 2414295, 628133.4 2414300, 628108 2414306, 628082.9 2414313, 628058.2 2414322, 628034 2414332, 628010.4 2414343, 627987.4 2414356, 627965.1 2414370, 627943.5 2414384, 627922.7 2414400, 627902.8 2414417, 627883.9 2414435, 627865.8 2414454, 627848.8 2414474, 627832.9 2414495, 627818.1 2414517, 627804.4 2414539, 627791.9 2414562, 627780.6 2414586, 627770.6 2414610, 627761.9 2414634, 627754.4 2414660, 627748.3 2414685, 627743.6 2414711, 627740.1 2414737, 627738.1 2414763, 627737.4 2414789, 627738.1 2414815, 627740.1 2414841, 627743.6 2414867, 627748.3 2414893, 627754.4 2414918, 627761.9 2414943, 627770.6 2414968, 627780.6 2414992, 627791.9 2415016, 627804.4 2415039, 627818.1 2415061, 627832.9 2415083, 627848.8 2415104, 627865.8 2415124, 627883.9 2415143, 627902.8 2415161, 627922.7 2415178, 627943.5 2415193, 627965.1 2415208, 627987.4 2415222, 628010.4 2415234, 628034 2415246, 628058.2 2415256, 628082.9 2415265, 628108 2415272, 628133.4 2415278, 628159.2 2415283, 628185.1 2415286, 628211.2 2415288, 628237.4 2415289, 628263.6 2415288, 628289.7 2415286, 628315.6 2415283, 628341.4 2415278, 628366.8 2415272, 628391.9 2415265, 628416.6 2415256, 628440.8 2415246, 628464.4 2415234, 628487.4 2415222, 628509.7 2415208, 628531.3 2415193, 628552.1 2415178, 628572 2415161, 628591 2415143, 628609 2415124, 628626 2415104, 628641.9 2415083, 628656.7 2415061, 628670.4 2415039, 628682.9 2415016, 628694.2 2414992, 628704.2 2414968, 628712.9 2414943, 628720.4 2414918, 628726.5 2414893, 628731.2 2414867, 628734.7 2414841, 628736.7 2414815, 628737.4 2414789))"
